dataset,target,method,scenario_id,core_name,modality_set,side,node,streams,parameters,weight_bytes,buffer_bytes,serialized_state_bytes,counted_flops,compute_median_ms,compute_p95_ms,encoding_or_decoding_ms,wire_bytes,transfer_ms,bandwidth_mbps,link_utilization
opportunity++,cpu,distrixsense,opportunity++__all__qwen3_8b,qwen3_8b,all,edge,ambient_sensors_gateway,ambient_sensors,14042,56168,0,61299,801792,0.24650099976497586,0.2664351001385512,0.014069999906496378,84,2.0672,10.0,4.48e-05
opportunity++,cpu,distrixsense,opportunity++__all__qwen3_8b,qwen3_8b,all,edge,body_sensors_gateway,body_sensors,51518,206072,0,211315,3186432,0.2715600003284635,0.28137900003457617,0.011999999969702912,84,2.0672,10.0,4.48e-05
opportunity++,cpu,distrixsense,opportunity++__all__qwen3_8b,qwen3_8b,all,edge,camera,"rgb,body25",99680,398720,0,408131,6161024,0.4890499999419262,0.49327099991387513,0.022420000277634244,168,2.1344,10.0,8.96e-05
opportunity++,cpu,distrixsense,opportunity++__all__qwen3_8b,qwen3_8b,all,edge,object_sensors_gateway,object_sensors,20068,80272,0,85363,1184512,0.26363100005255546,0.2706050999677245,0.011829999948531622,84,2.0672,10.0,4.48e-05
opportunity++,cpu,distrixsense,opportunity++__all__qwen3_8b,qwen3_8b,all,core,core,,32820,131280,0,143214,2561728,0.4469499999686377,0.5437908998374041,0.04158000001552864,,,,
opportunity++,cpu,distrixsense,opportunity++__all__qwen3_8b,qwen3_8b,all,core,core_language,,8207651840,16449136640,256,,1560095766400,2576.9354150002073,2580.6199105999895,2.152561999992031,,,,
opportunity++,cpu,dense,opportunity++__all__qwen3_8b,qwen3_8b,all,edge,ambient_sensors_gateway,ambient_sensors,10610,42440,0,45581,670208,0.1605400002517854,0.1803310000923375,0.008949999937613029,4324,5.4592,10.0,0.0023061333333333333
opportunity++,cpu,dense,opportunity++__all__qwen3_8b,qwen3_8b,all,edge,body_sensors_gateway,body_sensors,48086,192344,0,195597,3054848,0.17042999979821616,0.19031100032407267,0.009620000128052197,4324,5.4592,10.0,0.0023061333333333333
opportunity++,cpu,dense,opportunity++__all__qwen3_8b,qwen3_8b,all,edge,camera,"rgb,body25",92816,371264,0,376499,5897856,0.3438609996919695,0.3612300997701823,0.016700000287528383,8648,8.9184,10.0,0.004612266666666667
opportunity++,cpu,dense,opportunity++__all__qwen3_8b,qwen3_8b,all,edge,object_sensors_gateway,object_sensors,16636,66544,0,69645,1052928,0.16219000008277362,0.1839879999806726,0.008759999673202401,4324,5.4592,10.0,0.0023061333333333333
opportunity++,cpu,dense,opportunity++__all__qwen3_8b,qwen3_8b,all,core,core,,27700,110800,0,122417,15011008,0.4696500000136439,0.48441090025335143,0.030409999908442842,,,,
opportunity++,cpu,dense,opportunity++__all__qwen3_8b,qwen3_8b,all,core,core_language,,8207651840,16449136640,256,,3254848877440,2982.743629000197,2987.262766600088,5.791824999960227,,,,
opportunity++,cpu,dense_tokens,opportunity++__all__qwen3_8b,qwen3_8b,all,edge,ambient_sensors_gateway,ambient_sensors,12986,51944,0,56569,785408,0.24942000027294853,0.27189299999008654,0.011690000064845663,1100,2.88,10.0,0.0005866666666666667
opportunity++,cpu,dense_tokens,opportunity++__all__qwen3_8b,qwen3_8b,all,edge,body_sensors_gateway,body_sensors,50462,201848,0,206585,3170048,0.2733799997258757,0.2841440000793227,0.011900000117748277,1100,2.88,10.0,0.0005866666666666667
opportunity++,cpu,dense_tokens,opportunity++__all__qwen3_8b,qwen3_8b,all,edge,camera,"rgb,body25",97568,390272,0,398607,6128256,0.5060899998170498,0.5108338999889384,0.022809999791206792,2200,3.76,10.0,0.0011733333333333333
opportunity++,cpu,dense_tokens,opportunity++__all__qwen3_8b,qwen3_8b,all,edge,object_sensors_gateway,object_sensors,19012,76048,0,80633,1168128,0.25159000006169663,0.2653428999110474,0.011940000149479602,1100,2.88,10.0,0.0005866666666666667
opportunity++,cpu,dense_tokens,opportunity++__all__qwen3_8b,qwen3_8b,all,core,core,,27700,110800,0,122417,2561728,0.41290999979537446,0.4353928998170886,0.04112999977223808,,,,
opportunity++,cpu,dense_tokens,opportunity++__all__qwen3_8b,qwen3_8b,all,core,core_language,,8207651840,16449136640,256,,1560095766400,2576.9354150002073,2580.6199105999895,1.9612020000749908,,,,
opportunity++,cpu,raw,opportunity++__all__qwen3_8b,qwen3_8b,all,edge,ambient_sensors_gateway,ambient_sensors,0,0,0,0,0,0.0005699998837371822,0.0010379998457210604,0.010519999705138616,13976,13.1808,10.0,0.007453866666666666
opportunity++,cpu,raw,opportunity++__all__qwen3_8b,qwen3_8b,all,edge,body_sensors_gateway,body_sensors,0,0,0,0,0,0.000470000031782547,0.0006049998319213046,0.011860000086016953,53584,44.8672,10.0,0.028578133333333332
opportunity++,cpu,raw,opportunity++__all__qwen3_8b,qwen3_8b,all,edge,camera,"rgb,body25",0,0,0,0,0,0.0005700003384845331,0.0006690001100650989,0.019409999822528334,32956,28.3648,10.0,0.017576533333333335
opportunity++,cpu,raw,opportunity++__all__qwen3_8b,qwen3_8b,all,edge,object_sensors_gateway,object_sensors,0,0,0,0,0,0.0004900002750218846,0.0005619999228656525,0.010560000191617291,22396,19.9168,10.0,0.011944533333333333
opportunity++,cpu,raw,opportunity++__all__qwen3_8b,qwen3_8b,all,core,core,,195848,783392,0,807353,25686848,1.3248509999357339,1.3269398999455007,0.03440000000409782,,,,
opportunity++,cpu,raw,opportunity++__all__qwen3_8b,qwen3_8b,all,core,core_language,,8207651840,16449136640,256,,3254848877440,2982.743629000197,2987.262766600088,5.652015000123356,,,,
opportunity++,cpu,early_fusion,opportunity++__all__qwen3_8b,qwen3_8b,all,edge,ambient_sensors_gateway,ambient_sensors,0,0,0,0,0,0.0009799996405490674,0.0015380002878373489,0.01095000015993719,13976,13.1808,10.0,0.007453866666666666
opportunity++,cpu,early_fusion,opportunity++__all__qwen3_8b,qwen3_8b,all,edge,body_sensors_gateway,body_sensors,0,0,0,0,0,0.0006200002644618507,0.0007999999979801942,0.013179999768908601,53584,44.8672,10.0,0.028578133333333332
opportunity++,cpu,early_fusion,opportunity++__all__qwen3_8b,qwen3_8b,all,edge,camera,"rgb,body25",0,0,0,0,0,0.0005300003067532089,0.0006379999831551686,0.020259999928384786,32956,28.3648,10.0,0.017576533333333335
opportunity++,cpu,early_fusion,opportunity++__all__qwen3_8b,qwen3_8b,all,edge,object_sensors_gateway,object_sensors,0,0,0,0,0,0.00044999978854320943,0.0005670001883117948,0.010390000170446001,22396,19.9168,10.0,0.011944533333333333
opportunity++,cpu,early_fusion,opportunity++__all__qwen3_8b,qwen3_8b,all,core,core,,115208,460832,0,479279,7527232,0.9147710002253007,0.9463070002766472,0.034810000215657055,,,,
opportunity++,cpu,early_fusion,opportunity++__all__qwen3_8b,qwen3_8b,all,core,core_language,,8207651840,16449136640,256,,1447716205440,2550.343041999895,2570.9032000002026,1.8742020001809578,,,,
opportunity++,cpu,late_fusion,opportunity++__all__qwen3_8b,qwen3_8b,all,edge,ambient_sensors_gateway,ambient_sensors,10940,43760,0,47301,670848,0.1770499998201558,0.2011790000324254,0.008060000254772604,88,2.0704,10.0,4.6933333333333333e-05
opportunity++,cpu,late_fusion,opportunity++__all__qwen3_8b,qwen3_8b,all,edge,body_sensors_gateway,body_sensors,48416,193664,0,197317,3055488,0.18714999987423653,0.21086499996272323,0.007809999715391314,88,2.0704,10.0,4.6933333333333333e-05
opportunity++,cpu,late_fusion,opportunity++__all__qwen3_8b,qwen3_8b,all,edge,camera,"rgb,body25",93476,373904,0,380071,5899136,0.34148099985031877,0.3485541003556136,0.015029999758553458,176,2.1408,10.0,9.386666666666667e-05
opportunity++,cpu,late_fusion,opportunity++__all__qwen3_8b,qwen3_8b,all,edge,object_sensors_gateway,object_sensors,16966,67864,0,71365,1053568,0.17074000015782076,0.18421299969304528,0.007990000085555948,88,2.0704,10.0,4.6933333333333333e-05
opportunity++,cpu,late_fusion,opportunity++__all__qwen3_8b,qwen3_8b,all,core,core,,0,0,0,0,0,0.04952000017510727,0.05891599985261564,0.028729999939969275,,,,
opportunity++,cpu,late_fusion,opportunity++__all__qwen3_8b,qwen3_8b,all,core,core_language,,8190735360,16381470720,256,,1236633136128,2510.352025999964,2511.276236899903,0.1988899998650595,,,,
opportunity++,cpu,local_only,opportunity++__all__qwen3_8b,qwen3_8b,all,edge,ambient_sensors_gateway,ambient_sensors,10940,43760,0,47301,670848,0.17430999969292316,0.19607199997153657,0.007829999958630651,52,2.0416,10.0,2.7733333333333334e-05
opportunity++,cpu,local_only,opportunity++__all__qwen3_8b,qwen3_8b,all,edge,body_sensors_gateway,body_sensors,48416,193664,0,197317,3055488,0.18706999981077388,0.200542999755271,0.007990000085555948,52,2.0416,10.0,2.7733333333333334e-05
opportunity++,cpu,local_only,opportunity++__all__qwen3_8b,qwen3_8b,all,edge,camera,"rgb,body25",93476,373904,0,380071,5899136,0.3395809999346966,0.357679100079622,0.024510000002919696,104,2.0832,10.0,5.546666666666667e-05
opportunity++,cpu,local_only,opportunity++__all__qwen3_8b,qwen3_8b,all,edge,object_sensors_gateway,object_sensors,16966,67864,0,71365,1053568,0.17775099968275754,0.18697509995035944,0.00802000022304128,52,2.0416,10.0,2.7733333333333334e-05
opportunity++,cpu,local_only,opportunity++__all__qwen3_8b,qwen3_8b,all,core,core,,0,0,0,0,0,0.06910999991305289,0.07365500014202553,0.027999999929306796,,,,
opportunity++,cpu,local_only,opportunity++__all__qwen3_8b,qwen3_8b,all,core,core_language,,8190735360,16381470720,256,,1236633136128,2510.352025999964,2511.276236899903,0.17079999997804407,,,,
opportunity++,cpu,bottleneck,opportunity++__all__qwen3_8b,qwen3_8b,all,edge,ambient_sensors_gateway,ambient_sensors,10742,42968,0,46533,678400,0.17336000018985942,0.19370899985915457,0.008400000297115184,684,2.5472,10.0,0.0003648
opportunity++,cpu,bottleneck,opportunity++__all__qwen3_8b,qwen3_8b,all,edge,body_sensors_gateway,body_sensors,48218,192872,0,196549,3063040,0.18466099982106243,0.20192209981360065,0.00807999958851724,684,2.5472,10.0,0.0003648
opportunity++,cpu,bottleneck,opportunity++__all__qwen3_8b,qwen3_8b,all,edge,camera,"rgb,body25",93080,372320,0,378535,5914240,0.3372500000295986,0.3405359000680619,0.015770000118209282,1368,3.0944000000000003,10.0,0.0007296
opportunity++,cpu,bottleneck,opportunity++__all__qwen3_8b,qwen3_8b,all,edge,object_sensors_gateway,object_sensors,16768,67072,0,70597,1061120,0.17370999967170064,0.19342989985489112,0.00833000012789853,684,2.5472,10.0,0.0003648
opportunity++,cpu,bottleneck,opportunity++__all__qwen3_8b,qwen3_8b,all,core,core,,28500,114000,0,128595,15051968,0.4684800001086842,0.4892969997399632,0.028329999622656032,,,,
opportunity++,cpu,bottleneck,opportunity++__all__qwen3_8b,qwen3_8b,all,core,core_language,,8207651840,16449136640,256,,3254848877440,2982.743629000197,2987.262766600088,5.709425000077317,,,,
opportunity++,cpu,tokenlearner,opportunity++__all__qwen3_8b,qwen3_8b,all,edge,ambient_sensors_gateway,ambient_sensors,11930,47720,0,51775,769024,0.20988000005672802,0.2220480002961267,0.0085299998318078,1100,2.88,10.0,0.0005866666666666667
opportunity++,cpu,tokenlearner,opportunity++__all__qwen3_8b,qwen3_8b,all,edge,body_sensors_gateway,body_sensors,49406,197624,0,201791,3153664,0.2131599999302125,0.23158299991337117,0.008600000001024455,1100,2.88,10.0,0.0005866666666666667
opportunity++,cpu,tokenlearner,opportunity++__all__qwen3_8b,qwen3_8b,all,edge,camera,"rgb,body25",95456,381824,0,389147,6095488,0.3803409999818541,0.39285009988816455,0.0160499998855812,2200,3.76,10.0,0.0011733333333333333
opportunity++,cpu,tokenlearner,opportunity++__all__qwen3_8b,qwen3_8b,all,edge,object_sensors_gateway,object_sensors,17956,71824,0,75839,1151744,0.2030800001193711,0.21463689986376266,0.008700000307726441,1100,2.88,10.0,0.0005866666666666667
opportunity++,cpu,tokenlearner,opportunity++__all__qwen3_8b,qwen3_8b,all,core,core,,27700,110800,0,122417,2561728,0.3146999997625244,0.3461819999756699,0.02956000025733374,,,,
opportunity++,cpu,tokenlearner,opportunity++__all__qwen3_8b,qwen3_8b,all,core,core_language,,8207651840,16449136640,256,,1560095766400,2576.9354150002073,2580.6199105999895,2.065872000002855,,,,
opportunity++,cpu,posthoc_vq,opportunity++__all__qwen3_8b,qwen3_8b,all,edge,ambient_sensors_gateway,ambient_sensors,15730,62920,0,66313,735744,0.2517500001886219,0.28080199990654364,0.01298000006499933,204,2.1632,10.0,0.0001088
opportunity++,cpu,posthoc_vq,opportunity++__all__qwen3_8b,qwen3_8b,all,edge,body_sensors_gateway,body_sensors,53206,212824,0,216329,3120384,0.2725700001064979,0.27463999990686716,0.014319999991130317,204,2.1632,10.0,0.0001088
opportunity++,cpu,posthoc_vq,opportunity++__all__qwen3_8b,qwen3_8b,all,edge,camera,"rgb,body25",97936,391744,0,397232,6028928,0.4590300000018033,0.48555300027146586,0.02441000015096506,408,2.3264,10.0,0.0002176
opportunity++,cpu,posthoc_vq,opportunity++__all__qwen3_8b,qwen3_8b,all,edge,object_sensors_gateway,object_sensors,21756,87024,0,90377,1118464,0.25107100009336136,0.27002409979104414,0.012960000276507344,204,2.1632,10.0,0.0001088
opportunity++,cpu,posthoc_vq,opportunity++__all__qwen3_8b,qwen3_8b,all,core,core,,32820,131280,0,143214,15011008,0.5184010001357819,0.5498820999491727,0.04668000019592,,,,
opportunity++,cpu,posthoc_vq,opportunity++__all__qwen3_8b,qwen3_8b,all,core,core_language,,8207651840,16449136640,256,,3254848877440,2982.743629000197,2987.262766600088,5.688284999905591,,,,
opportunity++,cpu,joint_vq,opportunity++__all__qwen3_8b,qwen3_8b,all,edge,ambient_sensors_gateway,ambient_sensors,18106,72424,0,77302,801792,0.296521000109351,0.3071220997298951,0.013989999843033729,84,2.0672,10.0,4.48e-05
opportunity++,cpu,joint_vq,opportunity++__all__qwen3_8b,qwen3_8b,all,edge,body_sensors_gateway,body_sensors,55582,222328,0,227318,3186432,0.29939099977127626,0.3190191001067433,0.012489999789977446,84,2.0672,10.0,4.48e-05
opportunity++,cpu,joint_vq,opportunity++__all__qwen3_8b,qwen3_8b,all,edge,camera,"rgb,body25",102688,410752,0,419404,6161024,0.5348109998521977,0.5532330998448742,0.023410000267176656,168,2.1344,10.0,8.96e-05
opportunity++,cpu,joint_vq,opportunity++__all__qwen3_8b,qwen3_8b,all,edge,object_sensors_gateway,object_sensors,24132,96528,0,101366,1184512,0.28328000007604714,0.3010460000496096,0.012589999641932081,84,2.0672,10.0,4.48e-05
opportunity++,cpu,joint_vq,opportunity++__all__qwen3_8b,qwen3_8b,all,core,core,,32820,131280,0,143214,2561728,0.3878000002259796,0.4165009999724134,0.04341999965618015,,,,
opportunity++,cpu,joint_vq,opportunity++__all__qwen3_8b,qwen3_8b,all,core,core_language,,8207651840,16449136640,256,,1560095766400,2576.9354150002073,2580.6199105999895,2.067412000087643,,,,
opportunity++,cpu,deepconvlstm,opportunity++__all__qwen3_8b,qwen3_8b,all,edge,ambient_sensors_gateway,ambient_sensors,0,0,0,0,0,0.000470000031782547,0.0008030001936276676,0.01033000035022269,13976,13.1808,10.0,0.007453866666666666
opportunity++,cpu,deepconvlstm,opportunity++__all__qwen3_8b,qwen3_8b,all,edge,body_sensors_gateway,body_sensors,0,0,0,0,0,0.0004500002432905603,0.0005760001386079239,0.012489999789977446,53584,44.8672,10.0,0.028578133333333332
opportunity++,cpu,deepconvlstm,opportunity++__all__qwen3_8b,qwen3_8b,all,edge,camera,"rgb,body25",0,0,0,0,0,0.0005100000635138713,0.0006360003681038506,0.020420000055310084,32956,28.3648,10.0,0.017576533333333335
opportunity++,cpu,deepconvlstm,opportunity++__all__qwen3_8b,qwen3_8b,all,edge,object_sensors_gateway,object_sensors,0,0,0,0,0,0.00046000013753655367,0.0005410000994743314,0.01126000006479444,22396,19.9168,10.0,0.011944533333333333
opportunity++,cpu,deepconvlstm,opportunity++__all__qwen3_8b,qwen3_8b,all,core,core,,185182,740728,0,752177,11725056,0.8160309998856974,0.8952849999332102,0.03398000035303994,,,,
opportunity++,cpu,deepconvlstm,opportunity++__all__qwen3_8b,qwen3_8b,all,core,core_language,,8207651840,16449136640,256,,1447716205440,2550.343041999895,2570.9032000002026,2.861601999939012,,,,
opportunity++,cpu,unrestricted_bank,opportunity++__all__qwen3_8b,qwen3_8b,all,edge,ambient_sensors_gateway,ambient_sensors,18266,73064,0,78195,867328,0.2224599998044141,0.23440299996764224,0.012140000308136223,84,2.0672,10.0,4.48e-05
opportunity++,cpu,unrestricted_bank,opportunity++__all__qwen3_8b,qwen3_8b,all,edge,body_sensors_gateway,body_sensors,55742,222968,0,228211,3251968,0.2258300000903546,0.23812399981579802,0.0123300001177995,84,2.0672,10.0,4.48e-05
opportunity++,cpu,unrestricted_bank,opportunity++__all__qwen3_8b,qwen3_8b,all,edge,camera,"rgb,body25",108128,432512,0,441923,6292096,0.4084699999111763,0.4239049999796407,0.02274999997098348,168,2.1344,10.0,8.96e-05
opportunity++,cpu,unrestricted_bank,opportunity++__all__qwen3_8b,qwen3_8b,all,edge,object_sensors_gateway,object_sensors,24292,97168,0,102259,1250048,0.2135009999619797,0.22555110022040026,0.01221999991685152,84,2.0672,10.0,4.48e-05
opportunity++,cpu,unrestricted_bank,opportunity++__all__qwen3_8b,qwen3_8b,all,core,core,,32820,131280,0,143214,2561728,0.34490999996705796,0.3658448999885877,0.04295999997339095,,,,
opportunity++,cpu,unrestricted_bank,opportunity++__all__qwen3_8b,qwen3_8b,all,core,core_language,,8207651840,16449136640,256,,1560095766400,2576.9354150002073,2580.6199105999895,2.0405519999258104,,,,
opportunity++,cpu,separate_banks,opportunity++__all__qwen3_8b,qwen3_8b,all,edge,ambient_sensors_gateway,ambient_sensors,14042,56168,0,61299,801792,0.22425099996326026,0.23498710020248836,0.012680000054388074,84,2.0672,10.0,4.48e-05
opportunity++,cpu,separate_banks,opportunity++__all__qwen3_8b,qwen3_8b,all,edge,body_sensors_gateway,body_sensors,51518,206072,0,211315,3186432,0.22596000007979455,0.2393789997768181,0.012539999715954764,84,2.0672,10.0,4.48e-05
opportunity++,cpu,separate_banks,opportunity++__all__qwen3_8b,qwen3_8b,all,edge,camera,"rgb,body25",99680,398720,0,408131,6161024,0.4065999996782921,0.42669789995670726,0.022990000161371427,168,2.1344,10.0,8.96e-05
opportunity++,cpu,separate_banks,opportunity++__all__qwen3_8b,qwen3_8b,all,edge,object_sensors_gateway,object_sensors,20068,80272,0,85363,1184512,0.21849999984624446,0.2245119997041911,0.012280000191822182,84,2.0672,10.0,4.48e-05
opportunity++,cpu,separate_banks,opportunity++__all__qwen3_8b,qwen3_8b,all,core,core,,32820,131280,0,144354,2561728,0.4107899999326037,0.4408328998124489,0.0428010002906376,,,,
opportunity++,cpu,separate_banks,opportunity++__all__qwen3_8b,qwen3_8b,all,core,core_language,,8207651840,16449136640,256,,1560095766400,2576.9354150002073,2580.6199105999895,2.0236710001881875,,,,
opportunity++,cpu,fixed_resampling,opportunity++__all__qwen3_8b,qwen3_8b,all,edge,ambient_sensors_gateway,ambient_sensors,14042,56168,0,61299,707072,0.14161999979478423,0.16458800000691554,0.012659999811148737,84,2.0672,10.0,4.48e-05
opportunity++,cpu,fixed_resampling,opportunity++__all__qwen3_8b,qwen3_8b,all,edge,body_sensors_gateway,body_sensors,51518,206072,0,211315,1812992,0.14585999997507315,0.15913499996713654,0.01235999980053748,84,2.0672,10.0,4.48e-05
opportunity++,cpu,fixed_resampling,opportunity++__all__qwen3_8b,qwen3_8b,all,edge,camera,"rgb,body25",99680,398720,0,408131,3390464,0.2703599998312711,0.27305100002195104,0.02325000014025136,168,2.1344,10.0,8.96e-05
opportunity++,cpu,fixed_resampling,opportunity++__all__qwen3_8b,qwen3_8b,all,edge,object_sensors_gateway,object_sensors,20068,80272,0,85363,942592,0.14714999997522682,0.15158700011852488,0.012530000276456121,84,2.0672,10.0,4.48e-05
opportunity++,cpu,fixed_resampling,opportunity++__all__qwen3_8b,qwen3_8b,all,core,core,,32820,131280,0,143214,2561728,0.4105610000806337,0.4183900999578327,0.0438100000792474,,,,
opportunity++,cpu,fixed_resampling,opportunity++__all__qwen3_8b,qwen3_8b,all,core,core_language,,8207651840,16449136640,256,,1560095766400,2576.9354150002073,2580.6199105999895,2.029782000136038,,,,
opportunity++,cpu,finetune_encoders,opportunity++__all__qwen3_8b,qwen3_8b,all,edge,ambient_sensors_gateway,ambient_sensors,14042,56168,0,61299,801792,0.21247099994070595,0.2370221001910977,0.012660000265896088,84,2.0672,10.0,4.48e-05
opportunity++,cpu,finetune_encoders,opportunity++__all__qwen3_8b,qwen3_8b,all,edge,body_sensors_gateway,body_sensors,51518,206072,0,211315,3186432,0.23636000014448655,0.24066290006885538,0.012320000223553507,84,2.0672,10.0,4.48e-05
opportunity++,cpu,finetune_encoders,opportunity++__all__qwen3_8b,qwen3_8b,all,edge,camera,"rgb,body25",99680,398720,0,408131,6161024,0.40935000015451806,0.4244079001182399,0.023240000246005366,168,2.1344,10.0,8.96e-05
opportunity++,cpu,finetune_encoders,opportunity++__all__qwen3_8b,qwen3_8b,all,edge,object_sensors_gateway,object_sensors,20068,80272,0,85363,1184512,0.2136500002052344,0.23271199997907388,0.012530000276456121,84,2.0672,10.0,4.48e-05
opportunity++,cpu,finetune_encoders,opportunity++__all__qwen3_8b,qwen3_8b,all,core,core,,32820,131280,0,143214,2561728,0.39238099998328835,0.4175710996150883,0.04297999976188294,,,,
opportunity++,cpu,finetune_encoders,opportunity++__all__qwen3_8b,qwen3_8b,all,core,core_language,,8207651840,16449136640,256,,1560095766400,2576.9354150002073,2580.6199105999895,2.045581999936985,,,,
opportunity++,cpu,no_alignment,opportunity++__all__qwen3_8b,qwen3_8b,all,edge,ambient_sensors_gateway,ambient_sensors,14042,56168,0,61299,801792,0.21739000021625543,0.23214099974211422,0.012519999927462777,84,2.0672,10.0,4.48e-05
opportunity++,cpu,no_alignment,opportunity++__all__qwen3_8b,qwen3_8b,all,edge,body_sensors_gateway,body_sensors,51518,206072,0,211315,3186432,0.22359000013238983,0.2366409000387648,0.012560000413941452,84,2.0672,10.0,4.48e-05
opportunity++,cpu,no_alignment,opportunity++__all__qwen3_8b,qwen3_8b,all,edge,camera,"rgb,body25",99680,398720,0,408131,6161024,0.403089999963413,0.42011890036519617,0.023160000182542717,168,2.1344,10.0,8.96e-05
opportunity++,cpu,no_alignment,opportunity++__all__qwen3_8b,qwen3_8b,all,edge,object_sensors_gateway,object_sensors,20068,80272,0,85363,1184512,0.2118700003848062,0.22526199995809293,0.012580000202433439,84,2.0672,10.0,4.48e-05
opportunity++,cpu,no_alignment,opportunity++__all__qwen3_8b,qwen3_8b,all,core,core,,32820,131280,0,143214,2561728,0.3934010001103161,0.4144780998558417,0.04285000022719032,,,,
opportunity++,cpu,no_alignment,opportunity++__all__qwen3_8b,qwen3_8b,all,core,core_language,,8207651840,16449136640,256,,1560095766400,2576.9354150002073,2580.6199105999895,2.04795199988439,,,,
opportunity++,cpu,no_usage,opportunity++__all__qwen3_8b,qwen3_8b,all,edge,ambient_sensors_gateway,ambient_sensors,14042,56168,0,61299,801792,0.21669999978257692,0.2310289000888588,0.012490000244724797,84,2.0672,10.0,4.48e-05
opportunity++,cpu,no_usage,opportunity++__all__qwen3_8b,qwen3_8b,all,edge,body_sensors_gateway,body_sensors,51518,206072,0,211315,3186432,0.2245000000584696,0.23869299975558533,0.012649999916902743,84,2.0672,10.0,4.48e-05
opportunity++,cpu,no_usage,opportunity++__all__qwen3_8b,qwen3_8b,all,edge,camera,"rgb,body25",99680,398720,0,408131,6161024,0.4152709998379578,0.41912209962902125,0.02361999986533192,168,2.1344,10.0,8.96e-05
opportunity++,cpu,no_usage,opportunity++__all__qwen3_8b,qwen3_8b,all,edge,object_sensors_gateway,object_sensors,20068,80272,0,85363,1184512,0.20990000029996736,0.22389500004464935,0.012850000075559365,84,2.0672,10.0,4.48e-05
opportunity++,cpu,no_usage,opportunity++__all__qwen3_8b,qwen3_8b,all,core,core,,32820,131280,0,143214,2561728,0.39774000015313504,0.418593900212727,0.04270999988875701,,,,
opportunity++,cpu,no_usage,opportunity++__all__qwen3_8b,qwen3_8b,all,core,core_language,,8207651840,16449136640,256,,1560095766400,2576.9354150002073,2580.6199105999895,2.0658210000874533,,,,
opportunity++,cpu,tcn,opportunity++__all__qwen3_8b,qwen3_8b,all,edge,ambient_sensors_gateway,ambient_sensors,0,0,0,0,0,0.0005900001269765198,0.0008150002031470649,0.010759999895526562,13976,13.1808,10.0,0.007453866666666666
opportunity++,cpu,tcn,opportunity++__all__qwen3_8b,qwen3_8b,all,edge,body_sensors_gateway,body_sensors,0,0,0,0,0,0.00047999992602854036,0.0006329999450827017,0.012429999969754135,53584,44.8672,10.0,0.028578133333333332
opportunity++,cpu,tcn,opportunity++__all__qwen3_8b,qwen3_8b,all,edge,camera,"rgb,body25",0,0,0,0,0,0.0005400002009992022,0.0007470000582543435,0.019809999685094226,32956,28.3648,10.0,0.017576533333333335
opportunity++,cpu,tcn,opportunity++__all__qwen3_8b,qwen3_8b,all,edge,object_sensors_gateway,object_sensors,0,0,0,0,0,0.0004899998202745337,0.0005979999059491092,0.010879999990720535,22396,19.9168,10.0,0.011944533333333333
opportunity++,cpu,tcn,opportunity++__all__qwen3_8b,qwen3_8b,all,core,core,,100968,403872,0,416869,6341184,0.8165009999174799,0.8738031000575575,0.034219999633933185,,,,
opportunity++,cpu,tcn,opportunity++__all__qwen3_8b,qwen3_8b,all,core,core_language,,8207651840,16449136640,256,,1447716205440,2550.343041999895,2570.9032000002026,1.8212810000477475,,,,
opportunity++,cpu,ts_transformer,opportunity++__all__qwen3_8b,qwen3_8b,all,edge,ambient_sensors_gateway,ambient_sensors,0,0,0,0,0,0.0004900002750218846,0.0008230000275943894,0.01168000017059967,13976,13.1808,10.0,0.007453866666666666
opportunity++,cpu,ts_transformer,opportunity++__all__qwen3_8b,qwen3_8b,all,edge,body_sensors_gateway,body_sensors,0,0,0,0,0,0.0004899998202745337,0.0006160001248645131,0.012179999885120196,53584,44.8672,10.0,0.028578133333333332
opportunity++,cpu,ts_transformer,opportunity++__all__qwen3_8b,qwen3_8b,all,edge,camera,"rgb,body25",0,0,0,0,0,0.000529999852005858,0.000737000118533615,0.019459999748505652,32956,28.3648,10.0,0.017576533333333335
opportunity++,cpu,ts_transformer,opportunity++__all__qwen3_8b,qwen3_8b,all,edge,object_sensors_gateway,object_sensors,0,0,0,0,0,0.00046000013753655367,0.0005500000042957254,0.010270000075252028,22396,19.9168,10.0,0.011944533333333333
opportunity++,cpu,ts_transformer,opportunity++__all__qwen3_8b,qwen3_8b,all,core,core,,113832,455328,0,471937,7389760,0.8564210002077743,0.9028069999658328,0.03426000012041186,,,,
opportunity++,cpu,ts_transformer,opportunity++__all__qwen3_8b,qwen3_8b,all,core,core_language,,8207651840,16449136640,256,,1447716205440,2550.343041999895,2570.9032000002026,1.7854010002338327,,,,
opportunity++,cpu,patchtst,opportunity++__all__qwen3_8b,qwen3_8b,all,edge,ambient_sensors_gateway,ambient_sensors,0,0,0,0,0,0.000470000031782547,0.0007310001365112839,0.010739999652287224,13976,13.1808,10.0,0.007453866666666666
opportunity++,cpu,patchtst,opportunity++__all__qwen3_8b,qwen3_8b,all,edge,body_sensors_gateway,body_sensors,0,0,0,0,0,0.00048000038077589124,0.0005520000286196591,0.012490000244724797,53584,44.8672,10.0,0.028578133333333332
opportunity++,cpu,patchtst,opportunity++__all__qwen3_8b,qwen3_8b,all,edge,camera,"rgb,body25",0,0,0,0,0,0.0005799997779831756,0.0007059996733005391,0.019609999981184956,32956,28.3648,10.0,0.017576533333333335
opportunity++,cpu,patchtst,opportunity++__all__qwen3_8b,qwen3_8b,all,edge,object_sensors_gateway,object_sensors,0,0,0,0,0,0.00043000000005122274,0.0005379996764531825,0.010969999948429177,22396,19.9168,10.0,0.011944533333333333
opportunity++,cpu,patchtst,opportunity++__all__qwen3_8b,qwen3_8b,all,core,core,,97640,390560,0,407169,187823808,1.7977120000978175,1.8358621001880238,0.03406999985600123,,,,
opportunity++,cpu,patchtst,opportunity++__all__qwen3_8b,qwen3_8b,all,core,core_language,,8207651840,16449136640,256,,1097016682240,2485.3975559999526,2485.4838471000676,1.137283999923966,,,,
opportunity++,cpu,distrixsense,opportunity++__only_ambient_sensors__qwen3_8b,qwen3_8b,only_ambient_sensors,edge,ambient_sensors_gateway,ambient_sensors,14042,56168,0,61299,801792,0.2581210001153522,0.27938799989897234,0.017589999970368808,81,2.0648,10.0,4.32e-05
opportunity++,cpu,distrixsense,opportunity++__only_ambient_sensors__qwen3_8b,qwen3_8b,only_ambient_sensors,core,core,,28468,113872,0,125806,486848,0.2868010001293442,0.30518800008394464,0.013249999938125256,,,,
opportunity++,cpu,distrixsense,opportunity++__only_ambient_sensors__qwen3_8b,qwen3_8b,only_ambient_sensors,core,core_language,,8207651840,16449136640,256,,999223468928,2462.1520710002187,2464.5403722000083,1.1261839999860968,,,,
opportunity++,cpu,dense,opportunity++__only_ambient_sensors__qwen3_8b,qwen3_8b,only_ambient_sensors,edge,ambient_sensors_gateway,ambient_sensors,10610,42440,0,45581,670208,0.15554999981759465,0.17602590019123454,0.008930000149121042,4324,5.4592,10.0,0.0023061333333333333
opportunity++,cpu,dense,opportunity++__only_ambient_sensors__qwen3_8b,qwen3_8b,only_ambient_sensors,core,core,,27444,109776,0,121393,1993664,0.22114100011094706,0.23799799987500592,0.006480000138253672,,,,
opportunity++,cpu,dense,opportunity++__only_ambient_sensors__qwen3_8b,qwen3_8b,only_ambient_sensors,core,core_language,,8207651840,16449136640,256,,1335682674560,2532.1091860000706,2561.775207399978,1.8432659999234602,,,,
opportunity++,cpu,dense_tokens,opportunity++__only_ambient_sensors__qwen3_8b,qwen3_8b,only_ambient_sensors,edge,ambient_sensors_gateway,ambient_sensors,12986,51944,0,56569,785408,0.21115099980306695,0.24624200032121735,0.008150000212481245,1100,2.88,10.0,0.0005866666666666667
opportunity++,cpu,dense_tokens,opportunity++__only_ambient_sensors__qwen3_8b,qwen3_8b,only_ambient_sensors,core,core,,27444,109776,0,121393,486848,0.2091199999085802,0.22796690032009792,0.00641999986328301,,,,
opportunity++,cpu,dense_tokens,opportunity++__only_ambient_sensors__qwen3_8b,qwen3_8b,only_ambient_sensors,core,core_language,,8207651840,16449136640,256,,999223468928,2462.1520710002187,2464.5403722000083,1.9453859999885026,,,,
opportunity++,cpu,raw,opportunity++__only_ambient_sensors__qwen3_8b,qwen3_8b,only_ambient_sensors,edge,ambient_sensors_gateway,ambient_sensors,0,0,0,0,0,0.0006000000212225132,0.0009959999260900076,0.014729999747942202,13976,13.1808,10.0,0.007453866666666666
opportunity++,cpu,raw,opportunity++__only_ambient_sensors__qwen3_8b,qwen3_8b,only_ambient_sensors,core,core,,38054,152216,0,166425,2663872,0.5351710001377796,0.5555298997023783,0.009239999599230941,,,,
opportunity++,cpu,raw,opportunity++__only_ambient_sensors__qwen3_8b,qwen3_8b,only_ambient_sensors,core,core_language,,8207651840,16449136640,256,,1335682674560,2532.1091860000706,2561.775207399978,1.785235999705037,,,,
opportunity++,cpu,early_fusion,opportunity++__only_ambient_sensors__qwen3_8b,qwen3_8b,only_ambient_sensors,edge,ambient_sensors_gateway,ambient_sensors,0,0,0,0,0,0.0005100000635138713,0.0009149998732027598,0.010999999631167157,13976,13.1808,10.0,0.007453866666666666
opportunity++,cpu,early_fusion,opportunity++__only_ambient_sensors__qwen3_8b,qwen3_8b,only_ambient_sensors,core,core,,30246,120984,0,134559,2166208,0.7501820000470616,0.8270429000276636,0.007250000180647476,,,,
opportunity++,cpu,early_fusion,opportunity++__only_ambient_sensors__qwen3_8b,qwen3_8b,only_ambient_sensors,core,core_language,,8207651840,16449136640,256,,1335682674560,2532.1091860000706,2561.775207399978,1.9660670000121172,,,,
opportunity++,cpu,late_fusion,opportunity++__only_ambient_sensors__qwen3_8b,qwen3_8b,only_ambient_sensors,edge,ambient_sensors_gateway,ambient_sensors,10940,43760,0,47301,670848,0.1758799999151961,0.19401590006964398,0.007860000096115982,88,2.0704,10.0,4.6933333333333333e-05
opportunity++,cpu,late_fusion,opportunity++__only_ambient_sensors__qwen3_8b,qwen3_8b,only_ambient_sensors,core,core,,0,0,0,0,0,0.024219999886554433,0.02997100004904496,0.005820000296807848,,,,
opportunity++,cpu,late_fusion,opportunity++__only_ambient_sensors__qwen3_8b,qwen3_8b,only_ambient_sensors,core,core_language,,8190735360,16381470720,256,,1124741163008,2531.34547100035,2544.0155395998318,0.20025399999212823,,,,
opportunity++,cpu,local_only,opportunity++__only_ambient_sensors__qwen3_8b,qwen3_8b,only_ambient_sensors,edge,ambient_sensors_gateway,ambient_sensors,10940,43760,0,47301,670848,0.1712319999569445,0.18992680033989018,0.008120000074995914,52,2.0416,10.0,2.7733333333333334e-05
opportunity++,cpu,local_only,opportunity++__only_ambient_sensors__qwen3_8b,qwen3_8b,only_ambient_sensors,core,core,,0,0,0,0,0,0.028681999992841156,0.03650299995570094,0.005760000021837186,,,,
opportunity++,cpu,local_only,opportunity++__only_ambient_sensors__qwen3_8b,qwen3_8b,only_ambient_sensors,core,core_language,,8190735360,16381470720,256,,1124741163008,2531.34547100035,2544.0155395998318,0.1800730001377815,,,,
opportunity++,cpu,bottleneck,opportunity++__only_ambient_sensors__qwen3_8b,qwen3_8b,only_ambient_sensors,edge,ambient_sensors_gateway,ambient_sensors,10742,42968,0,46533,678400,0.19228300016038702,0.20508189986685466,0.00828099973659846,684,2.5472,10.0,0.0003648
opportunity++,cpu,bottleneck,opportunity++__only_ambient_sensors__qwen3_8b,qwen3_8b,only_ambient_sensors,core,core,,27604,110416,0,122667,2001856,0.25065799991352833,0.26735389974419377,0.006191000011313008,,,,
opportunity++,cpu,bottleneck,opportunity++__only_ambient_sensors__qwen3_8b,qwen3_8b,only_ambient_sensors,core,core_language,,8207651840,16449136640,256,,1335682674560,2532.1091860000706,2561.775207399978,1.699070000086067,,,,
opportunity++,cpu,tokenlearner,opportunity++__only_ambient_sensors__qwen3_8b,qwen3_8b,only_ambient_sensors,edge,ambient_sensors_gateway,ambient_sensors,11930,47720,0,51775,769024,0.19964400007665972,0.22111980010777188,0.00839099993754644,1100,2.88,10.0,0.0005866666666666667
opportunity++,cpu,tokenlearner,opportunity++__only_ambient_sensors__qwen3_8b,qwen3_8b,only_ambient_sensors,core,core,,27444,109776,0,121393,486848,0.19715400003406103,0.2203569002176664,0.006320000011328375,,,,
opportunity++,cpu,tokenlearner,opportunity++__only_ambient_sensors__qwen3_8b,qwen3_8b,only_ambient_sensors,core,core_language,,8207651840,16449136640,256,,999223468928,2462.1520710002187,2464.5403722000083,1.0116710000147577,,,,
opportunity++,cpu,posthoc_vq,opportunity++__only_ambient_sensors__qwen3_8b,qwen3_8b,only_ambient_sensors,edge,ambient_sensors_gateway,ambient_sensors,11634,46536,0,49929,735744,0.25390800010427483,0.2803068000503117,0.01360099986413843,192,2.1536,10.0,0.0001024
opportunity++,cpu,posthoc_vq,opportunity++__only_ambient_sensors__qwen3_8b,qwen3_8b,only_ambient_sensors,core,core,,28468,113872,0,125806,1993664,0.2512179999030195,0.2682378999907087,0.011269999959040433,,,,
opportunity++,cpu,posthoc_vq,opportunity++__only_ambient_sensors__qwen3_8b,qwen3_8b,only_ambient_sensors,core,core_language,,8207651840,16449136640,256,,1335682674560,2532.1091860000706,2561.775207399978,1.793516999896383,,,,
opportunity++,cpu,joint_vq,opportunity++__only_ambient_sensors__qwen3_8b,qwen3_8b,only_ambient_sensors,edge,ambient_sensors_gateway,ambient_sensors,14010,56040,0,60918,801792,0.28660999987550895,0.3034238000964251,0.012371000138955424,81,2.0648,10.0,4.32e-05
opportunity++,cpu,joint_vq,opportunity++__only_ambient_sensors__qwen3_8b,qwen3_8b,only_ambient_sensors,core,core,,28468,113872,0,125806,486848,0.2370370002608979,0.25208589991052577,0.009881000096356729,,,,
opportunity++,cpu,joint_vq,opportunity++__only_ambient_sensors__qwen3_8b,qwen3_8b,only_ambient_sensors,core,core_language,,8207651840,16449136640,256,,999223468928,2462.1520710002187,2464.5403722000083,1.201004999984434,,,,
opportunity++,cpu,deepconvlstm,opportunity++__only_ambient_sensors__qwen3_8b,qwen3_8b,only_ambient_sensors,edge,ambient_sensors_gateway,ambient_sensors,0,0,0,0,0,0.000660000296193175,0.0008489999345329124,0.013610999758384423,13976,13.1808,10.0,0.007453866666666666
opportunity++,cpu,deepconvlstm,opportunity++__only_ambient_sensors__qwen3_8b,qwen3_8b,only_ambient_sensors,core,core,,40188,160752,0,167521,2505856,0.46668300001329044,0.5025147000651486,0.006930999916221481,,,,
opportunity++,cpu,deepconvlstm,opportunity++__only_ambient_sensors__qwen3_8b,qwen3_8b,only_ambient_sensors,core,core_language,,8207651840,16449136640,256,,1335682674560,2532.1091860000706,2561.775207399978,1.9715489997906843,,,,
opportunity++,cpu,unrestricted_bank,opportunity++__only_ambient_sensors__qwen3_8b,qwen3_8b,only_ambient_sensors,edge,ambient_sensors_gateway,ambient_sensors,14042,56168,0,61299,801792,0.2175849999730417,0.2411667998330813,0.01278100035051466,81,2.0648,10.0,4.32e-05
opportunity++,cpu,unrestricted_bank,opportunity++__only_ambient_sensors__qwen3_8b,qwen3_8b,only_ambient_sensors,core,core,,28468,113872,0,125806,486848,0.20491500026764697,0.22874789992783917,0.00949100012803683,,,,
opportunity++,cpu,unrestricted_bank,opportunity++__only_ambient_sensors__qwen3_8b,qwen3_8b,only_ambient_sensors,core,core_language,,8207651840,16449136640,256,,999223468928,2462.1520710002187,2464.5403722000083,0.9460669998588855,,,,
opportunity++,cpu,separate_banks,opportunity++__only_ambient_sensors__qwen3_8b,qwen3_8b,only_ambient_sensors,edge,ambient_sensors_gateway,ambient_sensors,14042,56168,0,61299,801792,0.2189659999203286,0.24118790024658665,0.012831000276491977,81,2.0648,10.0,4.32e-05
opportunity++,cpu,separate_banks,opportunity++__only_ambient_sensors__qwen3_8b,qwen3_8b,only_ambient_sensors,core,core,,28468,113872,0,125806,486848,0.24662700025146478,0.262342800215265,0.009840000075200805,,,,
opportunity++,cpu,separate_banks,opportunity++__only_ambient_sensors__qwen3_8b,qwen3_8b,only_ambient_sensors,core,core_language,,8207651840,16449136640,256,,999223468928,2462.1520710002187,2464.5403722000083,0.9800289999475353,,,,
opportunity++,cpu,fixed_resampling,opportunity++__only_ambient_sensors__qwen3_8b,qwen3_8b,only_ambient_sensors,edge,ambient_sensors_gateway,ambient_sensors,14042,56168,0,61299,707072,0.14250000003812602,0.1597989000401867,0.013661000139109092,81,2.0648,10.0,4.32e-05
opportunity++,cpu,fixed_resampling,opportunity++__only_ambient_sensors__qwen3_8b,qwen3_8b,only_ambient_sensors,core,core,,28468,113872,0,125806,486848,0.23387700002786005,0.26049089974549133,0.00994099991658004,,,,
opportunity++,cpu,fixed_resampling,opportunity++__only_ambient_sensors__qwen3_8b,qwen3_8b,only_ambient_sensors,core,core_language,,8207651840,16449136640,256,,999223468928,2462.1520710002187,2464.5403722000083,0.9802289996514446,,,,
opportunity++,cpu,finetune_encoders,opportunity++__only_ambient_sensors__qwen3_8b,qwen3_8b,only_ambient_sensors,edge,ambient_sensors_gateway,ambient_sensors,14042,56168,0,61299,801792,0.216176000321866,0.23636390005776775,0.01264100001208135,81,2.0648,10.0,4.32e-05
opportunity++,cpu,finetune_encoders,opportunity++__only_ambient_sensors__qwen3_8b,qwen3_8b,only_ambient_sensors,core,core,,28468,113872,0,125806,486848,0.23252600021805847,0.2598967997073487,0.009900999884848716,,,,
opportunity++,cpu,finetune_encoders,opportunity++__only_ambient_sensors__qwen3_8b,qwen3_8b,only_ambient_sensors,core,core_language,,8207651840,16449136640,256,,999223468928,2462.1520710002187,2464.5403722000083,0.9543679998387233,,,,
opportunity++,cpu,no_alignment,opportunity++__only_ambient_sensors__qwen3_8b,qwen3_8b,only_ambient_sensors,edge,ambient_sensors_gateway,ambient_sensors,14042,56168,0,61299,801792,0.23041599979478633,0.23391700001411664,0.013231000139057869,81,2.0648,10.0,4.32e-05
opportunity++,cpu,no_alignment,opportunity++__only_ambient_sensors__qwen3_8b,qwen3_8b,only_ambient_sensors,core,core,,28468,113872,0,125806,486848,0.23386700013361406,0.25262389985982736,0.009610999768483452,,,,
opportunity++,cpu,no_alignment,opportunity++__only_ambient_sensors__qwen3_8b,qwen3_8b,only_ambient_sensors,core,core_language,,8207651840,16449136640,256,,999223468928,2462.1520710002187,2464.5403722000083,0.9452869999222457,,,,
opportunity++,cpu,no_usage,opportunity++__only_ambient_sensors__qwen3_8b,qwen3_8b,only_ambient_sensors,edge,ambient_sensors_gateway,ambient_sensors,14042,56168,0,61299,801792,0.2484470001036243,0.26689880019148404,0.012711000181298004,81,2.0648,10.0,4.32e-05
opportunity++,cpu,no_usage,opportunity++__only_ambient_sensors__qwen3_8b,qwen3_8b,only_ambient_sensors,core,core,,28468,113872,0,125806,486848,0.26327799969294574,0.27762580020862515,0.009850999958871398,,,,
opportunity++,cpu,no_usage,opportunity++__only_ambient_sensors__qwen3_8b,qwen3_8b,only_ambient_sensors,core,core_language,,8207651840,16449136640,256,,999223468928,2462.1520710002187,2464.5403722000083,0.9705679999569838,,,,
opportunity++,cpu,tcn,opportunity++__only_ambient_sensors__qwen3_8b,qwen3_8b,only_ambient_sensors,edge,ambient_sensors_gateway,ambient_sensors,0,0,0,0,0,0.0005100000635138713,0.0007709997589699924,0.010540999937802553,13976,13.1808,10.0,0.007453866666666666
opportunity++,cpu,tcn,opportunity++__only_ambient_sensors__qwen3_8b,qwen3_8b,only_ambient_sensors,core,core,,16134,64536,0,72789,980160,0.4012980002698896,0.42226979990118707,0.006880000000819564,,,,
opportunity++,cpu,tcn,opportunity++__only_ambient_sensors__qwen3_8b,qwen3_8b,only_ambient_sensors,core,core_language,,8207651840,16449136640,256,,1335682674560,2532.1091860000706,2561.775207399978,1.8115779998879589,,,,
opportunity++,cpu,ts_transformer,opportunity++__only_ambient_sensors__qwen3_8b,qwen3_8b,only_ambient_sensors,edge,ambient_sensors_gateway,ambient_sensors,0,0,0,0,0,0.0006000000212225132,0.0008340000022144523,0.011131000064779073,13976,13.1808,10.0,0.007453866666666666
opportunity++,cpu,ts_transformer,opportunity++__only_ambient_sensors__qwen3_8b,qwen3_8b,only_ambient_sensors,core,core,,28998,115992,0,127729,2028736,0.4280200000721379,0.46023369991416985,0.006759999905625591,,,,
opportunity++,cpu,ts_transformer,opportunity++__only_ambient_sensors__qwen3_8b,qwen3_8b,only_ambient_sensors,core,core_language,,8207651840,16449136640,256,,1335682674560,2532.1091860000706,2561.775207399978,1.8573809998088109,,,,
opportunity++,cpu,patchtst,opportunity++__only_ambient_sensors__qwen3_8b,qwen3_8b,only_ambient_sensors,edge,ambient_sensors_gateway,ambient_sensors,0,0,0,0,0,0.0005100000635138713,0.0007440000445058104,0.010651000138750533,13976,13.1808,10.0,0.007453866666666666
opportunity++,cpu,patchtst,opportunity++__only_ambient_sensors__qwen3_8b,qwen3_8b,only_ambient_sensors,core,core,,28038,112152,0,123889,13427008,0.625024000328267,0.6468867999501526,0.0070900000537221786,,,,
opportunity++,cpu,patchtst,opportunity++__only_ambient_sensors__qwen3_8b,qwen3_8b,only_ambient_sensors,core,core_language,,8207651840,16449136640,256,,985219080960,2466.0282720001305,2468.811674100243,1.1032319998776074,,,,
opportunity++,cpu,distrixsense,opportunity++__only_body25__qwen3_8b,qwen3_8b,only_body25,edge,camera,body25,24568,98272,0,103411,1470592,0.21663000006810762,0.2392199997757416,0.01244000031874748,81,2.0648,10.0,4.32e-05
opportunity++,cpu,distrixsense,opportunity++__only_body25__qwen3_8b,qwen3_8b,only_body25,core,core,,28468,113872,0,125806,486848,0.23062999980538734,0.25998799997069,0.009830000180954812,,,,
opportunity++,cpu,distrixsense,opportunity++__only_body25__qwen3_8b,qwen3_8b,only_body25,core,core_language,,8207651840,16449136640,256,,999223468928,2462.1520710002187,2464.5403722000083,1.0641810004017316,,,,
opportunity++,cpu,dense,opportunity++__only_body25__qwen3_8b,qwen3_8b,only_body25,edge,camera,body25,21136,84544,0,87693,1339008,0.1543900002616283,0.17281299983551435,0.008749999778956408,4324,5.4592,10.0,0.0023061333333333333
opportunity++,cpu,dense,opportunity++__only_body25__qwen3_8b,qwen3_8b,only_body25,core,core,,27444,109776,0,121393,1993664,0.20882999979221495,0.23072699987096712,0.006450000000768341,,,,
opportunity++,cpu,dense,opportunity++__only_body25__qwen3_8b,qwen3_8b,only_body25,core,core_language,,8207651840,16449136640,256,,1335682674560,2532.1091860000706,2561.775207399978,1.9027929997719184,,,,
opportunity++,cpu,dense_tokens,opportunity++__only_body25__qwen3_8b,qwen3_8b,only_body25,edge,camera,body25,23512,94048,0,98681,1454208,0.2270499999212916,0.2599369000108709,0.008450000223092502,1100,2.88,10.0,0.0005866666666666667
opportunity++,cpu,dense_tokens,opportunity++__only_body25__qwen3_8b,qwen3_8b,only_body25,core,core,,27444,109776,0,121393,486848,0.2291499999955704,0.24223599994002143,0.006440000106522348,,,,
opportunity++,cpu,dense_tokens,opportunity++__only_body25__qwen3_8b,qwen3_8b,only_body25,core,core_language,,8207651840,16449136640,256,,999223468928,2462.1520710002187,2464.5403722000083,1.023850999899878,,,,
opportunity++,cpu,raw,opportunity++__only_body25__qwen3_8b,qwen3_8b,only_body25,edge,camera,body25,0,0,0,0,0,0.0004699995770351961,0.0007760000244161347,0.009209999916492961,9332,9.4656,10.0,0.004977066666666667
opportunity++,cpu,raw,opportunity++__only_body25__qwen3_8b,qwen3_8b,only_body25,core,core,,48580,194320,0,208473,3332672,0.45124100006432855,0.47181500021906686,0.006799999937356915,,,,
opportunity++,cpu,raw,opportunity++__only_body25__qwen3_8b,qwen3_8b,only_body25,core,core_language,,8207651840,16449136640,256,,1335682674560,2532.1091860000706,2561.775207399978,1.7938920000233338,,,,
opportunity++,cpu,early_fusion,opportunity++__only_body25__qwen3_8b,qwen3_8b,only_body25,edge,camera,body25,0,0,0,0,0,0.00047999992602854036,0.0007770000593154691,0.009439999757887563,9332,9.4656,10.0,0.004977066666666667
opportunity++,cpu,early_fusion,opportunity++__only_body25__qwen3_8b,qwen3_8b,only_body25,core,core,,35908,143632,0,157151,2523712,0.43215100004090345,0.487734099942827,0.006750000011379598,,,,
opportunity++,cpu,early_fusion,opportunity++__only_body25__qwen3_8b,qwen3_8b,only_body25,core,core_language,,8207651840,16449136640,256,,1335682674560,2532.1091860000706,2561.775207399978,1.7987830001402472,,,,
opportunity++,cpu,late_fusion,opportunity++__only_body25__qwen3_8b,qwen3_8b,only_body25,edge,camera,body25,21466,85864,0,89413,1339648,0.17187999992529512,0.19887190014742373,0.007900000127847306,88,2.0704,10.0,4.6933333333333333e-05
opportunity++,cpu,late_fusion,opportunity++__only_body25__qwen3_8b,qwen3_8b,only_body25,core,core,,0,0,0,0,0,0.024469999971188372,0.030760999743506545,0.0059599997257464565,,,,
opportunity++,cpu,late_fusion,opportunity++__only_body25__qwen3_8b,qwen3_8b,only_body25,core,core_language,,8190735360,16381470720,256,,1124741163008,2531.34547100035,2544.0155395998318,0.1692810001259204,,,,
opportunity++,cpu,local_only,opportunity++__only_body25__qwen3_8b,qwen3_8b,only_body25,edge,camera,body25,21466,85864,0,89413,1339648,0.16898000012588454,0.18681799974729074,0.007820000064384658,52,2.0416,10.0,2.7733333333333334e-05
opportunity++,cpu,local_only,opportunity++__only_body25__qwen3_8b,qwen3_8b,only_body25,core,core,,0,0,0,0,0,0.02770000037344289,0.035539000145945465,0.006020000000717118,,,,
opportunity++,cpu,local_only,opportunity++__only_body25__qwen3_8b,qwen3_8b,only_body25,core,core_language,,8190735360,16381470720,256,,1124741163008,2531.34547100035,2544.0155395998318,0.17053000010491814,,,,
opportunity++,cpu,bottleneck,opportunity++__only_body25__qwen3_8b,qwen3_8b,only_body25,edge,camera,body25,21268,85072,0,88645,1347200,0.17080099996746867,0.18680210018828802,0.008259999958681874,684,2.5472,10.0,0.0003648
opportunity++,cpu,bottleneck,opportunity++__only_body25__qwen3_8b,qwen3_8b,only_body25,core,core,,27604,110416,0,122603,2001856,0.2119200003107835,0.23396190008497797,0.006190000021888409,,,,
opportunity++,cpu,bottleneck,opportunity++__only_body25__qwen3_8b,qwen3_8b,only_body25,core,core_language,,8207651840,16449136640,256,,1335682674560,2532.1091860000706,2561.775207399978,1.803411999844684,,,,
opportunity++,cpu,tokenlearner,opportunity++__only_body25__qwen3_8b,qwen3_8b,only_body25,edge,camera,body25,22456,89824,0,93887,1437824,0.20426000037332415,0.2230069997949613,0.00838999994812184,1100,2.88,10.0,0.0005866666666666667
opportunity++,cpu,tokenlearner,opportunity++__only_body25__qwen3_8b,qwen3_8b,only_body25,core,core,,27444,109776,0,121393,486848,0.20225999969625263,0.22806390020377876,0.006320000011328375,,,,
opportunity++,cpu,tokenlearner,opportunity++__only_body25__qwen3_8b,qwen3_8b,only_body25,core,core_language,,8207651840,16449136640,256,,999223468928,2462.1520710002187,2464.5403722000083,1.0318019999431272,,,,
opportunity++,cpu,posthoc_vq,opportunity++__only_body25__qwen3_8b,qwen3_8b,only_body25,edge,camera,body25,22160,88640,0,92041,1404544,0.2538999997341307,0.27540099990801536,0.013589999980467837,192,2.1536,10.0,0.0001024
opportunity++,cpu,posthoc_vq,opportunity++__only_body25__qwen3_8b,qwen3_8b,only_body25,core,core,,28468,113872,0,125806,1993664,0.2422510001451883,0.2732100997491216,0.011059999906137818,,,,
opportunity++,cpu,posthoc_vq,opportunity++__only_body25__qwen3_8b,qwen3_8b,only_body25,core,core_language,,8207651840,16449136640,256,,1335682674560,2532.1091860000706,2561.775207399978,1.8012329996963672,,,,
opportunity++,cpu,joint_vq,opportunity++__only_body25__qwen3_8b,qwen3_8b,only_body25,edge,camera,body25,24536,98144,0,103030,1470592,0.29943100025775493,0.30585610024900234,0.0120199997581949,81,2.0648,10.0,4.32e-05
opportunity++,cpu,joint_vq,opportunity++__only_body25__qwen3_8b,qwen3_8b,only_body25,core,core,,28468,113872,0,125806,486848,0.23182099994301097,0.2579741000317881,0.009829999726207461,,,,
opportunity++,cpu,joint_vq,opportunity++__only_body25__qwen3_8b,qwen3_8b,only_body25,core,core_language,,8207651840,16449136640,256,,999223468928,2462.1520710002187,2464.5403722000083,0.9859219999270863,,,,
opportunity++,cpu,deepconvlstm,opportunity++__only_body25__qwen3_8b,qwen3_8b,only_body25,edge,camera,body25,0,0,0,0,0,0.0005100000635138713,0.0007800000730640022,0.009220000265486306,9332,9.4656,10.0,0.004977066666666667
opportunity++,cpu,deepconvlstm,opportunity++__only_body25__qwen3_8b,qwen3_8b,only_body25,core,core,,50714,202856,0,209569,3174656,0.3368500001670327,0.3883579001922044,0.0069000002440589014,,,,
opportunity++,cpu,deepconvlstm,opportunity++__only_body25__qwen3_8b,qwen3_8b,only_body25,core,core_language,,8207651840,16449136640,256,,1335682674560,2532.1091860000706,2561.775207399978,1.761543000156962,,,,
opportunity++,cpu,unrestricted_bank,opportunity++__only_body25__qwen3_8b,qwen3_8b,only_body25,edge,camera,body25,24568,98272,0,103411,1470592,0.22789100012232666,0.23591809995195945,0.012599999990925426,81,2.0648,10.0,4.32e-05
opportunity++,cpu,unrestricted_bank,opportunity++__only_body25__qwen3_8b,qwen3_8b,only_body25,core,core,,28468,113872,0,125806,486848,0.20288999985496048,0.22866600024826766,0.009989999853132758,,,,
opportunity++,cpu,unrestricted_bank,opportunity++__only_body25__qwen3_8b,qwen3_8b,only_body25,core,core_language,,8207651840,16449136640,256,,999223468928,2462.1520710002187,2464.5403722000083,0.9914620000017749,,,,
opportunity++,cpu,separate_banks,opportunity++__only_body25__qwen3_8b,qwen3_8b,only_body25,edge,camera,body25,24568,98272,0,103411,1470592,0.21345000004657777,0.23458290002054127,0.012520000382210128,81,2.0648,10.0,4.32e-05
opportunity++,cpu,separate_banks,opportunity++__only_body25__qwen3_8b,qwen3_8b,only_body25,core,core,,28468,113872,0,125806,486848,0.2356800000598014,0.26145600004383596,0.009760000011738157,,,,
opportunity++,cpu,separate_banks,opportunity++__only_body25__qwen3_8b,qwen3_8b,only_body25,core,core_language,,8207651840,16449136640,256,,999223468928,2462.1520710002187,2464.5403722000083,0.9810319997995975,,,,
opportunity++,cpu,fixed_resampling,opportunity++__only_body25__qwen3_8b,qwen3_8b,only_body25,edge,camera,body25,24568,98272,0,103411,1096192,0.1454009998269612,0.16567710026720306,0.012580000202433439,81,2.0648,10.0,4.32e-05
opportunity++,cpu,fixed_resampling,opportunity++__only_body25__qwen3_8b,qwen3_8b,only_body25,core,core,,28468,113872,0,125806,486848,0.22663099980491097,0.2520731000458909,0.00993999992715544,,,,
opportunity++,cpu,fixed_resampling,opportunity++__only_body25__qwen3_8b,qwen3_8b,only_body25,core,core_language,,8207651840,16449136640,256,,999223468928,2462.1520710002187,2464.5403722000083,1.016211000205658,,,,
opportunity++,cpu,finetune_encoders,opportunity++__only_body25__qwen3_8b,qwen3_8b,only_body25,edge,camera,body25,24568,98272,0,103411,1470592,0.21783100009997725,0.24321009977938957,0.012089999927411554,81,2.0648,10.0,4.32e-05
opportunity++,cpu,finetune_encoders,opportunity++__only_body25__qwen3_8b,qwen3_8b,only_body25,core,core,,28468,113872,0,125806,486848,0.23755999973218422,0.2507549001620646,0.010340000244468683,,,,
opportunity++,cpu,finetune_encoders,opportunity++__only_body25__qwen3_8b,qwen3_8b,only_body25,core,core_language,,8207651840,16449136640,256,,999223468928,2462.1520710002187,2464.5403722000083,0.9988410001824377,,,,
opportunity++,cpu,no_alignment,opportunity++__only_body25__qwen3_8b,qwen3_8b,only_body25,edge,camera,body25,24568,98272,0,103411,1470592,0.22153100007926696,0.2456770997014246,0.012369999694783473,81,2.0648,10.0,4.32e-05
opportunity++,cpu,no_alignment,opportunity++__only_body25__qwen3_8b,qwen3_8b,only_body25,core,core,,28468,113872,0,125806,486848,0.23569999984829337,0.25172000027851027,0.009809999937715475,,,,
opportunity++,cpu,no_alignment,opportunity++__only_body25__qwen3_8b,qwen3_8b,only_body25,core,core_language,,8207651840,16449136640,256,,999223468928,2462.1520710002187,2464.5403722000083,0.9983109998756845,,,,
opportunity++,cpu,no_usage,opportunity++__only_body25__qwen3_8b,qwen3_8b,only_body25,edge,camera,body25,24568,98272,0,103411,1470592,0.22502999991047545,0.23253690033016028,0.012410000181262149,81,2.0648,10.0,4.32e-05
opportunity++,cpu,no_usage,opportunity++__only_body25__qwen3_8b,qwen3_8b,only_body25,core,core,,28468,113872,0,125806,486848,0.22611000031247386,0.2508059998490353,0.009560000307828886,,,,
opportunity++,cpu,no_usage,opportunity++__only_body25__qwen3_8b,qwen3_8b,only_body25,core,core_language,,8207651840,16449136640,256,,999223468928,2462.1520710002187,2464.5403722000083,1.0100510003212548,,,,
opportunity++,cpu,tcn,opportunity++__only_body25__qwen3_8b,qwen3_8b,only_body25,edge,camera,body25,0,0,0,0,0,0.0004900002750218846,0.0008500001513311872,0.009190000128000975,9332,9.4656,10.0,0.004977066666666667
opportunity++,cpu,tcn,opportunity++__only_body25__qwen3_8b,qwen3_8b,only_body25,core,core,,21796,87184,0,95381,1337664,0.34080000023095636,0.3918129001704074,0.0066200000219396316,,,,
opportunity++,cpu,tcn,opportunity++__only_body25__qwen3_8b,qwen3_8b,only_body25,core,core_language,,8207651840,16449136640,256,,1335682674560,2532.1091860000706,2561.775207399978,1.7737729999680596,,,,
opportunity++,cpu,ts_transformer,opportunity++__only_body25__qwen3_8b,qwen3_8b,only_body25,edge,camera,body25,0,0,0,0,0,0.000529999852005858,0.0007010000899754232,0.009130000307777664,9332,9.4656,10.0,0.004977066666666667
opportunity++,cpu,ts_transformer,opportunity++__only_body25__qwen3_8b,qwen3_8b,only_body25,core,core,,34660,138640,0,150321,2386240,0.38077099998190533,0.41168599964294117,0.006509999820991652,,,,
opportunity++,cpu,ts_transformer,opportunity++__only_body25__qwen3_8b,qwen3_8b,only_body25,core,core_language,,8207651840,16449136640,256,,1335682674560,2532.1091860000706,2561.775207399978,1.746703000208072,,,,
opportunity++,cpu,patchtst,opportunity++__only_body25__qwen3_8b,qwen3_8b,only_body25,edge,camera,body25,0,0,0,0,0,0.000470000031782547,0.0007400000413326779,0.009480000244366238,9332,9.4656,10.0,0.004977066666666667
opportunity++,cpu,patchtst,opportunity++__only_body25__qwen3_8b,qwen3_8b,only_body25,core,core,,32484,129936,0,141617,27393984,0.6146610003270325,0.634587000376996,0.00670000008540228,,,,
opportunity++,cpu,patchtst,opportunity++__only_body25__qwen3_8b,qwen3_8b,only_body25,core,core_language,,8207651840,16449136640,256,,985219080960,2466.0282720001305,2468.811674100243,1.0272409999743104,,,,
opportunity++,cpu,distrixsense,opportunity++__only_body_sensors__qwen3_8b,qwen3_8b,only_body_sensors,edge,body_sensors_gateway,body_sensors,51518,206072,0,211315,3186432,0.24332100019819336,0.24975509968498955,0.012399999832268804,81,2.0648,10.0,4.32e-05
opportunity++,cpu,distrixsense,opportunity++__only_body_sensors__qwen3_8b,qwen3_8b,only_body_sensors,core,core,,28468,113872,0,125806,486848,0.23694099991189432,0.2521681001326215,0.00993999992715544,,,,
opportunity++,cpu,distrixsense,opportunity++__only_body_sensors__qwen3_8b,qwen3_8b,only_body_sensors,core,core_language,,8207651840,16449136640,256,,999223468928,2462.1520710002187,2464.5403722000083,0.9975409998332907,,,,
opportunity++,cpu,dense,opportunity++__only_body_sensors__qwen3_8b,qwen3_8b,only_body_sensors,edge,body_sensors_gateway,body_sensors,48086,192344,0,195597,3054848,0.16805099994599004,0.18782309998641722,0.008539999726053793,4324,5.4592,10.0,0.0023061333333333333
opportunity++,cpu,dense,opportunity++__only_body_sensors__qwen3_8b,qwen3_8b,only_body_sensors,core,core,,27444,109776,0,121393,1993664,0.20772000016222592,0.22995899989837199,0.006469999789260328,,,,
opportunity++,cpu,dense,opportunity++__only_body_sensors__qwen3_8b,qwen3_8b,only_body_sensors,core,core_language,,8207651840,16449136640,256,,1335682674560,2532.1091860000706,2561.775207399978,1.7287929999838525,,,,
opportunity++,cpu,dense_tokens,opportunity++__only_body_sensors__qwen3_8b,qwen3_8b,only_body_sensors,edge,body_sensors_gateway,body_sensors,50462,201848,0,206585,3170048,0.22228000034374418,0.24756999973760685,0.008240000170189887,1100,2.88,10.0,0.0005866666666666667
opportunity++,cpu,dense_tokens,opportunity++__only_body_sensors__qwen3_8b,qwen3_8b,only_body_sensors,core,core,,27444,109776,0,121393,486848,0.19441000040387735,0.21695590016861388,0.00622000015937374,,,,
opportunity++,cpu,dense_tokens,opportunity++__only_body_sensors__qwen3_8b,qwen3_8b,only_body_sensors,core,core_language,,8207651840,16449136640,256,,999223468928,2462.1520710002187,2464.5403722000083,0.9772420003173465,,,,
opportunity++,cpu,raw,opportunity++__only_body_sensors__qwen3_8b,qwen3_8b,only_body_sensors,edge,body_sensors_gateway,body_sensors,0,0,0,0,0,0.0005199999577598646,0.0008079997769527836,0.012309999874560162,53584,44.8672,10.0,0.028578133333333332
opportunity++,cpu,raw,opportunity++__only_body_sensors__qwen3_8b,qwen3_8b,only_body_sensors,core,core,,75530,302120,0,316441,5048512,0.446891000137839,0.4878310997810331,0.008370000159629853,,,,
opportunity++,cpu,raw,opportunity++__only_body_sensors__qwen3_8b,qwen3_8b,only_body_sensors,core,core_language,,8207651840,16449136640,256,,1335682674560,2532.1091860000706,2561.775207399978,1.7335419997834833,,,,
opportunity++,cpu,early_fusion,opportunity++__only_body_sensors__qwen3_8b,qwen3_8b,only_body_sensors,edge,body_sensors_gateway,body_sensors,0,0,0,0,0,0.0004899998202745337,0.0008050001724768663,0.012689999948634068,53584,44.8672,10.0,0.028578133333333332
opportunity++,cpu,early_fusion,opportunity++__only_body_sensors__qwen3_8b,qwen3_8b,only_body_sensors,core,core,,53898,215592,0,229279,3666112,0.44389100003172643,0.46979209992059623,0.008449999768345151,,,,
opportunity++,cpu,early_fusion,opportunity++__only_body_sensors__qwen3_8b,qwen3_8b,only_body_sensors,core,core_language,,8207651840,16449136640,256,,1335682674560,2532.1091860000706,2561.775207399978,1.7229219997716427,,,,
opportunity++,cpu,late_fusion,opportunity++__only_body_sensors__qwen3_8b,qwen3_8b,only_body_sensors,edge,body_sensors_gateway,body_sensors,48416,193664,0,197317,3055488,0.1833810001699021,0.20873309972557763,0.007959999948070617,88,2.0704,10.0,4.6933333333333333e-05
opportunity++,cpu,late_fusion,opportunity++__only_body_sensors__qwen3_8b,qwen3_8b,only_body_sensors,core,core,,0,0,0,0,0,0.024049999865383143,0.03008899984706659,0.006010000106471125,,,,
opportunity++,cpu,late_fusion,opportunity++__only_body_sensors__qwen3_8b,qwen3_8b,only_body_sensors,core,core_language,,8190735360,16381470720,256,,1124741163008,2531.34547100035,2544.0155395998318,0.17114999991463264,,,,
opportunity++,cpu,local_only,opportunity++__only_body_sensors__qwen3_8b,qwen3_8b,only_body_sensors,edge,body_sensors_gateway,body_sensors,48416,193664,0,197317,3055488,0.1799199999368284,0.19638100020529237,0.007720000212430023,52,2.0416,10.0,2.7733333333333334e-05
opportunity++,cpu,local_only,opportunity++__only_body_sensors__qwen3_8b,qwen3_8b,only_body_sensors,core,core,,0,0,0,0,0,0.02752999989752425,0.03555800012691179,0.005979999968985794,,,,
opportunity++,cpu,local_only,opportunity++__only_body_sensors__qwen3_8b,qwen3_8b,only_body_sensors,core,core_language,,8190735360,16381470720,256,,1124741163008,2531.34547100035,2544.0155395998318,0.16331099959643325,,,,
opportunity++,cpu,bottleneck,opportunity++__only_body_sensors__qwen3_8b,qwen3_8b,only_body_sensors,edge,body_sensors_gateway,body_sensors,48218,192872,0,196549,3063040,0.1949510001395538,0.199864100159175,0.008149999757733895,684,2.5472,10.0,0.0003648
opportunity++,cpu,bottleneck,opportunity++__only_body_sensors__qwen3_8b,qwen3_8b,only_body_sensors,core,core,,27604,110416,0,122603,2001856,0.21047000018370454,0.23459899998670153,0.006050000138202449,,,,
opportunity++,cpu,bottleneck,opportunity++__only_body_sensors__qwen3_8b,qwen3_8b,only_body_sensors,core,core_language,,8207651840,16449136640,256,,1335682674560,2532.1091860000706,2561.775207399978,1.7428920000384096,,,,
opportunity++,cpu,tokenlearner,opportunity++__only_body_sensors__qwen3_8b,qwen3_8b,only_body_sensors,edge,body_sensors_gateway,body_sensors,49406,197624,0,201791,3153664,0.21502099980352796,0.24143509999703383,0.009949999821401434,1100,2.88,10.0,0.0005866666666666667
opportunity++,cpu,tokenlearner,opportunity++__only_body_sensors__qwen3_8b,qwen3_8b,only_body_sensors,core,core,,27444,109776,0,121393,486848,0.19784999994953978,0.224769900114552,0.006159999884403078,,,,
opportunity++,cpu,tokenlearner,opportunity++__only_body_sensors__qwen3_8b,qwen3_8b,only_body_sensors,core,core_language,,8207651840,16449136640,256,,999223468928,2462.1520710002187,2464.5403722000083,0.9644219999245252,,,,
opportunity++,cpu,posthoc_vq,opportunity++__only_body_sensors__qwen3_8b,qwen3_8b,only_body_sensors,edge,body_sensors_gateway,body_sensors,49110,196440,0,199945,3120384,0.27102099966214155,0.2847631000349793,0.013330000001587905,192,2.1536,10.0,0.0001024
opportunity++,cpu,posthoc_vq,opportunity++__only_body_sensors__qwen3_8b,qwen3_8b,only_body_sensors,core,core,,28468,113872,0,125806,1993664,0.2522899999348738,0.263071999688691,0.010429999747429974,,,,
opportunity++,cpu,posthoc_vq,opportunity++__only_body_sensors__qwen3_8b,qwen3_8b,only_body_sensors,core,core_language,,8207651840,16449136640,256,,1335682674560,2532.1091860000706,2561.775207399978,1.7319730000053823,,,,
opportunity++,cpu,joint_vq,opportunity++__only_body_sensors__qwen3_8b,qwen3_8b,only_body_sensors,edge,body_sensors_gateway,body_sensors,51486,205944,0,210934,3186432,0.3021110001100169,0.3319451001516427,0.012491000234149396,81,2.0648,10.0,4.32e-05
opportunity++,cpu,joint_vq,opportunity++__only_body_sensors__qwen3_8b,qwen3_8b,only_body_sensors,core,core,,28468,113872,0,125806,486848,0.2260500000375032,0.2507289001641766,0.009949999821401434,,,,
opportunity++,cpu,joint_vq,opportunity++__only_body_sensors__qwen3_8b,qwen3_8b,only_body_sensors,core,core_language,,8207651840,16449136640,256,,999223468928,2462.1520710002187,2464.5403722000083,0.957371000367857,,,,
opportunity++,cpu,deepconvlstm,opportunity++__only_body_sensors__qwen3_8b,qwen3_8b,only_body_sensors,edge,body_sensors_gateway,body_sensors,0,0,0,0,0,0.0004699995770351961,0.0007399999958579428,0.01202000021294225,53584,44.8672,10.0,0.028578133333333332
opportunity++,cpu,deepconvlstm,opportunity++__only_body_sensors__qwen3_8b,qwen3_8b,only_body_sensors,core,core,,77664,310656,0,317537,4890496,0.35292100028527784,0.3738901003544015,0.008320000233652536,,,,
opportunity++,cpu,deepconvlstm,opportunity++__only_body_sensors__qwen3_8b,qwen3_8b,only_body_sensors,core,core_language,,8207651840,16449136640,256,,1335682674560,2532.1091860000706,2561.775207399978,1.7372229999637057,,,,
opportunity++,cpu,unrestricted_bank,opportunity++__only_body_sensors__qwen3_8b,qwen3_8b,only_body_sensors,edge,body_sensors_gateway,body_sensors,51518,206072,0,211315,3186432,0.23393099991153576,0.25985010001932096,0.012380000043776818,81,2.0648,10.0,4.32e-05
opportunity++,cpu,unrestricted_bank,opportunity++__only_body_sensors__qwen3_8b,qwen3_8b,only_body_sensors,core,core,,28468,113872,0,125806,486848,0.20678100008808542,0.23475209977732447,0.009699999736767495,,,,
opportunity++,cpu,unrestricted_bank,opportunity++__only_body_sensors__qwen3_8b,qwen3_8b,only_body_sensors,core,core_language,,8207651840,16449136640,256,,999223468928,2462.1520710002187,2464.5403722000083,0.9619810002732265,,,,
opportunity++,cpu,separate_banks,opportunity++__only_body_sensors__qwen3_8b,qwen3_8b,only_body_sensors,edge,body_sensors_gateway,body_sensors,51518,206072,0,211315,3186432,0.22834100036561722,0.24941810011114285,0.015520000033575343,81,2.0648,10.0,4.32e-05
opportunity++,cpu,separate_banks,opportunity++__only_body_sensors__qwen3_8b,qwen3_8b,only_body_sensors,core,core,,28468,113872,0,125806,486848,0.23376999979518587,0.2566299999216426,0.009529999715596205,,,,
opportunity++,cpu,separate_banks,opportunity++__only_body_sensors__qwen3_8b,qwen3_8b,only_body_sensors,core,core_language,,8207651840,16449136640,256,,999223468928,2462.1520710002187,2464.5403722000083,0.9634210000513121,,,,
opportunity++,cpu,fixed_resampling,opportunity++__only_body_sensors__qwen3_8b,qwen3_8b,only_body_sensors,edge,body_sensors_gateway,body_sensors,51518,206072,0,211315,1812992,0.14994000002843677,0.1633499998206389,0.017020000086631626,81,2.0648,10.0,4.32e-05
opportunity++,cpu,fixed_resampling,opportunity++__only_body_sensors__qwen3_8b,qwen3_8b,only_body_sensors,core,core,,28468,113872,0,125806,486848,0.23482000005969894,0.24930189997576235,0.009790000149223488,,,,
opportunity++,cpu,fixed_resampling,opportunity++__only_body_sensors__qwen3_8b,qwen3_8b,only_body_sensors,core,core_language,,8207651840,16449136640,256,,999223468928,2462.1520710002187,2464.5403722000083,0.9621520002838224,,,,
opportunity++,cpu,finetune_encoders,opportunity++__only_body_sensors__qwen3_8b,qwen3_8b,only_body_sensors,edge,body_sensors_gateway,body_sensors,51518,206072,0,211315,3186432,0.22904000024936977,0.24971299976641603,0.012659999811148737,81,2.0648,10.0,4.32e-05
opportunity++,cpu,finetune_encoders,opportunity++__only_body_sensors__qwen3_8b,qwen3_8b,only_body_sensors,core,core,,28468,113872,0,125806,486848,0.22509999962494476,0.25058889978026855,0.009569999747327529,,,,
opportunity++,cpu,finetune_encoders,opportunity++__only_body_sensors__qwen3_8b,qwen3_8b,only_body_sensors,core,core_language,,8207651840,16449136640,256,,999223468928,2462.1520710002187,2464.5403722000083,1.0137720000784611,,,,
opportunity++,cpu,no_alignment,opportunity++__only_body_sensors__qwen3_8b,qwen3_8b,only_body_sensors,edge,body_sensors_gateway,body_sensors,51518,206072,0,211315,3186432,0.24863099997673999,0.26773710010274954,0.012000000424450263,81,2.0648,10.0,4.32e-05
opportunity++,cpu,no_alignment,opportunity++__only_body_sensors__qwen3_8b,qwen3_8b,only_body_sensors,core,core,,28468,113872,0,125806,486848,0.2546099999563012,0.27069300012954045,0.009729999874252826,,,,
opportunity++,cpu,no_alignment,opportunity++__only_body_sensors__qwen3_8b,qwen3_8b,only_body_sensors,core,core_language,,8207651840,16449136640,256,,999223468928,2462.1520710002187,2464.5403722000083,0.9633409999878495,,,,
opportunity++,cpu,no_usage,opportunity++__only_body_sensors__qwen3_8b,qwen3_8b,only_body_sensors,edge,body_sensors_gateway,body_sensors,51518,206072,0,211315,3186432,0.25002100028359564,0.2768131001630536,0.012200000128359534,81,2.0648,10.0,4.32e-05
opportunity++,cpu,no_usage,opportunity++__only_body_sensors__qwen3_8b,qwen3_8b,only_body_sensors,core,core,,28468,113872,0,125806,486848,0.2471309999236837,0.2753721000317455,0.009809999937715475,,,,
opportunity++,cpu,no_usage,opportunity++__only_body_sensors__qwen3_8b,qwen3_8b,only_body_sensors,core,core_language,,8207651840,16449136640,256,,999223468928,2462.1520710002187,2464.5403722000083,0.9711620000416588,,,,
opportunity++,cpu,tcn,opportunity++__only_body_sensors__qwen3_8b,qwen3_8b,only_body_sensors,edge,body_sensors_gateway,body_sensors,0,0,0,0,0,0.00047999992602854036,0.0007320001259358833,0.012989999959245324,53584,44.8672,10.0,0.028578133333333332
opportunity++,cpu,tcn,opportunity++__only_body_sensors__qwen3_8b,qwen3_8b,only_body_sensors,core,core,,39786,159144,0,167509,2480064,0.39680999998381594,0.42068789998666034,0.008170000000973232,,,,
opportunity++,cpu,tcn,opportunity++__only_body_sensors__qwen3_8b,qwen3_8b,only_body_sensors,core,core_language,,8207651840,16449136640,256,,1335682674560,2532.1091860000706,2561.775207399978,1.9324029999552295,,,,
opportunity++,cpu,ts_transformer,opportunity++__only_body_sensors__qwen3_8b,qwen3_8b,only_body_sensors,edge,body_sensors_gateway,body_sensors,0,0,0,0,0,0.0005399997462518513,0.000801000260253204,0.013110000054439297,53584,44.8672,10.0,0.028578133333333332
opportunity++,cpu,ts_transformer,opportunity++__only_body_sensors__qwen3_8b,qwen3_8b,only_body_sensors,core,core,,52650,210600,0,222449,3528640,0.42339100036770105,0.454576000038287,0.00802000022304128,,,,
opportunity++,cpu,ts_transformer,opportunity++__only_body_sensors__qwen3_8b,qwen3_8b,only_body_sensors,core,core_language,,8207651840,16449136640,256,,1335682674560,2532.1091860000706,2561.775207399978,1.7598230001567572,,,,
opportunity++,cpu,patchtst,opportunity++__only_body_sensors__qwen3_8b,qwen3_8b,only_body_sensors,edge,body_sensors_gateway,body_sensors,0,0,0,0,0,0.00047999992602854036,0.000821999992695055,0.012559999959194101,53584,44.8672,10.0,0.028578133333333332
opportunity++,cpu,patchtst,opportunity++__only_body_sensors__qwen3_8b,qwen3_8b,only_body_sensors,core,core,,48234,192936,0,204785,53606464,0.7390310001937905,0.7786129998748947,0.008290000096167205,,,,
opportunity++,cpu,patchtst,opportunity++__only_body_sensors__qwen3_8b,qwen3_8b,only_body_sensors,core,core_language,,8207651840,16449136640,256,,985219080960,2466.0282720001305,2468.811674100243,1.0087420000672864,,,,
opportunity++,cpu,distrixsense,opportunity++__only_object_sensors__qwen3_8b,qwen3_8b,only_object_sensors,edge,object_sensors_gateway,object_sensors,20068,80272,0,85363,1184512,0.22771000021748478,0.23789799970472814,0.012819999938074034,81,2.0648,10.0,4.32e-05
opportunity++,cpu,distrixsense,opportunity++__only_object_sensors__qwen3_8b,qwen3_8b,only_object_sensors,core,core,,28468,113872,0,125806,486848,0.22746100012227544,0.2495370999440638,0.00976999990598415,,,,
opportunity++,cpu,distrixsense,opportunity++__only_object_sensors__qwen3_8b,qwen3_8b,only_object_sensors,core,core_language,,8207651840,16449136640,256,,999223468928,2462.1520710002187,2464.5403722000083,0.9658609997131862,,,,
opportunity++,cpu,dense,opportunity++__only_object_sensors__qwen3_8b,qwen3_8b,only_object_sensors,edge,object_sensors_gateway,object_sensors,16636,66544,0,69645,1052928,0.16747100016800687,0.17252810030186083,0.008819999948173063,4324,5.4592,10.0,0.0023061333333333333
opportunity++,cpu,dense,opportunity++__only_object_sensors__qwen3_8b,qwen3_8b,only_object_sensors,core,core,,27444,109776,0,121393,1993664,0.21582999988822849,0.23076999987097224,0.0066799998421629425,,,,
opportunity++,cpu,dense,opportunity++__only_object_sensors__qwen3_8b,qwen3_8b,only_object_sensors,core,core_language,,8207651840,16449136640,256,,1335682674560,2532.1091860000706,2561.775207399978,1.7554519999976037,,,,
opportunity++,cpu,dense_tokens,opportunity++__only_object_sensors__qwen3_8b,qwen3_8b,only_object_sensors,edge,object_sensors_gateway,object_sensors,19012,76048,0,80633,1168128,0.2206200001637626,0.22889999977451225,0.008380000053875847,1100,2.88,10.0,0.0005866666666666667
opportunity++,cpu,dense_tokens,opportunity++__only_object_sensors__qwen3_8b,qwen3_8b,only_object_sensors,core,core,,27444,109776,0,121393,486848,0.19485000029817456,0.2183940001486917,0.006289999873843044,,,,
opportunity++,cpu,dense_tokens,opportunity++__only_object_sensors__qwen3_8b,qwen3_8b,only_object_sensors,core,core_language,,8207651840,16449136640,256,,999223468928,2462.1520710002187,2464.5403722000083,0.9738310000102501,,,,
opportunity++,cpu,raw,opportunity++__only_object_sensors__qwen3_8b,qwen3_8b,only_object_sensors,edge,object_sensors_gateway,object_sensors,0,0,0,0,0,0.00048000038077589124,0.0007860000096115982,0.010560000191617291,22396,19.9168,10.0,0.011944533333333333
opportunity++,cpu,raw,opportunity++__only_object_sensors__qwen3_8b,qwen3_8b,only_object_sensors,core,core,,44080,176320,0,190489,3046592,0.44004000028508017,0.47326890003205335,0.00715000032869284,,,,
opportunity++,cpu,raw,opportunity++__only_object_sensors__qwen3_8b,qwen3_8b,only_object_sensors,core,core_language,,8207651840,16449136640,256,,1335682674560,2532.1091860000706,2561.775207399978,1.763542999924539,,,,
opportunity++,cpu,early_fusion,opportunity++__only_object_sensors__qwen3_8b,qwen3_8b,only_object_sensors,edge,object_sensors_gateway,object_sensors,0,0,0,0,0,0.0005100000635138713,0.0007350001396844164,0.010800000382005237,22396,19.9168,10.0,0.011944533333333333
opportunity++,cpu,early_fusion,opportunity++__only_object_sensors__qwen3_8b,qwen3_8b,only_object_sensors,core,core,,33328,133312,0,146847,2360512,0.43193999999857624,0.4692279002028954,0.007280000318132807,,,,
opportunity++,cpu,early_fusion,opportunity++__only_object_sensors__qwen3_8b,qwen3_8b,only_object_sensors,core,core_language,,8207651840,16449136640,256,,1335682674560,2532.1091860000706,2561.775207399978,1.7605220000405097,,,,
opportunity++,cpu,late_fusion,opportunity++__only_object_sensors__qwen3_8b,qwen3_8b,only_object_sensors,edge,object_sensors_gateway,object_sensors,16966,67864,0,71365,1053568,0.17387099978805054,0.1921851001043251,0.007860000096115982,88,2.0704,10.0,4.6933333333333333e-05
opportunity++,cpu,late_fusion,opportunity++__only_object_sensors__qwen3_8b,qwen3_8b,only_object_sensors,core,core,,0,0,0,0,0,0.023829999918234535,0.03028300002370088,0.006089999715186423,,,,
opportunity++,cpu,late_fusion,opportunity++__only_object_sensors__qwen3_8b,qwen3_8b,only_object_sensors,core,core_language,,8190735360,16381470720,256,,1124741163008,2531.34547100035,2544.0155395998318,0.16540099977646605,,,,
opportunity++,cpu,local_only,opportunity++__only_object_sensors__qwen3_8b,qwen3_8b,only_object_sensors,edge,object_sensors_gateway,object_sensors,16966,67864,0,71365,1053568,0.17645999969317927,0.19178790007572388,0.007820000064384658,52,2.0416,10.0,2.7733333333333334e-05
opportunity++,cpu,local_only,opportunity++__only_object_sensors__qwen3_8b,qwen3_8b,only_object_sensors,core,core,,0,0,0,0,0,0.027471000066725537,0.035021100029553054,0.005769999916083179,,,,
opportunity++,cpu,local_only,opportunity++__only_object_sensors__qwen3_8b,qwen3_8b,only_object_sensors,core,core_language,,8190735360,16381470720,256,,1124741163008,2531.34547100035,2544.0155395998318,0.16572000004089205,,,,
opportunity++,cpu,bottleneck,opportunity++__only_object_sensors__qwen3_8b,qwen3_8b,only_object_sensors,edge,object_sensors_gateway,object_sensors,16768,67072,0,70597,1061120,0.1799100000425824,0.18711000002440414,0.008210000032704556,684,2.5472,10.0,0.0003648
opportunity++,cpu,bottleneck,opportunity++__only_object_sensors__qwen3_8b,qwen3_8b,only_object_sensors,core,core,,27604,110416,0,122603,2001856,0.21512100011022994,0.23708010035079496,0.006270000085351057,,,,
opportunity++,cpu,bottleneck,opportunity++__only_object_sensors__qwen3_8b,qwen3_8b,only_object_sensors,core,core_language,,8207651840,16449136640,256,,1335682674560,2532.1091860000706,2561.775207399978,1.7392719996678352,,,,
opportunity++,cpu,tokenlearner,opportunity++__only_object_sensors__qwen3_8b,qwen3_8b,only_object_sensors,edge,object_sensors_gateway,object_sensors,17956,71824,0,75839,1151744,0.2051800001936499,0.22169499989104224,0.008179999895219225,1100,2.88,10.0,0.0005866666666666667
opportunity++,cpu,tokenlearner,opportunity++__only_object_sensors__qwen3_8b,qwen3_8b,only_object_sensors,core,core,,27444,109776,0,121393,486848,0.20199000027787406,0.22661400016659172,0.0063400002545677125,,,,
opportunity++,cpu,tokenlearner,opportunity++__only_object_sensors__qwen3_8b,qwen3_8b,only_object_sensors,core,core_language,,8207651840,16449136640,256,,999223468928,2462.1520710002187,2464.5403722000083,0.9735110002111469,,,,
opportunity++,cpu,posthoc_vq,opportunity++__only_object_sensors__qwen3_8b,qwen3_8b,only_object_sensors,edge,object_sensors_gateway,object_sensors,17660,70640,0,73993,1118464,0.2597900002001552,0.27129200011586363,0.013279999620863236,192,2.1536,10.0,0.0001024
opportunity++,cpu,posthoc_vq,opportunity++__only_object_sensors__qwen3_8b,qwen3_8b,only_object_sensors,core,core,,28468,113872,0,125806,1993664,0.23835100000724196,0.2649810999628244,0.01097999984267517,,,,
opportunity++,cpu,posthoc_vq,opportunity++__only_object_sensors__qwen3_8b,qwen3_8b,only_object_sensors,core,core_language,,8207651840,16449136640,256,,1335682674560,2532.1091860000706,2561.775207399978,1.7464620000282594,,,,
opportunity++,cpu,joint_vq,opportunity++__only_object_sensors__qwen3_8b,qwen3_8b,only_object_sensors,edge,object_sensors_gateway,object_sensors,20036,80144,0,84982,1184512,0.3036500002053799,0.3108050002538221,0.012239999705343507,81,2.0648,10.0,4.32e-05
opportunity++,cpu,joint_vq,opportunity++__only_object_sensors__qwen3_8b,qwen3_8b,only_object_sensors,core,core,,28468,113872,0,125806,486848,0.23104999991119257,0.2586890002476139,0.009780000254977494,,,,
opportunity++,cpu,joint_vq,opportunity++__only_object_sensors__qwen3_8b,qwen3_8b,only_object_sensors,core,core_language,,8207651840,16449136640,256,,999223468928,2462.1520710002187,2464.5403722000083,0.9687819997452607,,,,
opportunity++,cpu,deepconvlstm,opportunity++__only_object_sensors__qwen3_8b,qwen3_8b,only_object_sensors,edge,object_sensors_gateway,object_sensors,0,0,0,0,0,0.00044999978854320943,0.0008099996648525121,0.011489999906189041,22396,19.9168,10.0,0.011944533333333333
opportunity++,cpu,deepconvlstm,opportunity++__only_object_sensors__qwen3_8b,qwen3_8b,only_object_sensors,core,core,,46214,184856,0,191585,2888576,0.34061099995597033,0.37608810007441207,0.007119999736460159,,,,
opportunity++,cpu,deepconvlstm,opportunity++__only_object_sensors__qwen3_8b,qwen3_8b,only_object_sensors,core,core_language,,8207651840,16449136640,256,,1335682674560,2532.1091860000706,2561.775207399978,1.7249320003429602,,,,
opportunity++,cpu,unrestricted_bank,opportunity++__only_object_sensors__qwen3_8b,qwen3_8b,only_object_sensors,edge,object_sensors_gateway,object_sensors,20068,80272,0,85363,1184512,0.2181200002269179,0.24871100004020263,0.012319999768806156,81,2.0648,10.0,4.32e-05
opportunity++,cpu,unrestricted_bank,opportunity++__only_object_sensors__qwen3_8b,qwen3_8b,only_object_sensors,core,core,,28468,113872,0,125806,486848,0.2059410003312223,0.23177910006779712,0.009919999683916103,,,,
opportunity++,cpu,unrestricted_bank,opportunity++__only_object_sensors__qwen3_8b,qwen3_8b,only_object_sensors,core,core_language,,8207651840,16449136640,256,,999223468928,2462.1520710002187,2464.5403722000083,1.0086110000884219,,,,
opportunity++,cpu,separate_banks,opportunity++__only_object_sensors__qwen3_8b,qwen3_8b,only_object_sensors,edge,object_sensors_gateway,object_sensors,20068,80272,0,85363,1184512,0.21686099989892682,0.23926109997773892,0.012070000138919568,81,2.0648,10.0,4.32e-05
opportunity++,cpu,separate_banks,opportunity++__only_object_sensors__qwen3_8b,qwen3_8b,only_object_sensors,core,core,,28468,113872,0,125806,486848,0.23587999976371066,0.26538199963397346,0.009610000233806204,,,,
opportunity++,cpu,separate_banks,opportunity++__only_object_sensors__qwen3_8b,qwen3_8b,only_object_sensors,core,core_language,,8207651840,16449136640,256,,999223468928,2462.1520710002187,2464.5403722000083,0.9906410000439791,,,,
opportunity++,cpu,fixed_resampling,opportunity++__only_object_sensors__qwen3_8b,qwen3_8b,only_object_sensors,edge,object_sensors_gateway,object_sensors,20068,80272,0,85363,942592,0.14336000003822846,0.15956990009726724,0.012409999726514798,81,2.0648,10.0,4.32e-05
opportunity++,cpu,fixed_resampling,opportunity++__only_object_sensors__qwen3_8b,qwen3_8b,only_object_sensors,core,core,,28468,113872,0,125806,486848,0.23969099993337295,0.25463909983045596,0.009950000276148785,,,,
opportunity++,cpu,fixed_resampling,opportunity++__only_object_sensors__qwen3_8b,qwen3_8b,only_object_sensors,core,core_language,,8207651840,16449136640,256,,999223468928,2462.1520710002187,2464.5403722000083,1.0334420003346168,,,,
opportunity++,cpu,finetune_encoders,opportunity++__only_object_sensors__qwen3_8b,qwen3_8b,only_object_sensors,edge,object_sensors_gateway,object_sensors,20068,80272,0,85363,1184512,0.22889999991093646,0.238467000235687,0.012680000054388074,81,2.0648,10.0,4.32e-05
opportunity++,cpu,finetune_encoders,opportunity++__only_object_sensors__qwen3_8b,qwen3_8b,only_object_sensors,core,core,,28468,113872,0,125806,486848,0.2282099999320053,0.2509719002773636,0.010010000096372096,,,,
opportunity++,cpu,finetune_encoders,opportunity++__only_object_sensors__qwen3_8b,qwen3_8b,only_object_sensors,core,core_language,,8207651840,16449136640,256,,999223468928,2462.1520710002187,2464.5403722000083,0.9602220002307149,,,,
opportunity++,cpu,no_alignment,opportunity++__only_object_sensors__qwen3_8b,qwen3_8b,only_object_sensors,edge,object_sensors_gateway,object_sensors,20068,80272,0,85363,1184512,0.21461999995153747,0.23307000005843292,0.01298000006499933,81,2.0648,10.0,4.32e-05
opportunity++,cpu,no_alignment,opportunity++__only_object_sensors__qwen3_8b,qwen3_8b,only_object_sensors,core,core,,28468,113872,0,125806,486848,0.2283600001646846,0.252174900015234,0.013600000329461182,,,,
opportunity++,cpu,no_alignment,opportunity++__only_object_sensors__qwen3_8b,qwen3_8b,only_object_sensors,core,core_language,,8207651840,16449136640,256,,999223468928,2462.1520710002187,2464.5403722000083,1.6176420003830572,,,,
opportunity++,cpu,no_usage,opportunity++__only_object_sensors__qwen3_8b,qwen3_8b,only_object_sensors,edge,object_sensors_gateway,object_sensors,20068,80272,0,85363,1184512,0.24615100028313464,0.2695141000003787,0.012690000403381418,81,2.0648,10.0,4.32e-05
opportunity++,cpu,no_usage,opportunity++__only_object_sensors__qwen3_8b,qwen3_8b,only_object_sensors,core,core,,28468,113872,0,125806,486848,0.2529899998080509,0.27679590016305156,0.009840000075200805,,,,
opportunity++,cpu,no_usage,opportunity++__only_object_sensors__qwen3_8b,qwen3_8b,only_object_sensors,core,core_language,,8207651840,16449136640,256,,999223468928,2462.1520710002187,2464.5403722000083,0.9481310003138788,,,,
opportunity++,cpu,tcn,opportunity++__only_object_sensors__qwen3_8b,qwen3_8b,only_object_sensors,edge,object_sensors_gateway,object_sensors,0,0,0,0,0,0.0005500000952451956,0.0008019998858799227,0.011699999959091656,22396,19.9168,10.0,0.011944533333333333
opportunity++,cpu,tcn,opportunity++__only_object_sensors__qwen3_8b,qwen3_8b,only_object_sensors,core,core,,19216,76864,0,85077,1174464,0.3904800000782416,0.42992789994968916,0.007250000180647476,,,,
opportunity++,cpu,tcn,opportunity++__only_object_sensors__qwen3_8b,qwen3_8b,only_object_sensors,core,core_language,,8207651840,16449136640,256,,1335682674560,2532.1091860000706,2561.775207399978,1.9479630000205361,,,,
opportunity++,cpu,ts_transformer,opportunity++__only_object_sensors__qwen3_8b,qwen3_8b,only_object_sensors,edge,object_sensors_gateway,object_sensors,0,0,0,0,0,0.000470000031782547,0.000748999946154072,0.011130000075354474,22396,19.9168,10.0,0.011944533333333333
opportunity++,cpu,ts_transformer,opportunity++__only_object_sensors__qwen3_8b,qwen3_8b,only_object_sensors,core,core,,32080,128320,0,140017,2223040,0.4190810000181955,0.4574569997657818,0.007130000085453503,,,,
opportunity++,cpu,ts_transformer,opportunity++__only_object_sensors__qwen3_8b,qwen3_8b,only_object_sensors,core,core_language,,8207651840,16449136640,256,,1335682674560,2532.1091860000706,2561.775207399978,1.9330929999341606,,,,
opportunity++,cpu,patchtst,opportunity++__only_object_sensors__qwen3_8b,qwen3_8b,only_object_sensors,edge,object_sensors_gateway,object_sensors,0,0,0,0,0,0.000470000031782547,0.0007129999175958801,0.011280000308033777,22396,19.9168,10.0,0.011944533333333333
opportunity++,cpu,patchtst,opportunity++__only_object_sensors__qwen3_8b,qwen3_8b,only_object_sensors,core,core,,30384,121536,0,133233,21858624,0.6471010001405375,0.6882669998503843,0.007109999842214165,,,,
opportunity++,cpu,patchtst,opportunity++__only_object_sensors__qwen3_8b,qwen3_8b,only_object_sensors,core,core_language,,8207651840,16449136640,256,,985219080960,2466.0282720001305,2468.811674100243,0.9418509998795344,,,,
opportunity++,cpu,distrixsense,opportunity++__only_rgb__qwen3_8b,qwen3_8b,only_rgb,edge,camera,rgb,75112,300448,0,305459,4690432,0.2583509999567468,0.2791760999116377,0.012340000012045493,81,2.0648,10.0,4.32e-05
opportunity++,cpu,distrixsense,opportunity++__only_rgb__qwen3_8b,qwen3_8b,only_rgb,core,core,,28468,113872,0,125806,486848,0.2630500002851477,0.28100499989704986,0.010040000233857427,,,,
opportunity++,cpu,distrixsense,opportunity++__only_rgb__qwen3_8b,qwen3_8b,only_rgb,core,core_language,,8207651840,16449136640,256,,999223468928,2462.1520710002187,2464.5403722000083,0.965420999818889,,,,
opportunity++,cpu,dense,opportunity++__only_rgb__qwen3_8b,qwen3_8b,only_rgb,edge,camera,rgb,71680,286720,0,289741,4558848,0.2068099997813988,0.21098599981996813,0.00855999996929313,4324,5.4592,10.0,0.0023061333333333333
opportunity++,cpu,dense,opportunity++__only_rgb__qwen3_8b,qwen3_8b,only_rgb,core,core,,27444,109776,0,121393,1993664,0.23682999972152174,0.26049099997180747,0.006510000275739003,,,,
opportunity++,cpu,dense,opportunity++__only_rgb__qwen3_8b,qwen3_8b,only_rgb,core,core_language,,8207651840,16449136640,256,,1335682674560,2532.1091860000706,2561.775207399978,1.715601999876526,,,,
opportunity++,cpu,dense_tokens,opportunity++__only_rgb__qwen3_8b,qwen3_8b,only_rgb,edge,camera,rgb,74056,296224,0,300729,4674048,0.23332000000664266,0.24582189998909598,0.008420000085607171,1100,2.88,10.0,0.0005866666666666667
opportunity++,cpu,dense_tokens,opportunity++__only_rgb__qwen3_8b,qwen3_8b,only_rgb,core,core,,27444,109776,0,121393,486848,0.20952100021531805,0.22424410003623052,0.006409999969037017,,,,
opportunity++,cpu,dense_tokens,opportunity++__only_rgb__qwen3_8b,qwen3_8b,only_rgb,core,core_language,,8207651840,16449136640,256,,999223468928,2462.1520710002187,2464.5403722000083,0.9655419999035075,,,,
opportunity++,cpu,raw,opportunity++__only_rgb__qwen3_8b,qwen3_8b,only_rgb,edge,camera,rgb,0,0,0,0,0,0.000470000031782547,0.0007040000127744861,0.01080999982150388,23624,20.8992,10.0,0.012599466666666666
opportunity++,cpu,raw,opportunity++__only_rgb__qwen3_8b,qwen3_8b,only_rgb,core,core,,99124,396496,0,410521,6552512,0.4609099996741861,0.4864618999818049,0.007240000286401482,,,,
opportunity++,cpu,raw,opportunity++__only_rgb__qwen3_8b,qwen3_8b,only_rgb,core,core_language,,8207651840,16449136640,256,,1335682674560,2532.1091860000706,2561.775207399978,1.7669020003268088,,,,
opportunity++,cpu,early_fusion,opportunity++__only_rgb__qwen3_8b,qwen3_8b,only_rgb,edge,camera,rgb,0,0,0,0,0,0.000470000031782547,0.0007939998795336578,0.010969999948429177,23624,20.8992,10.0,0.012599466666666666
opportunity++,cpu,early_fusion,opportunity++__only_rgb__qwen3_8b,qwen3_8b,only_rgb,core,core,,71476,285904,0,299295,4785088,0.45345099988480797,0.48212409992629546,0.007269999969139462,,,,
opportunity++,cpu,early_fusion,opportunity++__only_rgb__qwen3_8b,qwen3_8b,only_rgb,core,core_language,,8207651840,16449136640,256,,1335682674560,2532.1091860000706,2561.775207399978,1.7666229996393668,,,,
opportunity++,cpu,late_fusion,opportunity++__only_rgb__qwen3_8b,qwen3_8b,only_rgb,edge,camera,rgb,72010,288040,0,291461,4559488,0.19539100003385101,0.21798910006509686,0.00808000004326459,88,2.0704,10.0,4.6933333333333333e-05
opportunity++,cpu,late_fusion,opportunity++__only_rgb__qwen3_8b,qwen3_8b,only_rgb,core,core,,0,0,0,0,0,0.024310000299010426,0.03110500006187067,0.006279999979597051,,,,
opportunity++,cpu,late_fusion,opportunity++__only_rgb__qwen3_8b,qwen3_8b,only_rgb,core,core_language,,8190735360,16381470720,256,,1124741163008,2531.34547100035,2544.0155395998318,0.17290999994656886,,,,
opportunity++,cpu,local_only,opportunity++__only_rgb__qwen3_8b,qwen3_8b,only_rgb,edge,camera,rgb,72010,288040,0,291461,4559488,0.1867199998741853,0.2043968999714707,0.0079100000220933,52,2.0416,10.0,2.7733333333333334e-05
opportunity++,cpu,local_only,opportunity++__only_rgb__qwen3_8b,qwen3_8b,only_rgb,core,core,,0,0,0,0,0,0.027659999886964215,0.036507000049823546,0.00591000025451649,,,,
opportunity++,cpu,local_only,opportunity++__only_rgb__qwen3_8b,qwen3_8b,only_rgb,core,core_language,,8190735360,16381470720,256,,1124741163008,2531.34547100035,2544.0155395998318,0.16843000003063935,,,,
opportunity++,cpu,bottleneck,opportunity++__only_rgb__qwen3_8b,qwen3_8b,only_rgb,edge,camera,rgb,71812,287248,0,290693,4567040,0.1963400000022375,0.2044940001269424,0.008410000191361178,684,2.5472,10.0,0.0003648
opportunity++,cpu,bottleneck,opportunity++__only_rgb__qwen3_8b,qwen3_8b,only_rgb,core,core,,27604,110416,0,122603,2001856,0.21059000027889851,0.23577199999635923,0.006190000021888409,,,,
opportunity++,cpu,bottleneck,opportunity++__only_rgb__qwen3_8b,qwen3_8b,only_rgb,core,core_language,,8207651840,16449136640,256,,1335682674560,2532.1091860000706,2561.775207399978,1.7274730003009608,,,,
opportunity++,cpu,tokenlearner,opportunity++__only_rgb__qwen3_8b,qwen3_8b,only_rgb,edge,camera,rgb,73000,292000,0,295935,4657664,0.2283100002387073,0.24096400024973263,0.008689999958733097,1100,2.88,10.0,0.0005866666666666667
opportunity++,cpu,tokenlearner,opportunity++__only_rgb__qwen3_8b,qwen3_8b,only_rgb,core,core,,27444,109776,0,121393,486848,0.19724999992831727,0.21929190011178434,0.006320000011328375,,,,
opportunity++,cpu,tokenlearner,opportunity++__only_rgb__qwen3_8b,qwen3_8b,only_rgb,core,core_language,,8207651840,16449136640,256,,999223468928,2462.1520710002187,2464.5403722000083,1.0212209999735933,,,,
opportunity++,cpu,posthoc_vq,opportunity++__only_rgb__qwen3_8b,qwen3_8b,only_rgb,edge,camera,rgb,72704,290816,0,294089,4624384,0.27576999991651974,0.30457089983428887,0.014120000287221046,192,2.1536,10.0,0.0001024
opportunity++,cpu,posthoc_vq,opportunity++__only_rgb__qwen3_8b,qwen3_8b,only_rgb,core,core,,28468,113872,0,125806,1993664,0.24772000006123562,0.27242499991189106,0.01126000006479444,,,,
opportunity++,cpu,posthoc_vq,opportunity++__only_rgb__qwen3_8b,qwen3_8b,only_rgb,core,core_language,,8207651840,16449136640,256,,1335682674560,2532.1091860000706,2561.775207399978,1.7572719998497632,,,,
opportunity++,cpu,joint_vq,opportunity++__only_rgb__qwen3_8b,qwen3_8b,only_rgb,edge,camera,rgb,75080,300320,0,305078,4690432,0.3351809996274824,0.3464939999048511,0.012749999768857379,81,2.0648,10.0,4.32e-05
opportunity++,cpu,joint_vq,opportunity++__only_rgb__qwen3_8b,qwen3_8b,only_rgb,core,core,,28468,113872,0,125806,486848,0.23074999990058132,0.2606218999517296,0.009720999969431432,,,,
opportunity++,cpu,joint_vq,opportunity++__only_rgb__qwen3_8b,qwen3_8b,only_rgb,core,core_language,,8207651840,16449136640,256,,999223468928,2462.1520710002187,2464.5403722000083,0.9641510000619746,,,,
opportunity++,cpu,deepconvlstm,opportunity++__only_rgb__qwen3_8b,qwen3_8b,only_rgb,edge,camera,rgb,0,0,0,0,0,0.0004899998202745337,0.0008229999821196543,0.010480000128154643,23624,20.8992,10.0,0.012599466666666666
opportunity++,cpu,deepconvlstm,opportunity++__only_rgb__qwen3_8b,qwen3_8b,only_rgb,core,core,,101258,405032,0,411617,6394496,0.35608999996838975,0.38311790021907655,0.007300000106624793,,,,
opportunity++,cpu,deepconvlstm,opportunity++__only_rgb__qwen3_8b,qwen3_8b,only_rgb,core,core_language,,8207651840,16449136640,256,,1335682674560,2532.1091860000706,2561.775207399978,1.7313520002062432,,,,
opportunity++,cpu,unrestricted_bank,opportunity++__only_rgb__qwen3_8b,qwen3_8b,only_rgb,edge,camera,rgb,75112,300448,0,305459,4690432,0.23111000018616323,0.2548339997701987,0.012369999694783473,81,2.0648,10.0,4.32e-05
opportunity++,cpu,unrestricted_bank,opportunity++__only_rgb__qwen3_8b,qwen3_8b,only_rgb,core,core,,28468,113872,0,125806,486848,0.2030800001193711,0.22842400016998,0.009750000117492164,,,,
opportunity++,cpu,unrestricted_bank,opportunity++__only_rgb__qwen3_8b,qwen3_8b,only_rgb,core,core_language,,8207651840,16449136640,256,,999223468928,2462.1520710002187,2464.5403722000083,0.9666709997873113,,,,
opportunity++,cpu,separate_banks,opportunity++__only_rgb__qwen3_8b,qwen3_8b,only_rgb,edge,camera,rgb,75112,300448,0,305459,4690432,0.23886000008133124,0.25333290009257325,0.012179999885120196,81,2.0648,10.0,4.32e-05
opportunity++,cpu,separate_banks,opportunity++__only_rgb__qwen3_8b,qwen3_8b,only_rgb,core,core,,28468,113872,0,125806,486848,0.24793000011413824,0.2591989000393369,0.00996999960989342,,,,
opportunity++,cpu,separate_banks,opportunity++__only_rgb__qwen3_8b,qwen3_8b,only_rgb,core,core_language,,8207651840,16449136640,256,,999223468928,2462.1520710002187,2464.5403722000083,0.968912000189448,,,,
opportunity++,cpu,fixed_resampling,opportunity++__only_rgb__qwen3_8b,qwen3_8b,only_rgb,edge,camera,rgb,75112,300448,0,305459,2294272,0.1567300000715477,0.1665408998633211,0.012649999916902743,81,2.0648,10.0,4.32e-05
opportunity++,cpu,fixed_resampling,opportunity++__only_rgb__qwen3_8b,qwen3_8b,only_rgb,core,core,,28468,113872,0,125806,486848,0.23151999994297512,0.2652169000612048,0.009779999800230144,,,,
opportunity++,cpu,fixed_resampling,opportunity++__only_rgb__qwen3_8b,qwen3_8b,only_rgb,core,core_language,,8207651840,16449136640,256,,999223468928,2462.1520710002187,2464.5403722000083,0.9759320000739535,,,,
opportunity++,cpu,finetune_encoders,opportunity++__only_rgb__qwen3_8b,qwen3_8b,only_rgb,edge,camera,rgb,75112,300448,0,305459,4690432,0.23908000002847984,0.2534269001444045,0.012089999927411554,81,2.0648,10.0,4.32e-05
opportunity++,cpu,finetune_encoders,opportunity++__only_rgb__qwen3_8b,qwen3_8b,only_rgb,core,core,,28468,113872,0,125806,486848,0.234560000080819,0.2517598999020265,0.009519999821350211,,,,
opportunity++,cpu,finetune_encoders,opportunity++__only_rgb__qwen3_8b,qwen3_8b,only_rgb,core,core_language,,8207651840,16449136640,256,,999223468928,2462.1520710002187,2464.5403722000083,0.9712719997878594,,,,
opportunity++,cpu,no_alignment,opportunity++__only_rgb__qwen3_8b,qwen3_8b,only_rgb,edge,camera,rgb,75112,300448,0,305459,4690432,0.22768100006942404,0.2495051001005777,0.012479999895731453,81,2.0648,10.0,4.32e-05
opportunity++,cpu,no_alignment,opportunity++__only_rgb__qwen3_8b,qwen3_8b,only_rgb,core,core,,28468,113872,0,125806,486848,0.2240109997728723,0.248058100032722,0.010109999948326731,,,,
opportunity++,cpu,no_alignment,opportunity++__only_rgb__qwen3_8b,qwen3_8b,only_rgb,core,core_language,,8207651840,16449136640,256,,999223468928,2462.1520710002187,2464.5403722000083,0.9695919998193858,,,,
opportunity++,cpu,no_usage,opportunity++__only_rgb__qwen3_8b,qwen3_8b,only_rgb,edge,camera,rgb,75112,300448,0,305459,4690432,0.23159100010161637,0.2527761003420892,0.01551000013932935,81,2.0648,10.0,4.32e-05
opportunity++,cpu,no_usage,opportunity++__only_rgb__qwen3_8b,qwen3_8b,only_rgb,core,core,,28468,113872,0,125806,486848,0.2272110000376415,0.2495210998404218,0.009899999895424116,,,,
opportunity++,cpu,no_usage,opportunity++__only_rgb__qwen3_8b,qwen3_8b,only_rgb,core,core_language,,8207651840,16449136640,256,,999223468928,2462.1520710002187,2464.5403722000083,0.9557810003570921,,,,
opportunity++,cpu,tcn,opportunity++__only_rgb__qwen3_8b,qwen3_8b,only_rgb,edge,camera,rgb,0,0,0,0,0,0.0005199999577598646,0.0007899999673099956,0.010879999990720535,23624,20.8992,10.0,0.012599466666666666
opportunity++,cpu,tcn,opportunity++__only_rgb__qwen3_8b,qwen3_8b,only_rgb,core,core,,57364,229456,0,237525,3599040,0.4194709999865154,0.4233499998917978,0.007350000032602111,,,,
opportunity++,cpu,tcn,opportunity++__only_rgb__qwen3_8b,qwen3_8b,only_rgb,core,core_language,,8207651840,16449136640,256,,1335682674560,2532.1091860000706,2561.775207399978,1.7836420001913211,,,,
opportunity++,cpu,ts_transformer,opportunity++__only_rgb__qwen3_8b,qwen3_8b,only_rgb,edge,camera,rgb,0,0,0,0,0,0.0005399997462518513,0.0009269997462979518,0.011109999832115136,23624,20.8992,10.0,0.012599466666666666
opportunity++,cpu,ts_transformer,opportunity++__only_rgb__qwen3_8b,qwen3_8b,only_rgb,core,core,,70228,280912,0,292465,4647616,0.400540000100591,0.4480159002014261,0.0070900000537221786,,,,
opportunity++,cpu,ts_transformer,opportunity++__only_rgb__qwen3_8b,qwen3_8b,only_rgb,core,core_language,,8207651840,16449136640,256,,1335682674560,2532.1091860000706,2561.775207399978,2.8405640000528365,,,,
opportunity++,cpu,patchtst,opportunity++__only_rgb__qwen3_8b,qwen3_8b,only_rgb,edge,camera,rgb,0,0,0,0,0,0.00047999992602854036,0.0009389999831910245,0.015069999790284783,23624,20.8992,10.0,0.012599466666666666
opportunity++,cpu,patchtst,opportunity++__only_rgb__qwen3_8b,qwen3_8b,only_rgb,core,core,,64308,257232,0,268785,71558208,1.151871999809373,1.165398099601589,0.009690000297268853,,,,
opportunity++,cpu,patchtst,opportunity++__only_rgb__qwen3_8b,qwen3_8b,only_rgb,core,core_language,,8207651840,16449136640,256,,985219080960,2466.0282720001305,2468.811674100243,1.0135020002053352,,,,
openmarcie_bicycle,cpu,distrixsense,openmarcie_bicycle__all__qwen3_8b,qwen3_8b,all,edge,audio0,audio0,355574,1422296,0,1427507,22598784,0.3117400001428905,0.3339619000598759,0.0123300001177995,85,2.068,10.0,4.5333333333333335e-05
openmarcie_bicycle,cpu,distrixsense,openmarcie_bicycle__all__qwen3_8b,qwen3_8b,all,edge,barometer_gateway,barometer,7072,28288,0,33459,360064,0.1951799999915238,0.21144389988876355,0.012380000043776818,85,2.068,10.0,4.5333333333333335e-05
openmarcie_bicycle,cpu,distrixsense,openmarcie_bicycle__all__qwen3_8b,qwen3_8b,all,edge,chest_lidar0,"chest_lidar0_rgb,chest_lidar0_depth",96336,385344,0,394627,5948416,0.405519999731041,0.4123248997984774,0.022700000045006163,170,2.136,10.0,9.066666666666667e-05
openmarcie_bicycle,cpu,distrixsense,openmarcie_bicycle__all__qwen3_8b,qwen3_8b,all,edge,imu_gateway,imu,10474,41896,0,47027,575488,0.20556099980240106,0.2219940999566461,0.012299999980314169,85,2.068,10.0,4.5333333333333335e-05
openmarcie_bicycle,cpu,distrixsense,openmarcie_bicycle__all__qwen3_8b,qwen3_8b,all,edge,magnetometer_gateway,magnetometer,8134,32536,0,37683,427264,0.2037109998127562,0.22317710022434767,0.012129999959142879,85,2.068,10.0,4.5333333333333335e-05
openmarcie_bicycle,cpu,distrixsense,openmarcie_bicycle__all__qwen3_8b,qwen3_8b,all,edge,room_rgbd0,"room_rgbd0_rgb,room_rgbd0_depth",96336,385344,0,394627,5948416,0.3944509999200818,0.4149881000557798,0.022650000119028846,170,2.136,10.0,9.066666666666667e-05
openmarcie_bicycle,cpu,distrixsense,openmarcie_bicycle__all__qwen3_8b,qwen3_8b,all,edge,room_rgbd1,"room_rgbd1_rgb,room_rgbd1_depth",96336,385344,0,394627,5948416,0.40183999999499065,0.40656589994796377,0.022740000076737488,170,2.136,10.0,9.066666666666667e-05
openmarcie_bicycle,cpu,distrixsense,openmarcie_bicycle__all__qwen3_8b,qwen3_8b,all,edge,spectrometer_gateway,spectrometer,11104,44416,0,49523,615424,0.22867100005896646,0.30239810002967715,0.01204999989568023,85,2.068,10.0,4.5333333333333335e-05
openmarcie_bicycle,cpu,distrixsense,openmarcie_bicycle__all__qwen3_8b,qwen3_8b,all,edge,temperature_gateway,temperature,7072,28288,0,33459,360064,0.19830999963232898,0.21674199992958165,0.012350000361038838,85,2.068,10.0,4.5333333333333335e-05
openmarcie_bicycle,cpu,distrixsense,openmarcie_bicycle__all__qwen3_8b,qwen3_8b,all,edge,thermal_gateway,thermal,44072,176288,0,181299,2712064,0.2139299999726063,0.23133599966058682,0.015199999779724749,85,2.068,10.0,4.5333333333333335e-05
openmarcie_bicycle,cpu,distrixsense,openmarcie_bicycle__all__qwen3_8b,qwen3_8b,all,core,core,,41656,166624,0,178542,8297792,0.7014709999566549,0.7352390001415188,0.11362000032022479,,,,
openmarcie_bicycle,cpu,distrixsense,openmarcie_bicycle__all__qwen3_8b,qwen3_8b,all,core,core_language,,8207651840,16449136640,256,,2687502671744,2842.4976289998085,2843.0056834998595,4.102212999896437,,,,
openmarcie_bicycle,cpu,dense,openmarcie_bicycle__all__qwen3_8b,qwen3_8b,all,edge,audio0,audio0,352142,1408568,0,1411853,22467200,0.32347099977414473,0.3410480001093674,0.012659999811148737,4324,5.4592,10.0,0.0023061333333333333
openmarcie_bicycle,cpu,dense,openmarcie_bicycle__all__qwen3_8b,qwen3_8b,all,edge,barometer_gateway,barometer,3640,14560,0,17741,228480,0.1623699999981909,0.17595190001884475,0.008710000201972434,4324,5.4592,10.0,0.0023061333333333333
openmarcie_bicycle,cpu,dense,openmarcie_bicycle__all__qwen3_8b,qwen3_8b,all,edge,chest_lidar0,"chest_lidar0_rgb,chest_lidar0_depth",89472,357888,0,362995,5685248,0.37020099989604205,0.37910199989710236,0.01621999990675249,8648,8.9184,10.0,0.004612266666666667
openmarcie_bicycle,cpu,dense,openmarcie_bicycle__all__qwen3_8b,qwen3_8b,all,edge,imu_gateway,imu,7042,28168,0,31309,443904,0.17495100019004894,0.19136609971610596,0.00881000005392707,4324,5.4592,10.0,0.0023061333333333333
openmarcie_bicycle,cpu,dense,openmarcie_bicycle__all__qwen3_8b,qwen3_8b,all,edge,magnetometer_gateway,magnetometer,4702,18808,0,21965,295680,0.15863099997659447,0.1689351002823969,0.010469999779161299,4324,5.4592,10.0,0.0023061333333333333
openmarcie_bicycle,cpu,dense,openmarcie_bicycle__all__qwen3_8b,qwen3_8b,all,edge,room_rgbd0,"room_rgbd0_rgb,room_rgbd0_depth",89472,357888,0,362995,5685248,0.3764809998756391,0.384365899981276,0.016511000012542354,8648,8.9184,10.0,0.004612266666666667
openmarcie_bicycle,cpu,dense,openmarcie_bicycle__all__qwen3_8b,qwen3_8b,all,edge,room_rgbd1,"room_rgbd1_rgb,room_rgbd1_depth",89472,357888,0,362995,5685248,0.3692309996949916,0.37635090011463035,0.01649999967412441,8648,8.9184,10.0,0.004612266666666667
openmarcie_bicycle,cpu,dense,openmarcie_bicycle__all__qwen3_8b,qwen3_8b,all,edge,spectrometer_gateway,spectrometer,7672,30688,0,33805,483840,0.2884709997488244,0.38782200008427026,0.008779999916441739,4324,5.4592,10.0,0.0023061333333333333
openmarcie_bicycle,cpu,dense,openmarcie_bicycle__all__qwen3_8b,qwen3_8b,all,edge,temperature_gateway,temperature,3640,14560,0,17741,228480,0.18582100028652349,0.3240970002934773,0.0085299998318078,4324,5.4592,10.0,0.0023061333333333333
openmarcie_bicycle,cpu,dense,openmarcie_bicycle__all__qwen3_8b,qwen3_8b,all,edge,thermal_gateway,thermal,40640,162560,0,165581,2580480,0.19378099977984675,0.21047510003882053,0.008729999990464421,4324,5.4592,10.0,0.0023061333333333333
openmarcie_bicycle,cpu,dense,openmarcie_bicycle__all__qwen3_8b,qwen3_8b,all,core,core,,28344,113376,0,124977,66264896,1.5156149997892499,1.5346319996297098,0.08393999996769708,,,,
openmarcie_bicycle,cpu,dense,openmarcie_bicycle__all__qwen3_8b,qwen3_8b,all,core,core_language,,8207651840,16449136640,256,,7158637591424,4093.558195999776,4148.151178999979,13.774889000160329,,,,
openmarcie_bicycle,cpu,dense_tokens,openmarcie_bicycle__all__qwen3_8b,qwen3_8b,all,edge,audio0,audio0,354518,1418072,0,1422777,22582400,0.3157930000270426,0.33920200007742096,0.008510000043315813,1100,2.88,10.0,0.0005866666666666667
openmarcie_bicycle,cpu,dense_tokens,openmarcie_bicycle__all__qwen3_8b,qwen3_8b,all,edge,barometer_gateway,barometer,6016,24064,0,28729,343680,0.19702100007634726,0.21593990013570874,0.008600000001024455,1100,2.88,10.0,0.0005866666666666667
openmarcie_bicycle,cpu,dense_tokens,openmarcie_bicycle__all__qwen3_8b,qwen3_8b,all,edge,chest_lidar0,"chest_lidar0_rgb,chest_lidar0_depth",94224,376896,0,385103,5915648,0.3925030000573315,0.4132218999075121,0.015900000107649248,2200,3.76,10.0,0.0011733333333333333
openmarcie_bicycle,cpu,dense_tokens,openmarcie_bicycle__all__qwen3_8b,qwen3_8b,all,edge,imu_gateway,imu,9418,37672,0,42297,559104,0.20360200005598017,0.21676000005754759,0.008379999599128496,1100,2.88,10.0,0.0005866666666666667
openmarcie_bicycle,cpu,dense_tokens,openmarcie_bicycle__all__qwen3_8b,qwen3_8b,all,edge,magnetometer_gateway,magnetometer,7078,28312,0,32953,410880,0.1957909998964169,0.20886889992652868,0.008170000000973232,1100,2.88,10.0,0.0005866666666666667
openmarcie_bicycle,cpu,dense_tokens,openmarcie_bicycle__all__qwen3_8b,qwen3_8b,all,edge,room_rgbd0,"room_rgbd0_rgb,room_rgbd0_depth",94224,376896,0,385103,5915648,0.39122299995142384,0.40565989993410767,0.015690000054746633,2200,3.76,10.0,0.0011733333333333333
openmarcie_bicycle,cpu,dense_tokens,openmarcie_bicycle__all__qwen3_8b,qwen3_8b,all,edge,room_rgbd1,"room_rgbd1_rgb,room_rgbd1_depth",94224,376896,0,385103,5915648,0.3961630000048899,0.40537899994887994,0.015521000022999942,2200,3.76,10.0,0.0011733333333333333
openmarcie_bicycle,cpu,dense_tokens,openmarcie_bicycle__all__qwen3_8b,qwen3_8b,all,edge,spectrometer_gateway,spectrometer,10048,40192,0,44793,599040,0.1946409997799492,0.21085989974380936,0.008319999778905185,1100,2.88,10.0,0.0005866666666666667
openmarcie_bicycle,cpu,dense_tokens,openmarcie_bicycle__all__qwen3_8b,qwen3_8b,all,edge,temperature_gateway,temperature,6016,24064,0,28729,343680,0.18929199995909585,0.20687799978986732,0.008290000096167205,1100,2.88,10.0,0.0005866666666666667
openmarcie_bicycle,cpu,dense_tokens,openmarcie_bicycle__all__qwen3_8b,qwen3_8b,all,edge,thermal_gateway,thermal,43016,172064,0,176569,2695680,0.20997199999328586,0.2267740999286616,0.008310999874083791,1100,2.88,10.0,0.0005866666666666667
openmarcie_bicycle,cpu,dense_tokens,openmarcie_bicycle__all__qwen3_8b,qwen3_8b,all,core,core,,28344,113376,0,124977,8297792,0.5698340000890312,0.5890229001579428,0.07735999997748877,,,,
openmarcie_bicycle,cpu,dense_tokens,openmarcie_bicycle__all__qwen3_8b,qwen3_8b,all,core,core_language,,8207651840,16449136640,256,,2687502671744,2842.4976289998085,2843.0056834998595,4.066632000103709,,,,
openmarcie_bicycle,cpu,raw,openmarcie_bicycle__all__qwen3_8b,qwen3_8b,all,edge,audio0,audio0,0,0,0,0,0,0.0004699995770351961,0.0010279998150508618,0.03502999970805831,390484,314.3872,10.0,0.20825813333333335
openmarcie_bicycle,cpu,raw,openmarcie_bicycle__all__qwen3_8b,qwen3_8b,all,edge,barometer_gateway,barometer,0,0,0,0,0,0.0005499996404978447,0.0006489998213510262,0.008380000053875847,524,2.4192,10.0,0.00027946666666666667
openmarcie_bicycle,cpu,raw,openmarcie_bicycle__all__qwen3_8b,qwen3_8b,all,edge,chest_lidar0,"chest_lidar0_rgb,chest_lidar0_depth",0,0,0,0,0,0.0005699998837371822,0.0007410001217067474,0.019490000340738334,25304,22.2432,10.0,0.013495466666666667
openmarcie_bicycle,cpu,raw,openmarcie_bicycle__all__qwen3_8b,qwen3_8b,all,edge,imu_gateway,imu,0,0,0,0,0,0.0005000001692678779,0.0005629999122902518,0.011369999810995068,16164,14.9312,10.0,0.0086208
openmarcie_bicycle,cpu,raw,openmarcie_bicycle__all__qwen3_8b,qwen3_8b,all,edge,magnetometer_gateway,magnetometer,0,0,0,0,0,0.0004599996827892028,0.0004959997113473946,0.008299999990413198,1244,2.9952,10.0,0.0006634666666666667
openmarcie_bicycle,cpu,raw,openmarcie_bicycle__all__qwen3_8b,qwen3_8b,all,edge,room_rgbd0,"room_rgbd0_rgb,room_rgbd0_depth",0,0,0,0,0,0.0005400002009992022,0.0006660000963165658,0.01855100026659784,25304,22.2432,10.0,0.013495466666666667
openmarcie_bicycle,cpu,raw,openmarcie_bicycle__all__qwen3_8b,qwen3_8b,all,edge,room_rgbd1,"room_rgbd1_rgb,room_rgbd1_depth",0,0,0,0,0,0.0006899999789311551,0.0007800002549629426,0.018590000308904564,25304,22.2432,10.0,0.013495466666666667
openmarcie_bicycle,cpu,raw,openmarcie_bicycle__all__qwen3_8b,qwen3_8b,all,edge,spectrometer_gateway,spectrometer,0,0,0,0,0,0.0005100000635138713,0.0006360003681038506,0.00836000026538386,3100,4.48,10.0,0.0016533333333333333
openmarcie_bicycle,cpu,raw,openmarcie_bicycle__all__qwen3_8b,qwen3_8b,all,edge,temperature_gateway,temperature,0,0,0,0,0,0.0004399998942972161,0.0005479999799717916,0.008369999704882503,524,2.4192,10.0,0.00027946666666666667
openmarcie_bicycle,cpu,raw,openmarcie_bicycle__all__qwen3_8b,qwen3_8b,all,edge,thermal_gateway,thermal,0,0,0,0,0,0.0004000003173132427,0.0004719999651570106,0.009340000360680278,15804,14.6432,10.0,0.0084288
openmarcie_bicycle,cpu,raw,openmarcie_bicycle__all__qwen3_8b,qwen3_8b,all,core,core,,716238,2864952,0,2908643,110048704,3.18353600005139,3.206962099920929,0.104680999811535,,,,
openmarcie_bicycle,cpu,raw,openmarcie_bicycle__all__qwen3_8b,qwen3_8b,all,core,core_language,,8207651840,16449136640,256,,7158637591424,4093.558195999776,4148.151178999979,13.647728000250936,,,,
openmarcie_bicycle,cpu,early_fusion,openmarcie_bicycle__all__qwen3_8b,qwen3_8b,all,edge,audio0,audio0,0,0,0,0,0,0.0005100000635138713,0.0007979998827067902,0.03362000006745802,390484,314.3872,10.0,0.20825813333333335
openmarcie_bicycle,cpu,early_fusion,openmarcie_bicycle__all__qwen3_8b,qwen3_8b,all,edge,barometer_gateway,barometer,0,0,0,0,0,0.0005100000635138713,0.0006540001777466387,0.00850000014906982,524,2.4192,10.0,0.00027946666666666667
openmarcie_bicycle,cpu,early_fusion,openmarcie_bicycle__all__qwen3_8b,qwen3_8b,all,edge,chest_lidar0,"chest_lidar0_rgb,chest_lidar0_depth",0,0,0,0,0,0.0005900001269765198,0.0007430001460306812,0.01936999979079701,25304,22.2432,10.0,0.013495466666666667
openmarcie_bicycle,cpu,early_fusion,openmarcie_bicycle__all__qwen3_8b,qwen3_8b,all,edge,imu_gateway,imu,0,0,0,0,0,0.00047999992602854036,0.0005159999545867322,0.010600000223348616,16164,14.9312,10.0,0.0086208
openmarcie_bicycle,cpu,early_fusion,openmarcie_bicycle__all__qwen3_8b,qwen3_8b,all,edge,magnetometer_gateway,magnetometer,0,0,0,0,0,0.000440000349044567,0.00048500028242415283,0.008289999641419854,1244,2.9952,10.0,0.0006634666666666667
openmarcie_bicycle,cpu,early_fusion,openmarcie_bicycle__all__qwen3_8b,qwen3_8b,all,edge,room_rgbd0,"room_rgbd0_rgb,room_rgbd0_depth",0,0,0,0,0,0.000529999852005858,0.0006920001851540292,0.018539999928179896,25304,22.2432,10.0,0.013495466666666667
openmarcie_bicycle,cpu,early_fusion,openmarcie_bicycle__all__qwen3_8b,qwen3_8b,all,edge,room_rgbd1,"room_rgbd1_rgb,room_rgbd1_depth",0,0,0,0,0,0.0005400002009992022,0.0006480002866737777,0.018740000086836517,25304,22.2432,10.0,0.013495466666666667
openmarcie_bicycle,cpu,early_fusion,openmarcie_bicycle__all__qwen3_8b,qwen3_8b,all,edge,spectrometer_gateway,spectrometer,0,0,0,0,0,0.0004399998942972161,0.0005660001988871954,0.008580000212532468,3100,4.48,10.0,0.0016533333333333333
openmarcie_bicycle,cpu,early_fusion,openmarcie_bicycle__all__qwen3_8b,qwen3_8b,all,edge,temperature_gateway,temperature,0,0,0,0,0,0.0005599999894911889,0.0005689998943125829,0.008139999863487901,524,2.4192,10.0,0.00027946666666666667
openmarcie_bicycle,cpu,early_fusion,openmarcie_bicycle__all__qwen3_8b,qwen3_8b,all,edge,thermal_gateway,thermal,0,0,0,0,0,0.000440000349044567,0.0005210003109823447,0.00963000002229819,15804,14.6432,10.0,0.0084288
openmarcie_bicycle,cpu,early_fusion,openmarcie_bicycle__all__qwen3_8b,qwen3_8b,all,core,core,,487758,1951032,0,1979279,31210944,1.838085000144929,1.8657231000815955,0.10703099997044774,,,,
openmarcie_bicycle,cpu,early_fusion,openmarcie_bicycle__all__qwen3_8b,qwen3_8b,all,core,core_language,,8207651840,16449136640,256,,1672009759616,2601.6734360000555,2601.7492258999027,1.8916250000984292,,,,
openmarcie_bicycle,cpu,late_fusion,openmarcie_bicycle__all__qwen3_8b,qwen3_8b,all,edge,audio0,audio0,352538,1410152,0,1413765,22467968,0.26977200013789115,0.29088689989293925,0.007890000233601313,96,2.0768,10.0,5.12e-05
openmarcie_bicycle,cpu,late_fusion,openmarcie_bicycle__all__qwen3_8b,qwen3_8b,all,edge,barometer_gateway,barometer,4036,16144,0,19717,229248,0.15282100002877996,0.16911190004975651,0.008040000011533266,96,2.0768,10.0,5.12e-05
openmarcie_bicycle,cpu,late_fusion,openmarcie_bicycle__all__qwen3_8b,qwen3_8b,all,edge,chest_lidar0,"chest_lidar0_rgb,chest_lidar0_depth",90264,361056,0,367079,5686784,0.3206119999958901,0.33431899992137915,0.014840000403637532,192,2.1536,10.0,0.0001024
openmarcie_bicycle,cpu,late_fusion,openmarcie_bicycle__all__qwen3_8b,qwen3_8b,all,edge,imu_gateway,imu,7438,29752,0,33285,444672,0.16666100009388174,0.18322190012440842,0.007759999789413996,96,2.0768,10.0,5.12e-05
openmarcie_bicycle,cpu,late_fusion,openmarcie_bicycle__all__qwen3_8b,qwen3_8b,all,edge,magnetometer_gateway,magnetometer,5098,20392,0,23941,296448,0.1551110003674694,0.16809889971227676,0.008960000286606373,96,2.0768,10.0,5.12e-05
openmarcie_bicycle,cpu,late_fusion,openmarcie_bicycle__all__qwen3_8b,qwen3_8b,all,edge,room_rgbd0,"room_rgbd0_rgb,room_rgbd0_depth",90264,361056,0,367079,5686784,0.3258830001868773,0.33281300015914894,0.014760000340174884,192,2.1536,10.0,0.0001024
openmarcie_bicycle,cpu,late_fusion,openmarcie_bicycle__all__qwen3_8b,qwen3_8b,all,edge,room_rgbd1,"room_rgbd1_rgb,room_rgbd1_depth",90264,361056,0,367079,5686784,0.32967299966912833,0.33149910000247473,0.014910999652784085,192,2.1536,10.0,0.0001024
openmarcie_bicycle,cpu,late_fusion,openmarcie_bicycle__all__qwen3_8b,qwen3_8b,all,edge,spectrometer_gateway,spectrometer,8068,32272,0,35781,484608,0.16206100008275826,0.18118689999937487,0.007730000106676016,96,2.0768,10.0,5.12e-05
openmarcie_bicycle,cpu,late_fusion,openmarcie_bicycle__all__qwen3_8b,qwen3_8b,all,edge,temperature_gateway,temperature,4036,16144,0,19717,229248,0.15212100015560281,0.16532400009054982,0.00810999972600257,96,2.0768,10.0,5.12e-05
openmarcie_bicycle,cpu,late_fusion,openmarcie_bicycle__all__qwen3_8b,qwen3_8b,all,edge,thermal_gateway,thermal,41036,164144,0,167557,2581248,0.17522100006317487,0.18975689981743926,0.008239999715442536,96,2.0768,10.0,5.12e-05
openmarcie_bicycle,cpu,late_fusion,openmarcie_bicycle__all__qwen3_8b,qwen3_8b,all,core,core,,0,0,0,0,0,0.09023099983096472,0.09599100030754926,0.07447099960700143,,,,
openmarcie_bicycle,cpu,late_fusion,openmarcie_bicycle__all__qwen3_8b,qwen3_8b,all,core,core_language,,8190735360,16381470720,256,,1460643574784,2557.431867000105,2562.6412524001353,0.23703199985902756,,,,
openmarcie_bicycle,cpu,local_only,openmarcie_bicycle__all__qwen3_8b,qwen3_8b,all,edge,audio0,audio0,352538,1410152,0,1413765,22467968,0.26855200030695414,0.2920248996815644,0.007999999979801942,52,2.0416,10.0,2.7733333333333334e-05
openmarcie_bicycle,cpu,local_only,openmarcie_bicycle__all__qwen3_8b,qwen3_8b,all,edge,barometer_gateway,barometer,4036,16144,0,19717,229248,0.16741200033720816,0.17286599995713914,0.007991000074980548,52,2.0416,10.0,2.7733333333333334e-05
openmarcie_bicycle,cpu,local_only,openmarcie_bicycle__all__qwen3_8b,qwen3_8b,all,edge,chest_lidar0,"chest_lidar0_rgb,chest_lidar0_depth",90264,361056,0,367079,5686784,0.3246640003453649,0.3478921002624702,0.015359999906650046,104,2.0832,10.0,5.546666666666667e-05
openmarcie_bicycle,cpu,local_only,openmarcie_bicycle__all__qwen3_8b,qwen3_8b,all,edge,imu_gateway,imu,7438,29752,0,33285,444672,0.1664209999034938,0.18101989981005318,0.00762999979997403,52,2.0416,10.0,2.7733333333333334e-05
openmarcie_bicycle,cpu,local_only,openmarcie_bicycle__all__qwen3_8b,qwen3_8b,all,edge,magnetometer_gateway,magnetometer,5098,20392,0,23941,296448,0.16279200008284533,0.18431009966661804,0.007749999895168003,52,2.0416,10.0,2.7733333333333334e-05
openmarcie_bicycle,cpu,local_only,openmarcie_bicycle__all__qwen3_8b,qwen3_8b,all,edge,room_rgbd0,"room_rgbd0_rgb,room_rgbd0_depth",90264,361056,0,367079,5686784,0.32676299997547176,0.3429908998441533,0.014729999747942202,104,2.0832,10.0,5.546666666666667e-05
openmarcie_bicycle,cpu,local_only,openmarcie_bicycle__all__qwen3_8b,qwen3_8b,all,edge,room_rgbd1,"room_rgbd1_rgb,room_rgbd1_depth",90264,361056,0,367079,5686784,0.3278229996794835,0.3387040000234265,0.014729999747942202,104,2.0832,10.0,5.546666666666667e-05
openmarcie_bicycle,cpu,local_only,openmarcie_bicycle__all__qwen3_8b,qwen3_8b,all,edge,spectrometer_gateway,spectrometer,8068,32272,0,35781,484608,0.1689619998614944,0.1756040000145731,0.007820000064384658,52,2.0416,10.0,2.7733333333333334e-05
openmarcie_bicycle,cpu,local_only,openmarcie_bicycle__all__qwen3_8b,qwen3_8b,all,edge,temperature_gateway,temperature,4036,16144,0,19717,229248,0.15780200010340195,0.17065400006686104,0.00793999970483128,52,2.0416,10.0,2.7733333333333334e-05
openmarcie_bicycle,cpu,local_only,openmarcie_bicycle__all__qwen3_8b,qwen3_8b,all,edge,thermal_gateway,thermal,41036,164144,0,167557,2581248,0.18485100008547306,0.18939690030492784,0.00777000013840734,52,2.0416,10.0,2.7733333333333334e-05
openmarcie_bicycle,cpu,local_only,openmarcie_bicycle__all__qwen3_8b,qwen3_8b,all,core,core,,0,0,0,0,0,0.13662099991051946,0.14492800005427853,0.07505099983973196,,,,
openmarcie_bicycle,cpu,local_only,openmarcie_bicycle__all__qwen3_8b,qwen3_8b,all,core,core_language,,8190735360,16381470720,256,,1460643574784,2557.431867000105,2562.6412524001353,0.19392200010770466,,,,
openmarcie_bicycle,cpu,bottleneck,openmarcie_bicycle__all__qwen3_8b,qwen3_8b,all,edge,audio0,audio0,352274,1409096,0,1412741,22475392,0.26577199969324283,0.2859958998669754,0.008439999874099158,684,2.5472,10.0,0.0003648
openmarcie_bicycle,cpu,bottleneck,openmarcie_bicycle__all__qwen3_8b,qwen3_8b,all,edge,barometer_gateway,barometer,3772,15088,0,18693,236672,0.1605119996384019,0.1742009997542482,0.008790999800112331,684,2.5472,10.0,0.0003648
openmarcie_bicycle,cpu,bottleneck,openmarcie_bicycle__all__qwen3_8b,qwen3_8b,all,edge,chest_lidar0,"chest_lidar0_rgb,chest_lidar0_depth",89736,358944,0,365031,5701632,0.32572300005995203,0.34015090013781446,0.01658000019233441,1368,3.0944000000000003,10.0,0.0007296
openmarcie_bicycle,cpu,bottleneck,openmarcie_bicycle__all__qwen3_8b,qwen3_8b,all,edge,imu_gateway,imu,7174,28696,0,32261,452096,0.17605199991521658,0.18075809966831002,0.008429999979853164,684,2.5472,10.0,0.0003648
openmarcie_bicycle,cpu,bottleneck,openmarcie_bicycle__all__qwen3_8b,qwen3_8b,all,edge,magnetometer_gateway,magnetometer,4834,19336,0,22917,303872,0.16009199998734402,0.17402399998900364,0.008420000085607171,684,2.5472,10.0,0.0003648
openmarcie_bicycle,cpu,bottleneck,openmarcie_bicycle__all__qwen3_8b,qwen3_8b,all,edge,room_rgbd0,"room_rgbd0_rgb,room_rgbd0_depth",89736,358944,0,365031,5701632,0.32692400009182165,0.3359861000262754,0.016290000075969147,1368,3.0944000000000003,10.0,0.0007296
openmarcie_bicycle,cpu,bottleneck,openmarcie_bicycle__all__qwen3_8b,qwen3_8b,all,edge,room_rgbd1,"room_rgbd1_rgb,room_rgbd1_depth",89736,358944,0,365031,5701632,0.3256429999964894,0.3344990000641701,0.01633000010770047,1368,3.0944000000000003,10.0,0.0007296
openmarcie_bicycle,cpu,bottleneck,openmarcie_bicycle__all__qwen3_8b,qwen3_8b,all,edge,spectrometer_gateway,spectrometer,7804,31216,0,34757,492032,0.16341199989255983,0.18140209995181067,0.008590000106778461,684,2.5472,10.0,0.0003648
openmarcie_bicycle,cpu,bottleneck,openmarcie_bicycle__all__qwen3_8b,qwen3_8b,all,edge,temperature_gateway,temperature,3772,15088,0,18693,236672,0.15608200010319706,0.16836610034260957,0.008380000053875847,684,2.5472,10.0,0.0003648
openmarcie_bicycle,cpu,bottleneck,openmarcie_bicycle__all__qwen3_8b,qwen3_8b,all,edge,thermal_gateway,thermal,40772,163088,0,166533,2588672,0.17549100039104815,0.19544489973668533,0.008779999916441739,684,2.5472,10.0,0.0003648
openmarcie_bicycle,cpu,bottleneck,openmarcie_bicycle__all__qwen3_8b,qwen3_8b,all,core,core,,30424,121696,0,141027,66371392,1.283713000248099,1.3107318997754192,0.07904100039013429,,,,
openmarcie_bicycle,cpu,bottleneck,openmarcie_bicycle__all__qwen3_8b,qwen3_8b,all,core,core_language,,8207651840,16449136640,256,,7158637591424,4093.558195999776,4148.151178999979,13.56294600009278,,,,
openmarcie_bicycle,cpu,tokenlearner,openmarcie_bicycle__all__qwen3_8b,qwen3_8b,all,edge,audio0,audio0,353462,1413848,0,1418047,22566016,0.29853300020477036,0.3248759999223694,0.00804999990577926,1100,2.88,10.0,0.0005866666666666667
openmarcie_bicycle,cpu,tokenlearner,openmarcie_bicycle__all__qwen3_8b,qwen3_8b,all,edge,barometer_gateway,barometer,4960,19840,0,23935,327296,0.18545199964137282,0.204352000309882,0.008189999789465219,1100,2.88,10.0,0.0005866666666666667
openmarcie_bicycle,cpu,tokenlearner,openmarcie_bicycle__all__qwen3_8b,qwen3_8b,all,edge,chest_lidar0,"chest_lidar0_rgb,chest_lidar0_depth",92112,368448,0,375643,5882880,0.37414299958982156,0.38097489978099475,0.01503000021330081,2200,3.76,10.0,0.0011733333333333333
openmarcie_bicycle,cpu,tokenlearner,openmarcie_bicycle__all__qwen3_8b,qwen3_8b,all,edge,imu_gateway,imu,8362,33448,0,37503,542720,0.19930200005546794,0.20632200030377135,0.008029999662539922,1100,2.88,10.0,0.0005866666666666667
openmarcie_bicycle,cpu,tokenlearner,openmarcie_bicycle__all__qwen3_8b,qwen3_8b,all,edge,magnetometer_gateway,magnetometer,6022,24088,0,28159,394496,0.1872809998531011,0.19903589995919901,0.007901000117271906,1100,2.88,10.0,0.0005866666666666667
openmarcie_bicycle,cpu,tokenlearner,openmarcie_bicycle__all__qwen3_8b,qwen3_8b,all,edge,room_rgbd0,"room_rgbd0_rgb,room_rgbd0_depth",92112,368448,0,375643,5882880,0.37147300008655293,0.38204889997359714,0.015239999811456073,2200,3.76,10.0,0.0011733333333333333
openmarcie_bicycle,cpu,tokenlearner,openmarcie_bicycle__all__qwen3_8b,qwen3_8b,all,edge,room_rgbd1,"room_rgbd1_rgb,room_rgbd1_depth",92112,368448,0,375643,5882880,0.3706640000018524,0.3857299998799135,0.015180999980657361,2200,3.76,10.0,0.0011733333333333333
openmarcie_bicycle,cpu,tokenlearner,openmarcie_bicycle__all__qwen3_8b,qwen3_8b,all,edge,spectrometer_gateway,spectrometer,8992,35968,0,39999,582656,0.18563200001153746,0.20056300008945982,0.007829999958630651,1100,2.88,10.0,0.0005866666666666667
openmarcie_bicycle,cpu,tokenlearner,openmarcie_bicycle__all__qwen3_8b,qwen3_8b,all,edge,temperature_gateway,temperature,4960,19840,0,23935,327296,0.18116199998985394,0.19601200010583852,0.00804999990577926,1100,2.88,10.0,0.0005866666666666667
openmarcie_bicycle,cpu,tokenlearner,openmarcie_bicycle__all__qwen3_8b,qwen3_8b,all,edge,thermal_gateway,thermal,41960,167840,0,171775,2679296,0.2025419998972211,0.2187159003369743,0.008390000402869191,1100,2.88,10.0,0.0005866666666666667
openmarcie_bicycle,cpu,tokenlearner,openmarcie_bicycle__all__qwen3_8b,qwen3_8b,all,core,core,,28344,113376,0,124977,8297792,0.5658049999510695,0.5871809002201189,0.07830999993529986,,,,
openmarcie_bicycle,cpu,tokenlearner,openmarcie_bicycle__all__qwen3_8b,qwen3_8b,all,core,core_language,,8207651840,16449136640,256,,2687502671744,2842.4976289998085,2843.0056834998595,4.006320000371488,,,,
openmarcie_bicycle,cpu,posthoc_vq,openmarcie_bicycle__all__qwen3_8b,qwen3_8b,all,edge,audio0,audio0,365454,1461816,0,1465289,22532736,0.3524640001160151,0.3801030000431638,0.012970000170753337,208,2.1664,10.0,0.00011093333333333334
openmarcie_bicycle,cpu,posthoc_vq,openmarcie_bicycle__all__qwen3_8b,qwen3_8b,all,edge,barometer_gateway,barometer,16952,67808,0,71241,294016,0.23626199981663376,0.2525438999327889,0.012949999927514,208,2.1664,10.0,0.00011093333333333334
openmarcie_bicycle,cpu,posthoc_vq,openmarcie_bicycle__all__qwen3_8b,qwen3_8b,all,edge,chest_lidar0,"chest_lidar0_rgb,chest_lidar0_depth",102784,411136,0,416496,5816320,0.4556939998110465,0.4680969000219193,0.023981000140338438,416,2.3327999999999998,10.0,0.00022186666666666667
openmarcie_bicycle,cpu,posthoc_vq,openmarcie_bicycle__all__qwen3_8b,qwen3_8b,all,edge,imu_gateway,imu,20354,81416,0,84809,509440,0.2462129996274598,0.26706600010584225,0.012941000022692606,208,2.1664,10.0,0.00011093333333333334
openmarcie_bicycle,cpu,posthoc_vq,openmarcie_bicycle__all__qwen3_8b,qwen3_8b,all,edge,magnetometer_gateway,magnetometer,18014,72056,0,75465,361216,0.23531199985882267,0.24952390017460857,0.012759999663103372,208,2.1664,10.0,0.00011093333333333334
openmarcie_bicycle,cpu,posthoc_vq,openmarcie_bicycle__all__qwen3_8b,qwen3_8b,all,edge,room_rgbd0,"room_rgbd0_rgb,room_rgbd0_depth",102784,411136,0,416496,5816320,0.4490450000957935,0.47069899987945973,0.02362100030950387,416,2.3327999999999998,10.0,0.00022186666666666667
openmarcie_bicycle,cpu,posthoc_vq,openmarcie_bicycle__all__qwen3_8b,qwen3_8b,all,edge,room_rgbd1,"room_rgbd1_rgb,room_rgbd1_depth",102784,411136,0,416496,5816320,0.452514000244264,0.46267590000752534,0.023839999812480528,416,2.3327999999999998,10.0,0.00022186666666666667
openmarcie_bicycle,cpu,posthoc_vq,openmarcie_bicycle__all__qwen3_8b,qwen3_8b,all,edge,spectrometer_gateway,spectrometer,20984,83936,0,87305,549376,0.24023200012379675,0.2620128997932625,0.013190000117901945,208,2.1664,10.0,0.00011093333333333334
openmarcie_bicycle,cpu,posthoc_vq,openmarcie_bicycle__all__qwen3_8b,qwen3_8b,all,edge,temperature_gateway,temperature,16952,67808,0,71241,294016,0.2320230000805168,0.24478410018673458,0.01295000038226135,208,2.1664,10.0,0.00011093333333333334
openmarcie_bicycle,cpu,posthoc_vq,openmarcie_bicycle__all__qwen3_8b,qwen3_8b,all,edge,thermal_gateway,thermal,53952,215808,0,219081,2646016,0.25332300037916866,0.26380799999969895,0.012840000181313371,208,2.1664,10.0,0.00011093333333333334
openmarcie_bicycle,cpu,posthoc_vq,openmarcie_bicycle__all__qwen3_8b,qwen3_8b,all,core,core,,41656,166624,0,178542,66264896,1.40149399976508,1.439528000264545,0.11931099970752257,,,,
openmarcie_bicycle,cpu,posthoc_vq,openmarcie_bicycle__all__qwen3_8b,qwen3_8b,all,core,core_language,,8207651840,16449136640,256,,7158637591424,4093.558195999776,4148.151178999979,13.56217700003981,,,,
openmarcie_bicycle,cpu,joint_vq,openmarcie_bicycle__all__qwen3_8b,qwen3_8b,all,edge,audio0,audio0,367830,1471320,0,1476278,22598784,0.3960850003750238,0.4150921003201802,0.012579999747686088,85,2.068,10.0,4.5333333333333335e-05
openmarcie_bicycle,cpu,joint_vq,openmarcie_bicycle__all__qwen3_8b,qwen3_8b,all,edge,barometer_gateway,barometer,19328,77312,0,82230,360064,0.2704530002120009,0.2852579999853333,0.012700000297627412,85,2.068,10.0,4.5333333333333335e-05
openmarcie_bicycle,cpu,joint_vq,openmarcie_bicycle__all__qwen3_8b,qwen3_8b,all,edge,chest_lidar0,"chest_lidar0_rgb,chest_lidar0_depth",107536,430144,0,438668,5948416,0.5151450000084878,0.539220899963766,0.023779999992257217,170,2.136,10.0,9.066666666666667e-05
openmarcie_bicycle,cpu,joint_vq,openmarcie_bicycle__all__qwen3_8b,qwen3_8b,all,edge,imu_gateway,imu,22730,90920,0,95798,575488,0.28515300027720514,0.30059699984121835,0.012909999895782676,85,2.068,10.0,4.5333333333333335e-05
openmarcie_bicycle,cpu,joint_vq,openmarcie_bicycle__all__qwen3_8b,qwen3_8b,all,edge,magnetometer_gateway,magnetometer,20390,81560,0,86454,427264,0.27983300014966517,0.2848540998456883,0.012399999832268804,85,2.068,10.0,4.5333333333333335e-05
openmarcie_bicycle,cpu,joint_vq,openmarcie_bicycle__all__qwen3_8b,qwen3_8b,all,edge,room_rgbd0,"room_rgbd0_rgb,room_rgbd0_depth",107536,430144,0,438668,5948416,0.5245450001893914,0.5272639000850177,0.024760000087553635,170,2.136,10.0,9.066666666666667e-05
openmarcie_bicycle,cpu,joint_vq,openmarcie_bicycle__all__qwen3_8b,qwen3_8b,all,edge,room_rgbd1,"room_rgbd1_rgb,room_rgbd1_depth",107536,430144,0,438668,5948416,0.5129249998390151,0.5394668999088026,0.023189999865280697,170,2.136,10.0,9.066666666666667e-05
openmarcie_bicycle,cpu,joint_vq,openmarcie_bicycle__all__qwen3_8b,qwen3_8b,all,edge,spectrometer_gateway,spectrometer,23360,93440,0,98294,615424,0.2704530002120009,0.2841240001089318,0.012540000170702115,85,2.068,10.0,4.5333333333333335e-05
openmarcie_bicycle,cpu,joint_vq,openmarcie_bicycle__all__qwen3_8b,qwen3_8b,all,edge,temperature_gateway,temperature,19328,77312,0,82230,360064,0.2669519999471959,0.28626689991142484,0.012879999758297345,85,2.068,10.0,4.5333333333333335e-05
openmarcie_bicycle,cpu,joint_vq,openmarcie_bicycle__all__qwen3_8b,qwen3_8b,all,edge,thermal_gateway,thermal,56328,225312,0,230070,2712064,0.2876530002140498,0.30901900017852313,0.012360000255284831,85,2.068,10.0,4.5333333333333335e-05
openmarcie_bicycle,cpu,joint_vq,openmarcie_bicycle__all__qwen3_8b,qwen3_8b,all,core,core,,41656,166624,0,178542,8297792,0.7081069998093881,0.7331908997457504,0.1129809998019482,,,,
openmarcie_bicycle,cpu,joint_vq,openmarcie_bicycle__all__qwen3_8b,qwen3_8b,all,core,core_language,,8207651840,16449136640,256,,2687502671744,2842.4976289998085,2843.0056834998595,4.016390000288084,,,,
openmarcie_bicycle,cpu,deepconvlstm,openmarcie_bicycle__all__qwen3_8b,qwen3_8b,all,edge,audio0,audio0,0,0,0,0,0,0.0004899998202745337,0.0008238999726017937,0.0342810003530758,390484,314.3872,10.0,0.20825813333333335
openmarcie_bicycle,cpu,deepconvlstm,openmarcie_bicycle__all__qwen3_8b,qwen3_8b,all,edge,barometer_gateway,barometer,0,0,0,0,0,0.00044999978854320943,0.0006389998361555627,0.008479999905830482,524,2.4192,10.0,0.00027946666666666667
openmarcie_bicycle,cpu,deepconvlstm,openmarcie_bicycle__all__qwen3_8b,qwen3_8b,all,edge,chest_lidar0,"chest_lidar0_rgb,chest_lidar0_depth",0,0,0,0,0,0.0005599999894911889,0.000802999875304522,0.019330999748490285,25304,22.2432,10.0,0.013495466666666667
openmarcie_bicycle,cpu,deepconvlstm,openmarcie_bicycle__all__qwen3_8b,qwen3_8b,all,edge,imu_gateway,imu,0,0,0,0,0,0.0004900002750218846,0.0005530000180442585,0.011500000255182385,16164,14.9312,10.0,0.0086208
openmarcie_bicycle,cpu,deepconvlstm,openmarcie_bicycle__all__qwen3_8b,qwen3_8b,all,edge,magnetometer_gateway,magnetometer,0,0,0,0,0,0.0005199999577598646,0.0006010003289702581,0.008309999884659192,1244,2.9952,10.0,0.0006634666666666667
openmarcie_bicycle,cpu,deepconvlstm,openmarcie_bicycle__all__qwen3_8b,qwen3_8b,all,edge,room_rgbd0,"room_rgbd0_rgb,room_rgbd0_depth",0,0,0,0,0,0.0005800002327305265,0.0006700000994896982,0.018310000086785294,25304,22.2432,10.0,0.013495466666666667
openmarcie_bicycle,cpu,deepconvlstm,openmarcie_bicycle__all__qwen3_8b,qwen3_8b,all,edge,room_rgbd1,"room_rgbd1_rgb,room_rgbd1_depth",0,0,0,0,0,0.0006000000212225132,0.0007259999165398767,0.01816100029827794,25304,22.2432,10.0,0.013495466666666667
openmarcie_bicycle,cpu,deepconvlstm,openmarcie_bicycle__all__qwen3_8b,qwen3_8b,all,edge,spectrometer_gateway,spectrometer,0,0,0,0,0,0.0004399998942972161,0.0005299997610563878,0.008590000106778461,3100,4.48,10.0,0.0016533333333333333
openmarcie_bicycle,cpu,deepconvlstm,openmarcie_bicycle__all__qwen3_8b,qwen3_8b,all,edge,temperature_gateway,temperature,0,0,0,0,0,0.0004399998942972161,0.000493999732498196,0.008180000349966576,524,2.4192,10.0,0.00027946666666666667
openmarcie_bicycle,cpu,deepconvlstm,openmarcie_bicycle__all__qwen3_8b,qwen3_8b,all,edge,thermal_gateway,thermal,0,0,0,0,0,0.0004199996510578785,0.0005370000508264638,0.00931999966269359,15804,14.6432,10.0,0.0084288
openmarcie_bicycle,cpu,deepconvlstm,openmarcie_bicycle__all__qwen3_8b,qwen3_8b,all,core,core,,679906,2719624,0,2740881,43260288,1.745147999827168,1.8218459998934122,0.10382100026617991,,,,
openmarcie_bicycle,cpu,deepconvlstm,openmarcie_bicycle__all__qwen3_8b,qwen3_8b,all,core,core_language,,8207651840,16449136640,256,,1672009759616,2601.6734360000555,2601.7492258999027,1.8877689999499125,,,,
openmarcie_bicycle,cpu,unrestricted_bank,openmarcie_bicycle__all__qwen3_8b,qwen3_8b,all,edge,audio0,audio0,368246,1472984,0,1478195,22795392,0.3165630000694364,0.34388700005365536,0.012649999916902743,85,2.068,10.0,4.5333333333333335e-05
openmarcie_bicycle,cpu,unrestricted_bank,openmarcie_bicycle__all__qwen3_8b,qwen3_8b,all,edge,barometer_gateway,barometer,19744,78976,0,84147,556672,0.20187300015095389,0.21725309998146258,0.012439999864000129,85,2.068,10.0,4.5333333333333335e-05
openmarcie_bicycle,cpu,unrestricted_bank,openmarcie_bicycle__all__qwen3_8b,qwen3_8b,all,edge,chest_lidar0,"chest_lidar0_rgb,chest_lidar0_depth",121680,486720,0,496003,6341632,0.4035839997413859,0.4192079998574627,0.022850999812362716,170,2.136,10.0,9.066666666666667e-05
openmarcie_bicycle,cpu,unrestricted_bank,openmarcie_bicycle__all__qwen3_8b,qwen3_8b,all,edge,imu_gateway,imu,23146,92584,0,97715,772096,0.21308299983502366,0.23235109988490876,0.012290000086068176,85,2.068,10.0,4.5333333333333335e-05
openmarcie_bicycle,cpu,unrestricted_bank,openmarcie_bicycle__all__qwen3_8b,qwen3_8b,all,edge,magnetometer_gateway,magnetometer,20806,83224,0,88371,623872,0.2024120003625285,0.21916999994573416,0.012460000107239466,85,2.068,10.0,4.5333333333333335e-05
openmarcie_bicycle,cpu,unrestricted_bank,openmarcie_bicycle__all__qwen3_8b,qwen3_8b,all,edge,room_rgbd0,"room_rgbd0_rgb,room_rgbd0_depth",121680,486720,0,496003,6341632,0.40492400012226426,0.41546299999026814,0.026780000098369783,170,2.136,10.0,9.066666666666667e-05
openmarcie_bicycle,cpu,unrestricted_bank,openmarcie_bicycle__all__qwen3_8b,qwen3_8b,all,edge,room_rgbd1,"room_rgbd1_rgb,room_rgbd1_depth",121680,486720,0,496003,6341632,0.400754000111192,0.4213999999137741,0.022980000267125433,170,2.136,10.0,9.066666666666667e-05
openmarcie_bicycle,cpu,unrestricted_bank,openmarcie_bicycle__all__qwen3_8b,qwen3_8b,all,edge,spectrometer_gateway,spectrometer,23776,95104,0,100211,812032,0.20576199995048228,0.2177140000185318,0.01249999968422344,85,2.068,10.0,4.5333333333333335e-05
openmarcie_bicycle,cpu,unrestricted_bank,openmarcie_bicycle__all__qwen3_8b,qwen3_8b,all,edge,temperature_gateway,temperature,19744,78976,0,84147,556672,0.20298200024626567,0.21601489993372525,0.012519999927462777,85,2.068,10.0,4.5333333333333335e-05
openmarcie_bicycle,cpu,unrestricted_bank,openmarcie_bicycle__all__qwen3_8b,qwen3_8b,all,edge,thermal_gateway,thermal,56744,226976,0,231987,2908672,0.21646300001521013,0.23367010016954737,0.012360000255284831,85,2.068,10.0,4.5333333333333335e-05
openmarcie_bicycle,cpu,unrestricted_bank,openmarcie_bicycle__all__qwen3_8b,qwen3_8b,all,core,core,,41656,166624,0,178542,8297792,0.6097659997976734,0.6456138996782101,0.11304200006634346,,,,
openmarcie_bicycle,cpu,unrestricted_bank,openmarcie_bicycle__all__qwen3_8b,qwen3_8b,all,core,core_language,,8207651840,16449136640,256,,2687502671744,2842.4976289998085,2843.0056834998595,4.007610000371642,,,,
openmarcie_bicycle,cpu,separate_banks,openmarcie_bicycle__all__qwen3_8b,qwen3_8b,all,edge,audio0,audio0,355574,1422296,0,1427507,22598784,0.3121429999737302,0.3367859000718454,0.012210000022605527,85,2.068,10.0,4.5333333333333335e-05
openmarcie_bicycle,cpu,separate_banks,openmarcie_bicycle__all__qwen3_8b,qwen3_8b,all,edge,barometer_gateway,barometer,7072,28288,0,33459,360064,0.20133199996053008,0.2203399998961686,0.012150000202382216,85,2.068,10.0,4.5333333333333335e-05
openmarcie_bicycle,cpu,separate_banks,openmarcie_bicycle__all__qwen3_8b,qwen3_8b,all,edge,chest_lidar0,"chest_lidar0_rgb,chest_lidar0_depth",96336,385344,0,394627,5948416,0.3915140000572137,0.4163990000506601,0.02268999969601282,170,2.136,10.0,9.066666666666667e-05
openmarcie_bicycle,cpu,separate_banks,openmarcie_bicycle__all__qwen3_8b,qwen3_8b,all,edge,imu_gateway,imu,10474,41896,0,47027,575488,0.21352200019464362,0.22398900000553112,0.012120000064896885,85,2.068,10.0,4.5333333333333335e-05
openmarcie_bicycle,cpu,separate_banks,openmarcie_bicycle__all__qwen3_8b,qwen3_8b,all,edge,magnetometer_gateway,magnetometer,8134,32536,0,37683,427264,0.20344199992905487,0.21942599992144096,0.012310999863984762,85,2.068,10.0,4.5333333333333335e-05
openmarcie_bicycle,cpu,separate_banks,openmarcie_bicycle__all__qwen3_8b,qwen3_8b,all,edge,room_rgbd0,"room_rgbd0_rgb,room_rgbd0_depth",96336,385344,0,394627,5948416,0.39336400004685856,0.4149100001541228,0.022960000023886096,170,2.136,10.0,9.066666666666667e-05
openmarcie_bicycle,cpu,separate_banks,openmarcie_bicycle__all__qwen3_8b,qwen3_8b,all,edge,room_rgbd1,"room_rgbd1_rgb,room_rgbd1_depth",96336,385344,0,394627,5948416,0.40665400001671514,0.41130699992208974,0.022741000066162087,170,2.136,10.0,9.066666666666667e-05
openmarcie_bicycle,cpu,separate_banks,openmarcie_bicycle__all__qwen3_8b,qwen3_8b,all,edge,spectrometer_gateway,spectrometer,11104,44416,0,49523,615424,0.20257199957995908,0.2184389995818492,0.012410000181262149,85,2.068,10.0,4.5333333333333335e-05
openmarcie_bicycle,cpu,separate_banks,openmarcie_bicycle__all__qwen3_8b,qwen3_8b,all,edge,temperature_gateway,temperature,7072,28288,0,33459,360064,0.19973200005551917,0.21185499995226564,0.012169999990874203,85,2.068,10.0,4.5333333333333335e-05
openmarcie_bicycle,cpu,separate_banks,openmarcie_bicycle__all__qwen3_8b,qwen3_8b,all,edge,thermal_gateway,thermal,44072,176288,0,181299,2712064,0.22336200026984443,0.23002290022304805,0.01225100004376145,85,2.068,10.0,4.5333333333333335e-05
openmarcie_bicycle,cpu,separate_banks,openmarcie_bicycle__all__qwen3_8b,qwen3_8b,all,core,core,,41656,166624,0,182090,8297792,0.7279870001184463,0.7579759001600905,0.11456100037321448,,,,
openmarcie_bicycle,cpu,separate_banks,openmarcie_bicycle__all__qwen3_8b,qwen3_8b,all,core,core_language,,8207651840,16449136640,256,,2687502671744,2842.4976289998085,2843.0056834998595,4.006759999811038,,,,
openmarcie_bicycle,cpu,fixed_resampling,openmarcie_bicycle__all__qwen3_8b,qwen3_8b,all,edge,audio0,audio0,355574,1422296,0,1427507,5591552,0.18171200008509913,0.2004770001349243,0.012859999969805358,85,2.068,10.0,4.5333333333333335e-05
openmarcie_bicycle,cpu,fixed_resampling,openmarcie_bicycle__all__qwen3_8b,qwen3_8b,all,edge,barometer_gateway,barometer,7072,28288,0,33459,358912,0.13203199978306657,0.14454110009864962,0.012459999652492115,85,2.068,10.0,4.5333333333333335e-05
openmarcie_bicycle,cpu,fixed_resampling,openmarcie_bicycle__all__qwen3_8b,qwen3_8b,all,edge,chest_lidar0,"chest_lidar0_rgb,chest_lidar0_depth",96336,385344,0,394627,3277824,0.2690830001483846,0.2744469999015564,0.023810000129742548,170,2.136,10.0,9.066666666666667e-05
openmarcie_bicycle,cpu,fixed_resampling,openmarcie_bicycle__all__qwen3_8b,qwen3_8b,all,edge,imu_gateway,imu,10474,41896,0,47027,543232,0.1404510003339965,0.15791190025993274,0.01252999982170877,85,2.068,10.0,4.5333333333333335e-05
openmarcie_bicycle,cpu,fixed_resampling,openmarcie_bicycle__all__qwen3_8b,qwen3_8b,all,edge,magnetometer_gateway,magnetometer,8134,32536,0,37683,420352,0.13135100016370416,0.1421609000317403,0.012699999842880061,85,2.068,10.0,4.5333333333333335e-05
openmarcie_bicycle,cpu,fixed_resampling,openmarcie_bicycle__all__qwen3_8b,qwen3_8b,all,edge,room_rgbd0,"room_rgbd0_rgb,room_rgbd0_depth",96336,385344,0,394627,3277824,0.26055199987240485,0.2767889000551804,0.023269999928743346,170,2.136,10.0,9.066666666666667e-05
openmarcie_bicycle,cpu,fixed_resampling,openmarcie_bicycle__all__qwen3_8b,qwen3_8b,all,edge,room_rgbd1,"room_rgbd1_rgb,room_rgbd1_depth",96336,385344,0,394627,3277824,0.2694929999051965,0.27159900014339655,0.023720000172033906,170,2.136,10.0,9.066666666666667e-05
openmarcie_bicycle,cpu,fixed_resampling,openmarcie_bicycle__all__qwen3_8b,qwen3_8b,all,edge,spectrometer_gateway,spectrometer,11104,44416,0,49523,573952,0.13116199988871813,0.14535410000462434,0.012169999990874203,85,2.068,10.0,4.5333333333333335e-05
openmarcie_bicycle,cpu,fixed_resampling,openmarcie_bicycle__all__qwen3_8b,qwen3_8b,all,edge,temperature_gateway,temperature,7072,28288,0,33459,358912,0.13588199999503559,0.14211809993867064,0.012450000212993473,85,2.068,10.0,4.5333333333333335e-05
openmarcie_bicycle,cpu,fixed_resampling,openmarcie_bicycle__all__qwen3_8b,qwen3_8b,all,edge,thermal_gateway,thermal,44072,176288,0,181299,1638912,0.13978199967823457,0.15145410025070305,0.012429999969754135,85,2.068,10.0,4.5333333333333335e-05
openmarcie_bicycle,cpu,fixed_resampling,openmarcie_bicycle__all__qwen3_8b,qwen3_8b,all,core,core,,41656,166624,0,178542,8297792,0.7100869997884729,0.7298780000382976,0.11509100022522034,,,,
openmarcie_bicycle,cpu,fixed_resampling,openmarcie_bicycle__all__qwen3_8b,qwen3_8b,all,core,core_language,,8207651840,16449136640,256,,2687502671744,2842.4976289998085,2843.0056834998595,4.019450999749097,,,,
openmarcie_bicycle,cpu,finetune_encoders,openmarcie_bicycle__all__qwen3_8b,qwen3_8b,all,edge,audio0,audio0,355574,1422296,0,1427507,22598784,0.31536400001641596,0.3418410999529442,0.012369999694783473,85,2.068,10.0,4.5333333333333335e-05
openmarcie_bicycle,cpu,finetune_encoders,openmarcie_bicycle__all__qwen3_8b,qwen3_8b,all,edge,barometer_gateway,barometer,7072,28288,0,33459,360064,0.19979199987574248,0.2145069997823157,0.012609999885171419,85,2.068,10.0,4.5333333333333335e-05
openmarcie_bicycle,cpu,finetune_encoders,openmarcie_bicycle__all__qwen3_8b,qwen3_8b,all,edge,chest_lidar0,"chest_lidar0_rgb,chest_lidar0_depth",96336,385344,0,394627,5948416,0.3995740003119863,0.4150629998093791,0.02295099966431735,170,2.136,10.0,9.066666666666667e-05
openmarcie_bicycle,cpu,finetune_encoders,openmarcie_bicycle__all__qwen3_8b,qwen3_8b,all,edge,imu_gateway,imu,10474,41896,0,47027,575488,0.2105520002260164,0.23016300033305015,0.012450999747670721,85,2.068,10.0,4.5333333333333335e-05
openmarcie_bicycle,cpu,finetune_encoders,openmarcie_bicycle__all__qwen3_8b,qwen3_8b,all,edge,magnetometer_gateway,magnetometer,8134,32536,0,37683,427264,0.2010019998124335,0.21368300035646826,0.012470999990910059,85,2.068,10.0,4.5333333333333335e-05
openmarcie_bicycle,cpu,finetune_encoders,openmarcie_bicycle__all__qwen3_8b,qwen3_8b,all,edge,room_rgbd0,"room_rgbd0_rgb,room_rgbd0_depth",96336,385344,0,394627,5948416,0.3978640002060274,0.4059469002640981,0.023040000087348744,170,2.136,10.0,9.066666666666667e-05
openmarcie_bicycle,cpu,finetune_encoders,openmarcie_bicycle__all__qwen3_8b,qwen3_8b,all,edge,room_rgbd1,"room_rgbd1_rgb,room_rgbd1_depth",96336,385344,0,394627,5948416,0.3993939999418217,0.4133080001338385,0.022680999791191425,170,2.136,10.0,9.066666666666667e-05
openmarcie_bicycle,cpu,finetune_encoders,openmarcie_bicycle__all__qwen3_8b,qwen3_8b,all,edge,spectrometer_gateway,spectrometer,11104,44416,0,49523,615424,0.2071819999400759,0.221699000303488,0.012790000255336054,85,2.068,10.0,4.5333333333333335e-05
openmarcie_bicycle,cpu,finetune_encoders,openmarcie_bicycle__all__qwen3_8b,qwen3_8b,all,edge,temperature_gateway,temperature,7072,28288,0,33459,360064,0.1965619999282353,0.2152909999495023,0.012519999927462777,85,2.068,10.0,4.5333333333333335e-05
openmarcie_bicycle,cpu,finetune_encoders,openmarcie_bicycle__all__qwen3_8b,qwen3_8b,all,edge,thermal_gateway,thermal,44072,176288,0,181299,2712064,0.2120029998877726,0.22831910005152167,0.0123300001177995,85,2.068,10.0,4.5333333333333335e-05
openmarcie_bicycle,cpu,finetune_encoders,openmarcie_bicycle__all__qwen3_8b,qwen3_8b,all,core,core,,41656,166624,0,178542,8297792,0.7082970000737987,0.7341549000102532,0.11324100023557548,,,,
openmarcie_bicycle,cpu,finetune_encoders,openmarcie_bicycle__all__qwen3_8b,qwen3_8b,all,core,core_language,,8207651840,16449136640,256,,2687502671744,2842.4976289998085,2843.0056834998595,4.009170999779599,,,,
openmarcie_bicycle,cpu,no_alignment,openmarcie_bicycle__all__qwen3_8b,qwen3_8b,all,edge,audio0,audio0,355574,1422296,0,1427507,22598784,0.31187300010060426,0.33182600027430453,0.012201000117784133,85,2.068,10.0,4.5333333333333335e-05
openmarcie_bicycle,cpu,no_alignment,openmarcie_bicycle__all__qwen3_8b,qwen3_8b,all,edge,barometer_gateway,barometer,7072,28288,0,33459,360064,0.19871199992849142,0.21292300025379518,0.01218999977936619,85,2.068,10.0,4.5333333333333335e-05
openmarcie_bicycle,cpu,no_alignment,openmarcie_bicycle__all__qwen3_8b,qwen3_8b,all,edge,chest_lidar0,"chest_lidar0_rgb,chest_lidar0_depth",96336,385344,0,394627,5948416,0.3975139998146915,0.41010500008269446,0.02274999997098348,170,2.136,10.0,9.066666666666667e-05
openmarcie_bicycle,cpu,no_alignment,openmarcie_bicycle__all__qwen3_8b,qwen3_8b,all,edge,imu_gateway,imu,10474,41896,0,47027,575488,0.208122000003641,0.2309289002823789,0.012349999906291487,85,2.068,10.0,4.5333333333333335e-05
openmarcie_bicycle,cpu,no_alignment,openmarcie_bicycle__all__qwen3_8b,qwen3_8b,all,edge,magnetometer_gateway,magnetometer,8134,32536,0,37683,427264,0.20124200000282144,0.21209600022302766,0.012760000117850723,85,2.068,10.0,4.5333333333333335e-05
openmarcie_bicycle,cpu,no_alignment,openmarcie_bicycle__all__qwen3_8b,qwen3_8b,all,edge,room_rgbd0,"room_rgbd0_rgb,room_rgbd0_depth",96336,385344,0,394627,5948416,0.39966400026969495,0.40977100020427315,0.023330999738391256,170,2.136,10.0,9.066666666666667e-05
openmarcie_bicycle,cpu,no_alignment,openmarcie_bicycle__all__qwen3_8b,qwen3_8b,all,edge,room_rgbd1,"room_rgbd1_rgb,room_rgbd1_depth",96336,385344,0,394627,5948416,0.3950639998038241,0.4176629998255521,0.023010999939288013,170,2.136,10.0,9.066666666666667e-05
openmarcie_bicycle,cpu,no_alignment,openmarcie_bicycle__all__qwen3_8b,qwen3_8b,all,edge,spectrometer_gateway,spectrometer,11104,44416,0,49523,615424,0.20956200023647398,0.21742889971392287,0.012340000012045493,85,2.068,10.0,4.5333333333333335e-05
openmarcie_bicycle,cpu,no_alignment,openmarcie_bicycle__all__qwen3_8b,qwen3_8b,all,edge,temperature_gateway,temperature,7072,28288,0,33459,360064,0.20089200006623287,0.21810000021105225,0.012581000191858038,85,2.068,10.0,4.5333333333333335e-05
openmarcie_bicycle,cpu,no_alignment,openmarcie_bicycle__all__qwen3_8b,qwen3_8b,all,edge,thermal_gateway,thermal,44072,176288,0,181299,2712064,0.21594200006802566,0.23047790023156267,0.012420000075508142,85,2.068,10.0,4.5333333333333335e-05
openmarcie_bicycle,cpu,no_alignment,openmarcie_bicycle__all__qwen3_8b,qwen3_8b,all,core,core,,41656,166624,0,178542,8297792,0.7028270001683268,0.7335358999625896,0.11514100015119766,,,,
openmarcie_bicycle,cpu,no_alignment,openmarcie_bicycle__all__qwen3_8b,qwen3_8b,all,core,core_language,,8207651840,16449136640,256,,2687502671744,2842.4976289998085,2843.0056834998595,4.007201000149507,,,,
openmarcie_bicycle,cpu,no_usage,openmarcie_bicycle__all__qwen3_8b,qwen3_8b,all,edge,audio0,audio0,355574,1422296,0,1427507,22598784,0.30879299993102904,0.3378180003437592,0.01264000002265675,85,2.068,10.0,4.5333333333333335e-05
openmarcie_bicycle,cpu,no_usage,openmarcie_bicycle__all__qwen3_8b,qwen3_8b,all,edge,barometer_gateway,barometer,7072,28288,0,33459,360064,0.1984420000553655,0.21463389989548887,0.012290000086068176,85,2.068,10.0,4.5333333333333335e-05
openmarcie_bicycle,cpu,no_usage,openmarcie_bicycle__all__qwen3_8b,qwen3_8b,all,edge,chest_lidar0,"chest_lidar0_rgb,chest_lidar0_depth",96336,385344,0,394627,5948416,0.3962339997087838,0.4083570000148029,0.023090000013326062,170,2.136,10.0,9.066666666666667e-05
openmarcie_bicycle,cpu,no_usage,openmarcie_bicycle__all__qwen3_8b,qwen3_8b,all,edge,imu_gateway,imu,10474,41896,0,47027,575488,0.20692199996119598,0.23277899990716833,0.012291000075492775,85,2.068,10.0,4.5333333333333335e-05
openmarcie_bicycle,cpu,no_usage,openmarcie_bicycle__all__qwen3_8b,qwen3_8b,all,edge,magnetometer_gateway,magnetometer,8134,32536,0,37683,427264,0.1965819997167273,0.21323200003280363,0.012439999864000129,85,2.068,10.0,4.5333333333333335e-05
openmarcie_bicycle,cpu,no_usage,openmarcie_bicycle__all__qwen3_8b,qwen3_8b,all,edge,room_rgbd0,"room_rgbd0_rgb,room_rgbd0_depth",96336,385344,0,394627,5948416,0.39647399989917176,0.42068400007337914,0.023010999939288013,170,2.136,10.0,9.066666666666667e-05
openmarcie_bicycle,cpu,no_usage,openmarcie_bicycle__all__qwen3_8b,qwen3_8b,all,edge,room_rgbd1,"room_rgbd1_rgb,room_rgbd1_depth",96336,385344,0,394627,5948416,0.3980739998041827,0.4125108997868665,0.02299999960087007,170,2.136,10.0,9.066666666666667e-05
openmarcie_bicycle,cpu,no_usage,openmarcie_bicycle__all__qwen3_8b,qwen3_8b,all,edge,spectrometer_gateway,spectrometer,11104,44416,0,49523,615424,0.20087199982299353,0.21505690001504263,0.01570999984323862,85,2.068,10.0,4.5333333333333335e-05
openmarcie_bicycle,cpu,no_usage,openmarcie_bicycle__all__qwen3_8b,qwen3_8b,all,edge,temperature_gateway,temperature,7072,28288,0,33459,360064,0.19701200017152587,0.20955800009687664,0.012369999694783473,85,2.068,10.0,4.5333333333333335e-05
openmarcie_bicycle,cpu,no_usage,openmarcie_bicycle__all__qwen3_8b,qwen3_8b,all,edge,thermal_gateway,thermal,44072,176288,0,181299,2712064,0.22425199995268486,0.22914890014362754,0.012349999906291487,85,2.068,10.0,4.5333333333333335e-05
openmarcie_bicycle,cpu,no_usage,openmarcie_bicycle__all__qwen3_8b,qwen3_8b,all,core,core,,41656,166624,0,178542,8297792,0.7131669999580481,0.7241568999688752,0.11433200006649713,,,,
openmarcie_bicycle,cpu,no_usage,openmarcie_bicycle__all__qwen3_8b,qwen3_8b,all,core,core_language,,8207651840,16449136640,256,,2687502671744,2842.4976289998085,2843.0056834998595,4.034231000332511,,,,
openmarcie_bicycle,cpu,tcn,openmarcie_bicycle__all__qwen3_8b,qwen3_8b,all,edge,audio0,audio0,0,0,0,0,0,0.0005199999577598646,0.0008349999006895814,0.037509999856411014,390484,314.3872,10.0,0.20825813333333335
openmarcie_bicycle,cpu,tcn,openmarcie_bicycle__all__qwen3_8b,qwen3_8b,all,edge,barometer_gateway,barometer,0,0,0,0,0,0.000470000031782547,0.0005690002126357285,0.008199999683711212,524,2.4192,10.0,0.00027946666666666667
openmarcie_bicycle,cpu,tcn,openmarcie_bicycle__all__qwen3_8b,qwen3_8b,all,edge,chest_lidar0,"chest_lidar0_rgb,chest_lidar0_depth",0,0,0,0,0,0.0005400002009992022,0.0006660000963165658,0.01951000012923032,25304,22.2432,10.0,0.013495466666666667
openmarcie_bicycle,cpu,tcn,openmarcie_bicycle__all__qwen3_8b,qwen3_8b,all,edge,imu_gateway,imu,0,0,0,0,0,0.0004399998942972161,0.0005299997610563878,0.01143100007539033,16164,14.9312,10.0,0.0086208
openmarcie_bicycle,cpu,tcn,openmarcie_bicycle__all__qwen3_8b,qwen3_8b,all,edge,magnetometer_gateway,magnetometer,0,0,0,0,0,0.0004200001058052294,0.0005280001914798049,0.008330999662575778,1244,2.9952,10.0,0.0006634666666666667
openmarcie_bicycle,cpu,tcn,openmarcie_bicycle__all__qwen3_8b,qwen3_8b,all,edge,room_rgbd0,"room_rgbd0_rgb,room_rgbd0_depth",0,0,0,0,0,0.0005100000635138713,0.000608999835094437,0.018430000181979267,25304,22.2432,10.0,0.013495466666666667
openmarcie_bicycle,cpu,tcn,openmarcie_bicycle__all__qwen3_8b,qwen3_8b,all,edge,room_rgbd1,"room_rgbd1_rgb,room_rgbd1_depth",0,0,0,0,0,0.0005699998837371822,0.0006240001312107779,0.01835000011851662,25304,22.2432,10.0,0.013495466666666667
openmarcie_bicycle,cpu,tcn,openmarcie_bicycle__all__qwen3_8b,qwen3_8b,all,edge,spectrometer_gateway,spectrometer,0,0,0,0,0,0.0004599996827892028,0.0005319997399055865,0.008470000011584489,3100,4.48,10.0,0.0016533333333333333
openmarcie_bicycle,cpu,tcn,openmarcie_bicycle__all__qwen3_8b,qwen3_8b,all,edge,temperature_gateway,temperature,0,0,0,0,0,0.00047999992602854036,0.000534000173502136,0.008099999831756577,524,2.4192,10.0,0.00027946666666666667
openmarcie_bicycle,cpu,tcn,openmarcie_bicycle__all__qwen3_8b,qwen3_8b,all,edge,thermal_gateway,thermal,0,0,0,0,0,0.00038999996831989847,0.000498000053994474,0.009370000043418258,15804,14.6432,10.0,0.0084288
openmarcie_bicycle,cpu,tcn,openmarcie_bicycle__all__qwen3_8b,qwen3_8b,all,core,core,,473262,1893048,0,1915845,30024896,1.7169679999824439,1.7498981000244385,0.10293100012859213,,,,
openmarcie_bicycle,cpu,tcn,openmarcie_bicycle__all__qwen3_8b,qwen3_8b,all,core,core_language,,8207651840,16449136640,256,,1672009759616,2601.6734360000555,2601.7492258999027,1.8486190001567593,,,,
openmarcie_bicycle,cpu,ts_transformer,openmarcie_bicycle__all__qwen3_8b,qwen3_8b,all,edge,audio0,audio0,0,0,0,0,0,0.0005000001692678779,0.0008419998266617768,0.03674099980344181,390484,314.3872,10.0,0.20825813333333335
openmarcie_bicycle,cpu,ts_transformer,openmarcie_bicycle__all__qwen3_8b,qwen3_8b,all,edge,barometer_gateway,barometer,0,0,0,0,0,0.0004500002432905603,0.0005759997293353081,0.008170000000973232,524,2.4192,10.0,0.00027946666666666667
openmarcie_bicycle,cpu,ts_transformer,openmarcie_bicycle__all__qwen3_8b,qwen3_8b,all,edge,chest_lidar0,"chest_lidar0_rgb,chest_lidar0_depth",0,0,0,0,0,0.0007300000106624793,0.000775000353314681,0.018799999907059828,25304,22.2432,10.0,0.013495466666666667
openmarcie_bicycle,cpu,ts_transformer,openmarcie_bicycle__all__qwen3_8b,qwen3_8b,all,edge,imu_gateway,imu,0,0,0,0,0,0.0004599996827892028,0.0005949998922005761,0.011510000149428379,16164,14.9312,10.0,0.0086208
openmarcie_bicycle,cpu,ts_transformer,openmarcie_bicycle__all__qwen3_8b,qwen3_8b,all,edge,magnetometer_gateway,magnetometer,0,0,0,0,0,0.00044999978854320943,0.000557999874217785,0.008099999831756577,1244,2.9952,10.0,0.0006634666666666667
openmarcie_bicycle,cpu,ts_transformer,openmarcie_bicycle__all__qwen3_8b,qwen3_8b,all,edge,room_rgbd0,"room_rgbd0_rgb,room_rgbd0_depth",0,0,0,0,0,0.0005199999577598646,0.0006280000434344402,0.017919999663718045,25304,22.2432,10.0,0.013495466666666667
openmarcie_bicycle,cpu,ts_transformer,openmarcie_bicycle__all__qwen3_8b,qwen3_8b,all,edge,room_rgbd1,"room_rgbd1_rgb,room_rgbd1_depth",0,0,0,0,0,0.0005400002009992022,0.0005669999154633842,0.017840000055002747,25304,22.2432,10.0,0.013495466666666667
openmarcie_bicycle,cpu,ts_transformer,openmarcie_bicycle__all__qwen3_8b,qwen3_8b,all,edge,spectrometer_gateway,spectrometer,0,0,0,0,0,0.0003999998625658918,0.0005170002623344772,0.008319999778905185,3100,4.48,10.0,0.0016533333333333333
openmarcie_bicycle,cpu,ts_transformer,openmarcie_bicycle__all__qwen3_8b,qwen3_8b,all,edge,temperature_gateway,temperature,0,0,0,0,0,0.0004200001058052294,0.0005010000677430071,0.00804999990577926,524,2.4192,10.0,0.00027946666666666667
openmarcie_bicycle,cpu,ts_transformer,openmarcie_bicycle__all__qwen3_8b,qwen3_8b,all,edge,thermal_gateway,thermal,0,0,0,0,0,0.00043000000005122274,0.0004930001523462124,0.009310000223194947,15804,14.6432,10.0,0.0084288
openmarcie_bicycle,cpu,ts_transformer,openmarcie_bicycle__all__qwen3_8b,qwen3_8b,all,core,core,,486126,1944504,0,1970913,31073472,1.7293469995820487,1.7597759998807305,0.10285099961038213,,,,
openmarcie_bicycle,cpu,ts_transformer,openmarcie_bicycle__all__qwen3_8b,qwen3_8b,all,core,core_language,,8207651840,16449136640,256,,1672009759616,2601.6734360000555,2601.7492258999027,1.8463389997123159,,,,
openmarcie_bicycle,cpu,patchtst,openmarcie_bicycle__all__qwen3_8b,qwen3_8b,all,edge,audio0,audio0,0,0,0,0,0,0.0004500002432905603,0.000827999929242651,0.034080000204994576,390484,314.3872,10.0,0.20825813333333335
openmarcie_bicycle,cpu,patchtst,openmarcie_bicycle__all__qwen3_8b,qwen3_8b,all,edge,barometer_gateway,barometer,0,0,0,0,0,0.00046000013753655367,0.000604000251769321,0.008380000053875847,524,2.4192,10.0,0.00027946666666666667
openmarcie_bicycle,cpu,patchtst,openmarcie_bicycle__all__qwen3_8b,qwen3_8b,all,edge,chest_lidar0,"chest_lidar0_rgb,chest_lidar0_depth",0,0,0,0,0,0.0005700003384845331,0.000615000271864119,0.018700000055105193,25304,22.2432,10.0,0.013495466666666667
openmarcie_bicycle,cpu,patchtst,openmarcie_bicycle__all__qwen3_8b,qwen3_8b,all,edge,imu_gateway,imu,0,0,0,0,0,0.00046000013753655367,0.0004869998520007357,0.011480000011943048,16164,14.9312,10.0,0.0086208
openmarcie_bicycle,cpu,patchtst,openmarcie_bicycle__all__qwen3_8b,qwen3_8b,all,edge,magnetometer_gateway,magnetometer,0,0,0,0,0,0.00047999992602854036,0.0005609998879663181,0.008309999884659192,1244,2.9952,10.0,0.0006634666666666667
openmarcie_bicycle,cpu,patchtst,openmarcie_bicycle__all__qwen3_8b,qwen3_8b,all,edge,room_rgbd0,"room_rgbd0_rgb,room_rgbd0_depth",0,0,0,0,0,0.0006100003702158574,0.0006909999228810193,0.017940000361704733,25304,22.2432,10.0,0.013495466666666667
openmarcie_bicycle,cpu,patchtst,openmarcie_bicycle__all__qwen3_8b,qwen3_8b,all,edge,room_rgbd1,"room_rgbd1_rgb,room_rgbd1_depth",0,0,0,0,0,0.0004900002750218846,0.0006160001703392481,0.017829999706009403,25304,22.2432,10.0,0.013495466666666667
openmarcie_bicycle,cpu,patchtst,openmarcie_bicycle__all__qwen3_8b,qwen3_8b,all,edge,spectrometer_gateway,spectrometer,0,0,0,0,0,0.00043000000005122274,0.0005020000571676064,0.008320000233652536,3100,4.48,10.0,0.0016533333333333333
openmarcie_bicycle,cpu,patchtst,openmarcie_bicycle__all__qwen3_8b,qwen3_8b,all,edge,temperature_gateway,temperature,0,0,0,0,0,0.0004200001058052294,0.0005010000677430071,0.008019999768293928,524,2.4192,10.0,0.00027946666666666667
openmarcie_bicycle,cpu,patchtst,openmarcie_bicycle__all__qwen3_8b,qwen3_8b,all,edge,thermal_gateway,thermal,0,0,0,0,0,0.0004000003173132427,0.0004809998699784046,0.009550999948260142,15804,14.6432,10.0,0.0084288
openmarcie_bicycle,cpu,patchtst,openmarcie_bicycle__all__qwen3_8b,qwen3_8b,all,core,core,,438926,1755704,0,1782113,555664320,4.221722000238515,4.257830899814508,0.1027509997584275,,,,
openmarcie_bicycle,cpu,patchtst,openmarcie_bicycle__all__qwen3_8b,qwen3_8b,all,core,core_language,,8207651840,16449136640,256,,1320838377216,2585.7234379996044,2589.9117014001604,1.181842000278266,,,,
openmarcie_bicycle,cpu,distrixsense,openmarcie_bicycle__only_audio__qwen3_8b,qwen3_8b,only_audio,edge,audio0,audio0,355574,1422296,0,1427507,22598784,0.34144299979743664,0.3503538996938005,0.012179999885120196,81,2.0648,10.0,4.32e-05
openmarcie_bicycle,cpu,distrixsense,openmarcie_bicycle__only_audio__qwen3_8b,qwen3_8b,only_audio,core,core,,28600,114400,0,126318,488000,0.22678199957226752,0.2548349996231991,0.009559999853081536,,,,
openmarcie_bicycle,cpu,distrixsense,openmarcie_bicycle__only_audio__qwen3_8b,qwen3_8b,only_audio,core,core_language,,8207651840,16449136640,256,,999223468928,2462.1520710002187,2464.5403722000083,2.092051000090578,,,,
openmarcie_bicycle,cpu,dense,openmarcie_bicycle__only_audio__qwen3_8b,qwen3_8b,only_audio,edge,audio0,audio0,352142,1408568,0,1411853,22467200,0.31496400015385007,0.33552810000401223,0.008470000011584489,4324,5.4592,10.0,0.0023061333333333333
openmarcie_bicycle,cpu,dense,openmarcie_bicycle__only_audio__qwen3_8b,qwen3_8b,only_audio,core,core,,27576,110304,0,121905,1997888,0.2822530000230472,0.3028000000540487,0.006631000360357575,,,,
openmarcie_bicycle,cpu,dense,openmarcie_bicycle__only_audio__qwen3_8b,qwen3_8b,only_audio,core,core_language,,8207651840,16449136640,256,,1335682674560,2532.1091860000706,2561.775207399978,2.8427990000636782,,,,
openmarcie_bicycle,cpu,dense_tokens,openmarcie_bicycle__only_audio__qwen3_8b,qwen3_8b,only_audio,edge,audio0,audio0,354518,1418072,0,1422777,22582400,0.39159400012067636,0.41031400023712195,0.00825000006443588,1100,2.88,10.0,0.0005866666666666667
openmarcie_bicycle,cpu,dense_tokens,openmarcie_bicycle__only_audio__qwen3_8b,qwen3_8b,only_audio,core,core,,27576,110304,0,121905,488000,0.19887200005541672,0.22635799996351125,0.006369999937305693,,,,
openmarcie_bicycle,cpu,dense_tokens,openmarcie_bicycle__only_audio__qwen3_8b,qwen3_8b,only_audio,core,core_language,,8207651840,16449136640,256,,999223468928,2462.1520710002187,2464.5403722000083,0.9442290001970832,,,,
openmarcie_bicycle,cpu,raw,openmarcie_bicycle__only_audio__qwen3_8b,qwen3_8b,only_audio,edge,audio0,audio0,0,0,0,0,0,0.0005500000952451956,0.0008469998192595085,0.031069999749888666,390484,314.3872,10.0,0.20825813333333335
openmarcie_bicycle,cpu,raw,openmarcie_bicycle__only_audio__qwen3_8b,qwen3_8b,only_audio,core,core,,379718,1518872,0,1533081,24465088,0.5322349998095888,0.5634839000322245,0.02365099999224185,,,,
openmarcie_bicycle,cpu,raw,openmarcie_bicycle__only_audio__qwen3_8b,qwen3_8b,only_audio,core,core_language,,8207651840,16449136640,256,,1335682674560,2532.1091860000706,2561.775207399978,1.6760959997554892,,,,
openmarcie_bicycle,cpu,early_fusion,openmarcie_bicycle__only_audio__qwen3_8b,qwen3_8b,only_audio,edge,audio0,audio0,0,0,0,0,0,0.00043000000005122274,0.0007720000667177374,0.030590999813284725,390484,314.3872,10.0,0.20825813333333335
openmarcie_bicycle,cpu,early_fusion,openmarcie_bicycle__only_audio__qwen3_8b,qwen3_8b,only_audio,core,core,,310854,1243416,0,1256991,20059840,0.5129450000822544,0.5529599000965391,0.023270000383490697,,,,
openmarcie_bicycle,cpu,early_fusion,openmarcie_bicycle__only_audio__qwen3_8b,qwen3_8b,only_audio,core,core_language,,8207651840,16449136640,256,,1335682674560,2532.1091860000706,2561.775207399978,1.748156999838102,,,,
openmarcie_bicycle,cpu,late_fusion,openmarcie_bicycle__only_audio__qwen3_8b,qwen3_8b,only_audio,edge,audio0,audio0,352538,1410152,0,1413765,22467968,0.26690300001064315,0.2862530000129482,0.007809999715391314,96,2.0768,10.0,5.12e-05
openmarcie_bicycle,cpu,late_fusion,openmarcie_bicycle__only_audio__qwen3_8b,qwen3_8b,only_audio,core,core,,0,0,0,0,0,0.024110000140353804,0.031399999988934724,0.005769999916083179,,,,
openmarcie_bicycle,cpu,late_fusion,openmarcie_bicycle__only_audio__qwen3_8b,qwen3_8b,only_audio,core,core_language,,8190735360,16381470720,256,,1124741163008,2531.34547100035,2544.0155395998318,0.17364099994665594,,,,
openmarcie_bicycle,cpu,local_only,openmarcie_bicycle__only_audio__qwen3_8b,qwen3_8b,only_audio,edge,audio0,audio0,352538,1410152,0,1413765,22467968,0.2699429996937397,0.2792309996948461,0.007820000064384658,52,2.0416,10.0,2.7733333333333334e-05
openmarcie_bicycle,cpu,local_only,openmarcie_bicycle__only_audio__qwen3_8b,qwen3_8b,only_audio,core,core,,0,0,0,0,0,0.027709999812941533,0.03631490008046967,0.005949999831500463,,,,
openmarcie_bicycle,cpu,local_only,openmarcie_bicycle__only_audio__qwen3_8b,qwen3_8b,only_audio,core,core_language,,8190735360,16381470720,256,,1124741163008,2531.34547100035,2544.0155395998318,0.17213199998877826,,,,
openmarcie_bicycle,cpu,bottleneck,openmarcie_bicycle__only_audio__qwen3_8b,qwen3_8b,only_audio,edge,audio0,audio0,352274,1409096,0,1412741,22475392,0.26371299964011996,0.2812180003274989,0.008729999990464421,684,2.5472,10.0,0.0003648
openmarcie_bicycle,cpu,bottleneck,openmarcie_bicycle__only_audio__qwen3_8b,qwen3_8b,only_audio,core,core,,27736,110944,0,123115,2006080,0.23088299985829508,0.23639910004931153,0.006190000021888409,,,,
openmarcie_bicycle,cpu,bottleneck,openmarcie_bicycle__only_audio__qwen3_8b,qwen3_8b,only_audio,core,core_language,,8207651840,16449136640,256,,1335682674560,2532.1091860000706,2561.775207399978,1.785268000276119,,,,
openmarcie_bicycle,cpu,tokenlearner,openmarcie_bicycle__only_audio__qwen3_8b,qwen3_8b,only_audio,edge,audio0,audio0,353462,1413848,0,1418047,22566016,0.2991330002259929,0.32660189990565414,0.007999999979801942,1100,2.88,10.0,0.0005866666666666667
openmarcie_bicycle,cpu,tokenlearner,openmarcie_bicycle__only_audio__qwen3_8b,qwen3_8b,only_audio,core,core,,27576,110304,0,121905,488000,0.1973319999706291,0.22574499989787,0.006379999831551686,,,,
openmarcie_bicycle,cpu,tokenlearner,openmarcie_bicycle__only_audio__qwen3_8b,qwen3_8b,only_audio,core,core_language,,8207651840,16449136640,256,,999223468928,2462.1520710002187,2464.5403722000083,0.9811800000534276,,,,
openmarcie_bicycle,cpu,posthoc_vq,openmarcie_bicycle__only_audio__qwen3_8b,qwen3_8b,only_audio,edge,audio0,audio0,353166,1412664,0,1416137,22532736,0.3507940000417875,0.36355600013848743,0.012660000265896088,192,2.1536,10.0,0.0001024
openmarcie_bicycle,cpu,posthoc_vq,openmarcie_bicycle__only_audio__qwen3_8b,qwen3_8b,only_audio,core,core,,28600,114400,0,126318,1997888,0.24739299988141283,0.2665539998361055,0.010300000212737359,,,,
openmarcie_bicycle,cpu,posthoc_vq,openmarcie_bicycle__only_audio__qwen3_8b,qwen3_8b,only_audio,core,core_language,,8207651840,16449136640,256,,1335682674560,2532.1091860000706,2561.775207399978,1.7288080002799688,,,,
openmarcie_bicycle,cpu,joint_vq,openmarcie_bicycle__only_audio__qwen3_8b,qwen3_8b,only_audio,edge,audio0,audio0,355542,1422168,0,1427126,22598784,0.38391399993997766,0.4017430000658351,0.012230000265844865,81,2.0648,10.0,4.32e-05
openmarcie_bicycle,cpu,joint_vq,openmarcie_bicycle__only_audio__qwen3_8b,qwen3_8b,only_audio,core,core,,28600,114400,0,126318,488000,0.22669200006930623,0.2553039003487356,0.009669999599282164,,,,
openmarcie_bicycle,cpu,joint_vq,openmarcie_bicycle__only_audio__qwen3_8b,qwen3_8b,only_audio,core,core_language,,8207651840,16449136640,256,,999223468928,2462.1520710002187,2464.5403722000083,0.9792800001378055,,,,
openmarcie_bicycle,cpu,deepconvlstm,openmarcie_bicycle__only_audio__qwen3_8b,qwen3_8b,only_audio,edge,audio0,audio0,0,0,0,0,0,0.0005100000635138713,0.0008610000350017799,0.03339099976074067,390484,314.3872,10.0,0.20825813333333335
openmarcie_bicycle,cpu,deepconvlstm,openmarcie_bicycle__only_audio__qwen3_8b,qwen3_8b,only_audio,core,core,,381786,1527144,0,1533985,24302976,0.43663399992510676,0.4783769000823668,0.023380999664368574,,,,
openmarcie_bicycle,cpu,deepconvlstm,openmarcie_bicycle__only_audio__qwen3_8b,qwen3_8b,only_audio,core,core_language,,8207651840,16449136640,256,,1335682674560,2532.1091860000706,2561.775207399978,1.737486999900284,,,,
openmarcie_bicycle,cpu,unrestricted_bank,openmarcie_bicycle__only_audio__qwen3_8b,qwen3_8b,only_audio,edge,audio0,audio0,355574,1422296,0,1427507,22598784,0.3145229998153809,0.3369789001226309,0.012519999927462777,81,2.0648,10.0,4.32e-05
openmarcie_bicycle,cpu,unrestricted_bank,openmarcie_bicycle__only_audio__qwen3_8b,qwen3_8b,only_audio,core,core,,28600,114400,0,126318,488000,0.20856199989793822,0.22649089978585835,0.009589999990566866,,,,
openmarcie_bicycle,cpu,unrestricted_bank,openmarcie_bicycle__only_audio__qwen3_8b,qwen3_8b,only_audio,core,core_language,,8207651840,16449136640,256,,999223468928,2462.1520710002187,2464.5403722000083,0.9743800001160707,,,,
openmarcie_bicycle,cpu,separate_banks,openmarcie_bicycle__only_audio__qwen3_8b,qwen3_8b,only_audio,edge,audio0,audio0,355574,1422296,0,1427507,22598784,0.35301299976708833,0.4521408000073279,0.012649999916902743,81,2.0648,10.0,4.32e-05
openmarcie_bicycle,cpu,separate_banks,openmarcie_bicycle__only_audio__qwen3_8b,qwen3_8b,only_audio,core,core,,28600,114400,0,126318,488000,0.2345620000596682,0.26491089997762174,0.01005000012810342,,,,
openmarcie_bicycle,cpu,separate_banks,openmarcie_bicycle__only_audio__qwen3_8b,qwen3_8b,only_audio,core,core_language,,8207651840,16449136640,256,,999223468928,2462.1520710002187,2464.5403722000083,0.9937200002241298,,,,
openmarcie_bicycle,cpu,fixed_resampling,openmarcie_bicycle__only_audio__qwen3_8b,qwen3_8b,only_audio,edge,audio0,audio0,355574,1422296,0,1427507,5591552,0.17406199958713842,0.19200800011276442,0.01252999982170877,81,2.0648,10.0,4.32e-05
openmarcie_bicycle,cpu,fixed_resampling,openmarcie_bicycle__only_audio__qwen3_8b,qwen3_8b,only_audio,core,core,,28600,114400,0,126318,488000,0.22720199967807275,0.2521598997191177,0.009951000265573384,,,,
openmarcie_bicycle,cpu,fixed_resampling,openmarcie_bicycle__only_audio__qwen3_8b,qwen3_8b,only_audio,core,core_language,,8207651840,16449136640,256,,999223468928,2462.1520710002187,2464.5403722000083,0.9751899997354485,,,,
openmarcie_bicycle,cpu,finetune_encoders,openmarcie_bicycle__only_audio__qwen3_8b,qwen3_8b,only_audio,edge,audio0,audio0,355574,1422296,0,1427507,22598784,0.3131929997834959,0.34163390023422835,0.012319999768806156,81,2.0648,10.0,4.32e-05
openmarcie_bicycle,cpu,finetune_encoders,openmarcie_bicycle__only_audio__qwen3_8b,qwen3_8b,only_audio,core,core,,28600,114400,0,126318,488000,0.227373000143416,0.25342710005133995,0.009760000011738157,,,,
openmarcie_bicycle,cpu,finetune_encoders,openmarcie_bicycle__only_audio__qwen3_8b,qwen3_8b,only_audio,core,core_language,,8207651840,16449136640,256,,999223468928,2462.1520710002187,2464.5403722000083,0.9694089999356947,,,,
openmarcie_bicycle,cpu,no_alignment,openmarcie_bicycle__only_audio__qwen3_8b,qwen3_8b,only_audio,edge,audio0,audio0,355574,1422296,0,1427507,22598784,0.315492999561684,0.32808399982968695,0.01267000016014208,81,2.0648,10.0,4.32e-05
openmarcie_bicycle,cpu,no_alignment,openmarcie_bicycle__only_audio__qwen3_8b,qwen3_8b,only_audio,core,core,,28600,114400,0,126318,488000,0.24258300027213409,0.25501109980723413,0.009849999969446799,,,,
openmarcie_bicycle,cpu,no_alignment,openmarcie_bicycle__only_audio__qwen3_8b,qwen3_8b,only_audio,core,core_language,,8207651840,16449136640,256,,999223468928,2462.1520710002187,2464.5403722000083,0.9718500000417407,,,,
openmarcie_bicycle,cpu,no_usage,openmarcie_bicycle__only_audio__qwen3_8b,qwen3_8b,only_audio,edge,audio0,audio0,355574,1422296,0,1427507,22598784,0.3185430000485212,0.33045899967873993,0.012960000276507344,81,2.0648,10.0,4.32e-05
openmarcie_bicycle,cpu,no_usage,openmarcie_bicycle__only_audio__qwen3_8b,qwen3_8b,only_audio,core,core,,28600,114400,0,126318,488000,0.22670199996355223,0.25943590003407735,0.010060000022349413,,,,
openmarcie_bicycle,cpu,no_usage,openmarcie_bicycle__only_audio__qwen3_8b,qwen3_8b,only_audio,core,core_language,,8207651840,16449136640,256,,999223468928,2462.1520710002187,2464.5403722000083,0.9640900002523267,,,,
openmarcie_bicycle,cpu,tcn,openmarcie_bicycle__only_audio__qwen3_8b,qwen3_8b,only_audio,edge,audio0,audio0,0,0,0,0,0,0.0005100000635138713,0.0008790002539171837,0.030809999771008734,390484,314.3872,10.0,0.20825813333333335
openmarcie_bicycle,cpu,tcn,openmarcie_bicycle__only_audio__qwen3_8b,qwen3_8b,only_audio,core,core,,296742,1186968,0,1195285,18873792,0.4341740000199934,0.47887789996821084,0.023919999875943176,,,,
openmarcie_bicycle,cpu,tcn,openmarcie_bicycle__only_audio__qwen3_8b,qwen3_8b,only_audio,core,core_language,,8207651840,16449136640,256,,1335682674560,2532.1091860000706,2561.775207399978,1.7363470001328096,,,,
openmarcie_bicycle,cpu,ts_transformer,openmarcie_bicycle__only_audio__qwen3_8b,qwen3_8b,only_audio,edge,audio0,audio0,0,0,0,0,0,0.000529999852005858,0.0008539996997569688,0.03349999997226405,390484,314.3872,10.0,0.20825813333333335
openmarcie_bicycle,cpu,ts_transformer,openmarcie_bicycle__only_audio__qwen3_8b,qwen3_8b,only_audio,core,core,,309606,1238424,0,1250225,19922368,0.4680039996856067,0.49771479980336153,0.023381000119115924,,,,
openmarcie_bicycle,cpu,ts_transformer,openmarcie_bicycle__only_audio__qwen3_8b,qwen3_8b,only_audio,core,core_language,,8207651840,16449136640,256,,1335682674560,2532.1091860000706,2561.775207399978,1.7381269999532378,,,,
openmarcie_bicycle,cpu,patchtst,openmarcie_bicycle__only_audio__qwen3_8b,qwen3_8b,only_audio,edge,audio0,audio0,0,0,0,0,0,0.0004500002432905603,0.0008910000815376407,0.034141000014642486,390484,314.3872,10.0,0.20825813333333335
openmarcie_bicycle,cpu,patchtst,openmarcie_bicycle__only_audio__qwen3_8b,qwen3_8b,only_audio,core,core,,293382,1173528,0,1185265,202152128,1.3945939999757684,1.436758999761878,0.023359999886451988,,,,
openmarcie_bicycle,cpu,patchtst,openmarcie_bicycle__only_audio__qwen3_8b,qwen3_8b,only_audio,core,core_language,,8207651840,16449136640,256,,985219080960,2466.0282720001305,2468.811674100243,0.9946800000761868,,,,
openmarcie_bicycle,cpu,distrixsense,openmarcie_bicycle__only_barometer__qwen3_8b,qwen3_8b,only_barometer,edge,barometer_gateway,barometer,7072,28288,0,33459,360064,0.20859200003542355,0.22365799991348467,0.012480999885156052,81,2.0648,10.0,4.32e-05
openmarcie_bicycle,cpu,distrixsense,openmarcie_bicycle__only_barometer__qwen3_8b,qwen3_8b,only_barometer,core,core,,28600,114400,0,126318,488000,0.22739199994248338,0.25242999995498394,0.009849999969446799,,,,
openmarcie_bicycle,cpu,distrixsense,openmarcie_bicycle__only_barometer__qwen3_8b,qwen3_8b,only_barometer,core,core_language,,8207651840,16449136640,256,,999223468928,2462.1520710002187,2464.5403722000083,0.984969999990426,,,,
openmarcie_bicycle,cpu,dense,openmarcie_bicycle__only_barometer__qwen3_8b,qwen3_8b,only_barometer,edge,barometer_gateway,barometer,3640,14560,0,17741,228480,0.1643119999243936,0.1654910001434473,0.008930000149121042,4324,5.4592,10.0,0.0023061333333333333
openmarcie_bicycle,cpu,dense,openmarcie_bicycle__only_barometer__qwen3_8b,qwen3_8b,only_barometer,core,core,,27576,110304,0,121905,1997888,0.21042199978182907,0.23217590014610323,0.0066500001594249625,,,,
openmarcie_bicycle,cpu,dense,openmarcie_bicycle__only_barometer__qwen3_8b,qwen3_8b,only_barometer,core,core_language,,8207651840,16449136640,256,,1335682674560,2532.1091860000706,2561.775207399978,1.7412069996680657,,,,
openmarcie_bicycle,cpu,dense_tokens,openmarcie_bicycle__only_barometer__qwen3_8b,qwen3_8b,only_barometer,edge,barometer_gateway,barometer,6016,24064,0,28729,343680,0.1998519996959658,0.21604299995487963,0.008429999979853164,1100,2.88,10.0,0.0005866666666666667
openmarcie_bicycle,cpu,dense_tokens,openmarcie_bicycle__only_barometer__qwen3_8b,qwen3_8b,only_barometer,core,core,,27576,110304,0,121905,488000,0.20875200016234885,0.21923700019215175,0.006380999820976285,,,,
openmarcie_bicycle,cpu,dense_tokens,openmarcie_bicycle__only_barometer__qwen3_8b,qwen3_8b,only_barometer,core,core_language,,8207651840,16449136640,256,,999223468928,2462.1520710002187,2464.5403722000083,0.96174999998766,,,,
openmarcie_bicycle,cpu,raw,openmarcie_bicycle__only_barometer__qwen3_8b,qwen3_8b,only_barometer,edge,barometer_gateway,barometer,0,0,0,0,0,0.0005400002009992022,0.000872999953571707,0.00855999996929313,524,2.4192,10.0,0.00027946666666666667
openmarcie_bicycle,cpu,raw,openmarcie_bicycle__only_barometer__qwen3_8b,qwen3_8b,only_barometer,core,core,,31216,124864,0,139033,2226368,0.4264939998392947,0.467921900053625,0.006329999905574368,,,,
openmarcie_bicycle,cpu,raw,openmarcie_bicycle__only_barometer__qwen3_8b,qwen3_8b,only_barometer,core,core_language,,8207651840,16449136640,256,,1335682674560,2532.1091860000706,2561.775207399978,1.7186069999297615,,,,
openmarcie_bicycle,cpu,early_fusion,openmarcie_bicycle__only_barometer__qwen3_8b,qwen3_8b,only_barometer,edge,barometer_gateway,barometer,0,0,0,0,0,0.0005099996087665204,0.0009059999229066307,0.008350999905815115,524,2.4192,10.0,0.00027946666666666667
openmarcie_bicycle,cpu,early_fusion,openmarcie_bicycle__only_barometer__qwen3_8b,qwen3_8b,only_barometer,core,core,,27760,111040,0,124575,2007232,0.4211239997857774,0.4605538998475822,0.00614099963058834,,,,
openmarcie_bicycle,cpu,early_fusion,openmarcie_bicycle__only_barometer__qwen3_8b,qwen3_8b,only_barometer,core,core_language,,8207651840,16449136640,256,,1335682674560,2532.1091860000706,2561.775207399978,1.7083469997487555,,,,
openmarcie_bicycle,cpu,late_fusion,openmarcie_bicycle__only_barometer__qwen3_8b,qwen3_8b,only_barometer,edge,barometer_gateway,barometer,4036,16144,0,19717,229248,0.1610619997336471,0.18339910006943683,0.007829999958630651,96,2.0768,10.0,5.12e-05
openmarcie_bicycle,cpu,late_fusion,openmarcie_bicycle__only_barometer__qwen3_8b,qwen3_8b,only_barometer,core,core,,0,0,0,0,0,0.02323099988643662,0.02989909976349736,0.005700000201613875,,,,
openmarcie_bicycle,cpu,late_fusion,openmarcie_bicycle__only_barometer__qwen3_8b,qwen3_8b,only_barometer,core,core_language,,8190735360,16381470720,256,,1138723530880,2491.7344820000835,2492.2339054997337,0.2143309998245968,,,,
openmarcie_bicycle,cpu,local_only,openmarcie_bicycle__only_barometer__qwen3_8b,qwen3_8b,only_barometer,edge,barometer_gateway,barometer,4036,16144,0,19717,229248,0.1701199998933589,0.19963189965892525,0.007849999747122638,52,2.0416,10.0,2.7733333333333334e-05
openmarcie_bicycle,cpu,local_only,openmarcie_bicycle__only_barometer__qwen3_8b,qwen3_8b,only_barometer,core,core,,0,0,0,0,0,0.028049999855284113,0.03591690015127824,0.00582999973630649,,,,
openmarcie_bicycle,cpu,local_only,openmarcie_bicycle__only_barometer__qwen3_8b,qwen3_8b,only_barometer,core,core_language,,8190735360,16381470720,256,,1138723530880,2491.7344820000835,2492.2339054997337,0.17577100015842007,,,,
openmarcie_bicycle,cpu,bottleneck,openmarcie_bicycle__only_barometer__qwen3_8b,qwen3_8b,only_barometer,edge,barometer_gateway,barometer,3772,15088,0,18693,236672,0.16378000009353855,0.17993590031437634,0.008910999895306304,684,2.5472,10.0,0.0003648
openmarcie_bicycle,cpu,bottleneck,openmarcie_bicycle__only_barometer__qwen3_8b,qwen3_8b,only_barometer,core,core,,27736,110944,0,123115,2006080,0.2140210003744869,0.2365570002439199,0.0061499999901570845,,,,
openmarcie_bicycle,cpu,bottleneck,openmarcie_bicycle__only_barometer__qwen3_8b,qwen3_8b,only_barometer,core,core_language,,8207651840,16449136640,256,,1335682674560,2532.1091860000706,2561.775207399978,1.8264580003233277,,,,
openmarcie_bicycle,cpu,tokenlearner,openmarcie_bicycle__only_barometer__qwen3_8b,qwen3_8b,only_barometer,edge,barometer_gateway,barometer,4960,19840,0,23935,327296,0.19592099988585687,0.21805199994560098,0.008650000381749123,1100,2.88,10.0,0.0005866666666666667
openmarcie_bicycle,cpu,tokenlearner,openmarcie_bicycle__only_barometer__qwen3_8b,qwen3_8b,only_barometer,core,core,,27576,110304,0,121905,488000,0.1972909999494732,0.2197459998569684,0.006300000222836388,,,,
openmarcie_bicycle,cpu,tokenlearner,openmarcie_bicycle__only_barometer__qwen3_8b,qwen3_8b,only_barometer,core,core_language,,8207651840,16449136640,256,,999223468928,2462.1520710002187,2464.5403722000083,1.0731449997365416,,,,
openmarcie_bicycle,cpu,posthoc_vq,openmarcie_bicycle__only_barometer__qwen3_8b,qwen3_8b,only_barometer,edge,barometer_gateway,barometer,4664,18656,0,22089,294016,0.24738100000831764,0.26530900031502824,0.013689999832422473,192,2.1536,10.0,0.0001024
openmarcie_bicycle,cpu,posthoc_vq,openmarcie_bicycle__only_barometer__qwen3_8b,qwen3_8b,only_barometer,core,core,,28600,114400,0,126318,1997888,0.24553100001867278,0.27999200024169113,0.010859999747481197,,,,
openmarcie_bicycle,cpu,posthoc_vq,openmarcie_bicycle__only_barometer__qwen3_8b,qwen3_8b,only_barometer,core,core_language,,8207651840,16449136640,256,,1335682674560,2532.1091860000706,2561.775207399978,1.8412280001030012,,,,
openmarcie_bicycle,cpu,joint_vq,openmarcie_bicycle__only_barometer__qwen3_8b,qwen3_8b,only_barometer,edge,barometer_gateway,barometer,7040,28160,0,33078,360064,0.28278199988562847,0.30092509996393346,0.012749999768857379,81,2.0648,10.0,4.32e-05
openmarcie_bicycle,cpu,joint_vq,openmarcie_bicycle__only_barometer__qwen3_8b,qwen3_8b,only_barometer,core,core,,28600,114400,0,126318,488000,0.22842099997433252,0.2534320002723689,0.01001999999061809,,,,
openmarcie_bicycle,cpu,joint_vq,openmarcie_bicycle__only_barometer__qwen3_8b,qwen3_8b,only_barometer,core,core_language,,8207651840,16449136640,256,,999223468928,2462.1520710002187,2464.5403722000083,1.6082380002444552,,,,
openmarcie_bicycle,cpu,deepconvlstm,openmarcie_bicycle__only_barometer__qwen3_8b,qwen3_8b,only_barometer,edge,barometer_gateway,barometer,0,0,0,0,0,0.0005199999577598646,0.0009249997674487531,0.008349999916390516,524,2.4192,10.0,0.00027946666666666667
openmarcie_bicycle,cpu,deepconvlstm,openmarcie_bicycle__only_barometer__qwen3_8b,qwen3_8b,only_barometer,core,core,,33284,133136,0,139937,2064256,0.4397220000100788,0.4695840001659235,0.006239999947865726,,,,
openmarcie_bicycle,cpu,deepconvlstm,openmarcie_bicycle__only_barometer__qwen3_8b,qwen3_8b,only_barometer,core,core_language,,8207651840,16449136640,256,,1335682674560,2532.1091860000706,2561.775207399978,3.0288029997791455,,,,
openmarcie_bicycle,cpu,unrestricted_bank,openmarcie_bicycle__only_barometer__qwen3_8b,qwen3_8b,only_barometer,edge,barometer_gateway,barometer,7072,28288,0,33459,360064,0.2088500000354543,0.22814689978076785,0.012320000223553507,81,2.0648,10.0,4.32e-05
openmarcie_bicycle,cpu,unrestricted_bank,openmarcie_bicycle__only_barometer__qwen3_8b,qwen3_8b,only_barometer,core,core,,28600,114400,0,126318,488000,0.20747100006701658,0.23674799986110884,0.010130000191566069,,,,
openmarcie_bicycle,cpu,unrestricted_bank,openmarcie_bicycle__only_barometer__qwen3_8b,qwen3_8b,only_barometer,core,core_language,,8207651840,16449136640,256,,999223468928,2462.1520710002187,2464.5403722000083,0.9964350001610001,,,,
openmarcie_bicycle,cpu,separate_banks,openmarcie_bicycle__only_barometer__qwen3_8b,qwen3_8b,only_barometer,edge,barometer_gateway,barometer,7072,28288,0,33459,360064,0.21352100020521902,0.2272099999117927,0.012449999758246122,81,2.0648,10.0,4.32e-05
openmarcie_bicycle,cpu,separate_banks,openmarcie_bicycle__only_barometer__qwen3_8b,qwen3_8b,only_barometer,core,core,,28600,114400,0,126318,488000,0.2349410001443175,0.26052800008073973,0.00963000002229819,,,,
openmarcie_bicycle,cpu,separate_banks,openmarcie_bicycle__only_barometer__qwen3_8b,qwen3_8b,only_barometer,core,core_language,,8207651840,16449136640,256,,999223468928,2462.1520710002187,2464.5403722000083,1.016524000078789,,,,
openmarcie_bicycle,cpu,fixed_resampling,openmarcie_bicycle__only_barometer__qwen3_8b,qwen3_8b,only_barometer,edge,barometer_gateway,barometer,7072,28288,0,33459,358912,0.14154099972074619,0.16150209980878572,0.012600999980350025,81,2.0648,10.0,4.32e-05
openmarcie_bicycle,cpu,fixed_resampling,openmarcie_bicycle__only_barometer__qwen3_8b,qwen3_8b,only_barometer,core,core,,28600,114400,0,126318,488000,0.22591100014324184,0.25315400016552303,0.009830000180954812,,,,
openmarcie_bicycle,cpu,fixed_resampling,openmarcie_bicycle__only_barometer__qwen3_8b,qwen3_8b,only_barometer,core,core_language,,8207651840,16449136640,256,,999223468928,2462.1520710002187,2464.5403722000083,1.006934000088222,,,,
openmarcie_bicycle,cpu,finetune_encoders,openmarcie_bicycle__only_barometer__qwen3_8b,qwen3_8b,only_barometer,edge,barometer_gateway,barometer,7072,28288,0,33459,360064,0.20778099997187383,0.2253309997740871,0.012399999832268804,81,2.0648,10.0,4.32e-05
openmarcie_bicycle,cpu,finetune_encoders,openmarcie_bicycle__only_barometer__qwen3_8b,qwen3_8b,only_barometer,core,core,,28600,114400,0,126318,488000,0.23271100008059875,0.26195200025540544,0.009760000011738157,,,,
openmarcie_bicycle,cpu,finetune_encoders,openmarcie_bicycle__only_barometer__qwen3_8b,qwen3_8b,only_barometer,core,core_language,,8207651840,16449136640,256,,999223468928,2462.1520710002187,2464.5403722000083,0.9687839997241099,,,,
openmarcie_bicycle,cpu,no_alignment,openmarcie_bicycle__only_barometer__qwen3_8b,qwen3_8b,only_barometer,edge,barometer_gateway,barometer,7072,28288,0,33459,360064,0.21136099985596957,0.23990899999262183,0.01264000002265675,81,2.0648,10.0,4.32e-05
openmarcie_bicycle,cpu,no_alignment,openmarcie_bicycle__only_barometer__qwen3_8b,qwen3_8b,only_barometer,core,core,,28600,114400,0,126318,488000,0.23679100013396237,0.2522980002595432,0.009859999863692792,,,,
openmarcie_bicycle,cpu,no_alignment,openmarcie_bicycle__only_barometer__qwen3_8b,qwen3_8b,only_barometer,core,core_language,,8207651840,16449136640,256,,999223468928,2462.1520710002187,2464.5403722000083,1.5542769997409778,,,,
openmarcie_bicycle,cpu,no_usage,openmarcie_bicycle__only_barometer__qwen3_8b,qwen3_8b,only_barometer,edge,barometer_gateway,barometer,7072,28288,0,33459,360064,0.21109099998284364,0.22848800017527537,0.0123300001177995,81,2.0648,10.0,4.32e-05
openmarcie_bicycle,cpu,no_usage,openmarcie_bicycle__only_barometer__qwen3_8b,qwen3_8b,only_barometer,core,core,,28600,114400,0,126318,488000,0.23234099990077084,0.25763100011317874,0.010030000339611433,,,,
openmarcie_bicycle,cpu,no_usage,openmarcie_bicycle__only_barometer__qwen3_8b,qwen3_8b,only_barometer,core,core_language,,8207651840,16449136640,256,,999223468928,2462.1520710002187,2464.5403722000083,1.0123950000888726,,,,
openmarcie_bicycle,cpu,tcn,openmarcie_bicycle__only_barometer__qwen3_8b,qwen3_8b,only_barometer,edge,barometer_gateway,barometer,0,0,0,0,0,0.0005000001692678779,0.0008330003311129985,0.008489999800076475,524,2.4192,10.0,0.00027946666666666667
openmarcie_bicycle,cpu,tcn,openmarcie_bicycle__only_barometer__qwen3_8b,qwen3_8b,only_barometer,core,core,,13648,54592,0,62869,821184,0.3513920000841608,0.38361199985956773,0.006210000265127746,,,,
openmarcie_bicycle,cpu,tcn,openmarcie_bicycle__only_barometer__qwen3_8b,qwen3_8b,only_barometer,core,core_language,,8207651840,16449136640,256,,1335682674560,2532.1091860000706,2561.775207399978,1.7790679999052372,,,,
openmarcie_bicycle,cpu,ts_transformer,openmarcie_bicycle__only_barometer__qwen3_8b,qwen3_8b,only_barometer,edge,barometer_gateway,barometer,0,0,0,0,0,0.0004900002750218846,0.0008319999324157834,0.008510000043315813,524,2.4192,10.0,0.00027946666666666667
openmarcie_bicycle,cpu,ts_transformer,openmarcie_bicycle__only_barometer__qwen3_8b,qwen3_8b,only_barometer,core,core,,26512,106048,0,117745,1869760,0.39713200021651573,0.4190199999811739,0.006300000222836388,,,,
openmarcie_bicycle,cpu,ts_transformer,openmarcie_bicycle__only_barometer__qwen3_8b,qwen3_8b,only_barometer,core,core_language,,8207651840,16449136640,256,,1335682674560,2532.1091860000706,2561.775207399978,1.8011579995800275,,,,
openmarcie_bicycle,cpu,patchtst,openmarcie_bicycle__only_barometer__qwen3_8b,qwen3_8b,only_barometer,edge,barometer_gateway,barometer,0,0,0,0,0,0.000470000031782547,0.0007670001650694758,0.00866999971549376,524,2.4192,10.0,0.00027946666666666667
openmarcie_bicycle,cpu,patchtst,openmarcie_bicycle__only_barometer__qwen3_8b,qwen3_8b,only_barometer,core,core,,26640,106560,0,118257,1087936,0.4242620002514741,0.47255599988602626,0.006480000138253672,,,,
openmarcie_bicycle,cpu,patchtst,openmarcie_bicycle__only_barometer__qwen3_8b,qwen3_8b,only_barometer,core,core_language,,8207651840,16449136640,256,,985219080960,2466.0282720001305,2468.811674100243,1.020055000026332,,,,
openmarcie_bicycle,cpu,distrixsense,openmarcie_bicycle__only_depth__qwen3_8b,qwen3_8b,only_depth,edge,chest_lidar0,chest_lidar0_depth,21224,84896,0,89907,1257984,0.20988999995097402,0.23024889992484532,0.012649999916902743,83,2.0664,10.0,4.426666666666667e-05
openmarcie_bicycle,cpu,distrixsense,openmarcie_bicycle__only_depth__qwen3_8b,qwen3_8b,only_depth,edge,room_rgbd0,room_rgbd0_depth,21224,84896,0,89907,1257984,0.20717100005640532,0.2298060001066915,0.012280000191822182,83,2.0664,10.0,4.426666666666667e-05
openmarcie_bicycle,cpu,distrixsense,openmarcie_bicycle__only_depth__qwen3_8b,qwen3_8b,only_depth,edge,room_rgbd1,room_rgbd1_depth,21224,84896,0,89907,1257984,0.20390000008774223,0.21674390013686207,0.012510000033216784,83,2.0664,10.0,4.426666666666667e-05
openmarcie_bicycle,cpu,distrixsense,openmarcie_bicycle__only_depth__qwen3_8b,qwen3_8b,only_depth,core,core,,30776,123104,0,135022,1461952,0.30376199993042974,0.3297350998764159,0.026919999982055742,,,,
openmarcie_bicycle,cpu,distrixsense,openmarcie_bicycle__only_depth__qwen3_8b,qwen3_8b,only_depth,core,core_language,,8207651840,16449136640,256,,1279423688064,2517.8761199999826,2518.7077955999484,1.6301480000038282,,,,
openmarcie_bicycle,cpu,dense,openmarcie_bicycle__only_depth__qwen3_8b,qwen3_8b,only_depth,edge,chest_lidar0,chest_lidar0_depth,17792,71168,0,74189,1126400,0.1573310000821948,0.18408799992357672,0.00912000041353167,4324,5.4592,10.0,0.0023061333333333333
openmarcie_bicycle,cpu,dense,openmarcie_bicycle__only_depth__qwen3_8b,qwen3_8b,only_depth,edge,room_rgbd0,room_rgbd0_depth,17792,71168,0,74189,1126400,0.15787099982844666,0.16034600025705004,0.008859999979904387,4324,5.4592,10.0,0.0023061333333333333
openmarcie_bicycle,cpu,dense,openmarcie_bicycle__only_depth__qwen3_8b,qwen3_8b,only_depth,edge,room_rgbd1,room_rgbd1_depth,17792,71168,0,74189,1126400,0.14726999961567344,0.15917790015009814,0.008860999969328986,4324,5.4592,10.0,0.0023061333333333333
openmarcie_bicycle,cpu,dense,openmarcie_bicycle__only_depth__qwen3_8b,qwen3_8b,only_depth,core,core,,27704,110816,0,122417,7466176,0.3214409998690826,0.35063790010099183,0.017899999875226058,,,,
openmarcie_bicycle,cpu,dense,openmarcie_bicycle__only_depth__qwen3_8b,qwen3_8b,only_depth,core,core_language,,8207651840,16449136640,256,,2292538429824,2748.7743560000126,2749.7424005000994,3.7973180001245055,,,,
openmarcie_bicycle,cpu,dense_tokens,openmarcie_bicycle__only_depth__qwen3_8b,qwen3_8b,only_depth,edge,chest_lidar0,chest_lidar0_depth,20168,80672,0,85177,1241600,0.2100510000673239,0.23229899970829138,0.008680000064487103,1100,2.88,10.0,0.0005866666666666667
openmarcie_bicycle,cpu,dense_tokens,openmarcie_bicycle__only_depth__qwen3_8b,qwen3_8b,only_depth,edge,room_rgbd0,room_rgbd0_depth,20168,80672,0,85177,1241600,0.2181310001105885,0.21945400003460236,0.008949999937613029,1100,2.88,10.0,0.0005866666666666667
openmarcie_bicycle,cpu,dense_tokens,openmarcie_bicycle__only_depth__qwen3_8b,qwen3_8b,only_depth,edge,room_rgbd1,room_rgbd1_depth,20168,80672,0,85177,1241600,0.20090099997105426,0.2166870000110066,0.008800000159681076,1100,2.88,10.0,0.0005866666666666667
openmarcie_bicycle,cpu,dense_tokens,openmarcie_bicycle__only_depth__qwen3_8b,qwen3_8b,only_depth,core,core,,27704,110816,0,122417,1461952,0.2618309999888879,0.27879600024789397,0.017589999970368808,,,,
openmarcie_bicycle,cpu,dense_tokens,openmarcie_bicycle__only_depth__qwen3_8b,qwen3_8b,only_depth,core,core_language,,8207651840,16449136640,256,,1279423688064,2517.8761199999826,2518.7077955999484,1.5338369998971757,,,,
openmarcie_bicycle,cpu,raw,openmarcie_bicycle__only_depth__qwen3_8b,qwen3_8b,only_depth,edge,chest_lidar0,chest_lidar0_depth,0,0,0,0,0,0.0005000001692678779,0.0007969998932821909,0.009309999768447597,6396,7.1168,10.0,0.0034112
openmarcie_bicycle,cpu,raw,openmarcie_bicycle__only_depth__qwen3_8b,qwen3_8b,only_depth,edge,room_rgbd0,room_rgbd0_depth,0,0,0,0,0,0.00044999978854320943,0.0006299999313341687,0.008789999810687732,6396,7.1168,10.0,0.0034112
openmarcie_bicycle,cpu,raw,openmarcie_bicycle__only_depth__qwen3_8b,qwen3_8b,only_depth,edge,room_rgbd1,room_rgbd1_depth,0,0,0,0,0,0.0005699998837371822,0.0006060003215679899,0.008640000032755779,6396,7.1168,10.0,0.0034112
openmarcie_bicycle,cpu,raw,openmarcie_bicycle__only_depth__qwen3_8b,qwen3_8b,only_depth,core,core,,81080,324320,0,343401,10845376,0.8208740000554826,0.8505380002588936,0.018249999811814632,,,,
openmarcie_bicycle,cpu,raw,openmarcie_bicycle__only_depth__qwen3_8b,qwen3_8b,only_depth,core,core_language,,8207651840,16449136640,256,,2292538429824,2748.7743560000126,2749.7424005000994,3.7483780001821287,,,,
openmarcie_bicycle,cpu,early_fusion,openmarcie_bicycle__only_depth__qwen3_8b,qwen3_8b,only_depth,edge,chest_lidar0,chest_lidar0_depth,0,0,0,0,0,0.00047999992602854036,0.000839999802337843,0.00942999986364157,6396,7.1168,10.0,0.0034112
openmarcie_bicycle,cpu,early_fusion,openmarcie_bicycle__only_depth__qwen3_8b,qwen3_8b,only_depth,edge,room_rgbd0,room_rgbd0_depth,0,0,0,0,0,0.00046000013753655367,0.0006580000899703009,0.009079999927052995,6396,7.1168,10.0,0.0034112
openmarcie_bicycle,cpu,early_fusion,openmarcie_bicycle__only_depth__qwen3_8b,qwen3_8b,only_depth,edge,room_rgbd1,room_rgbd1_depth,0,0,0,0,0,0.0005100000635138713,0.000582000120630255,0.009339999905932928,6396,7.1168,10.0,0.0034112
openmarcie_bicycle,cpu,early_fusion,openmarcie_bicycle__only_depth__qwen3_8b,qwen3_8b,only_depth,core,core,,47224,188896,0,204807,3220672,0.6557729998348805,0.6978939000873652,0.017949999801203376,,,,
openmarcie_bicycle,cpu,early_fusion,openmarcie_bicycle__only_depth__qwen3_8b,qwen3_8b,only_depth,core,core_language,,8207651840,16449136640,256,,1391690002816,2546.0264830003325,2559.0695890001825,1.8853289998332912,,,,
openmarcie_bicycle,cpu,late_fusion,openmarcie_bicycle__only_depth__qwen3_8b,qwen3_8b,only_depth,edge,chest_lidar0,chest_lidar0_depth,18188,72752,0,76165,1127168,0.17707099959807238,0.200408000000607,0.0078100001701386645,96,2.0768,10.0,5.12e-05
openmarcie_bicycle,cpu,late_fusion,openmarcie_bicycle__only_depth__qwen3_8b,qwen3_8b,only_depth,edge,room_rgbd0,room_rgbd0_depth,18188,72752,0,76165,1127168,0.16634099984003115,0.18073199989885325,0.008139999863487901,96,2.0768,10.0,5.12e-05
openmarcie_bicycle,cpu,late_fusion,openmarcie_bicycle__only_depth__qwen3_8b,qwen3_8b,only_depth,edge,room_rgbd1,room_rgbd1_depth,18188,72752,0,76165,1127168,0.17595100007383735,0.17604999984541791,0.007929999810585286,96,2.0768,10.0,5.12e-05
openmarcie_bicycle,cpu,late_fusion,openmarcie_bicycle__only_depth__qwen3_8b,qwen3_8b,only_depth,core,core,,0,0,0,0,0,0.03504999995129765,0.04107100012333831,0.01629999997021514,,,,
openmarcie_bicycle,cpu,late_fusion,openmarcie_bicycle__only_depth__qwen3_8b,qwen3_8b,only_depth,core,core_language,,8190735360,16381470720,256,,1180677712384,2493.555767000089,2497.990374800065,0.21467099986693938,,,,
openmarcie_bicycle,cpu,local_only,openmarcie_bicycle__only_depth__qwen3_8b,qwen3_8b,only_depth,edge,chest_lidar0,chest_lidar0_depth,18188,72752,0,76165,1127168,0.17977100014832104,0.2066989998183999,0.007999999979801942,52,2.0416,10.0,2.7733333333333334e-05
openmarcie_bicycle,cpu,local_only,openmarcie_bicycle__only_depth__qwen3_8b,qwen3_8b,only_depth,edge,room_rgbd0,room_rgbd0_depth,18188,72752,0,76165,1127168,0.1669700000093144,0.18194690001109848,0.007950000053824624,52,2.0416,10.0,2.7733333333333334e-05
openmarcie_bicycle,cpu,local_only,openmarcie_bicycle__only_depth__qwen3_8b,qwen3_8b,only_depth,edge,room_rgbd1,room_rgbd1_depth,18188,72752,0,76165,1127168,0.1663500001995999,0.18251489991598646,0.007890999768278562,52,2.0416,10.0,2.7733333333333334e-05
openmarcie_bicycle,cpu,local_only,openmarcie_bicycle__only_depth__qwen3_8b,qwen3_8b,only_depth,core,core,,0,0,0,0,0,0.04683999986809795,0.05386090010688349,0.016449999748147093,,,,
openmarcie_bicycle,cpu,local_only,openmarcie_bicycle__only_depth__qwen3_8b,qwen3_8b,only_depth,core,core_language,,8190735360,16381470720,256,,1180677712384,2493.555767000089,2497.990374800065,0.1803010000003269,,,,
openmarcie_bicycle,cpu,bottleneck,openmarcie_bicycle__only_depth__qwen3_8b,qwen3_8b,only_depth,edge,chest_lidar0,chest_lidar0_depth,17924,71696,0,75141,1134592,0.17490099980932428,0.19437699970694666,0.00867000017024111,684,2.5472,10.0,0.0003648
openmarcie_bicycle,cpu,bottleneck,openmarcie_bicycle__only_depth__qwen3_8b,qwen3_8b,only_depth,edge,room_rgbd0,room_rgbd0_depth,17924,71696,0,75141,1134592,0.17622099994696327,0.18237609992866055,0.008649999927001772,684,2.5472,10.0,0.0003648
openmarcie_bicycle,cpu,bottleneck,openmarcie_bicycle__only_depth__qwen3_8b,qwen3_8b,only_depth,edge,room_rgbd1,room_rgbd1_depth,17924,71696,0,75141,1134592,0.16614100013612187,0.18211600022368657,0.009529999715596205,684,2.5472,10.0,0.0003648
openmarcie_bicycle,cpu,bottleneck,openmarcie_bicycle__only_depth__qwen3_8b,qwen3_8b,only_depth,core,core,,28184,112736,0,126175,7490752,0.3431019999879936,0.3551430999323202,0.016850000065460335,,,,
openmarcie_bicycle,cpu,bottleneck,openmarcie_bicycle__only_depth__qwen3_8b,qwen3_8b,only_depth,core,core_language,,8207651840,16449136640,256,,2292538429824,2748.7743560000126,2749.7424005000994,3.740387000107148,,,,
openmarcie_bicycle,cpu,tokenlearner,openmarcie_bicycle__only_depth__qwen3_8b,qwen3_8b,only_depth,edge,chest_lidar0,chest_lidar0_depth,19112,76448,0,80383,1225216,0.20505099973888719,0.2287480000177311,0.008439999874099158,1100,2.88,10.0,0.0005866666666666667
openmarcie_bicycle,cpu,tokenlearner,openmarcie_bicycle__only_depth__qwen3_8b,qwen3_8b,only_depth,edge,room_rgbd0,room_rgbd0_depth,19112,76448,0,80383,1225216,0.19887100006599212,0.23127099998418998,0.008370000159629853,1100,2.88,10.0,0.0005866666666666667
openmarcie_bicycle,cpu,tokenlearner,openmarcie_bicycle__only_depth__qwen3_8b,qwen3_8b,only_depth,edge,room_rgbd1,room_rgbd1_depth,19112,76448,0,80383,1225216,0.19303099998069229,0.21112100021127844,0.008471000001009088,1100,2.88,10.0,0.0005866666666666667
openmarcie_bicycle,cpu,tokenlearner,openmarcie_bicycle__only_depth__qwen3_8b,qwen3_8b,only_depth,core,core,,27704,110816,0,122417,1461952,0.2594709999357292,0.281773900223925,0.017219999790540896,,,,
openmarcie_bicycle,cpu,tokenlearner,openmarcie_bicycle__only_depth__qwen3_8b,qwen3_8b,only_depth,core,core_language,,8207651840,16449136640,256,,1279423688064,2517.8761199999826,2518.7077955999484,1.573207000092225,,,,
openmarcie_bicycle,cpu,posthoc_vq,openmarcie_bicycle__only_depth__qwen3_8b,qwen3_8b,only_depth,edge,chest_lidar0,chest_lidar0_depth,20864,83456,0,86729,1191936,0.2571609998085478,0.28653699978349323,0.013180000223655952,200,2.16,10.0,0.00010666666666666667
openmarcie_bicycle,cpu,posthoc_vq,openmarcie_bicycle__only_depth__qwen3_8b,qwen3_8b,only_depth,edge,room_rgbd0,room_rgbd0_depth,20864,83456,0,86729,1191936,0.259021000147186,0.2610280002045329,0.01281000004382804,200,2.16,10.0,0.00010666666666666667
openmarcie_bicycle,cpu,posthoc_vq,openmarcie_bicycle__only_depth__qwen3_8b,qwen3_8b,only_depth,edge,room_rgbd1,room_rgbd1_depth,20864,83456,0,86729,1191936,0.24355100003958796,0.2599229000225023,0.012989999959245324,200,2.16,10.0,0.00010666666666666667
openmarcie_bicycle,cpu,posthoc_vq,openmarcie_bicycle__only_depth__qwen3_8b,qwen3_8b,only_depth,core,core,,30776,123104,0,135022,7466176,0.37755199991806876,0.4107259998363588,0.026610000077198492,,,,
openmarcie_bicycle,cpu,posthoc_vq,openmarcie_bicycle__only_depth__qwen3_8b,qwen3_8b,only_depth,core,core_language,,8207651840,16449136640,256,,2292538429824,2748.7743560000126,2749.7424005000994,3.795857000113756,,,,
openmarcie_bicycle,cpu,joint_vq,openmarcie_bicycle__only_depth__qwen3_8b,qwen3_8b,only_depth,edge,chest_lidar0,chest_lidar0_depth,23240,92960,0,97718,1257984,0.28793199999199715,0.3163621001476713,0.012060000244673574,83,2.0664,10.0,4.426666666666667e-05
openmarcie_bicycle,cpu,joint_vq,openmarcie_bicycle__only_depth__qwen3_8b,qwen3_8b,only_depth,edge,room_rgbd0,room_rgbd0_depth,23240,92960,0,97718,1257984,0.290991999918333,0.2936371001851512,0.012259999948582845,83,2.0664,10.0,4.426666666666667e-05
openmarcie_bicycle,cpu,joint_vq,openmarcie_bicycle__only_depth__qwen3_8b,qwen3_8b,only_depth,edge,room_rgbd1,room_rgbd1_depth,23240,92960,0,97718,1257984,0.28134100011811825,0.29048589999547403,0.012259999948582845,83,2.0664,10.0,4.426666666666667e-05
openmarcie_bicycle,cpu,joint_vq,openmarcie_bicycle__only_depth__qwen3_8b,qwen3_8b,only_depth,core,core,,30776,123104,0,135022,1461952,0.31834199990044,0.3333441000449966,0.025329999971290817,,,,
openmarcie_bicycle,cpu,joint_vq,openmarcie_bicycle__only_depth__qwen3_8b,qwen3_8b,only_depth,core,core_language,,8207651840,16449136640,256,,1279423688064,2517.8761199999826,2518.7077955999484,1.5773069999340805,,,,
openmarcie_bicycle,cpu,deepconvlstm,openmarcie_bicycle__only_depth__qwen3_8b,qwen3_8b,only_depth,edge,chest_lidar0,chest_lidar0_depth,0,0,0,0,0,0.0005599999894911889,0.0010099997325596632,0.009220000265486306,6396,7.1168,10.0,0.0034112
openmarcie_bicycle,cpu,deepconvlstm,openmarcie_bicycle__only_depth__qwen3_8b,qwen3_8b,only_depth,edge,room_rgbd0,room_rgbd0_depth,0,0,0,0,0,0.0004500002432905603,0.0006120001671661157,0.008541000170225743,6396,7.1168,10.0,0.0034112
openmarcie_bicycle,cpu,deepconvlstm,openmarcie_bicycle__only_depth__qwen3_8b,qwen3_8b,only_depth,edge,room_rgbd1,room_rgbd1_depth,0,0,0,0,0,0.0004200001058052294,0.0005099999725644011,0.008740000339457765,6396,7.1168,10.0,0.0034112
openmarcie_bicycle,cpu,deepconvlstm,openmarcie_bicycle__only_depth__qwen3_8b,qwen3_8b,only_depth,core,core,,76748,306992,0,315977,4821760,0.5534520000765042,0.6038888999682968,0.017749999642546754,,,,
openmarcie_bicycle,cpu,deepconvlstm,openmarcie_bicycle__only_depth__qwen3_8b,qwen3_8b,only_depth,core,core_language,,8207651840,16449136640,256,,1391690002816,2546.0264830003325,2559.0695890001825,1.851217999956134,,,,
openmarcie_bicycle,cpu,unrestricted_bank,openmarcie_bicycle__only_depth__qwen3_8b,qwen3_8b,only_depth,edge,chest_lidar0,chest_lidar0_depth,23336,93344,0,98355,1290752,0.22321100004774053,0.24200389980251202,0.012200000128359534,83,2.0664,10.0,4.426666666666667e-05
openmarcie_bicycle,cpu,unrestricted_bank,openmarcie_bicycle__only_depth__qwen3_8b,qwen3_8b,only_depth,edge,room_rgbd0,room_rgbd0_depth,23336,93344,0,98355,1290752,0.2095209997605707,0.22416400001930015,0.012470999990910059,83,2.0664,10.0,4.426666666666667e-05
openmarcie_bicycle,cpu,unrestricted_bank,openmarcie_bicycle__only_depth__qwen3_8b,qwen3_8b,only_depth,edge,room_rgbd1,room_rgbd1_depth,23336,93344,0,98355,1290752,0.22001099978297134,0.2233229999546893,0.012429999969754135,83,2.0664,10.0,4.426666666666667e-05
openmarcie_bicycle,cpu,unrestricted_bank,openmarcie_bicycle__only_depth__qwen3_8b,qwen3_8b,only_depth,core,core,,30776,123104,0,135022,1461952,0.27265100015938515,0.2956910000193602,0.02547999974922277,,,,
openmarcie_bicycle,cpu,unrestricted_bank,openmarcie_bicycle__only_depth__qwen3_8b,qwen3_8b,only_depth,core,core_language,,8207651840,16449136640,256,,1279423688064,2517.8761199999826,2518.7077955999484,1.7507669999758946,,,,
openmarcie_bicycle,cpu,separate_banks,openmarcie_bicycle__only_depth__qwen3_8b,qwen3_8b,only_depth,edge,chest_lidar0,chest_lidar0_depth,21224,84896,0,89907,1257984,0.21936100029051886,0.23920599996927194,0.012609999885171419,83,2.0664,10.0,4.426666666666667e-05
openmarcie_bicycle,cpu,separate_banks,openmarcie_bicycle__only_depth__qwen3_8b,qwen3_8b,only_depth,edge,room_rgbd0,room_rgbd0_depth,21224,84896,0,89907,1257984,0.20855100001426763,0.22398599967345945,0.01267000016014208,83,2.0664,10.0,4.426666666666667e-05
openmarcie_bicycle,cpu,separate_banks,openmarcie_bicycle__only_depth__qwen3_8b,qwen3_8b,only_depth,edge,room_rgbd1,room_rgbd1_depth,21224,84896,0,89907,1257984,0.21147100005691755,0.22160500011523254,0.012659999811148737,83,2.0664,10.0,4.426666666666667e-05
openmarcie_bicycle,cpu,separate_banks,openmarcie_bicycle__only_depth__qwen3_8b,qwen3_8b,only_depth,core,core,,30776,123104,0,135592,1461952,0.3152409999529482,0.3440868998040969,0.025841000024229288,,,,
openmarcie_bicycle,cpu,separate_banks,openmarcie_bicycle__only_depth__qwen3_8b,qwen3_8b,only_depth,core,core_language,,8207651840,16449136640,256,,1279423688064,2517.8761199999826,2518.7077955999484,1.5053060001264384,,,,
openmarcie_bicycle,cpu,fixed_resampling,openmarcie_bicycle__only_depth__qwen3_8b,qwen3_8b,only_depth,edge,chest_lidar0,chest_lidar0_depth,21224,84896,0,89907,983552,0.14893000025040237,0.1594969002326252,0.012609999885171419,83,2.0664,10.0,4.426666666666667e-05
openmarcie_bicycle,cpu,fixed_resampling,openmarcie_bicycle__only_depth__qwen3_8b,qwen3_8b,only_depth,edge,room_rgbd0,room_rgbd0_depth,21224,84896,0,89907,983552,0.14436099991144147,0.1494991000072332,0.012269999842828838,83,2.0664,10.0,4.426666666666667e-05
openmarcie_bicycle,cpu,fixed_resampling,openmarcie_bicycle__only_depth__qwen3_8b,qwen3_8b,only_depth,edge,room_rgbd1,room_rgbd1_depth,21224,84896,0,89907,983552,0.13363100015340024,0.14547410014529305,0.012420000075508142,83,2.0664,10.0,4.426666666666667e-05
openmarcie_bicycle,cpu,fixed_resampling,openmarcie_bicycle__only_depth__qwen3_8b,qwen3_8b,only_depth,core,core,,30776,123104,0,135022,1461952,0.31399199997395044,0.33080309981414757,0.02541999992899946,,,,
openmarcie_bicycle,cpu,fixed_resampling,openmarcie_bicycle__only_depth__qwen3_8b,qwen3_8b,only_depth,core,core_language,,8207651840,16449136640,256,,1279423688064,2517.8761199999826,2518.7077955999484,1.525977000255807,,,,
openmarcie_bicycle,cpu,finetune_encoders,openmarcie_bicycle__only_depth__qwen3_8b,qwen3_8b,only_depth,edge,chest_lidar0,chest_lidar0_depth,21224,84896,0,89907,1257984,0.21950100017420482,0.2397419997578254,0.011919999906240264,83,2.0664,10.0,4.426666666666667e-05
openmarcie_bicycle,cpu,finetune_encoders,openmarcie_bicycle__only_depth__qwen3_8b,qwen3_8b,only_depth,edge,room_rgbd0,room_rgbd0_depth,21224,84896,0,89907,1257984,0.20608100021490827,0.2280319997225888,0.012179999885120196,83,2.0664,10.0,4.426666666666667e-05
openmarcie_bicycle,cpu,finetune_encoders,openmarcie_bicycle__only_depth__qwen3_8b,qwen3_8b,only_depth,edge,room_rgbd1,room_rgbd1_depth,21224,84896,0,89907,1257984,0.20522100021480583,0.21937799988336337,0.012421000064932741,83,2.0664,10.0,4.426666666666667e-05
openmarcie_bicycle,cpu,finetune_encoders,openmarcie_bicycle__only_depth__qwen3_8b,qwen3_8b,only_depth,core,core,,30776,123104,0,135022,1461952,0.2982410001095559,0.3261590003603487,0.02525000036257552,,,,
openmarcie_bicycle,cpu,finetune_encoders,openmarcie_bicycle__only_depth__qwen3_8b,qwen3_8b,only_depth,core,core_language,,8207651840,16449136640,256,,1279423688064,2517.8761199999826,2518.7077955999484,1.5208869999696617,,,,
openmarcie_bicycle,cpu,no_alignment,openmarcie_bicycle__only_depth__qwen3_8b,qwen3_8b,only_depth,edge,chest_lidar0,chest_lidar0_depth,21224,84896,0,89907,1257984,0.21528100023715524,0.2351979999730247,0.012259999948582845,83,2.0664,10.0,4.426666666666667e-05
openmarcie_bicycle,cpu,no_alignment,openmarcie_bicycle__only_depth__qwen3_8b,qwen3_8b,only_depth,edge,room_rgbd0,room_rgbd0_depth,21224,84896,0,89907,1257984,0.22080100006860448,0.22240299990698986,0.012580000202433439,83,2.0664,10.0,4.426666666666667e-05
openmarcie_bicycle,cpu,no_alignment,openmarcie_bicycle__only_depth__qwen3_8b,qwen3_8b,only_depth,edge,room_rgbd1,room_rgbd1_depth,21224,84896,0,89907,1257984,0.203261000024213,0.22025299999768322,0.012170999980298802,83,2.0664,10.0,4.426666666666667e-05
openmarcie_bicycle,cpu,no_alignment,openmarcie_bicycle__only_depth__qwen3_8b,qwen3_8b,only_depth,core,core,,30776,123104,0,135022,1461952,0.3063310000470665,0.3370758998698875,0.0252810000347381,,,,
openmarcie_bicycle,cpu,no_alignment,openmarcie_bicycle__only_depth__qwen3_8b,qwen3_8b,only_depth,core,core_language,,8207651840,16449136640,256,,1279423688064,2517.8761199999826,2518.7077955999484,1.5170970000326633,,,,
openmarcie_bicycle,cpu,no_usage,openmarcie_bicycle__only_depth__qwen3_8b,qwen3_8b,only_depth,edge,chest_lidar0,chest_lidar0_depth,21224,84896,0,89907,1257984,0.2154310000150872,0.23861499998929503,0.012240000160090858,83,2.0664,10.0,4.426666666666667e-05
openmarcie_bicycle,cpu,no_usage,openmarcie_bicycle__only_depth__qwen3_8b,qwen3_8b,only_depth,edge,room_rgbd0,room_rgbd0_depth,21224,84896,0,89907,1257984,0.20825100000365637,0.23356799993052846,0.012280000191822182,83,2.0664,10.0,4.426666666666667e-05
openmarcie_bicycle,cpu,no_usage,openmarcie_bicycle__only_depth__qwen3_8b,qwen3_8b,only_depth,edge,room_rgbd1,room_rgbd1_depth,21224,84896,0,89907,1257984,0.2076009996017092,0.218445999917094,0.012409999726514798,83,2.0664,10.0,4.426666666666667e-05
openmarcie_bicycle,cpu,no_usage,openmarcie_bicycle__only_depth__qwen3_8b,qwen3_8b,only_depth,core,core,,30776,123104,0,135022,1461952,0.3008609996868472,0.32948099988061585,0.02585099991847528,,,,
openmarcie_bicycle,cpu,no_usage,openmarcie_bicycle__only_depth__qwen3_8b,qwen3_8b,only_depth,core,core_language,,8207651840,16449136640,256,,1279423688064,2517.8761199999826,2518.7077955999484,1.5217569998640101,,,,
openmarcie_bicycle,cpu,tcn,openmarcie_bicycle__only_depth__qwen3_8b,qwen3_8b,only_depth,edge,chest_lidar0,chest_lidar0_depth,0,0,0,0,0,0.00047999992602854036,0.0008310003067890648,0.009259999842470279,6396,7.1168,10.0,0.0034112
openmarcie_bicycle,cpu,tcn,openmarcie_bicycle__only_depth__qwen3_8b,qwen3_8b,only_depth,edge,room_rgbd0,room_rgbd0_depth,0,0,0,0,0,0.000470000031782547,0.0005870000222785166,0.009340000360680278,6396,7.1168,10.0,0.0034112
openmarcie_bicycle,cpu,tcn,openmarcie_bicycle__only_depth__qwen3_8b,qwen3_8b,only_depth,edge,room_rgbd1,room_rgbd1_depth,0,0,0,0,0,0.0004399998942972161,0.0005119999514135998,0.008499999694322469,6396,7.1168,10.0,0.0034112
openmarcie_bicycle,cpu,tcn,openmarcie_bicycle__only_depth__qwen3_8b,qwen3_8b,only_depth,core,core,,33048,132192,0,142717,2034624,0.5640919998768368,0.6064198999865766,0.017840000055002747,,,,
openmarcie_bicycle,cpu,tcn,openmarcie_bicycle__only_depth__qwen3_8b,qwen3_8b,only_depth,core,core_language,,8207651840,16449136640,256,,1391690002816,2546.0264830003325,2559.0695890001825,1.7443479996472888,,,,
openmarcie_bicycle,cpu,ts_transformer,openmarcie_bicycle__only_depth__qwen3_8b,qwen3_8b,only_depth,edge,chest_lidar0,chest_lidar0_depth,0,0,0,0,0,0.0005199999577598646,0.0008169996817741776,0.008959999831859022,6396,7.1168,10.0,0.0034112
openmarcie_bicycle,cpu,ts_transformer,openmarcie_bicycle__only_depth__qwen3_8b,qwen3_8b,only_depth,edge,room_rgbd0,room_rgbd0_depth,0,0,0,0,0,0.00047999992602854036,0.0005969999165245099,0.008771000011620345,6396,7.1168,10.0,0.0034112
openmarcie_bicycle,cpu,ts_transformer,openmarcie_bicycle__only_depth__qwen3_8b,qwen3_8b,only_depth,edge,room_rgbd1,room_rgbd1_depth,0,0,0,0,0,0.0004899998202745337,0.0004990001343685435,0.00855999996929313,6396,7.1168,10.0,0.0034112
openmarcie_bicycle,cpu,ts_transformer,openmarcie_bicycle__only_depth__qwen3_8b,qwen3_8b,only_depth,core,core,,45912,183648,0,197785,3083200,0.5978320000394888,0.6382068999300827,0.01767999992807745,,,,
openmarcie_bicycle,cpu,ts_transformer,openmarcie_bicycle__only_depth__qwen3_8b,qwen3_8b,only_depth,core,core_language,,8207651840,16449136640,256,,1391690002816,2546.0264830003325,2559.0695890001825,1.7613680001886678,,,,
openmarcie_bicycle,cpu,patchtst,openmarcie_bicycle__only_depth__qwen3_8b,qwen3_8b,only_depth,edge,chest_lidar0,chest_lidar0_depth,0,0,0,0,0,0.0005100000635138713,0.0008340003205375979,0.008989999969344353,6396,7.1168,10.0,0.0034112
openmarcie_bicycle,cpu,patchtst,openmarcie_bicycle__only_depth__qwen3_8b,qwen3_8b,only_depth,edge,room_rgbd0,room_rgbd0_depth,0,0,0,0,0,0.00047999992602854036,0.0005879996024305001,0.008619999789516442,6396,7.1168,10.0,0.0034112
openmarcie_bicycle,cpu,patchtst,openmarcie_bicycle__only_depth__qwen3_8b,qwen3_8b,only_depth,edge,room_rgbd1,room_rgbd1_depth,0,0,0,0,0,0.0004399998942972161,0.0004940001417708118,0.008600000001024455,6396,7.1168,10.0,0.0034112
openmarcie_bicycle,cpu,patchtst,openmarcie_bicycle__only_depth__qwen3_8b,qwen3_8b,only_depth,core,core,,39928,159712,0,173849,69986496,1.009284999781812,1.0515120997297345,0.017859999843494734,,,,
openmarcie_bicycle,cpu,patchtst,openmarcie_bicycle__only_depth__qwen3_8b,qwen3_8b,only_depth,core,core_language,,8207651840,16449136640,256,,1041108444416,2481.4791229996445,2483.9894947997436,1.1445049999565526,,,,
openmarcie_bicycle,cpu,distrixsense,openmarcie_bicycle__only_imu__qwen3_8b,qwen3_8b,only_imu,edge,imu_gateway,imu,10474,41896,0,47027,575488,0.23399100018650643,0.24207299984482233,0.012541000160126714,81,2.0648,10.0,4.32e-05
openmarcie_bicycle,cpu,distrixsense,openmarcie_bicycle__only_imu__qwen3_8b,qwen3_8b,only_imu,core,core,,28600,114400,0,126318,488000,0.25866099986160407,0.259749999804626,0.009849999969446799,,,,
openmarcie_bicycle,cpu,distrixsense,openmarcie_bicycle__only_imu__qwen3_8b,qwen3_8b,only_imu,core,core_language,,8207651840,16449136640,256,,999223468928,2462.1520710002187,2464.5403722000083,1.0282949997417745,,,,
openmarcie_bicycle,cpu,dense,openmarcie_bicycle__only_imu__qwen3_8b,qwen3_8b,only_imu,edge,imu_gateway,imu,7042,28168,0,31309,443904,0.16164999988177442,0.18177489987465378,0.009129999853030313,4324,5.4592,10.0,0.0023061333333333333
openmarcie_bicycle,cpu,dense,openmarcie_bicycle__only_imu__qwen3_8b,qwen3_8b,only_imu,core,core,,27576,110304,0,121905,1997888,0.21195999988776748,0.24192279979615705,0.0066200000219396316,,,,
openmarcie_bicycle,cpu,dense,openmarcie_bicycle__only_imu__qwen3_8b,qwen3_8b,only_imu,core,core_language,,8207651840,16449136640,256,,1335682674560,2532.1091860000706,2561.775207399978,1.799187999949936,,,,
openmarcie_bicycle,cpu,dense_tokens,openmarcie_bicycle__only_imu__qwen3_8b,qwen3_8b,only_imu,edge,imu_gateway,imu,9418,37672,0,42297,559104,0.20944099969710805,0.22697299968967855,0.008229999821196543,1100,2.88,10.0,0.0005866666666666667
openmarcie_bicycle,cpu,dense_tokens,openmarcie_bicycle__only_imu__qwen3_8b,qwen3_8b,only_imu,core,core,,27576,110304,0,121905,488000,0.20001100028821384,0.22901800007275597,0.006329999905574368,,,,
openmarcie_bicycle,cpu,dense_tokens,openmarcie_bicycle__only_imu__qwen3_8b,qwen3_8b,only_imu,core,core_language,,8207651840,16449136640,256,,999223468928,2462.1520710002187,2464.5403722000083,1.0634340001161036,,,,
openmarcie_bicycle,cpu,raw,openmarcie_bicycle__only_imu__qwen3_8b,qwen3_8b,only_imu,edge,imu_gateway,imu,0,0,0,0,0,0.0005500000952451956,0.0008739999429963063,0.011630000244622352,16164,14.9312,10.0,0.0086208
openmarcie_bicycle,cpu,raw,openmarcie_bicycle__only_imu__qwen3_8b,qwen3_8b,only_imu,core,core,,34618,138472,0,152601,2441792,0.44050199994671857,0.4594470001393347,0.006820000180596253,,,,
openmarcie_bicycle,cpu,raw,openmarcie_bicycle__only_imu__qwen3_8b,qwen3_8b,only_imu,core,core_language,,8207651840,16449136640,256,,1335682674560,2532.1091860000706,2561.775207399978,1.8273380001119222,,,,
openmarcie_bicycle,cpu,early_fusion,openmarcie_bicycle__only_imu__qwen3_8b,qwen3_8b,only_imu,edge,imu_gateway,imu,0,0,0,0,0,0.00044999978854320943,0.0008909996267902898,0.011110000286862487,16164,14.9312,10.0,0.0086208
openmarcie_bicycle,cpu,early_fusion,openmarcie_bicycle__only_imu__qwen3_8b,qwen3_8b,only_imu,core,core,,28858,115432,0,128927,2075200,0.44562200037034927,0.457421000010072,0.007239999831654131,,,,
openmarcie_bicycle,cpu,early_fusion,openmarcie_bicycle__only_imu__qwen3_8b,qwen3_8b,only_imu,core,core_language,,8207651840,16449136640,256,,1335682674560,2532.1091860000706,2561.775207399978,1.8206790000476758,,,,
openmarcie_bicycle,cpu,late_fusion,openmarcie_bicycle__only_imu__qwen3_8b,qwen3_8b,only_imu,edge,imu_gateway,imu,7438,29752,0,33285,444672,0.17999100009546964,0.19820699981210055,0.008140000318235252,96,2.0768,10.0,5.12e-05
openmarcie_bicycle,cpu,late_fusion,openmarcie_bicycle__only_imu__qwen3_8b,qwen3_8b,only_imu,core,core,,0,0,0,0,0,0.024340000436495757,0.031000899980426766,0.005859999873791821,,,,
openmarcie_bicycle,cpu,late_fusion,openmarcie_bicycle__only_imu__qwen3_8b,qwen3_8b,only_imu,core,core_language,,8190735360,16381470720,256,,1124741163008,2531.34547100035,2544.0155395998318,0.17915099988385919,,,,
openmarcie_bicycle,cpu,local_only,openmarcie_bicycle__only_imu__qwen3_8b,qwen3_8b,only_imu,edge,imu_gateway,imu,7438,29752,0,33285,444672,0.16766099997767014,0.1849589999892487,0.007840000307623995,52,2.0416,10.0,2.7733333333333334e-05
openmarcie_bicycle,cpu,local_only,openmarcie_bicycle__only_imu__qwen3_8b,qwen3_8b,only_imu,core,core,,0,0,0,0,0,0.028221000320627354,0.03592410030250903,0.006070000381441787,,,,
openmarcie_bicycle,cpu,local_only,openmarcie_bicycle__only_imu__qwen3_8b,qwen3_8b,only_imu,core,core_language,,8190735360,16381470720,256,,1124741163008,2531.34547100035,2544.0155395998318,0.1811499996620114,,,,
openmarcie_bicycle,cpu,bottleneck,openmarcie_bicycle__only_imu__qwen3_8b,qwen3_8b,only_imu,edge,imu_gateway,imu,7174,28696,0,32261,452096,0.17444100012653507,0.18981300004270452,0.00855999996929313,684,2.5472,10.0,0.0003648
openmarcie_bicycle,cpu,bottleneck,openmarcie_bicycle__only_imu__qwen3_8b,qwen3_8b,only_imu,core,core,,27736,110944,0,123115,2006080,0.21193099973970675,0.2355380001517915,0.0064000000747910235,,,,
openmarcie_bicycle,cpu,bottleneck,openmarcie_bicycle__only_imu__qwen3_8b,qwen3_8b,only_imu,core,core_language,,8207651840,16449136640,256,,1335682674560,2532.1091860000706,2561.775207399978,1.8355180000071414,,,,
openmarcie_bicycle,cpu,tokenlearner,openmarcie_bicycle__only_imu__qwen3_8b,qwen3_8b,only_imu,edge,imu_gateway,imu,8362,33448,0,37503,542720,0.20537099999273778,0.22616099990955263,0.00825000006443588,1100,2.88,10.0,0.0005866666666666667
openmarcie_bicycle,cpu,tokenlearner,openmarcie_bicycle__only_imu__qwen3_8b,qwen3_8b,only_imu,core,core,,27576,110304,0,121905,488000,0.19744099972740514,0.21830299970133638,0.006270000085351057,,,,
openmarcie_bicycle,cpu,tokenlearner,openmarcie_bicycle__only_imu__qwen3_8b,qwen3_8b,only_imu,core,core_language,,8207651840,16449136640,256,,999223468928,2462.1520710002187,2464.5403722000083,1.0631850000208942,,,,
openmarcie_bicycle,cpu,posthoc_vq,openmarcie_bicycle__only_imu__qwen3_8b,qwen3_8b,only_imu,edge,imu_gateway,imu,8066,32264,0,35657,509440,0.26280100018993835,0.27543789997253043,0.01334000035058125,192,2.1536,10.0,0.0001024
openmarcie_bicycle,cpu,posthoc_vq,openmarcie_bicycle__only_imu__qwen3_8b,qwen3_8b,only_imu,core,core,,28600,114400,0,126318,1997888,0.2441009996800858,0.26660099993023323,0.010639999800332589,,,,
openmarcie_bicycle,cpu,posthoc_vq,openmarcie_bicycle__only_imu__qwen3_8b,qwen3_8b,only_imu,core,core_language,,8207651840,16449136640,256,,1335682674560,2532.1091860000706,2561.775207399978,1.8004779999500897,,,,
openmarcie_bicycle,cpu,joint_vq,openmarcie_bicycle__only_imu__qwen3_8b,qwen3_8b,only_imu,edge,imu_gateway,imu,10442,41768,0,46646,575488,0.28593100023499574,0.3066219999709574,0.012389999938022811,81,2.0648,10.0,4.32e-05
openmarcie_bicycle,cpu,joint_vq,openmarcie_bicycle__only_imu__qwen3_8b,qwen3_8b,only_imu,core,core,,28600,114400,0,126318,488000,0.22602099988944246,0.2515629998924851,0.009989999853132758,,,,
openmarcie_bicycle,cpu,joint_vq,openmarcie_bicycle__only_imu__qwen3_8b,qwen3_8b,only_imu,core,core_language,,8207651840,16449136640,256,,999223468928,2462.1520710002187,2464.5403722000083,1.03043399985836,,,,
openmarcie_bicycle,cpu,deepconvlstm,openmarcie_bicycle__only_imu__qwen3_8b,qwen3_8b,only_imu,edge,imu_gateway,imu,0,0,0,0,0,0.0004899998202745337,0.0009579997822584119,0.01143000008596573,16164,14.9312,10.0,0.0086208
openmarcie_bicycle,cpu,deepconvlstm,openmarcie_bicycle__only_imu__qwen3_8b,qwen3_8b,only_imu,core,core,,36686,146744,0,153441,2279680,0.3431019999879936,0.36849009998149995,0.00698000030752155,,,,
openmarcie_bicycle,cpu,deepconvlstm,openmarcie_bicycle__only_imu__qwen3_8b,qwen3_8b,only_imu,core,core_language,,8207651840,16449136640,256,,1335682674560,2532.1091860000706,2561.775207399978,1.7270670000471,,,,
openmarcie_bicycle,cpu,unrestricted_bank,openmarcie_bicycle__only_imu__qwen3_8b,qwen3_8b,only_imu,edge,imu_gateway,imu,10474,41896,0,47027,575488,0.22608099970966578,0.2329929998722946,0.012540000170702115,81,2.0648,10.0,4.32e-05
openmarcie_bicycle,cpu,unrestricted_bank,openmarcie_bicycle__only_imu__qwen3_8b,qwen3_8b,only_imu,core,core,,28600,114400,0,126318,488000,0.20692099997177138,0.22887289987920667,0.009650000265537528,,,,
openmarcie_bicycle,cpu,unrestricted_bank,openmarcie_bicycle__only_imu__qwen3_8b,qwen3_8b,only_imu,core,core_language,,8207651840,16449136640,256,,999223468928,2462.1520710002187,2464.5403722000083,0.9603739999874961,,,,
openmarcie_bicycle,cpu,separate_banks,openmarcie_bicycle__only_imu__qwen3_8b,qwen3_8b,only_imu,edge,imu_gateway,imu,10474,41896,0,47027,575488,0.21291099983500317,0.23005600023680017,0.01235999980053748,81,2.0648,10.0,4.32e-05
openmarcie_bicycle,cpu,separate_banks,openmarcie_bicycle__only_imu__qwen3_8b,qwen3_8b,only_imu,core,core,,28600,114400,0,126318,488000,0.23530099997515208,0.26268800011166604,0.00976999990598415,,,,
openmarcie_bicycle,cpu,separate_banks,openmarcie_bicycle__only_imu__qwen3_8b,qwen3_8b,only_imu,core,core_language,,8207651840,16449136640,256,,999223468928,2462.1520710002187,2464.5403722000083,0.9685850000096252,,,,
openmarcie_bicycle,cpu,fixed_resampling,openmarcie_bicycle__only_imu__qwen3_8b,qwen3_8b,only_imu,edge,imu_gateway,imu,10474,41896,0,47027,543232,0.14534100000673789,0.16090199997051968,0.012319999768806156,81,2.0648,10.0,4.32e-05
openmarcie_bicycle,cpu,fixed_resampling,openmarcie_bicycle__only_imu__qwen3_8b,qwen3_8b,only_imu,core,core,,28600,114400,0,126318,488000,0.2245609998681175,0.2499778999663249,0.009959999715647427,,,,
openmarcie_bicycle,cpu,fixed_resampling,openmarcie_bicycle__only_imu__qwen3_8b,qwen3_8b,only_imu,core,core_language,,8207651840,16449136640,256,,999223468928,2462.1520710002187,2464.5403722000083,0.9731649997775094,,,,
openmarcie_bicycle,cpu,finetune_encoders,openmarcie_bicycle__only_imu__qwen3_8b,qwen3_8b,only_imu,edge,imu_gateway,imu,10474,41896,0,47027,575488,0.22633099979429971,0.23193799984255747,0.01204999989568023,81,2.0648,10.0,4.32e-05
openmarcie_bicycle,cpu,finetune_encoders,openmarcie_bicycle__only_imu__qwen3_8b,qwen3_8b,only_imu,core,core,,28600,114400,0,126318,488000,0.22292099993137526,0.2449259996865294,0.009820000286708819,,,,
openmarcie_bicycle,cpu,finetune_encoders,openmarcie_bicycle__only_imu__qwen3_8b,qwen3_8b,only_imu,core,core_language,,8207651840,16449136640,256,,999223468928,2462.1520710002187,2464.5403722000083,0.9546139999656589,,,,
openmarcie_bicycle,cpu,no_alignment,openmarcie_bicycle__only_imu__qwen3_8b,qwen3_8b,only_imu,edge,imu_gateway,imu,10474,41896,0,47027,575488,0.21571100023720646,0.24443900010737707,0.012069999684172217,81,2.0648,10.0,4.32e-05
openmarcie_bicycle,cpu,no_alignment,openmarcie_bicycle__only_imu__qwen3_8b,qwen3_8b,only_imu,core,core,,28600,114400,0,126318,488000,0.2261009999529051,0.24959099996522127,0.009660000159783522,,,,
openmarcie_bicycle,cpu,no_alignment,openmarcie_bicycle__only_imu__qwen3_8b,qwen3_8b,only_imu,core,core_language,,8207651840,16449136640,256,,999223468928,2462.1520710002187,2464.5403722000083,0.9514540001873684,,,,
openmarcie_bicycle,cpu,no_usage,openmarcie_bicycle__only_imu__qwen3_8b,qwen3_8b,only_imu,edge,imu_gateway,imu,10474,41896,0,47027,575488,0.21847099969818373,0.27295700015201874,0.012389999938022811,81,2.0648,10.0,4.32e-05
openmarcie_bicycle,cpu,no_usage,openmarcie_bicycle__only_imu__qwen3_8b,qwen3_8b,only_imu,core,core,,28600,114400,0,126318,488000,0.2345909997529816,0.24946799999270297,0.009730000329000177,,,,
openmarcie_bicycle,cpu,no_usage,openmarcie_bicycle__only_imu__qwen3_8b,qwen3_8b,only_imu,core,core_language,,8207651840,16449136640,256,,999223468928,2462.1520710002187,2464.5403722000083,0.9649240000726422,,,,
openmarcie_bicycle,cpu,tcn,openmarcie_bicycle__only_imu__qwen3_8b,qwen3_8b,only_imu,edge,imu_gateway,imu,0,0,0,0,0,0.00047999992602854036,0.0007680001544940751,0.010759999895526562,16164,14.9312,10.0,0.0086208
openmarcie_bicycle,cpu,tcn,openmarcie_bicycle__only_imu__qwen3_8b,qwen3_8b,only_imu,core,core,,14746,58984,0,67157,889152,0.36301099999036524,0.38340589999279473,0.0071200001912075095,,,,
openmarcie_bicycle,cpu,tcn,openmarcie_bicycle__only_imu__qwen3_8b,qwen3_8b,only_imu,core,core_language,,8207651840,16449136640,256,,1335682674560,2532.1091860000706,2561.775207399978,1.7216379997080367,,,,
openmarcie_bicycle,cpu,ts_transformer,openmarcie_bicycle__only_imu__qwen3_8b,qwen3_8b,only_imu,edge,imu_gateway,imu,0,0,0,0,0,0.0005199999577598646,0.0007360001291090157,0.010899999779212521,16164,14.9312,10.0,0.0086208
openmarcie_bicycle,cpu,ts_transformer,openmarcie_bicycle__only_imu__qwen3_8b,qwen3_8b,only_imu,core,core,,27610,110440,0,122097,1937728,0.3957419999096601,0.41530800008331425,0.006910000138304895,,,,
openmarcie_bicycle,cpu,ts_transformer,openmarcie_bicycle__only_imu__qwen3_8b,qwen3_8b,only_imu,core,core_language,,8207651840,16449136640,256,,1335682674560,2532.1091860000706,2561.775207399978,1.6991269999380165,,,,
openmarcie_bicycle,cpu,patchtst,openmarcie_bicycle__only_imu__qwen3_8b,qwen3_8b,only_imu,edge,imu_gateway,imu,0,0,0,0,0,0.0005100000635138713,0.0007169999207690125,0.011269999959040433,16164,14.9312,10.0,0.0086208
openmarcie_bicycle,cpu,patchtst,openmarcie_bicycle__only_imu__qwen3_8b,qwen3_8b,only_imu,core,core,,27162,108648,0,120305,7602496,0.48947300001600524,0.515374099904875,0.007139999979699496,,,,
openmarcie_bicycle,cpu,patchtst,openmarcie_bicycle__only_imu__qwen3_8b,qwen3_8b,only_imu,core,core_language,,8207651840,16449136640,256,,985219080960,2466.0282720001305,2468.811674100243,0.9858849998636288,,,,
openmarcie_bicycle,cpu,distrixsense,openmarcie_bicycle__only_magnetometer__qwen3_8b,qwen3_8b,only_magnetometer,edge,magnetometer_gateway,magnetometer,8134,32536,0,37683,427264,0.21285100001477986,0.22486600023512437,0.012070000138919568,81,2.0648,10.0,4.32e-05
openmarcie_bicycle,cpu,distrixsense,openmarcie_bicycle__only_magnetometer__qwen3_8b,qwen3_8b,only_magnetometer,core,core,,28600,114400,0,126318,488000,0.22650100027021836,0.2523669997117395,0.009720999969431432,,,,
openmarcie_bicycle,cpu,distrixsense,openmarcie_bicycle__only_magnetometer__qwen3_8b,qwen3_8b,only_magnetometer,core,core_language,,8207651840,16449136640,256,,999223468928,2462.1520710002187,2464.5403722000083,0.9595740002623643,,,,
openmarcie_bicycle,cpu,dense,openmarcie_bicycle__only_magnetometer__qwen3_8b,qwen3_8b,only_magnetometer,edge,magnetometer_gateway,magnetometer,4702,18808,0,21965,295680,0.1592809999237943,0.1652920997912588,0.008880000223143725,4324,5.4592,10.0,0.0023061333333333333
openmarcie_bicycle,cpu,dense,openmarcie_bicycle__only_magnetometer__qwen3_8b,qwen3_8b,only_magnetometer,core,core,,27576,110304,0,121905,1997888,0.20927100013068411,0.23055600013321964,0.00639000018054503,,,,
openmarcie_bicycle,cpu,dense,openmarcie_bicycle__only_magnetometer__qwen3_8b,qwen3_8b,only_magnetometer,core,core_language,,8207651840,16449136640,256,,1335682674560,2532.1091860000706,2561.775207399978,1.7290480000156094,,,,
openmarcie_bicycle,cpu,dense_tokens,openmarcie_bicycle__only_magnetometer__qwen3_8b,qwen3_8b,only_magnetometer,edge,magnetometer_gateway,magnetometer,7078,28312,0,32953,410880,0.20901099969705683,0.2184970000598696,0.008060000254772604,1100,2.88,10.0,0.0005866666666666667
openmarcie_bicycle,cpu,dense_tokens,openmarcie_bicycle__only_magnetometer__qwen3_8b,qwen3_8b,only_magnetometer,core,core,,27576,110304,0,121905,488000,0.2013809998970828,0.22634699985246698,0.006210000265127746,,,,
openmarcie_bicycle,cpu,dense_tokens,openmarcie_bicycle__only_magnetometer__qwen3_8b,qwen3_8b,only_magnetometer,core,core_language,,8207651840,16449136640,256,,999223468928,2462.1520710002187,2464.5403722000083,0.9596049999345269,,,,
openmarcie_bicycle,cpu,raw,openmarcie_bicycle__only_magnetometer__qwen3_8b,qwen3_8b,only_magnetometer,edge,magnetometer_gateway,magnetometer,0,0,0,0,0,0.0005100000635138713,0.000798000291979406,0.008539999726053793,1244,2.9952,10.0,0.0006634666666666667
openmarcie_bicycle,cpu,raw,openmarcie_bicycle__only_magnetometer__qwen3_8b,qwen3_8b,only_magnetometer,core,core,,32278,129112,0,143321,2293568,0.4442019999260083,0.458520999927714,0.0062099998103803955,,,,
openmarcie_bicycle,cpu,raw,openmarcie_bicycle__only_magnetometer__qwen3_8b,qwen3_8b,only_magnetometer,core,core_language,,8207651840,16449136640,256,,1335682674560,2532.1091860000706,2561.775207399978,1.733508000143047,,,,
openmarcie_bicycle,cpu,early_fusion,openmarcie_bicycle__only_magnetometer__qwen3_8b,qwen3_8b,only_magnetometer,edge,magnetometer_gateway,magnetometer,0,0,0,0,0,0.0005400002009992022,0.0008280000201921212,0.009070000032807002,1244,2.9952,10.0,0.0006634666666666667
openmarcie_bicycle,cpu,early_fusion,openmarcie_bicycle__only_magnetometer__qwen3_8b,qwen3_8b,only_magnetometer,core,core,,28054,112216,0,125791,2025280,0.43223199963904335,0.4701850001765706,0.006439999651774997,,,,
openmarcie_bicycle,cpu,early_fusion,openmarcie_bicycle__only_magnetometer__qwen3_8b,qwen3_8b,only_magnetometer,core,core_language,,8207651840,16449136640,256,,1335682674560,2532.1091860000706,2561.775207399978,1.6739479997340823,,,,
openmarcie_bicycle,cpu,late_fusion,openmarcie_bicycle__only_magnetometer__qwen3_8b,qwen3_8b,only_magnetometer,edge,magnetometer_gateway,magnetometer,5098,20392,0,23941,296448,0.16358099992430652,0.18136410012630222,0.0079100000220933,96,2.0768,10.0,5.12e-05
openmarcie_bicycle,cpu,late_fusion,openmarcie_bicycle__only_magnetometer__qwen3_8b,qwen3_8b,only_magnetometer,core,core,,0,0,0,0,0,0.023600000076839933,0.029701999801545753,0.005730000339099206,,,,
openmarcie_bicycle,cpu,late_fusion,openmarcie_bicycle__only_magnetometer__qwen3_8b,qwen3_8b,only_magnetometer,core,core_language,,8190735360,16381470720,256,,1124741163008,2531.34547100035,2544.0155395998318,0.17871099998956197,,,,
openmarcie_bicycle,cpu,local_only,openmarcie_bicycle__only_magnetometer__qwen3_8b,qwen3_8b,only_magnetometer,edge,magnetometer_gateway,magnetometer,5098,20392,0,23941,296448,0.1733899998725974,0.17792690018723079,0.007740000000922009,52,2.0416,10.0,2.7733333333333334e-05
openmarcie_bicycle,cpu,local_only,openmarcie_bicycle__only_magnetometer__qwen3_8b,qwen3_8b,only_magnetometer,core,core,,0,0,0,0,0,0.02766999978121021,0.035166999896318885,0.005819999842060497,,,,
openmarcie_bicycle,cpu,local_only,openmarcie_bicycle__only_magnetometer__qwen3_8b,qwen3_8b,only_magnetometer,core,core_language,,8190735360,16381470720,256,,1124741163008,2531.34547100035,2544.0155395998318,0.17210100031661568,,,,
openmarcie_bicycle,cpu,bottleneck,openmarcie_bicycle__only_magnetometer__qwen3_8b,qwen3_8b,only_magnetometer,edge,magnetometer_gateway,magnetometer,4834,19336,0,22917,303872,0.16267000000880216,0.17809689975365472,0.008579999757785117,684,2.5472,10.0,0.0003648
openmarcie_bicycle,cpu,bottleneck,openmarcie_bicycle__only_magnetometer__qwen3_8b,qwen3_8b,only_magnetometer,core,core,,27736,110944,0,123115,2006080,0.21191099995121476,0.2378310000494821,0.00613999964116374,,,,
openmarcie_bicycle,cpu,bottleneck,openmarcie_bicycle__only_magnetometer__qwen3_8b,qwen3_8b,only_magnetometer,core,core_language,,8207651840,16449136640,256,,1335682674560,2532.1091860000706,2561.775207399978,1.7218569996657607,,,,
openmarcie_bicycle,cpu,tokenlearner,openmarcie_bicycle__only_magnetometer__qwen3_8b,qwen3_8b,only_magnetometer,edge,magnetometer_gateway,magnetometer,6022,24088,0,28159,394496,0.20610000001397566,0.22906889980731648,0.008449999768345151,1100,2.88,10.0,0.0005866666666666667
openmarcie_bicycle,cpu,tokenlearner,openmarcie_bicycle__only_magnetometer__qwen3_8b,qwen3_8b,only_magnetometer,core,core,,27576,110304,0,121905,488000,0.19639100037238677,0.21923299987065548,0.006239999947865726,,,,
openmarcie_bicycle,cpu,tokenlearner,openmarcie_bicycle__only_magnetometer__qwen3_8b,qwen3_8b,only_magnetometer,core,core_language,,8207651840,16449136640,256,,999223468928,2462.1520710002187,2464.5403722000083,0.9456540001337999,,,,
openmarcie_bicycle,cpu,posthoc_vq,openmarcie_bicycle__only_magnetometer__qwen3_8b,qwen3_8b,only_magnetometer,edge,magnetometer_gateway,magnetometer,5726,22904,0,26313,361216,0.247281000156363,0.26456999985384755,0.013670000043930486,192,2.1536,10.0,0.0001024
openmarcie_bicycle,cpu,posthoc_vq,openmarcie_bicycle__only_magnetometer__qwen3_8b,qwen3_8b,only_magnetometer,core,core,,28600,114400,0,126318,1997888,0.24305099987032008,0.2777280002646876,0.01111999972636113,,,,
openmarcie_bicycle,cpu,posthoc_vq,openmarcie_bicycle__only_magnetometer__qwen3_8b,qwen3_8b,only_magnetometer,core,core_language,,8207651840,16449136640,256,,1335682674560,2532.1091860000706,2561.775207399978,1.7026479999913136,,,,
openmarcie_bicycle,cpu,joint_vq,openmarcie_bicycle__only_magnetometer__qwen3_8b,qwen3_8b,only_magnetometer,edge,magnetometer_gateway,magnetometer,8102,32408,0,37302,427264,0.28772099994966993,0.31309290011449775,0.012570000308187446,81,2.0648,10.0,4.32e-05
openmarcie_bicycle,cpu,joint_vq,openmarcie_bicycle__only_magnetometer__qwen3_8b,qwen3_8b,only_magnetometer,core,core,,28600,114400,0,126318,488000,0.22920099991097231,0.25631800003793614,0.009789999694476137,,,,
openmarcie_bicycle,cpu,joint_vq,openmarcie_bicycle__only_magnetometer__qwen3_8b,qwen3_8b,only_magnetometer,core,core_language,,8207651840,16449136640,256,,999223468928,2462.1520710002187,2464.5403722000083,0.9390440000061062,,,,
openmarcie_bicycle,cpu,deepconvlstm,openmarcie_bicycle__only_magnetometer__qwen3_8b,qwen3_8b,only_magnetometer,edge,magnetometer_gateway,magnetometer,0,0,0,0,0,0.0005199999577598646,0.0008170000910467934,0.010849999853235204,1244,2.9952,10.0,0.0006634666666666667
openmarcie_bicycle,cpu,deepconvlstm,openmarcie_bicycle__only_magnetometer__qwen3_8b,qwen3_8b,only_magnetometer,core,core,,34346,137384,0,144161,2131456,0.3371419998074998,0.3734029998213373,0.006771000244043535,,,,
openmarcie_bicycle,cpu,deepconvlstm,openmarcie_bicycle__only_magnetometer__qwen3_8b,qwen3_8b,only_magnetometer,core,core_language,,8207651840,16449136640,256,,1335682674560,2532.1091860000706,2561.775207399978,1.7047669998646597,,,,
openmarcie_bicycle,cpu,unrestricted_bank,openmarcie_bicycle__only_magnetometer__qwen3_8b,qwen3_8b,only_magnetometer,edge,magnetometer_gateway,magnetometer,8134,32536,0,37683,427264,0.22518100013257936,0.22635999994236045,0.012400000287016155,81,2.0648,10.0,4.32e-05
openmarcie_bicycle,cpu,unrestricted_bank,openmarcie_bicycle__only_magnetometer__qwen3_8b,qwen3_8b,only_magnetometer,core,core,,28600,114400,0,126318,488000,0.2003810000132944,0.22645399972134328,0.009789999694476137,,,,
openmarcie_bicycle,cpu,unrestricted_bank,openmarcie_bicycle__only_magnetometer__qwen3_8b,qwen3_8b,only_magnetometer,core,core_language,,8207651840,16449136640,256,,999223468928,2462.1520710002187,2464.5403722000083,0.9314939998148475,,,,
openmarcie_bicycle,cpu,separate_banks,openmarcie_bicycle__only_magnetometer__qwen3_8b,qwen3_8b,only_magnetometer,edge,magnetometer_gateway,magnetometer,8134,32536,0,37683,427264,0.2115510001203802,0.23198999965643452,0.012139999853388872,81,2.0648,10.0,4.32e-05
openmarcie_bicycle,cpu,separate_banks,openmarcie_bicycle__only_magnetometer__qwen3_8b,qwen3_8b,only_magnetometer,core,core,,28600,114400,0,126318,488000,0.24062100010269205,0.2587928998764255,0.009480000244366238,,,,
openmarcie_bicycle,cpu,separate_banks,openmarcie_bicycle__only_magnetometer__qwen3_8b,qwen3_8b,only_magnetometer,core,core_language,,8207651840,16449136640,256,,999223468928,2462.1520710002187,2464.5403722000083,0.950464000197826,,,,
openmarcie_bicycle,cpu,fixed_resampling,openmarcie_bicycle__only_magnetometer__qwen3_8b,qwen3_8b,only_magnetometer,edge,magnetometer_gateway,magnetometer,8134,32536,0,37683,420352,0.13791099991067313,0.15384100006485824,0.011859999631269602,81,2.0648,10.0,4.32e-05
openmarcie_bicycle,cpu,fixed_resampling,openmarcie_bicycle__only_magnetometer__qwen3_8b,qwen3_8b,only_magnetometer,core,core,,28600,114400,0,126318,488000,0.2389310002399725,0.2626550002332806,0.009750000117492164,,,,
openmarcie_bicycle,cpu,fixed_resampling,openmarcie_bicycle__only_magnetometer__qwen3_8b,qwen3_8b,only_magnetometer,core,core_language,,8207651840,16449136640,256,,999223468928,2462.1520710002187,2464.5403722000083,0.9409039998899971,,,,
openmarcie_bicycle,cpu,finetune_encoders,openmarcie_bicycle__only_magnetometer__qwen3_8b,qwen3_8b,only_magnetometer,edge,magnetometer_gateway,magnetometer,8134,32536,0,37683,427264,0.20637999978134758,0.23087079985089076,0.012399999832268804,81,2.0648,10.0,4.32e-05
openmarcie_bicycle,cpu,finetune_encoders,openmarcie_bicycle__only_magnetometer__qwen3_8b,qwen3_8b,only_magnetometer,core,core,,28600,114400,0,126318,488000,0.25219100007234374,0.27656299976115406,0.009791000138648087,,,,
openmarcie_bicycle,cpu,finetune_encoders,openmarcie_bicycle__only_magnetometer__qwen3_8b,qwen3_8b,only_magnetometer,core,core_language,,8207651840,16449136640,256,,999223468928,2462.1520710002187,2464.5403722000083,0.9563439998601098,,,,
openmarcie_bicycle,cpu,no_alignment,openmarcie_bicycle__only_magnetometer__qwen3_8b,qwen3_8b,only_magnetometer,edge,magnetometer_gateway,magnetometer,8134,32536,0,37683,427264,0.2147010000044247,0.23101800015865592,0.012569999853440095,81,2.0648,10.0,4.32e-05
openmarcie_bicycle,cpu,no_alignment,openmarcie_bicycle__only_magnetometer__qwen3_8b,qwen3_8b,only_magnetometer,core,core,,28600,114400,0,126318,488000,0.23117099999581114,0.2718240002195671,0.009809999937715475,,,,
openmarcie_bicycle,cpu,no_alignment,openmarcie_bicycle__only_magnetometer__qwen3_8b,qwen3_8b,only_magnetometer,core,core_language,,8207651840,16449136640,256,,999223468928,2462.1520710002187,2464.5403722000083,0.9418350000487408,,,,
openmarcie_bicycle,cpu,no_usage,openmarcie_bicycle__only_magnetometer__qwen3_8b,qwen3_8b,only_magnetometer,edge,magnetometer_gateway,magnetometer,8134,32536,0,37683,427264,0.23193100014395895,0.2559889002895943,0.012320000223553507,81,2.0648,10.0,4.32e-05
openmarcie_bicycle,cpu,no_usage,openmarcie_bicycle__only_magnetometer__qwen3_8b,qwen3_8b,only_magnetometer,core,core,,28600,114400,0,126318,488000,0.22718099990015617,0.25301100013166433,0.009779999800230144,,,,
openmarcie_bicycle,cpu,no_usage,openmarcie_bicycle__only_magnetometer__qwen3_8b,qwen3_8b,only_magnetometer,core,core_language,,8207651840,16449136640,256,,999223468928,2462.1520710002187,2464.5403722000083,0.9534539999549452,,,,
openmarcie_bicycle,cpu,tcn,openmarcie_bicycle__only_magnetometer__qwen3_8b,qwen3_8b,only_magnetometer,edge,magnetometer_gateway,magnetometer,0,0,0,0,0,0.0005400002009992022,0.0009270002010453027,0.008819999948173063,1244,2.9952,10.0,0.0006634666666666667
openmarcie_bicycle,cpu,tcn,openmarcie_bicycle__only_magnetometer__qwen3_8b,qwen3_8b,only_magnetometer,core,core,,13942,55768,0,64021,839232,0.35343099989404436,0.41125690022454364,0.006450000000768341,,,,
openmarcie_bicycle,cpu,tcn,openmarcie_bicycle__only_magnetometer__qwen3_8b,qwen3_8b,only_magnetometer,core,core_language,,8207651840,16449136640,256,,1335682674560,2532.1091860000706,2561.775207399978,1.695606999874144,,,,
openmarcie_bicycle,cpu,ts_transformer,openmarcie_bicycle__only_magnetometer__qwen3_8b,qwen3_8b,only_magnetometer,edge,magnetometer_gateway,magnetometer,0,0,0,0,0,0.0004900002750218846,0.0007239998467412079,0.008779999916441739,1244,2.9952,10.0,0.0006634666666666667
openmarcie_bicycle,cpu,ts_transformer,openmarcie_bicycle__only_magnetometer__qwen3_8b,qwen3_8b,only_magnetometer,core,core,,26806,107224,0,118961,1887808,0.3956620003009448,0.4277650000858557,0.00624999984211172,,,,
openmarcie_bicycle,cpu,ts_transformer,openmarcie_bicycle__only_magnetometer__qwen3_8b,qwen3_8b,only_magnetometer,core,core_language,,8207651840,16449136640,256,,1335682674560,2532.1091860000706,2561.775207399978,1.739648000238958,,,,
openmarcie_bicycle,cpu,patchtst,openmarcie_bicycle__only_magnetometer__qwen3_8b,qwen3_8b,only_magnetometer,edge,magnetometer_gateway,magnetometer,0,0,0,0,0,0.00046000013753655367,0.0008110001090244623,0.009100000170292333,1244,2.9952,10.0,0.0006634666666666667
openmarcie_bicycle,cpu,patchtst,openmarcie_bicycle__only_magnetometer__qwen3_8b,qwen3_8b,only_magnetometer,core,core,,26742,106968,0,118705,3254848,0.456952000149613,0.49452699977337033,0.006640000265178969,,,,
openmarcie_bicycle,cpu,patchtst,openmarcie_bicycle__only_magnetometer__qwen3_8b,qwen3_8b,only_magnetometer,core,core_language,,8207651840,16449136640,256,,985219080960,2466.0282720001305,2468.811674100243,1.0412950000500132,,,,
openmarcie_bicycle,cpu,distrixsense,openmarcie_bicycle__only_rgb__qwen3_8b,qwen3_8b,only_rgb,edge,chest_lidar0,chest_lidar0_rgb,75112,300448,0,305459,4690432,0.24323099978573737,0.2532479998535564,0.012590000096679432,83,2.0664,10.0,4.426666666666667e-05
openmarcie_bicycle,cpu,distrixsense,openmarcie_bicycle__only_rgb__qwen3_8b,qwen3_8b,only_rgb,edge,room_rgbd0,room_rgbd0_rgb,75112,300448,0,305459,4690432,0.2308410003024619,0.24022800007514888,0.012349999906291487,83,2.0664,10.0,4.426666666666667e-05
openmarcie_bicycle,cpu,distrixsense,openmarcie_bicycle__only_rgb__qwen3_8b,qwen3_8b,only_rgb,edge,room_rgbd1,room_rgbd1_rgb,75112,300448,0,305459,4690432,0.22831099977338454,0.24008300010791572,0.012380000043776818,83,2.0664,10.0,4.426666666666667e-05
openmarcie_bicycle,cpu,distrixsense,openmarcie_bicycle__only_rgb__qwen3_8b,qwen3_8b,only_rgb,core,core,,30776,123104,0,135022,1461952,0.310921000163944,0.33010089991876157,0.026170000182901276,,,,
openmarcie_bicycle,cpu,distrixsense,openmarcie_bicycle__only_rgb__qwen3_8b,qwen3_8b,only_rgb,core,core_language,,8207651840,16449136640,256,,1279423688064,2517.8761199999826,2518.7077955999484,1.5455170000677754,,,,
openmarcie_bicycle,cpu,dense,openmarcie_bicycle__only_rgb__qwen3_8b,qwen3_8b,only_rgb,edge,chest_lidar0,chest_lidar0_rgb,71680,286720,0,289741,4558848,0.175040000158333,0.19209589986530773,0.009200000022246968,4324,5.4592,10.0,0.0023061333333333333
openmarcie_bicycle,cpu,dense,openmarcie_bicycle__only_rgb__qwen3_8b,qwen3_8b,only_rgb,edge,room_rgbd0,room_rgbd0_rgb,71680,286720,0,289741,4558848,0.17485099988334696,0.17792000016925158,0.0088400001914124,4324,5.4592,10.0,0.0023061333333333333
openmarcie_bicycle,cpu,dense,openmarcie_bicycle__only_rgb__qwen3_8b,qwen3_8b,only_rgb,edge,room_rgbd1,room_rgbd1_rgb,71680,286720,0,289741,4558848,0.16941100011536037,0.17763699988790904,0.008760999662627,4324,5.4592,10.0,0.0023061333333333333
openmarcie_bicycle,cpu,dense,openmarcie_bicycle__only_rgb__qwen3_8b,qwen3_8b,only_rgb,core,core,,27704,110816,0,122417,7466176,0.3177110002070549,0.34636790001059126,0.0183799998012546,,,,
openmarcie_bicycle,cpu,dense,openmarcie_bicycle__only_rgb__qwen3_8b,qwen3_8b,only_rgb,core,core_language,,8207651840,16449136640,256,,2292538429824,2748.7743560000126,2749.7424005000994,3.729086000021198,,,,
openmarcie_bicycle,cpu,dense_tokens,openmarcie_bicycle__only_rgb__qwen3_8b,qwen3_8b,only_rgb,edge,chest_lidar0,chest_lidar0_rgb,74056,296224,0,300729,4674048,0.22810100017522927,0.24673999992046447,0.00810999972600257,1100,2.88,10.0,0.0005866666666666667
openmarcie_bicycle,cpu,dense_tokens,openmarcie_bicycle__only_rgb__qwen3_8b,qwen3_8b,only_rgb,edge,room_rgbd0,room_rgbd0_rgb,74056,296224,0,300729,4674048,0.21670099977200152,0.23024599977361504,0.00804999990577926,1100,2.88,10.0,0.0005866666666666667
openmarcie_bicycle,cpu,dense_tokens,openmarcie_bicycle__only_rgb__qwen3_8b,qwen3_8b,only_rgb,edge,room_rgbd1,room_rgbd1_rgb,74056,296224,0,300729,4674048,0.21511100021598395,0.2335790001325222,0.008259999958681874,1100,2.88,10.0,0.0005866666666666667
openmarcie_bicycle,cpu,dense_tokens,openmarcie_bicycle__only_rgb__qwen3_8b,qwen3_8b,only_rgb,core,core,,27704,110816,0,122417,1461952,0.25413200000912184,0.2805100997647969,0.0166699996952957,,,,
openmarcie_bicycle,cpu,dense_tokens,openmarcie_bicycle__only_rgb__qwen3_8b,qwen3_8b,only_rgb,core,core_language,,8207651840,16449136640,256,,1279423688064,2517.8761199999826,2518.7077955999484,1.5029470000627043,,,,
openmarcie_bicycle,cpu,raw,openmarcie_bicycle__only_rgb__qwen3_8b,qwen3_8b,only_rgb,edge,chest_lidar0,chest_lidar0_rgb,0,0,0,0,0,0.0005399997462518513,0.0009089999366551638,0.01064000025507994,18908,17.1264,10.0,0.010084266666666666
openmarcie_bicycle,cpu,raw,openmarcie_bicycle__only_rgb__qwen3_8b,qwen3_8b,only_rgb,edge,room_rgbd0,room_rgbd0_rgb,0,0,0,0,0,0.00046000013753655367,0.000613000156590715,0.009709999631013488,18908,17.1264,10.0,0.010084266666666666
openmarcie_bicycle,cpu,raw,openmarcie_bicycle__only_rgb__qwen3_8b,qwen3_8b,only_rgb,edge,room_rgbd1,room_rgbd1_rgb,0,0,0,0,0,0.00040999975681188516,0.0005449999662232585,0.00993999992715544,18908,17.1264,10.0,0.010084266666666666
openmarcie_bicycle,cpu,raw,openmarcie_bicycle__only_rgb__qwen3_8b,qwen3_8b,only_rgb,core,core,,242744,970976,0,990057,21142720,0.8812339997348317,0.9108079996622109,0.019330000213813037,,,,
openmarcie_bicycle,cpu,raw,openmarcie_bicycle__only_rgb__qwen3_8b,qwen3_8b,only_rgb,core,core_language,,8207651840,16449136640,256,,2292538429824,2748.7743560000126,2749.7424005000994,3.7878670000282,,,,
openmarcie_bicycle,cpu,early_fusion,openmarcie_bicycle__only_rgb__qwen3_8b,qwen3_8b,only_rgb,edge,chest_lidar0,chest_lidar0_rgb,0,0,0,0,0,0.0005199999577598646,0.0008170000910467934,0.01066999993781792,18908,17.1264,10.0,0.010084266666666666
openmarcie_bicycle,cpu,early_fusion,openmarcie_bicycle__only_rgb__qwen3_8b,qwen3_8b,only_rgb,edge,room_rgbd0,room_rgbd0_rgb,0,0,0,0,0,0.0005200004125072155,0.0006100002792663872,0.010109999948326731,18908,17.1264,10.0,0.010084266666666666
openmarcie_bicycle,cpu,early_fusion,openmarcie_bicycle__only_rgb__qwen3_8b,qwen3_8b,only_rgb,edge,room_rgbd1,room_rgbd1_rgb,0,0,0,0,0,0.000470000031782547,0.0005870000222785166,0.010289999863744015,18908,17.1264,10.0,0.010084266666666666
openmarcie_bicycle,cpu,early_fusion,openmarcie_bicycle__only_rgb__qwen3_8b,qwen3_8b,only_rgb,core,core,,159736,638944,0,654855,10372288,0.7058529999994789,0.7453899997472035,0.018839999938791152,,,,
openmarcie_bicycle,cpu,early_fusion,openmarcie_bicycle__only_rgb__qwen3_8b,qwen3_8b,only_rgb,core,core_language,,8207651840,16449136640,256,,1391690002816,2546.0264830003325,2559.0695890001825,1.736028000323131,,,,
openmarcie_bicycle,cpu,late_fusion,openmarcie_bicycle__only_rgb__qwen3_8b,qwen3_8b,only_rgb,edge,chest_lidar0,chest_lidar0_rgb,72076,288304,0,291717,4559616,0.19625999993877485,0.21856290022697067,0.007889999778853962,96,2.0768,10.0,5.12e-05
openmarcie_bicycle,cpu,late_fusion,openmarcie_bicycle__only_rgb__qwen3_8b,qwen3_8b,only_rgb,edge,room_rgbd0,room_rgbd0_rgb,72076,288304,0,291717,4559616,0.18141100008506328,0.19933899998250126,0.00802000022304128,96,2.0768,10.0,5.12e-05
openmarcie_bicycle,cpu,late_fusion,openmarcie_bicycle__only_rgb__qwen3_8b,qwen3_8b,only_rgb,edge,room_rgbd1,room_rgbd1_rgb,72076,288304,0,291717,4559616,0.18218100012745708,0.1925940001001436,0.007829999958630651,96,2.0768,10.0,5.12e-05
openmarcie_bicycle,cpu,late_fusion,openmarcie_bicycle__only_rgb__qwen3_8b,qwen3_8b,only_rgb,core,core,,0,0,0,0,0,0.03479999986666371,0.0408308999340079,0.016121000044222455,,,,
openmarcie_bicycle,cpu,late_fusion,openmarcie_bicycle__only_rgb__qwen3_8b,qwen3_8b,only_rgb,core,core_language,,8190735360,16381470720,256,,1180677712384,2493.555767000089,2497.990374800065,0.18319000037081423,,,,
openmarcie_bicycle,cpu,local_only,openmarcie_bicycle__only_rgb__qwen3_8b,qwen3_8b,only_rgb,edge,chest_lidar0,chest_lidar0_rgb,72076,288304,0,291717,4559616,0.18547099989518756,0.19987099985883106,0.00808000004326459,52,2.0416,10.0,2.7733333333333334e-05
openmarcie_bicycle,cpu,local_only,openmarcie_bicycle__only_rgb__qwen3_8b,qwen3_8b,only_rgb,edge,room_rgbd0,room_rgbd0_rgb,72076,288304,0,291717,4559616,0.18800099996951758,0.19776509984694712,0.0076500000432133675,52,2.0416,10.0,2.7733333333333334e-05
openmarcie_bicycle,cpu,local_only,openmarcie_bicycle__only_rgb__qwen3_8b,qwen3_8b,only_rgb,edge,room_rgbd1,room_rgbd1_rgb,72076,288304,0,291717,4559616,0.19145099986417335,0.20163000026514055,0.007850000201869989,52,2.0416,10.0,2.7733333333333334e-05
openmarcie_bicycle,cpu,local_only,openmarcie_bicycle__only_rgb__qwen3_8b,qwen3_8b,only_rgb,core,core,,0,0,0,0,0,0.0453610000477056,0.05246109985819203,0.016230000255745836,,,,
openmarcie_bicycle,cpu,local_only,openmarcie_bicycle__only_rgb__qwen3_8b,qwen3_8b,only_rgb,core,core_language,,8190735360,16381470720,256,,1180677712384,2493.555767000089,2497.990374800065,0.1821409996409784,,,,
openmarcie_bicycle,cpu,bottleneck,openmarcie_bicycle__only_rgb__qwen3_8b,qwen3_8b,only_rgb,edge,chest_lidar0,chest_lidar0_rgb,71812,287248,0,290693,4567040,0.18699100019148318,0.20551300035549502,0.008439999874099158,684,2.5472,10.0,0.0003648
openmarcie_bicycle,cpu,bottleneck,openmarcie_bicycle__only_rgb__qwen3_8b,qwen3_8b,only_rgb,edge,room_rgbd0,room_rgbd0_rgb,71812,287248,0,290693,4567040,0.18778100002236897,0.19989500001429406,0.008349999916390516,684,2.5472,10.0,0.0003648
openmarcie_bicycle,cpu,bottleneck,openmarcie_bicycle__only_rgb__qwen3_8b,qwen3_8b,only_rgb,edge,room_rgbd1,room_rgbd1_rgb,71812,287248,0,290693,4567040,0.19825100025627762,0.27588500024648965,0.008159999651979888,684,2.5472,10.0,0.0003648
openmarcie_bicycle,cpu,bottleneck,openmarcie_bicycle__only_rgb__qwen3_8b,qwen3_8b,only_rgb,core,core,,28184,112736,0,126111,7490752,0.3223119997528556,0.3535689998898306,0.016659999801049707,,,,
openmarcie_bicycle,cpu,bottleneck,openmarcie_bicycle__only_rgb__qwen3_8b,qwen3_8b,only_rgb,core,core_language,,8207651840,16449136640,256,,2292538429824,2748.7743560000126,2749.7424005000994,3.814687000158301,,,,
openmarcie_bicycle,cpu,tokenlearner,openmarcie_bicycle__only_rgb__qwen3_8b,qwen3_8b,only_rgb,edge,chest_lidar0,chest_lidar0_rgb,73000,292000,0,295935,4657664,0.2221810000264668,0.24893800027712132,0.008349999916390516,1100,2.88,10.0,0.0005866666666666667
openmarcie_bicycle,cpu,tokenlearner,openmarcie_bicycle__only_rgb__qwen3_8b,qwen3_8b,only_rgb,edge,room_rgbd0,room_rgbd0_rgb,73000,292000,0,295935,4657664,0.2249409999421914,0.2273620001233212,0.008199999683711212,1100,2.88,10.0,0.0005866666666666667
openmarcie_bicycle,cpu,tokenlearner,openmarcie_bicycle__only_rgb__qwen3_8b,qwen3_8b,only_rgb,edge,room_rgbd1,room_rgbd1_rgb,73000,292000,0,295935,4657664,0.2102309999827412,0.2242710000700754,0.00838999994812184,1100,2.88,10.0,0.0005866666666666667
openmarcie_bicycle,cpu,tokenlearner,openmarcie_bicycle__only_rgb__qwen3_8b,qwen3_8b,only_rgb,core,core,,27704,110816,0,122417,1461952,0.2548309998928744,0.27970789997198153,0.017130000287579605,,,,
openmarcie_bicycle,cpu,tokenlearner,openmarcie_bicycle__only_rgb__qwen3_8b,qwen3_8b,only_rgb,core,core_language,,8207651840,16449136640,256,,1279423688064,2517.8761199999826,2518.7077955999484,2.439570999740681,,,,
openmarcie_bicycle,cpu,posthoc_vq,openmarcie_bicycle__only_rgb__qwen3_8b,qwen3_8b,only_rgb,edge,chest_lidar0,chest_lidar0_rgb,74752,299008,0,302281,4624384,0.28040100005455315,0.29027489999862155,0.013310000213095918,200,2.16,10.0,0.00010666666666666667
openmarcie_bicycle,cpu,posthoc_vq,openmarcie_bicycle__only_rgb__qwen3_8b,qwen3_8b,only_rgb,edge,room_rgbd0,room_rgbd0_rgb,74752,299008,0,302281,4624384,0.2688810000108788,0.2884388998609211,0.013379999927565223,200,2.16,10.0,0.00010666666666666667
openmarcie_bicycle,cpu,posthoc_vq,openmarcie_bicycle__only_rgb__qwen3_8b,qwen3_8b,only_rgb,edge,room_rgbd1,room_rgbd1_rgb,74752,299008,0,302281,4624384,0.2681510000002163,0.28422499985936156,0.013130000297678635,200,2.16,10.0,0.00010666666666666667
openmarcie_bicycle,cpu,posthoc_vq,openmarcie_bicycle__only_rgb__qwen3_8b,qwen3_8b,only_rgb,core,core,,30776,123104,0,135022,7466176,0.37286099995981203,0.4073319000781339,0.02742000015132362,,,,
openmarcie_bicycle,cpu,posthoc_vq,openmarcie_bicycle__only_rgb__qwen3_8b,qwen3_8b,only_rgb,core,core_language,,8207651840,16449136640,256,,2292538429824,2748.7743560000126,2749.7424005000994,3.7566770001831173,,,,
openmarcie_bicycle,cpu,joint_vq,openmarcie_bicycle__only_rgb__qwen3_8b,qwen3_8b,only_rgb,edge,chest_lidar0,chest_lidar0_rgb,77128,308512,0,313270,4690432,0.3133119998892653,0.33213100018656405,0.012399999832268804,83,2.0664,10.0,4.426666666666667e-05
openmarcie_bicycle,cpu,joint_vq,openmarcie_bicycle__only_rgb__qwen3_8b,qwen3_8b,only_rgb,edge,room_rgbd0,room_rgbd0_rgb,77128,308512,0,313270,4690432,0.30003100027897744,0.31235199971888505,0.012429999969754135,83,2.0664,10.0,4.426666666666667e-05
openmarcie_bicycle,cpu,joint_vq,openmarcie_bicycle__only_rgb__qwen3_8b,qwen3_8b,only_rgb,edge,room_rgbd1,room_rgbd1_rgb,77128,308512,0,313270,4690432,0.299171000278875,0.3168389000620664,0.012519999927462777,83,2.0664,10.0,4.426666666666667e-05
openmarcie_bicycle,cpu,joint_vq,openmarcie_bicycle__only_rgb__qwen3_8b,qwen3_8b,only_rgb,core,core,,30776,123104,0,135022,1461952,0.309471000036865,0.33255599983021966,0.025160000404866878,,,,
openmarcie_bicycle,cpu,joint_vq,openmarcie_bicycle__only_rgb__qwen3_8b,qwen3_8b,only_rgb,core,core_language,,8207651840,16449136640,256,,1279423688064,2517.8761199999826,2518.7077955999484,1.4743070000804437,,,,
openmarcie_bicycle,cpu,deepconvlstm,openmarcie_bicycle__only_rgb__qwen3_8b,qwen3_8b,only_rgb,edge,chest_lidar0,chest_lidar0_rgb,0,0,0,0,0,0.00047999992602854036,0.0009479998880124185,0.010230000043520704,18908,17.1264,10.0,0.010084266666666666
openmarcie_bicycle,cpu,deepconvlstm,openmarcie_bicycle__only_rgb__qwen3_8b,qwen3_8b,only_rgb,edge,room_rgbd0,room_rgbd0_rgb,0,0,0,0,0,0.00047999992602854036,0.0005880000117031159,0.01050000037139398,18908,17.1264,10.0,0.010084266666666666
openmarcie_bicycle,cpu,deepconvlstm,openmarcie_bicycle__only_rgb__qwen3_8b,qwen3_8b,only_rgb,edge,room_rgbd1,room_rgbd1_rgb,0,0,0,0,0,0.0004000003173132427,0.0005079999937152024,0.01080999982150388,18908,17.1264,10.0,0.010084266666666666
openmarcie_bicycle,cpu,deepconvlstm,openmarcie_bicycle__only_rgb__qwen3_8b,qwen3_8b,only_rgb,core,core,,238412,953648,0,962569,15119104,0.605562999680842,0.6496719997812761,0.01928000028783572,,,,
openmarcie_bicycle,cpu,deepconvlstm,openmarcie_bicycle__only_rgb__qwen3_8b,qwen3_8b,only_rgb,core,core_language,,8207651840,16449136640,256,,1391690002816,2546.0264830003325,2559.0695890001825,1.7500479998489027,,,,
openmarcie_bicycle,cpu,unrestricted_bank,openmarcie_bicycle__only_rgb__qwen3_8b,qwen3_8b,only_rgb,edge,chest_lidar0,chest_lidar0_rgb,77224,308896,0,313907,4723200,0.23569199993289658,0.2526290996684111,0.01244000031874748,83,2.0664,10.0,4.426666666666667e-05
openmarcie_bicycle,cpu,unrestricted_bank,openmarcie_bicycle__only_rgb__qwen3_8b,qwen3_8b,only_rgb,edge,room_rgbd0,room_rgbd0_rgb,77224,308896,0,313907,4723200,0.22918100012248033,0.24042199993346003,0.012421000064932741,83,2.0664,10.0,4.426666666666667e-05
openmarcie_bicycle,cpu,unrestricted_bank,openmarcie_bicycle__only_rgb__qwen3_8b,qwen3_8b,only_rgb,edge,room_rgbd1,room_rgbd1_rgb,77224,308896,0,313907,4723200,0.22816099999545258,0.2377729998443101,0.012009999863948906,83,2.0664,10.0,4.426666666666667e-05
openmarcie_bicycle,cpu,unrestricted_bank,openmarcie_bicycle__only_rgb__qwen3_8b,qwen3_8b,only_rgb,core,core,,30776,123104,0,135022,1461952,0.2652809998835437,0.2849379003237118,0.02575999997134204,,,,
openmarcie_bicycle,cpu,unrestricted_bank,openmarcie_bicycle__only_rgb__qwen3_8b,qwen3_8b,only_rgb,core,core_language,,8207651840,16449136640,256,,1279423688064,2517.8761199999826,2518.7077955999484,1.4966769999773533,,,,
openmarcie_bicycle,cpu,separate_banks,openmarcie_bicycle__only_rgb__qwen3_8b,qwen3_8b,only_rgb,edge,chest_lidar0,chest_lidar0_rgb,75112,300448,0,305459,4690432,0.22988099999565748,0.25446899985581695,0.012340000012045493,83,2.0664,10.0,4.426666666666667e-05
openmarcie_bicycle,cpu,separate_banks,openmarcie_bicycle__only_rgb__qwen3_8b,qwen3_8b,only_rgb,edge,room_rgbd0,room_rgbd0_rgb,75112,300448,0,305459,4690432,0.24392099976466852,0.26337989984313026,0.01207999957841821,83,2.0664,10.0,4.426666666666667e-05
openmarcie_bicycle,cpu,separate_banks,openmarcie_bicycle__only_rgb__qwen3_8b,qwen3_8b,only_rgb,edge,room_rgbd1,room_rgbd1_rgb,75112,300448,0,305459,4690432,0.2248710002277221,0.23711100011496455,0.012250000054336851,83,2.0664,10.0,4.426666666666667e-05
openmarcie_bicycle,cpu,separate_banks,openmarcie_bicycle__only_rgb__qwen3_8b,qwen3_8b,only_rgb,core,core,,30776,123104,0,135592,1461952,0.31713099997432437,0.33794890000535815,0.02554100001361803,,,,
openmarcie_bicycle,cpu,separate_banks,openmarcie_bicycle__only_rgb__qwen3_8b,qwen3_8b,only_rgb,core,core_language,,8207651840,16449136640,256,,1279423688064,2517.8761199999826,2518.7077955999484,1.5434560000358033,,,,
openmarcie_bicycle,cpu,fixed_resampling,openmarcie_bicycle__only_rgb__qwen3_8b,qwen3_8b,only_rgb,edge,chest_lidar0,chest_lidar0_rgb,75112,300448,0,305459,2294272,0.15936099998725695,0.16505799990227388,0.0123300001177995,83,2.0664,10.0,4.426666666666667e-05
openmarcie_bicycle,cpu,fixed_resampling,openmarcie_bicycle__only_rgb__qwen3_8b,qwen3_8b,only_rgb,edge,room_rgbd0,room_rgbd0_rgb,75112,300448,0,305459,2294272,0.1529809997009579,0.1813121000850515,0.012490000244724797,83,2.0664,10.0,4.426666666666667e-05
openmarcie_bicycle,cpu,fixed_resampling,openmarcie_bicycle__only_rgb__qwen3_8b,qwen3_8b,only_rgb,edge,room_rgbd1,room_rgbd1_rgb,75112,300448,0,305459,2294272,0.14795000015510595,0.15537590020358039,0.012379999589029467,83,2.0664,10.0,4.426666666666667e-05
openmarcie_bicycle,cpu,fixed_resampling,openmarcie_bicycle__only_rgb__qwen3_8b,qwen3_8b,only_rgb,core,core,,30776,123104,0,135022,1461952,0.30786099978286074,0.3384978999292798,0.02750000021478627,,,,
openmarcie_bicycle,cpu,fixed_resampling,openmarcie_bicycle__only_rgb__qwen3_8b,qwen3_8b,only_rgb,core,core_language,,8207651840,16449136640,256,,1279423688064,2517.8761199999826,2518.7077955999484,1.517047000106686,,,,
openmarcie_bicycle,cpu,finetune_encoders,openmarcie_bicycle__only_rgb__qwen3_8b,qwen3_8b,only_rgb,edge,chest_lidar0,chest_lidar0_rgb,75112,300448,0,305459,4690432,0.23879099990153918,0.26582700006656523,0.012349999906291487,83,2.0664,10.0,4.426666666666667e-05
openmarcie_bicycle,cpu,finetune_encoders,openmarcie_bicycle__only_rgb__qwen3_8b,qwen3_8b,only_rgb,edge,room_rgbd0,room_rgbd0_rgb,75112,300448,0,305459,4690432,0.22826100030215457,0.24226499995165796,0.012109999715903541,83,2.0664,10.0,4.426666666666667e-05
openmarcie_bicycle,cpu,finetune_encoders,openmarcie_bicycle__only_rgb__qwen3_8b,qwen3_8b,only_rgb,edge,room_rgbd1,room_rgbd1_rgb,75112,300448,0,305459,4690432,0.22554099996341392,0.2384649999839894,0.012229999811097514,83,2.0664,10.0,4.426666666666667e-05
openmarcie_bicycle,cpu,finetune_encoders,openmarcie_bicycle__only_rgb__qwen3_8b,qwen3_8b,only_rgb,core,core,,30776,123104,0,135022,1461952,0.31083100020623533,0.3308838997327257,0.02565000022514141,,,,
openmarcie_bicycle,cpu,finetune_encoders,openmarcie_bicycle__only_rgb__qwen3_8b,qwen3_8b,only_rgb,core,core_language,,8207651840,16449136640,256,,1279423688064,2517.8761199999826,2518.7077955999484,1.5071960001478146,,,,
openmarcie_bicycle,cpu,no_alignment,openmarcie_bicycle__only_rgb__qwen3_8b,qwen3_8b,only_rgb,edge,chest_lidar0,chest_lidar0_rgb,75112,300448,0,305459,4690432,0.23323100003835862,0.2555600000505365,0.012299999980314169,83,2.0664,10.0,4.426666666666667e-05
openmarcie_bicycle,cpu,no_alignment,openmarcie_bicycle__only_rgb__qwen3_8b,qwen3_8b,only_rgb,edge,room_rgbd0,room_rgbd0_rgb,75112,300448,0,305459,4690432,0.22285100021690596,0.24343399986719305,0.011860000086016953,83,2.0664,10.0,4.426666666666667e-05
openmarcie_bicycle,cpu,no_alignment,openmarcie_bicycle__only_rgb__qwen3_8b,qwen3_8b,only_rgb,edge,room_rgbd1,room_rgbd1_rgb,75112,300448,0,305459,4690432,0.2324809997844568,0.23834089961383143,0.012010000318696257,83,2.0664,10.0,4.426666666666667e-05
openmarcie_bicycle,cpu,no_alignment,openmarcie_bicycle__only_rgb__qwen3_8b,qwen3_8b,only_rgb,core,core,,30776,123104,0,135022,1461952,0.30666100019516307,0.3368650000084017,0.02525000036257552,,,,
openmarcie_bicycle,cpu,no_alignment,openmarcie_bicycle__only_rgb__qwen3_8b,qwen3_8b,only_rgb,core,core_language,,8207651840,16449136640,256,,1279423688064,2517.8761199999826,2518.7077955999484,1.4895369999976538,,,,
openmarcie_bicycle,cpu,no_usage,openmarcie_bicycle__only_rgb__qwen3_8b,qwen3_8b,only_rgb,edge,chest_lidar0,chest_lidar0_rgb,75112,300448,0,305459,4690432,0.23480100026063155,0.25424100012969575,0.012259999948582845,83,2.0664,10.0,4.426666666666667e-05
openmarcie_bicycle,cpu,no_usage,openmarcie_bicycle__only_rgb__qwen3_8b,qwen3_8b,only_rgb,edge,room_rgbd0,room_rgbd0_rgb,75112,300448,0,305459,4690432,0.22865100027047447,0.23973000015757862,0.012339999557298142,83,2.0664,10.0,4.426666666666667e-05
openmarcie_bicycle,cpu,no_usage,openmarcie_bicycle__only_rgb__qwen3_8b,qwen3_8b,only_rgb,edge,room_rgbd1,room_rgbd1_rgb,75112,300448,0,305459,4690432,0.22633200023847166,0.2384000998972624,0.012539999715954764,83,2.0664,10.0,4.426666666666667e-05
openmarcie_bicycle,cpu,no_usage,openmarcie_bicycle__only_rgb__qwen3_8b,qwen3_8b,only_rgb,core,core,,30776,123104,0,135022,1461952,0.3105710002273554,0.3265918998295092,0.025629999981902074,,,,
openmarcie_bicycle,cpu,no_usage,openmarcie_bicycle__only_rgb__qwen3_8b,qwen3_8b,only_rgb,core,core_language,,8207651840,16449136640,256,,1279423688064,2517.8761199999826,2518.7077955999484,1.4894470000399451,,,,
openmarcie_bicycle,cpu,tcn,openmarcie_bicycle__only_rgb__qwen3_8b,qwen3_8b,only_rgb,edge,chest_lidar0,chest_lidar0_rgb,0,0,0,0,0,0.00046000013753655367,0.0007569998615508666,0.010340000244468683,18908,17.1264,10.0,0.010084266666666666
openmarcie_bicycle,cpu,tcn,openmarcie_bicycle__only_rgb__qwen3_8b,qwen3_8b,only_rgb,edge,room_rgbd0,room_rgbd0_rgb,0,0,0,0,0,0.0004399998942972161,0.0006110001322667813,0.010109999948326731,18908,17.1264,10.0,0.010084266666666666
openmarcie_bicycle,cpu,tcn,openmarcie_bicycle__only_rgb__qwen3_8b,qwen3_8b,only_rgb,edge,room_rgbd1,room_rgbd1_rgb,0,0,0,0,0,0.00044999978854320943,0.000566999779039179,0.010069999916595407,18908,17.1264,10.0,0.010084266666666666
openmarcie_bicycle,cpu,tcn,openmarcie_bicycle__only_rgb__qwen3_8b,qwen3_8b,only_rgb,core,core,,145560,582240,0,592701,9186240,0.6151430002319103,0.6474079999406968,0.018880000425269827,,,,
openmarcie_bicycle,cpu,tcn,openmarcie_bicycle__only_rgb__qwen3_8b,qwen3_8b,only_rgb,core,core_language,,8207651840,16449136640,256,,1391690002816,2546.0264830003325,2559.0695890001825,1.745137999932922,,,,
openmarcie_bicycle,cpu,ts_transformer,openmarcie_bicycle__only_rgb__qwen3_8b,qwen3_8b,only_rgb,edge,chest_lidar0,chest_lidar0_rgb,0,0,0,0,0,0.0005200004125072155,0.0007270002697623568,0.010459999884915305,18908,17.1264,10.0,0.010084266666666666
openmarcie_bicycle,cpu,ts_transformer,openmarcie_bicycle__only_rgb__qwen3_8b,qwen3_8b,only_rgb,edge,room_rgbd0,room_rgbd0_rgb,0,0,0,0,0,0.0005199999577598646,0.0006009999196976423,0.010029999884864083,18908,17.1264,10.0,0.010084266666666666
openmarcie_bicycle,cpu,ts_transformer,openmarcie_bicycle__only_rgb__qwen3_8b,qwen3_8b,only_rgb,edge,room_rgbd1,room_rgbd1_rgb,0,0,0,0,0,0.0004599996827892028,0.0005410000539995963,0.009960000170394778,18908,17.1264,10.0,0.010084266666666666
openmarcie_bicycle,cpu,ts_transformer,openmarcie_bicycle__only_rgb__qwen3_8b,qwen3_8b,only_rgb,core,core,,158424,633696,0,647769,10234816,0.6550630000674573,0.6802089997563598,0.019179999981133733,,,,
openmarcie_bicycle,cpu,ts_transformer,openmarcie_bicycle__only_rgb__qwen3_8b,qwen3_8b,only_rgb,core,core_language,,8207651840,16449136640,256,,1391690002816,2546.0264830003325,2559.0695890001825,1.7505370001345,,,,
openmarcie_bicycle,cpu,patchtst,openmarcie_bicycle__only_rgb__qwen3_8b,qwen3_8b,only_rgb,edge,chest_lidar0,chest_lidar0_rgb,0,0,0,0,0,0.00046000013753655367,0.0007119999281712808,0.010700000075303251,18908,17.1264,10.0,0.010084266666666666
openmarcie_bicycle,cpu,patchtst,openmarcie_bicycle__only_rgb__qwen3_8b,qwen3_8b,only_rgb,edge,room_rgbd0,room_rgbd0_rgb,0,0,0,0,0,0.0005000001692678779,0.0006260000645852415,0.010140000085812062,18908,17.1264,10.0,0.010084266666666666
openmarcie_bicycle,cpu,patchtst,openmarcie_bicycle__only_rgb__qwen3_8b,qwen3_8b,only_rgb,edge,room_rgbd1,room_rgbd1_rgb,0,0,0,0,0,0.00047999992602854036,0.0005880000117031159,0.010000000202126103,18908,17.1264,10.0,0.010084266666666666
openmarcie_bicycle,cpu,patchtst,openmarcie_bicycle__only_rgb__qwen3_8b,qwen3_8b,only_rgb,core,core,,140152,560608,0,574681,214665408,1.6967980000117677,1.7362170997785142,0.01874999998108251,,,,
openmarcie_bicycle,cpu,patchtst,openmarcie_bicycle__only_rgb__qwen3_8b,qwen3_8b,only_rgb,core,core_language,,8207651840,16449136640,256,,1041108444416,2481.4791229996445,2483.9894947997436,0.9780740001588129,,,,
openmarcie_bicycle,cpu,distrixsense,openmarcie_bicycle__only_spectrometer__qwen3_8b,qwen3_8b,only_spectrometer,edge,spectrometer_gateway,spectrometer,11104,44416,0,49523,615424,0.2110199998242024,0.2349527996557299,0.011979999726463575,81,2.0648,10.0,4.32e-05
openmarcie_bicycle,cpu,distrixsense,openmarcie_bicycle__only_spectrometer__qwen3_8b,qwen3_8b,only_spectrometer,core,core,,28600,114400,0,126318,488000,0.22504099979414605,0.25273399996876833,0.00971000008576084,,,,
openmarcie_bicycle,cpu,distrixsense,openmarcie_bicycle__only_spectrometer__qwen3_8b,qwen3_8b,only_spectrometer,core,core_language,,8207651840,16449136640,256,,999223468928,2462.1520710002187,2464.5403722000083,0.9654139998929168,,,,
openmarcie_bicycle,cpu,dense,openmarcie_bicycle__only_spectrometer__qwen3_8b,qwen3_8b,only_spectrometer,edge,spectrometer_gateway,spectrometer,7672,30688,0,33805,483840,0.15017100031400332,0.16877400003068033,0.0085299998318078,4324,5.4592,10.0,0.0023061333333333333
openmarcie_bicycle,cpu,dense,openmarcie_bicycle__only_spectrometer__qwen3_8b,qwen3_8b,only_spectrometer,core,core,,27576,110304,0,121905,1997888,0.21552099997279583,0.2401809998900717,0.006369999937305693,,,,
openmarcie_bicycle,cpu,dense,openmarcie_bicycle__only_spectrometer__qwen3_8b,qwen3_8b,only_spectrometer,core,core_language,,8207651840,16449136640,256,,1335682674560,2532.1091860000706,2561.775207399978,1.9697689999702561,,,,
openmarcie_bicycle,cpu,dense_tokens,openmarcie_bicycle__only_spectrometer__qwen3_8b,qwen3_8b,only_spectrometer,edge,spectrometer_gateway,spectrometer,10048,40192,0,44793,599040,0.22054100008972455,0.24508400001650443,0.008340000022144523,1100,2.88,10.0,0.0005866666666666667
openmarcie_bicycle,cpu,dense_tokens,openmarcie_bicycle__only_spectrometer__qwen3_8b,qwen3_8b,only_spectrometer,core,core,,27576,110304,0,121905,488000,0.22829099998489255,0.24932400019679335,0.006299999768089037,,,,
openmarcie_bicycle,cpu,dense_tokens,openmarcie_bicycle__only_spectrometer__qwen3_8b,qwen3_8b,only_spectrometer,core,core_language,,8207651840,16449136640,256,,999223468928,2462.1520710002187,2464.5403722000083,0.9785249999367807,,,,
openmarcie_bicycle,cpu,raw,openmarcie_bicycle__only_spectrometer__qwen3_8b,qwen3_8b,only_spectrometer,edge,spectrometer_gateway,spectrometer,0,0,0,0,0,0.0005199999577598646,0.0008889997388905613,0.008719999641471077,3100,4.48,10.0,0.0016533333333333333
openmarcie_bicycle,cpu,raw,openmarcie_bicycle__only_spectrometer__qwen3_8b,qwen3_8b,only_spectrometer,core,core,,35248,140992,0,155161,2481728,0.49148199968840345,0.5167638999864721,0.006469999789260328,,,,
openmarcie_bicycle,cpu,raw,openmarcie_bicycle__only_spectrometer__qwen3_8b,qwen3_8b,only_spectrometer,core,core_language,,8207651840,16449136640,256,,1335682674560,2532.1091860000706,2561.775207399978,2.0747799999298877,,,,
openmarcie_bicycle,cpu,early_fusion,openmarcie_bicycle__only_spectrometer__qwen3_8b,qwen3_8b,only_spectrometer,edge,spectrometer_gateway,spectrometer,0,0,0,0,0,0.0005400002009992022,0.0008190001153707271,0.008829999842419056,3100,4.48,10.0,0.0016533333333333333
openmarcie_bicycle,cpu,early_fusion,openmarcie_bicycle__only_spectrometer__qwen3_8b,qwen3_8b,only_spectrometer,core,core,,29104,116416,0,129951,2090560,0.47597299999324605,0.5130340997311578,0.006379999831551686,,,,
openmarcie_bicycle,cpu,early_fusion,openmarcie_bicycle__only_spectrometer__qwen3_8b,qwen3_8b,only_spectrometer,core,core_language,,8207651840,16449136640,256,,1335682674560,2532.1091860000706,2561.775207399978,2.0426589999260614,,,,
openmarcie_bicycle,cpu,late_fusion,openmarcie_bicycle__only_spectrometer__qwen3_8b,qwen3_8b,only_spectrometer,edge,spectrometer_gateway,spectrometer,8068,32272,0,35781,484608,0.18838099958884413,0.19430299998930423,0.007840000307623995,96,2.0768,10.0,5.12e-05
openmarcie_bicycle,cpu,late_fusion,openmarcie_bicycle__only_spectrometer__qwen3_8b,qwen3_8b,only_spectrometer,core,core,,0,0,0,0,0,0.024160000066331122,0.03958600022997416,0.006100000064179767,,,,
openmarcie_bicycle,cpu,late_fusion,openmarcie_bicycle__only_spectrometer__qwen3_8b,qwen3_8b,only_spectrometer,core,core_language,,8190735360,16381470720,256,,1124741163008,2531.34547100035,2544.0155395998318,0.18406099979983992,,,,
openmarcie_bicycle,cpu,local_only,openmarcie_bicycle__only_spectrometer__qwen3_8b,qwen3_8b,only_spectrometer,edge,spectrometer_gateway,spectrometer,8068,32272,0,35781,484608,0.1797310001165897,0.1842480998220708,0.007919999916339293,52,2.0416,10.0,2.7733333333333334e-05
openmarcie_bicycle,cpu,local_only,openmarcie_bicycle__only_spectrometer__qwen3_8b,qwen3_8b,only_spectrometer,core,core,,0,0,0,0,0,0.02778999987640418,0.03520600002957508,0.005890000011277152,,,,
openmarcie_bicycle,cpu,local_only,openmarcie_bicycle__only_spectrometer__qwen3_8b,qwen3_8b,only_spectrometer,core,core_language,,8190735360,16381470720,256,,1124741163008,2531.34547100035,2544.0155395998318,0.17721999984132708,,,,
openmarcie_bicycle,cpu,bottleneck,openmarcie_bicycle__only_spectrometer__qwen3_8b,qwen3_8b,only_spectrometer,edge,spectrometer_gateway,spectrometer,7804,31216,0,34757,492032,0.18503100000089034,0.18895500024882494,0.008399999842367833,684,2.5472,10.0,0.0003648
openmarcie_bicycle,cpu,bottleneck,openmarcie_bicycle__only_spectrometer__qwen3_8b,qwen3_8b,only_spectrometer,core,core,,27736,110944,0,123115,2006080,0.26264100006301305,0.27747299996008223,0.006040000243956456,,,,
openmarcie_bicycle,cpu,bottleneck,openmarcie_bicycle__only_spectrometer__qwen3_8b,qwen3_8b,only_spectrometer,core,core_language,,8207651840,16449136640,256,,1335682674560,2532.1091860000706,2561.775207399978,1.9600989999162266,,,,
openmarcie_bicycle,cpu,tokenlearner,openmarcie_bicycle__only_spectrometer__qwen3_8b,qwen3_8b,only_spectrometer,edge,spectrometer_gateway,spectrometer,8992,35968,0,39999,582656,0.21417100015241886,0.238389999822175,0.008270000307675218,1100,2.88,10.0,0.0005866666666666667
openmarcie_bicycle,cpu,tokenlearner,openmarcie_bicycle__only_spectrometer__qwen3_8b,qwen3_8b,only_spectrometer,core,core,,27576,110304,0,121905,488000,0.22648099957223167,0.2473969997936365,0.00622000015937374,,,,
openmarcie_bicycle,cpu,tokenlearner,openmarcie_bicycle__only_spectrometer__qwen3_8b,qwen3_8b,only_spectrometer,core,core_language,,8207651840,16449136640,256,,999223468928,2462.1520710002187,2464.5403722000083,0.9581539998180233,,,,
openmarcie_bicycle,cpu,posthoc_vq,openmarcie_bicycle__only_spectrometer__qwen3_8b,qwen3_8b,only_spectrometer,edge,spectrometer_gateway,spectrometer,8696,34784,0,38153,549376,0.2623609998408938,0.2828720002526097,0.014030000329512404,192,2.1536,10.0,0.0001024
openmarcie_bicycle,cpu,posthoc_vq,openmarcie_bicycle__only_spectrometer__qwen3_8b,qwen3_8b,only_spectrometer,core,core,,28600,114400,0,126318,1997888,0.2774509998744179,0.30960799990680243,0.011390000054234406,,,,
openmarcie_bicycle,cpu,posthoc_vq,openmarcie_bicycle__only_spectrometer__qwen3_8b,qwen3_8b,only_spectrometer,core,core_language,,8207651840,16449136640,256,,1335682674560,2532.1091860000706,2561.775207399978,2.058348999980808,,,,
openmarcie_bicycle,cpu,joint_vq,openmarcie_bicycle__only_spectrometer__qwen3_8b,qwen3_8b,only_spectrometer,edge,spectrometer_gateway,spectrometer,11072,44288,0,49142,615424,0.3092910001214477,0.33233189997190493,0.012550000064948108,81,2.0648,10.0,4.32e-05
openmarcie_bicycle,cpu,joint_vq,openmarcie_bicycle__only_spectrometer__qwen3_8b,qwen3_8b,only_spectrometer,core,core,,28600,114400,0,126318,488000,0.2567110000200046,0.2827579000040714,0.010040000233857427,,,,
openmarcie_bicycle,cpu,joint_vq,openmarcie_bicycle__only_spectrometer__qwen3_8b,qwen3_8b,only_spectrometer,core,core_language,,8207651840,16449136640,256,,999223468928,2462.1520710002187,2464.5403722000083,0.9819640004025132,,,,
openmarcie_bicycle,cpu,deepconvlstm,openmarcie_bicycle__only_spectrometer__qwen3_8b,qwen3_8b,only_spectrometer,edge,spectrometer_gateway,spectrometer,0,0,0,0,0,0.0005400002009992022,0.0007559999630757375,0.008710000201972434,3100,4.48,10.0,0.0016533333333333333
openmarcie_bicycle,cpu,deepconvlstm,openmarcie_bicycle__only_spectrometer__qwen3_8b,qwen3_8b,only_spectrometer,core,core,,37316,149264,0,156001,2319616,0.4286319999664556,0.45956499984640686,0.006460000349761685,,,,
openmarcie_bicycle,cpu,deepconvlstm,openmarcie_bicycle__only_spectrometer__qwen3_8b,qwen3_8b,only_spectrometer,core,core_language,,8207651840,16449136640,256,,1335682674560,2532.1091860000706,2561.775207399978,1.715606999823649,,,,
openmarcie_bicycle,cpu,unrestricted_bank,openmarcie_bicycle__only_spectrometer__qwen3_8b,qwen3_8b,only_spectrometer,edge,spectrometer_gateway,spectrometer,11104,44416,0,49523,615424,0.20583099967552698,0.2264230000491807,0.011869999980262946,81,2.0648,10.0,4.32e-05
openmarcie_bicycle,cpu,unrestricted_bank,openmarcie_bicycle__only_spectrometer__qwen3_8b,qwen3_8b,only_spectrometer,core,core,,28600,114400,0,126318,488000,0.20879100020465557,0.22234500011109049,0.009749999662744813,,,,
openmarcie_bicycle,cpu,unrestricted_bank,openmarcie_bicycle__only_spectrometer__qwen3_8b,qwen3_8b,only_spectrometer,core,core_language,,8207651840,16449136640,256,,999223468928,2462.1520710002187,2464.5403722000083,0.9651750001467008,,,,
openmarcie_bicycle,cpu,separate_banks,openmarcie_bicycle__only_spectrometer__qwen3_8b,qwen3_8b,only_spectrometer,edge,spectrometer_gateway,spectrometer,11104,44416,0,49523,615424,0.21653100020557758,0.22845600014989031,0.01264000002265675,81,2.0648,10.0,4.32e-05
openmarcie_bicycle,cpu,separate_banks,openmarcie_bicycle__only_spectrometer__qwen3_8b,qwen3_8b,only_spectrometer,core,core,,28600,114400,0,126318,488000,0.23243099985847948,0.2591520000805758,0.00963000002229819,,,,
openmarcie_bicycle,cpu,separate_banks,openmarcie_bicycle__only_spectrometer__qwen3_8b,qwen3_8b,only_spectrometer,core,core_language,,8207651840,16449136640,256,,999223468928,2462.1520710002187,2464.5403722000083,0.9749639998517523,,,,
openmarcie_bicycle,cpu,fixed_resampling,openmarcie_bicycle__only_spectrometer__qwen3_8b,qwen3_8b,only_spectrometer,edge,spectrometer_gateway,spectrometer,11104,44416,0,49523,573952,0.13670100042872946,0.1522161000593769,0.012181000329292146,81,2.0648,10.0,4.32e-05
openmarcie_bicycle,cpu,fixed_resampling,openmarcie_bicycle__only_spectrometer__qwen3_8b,qwen3_8b,only_spectrometer,core,core,,28600,114400,0,126318,488000,0.23144099986893707,0.2572979998149094,0.009770000360731501,,,,
openmarcie_bicycle,cpu,fixed_resampling,openmarcie_bicycle__only_spectrometer__qwen3_8b,qwen3_8b,only_spectrometer,core,core_language,,8207651840,16449136640,256,,999223468928,2462.1520710002187,2464.5403722000083,0.9838050000325893,,,,
openmarcie_bicycle,cpu,finetune_encoders,openmarcie_bicycle__only_spectrometer__qwen3_8b,qwen3_8b,only_spectrometer,edge,spectrometer_gateway,spectrometer,11104,44416,0,49523,615424,0.21245100015221396,0.23103600005924818,0.012210000022605527,81,2.0648,10.0,4.32e-05
openmarcie_bicycle,cpu,finetune_encoders,openmarcie_bicycle__only_spectrometer__qwen3_8b,qwen3_8b,only_spectrometer,core,core,,28600,114400,0,126318,488000,0.2250310003546474,0.25286800023422984,0.009640000371291535,,,,
openmarcie_bicycle,cpu,finetune_encoders,openmarcie_bicycle__only_spectrometer__qwen3_8b,qwen3_8b,only_spectrometer,core,core_language,,8207651840,16449136640,256,,999223468928,2462.1520710002187,2464.5403722000083,0.9789440000531613,,,,
openmarcie_bicycle,cpu,no_alignment,openmarcie_bicycle__only_spectrometer__qwen3_8b,qwen3_8b,only_spectrometer,edge,spectrometer_gateway,spectrometer,11104,44416,0,49523,615424,0.2211409996561997,0.23167100002865482,0.01216000009662821,81,2.0648,10.0,4.32e-05
openmarcie_bicycle,cpu,no_alignment,openmarcie_bicycle__only_spectrometer__qwen3_8b,qwen3_8b,only_spectrometer,core,core,,28600,114400,0,126318,488000,0.22749099980501342,0.2510170002551604,0.009890000001178123,,,,
openmarcie_bicycle,cpu,no_alignment,openmarcie_bicycle__only_spectrometer__qwen3_8b,qwen3_8b,only_spectrometer,core,core_language,,8207651840,16449136640,256,,999223468928,2462.1520710002187,2464.5403722000083,0.9588949997123564,,,,
openmarcie_bicycle,cpu,no_usage,openmarcie_bicycle__only_spectrometer__qwen3_8b,qwen3_8b,only_spectrometer,edge,spectrometer_gateway,spectrometer,11104,44416,0,49523,615424,0.21515100024771527,0.23148599980231666,0.012480000350478804,81,2.0648,10.0,4.32e-05
openmarcie_bicycle,cpu,no_usage,openmarcie_bicycle__only_spectrometer__qwen3_8b,qwen3_8b,only_spectrometer,core,core,,28600,114400,0,126318,488000,0.22553100006916793,0.24949799994828936,0.009860000318440143,,,,
openmarcie_bicycle,cpu,no_usage,openmarcie_bicycle__only_spectrometer__qwen3_8b,qwen3_8b,only_spectrometer,core,core_language,,8207651840,16449136640,256,,999223468928,2462.1520710002187,2464.5403722000083,0.95765499963818,,,,
openmarcie_bicycle,cpu,tcn,openmarcie_bicycle__only_spectrometer__qwen3_8b,qwen3_8b,only_spectrometer,edge,spectrometer_gateway,spectrometer,0,0,0,0,0,0.00046000013753655367,0.0007750000804662704,0.008909999905881705,3100,4.48,10.0,0.0016533333333333333
openmarcie_bicycle,cpu,tcn,openmarcie_bicycle__only_spectrometer__qwen3_8b,qwen3_8b,only_spectrometer,core,core,,14992,59968,0,68181,904512,0.358840999979293,0.37622989984811284,0.006490000032499665,,,,
openmarcie_bicycle,cpu,tcn,openmarcie_bicycle__only_spectrometer__qwen3_8b,qwen3_8b,only_spectrometer,core,core_language,,8207651840,16449136640,256,,1335682674560,2532.1091860000706,2561.775207399978,1.735886999995273,,,,
openmarcie_bicycle,cpu,ts_transformer,openmarcie_bicycle__only_spectrometer__qwen3_8b,qwen3_8b,only_spectrometer,edge,spectrometer_gateway,spectrometer,0,0,0,0,0,0.00047999992602854036,0.0007320001259358833,0.008630000138509786,3100,4.48,10.0,0.0016533333333333333
openmarcie_bicycle,cpu,ts_transformer,openmarcie_bicycle__only_spectrometer__qwen3_8b,qwen3_8b,only_spectrometer,core,core,,27856,111424,0,123121,1953088,0.4011220003121707,0.41760999988582626,0.0066500001594249625,,,,
openmarcie_bicycle,cpu,ts_transformer,openmarcie_bicycle__only_spectrometer__qwen3_8b,qwen3_8b,only_spectrometer,core,core_language,,8207651840,16449136640,256,,1335682674560,2532.1091860000706,2561.775207399978,1.75017800029309,,,,
openmarcie_bicycle,cpu,patchtst,openmarcie_bicycle__only_spectrometer__qwen3_8b,qwen3_8b,only_spectrometer,edge,spectrometer_gateway,spectrometer,0,0,0,0,0,0.0004899998202745337,0.0007780000487400685,0.00881000005392707,3100,4.48,10.0,0.0016533333333333333
openmarcie_bicycle,cpu,patchtst,openmarcie_bicycle__only_spectrometer__qwen3_8b,qwen3_8b,only_spectrometer,core,core,,27312,109248,0,120945,8692288,0.5051420002928353,0.5466860000979068,0.00655999974696897,,,,
openmarcie_bicycle,cpu,patchtst,openmarcie_bicycle__only_spectrometer__qwen3_8b,qwen3_8b,only_spectrometer,core,core_language,,8207651840,16449136640,256,,985219080960,2466.0282720001305,2468.811674100243,0.9890249998534273,,,,
openmarcie_bicycle,cpu,distrixsense,openmarcie_bicycle__only_temperature__qwen3_8b,qwen3_8b,only_temperature,edge,temperature_gateway,temperature,7072,28288,0,33459,360064,0.21081099976072437,0.23379699978249846,0.01219000023411354,81,2.0648,10.0,4.32e-05
openmarcie_bicycle,cpu,distrixsense,openmarcie_bicycle__only_temperature__qwen3_8b,qwen3_8b,only_temperature,core,core,,28600,114400,0,126318,488000,0.23121100002754247,0.2489859999059263,0.009660000159783522,,,,
openmarcie_bicycle,cpu,distrixsense,openmarcie_bicycle__only_temperature__qwen3_8b,qwen3_8b,only_temperature,core,core_language,,8207651840,16449136640,256,,999223468928,2462.1520710002187,2464.5403722000083,0.9698750000097789,,,,
openmarcie_bicycle,cpu,dense,openmarcie_bicycle__only_temperature__qwen3_8b,qwen3_8b,only_temperature,edge,temperature_gateway,temperature,3640,14560,0,17741,228480,0.14728099995409139,0.16492100003233645,0.009389999831910245,4324,5.4592,10.0,0.0023061333333333333
openmarcie_bicycle,cpu,dense,openmarcie_bicycle__only_temperature__qwen3_8b,qwen3_8b,only_temperature,core,core,,27576,110304,0,121905,1997888,0.20816100004594773,0.2358179997827392,0.006450000000768341,,,,
openmarcie_bicycle,cpu,dense,openmarcie_bicycle__only_temperature__qwen3_8b,qwen3_8b,only_temperature,core,core_language,,8207651840,16449136640,256,,1335682674560,2532.1091860000706,2561.775207399978,1.729397999952198,,,,
openmarcie_bicycle,cpu,dense_tokens,openmarcie_bicycle__only_temperature__qwen3_8b,qwen3_8b,only_temperature,edge,temperature_gateway,temperature,6016,24064,0,28729,343680,0.2029309998761164,0.2333330000510614,0.008299999990413198,1100,2.88,10.0,0.0005866666666666667
openmarcie_bicycle,cpu,dense_tokens,openmarcie_bicycle__only_temperature__qwen3_8b,qwen3_8b,only_temperature,core,core,,27576,110304,0,121905,488000,0.19581100013965624,0.21882399987589451,0.006239999947865726,,,,
openmarcie_bicycle,cpu,dense_tokens,openmarcie_bicycle__only_temperature__qwen3_8b,qwen3_8b,only_temperature,core,core_language,,8207651840,16449136640,256,,999223468928,2462.1520710002187,2464.5403722000083,0.9736539996083593,,,,
openmarcie_bicycle,cpu,raw,openmarcie_bicycle__only_temperature__qwen3_8b,qwen3_8b,only_temperature,edge,temperature_gateway,temperature,0,0,0,0,0,0.0005100000635138713,0.0007710001682426082,0.008630000138509786,524,2.4192,10.0,0.00027946666666666667
openmarcie_bicycle,cpu,raw,openmarcie_bicycle__only_temperature__qwen3_8b,qwen3_8b,only_temperature,core,core,,31216,124864,0,139097,2226368,0.4554419997475634,0.4621200003384729,0.006239999947865726,,,,
openmarcie_bicycle,cpu,raw,openmarcie_bicycle__only_temperature__qwen3_8b,qwen3_8b,only_temperature,core,core_language,,8207651840,16449136640,256,,1335682674560,2532.1091860000706,2561.775207399978,1.742547000048944,,,,
openmarcie_bicycle,cpu,early_fusion,openmarcie_bicycle__only_temperature__qwen3_8b,qwen3_8b,only_temperature,edge,temperature_gateway,temperature,0,0,0,0,0,0.0005499996404978447,0.000874000306794187,0.008519999937561806,524,2.4192,10.0,0.00027946666666666667
openmarcie_bicycle,cpu,early_fusion,openmarcie_bicycle__only_temperature__qwen3_8b,qwen3_8b,only_temperature,core,core,,27760,111040,0,124575,2007232,0.4438319997461804,0.46536000004380185,0.006320000011328375,,,,
openmarcie_bicycle,cpu,early_fusion,openmarcie_bicycle__only_temperature__qwen3_8b,qwen3_8b,only_temperature,core,core_language,,8207651840,16449136640,256,,1335682674560,2532.1091860000706,2561.775207399978,1.7124880000665144,,,,
openmarcie_bicycle,cpu,late_fusion,openmarcie_bicycle__only_temperature__qwen3_8b,qwen3_8b,only_temperature,edge,temperature_gateway,temperature,4036,16144,0,19717,229248,0.1673510000728129,0.1957190000666742,0.008030000117287273,96,2.0768,10.0,5.12e-05
openmarcie_bicycle,cpu,late_fusion,openmarcie_bicycle__only_temperature__qwen3_8b,qwen3_8b,only_temperature,core,core,,0,0,0,0,0,0.023999999939405825,0.031722000130685046,0.006029999894963112,,,,
openmarcie_bicycle,cpu,late_fusion,openmarcie_bicycle__only_temperature__qwen3_8b,qwen3_8b,only_temperature,core,core_language,,8190735360,16381470720,256,,1138723530880,2491.7344820000835,2492.2339054997337,0.17657099988355185,,,,
openmarcie_bicycle,cpu,local_only,openmarcie_bicycle__only_temperature__qwen3_8b,qwen3_8b,only_temperature,edge,temperature_gateway,temperature,4036,16144,0,19717,229248,0.1603810001142847,0.17519500020171108,0.007860000096115982,52,2.0416,10.0,2.7733333333333334e-05
openmarcie_bicycle,cpu,local_only,openmarcie_bicycle__only_temperature__qwen3_8b,qwen3_8b,only_temperature,core,core,,0,0,0,0,0,0.02758999971774756,0.03554599989001872,0.006050000138202449,,,,
openmarcie_bicycle,cpu,local_only,openmarcie_bicycle__only_temperature__qwen3_8b,qwen3_8b,only_temperature,core,core_language,,8190735360,16381470720,256,,1138723530880,2491.7344820000835,2492.2339054997337,0.17608099960852996,,,,
openmarcie_bicycle,cpu,bottleneck,openmarcie_bicycle__only_temperature__qwen3_8b,qwen3_8b,only_temperature,edge,temperature_gateway,temperature,3772,15088,0,18693,236672,0.16877000007298193,0.17554790001668152,0.00850000014906982,684,2.5472,10.0,0.0003648
openmarcie_bicycle,cpu,bottleneck,openmarcie_bicycle__only_temperature__qwen3_8b,qwen3_8b,only_temperature,core,core,,27736,110944,0,123115,2006080,0.21609099985653302,0.23311989984904358,0.006199999916134402,,,,
openmarcie_bicycle,cpu,bottleneck,openmarcie_bicycle__only_temperature__qwen3_8b,qwen3_8b,only_temperature,core,core_language,,8207651840,16449136640,256,,1335682674560,2532.1091860000706,2561.775207399978,1.7941679998330073,,,,
openmarcie_bicycle,cpu,tokenlearner,openmarcie_bicycle__only_temperature__qwen3_8b,qwen3_8b,only_temperature,edge,temperature_gateway,temperature,4960,19840,0,23935,327296,0.19758100006583845,0.2137630000106583,0.008259999958681874,1100,2.88,10.0,0.0005866666666666667
openmarcie_bicycle,cpu,tokenlearner,openmarcie_bicycle__only_temperature__qwen3_8b,qwen3_8b,only_temperature,core,core,,27576,110304,0,121905,488000,0.20531099971776712,0.21990900004311698,0.006430000212276354,,,,
openmarcie_bicycle,cpu,tokenlearner,openmarcie_bicycle__only_temperature__qwen3_8b,qwen3_8b,only_temperature,core,core_language,,8207651840,16449136640,256,,999223468928,2462.1520710002187,2464.5403722000083,1.0454339999341755,,,,
openmarcie_bicycle,cpu,posthoc_vq,openmarcie_bicycle__only_temperature__qwen3_8b,qwen3_8b,only_temperature,edge,temperature_gateway,temperature,4664,18656,0,22089,294016,0.25993100007326575,0.264926900035789,0.01371000007566181,192,2.1536,10.0,0.0001024
openmarcie_bicycle,cpu,posthoc_vq,openmarcie_bicycle__only_temperature__qwen3_8b,qwen3_8b,only_temperature,core,core,,28600,114400,0,126318,1997888,0.23907100012365845,0.2663950001078774,0.011020000329153845,,,,
openmarcie_bicycle,cpu,posthoc_vq,openmarcie_bicycle__only_temperature__qwen3_8b,qwen3_8b,only_temperature,core,core_language,,8207651840,16449136640,256,,1335682674560,2532.1091860000706,2561.775207399978,1.8717190000643313,,,,
openmarcie_bicycle,cpu,joint_vq,openmarcie_bicycle__only_temperature__qwen3_8b,qwen3_8b,only_temperature,edge,temperature_gateway,temperature,7040,28160,0,33078,360064,0.28813200015065377,0.30983910019131145,0.012949999927514,81,2.0648,10.0,4.32e-05
openmarcie_bicycle,cpu,joint_vq,openmarcie_bicycle__only_temperature__qwen3_8b,qwen3_8b,only_temperature,core,core,,28600,114400,0,126318,488000,0.23010099994280608,0.2569120000316616,0.010119999842572724,,,,
openmarcie_bicycle,cpu,joint_vq,openmarcie_bicycle__only_temperature__qwen3_8b,qwen3_8b,only_temperature,core,core_language,,8207651840,16449136640,256,,999223468928,2462.1520710002187,2464.5403722000083,0.9688340001048346,,,,
openmarcie_bicycle,cpu,deepconvlstm,openmarcie_bicycle__only_temperature__qwen3_8b,qwen3_8b,only_temperature,edge,temperature_gateway,temperature,0,0,0,0,0,0.0005900001269765198,0.0007520000508520752,0.008600000001024455,524,2.4192,10.0,0.00027946666666666667
openmarcie_bicycle,cpu,deepconvlstm,openmarcie_bicycle__only_temperature__qwen3_8b,qwen3_8b,only_temperature,core,core,,33284,133136,0,139937,2064256,0.3415020000829827,0.3791571000874683,0.006310000117082382,,,,
openmarcie_bicycle,cpu,deepconvlstm,openmarcie_bicycle__only_temperature__qwen3_8b,qwen3_8b,only_temperature,core,core_language,,8207651840,16449136640,256,,1335682674560,2532.1091860000706,2561.775207399978,1.7656079999142094,,,,
openmarcie_bicycle,cpu,unrestricted_bank,openmarcie_bicycle__only_temperature__qwen3_8b,qwen3_8b,only_temperature,edge,temperature_gateway,temperature,7072,28288,0,33459,360064,0.20864099997197627,0.2310779996605561,0.012460000107239466,81,2.0648,10.0,4.32e-05
openmarcie_bicycle,cpu,unrestricted_bank,openmarcie_bicycle__only_temperature__qwen3_8b,qwen3_8b,only_temperature,core,core,,28600,114400,0,126318,488000,0.20886999982394627,0.23011089988358435,0.009870000212686136,,,,
openmarcie_bicycle,cpu,unrestricted_bank,openmarcie_bicycle__only_temperature__qwen3_8b,qwen3_8b,only_temperature,core,core_language,,8207651840,16449136640,256,,999223468928,2462.1520710002187,2464.5403722000083,0.9678850001364481,,,,
openmarcie_bicycle,cpu,separate_banks,openmarcie_bicycle__only_temperature__qwen3_8b,qwen3_8b,only_temperature,edge,temperature_gateway,temperature,7072,28288,0,33459,360064,0.21127100035300828,0.2298110003266629,0.012649999916902743,81,2.0648,10.0,4.32e-05
openmarcie_bicycle,cpu,separate_banks,openmarcie_bicycle__only_temperature__qwen3_8b,qwen3_8b,only_temperature,core,core,,28600,114400,0,126318,488000,0.23756100017635617,0.26751300019896007,0.00974000022324617,,,,
openmarcie_bicycle,cpu,separate_banks,openmarcie_bicycle__only_temperature__qwen3_8b,qwen3_8b,only_temperature,core,core_language,,8207651840,16449136640,256,,999223468928,2462.1520710002187,2464.5403722000083,0.9611039999981585,,,,
openmarcie_bicycle,cpu,fixed_resampling,openmarcie_bicycle__only_temperature__qwen3_8b,qwen3_8b,only_temperature,edge,temperature_gateway,temperature,7072,28288,0,33459,358912,0.13552099972002907,0.15402410008391598,0.012320000223553507,81,2.0648,10.0,4.32e-05
openmarcie_bicycle,cpu,fixed_resampling,openmarcie_bicycle__only_temperature__qwen3_8b,qwen3_8b,only_temperature,core,core,,28600,114400,0,126318,488000,0.23291099978450802,0.25235100006284483,0.00976999990598415,,,,
openmarcie_bicycle,cpu,fixed_resampling,openmarcie_bicycle__only_temperature__qwen3_8b,qwen3_8b,only_temperature,core,core_language,,8207651840,16449136640,256,,999223468928,2462.1520710002187,2464.5403722000083,0.9562939999341324,,,,
openmarcie_bicycle,cpu,finetune_encoders,openmarcie_bicycle__only_temperature__qwen3_8b,qwen3_8b,only_temperature,edge,temperature_gateway,temperature,7072,28288,0,33459,360064,0.20943099980286206,0.23828499997762265,0.012759999663103372,81,2.0648,10.0,4.32e-05
openmarcie_bicycle,cpu,finetune_encoders,openmarcie_bicycle__only_temperature__qwen3_8b,qwen3_8b,only_temperature,core,core,,28600,114400,0,126318,488000,0.24197099992306903,0.25547999989612435,0.009809999937715475,,,,
openmarcie_bicycle,cpu,finetune_encoders,openmarcie_bicycle__only_temperature__qwen3_8b,qwen3_8b,only_temperature,core,core_language,,8207651840,16449136640,256,,999223468928,2462.1520710002187,2464.5403722000083,0.9851949998846976,,,,
openmarcie_bicycle,cpu,no_alignment,openmarcie_bicycle__only_temperature__qwen3_8b,qwen3_8b,only_temperature,edge,temperature_gateway,temperature,7072,28288,0,33459,360064,0.21691099982490414,0.22581199982596445,0.01204999989568023,81,2.0648,10.0,4.32e-05
openmarcie_bicycle,cpu,no_alignment,openmarcie_bicycle__only_temperature__qwen3_8b,qwen3_8b,only_temperature,core,core,,28600,114400,0,126318,488000,0.23017100011202274,0.256432999867684,0.009849999969446799,,,,
openmarcie_bicycle,cpu,no_alignment,openmarcie_bicycle__only_temperature__qwen3_8b,qwen3_8b,only_temperature,core,core_language,,8207651840,16449136640,256,,999223468928,2462.1520710002187,2464.5403722000083,0.9977039999284898,,,,
openmarcie_bicycle,cpu,no_usage,openmarcie_bicycle__only_temperature__qwen3_8b,qwen3_8b,only_temperature,edge,temperature_gateway,temperature,7072,28288,0,33459,360064,0.21336100007829373,0.2251059998798155,0.012580000202433439,81,2.0648,10.0,4.32e-05
openmarcie_bicycle,cpu,no_usage,openmarcie_bicycle__only_temperature__qwen3_8b,qwen3_8b,only_temperature,core,core,,28600,114400,0,126318,488000,0.2281510001012066,0.25445800019952003,0.009829999726207461,,,,
openmarcie_bicycle,cpu,no_usage,openmarcie_bicycle__only_temperature__qwen3_8b,qwen3_8b,only_temperature,core,core_language,,8207651840,16449136640,256,,999223468928,2462.1520710002187,2464.5403722000083,0.9776839997357456,,,,
openmarcie_bicycle,cpu,tcn,openmarcie_bicycle__only_temperature__qwen3_8b,qwen3_8b,only_temperature,edge,temperature_gateway,temperature,0,0,0,0,0,0.000499999714520527,0.00075199991442787,0.008709999747225083,524,2.4192,10.0,0.00027946666666666667
openmarcie_bicycle,cpu,tcn,openmarcie_bicycle__only_temperature__qwen3_8b,qwen3_8b,only_temperature,core,core,,13648,54592,0,62869,821184,0.34675199958655867,0.37880999984736263,0.006439999651774997,,,,
openmarcie_bicycle,cpu,tcn,openmarcie_bicycle__only_temperature__qwen3_8b,qwen3_8b,only_temperature,core,core_language,,8207651840,16449136640,256,,1335682674560,2532.1091860000706,2561.775207399978,1.760858000125154,,,,
openmarcie_bicycle,cpu,ts_transformer,openmarcie_bicycle__only_temperature__qwen3_8b,qwen3_8b,only_temperature,edge,temperature_gateway,temperature,0,0,0,0,0,0.0004900002750218846,0.0007150003511924297,0.008850000085658394,524,2.4192,10.0,0.00027946666666666667
openmarcie_bicycle,cpu,ts_transformer,openmarcie_bicycle__only_temperature__qwen3_8b,qwen3_8b,only_temperature,core,core,,26512,106048,0,117809,1869760,0.38411199966503773,0.41554899994480365,0.006239999947865726,,,,
openmarcie_bicycle,cpu,ts_transformer,openmarcie_bicycle__only_temperature__qwen3_8b,qwen3_8b,only_temperature,core,core_language,,8207651840,16449136640,256,,1335682674560,2532.1091860000706,2561.775207399978,1.7113679996327846,,,,
openmarcie_bicycle,cpu,patchtst,openmarcie_bicycle__only_temperature__qwen3_8b,qwen3_8b,only_temperature,edge,temperature_gateway,temperature,0,0,0,0,0,0.0004900002750218846,0.0008049998086789856,0.008470000011584489,524,2.4192,10.0,0.00027946666666666667
openmarcie_bicycle,cpu,patchtst,openmarcie_bicycle__only_temperature__qwen3_8b,qwen3_8b,only_temperature,core,core,,26640,106560,0,118321,1087936,0.4180720002295857,0.45113800006220117,0.006320000011328375,,,,
openmarcie_bicycle,cpu,patchtst,openmarcie_bicycle__only_temperature__qwen3_8b,qwen3_8b,only_temperature,core,core_language,,8207651840,16449136640,256,,985219080960,2466.0282720001305,2468.811674100243,1.0059749997708423,,,,
openmarcie_bicycle,cpu,distrixsense,openmarcie_bicycle__only_thermal__qwen3_8b,qwen3_8b,only_thermal,edge,thermal_gateway,thermal,44072,176288,0,181299,2712064,0.221300999783125,0.24289199982376886,0.012120000064896885,81,2.0648,10.0,4.32e-05
openmarcie_bicycle,cpu,distrixsense,openmarcie_bicycle__only_thermal__qwen3_8b,qwen3_8b,only_thermal,core,core,,28600,114400,0,126318,488000,0.22764100003769272,0.25635100009822054,0.00959999988481286,,,,
openmarcie_bicycle,cpu,distrixsense,openmarcie_bicycle__only_thermal__qwen3_8b,qwen3_8b,only_thermal,core,core_language,,8207651840,16449136640,256,,999223468928,2462.1520710002187,2464.5403722000083,0.9878239998215577,,,,
openmarcie_bicycle,cpu,dense,openmarcie_bicycle__only_thermal__qwen3_8b,qwen3_8b,only_thermal,edge,thermal_gateway,thermal,40640,162560,0,165581,2580480,0.1688910001576005,0.18303000001651526,0.009359999694424914,4324,5.4592,10.0,0.0023061333333333333
openmarcie_bicycle,cpu,dense,openmarcie_bicycle__only_thermal__qwen3_8b,qwen3_8b,only_thermal,core,core,,27576,110304,0,121905,1997888,0.22104099980424508,0.23320000013882236,0.0067099999796482734,,,,
openmarcie_bicycle,cpu,dense,openmarcie_bicycle__only_thermal__qwen3_8b,qwen3_8b,only_thermal,core,core_language,,8207651840,16449136640,256,,1335682674560,2532.1091860000706,2561.775207399978,1.7713079996610759,,,,
openmarcie_bicycle,cpu,dense_tokens,openmarcie_bicycle__only_thermal__qwen3_8b,qwen3_8b,only_thermal,edge,thermal_gateway,thermal,43016,172064,0,176569,2695680,0.220090999846434,0.24507500002073357,0.008470000011584489,1100,2.88,10.0,0.0005866666666666667
openmarcie_bicycle,cpu,dense_tokens,openmarcie_bicycle__only_thermal__qwen3_8b,qwen3_8b,only_thermal,core,core,,27576,110304,0,121905,488000,0.1996109999709006,0.22593600028812943,0.0064000000747910235,,,,
openmarcie_bicycle,cpu,dense_tokens,openmarcie_bicycle__only_thermal__qwen3_8b,qwen3_8b,only_thermal,core,core_language,,8207651840,16449136640,256,,999223468928,2462.1520710002187,2464.5403722000083,0.9560650000821624,,,,
openmarcie_bicycle,cpu,raw,openmarcie_bicycle__only_thermal__qwen3_8b,qwen3_8b,only_thermal,edge,thermal_gateway,thermal,0,0,0,0,0,0.0005400002009992022,0.000864000048750313,0.009809999937715475,15804,14.6432,10.0,0.0084288
openmarcie_bicycle,cpu,raw,openmarcie_bicycle__only_thermal__qwen3_8b,qwen3_8b,only_thermal,core,core,,68216,272864,0,286873,4578368,0.45009199993728544,0.46746200000598037,0.007239999831654131,,,,
openmarcie_bicycle,cpu,raw,openmarcie_bicycle__only_thermal__qwen3_8b,qwen3_8b,only_thermal,core,core_language,,8207651840,16449136640,256,,1335682674560,2532.1091860000706,2561.775207399978,1.7312680001850822,,,,
openmarcie_bicycle,cpu,early_fusion,openmarcie_bicycle__only_thermal__qwen3_8b,qwen3_8b,only_thermal,edge,thermal_gateway,thermal,0,0,0,0,0,0.000499999714520527,0.0007339996955124661,0.010320000001229346,15804,14.6432,10.0,0.0084288
openmarcie_bicycle,cpu,early_fusion,openmarcie_bicycle__only_thermal__qwen3_8b,qwen3_8b,only_thermal,core,core,,48760,195040,0,208415,3335232,0.4373810002107348,0.46462580021398026,0.006950000170036219,,,,
openmarcie_bicycle,cpu,early_fusion,openmarcie_bicycle__only_thermal__qwen3_8b,qwen3_8b,only_thermal,core,core_language,,8207651840,16449136640,256,,1335682674560,2532.1091860000706,2561.775207399978,1.73217699966699,,,,
openmarcie_bicycle,cpu,late_fusion,openmarcie_bicycle__only_thermal__qwen3_8b,qwen3_8b,only_thermal,edge,thermal_gateway,thermal,41036,164144,0,167557,2581248,0.26642200009519,0.29062209996482125,0.012229999811097514,96,2.0768,10.0,5.12e-05
openmarcie_bicycle,cpu,late_fusion,openmarcie_bicycle__only_thermal__qwen3_8b,qwen3_8b,only_thermal,core,core,,0,0,0,0,0,0.023770000098011224,0.030781000032220618,0.005979999968985794,,,,
openmarcie_bicycle,cpu,late_fusion,openmarcie_bicycle__only_thermal__qwen3_8b,qwen3_8b,only_thermal,core,core_language,,8190735360,16381470720,256,,1124741163008,2531.34547100035,2544.0155395998318,0.1934709998749895,,,,
openmarcie_bicycle,cpu,local_only,openmarcie_bicycle__only_thermal__qwen3_8b,qwen3_8b,only_thermal,edge,thermal_gateway,thermal,41036,164144,0,167557,2581248,0.19081000027654227,0.1990549002584885,0.007820000064384658,52,2.0416,10.0,2.7733333333333334e-05
openmarcie_bicycle,cpu,local_only,openmarcie_bicycle__only_thermal__qwen3_8b,qwen3_8b,only_thermal,core,core,,0,0,0,0,0,0.029149999591027154,0.04394599986881076,0.00591000025451649,,,,
openmarcie_bicycle,cpu,local_only,openmarcie_bicycle__only_thermal__qwen3_8b,qwen3_8b,only_thermal,core,core_language,,8190735360,16381470720,256,,1124741163008,2531.34547100035,2544.0155395998318,0.17392099971402786,,,,
openmarcie_bicycle,cpu,bottleneck,openmarcie_bicycle__only_thermal__qwen3_8b,qwen3_8b,only_thermal,edge,thermal_gateway,thermal,40772,163088,0,166533,2588672,0.17653099985182052,0.1912360998630902,0.008850000085658394,684,2.5472,10.0,0.0003648
openmarcie_bicycle,cpu,bottleneck,openmarcie_bicycle__only_thermal__qwen3_8b,qwen3_8b,only_thermal,core,core,,27736,110944,0,123115,2006080,0.21223100020506536,0.23554999997941195,0.006029999894963112,,,,
openmarcie_bicycle,cpu,bottleneck,openmarcie_bicycle__only_thermal__qwen3_8b,qwen3_8b,only_thermal,core,core_language,,8207651840,16449136640,256,,1335682674560,2532.1091860000706,2561.775207399978,1.7870080000648159,,,,
openmarcie_bicycle,cpu,tokenlearner,openmarcie_bicycle__only_thermal__qwen3_8b,qwen3_8b,only_thermal,edge,thermal_gateway,thermal,41960,167840,0,171775,2679296,0.21716099990953808,0.2349629999116587,0.008140000318235252,1100,2.88,10.0,0.0005866666666666667
openmarcie_bicycle,cpu,tokenlearner,openmarcie_bicycle__only_thermal__qwen3_8b,qwen3_8b,only_thermal,core,core,,27576,110304,0,121905,488000,0.20007100010843715,0.22582000037800753,0.006420000318030361,,,,
openmarcie_bicycle,cpu,tokenlearner,openmarcie_bicycle__only_thermal__qwen3_8b,qwen3_8b,only_thermal,core,core_language,,8207651840,16449136640,256,,999223468928,2462.1520710002187,2464.5403722000083,0.9659449997343472,,,,
openmarcie_bicycle,cpu,posthoc_vq,openmarcie_bicycle__only_thermal__qwen3_8b,qwen3_8b,only_thermal,edge,thermal_gateway,thermal,41664,166656,0,169929,2646016,0.2595109999674605,0.2831188999607548,0.01357000019197585,192,2.1536,10.0,0.0001024
openmarcie_bicycle,cpu,posthoc_vq,openmarcie_bicycle__only_thermal__qwen3_8b,qwen3_8b,only_thermal,core,core,,28600,114400,0,126318,1997888,0.24588099995526136,0.27117999966321804,0.01036000003296067,,,,
openmarcie_bicycle,cpu,posthoc_vq,openmarcie_bicycle__only_thermal__qwen3_8b,qwen3_8b,only_thermal,core,core_language,,8207651840,16449136640,256,,1335682674560,2532.1091860000706,2561.775207399978,1.7171270001199446,,,,
openmarcie_bicycle,cpu,joint_vq,openmarcie_bicycle__only_thermal__qwen3_8b,qwen3_8b,only_thermal,edge,thermal_gateway,thermal,44040,176160,0,180918,2712064,0.30520199970851536,0.3289430999302567,0.012900000001536682,81,2.0648,10.0,4.32e-05
openmarcie_bicycle,cpu,joint_vq,openmarcie_bicycle__only_thermal__qwen3_8b,qwen3_8b,only_thermal,core,core,,28600,114400,0,126318,488000,0.22857099975226447,0.25359099995512224,0.009719999980006833,,,,
openmarcie_bicycle,cpu,joint_vq,openmarcie_bicycle__only_thermal__qwen3_8b,qwen3_8b,only_thermal,core,core_language,,8207651840,16449136640,256,,999223468928,2462.1520710002187,2464.5403722000083,0.9575839999342861,,,,
openmarcie_bicycle,cpu,deepconvlstm,openmarcie_bicycle__only_thermal__qwen3_8b,qwen3_8b,only_thermal,edge,thermal_gateway,thermal,0,0,0,0,0,0.0004599996827892028,0.0007930002539069392,0.010099999599333387,15804,14.6432,10.0,0.0084288
openmarcie_bicycle,cpu,deepconvlstm,openmarcie_bicycle__only_thermal__qwen3_8b,qwen3_8b,only_thermal,core,core,,70284,281136,0,287777,4416256,0.3498420001051272,0.39641699991079804,0.007059999916236848,,,,
openmarcie_bicycle,cpu,deepconvlstm,openmarcie_bicycle__only_thermal__qwen3_8b,qwen3_8b,only_thermal,core,core_language,,8207651840,16449136640,256,,1335682674560,2532.1091860000706,2561.775207399978,1.7376680002598732,,,,
openmarcie_bicycle,cpu,unrestricted_bank,openmarcie_bicycle__only_thermal__qwen3_8b,qwen3_8b,only_thermal,edge,thermal_gateway,thermal,44072,176288,0,181299,2712064,0.23601099974257522,0.24528099993403885,0.012720000086119398,81,2.0648,10.0,4.32e-05
openmarcie_bicycle,cpu,unrestricted_bank,openmarcie_bicycle__only_thermal__qwen3_8b,qwen3_8b,only_thermal,core,core,,28600,114400,0,126318,488000,0.21346099993024836,0.22915700010344153,0.00988000010693213,,,,
openmarcie_bicycle,cpu,unrestricted_bank,openmarcie_bicycle__only_thermal__qwen3_8b,qwen3_8b,only_thermal,core,core_language,,8207651840,16449136640,256,,999223468928,2462.1520710002187,2464.5403722000083,0.9729250000418688,,,,
openmarcie_bicycle,cpu,separate_banks,openmarcie_bicycle__only_thermal__qwen3_8b,qwen3_8b,only_thermal,edge,thermal_gateway,thermal,44072,176288,0,181299,2712064,0.22748099991076742,0.2447790003316186,0.012830000287067378,81,2.0648,10.0,4.32e-05
openmarcie_bicycle,cpu,separate_banks,openmarcie_bicycle__only_thermal__qwen3_8b,qwen3_8b,only_thermal,core,core,,28600,114400,0,126318,488000,0.22998100030235946,0.2558920000865328,0.009849999969446799,,,,
openmarcie_bicycle,cpu,separate_banks,openmarcie_bicycle__only_thermal__qwen3_8b,qwen3_8b,only_thermal,core,core_language,,8207651840,16449136640,256,,999223468928,2462.1520710002187,2464.5403722000083,0.9746450000420737,,,,
openmarcie_bicycle,cpu,fixed_resampling,openmarcie_bicycle__only_thermal__qwen3_8b,qwen3_8b,only_thermal,edge,thermal_gateway,thermal,44072,176288,0,181299,1638912,0.14821100012341049,0.17621810025048035,0.01202000021294225,81,2.0648,10.0,4.32e-05
openmarcie_bicycle,cpu,fixed_resampling,openmarcie_bicycle__only_thermal__qwen3_8b,qwen3_8b,only_thermal,core,core,,28600,114400,0,126318,488000,0.22713099997417885,0.2575959998921462,0.009609999779058853,,,,
openmarcie_bicycle,cpu,fixed_resampling,openmarcie_bicycle__only_thermal__qwen3_8b,qwen3_8b,only_thermal,core,core_language,,8207651840,16449136640,256,,999223468928,2462.1520710002187,2464.5403722000083,0.9984940002141229,,,,
openmarcie_bicycle,cpu,finetune_encoders,openmarcie_bicycle__only_thermal__qwen3_8b,qwen3_8b,only_thermal,edge,thermal_gateway,thermal,44072,176288,0,181299,2712064,0.22244100000534672,0.2404680000836379,0.012280000191822182,81,2.0648,10.0,4.32e-05
openmarcie_bicycle,cpu,finetune_encoders,openmarcie_bicycle__only_thermal__qwen3_8b,qwen3_8b,only_thermal,core,core,,28600,114400,0,126318,488000,0.355831999968359,0.37430810020850913,0.014629999895987567,,,,
openmarcie_bicycle,cpu,finetune_encoders,openmarcie_bicycle__only_thermal__qwen3_8b,qwen3_8b,only_thermal,core,core_language,,8207651840,16449136640,256,,999223468928,2462.1520710002187,2464.5403722000083,0.9779739998521109,,,,
openmarcie_bicycle,cpu,no_alignment,openmarcie_bicycle__only_thermal__qwen3_8b,qwen3_8b,only_thermal,edge,thermal_gateway,thermal,44072,176288,0,181299,2712064,0.22942100031286827,0.24779899995337473,0.012590000096679432,81,2.0648,10.0,4.32e-05
openmarcie_bicycle,cpu,no_alignment,openmarcie_bicycle__only_thermal__qwen3_8b,qwen3_8b,only_thermal,core,core,,28600,114400,0,126318,488000,0.22638100017502438,0.2543620001688396,0.0097710003501561,,,,
openmarcie_bicycle,cpu,no_alignment,openmarcie_bicycle__only_thermal__qwen3_8b,qwen3_8b,only_thermal,core,core_language,,8207651840,16449136640,256,,999223468928,2462.1520710002187,2464.5403722000083,0.9648239997659402,,,,
openmarcie_bicycle,cpu,no_usage,openmarcie_bicycle__only_thermal__qwen3_8b,qwen3_8b,only_thermal,edge,thermal_gateway,thermal,44072,176288,0,181299,2712064,0.23003100022833678,0.24261299977297313,0.012360000255284831,81,2.0648,10.0,4.32e-05
openmarcie_bicycle,cpu,no_usage,openmarcie_bicycle__only_thermal__qwen3_8b,qwen3_8b,only_thermal,core,core,,28600,114400,0,126318,488000,0.23228100008054753,0.25131600013992283,0.010089999705087394,,,,
openmarcie_bicycle,cpu,no_usage,openmarcie_bicycle__only_thermal__qwen3_8b,qwen3_8b,only_thermal,core,core_language,,8207651840,16449136640,256,,999223468928,2462.1520710002187,2464.5403722000083,0.984084000265284,,,,
openmarcie_bicycle,cpu,tcn,openmarcie_bicycle__only_thermal__qwen3_8b,qwen3_8b,only_thermal,edge,thermal_gateway,thermal,0,0,0,0,0,0.00046000013753655367,0.0006850002137070987,0.00993999992715544,15804,14.6432,10.0,0.0084288
openmarcie_bicycle,cpu,tcn,openmarcie_bicycle__only_thermal__qwen3_8b,qwen3_8b,only_thermal,core,core,,34648,138592,0,146709,2149184,0.35151099973518285,0.3846138999961113,0.0070900000537221786,,,,
openmarcie_bicycle,cpu,tcn,openmarcie_bicycle__only_thermal__qwen3_8b,qwen3_8b,only_thermal,core,core_language,,8207651840,16449136640,256,,1335682674560,2532.1091860000706,2561.775207399978,1.725797999824863,,,,
openmarcie_bicycle,cpu,ts_transformer,openmarcie_bicycle__only_thermal__qwen3_8b,qwen3_8b,only_thermal,edge,thermal_gateway,thermal,0,0,0,0,0,0.00047999992602854036,0.0007050000021990854,0.009930000032909447,15804,14.6432,10.0,0.0084288
openmarcie_bicycle,cpu,ts_transformer,openmarcie_bicycle__only_thermal__qwen3_8b,qwen3_8b,only_thermal,core,core,,47512,190048,0,201585,3197760,0.3966620001847332,0.43292300019857066,0.007050000021990854,,,,
openmarcie_bicycle,cpu,ts_transformer,openmarcie_bicycle__only_thermal__qwen3_8b,qwen3_8b,only_thermal,core,core_language,,8207651840,16449136640,256,,1335682674560,2532.1091860000706,2561.775207399978,1.747287999933178,,,,
openmarcie_bicycle,cpu,patchtst,openmarcie_bicycle__only_thermal__qwen3_8b,qwen3_8b,only_thermal,edge,thermal_gateway,thermal,0,0,0,0,0,0.0005399997462518513,0.0007470000127796084,0.010130000191566069,15804,14.6432,10.0,0.0084288
openmarcie_bicycle,cpu,patchtst,openmarcie_bicycle__only_thermal__qwen3_8b,qwen3_8b,only_thermal,core,core,,43640,174560,0,186097,47183936,0.7100130001163052,0.7499559000734735,0.007030000233498868,,,,
openmarcie_bicycle,cpu,patchtst,openmarcie_bicycle__only_thermal__qwen3_8b,qwen3_8b,only_thermal,core,core_language,,8207651840,16449136640,256,,985219080960,2466.0282720001305,2468.811674100243,1.0349750000386848,,,,
openmarcie_printer,cpu,distrixsense,openmarcie_printer__all__qwen3_8b,qwen3_8b,all,edge,audio0,audio0,355574,1422296,0,1427507,22598784,0.307892000364518,0.3253601002143114,0.012829999832320027,86,2.0688,10.0,4.5866666666666666e-05
openmarcie_printer,cpu,distrixsense,openmarcie_printer__all__qwen3_8b,qwen3_8b,all,edge,audio1,audio1,355574,1422296,0,1427507,22598784,0.308150999899226,0.3260429997681058,0.012540000170702115,86,2.0688,10.0,4.5866666666666666e-05
openmarcie_printer,cpu,distrixsense,openmarcie_printer__all__qwen3_8b,qwen3_8b,all,edge,barometer_gateway,barometer,6902,27608,0,32819,349312,0.19939100002375199,0.22170200022628705,0.012259999948582845,86,2.0688,10.0,4.5866666666666666e-05
openmarcie_printer,cpu,distrixsense,openmarcie_printer__all__qwen3_8b,qwen3_8b,all,edge,camera_imu_gateway,camera_imu,10268,41072,0,46195,562432,0.20779099986611982,0.21971599981043255,0.012739999874611385,86,2.0688,10.0,4.5866666666666666e-05
openmarcie_printer,cpu,distrixsense,openmarcie_printer__all__qwen3_8b,qwen3_8b,all,edge,imu_gateway,imu,10268,41072,0,46195,562432,0.21647099993060692,0.21720899990214093,0.012199999673612183,86,2.0688,10.0,4.5866666666666666e-05
openmarcie_printer,cpu,distrixsense,openmarcie_printer__all__qwen3_8b,qwen3_8b,all,edge,lidar0,"lidar0_rgb,lidar0_depth",96336,385344,0,394627,5948416,0.390791999961948,0.40783799977361923,0.022871000055602053,172,2.1376,10.0,9.173333333333333e-05
openmarcie_printer,cpu,distrixsense,openmarcie_printer__all__qwen3_8b,qwen3_8b,all,edge,lidar1,"lidar1_rgb,lidar1_depth",96336,385344,0,394627,5948416,0.3942120001738658,0.40799099974719866,0.023440999939339235,172,2.1376,10.0,9.173333333333333e-05
openmarcie_printer,cpu,distrixsense,openmarcie_printer__all__qwen3_8b,qwen3_8b,all,edge,magnetometer_gateway,magnetometer,7594,30376,0,35571,393088,0.19522100001267972,0.2115371001764288,0.012099999821657548,86,2.0688,10.0,4.5866666666666666e-05
openmarcie_printer,cpu,distrixsense,openmarcie_printer__all__qwen3_8b,qwen3_8b,all,edge,rgbd_imu0,"rgbd_imu0_rgb,rgbd_imu0_depth",96336,385344,0,394627,5948416,0.3965509999943606,0.41678390007291455,0.023149999833549373,172,2.1376,10.0,9.173333333333333e-05
openmarcie_printer,cpu,distrixsense,openmarcie_printer__all__qwen3_8b,qwen3_8b,all,edge,rgbd_imu1,"rgbd_imu1_rgb,rgbd_imu1_depth",96336,385344,0,394627,5948416,0.4022019998046744,0.40706199997657677,0.02328000027773669,172,2.1376,10.0,9.173333333333333e-05
openmarcie_printer,cpu,distrixsense,openmarcie_printer__all__qwen3_8b,qwen3_8b,all,edge,room_rgbd0,"room_rgbd0_rgb,room_rgbd0_depth",96336,385344,0,394627,5948416,0.39564200005770545,0.41806009994616034,0.02339000002393732,172,2.1376,10.0,9.173333333333333e-05
openmarcie_printer,cpu,distrixsense,openmarcie_printer__all__qwen3_8b,qwen3_8b,all,edge,room_rgbd1,"room_rgbd1_rgb,room_rgbd1_depth",96336,385344,0,394627,5948416,0.4023120000056224,0.4129851000925555,0.023189999865280697,172,2.1376,10.0,9.173333333333333e-05
openmarcie_printer,cpu,distrixsense,openmarcie_printer__all__qwen3_8b,qwen3_8b,all,edge,temperature_gateway,temperature,7244,28976,0,34099,370944,0.1973409998754505,0.2136940000582399,0.0123300001177995,86,2.0688,10.0,4.5866666666666666e-05
openmarcie_printer,cpu,distrixsense,openmarcie_printer__all__qwen3_8b,qwen3_8b,all,core,core,,48184,192736,0,204654,13972160,0.9421740001016587,0.9739350002291758,0.16654099999868777,,,,
openmarcie_printer,cpu,distrixsense,openmarcie_printer__all__qwen3_8b,qwen3_8b,all,core,core_language,,8207651840,16449136640,256,,3538012372352,3057.4444849999054,3061.60194590002,5.668698000135919,,,,
openmarcie_printer,cpu,dense,openmarcie_printer__all__qwen3_8b,qwen3_8b,all,edge,audio0,audio0,352142,1408568,0,1411853,22467200,0.26076099993588286,0.28183900008116325,0.008811000043351669,4324,5.4592,10.0,0.0023061333333333333
openmarcie_printer,cpu,dense,openmarcie_printer__all__qwen3_8b,qwen3_8b,all,edge,audio1,audio1,352142,1408568,0,1411853,22467200,0.2482810000401514,0.25899100014612486,0.008960000286606373,4324,5.4592,10.0,0.0023061333333333333
openmarcie_printer,cpu,dense,openmarcie_printer__all__qwen3_8b,qwen3_8b,all,edge,barometer_gateway,barometer,3470,13880,0,17101,217728,0.14256099984777393,0.1554849998683494,0.008679999609739752,4324,5.4592,10.0,0.0023061333333333333
openmarcie_printer,cpu,dense,openmarcie_printer__all__qwen3_8b,qwen3_8b,all,edge,camera_imu_gateway,camera_imu,6836,27344,0,30477,430848,0.15762100019856007,0.16373199982808728,0.009030000001075678,4324,5.4592,10.0,0.0023061333333333333
openmarcie_printer,cpu,dense,openmarcie_printer__all__qwen3_8b,qwen3_8b,all,edge,imu_gateway,imu,6836,27344,0,30477,430848,0.1479409997955372,0.1614310999684676,0.008709999747225083,4324,5.4592,10.0,0.0023061333333333333
openmarcie_printer,cpu,dense,openmarcie_printer__all__qwen3_8b,qwen3_8b,all,edge,lidar0,"lidar0_rgb,lidar0_depth",89472,357888,0,362995,5685248,0.29912099989815033,0.3185619001669693,0.0164399998539011,8648,8.9184,10.0,0.004612266666666667
openmarcie_printer,cpu,dense,openmarcie_printer__all__qwen3_8b,qwen3_8b,all,edge,lidar1,"lidar1_rgb,lidar1_depth",89472,357888,0,362995,5685248,0.3094819999205356,0.3101201001300069,0.01667000015004305,8648,8.9184,10.0,0.004612266666666667
openmarcie_printer,cpu,dense,openmarcie_printer__all__qwen3_8b,qwen3_8b,all,edge,magnetometer_gateway,magnetometer,4162,16648,0,19853,261504,0.14676099999633152,0.1515310003014747,0.008779999916441739,4324,5.4592,10.0,0.0023061333333333333
openmarcie_printer,cpu,dense,openmarcie_printer__all__qwen3_8b,qwen3_8b,all,edge,rgbd_imu0,"rgbd_imu0_rgb,rgbd_imu0_depth",89472,357888,0,362995,5685248,0.30551200006811996,0.3090210997925169,0.01668999993853504,8648,8.9184,10.0,0.004612266666666667
openmarcie_printer,cpu,dense,openmarcie_printer__all__qwen3_8b,qwen3_8b,all,edge,rgbd_imu1,"rgbd_imu1_rgb,rgbd_imu1_depth",89472,357888,0,362995,5685248,0.3080810001847567,0.36130790003880975,0.016599999980826396,8648,8.9184,10.0,0.004612266666666667
openmarcie_printer,cpu,dense,openmarcie_printer__all__qwen3_8b,qwen3_8b,all,edge,room_rgbd0,"room_rgbd0_rgb,room_rgbd0_depth",89472,357888,0,362995,5685248,0.31193199993140297,0.3341610997722455,0.016649999906803714,8648,8.9184,10.0,0.004612266666666667
openmarcie_printer,cpu,dense,openmarcie_printer__all__qwen3_8b,qwen3_8b,all,edge,room_rgbd1,"room_rgbd1_rgb,room_rgbd1_depth",89472,357888,0,362995,5685248,0.2958009999929345,0.319444900014787,0.017670000033831457,8648,8.9184,10.0,0.004612266666666667
openmarcie_printer,cpu,dense,openmarcie_printer__all__qwen3_8b,qwen3_8b,all,edge,temperature_gateway,temperature,3812,15248,0,18381,239360,0.14038100016477983,0.15554600022369414,0.008649999927001772,4324,5.4592,10.0,0.0023061333333333333
openmarcie_printer,cpu,dense,openmarcie_printer__all__qwen3_8b,qwen3_8b,all,core,core,,28728,114912,0,126513,126709952,2.3312809998969897,2.3572468999191187,0.12091000007785624,,,,
openmarcie_printer,cpu,dense,openmarcie_printer__all__qwen3_8b,qwen3_8b,all,core,core_language,,8207651840,16449136640,256,,10143753396608,5068.111889000193,5087.742419000142,19.580157999826042,,,,
openmarcie_printer,cpu,dense_tokens,openmarcie_printer__all__qwen3_8b,qwen3_8b,all,edge,audio0,audio0,354518,1418072,0,1422777,22582400,0.3191319997313258,0.33870699980980135,0.008429999979853164,1100,2.88,10.0,0.0005866666666666667
openmarcie_printer,cpu,dense_tokens,openmarcie_printer__all__qwen3_8b,qwen3_8b,all,edge,audio1,audio1,354518,1418072,0,1422777,22582400,0.305721000131598,0.3217958999812254,0.008299999990413198,1100,2.88,10.0,0.0005866666666666667
openmarcie_printer,cpu,dense_tokens,openmarcie_printer__all__qwen3_8b,qwen3_8b,all,edge,barometer_gateway,barometer,5846,23384,0,28089,332928,0.19345100008649752,0.2020009997067973,0.008220999916375149,1100,2.88,10.0,0.0005866666666666667
openmarcie_printer,cpu,dense_tokens,openmarcie_printer__all__qwen3_8b,qwen3_8b,all,edge,camera_imu_gateway,camera_imu,9212,36848,0,41465,546048,0.20749199984493316,0.21232409990261658,0.008329999673151178,1100,2.88,10.0,0.0005866666666666667
openmarcie_printer,cpu,dense_tokens,openmarcie_printer__all__qwen3_8b,qwen3_8b,all,edge,imu_gateway,imu,9212,36848,0,41465,546048,0.20979099963369663,0.21241900008135417,0.008210000032704556,1100,2.88,10.0,0.0005866666666666667
openmarcie_printer,cpu,dense_tokens,openmarcie_printer__all__qwen3_8b,qwen3_8b,all,edge,lidar0,"lidar0_rgb,lidar0_depth",94224,376896,0,385103,5915648,0.392121999993833,0.39584799988006125,0.015390000044135377,2200,3.76,10.0,0.0011733333333333333
openmarcie_printer,cpu,dense_tokens,openmarcie_printer__all__qwen3_8b,qwen3_8b,all,edge,lidar1,"lidar1_rgb,lidar1_depth",94224,376896,0,385103,5915648,0.3853819998766994,0.40233799982161145,0.01539999993838137,2200,3.76,10.0,0.0011733333333333333
openmarcie_printer,cpu,dense_tokens,openmarcie_printer__all__qwen3_8b,qwen3_8b,all,edge,magnetometer_gateway,magnetometer,6538,26152,0,30841,376704,0.1903709999169223,0.20411400028024218,0.008210000032704556,1100,2.88,10.0,0.0005866666666666667
openmarcie_printer,cpu,dense_tokens,openmarcie_printer__all__qwen3_8b,qwen3_8b,all,edge,rgbd_imu0,"rgbd_imu0_rgb,rgbd_imu0_depth",94224,376896,0,385103,5915648,0.38839199987705797,0.4034670000692131,0.015420000181620708,2200,3.76,10.0,0.0011733333333333333
openmarcie_printer,cpu,dense_tokens,openmarcie_printer__all__qwen3_8b,qwen3_8b,all,edge,rgbd_imu1,"rgbd_imu1_rgb,rgbd_imu1_depth",94224,376896,0,385103,5915648,0.39291200027946616,0.40252399971905106,0.015379999695142033,2200,3.76,10.0,0.0011733333333333333
openmarcie_printer,cpu,dense_tokens,openmarcie_printer__all__qwen3_8b,qwen3_8b,all,edge,room_rgbd0,"room_rgbd0_rgb,room_rgbd0_depth",94224,376896,0,385103,5915648,0.38797199977125274,0.3993389998868224,0.01556999995955266,2200,3.76,10.0,0.0011733333333333333
openmarcie_printer,cpu,dense_tokens,openmarcie_printer__all__qwen3_8b,qwen3_8b,all,edge,room_rgbd1,"room_rgbd1_rgb,room_rgbd1_depth",94224,376896,0,385103,5915648,0.3980530000262661,0.40187710010286537,0.01551000013932935,2200,3.76,10.0,0.0011733333333333333
openmarcie_printer,cpu,dense_tokens,openmarcie_printer__all__qwen3_8b,qwen3_8b,all,edge,temperature_gateway,temperature,6188,24752,0,29369,354560,0.19671100017149,0.21086800024932018,0.008340000022144523,1100,2.88,10.0,0.0005866666666666667
openmarcie_printer,cpu,dense_tokens,openmarcie_printer__all__qwen3_8b,qwen3_8b,all,core,core,,28728,114912,0,126513,13972160,0.7513939999626018,0.7774849998895661,0.11410100023567793,,,,
openmarcie_printer,cpu,dense_tokens,openmarcie_printer__all__qwen3_8b,qwen3_8b,all,core,core_language,,8207651840,16449136640,256,,3538012372352,3057.4444849999054,3061.60194590002,5.442126999696484,,,,
openmarcie_printer,cpu,raw,openmarcie_printer__all__qwen3_8b,qwen3_8b,all,edge,audio0,audio0,0,0,0,0,0,0.000499999714520527,0.0008330002856382634,0.033181000162585406,390484,314.3872,10.0,0.20825813333333335
openmarcie_printer,cpu,raw,openmarcie_printer__all__qwen3_8b,qwen3_8b,all,edge,audio1,audio1,0,0,0,0,0,0.0004899998202745337,0.0006519997441500891,0.03295999977126485,390484,314.3872,10.0,0.20825813333333335
openmarcie_printer,cpu,raw,openmarcie_printer__all__qwen3_8b,qwen3_8b,all,edge,barometer_gateway,barometer,0,0,0,0,0,0.00040999975681188516,0.0005180002517590765,0.008239999715442536,404,2.3232,10.0,0.00021546666666666665
openmarcie_printer,cpu,raw,openmarcie_printer__all__qwen3_8b,qwen3_8b,all,edge,camera_imu_gateway,camera_imu,0,0,0,0,0,0.0004399998942972161,0.0005300001703290036,0.010900000233959872,15444,14.3552,10.0,0.0082368
openmarcie_printer,cpu,raw,openmarcie_printer__all__qwen3_8b,qwen3_8b,all,edge,imu_gateway,imu,0,0,0,0,0,0.0005100000635138713,0.0006180001491884468,0.010579999980109278,15444,14.3552,10.0,0.0082368
openmarcie_printer,cpu,raw,openmarcie_printer__all__qwen3_8b,qwen3_8b,all,edge,lidar0,"lidar0_rgb,lidar0_depth",0,0,0,0,0,0.0007399999049084727,0.0007940001523820683,0.018230000023322646,25304,22.2432,10.0,0.013495466666666667
openmarcie_printer,cpu,raw,openmarcie_printer__all__qwen3_8b,qwen3_8b,all,edge,lidar1,"lidar1_rgb,lidar1_depth",0,0,0,0,0,0.0005699998837371822,0.0006869998742331518,0.018240999906993238,25304,22.2432,10.0,0.013495466666666667
openmarcie_printer,cpu,raw,openmarcie_printer__all__qwen3_8b,qwen3_8b,all,edge,magnetometer_gateway,magnetometer,0,0,0,0,0,0.000470000031782547,0.0005599998985417187,0.008349999916390516,884,2.7072000000000003,10.0,0.00047146666666666667
openmarcie_printer,cpu,raw,openmarcie_printer__all__qwen3_8b,qwen3_8b,all,edge,rgbd_imu0,"rgbd_imu0_rgb,rgbd_imu0_depth",0,0,0,0,0,0.0006999998731771484,0.0008169998636731179,0.01795999969544937,25304,22.2432,10.0,0.013495466666666667
openmarcie_printer,cpu,raw,openmarcie_printer__all__qwen3_8b,qwen3_8b,all,edge,rgbd_imu1,"rgbd_imu1_rgb,rgbd_imu1_depth",0,0,0,0,0,0.0005699998837371822,0.0007229999027913436,0.017980000393436057,25304,22.2432,10.0,0.013495466666666667
openmarcie_printer,cpu,raw,openmarcie_printer__all__qwen3_8b,qwen3_8b,all,edge,room_rgbd0,"room_rgbd0_rgb,room_rgbd0_depth",0,0,0,0,0,0.0005000001692678779,0.0005900000360270496,0.01787999963198672,25304,22.2432,10.0,0.013495466666666667
openmarcie_printer,cpu,raw,openmarcie_printer__all__qwen3_8b,qwen3_8b,all,edge,room_rgbd1,"room_rgbd1_rgb,room_rgbd1_depth",0,0,0,0,0,0.000529999852005858,0.0006200001280376455,0.01799000028768205,25304,22.2432,10.0,0.013495466666666667
openmarcie_printer,cpu,raw,openmarcie_printer__all__qwen3_8b,qwen3_8b,all,edge,temperature_gateway,temperature,0,0,0,0,0,0.0004399998942972161,0.0006110001322667813,0.00804999990577926,644,2.5152,10.0,0.00034346666666666665
openmarcie_printer,cpu,raw,openmarcie_printer__all__qwen3_8b,qwen3_8b,all,core,core,,1294960,5179840,0,5238403,207336128,5.082935999780602,5.113680000022214,0.1648799998292816,,,,
openmarcie_printer,cpu,raw,openmarcie_printer__all__qwen3_8b,qwen3_8b,all,core,core_language,,8207651840,16449136640,256,,10143753396608,5068.111889000193,5087.742419000142,19.80834000005416,,,,
openmarcie_printer,cpu,early_fusion,openmarcie_printer__all__qwen3_8b,qwen3_8b,all,edge,audio0,audio0,0,0,0,0,0,0.0005399997462518513,0.0010080001175083453,0.037119999888091115,390484,314.3872,10.0,0.20825813333333335
openmarcie_printer,cpu,early_fusion,openmarcie_printer__all__qwen3_8b,qwen3_8b,all,edge,audio1,audio1,0,0,0,0,0,0.0005100000635138713,0.0006270000540098408,0.035460999697534135,390484,314.3872,10.0,0.20825813333333335
openmarcie_printer,cpu,early_fusion,openmarcie_printer__all__qwen3_8b,qwen3_8b,all,edge,barometer_gateway,barometer,0,0,0,0,0,0.000470000031782547,0.0005509999937203247,0.00838999994812184,404,2.3232,10.0,0.00021546666666666665
openmarcie_printer,cpu,early_fusion,openmarcie_printer__all__qwen3_8b,qwen3_8b,all,edge,camera_imu_gateway,camera_imu,0,0,0,0,0,0.00044999978854320943,0.000557999874217785,0.01081000027625123,15444,14.3552,10.0,0.0082368
openmarcie_printer,cpu,early_fusion,openmarcie_printer__all__qwen3_8b,qwen3_8b,all,edge,imu_gateway,imu,0,0,0,0,0,0.0004399998942972161,0.0005209998562349938,0.010929999916697852,15444,14.3552,10.0,0.0082368
openmarcie_printer,cpu,early_fusion,openmarcie_printer__all__qwen3_8b,qwen3_8b,all,edge,lidar0,"lidar0_rgb,lidar0_depth",0,0,0,0,0,0.0005799997779831756,0.0006429999302781653,0.018540000382927246,25304,22.2432,10.0,0.013495466666666667
openmarcie_printer,cpu,early_fusion,openmarcie_printer__all__qwen3_8b,qwen3_8b,all,edge,lidar1,"lidar1_rgb,lidar1_depth",0,0,0,0,0,0.0006499999471998308,0.0006770000709366286,0.0183000001925393,25304,22.2432,10.0,0.013495466666666667
openmarcie_printer,cpu,early_fusion,openmarcie_printer__all__qwen3_8b,qwen3_8b,all,edge,magnetometer_gateway,magnetometer,0,0,0,0,0,0.0004599996827892028,0.000648999730401556,0.008310000339406542,884,2.7072000000000003,10.0,0.00047146666666666667
openmarcie_printer,cpu,early_fusion,openmarcie_printer__all__qwen3_8b,qwen3_8b,all,edge,rgbd_imu0,"rgbd_imu0_rgb,rgbd_imu0_depth",0,0,0,0,0,0.0006300001587078441,0.0007379998351098038,0.01832999987527728,25304,22.2432,10.0,0.013495466666666667
openmarcie_printer,cpu,early_fusion,openmarcie_printer__all__qwen3_8b,qwen3_8b,all,edge,rgbd_imu1,"rgbd_imu1_rgb,rgbd_imu1_depth",0,0,0,0,0,0.0006000000212225132,0.0006809999831602909,0.018590000308904564,25304,22.2432,10.0,0.013495466666666667
openmarcie_printer,cpu,early_fusion,openmarcie_printer__all__qwen3_8b,qwen3_8b,all,edge,room_rgbd0,"room_rgbd0_rgb,room_rgbd0_depth",0,0,0,0,0,0.0005800002327305265,0.0006700000994896982,0.018430000181979267,25304,22.2432,10.0,0.013495466666666667
openmarcie_printer,cpu,early_fusion,openmarcie_printer__all__qwen3_8b,qwen3_8b,all,edge,room_rgbd1,"room_rgbd1_rgb,room_rgbd1_depth",0,0,0,0,0,0.000529999852005858,0.0006469998425018275,0.018339999769523274,25304,22.2432,10.0,0.013495466666666667
openmarcie_printer,cpu,early_fusion,openmarcie_printer__all__qwen3_8b,qwen3_8b,all,edge,temperature_gateway,temperature,0,0,0,0,0,0.00047999992602854036,0.0005159999545867322,0.008320000233652536,644,2.5152,10.0,0.00034346666666666665
openmarcie_printer,cpu,early_fusion,openmarcie_printer__all__qwen3_8b,qwen3_8b,all,core,core,,901168,3604672,0,3640407,57498304,2.5328030001219304,2.553781999677085,0.16629099991405383,,,,
openmarcie_printer,cpu,early_fusion,openmarcie_printer__all__qwen3_8b,qwen3_8b,all,core,core_language,,8207651840,16449136640,256,,1840428106112,2639.4097849997706,2640.3183115998218,1.9443589999355027,,,,
openmarcie_printer,cpu,late_fusion,openmarcie_printer__all__qwen3_8b,qwen3_8b,all,edge,audio0,audio0,352538,1410152,0,1413765,22467968,0.27306099991619703,0.2887570000893902,0.007919999916339293,96,2.0768,10.0,5.12e-05
openmarcie_printer,cpu,late_fusion,openmarcie_printer__all__qwen3_8b,qwen3_8b,all,edge,audio1,audio1,352538,1410152,0,1413765,22467968,0.26209099996776786,0.2745298997979262,0.008160999641404487,96,2.0768,10.0,5.12e-05
openmarcie_printer,cpu,late_fusion,openmarcie_printer__all__qwen3_8b,qwen3_8b,all,edge,barometer_gateway,barometer,3866,15464,0,19077,218496,0.15304099997592857,0.1663871000346262,0.007950000053824624,96,2.0768,10.0,5.12e-05
openmarcie_printer,cpu,late_fusion,openmarcie_printer__all__qwen3_8b,qwen3_8b,all,edge,camera_imu_gateway,camera_imu,7232,28928,0,32453,431616,0.16363099985028384,0.18516710006224457,0.008160000106727239,96,2.0768,10.0,5.12e-05
openmarcie_printer,cpu,late_fusion,openmarcie_printer__all__qwen3_8b,qwen3_8b,all,edge,imu_gateway,imu,7232,28928,0,32453,431616,0.1613610002095811,0.1732941000682331,0.008100000286503928,96,2.0768,10.0,5.12e-05
openmarcie_printer,cpu,late_fusion,openmarcie_printer__all__qwen3_8b,qwen3_8b,all,edge,lidar0,"lidar0_rgb,lidar0_depth",90264,361056,0,367079,5686784,0.33148100010294,0.3335878999223496,0.014790000022912864,192,2.1536,10.0,0.0001024
openmarcie_printer,cpu,late_fusion,openmarcie_printer__all__qwen3_8b,qwen3_8b,all,edge,lidar1,"lidar1_rgb,lidar1_depth",90264,361056,0,367079,5686784,0.33152100013467134,0.3317370003060205,0.014790000022912864,192,2.1536,10.0,0.0001024
openmarcie_printer,cpu,late_fusion,openmarcie_printer__all__qwen3_8b,qwen3_8b,all,edge,magnetometer_gateway,magnetometer,4558,18232,0,21829,262272,0.15546100030405796,0.1704190000964445,0.008070000149018597,96,2.0768,10.0,5.12e-05
openmarcie_printer,cpu,late_fusion,openmarcie_printer__all__qwen3_8b,qwen3_8b,all,edge,rgbd_imu0,"rgbd_imu0_rgb,rgbd_imu0_depth",90264,361056,0,367079,5686784,0.3220110002075671,0.33596190000935167,0.014819999705650844,192,2.1536,10.0,0.0001024
openmarcie_printer,cpu,late_fusion,openmarcie_printer__all__qwen3_8b,qwen3_8b,all,edge,rgbd_imu1,"rgbd_imu1_rgb,rgbd_imu1_depth",90264,361056,0,367079,5686784,0.3173710001647123,0.33441789996686566,0.015000000075815478,192,2.1536,10.0,0.0001024
openmarcie_printer,cpu,late_fusion,openmarcie_printer__all__qwen3_8b,qwen3_8b,all,edge,room_rgbd0,"room_rgbd0_rgb,room_rgbd0_depth",90264,361056,0,367079,5686784,0.32531100032429094,0.334464000115986,0.014929999906598823,192,2.1536,10.0,0.0001024
openmarcie_printer,cpu,late_fusion,openmarcie_printer__all__qwen3_8b,qwen3_8b,all,edge,room_rgbd1,"room_rgbd1_rgb,room_rgbd1_depth",90264,361056,0,367079,5686784,0.32133100012288196,0.33154600014313473,0.015000000075815478,192,2.1536,10.0,0.0001024
openmarcie_printer,cpu,late_fusion,openmarcie_printer__all__qwen3_8b,qwen3_8b,all,edge,temperature_gateway,temperature,4208,16832,0,20357,240128,0.16423099987150636,0.1679479998529132,0.00825000006443588,96,2.0768,10.0,5.12e-05
openmarcie_printer,cpu,late_fusion,openmarcie_printer__all__qwen3_8b,qwen3_8b,all,core,core,,0,0,0,0,0,0.12121999998271349,0.1329478999650746,0.10966099989673239,,,,
openmarcie_printer,cpu,late_fusion,openmarcie_printer__all__qwen3_8b,qwen3_8b,all,core,core_language,,8190735360,16381470720,256,,1628849584640,2603.7416199997097,2616.5713449998293,0.25457099991399446,,,,
openmarcie_printer,cpu,local_only,openmarcie_printer__all__qwen3_8b,qwen3_8b,all,edge,audio0,audio0,352538,1410152,0,1413765,22467968,0.3541820001373708,0.37868810004511033,0.01143000008596573,52,2.0416,10.0,2.7733333333333334e-05
openmarcie_printer,cpu,local_only,openmarcie_printer__all__qwen3_8b,qwen3_8b,all,edge,audio1,audio1,352538,1410152,0,1413765,22467968,0.342901999829337,0.358714100002544,0.01160000010713702,52,2.0416,10.0,2.7733333333333334e-05
openmarcie_printer,cpu,local_only,openmarcie_printer__all__qwen3_8b,qwen3_8b,all,edge,barometer_gateway,barometer,3866,15464,0,19077,218496,0.19790100031968905,0.20918609966429358,0.011480000011943048,52,2.0416,10.0,2.7733333333333334e-05
openmarcie_printer,cpu,local_only,openmarcie_printer__all__qwen3_8b,qwen3_8b,all,edge,camera_imu_gateway,camera_imu,7232,28928,0,32453,431616,0.20778099997187383,0.2269059998980083,0.011590000212891027,52,2.0416,10.0,2.7733333333333334e-05
openmarcie_printer,cpu,local_only,openmarcie_printer__all__qwen3_8b,qwen3_8b,all,edge,imu_gateway,imu,7232,28928,0,32453,431616,0.207340000088152,0.22021990016583004,0.011329999779263744,52,2.0416,10.0,2.7733333333333334e-05
openmarcie_printer,cpu,local_only,openmarcie_printer__all__qwen3_8b,qwen3_8b,all,edge,lidar0,"lidar0_rgb,lidar0_depth",90264,361056,0,367079,5686784,0.42552200011414243,0.4407139998875209,0.021659999674739083,104,2.0832,10.0,5.546666666666667e-05
openmarcie_printer,cpu,local_only,openmarcie_printer__all__qwen3_8b,qwen3_8b,all,edge,lidar1,"lidar1_rgb,lidar1_depth",90264,361056,0,367079,5686784,0.428431999807799,0.4295660000934731,0.02182099979108898,104,2.0832,10.0,5.546666666666667e-05
openmarcie_printer,cpu,local_only,openmarcie_printer__all__qwen3_8b,qwen3_8b,all,edge,magnetometer_gateway,magnetometer,4558,18232,0,21829,262272,0.15450999990207492,0.16701189988452825,0.007780000032653334,52,2.0416,10.0,2.7733333333333334e-05
openmarcie_printer,cpu,local_only,openmarcie_printer__all__qwen3_8b,qwen3_8b,all,edge,rgbd_imu0,"rgbd_imu0_rgb,rgbd_imu0_depth",90264,361056,0,367079,5686784,0.3363010000612121,0.33863289995679224,0.01463999979023356,104,2.0832,10.0,5.546666666666667e-05
openmarcie_printer,cpu,local_only,openmarcie_printer__all__qwen3_8b,qwen3_8b,all,edge,rgbd_imu1,"rgbd_imu1_rgb,rgbd_imu1_depth",90264,361056,0,367079,5686784,0.34251200031576445,0.41275699986726977,0.01477999967391952,104,2.0832,10.0,5.546666666666667e-05
openmarcie_printer,cpu,local_only,openmarcie_printer__all__qwen3_8b,qwen3_8b,all,edge,room_rgbd0,"room_rgbd0_rgb,room_rgbd0_depth",90264,361056,0,367079,5686784,0.32192099979511113,0.33916589995897084,0.01492000001235283,104,2.0832,10.0,5.546666666666667e-05
openmarcie_printer,cpu,local_only,openmarcie_printer__all__qwen3_8b,qwen3_8b,all,edge,room_rgbd1,"room_rgbd1_rgb,room_rgbd1_depth",90264,361056,0,367079,5686784,0.32949099977486185,0.337500999785334,0.014620000001741573,104,2.0832,10.0,5.546666666666667e-05
openmarcie_printer,cpu,local_only,openmarcie_printer__all__qwen3_8b,qwen3_8b,all,edge,temperature_gateway,temperature,4208,16832,0,20357,240128,0.1699599997664336,0.17351589981444704,0.00794000015957863,52,2.0416,10.0,2.7733333333333334e-05
openmarcie_printer,cpu,local_only,openmarcie_printer__all__qwen3_8b,qwen3_8b,all,core,core,,0,0,0,0,0,0.18631100010679802,0.19441099998402933,0.11139099979118328,,,,
openmarcie_printer,cpu,local_only,openmarcie_printer__all__qwen3_8b,qwen3_8b,all,core,core_language,,8190735360,16381470720,256,,1628849584640,2603.7416199997097,2616.5713449998293,0.21002099992983858,,,,
openmarcie_printer,cpu,bottleneck,openmarcie_printer__all__qwen3_8b,qwen3_8b,all,edge,audio0,audio0,352274,1409096,0,1412741,22475392,0.3029320000678126,0.3187710999554838,0.008229999821196543,684,2.5472,10.0,0.0003648
openmarcie_printer,cpu,bottleneck,openmarcie_printer__all__qwen3_8b,qwen3_8b,all,edge,audio1,audio1,352274,1409096,0,1412741,22475392,0.3011409999089665,0.3182778999871516,0.008210000032704556,684,2.5472,10.0,0.0003648
openmarcie_printer,cpu,bottleneck,openmarcie_printer__all__qwen3_8b,qwen3_8b,all,edge,barometer_gateway,barometer,3602,14408,0,18053,225920,0.16845099980855593,0.1881430002868001,0.008299999990413198,684,2.5472,10.0,0.0003648
openmarcie_printer,cpu,bottleneck,openmarcie_printer__all__qwen3_8b,qwen3_8b,all,edge,camera_imu_gateway,camera_imu,6968,27872,0,31429,439040,0.18086099998981808,0.18990600010511116,0.008349999916390516,684,2.5472,10.0,0.0003648
openmarcie_printer,cpu,bottleneck,openmarcie_printer__all__qwen3_8b,qwen3_8b,all,edge,imu_gateway,imu,6968,27872,0,31429,439040,0.176021000243054,0.18819710039679194,0.008430999969277764,684,2.5472,10.0,0.0003648
openmarcie_printer,cpu,bottleneck,openmarcie_printer__all__qwen3_8b,qwen3_8b,all,edge,lidar0,"lidar0_rgb,lidar0_depth",89736,358944,0,365031,5701632,0.3750710002350388,0.37621490000674385,0.016211000001931097,1368,3.0944000000000003,10.0,0.0007296
openmarcie_printer,cpu,bottleneck,openmarcie_printer__all__qwen3_8b,qwen3_8b,all,edge,lidar1,"lidar1_rgb,lidar1_depth",89736,358944,0,365031,5701632,0.3617510001276969,0.3818659998160001,0.01619000022401451,1368,3.0944000000000003,10.0,0.0007296
openmarcie_printer,cpu,bottleneck,openmarcie_printer__all__qwen3_8b,qwen3_8b,all,edge,magnetometer_gateway,magnetometer,4294,17176,0,20805,269696,0.16986100035865093,0.19134399990434758,0.008399999842367833,684,2.5472,10.0,0.0003648
openmarcie_printer,cpu,bottleneck,openmarcie_printer__all__qwen3_8b,qwen3_8b,all,edge,rgbd_imu0,"rgbd_imu0_rgb,rgbd_imu0_depth",89736,358944,0,365031,5701632,0.36963200000172947,0.37633699989783054,0.01610000026630587,1368,3.0944000000000003,10.0,0.0007296
openmarcie_printer,cpu,bottleneck,openmarcie_printer__all__qwen3_8b,qwen3_8b,all,edge,rgbd_imu1,"rgbd_imu1_rgb,rgbd_imu1_depth",89736,358944,0,365031,5701632,0.36443199996938347,0.38730910032427346,0.015900000107649248,1368,3.0944000000000003,10.0,0.0007296
openmarcie_printer,cpu,bottleneck,openmarcie_printer__all__qwen3_8b,qwen3_8b,all,edge,room_rgbd0,"room_rgbd0_rgb,room_rgbd0_depth",89736,358944,0,365031,5701632,0.36655099984272965,0.37332890019570186,0.01591000000189524,1368,3.0944000000000003,10.0,0.0007296
openmarcie_printer,cpu,bottleneck,openmarcie_printer__all__qwen3_8b,qwen3_8b,all,edge,room_rgbd1,"room_rgbd1_rgb,room_rgbd1_depth",89736,358944,0,365031,5701632,0.36557099974743323,0.38932289985496027,0.01588000031915726,1368,3.0944000000000003,10.0,0.0007296
openmarcie_printer,cpu,bottleneck,openmarcie_printer__all__qwen3_8b,qwen3_8b,all,edge,temperature_gateway,temperature,3944,15776,0,19333,247552,0.16501099980814615,0.2066711000225041,0.00825000006443588,684,2.5472,10.0,0.0003648
openmarcie_printer,cpu,bottleneck,openmarcie_printer__all__qwen3_8b,qwen3_8b,all,core,core,,31768,127072,0,149951,126865600,2.2600099996452627,2.368145899981755,0.11456099991846713,,,,
openmarcie_printer,cpu,bottleneck,openmarcie_printer__all__qwen3_8b,qwen3_8b,all,core,core_language,,8207651840,16449136640,256,,10143753396608,5068.111889000193,5087.742419000142,20.229168999776448,,,,
openmarcie_printer,cpu,tokenlearner,openmarcie_printer__all__qwen3_8b,qwen3_8b,all,edge,audio0,audio0,353462,1413848,0,1418047,22566016,0.31087200022739125,0.34177709999312356,0.008579999757785117,1100,2.88,10.0,0.0005866666666666667
openmarcie_printer,cpu,tokenlearner,openmarcie_printer__all__qwen3_8b,qwen3_8b,all,edge,audio1,audio1,353462,1413848,0,1418047,22566016,0.29380099977061036,0.30547399992428836,0.008460000117338495,1100,2.88,10.0,0.0005866666666666667
openmarcie_printer,cpu,tokenlearner,openmarcie_printer__all__qwen3_8b,qwen3_8b,all,edge,barometer_gateway,barometer,4790,19160,0,23295,316544,0.18801099986376357,0.20994399997107394,0.008310000339406542,1100,2.88,10.0,0.0005866666666666667
openmarcie_printer,cpu,tokenlearner,openmarcie_printer__all__qwen3_8b,qwen3_8b,all,edge,camera_imu_gateway,camera_imu,8156,32624,0,36671,529664,0.19589099974837154,0.21457499983625894,0.008600000001024455,1100,2.88,10.0,0.0005866666666666667
openmarcie_printer,cpu,tokenlearner,openmarcie_printer__all__qwen3_8b,qwen3_8b,all,edge,imu_gateway,imu,8156,32624,0,36671,529664,0.19575100031943293,0.2126260003024072,0.008569999863539124,1100,2.88,10.0,0.0005866666666666667
openmarcie_printer,cpu,tokenlearner,openmarcie_printer__all__qwen3_8b,qwen3_8b,all,edge,lidar0,"lidar0_rgb,lidar0_depth",92112,368448,0,375643,5882880,0.3837320000457112,0.3872590999890235,0.016009999853849877,2200,3.76,10.0,0.0011733333333333333
openmarcie_printer,cpu,tokenlearner,openmarcie_printer__all__qwen3_8b,qwen3_8b,all,edge,lidar1,"lidar1_rgb,lidar1_depth",92112,368448,0,375643,5882880,0.3843220001726877,0.38820909999230935,0.015950000033626566,2200,3.76,10.0,0.0011733333333333333
openmarcie_printer,cpu,tokenlearner,openmarcie_printer__all__qwen3_8b,qwen3_8b,all,edge,magnetometer_gateway,magnetometer,5482,21928,0,26047,360320,0.20008100000268314,0.22518199975820608,0.008349999916390516,1100,2.88,10.0,0.0005866666666666667
openmarcie_printer,cpu,tokenlearner,openmarcie_printer__all__qwen3_8b,qwen3_8b,all,edge,rgbd_imu0,"rgbd_imu0_rgb,rgbd_imu0_depth",92112,368448,0,375643,5882880,0.38159199993970105,0.38777500003561727,0.0158200000441866,2200,3.76,10.0,0.0011733333333333333
openmarcie_printer,cpu,tokenlearner,openmarcie_printer__all__qwen3_8b,qwen3_8b,all,edge,rgbd_imu1,"rgbd_imu1_rgb,rgbd_imu1_depth",92112,368448,0,375643,5882880,0.3730419998646539,0.38417499999923166,0.015950000033626566,2200,3.76,10.0,0.0011733333333333333
openmarcie_printer,cpu,tokenlearner,openmarcie_printer__all__qwen3_8b,qwen3_8b,all,edge,room_rgbd0,"room_rgbd0_rgb,room_rgbd0_depth",92112,368448,0,375643,5882880,0.3782609996960673,0.3881528998590511,0.01591000000189524,2200,3.76,10.0,0.0011733333333333333
openmarcie_printer,cpu,tokenlearner,openmarcie_printer__all__qwen3_8b,qwen3_8b,all,edge,room_rgbd1,"room_rgbd1_rgb,room_rgbd1_depth",92112,368448,0,375643,5882880,0.37386099984360044,0.3998808997039305,0.01571000029798597,2200,3.76,10.0,0.0011733333333333333
openmarcie_printer,cpu,tokenlearner,openmarcie_printer__all__qwen3_8b,qwen3_8b,all,edge,temperature_gateway,temperature,5132,20528,0,24575,338176,0.18482099994798773,0.19842899969262362,0.008299999990413198,1100,2.88,10.0,0.0005866666666666667
openmarcie_printer,cpu,tokenlearner,openmarcie_printer__all__qwen3_8b,qwen3_8b,all,core,core,,28728,114912,0,126513,13972160,0.7487130001209152,0.7735449002666428,0.11377999999240274,,,,
openmarcie_printer,cpu,tokenlearner,openmarcie_printer__all__qwen3_8b,qwen3_8b,all,core,core_language,,8207651840,16449136640,256,,3538012372352,3057.4444849999054,3061.60194590002,5.678095999883226,,,,
openmarcie_printer,cpu,posthoc_vq,openmarcie_printer__all__qwen3_8b,qwen3_8b,all,edge,audio0,audio0,371598,1486392,0,1489865,22532736,0.4626219997589942,0.5629369001326268,0.013220000255387276,212,2.1696,10.0,0.00011306666666666667
openmarcie_printer,cpu,posthoc_vq,openmarcie_printer__all__qwen3_8b,qwen3_8b,all,edge,audio1,audio1,371598,1486392,0,1489865,22532736,0.3417519997128693,0.362604099791497,0.012930000139022013,212,2.1696,10.0,0.00011306666666666667
openmarcie_printer,cpu,posthoc_vq,openmarcie_printer__all__qwen3_8b,qwen3_8b,all,edge,barometer_gateway,barometer,22926,91704,0,95177,283264,0.24647100008223788,0.2525729998069437,0.013150000086170621,212,2.1696,10.0,0.00011306666666666667
openmarcie_printer,cpu,posthoc_vq,openmarcie_printer__all__qwen3_8b,qwen3_8b,all,edge,camera_imu_gateway,camera_imu,26292,105168,0,108553,496384,0.2484510000613227,0.26505600003474683,0.012999999853491317,212,2.1696,10.0,0.00011306666666666667
openmarcie_printer,cpu,posthoc_vq,openmarcie_printer__all__qwen3_8b,qwen3_8b,all,edge,imu_gateway,imu,26292,105168,0,108553,496384,0.24344099983863998,0.2587329001926264,0.01284100017073797,212,2.1696,10.0,0.00011306666666666667
openmarcie_printer,cpu,posthoc_vq,openmarcie_printer__all__qwen3_8b,qwen3_8b,all,edge,lidar0,"lidar0_rgb,lidar0_depth",108928,435712,0,441072,5816320,0.4580820000228414,0.46992600000521634,0.023909999981697183,424,2.3392,10.0,0.00022613333333333335
openmarcie_printer,cpu,posthoc_vq,openmarcie_printer__all__qwen3_8b,qwen3_8b,all,edge,lidar1,"lidar1_rgb,lidar1_depth",108928,435712,0,441072,5816320,0.46594200011895737,0.4697489999671234,0.025070999981835485,424,2.3392,10.0,0.00022613333333333335
openmarcie_printer,cpu,posthoc_vq,openmarcie_printer__all__qwen3_8b,qwen3_8b,all,edge,magnetometer_gateway,magnetometer,23618,94472,0,97929,327040,0.24594099977548467,0.28103199988436245,0.012720000086119398,212,2.1696,10.0,0.00011306666666666667
openmarcie_printer,cpu,posthoc_vq,openmarcie_printer__all__qwen3_8b,qwen3_8b,all,edge,rgbd_imu0,"rgbd_imu0_rgb,rgbd_imu0_depth",108928,435712,0,441072,5816320,0.45012200007477077,0.4617320000761538,0.02382000002398854,424,2.3392,10.0,0.00022613333333333335
openmarcie_printer,cpu,posthoc_vq,openmarcie_printer__all__qwen3_8b,qwen3_8b,all,edge,rgbd_imu1,"rgbd_imu1_rgb,rgbd_imu1_depth",108928,435712,0,441072,5816320,0.4599619996952242,0.46078190002845076,0.025460000415478135,424,2.3392,10.0,0.00022613333333333335
openmarcie_printer,cpu,posthoc_vq,openmarcie_printer__all__qwen3_8b,qwen3_8b,all,edge,room_rgbd0,"room_rgbd0_rgb,room_rgbd0_depth",108928,435712,0,441072,5816320,0.45767199981128215,0.4797040000994457,0.024219999886554433,424,2.3392,10.0,0.00022613333333333335
openmarcie_printer,cpu,posthoc_vq,openmarcie_printer__all__qwen3_8b,qwen3_8b,all,edge,room_rgbd1,"room_rgbd1_rgb,room_rgbd1_depth",108928,435712,0,441072,5816320,0.4533319997790386,0.46054100007495435,0.025240000013582176,424,2.3392,10.0,0.00022613333333333335
openmarcie_printer,cpu,posthoc_vq,openmarcie_printer__all__qwen3_8b,qwen3_8b,all,edge,temperature_gateway,temperature,23268,93072,0,96457,304896,0.23177100001703366,0.2482679999047832,0.013210999895818532,212,2.1696,10.0,0.00011306666666666667
openmarcie_printer,cpu,posthoc_vq,openmarcie_printer__all__qwen3_8b,qwen3_8b,all,core,core,,48184,192736,0,204654,126709952,2.3972300000423274,2.419379900311469,0.1768799997989845,,,,
openmarcie_printer,cpu,posthoc_vq,openmarcie_printer__all__qwen3_8b,qwen3_8b,all,core,core_language,,8207651840,16449136640,256,,10143753396608,5068.111889000193,5087.742419000142,19.565367000268452,,,,
openmarcie_printer,cpu,joint_vq,openmarcie_printer__all__qwen3_8b,qwen3_8b,all,edge,audio0,audio0,373974,1495896,0,1500854,22598784,0.39714100012133713,0.4230979002386448,0.012599999990925426,86,2.0688,10.0,4.5866666666666666e-05
openmarcie_printer,cpu,joint_vq,openmarcie_printer__all__qwen3_8b,qwen3_8b,all,edge,audio1,audio1,373974,1495896,0,1500854,22598784,0.37532199985435,0.39504100004705833,0.012380000043776818,86,2.0688,10.0,4.5866666666666666e-05
openmarcie_printer,cpu,joint_vq,openmarcie_printer__all__qwen3_8b,qwen3_8b,all,edge,barometer_gateway,barometer,25302,101208,0,106166,349312,0.27769100006480585,0.28505299997050315,0.01281000004382804,86,2.0688,10.0,4.5866666666666666e-05
openmarcie_printer,cpu,joint_vq,openmarcie_printer__all__qwen3_8b,qwen3_8b,all,edge,camera_imu_gateway,camera_imu,28668,114672,0,119542,562432,0.28379199966366286,0.28880410027340986,0.01277999990634271,86,2.0688,10.0,4.5866666666666666e-05
openmarcie_printer,cpu,joint_vq,openmarcie_printer__all__qwen3_8b,qwen3_8b,all,edge,imu_gateway,imu,28668,114672,0,119542,562432,0.2827910002451972,0.29026190022705123,0.012709999737126054,86,2.0688,10.0,4.5866666666666666e-05
openmarcie_printer,cpu,joint_vq,openmarcie_printer__all__qwen3_8b,qwen3_8b,all,edge,lidar0,"lidar0_rgb,lidar0_depth",113680,454720,0,463244,5948416,0.517482999839558,0.5311710999649222,0.02294000023539411,172,2.1376,10.0,9.173333333333333e-05
openmarcie_printer,cpu,joint_vq,openmarcie_printer__all__qwen3_8b,qwen3_8b,all,edge,lidar1,"lidar1_rgb,lidar1_depth",113680,454720,0,463244,5948416,0.5156120000719966,0.5357908999030769,0.023179999971034704,172,2.1376,10.0,9.173333333333333e-05
openmarcie_printer,cpu,joint_vq,openmarcie_printer__all__qwen3_8b,qwen3_8b,all,edge,magnetometer_gateway,magnetometer,25994,103976,0,108918,393088,0.2656709998518636,0.2842739999778132,0.012479999895731453,86,2.0688,10.0,4.5866666666666666e-05
openmarcie_printer,cpu,joint_vq,openmarcie_printer__all__qwen3_8b,qwen3_8b,all,edge,rgbd_imu0,"rgbd_imu0_rgb,rgbd_imu0_depth",113680,454720,0,463244,5948416,0.5147030001353414,0.5342680999092408,0.02320000021427404,172,2.1376,10.0,9.173333333333333e-05
openmarcie_printer,cpu,joint_vq,openmarcie_printer__all__qwen3_8b,qwen3_8b,all,edge,rgbd_imu1,"rgbd_imu1_rgb,rgbd_imu1_depth",113680,454720,0,463244,5948416,0.5279629999677127,0.5334791001587291,0.024541000129829627,172,2.1376,10.0,9.173333333333333e-05
openmarcie_printer,cpu,joint_vq,openmarcie_printer__all__qwen3_8b,qwen3_8b,all,edge,room_rgbd0,"room_rgbd0_rgb,room_rgbd0_depth",113680,454720,0,463244,5948416,0.5160020000403165,0.5380259000048682,0.02365000000281725,172,2.1376,10.0,9.173333333333333e-05
openmarcie_printer,cpu,joint_vq,openmarcie_printer__all__qwen3_8b,qwen3_8b,all,edge,room_rgbd1,"room_rgbd1_rgb,room_rgbd1_depth",113680,454720,0,463244,5948416,0.5200320001677028,0.53129190018808,0.023120000150811393,172,2.1376,10.0,9.173333333333333e-05
openmarcie_printer,cpu,joint_vq,openmarcie_printer__all__qwen3_8b,qwen3_8b,all,edge,temperature_gateway,temperature,25644,102576,0,107446,370944,0.26704100037022727,0.2815850000388309,0.01219000023411354,86,2.0688,10.0,4.5866666666666666e-05
openmarcie_printer,cpu,joint_vq,openmarcie_printer__all__qwen3_8b,qwen3_8b,all,core,core,,48184,192736,0,204654,13972160,0.9590839999873424,0.979109000218159,0.16766999988249154,,,,
openmarcie_printer,cpu,joint_vq,openmarcie_printer__all__qwen3_8b,qwen3_8b,all,core,core_language,,8207651840,16449136640,256,,3538012372352,3057.4444849999054,3061.60194590002,5.467025000143622,,,,
openmarcie_printer,cpu,deepconvlstm,openmarcie_printer__all__qwen3_8b,qwen3_8b,all,edge,audio0,audio0,0,0,0,0,0,0.0005099996087665204,0.000860999580254429,0.03834000017377548,390484,314.3872,10.0,0.20825813333333335
openmarcie_printer,cpu,deepconvlstm,openmarcie_printer__all__qwen3_8b,qwen3_8b,all,edge,audio1,audio1,0,0,0,0,0,0.0004399998942972161,0.0006289999419095693,0.03465000008873176,390484,314.3872,10.0,0.20825813333333335
openmarcie_printer,cpu,deepconvlstm,openmarcie_printer__all__qwen3_8b,qwen3_8b,all,edge,barometer_gateway,barometer,0,0,0,0,0,0.00041000021155923605,0.0005000000783184078,0.008311000328831142,404,2.3232,10.0,0.00021546666666666665
openmarcie_printer,cpu,deepconvlstm,openmarcie_printer__all__qwen3_8b,qwen3_8b,all,edge,camera_imu_gateway,camera_imu,0,0,0,0,0,0.0004599996827892028,0.0005229998350841925,0.011610000001383014,15444,14.3552,10.0,0.0082368
openmarcie_printer,cpu,deepconvlstm,openmarcie_printer__all__qwen3_8b,qwen3_8b,all,edge,imu_gateway,imu,0,0,0,0,0,0.0005100000635138713,0.0005639999017148511,0.010480000128154643,15444,14.3552,10.0,0.0082368
openmarcie_printer,cpu,deepconvlstm,openmarcie_printer__all__qwen3_8b,qwen3_8b,all,edge,lidar0,"lidar0_rgb,lidar0_depth",0,0,0,0,0,0.0007000003279244993,0.0007359999472100753,0.01852000013968791,25304,22.2432,10.0,0.013495466666666667
openmarcie_printer,cpu,deepconvlstm,openmarcie_printer__all__qwen3_8b,qwen3_8b,all,edge,lidar1,"lidar1_rgb,lidar1_depth",0,0,0,0,0,0.0005500000952451956,0.0007750001714157406,0.018589999854157213,25304,22.2432,10.0,0.013495466666666667
openmarcie_printer,cpu,deepconvlstm,openmarcie_printer__all__qwen3_8b,qwen3_8b,all,edge,magnetometer_gateway,magnetometer,0,0,0,0,0,0.0003800000740739051,0.0005869999313290464,0.008349999916390516,884,2.7072000000000003,10.0,0.00047146666666666667
openmarcie_printer,cpu,deepconvlstm,openmarcie_printer__all__qwen3_8b,qwen3_8b,all,edge,rgbd_imu0,"rgbd_imu0_rgb,rgbd_imu0_depth",0,0,0,0,0,0.0007100002221704926,0.0007190001269918866,0.01833000033002463,25304,22.2432,10.0,0.013495466666666667
openmarcie_printer,cpu,deepconvlstm,openmarcie_printer__all__qwen3_8b,qwen3_8b,all,edge,rgbd_imu1,"rgbd_imu1_rgb,rgbd_imu1_depth",0,0,0,0,0,0.0005699998837371822,0.0007319998076127376,0.01827000005505397,25304,22.2432,10.0,0.013495466666666667
openmarcie_printer,cpu,deepconvlstm,openmarcie_printer__all__qwen3_8b,qwen3_8b,all,edge,room_rgbd0,"room_rgbd0_rgb,room_rgbd0_depth",0,0,0,0,0,0.0005699998837371822,0.0007049996838759398,0.018560000171419233,25304,22.2432,10.0,0.013495466666666667
openmarcie_printer,cpu,deepconvlstm,openmarcie_printer__all__qwen3_8b,qwen3_8b,all,edge,room_rgbd1,"room_rgbd1_rgb,room_rgbd1_depth",0,0,0,0,0,0.0005599999894911889,0.0007310002274607541,0.018449999970471254,25304,22.2432,10.0,0.013495466666666667
openmarcie_printer,cpu,deepconvlstm,openmarcie_printer__all__qwen3_8b,qwen3_8b,all,edge,temperature_gateway,temperature,0,0,0,0,0,0.000440000349044567,0.0005300002158037387,0.008140000318235252,644,2.5152,10.0,0.00034346666666666665
openmarcie_printer,cpu,deepconvlstm,openmarcie_printer__all__qwen3_8b,qwen3_8b,all,core,core,,1239428,4957712,0,4986377,78923008,2.5109610000981775,2.5945808998130815,0.1623799998924369,,,,
openmarcie_printer,cpu,deepconvlstm,openmarcie_printer__all__qwen3_8b,qwen3_8b,all,core,core_language,,8207651840,16449136640,256,,1840428106112,2639.4097849997706,2640.3183115998218,1.9032879999940633,,,,
openmarcie_printer,cpu,unrestricted_bank,openmarcie_printer__all__qwen3_8b,qwen3_8b,all,edge,audio0,audio0,374582,1498328,0,1503539,22893696,0.3161820000059379,0.33750210004654946,0.012729999980365392,86,2.0688,10.0,4.5866666666666666e-05
openmarcie_printer,cpu,unrestricted_bank,openmarcie_printer__all__qwen3_8b,qwen3_8b,all,edge,audio1,audio1,374582,1498328,0,1503539,22893696,0.3074820001529588,0.3282620997651975,0.012510000033216784,86,2.0688,10.0,4.5866666666666666e-05
openmarcie_printer,cpu,unrestricted_bank,openmarcie_printer__all__qwen3_8b,qwen3_8b,all,edge,barometer_gateway,barometer,25910,103640,0,108851,644224,0.200591000066197,0.22291100017355348,0.01264000002265675,86,2.0688,10.0,4.5866666666666666e-05
openmarcie_printer,cpu,unrestricted_bank,openmarcie_printer__all__qwen3_8b,qwen3_8b,all,edge,camera_imu_gateway,camera_imu,29276,117104,0,122227,857344,0.21174099993004347,0.22465600004579755,0.016149999737535836,86,2.0688,10.0,4.5866666666666666e-05
openmarcie_printer,cpu,unrestricted_bank,openmarcie_printer__all__qwen3_8b,qwen3_8b,all,edge,imu_gateway,imu,29276,117104,0,122227,857344,0.2106909996655304,0.22225599973353383,0.012329999663052149,86,2.0688,10.0,4.5866666666666666e-05
openmarcie_printer,cpu,unrestricted_bank,openmarcie_printer__all__qwen3_8b,qwen3_8b,all,edge,lidar0,"lidar0_rgb,lidar0_depth",134352,537408,0,546691,6538240,0.4037219996462227,0.4208939997624839,0.024599999960628338,172,2.1376,10.0,9.173333333333333e-05
openmarcie_printer,cpu,unrestricted_bank,openmarcie_printer__all__qwen3_8b,qwen3_8b,all,edge,lidar1,"lidar1_rgb,lidar1_depth",134352,537408,0,546691,6538240,0.398671999846556,0.41549299999132927,0.022979999812378082,172,2.1376,10.0,9.173333333333333e-05
openmarcie_printer,cpu,unrestricted_bank,openmarcie_printer__all__qwen3_8b,qwen3_8b,all,edge,magnetometer_gateway,magnetometer,26602,106408,0,111603,688000,0.20685100025730208,0.21659800031557097,0.012460000107239466,86,2.0688,10.0,4.5866666666666666e-05
openmarcie_printer,cpu,unrestricted_bank,openmarcie_printer__all__qwen3_8b,qwen3_8b,all,edge,rgbd_imu0,"rgbd_imu0_rgb,rgbd_imu0_depth",134352,537408,0,546691,6538240,0.41347199976371485,0.41381399983038136,0.0229510001190647,172,2.1376,10.0,9.173333333333333e-05
openmarcie_printer,cpu,unrestricted_bank,openmarcie_printer__all__qwen3_8b,qwen3_8b,all,edge,rgbd_imu1,"rgbd_imu1_rgb,rgbd_imu1_depth",134352,537408,0,546691,6538240,0.4024919999210397,0.4249290000188921,0.023269999928743346,172,2.1376,10.0,9.173333333333333e-05
openmarcie_printer,cpu,unrestricted_bank,openmarcie_printer__all__qwen3_8b,qwen3_8b,all,edge,room_rgbd0,"room_rgbd0_rgb,room_rgbd0_depth",134352,537408,0,546691,6538240,0.412811999922269,0.4166450999036897,0.023439999949914636,172,2.1376,10.0,9.173333333333333e-05
openmarcie_printer,cpu,unrestricted_bank,openmarcie_printer__all__qwen3_8b,qwen3_8b,all,edge,room_rgbd1,"room_rgbd1_rgb,room_rgbd1_depth",134352,537408,0,546691,6538240,0.4054420001011749,0.4319020002185425,0.022850000277685467,172,2.1376,10.0,9.173333333333333e-05
openmarcie_printer,cpu,unrestricted_bank,openmarcie_printer__all__qwen3_8b,qwen3_8b,all,edge,temperature_gateway,temperature,26252,105008,0,110131,665856,0.21379100007834495,0.21529400014514977,0.012511000022641383,86,2.0688,10.0,4.5866666666666666e-05
openmarcie_printer,cpu,unrestricted_bank,openmarcie_printer__all__qwen3_8b,qwen3_8b,all,core,core,,48184,192736,0,204654,13972160,0.8044440000958275,0.8284380000986857,0.1684109997768246,,,,
openmarcie_printer,cpu,unrestricted_bank,openmarcie_printer__all__qwen3_8b,qwen3_8b,all,core,core_language,,8207651840,16449136640,256,,3538012372352,3057.4444849999054,3061.60194590002,5.504225000095175,,,,
openmarcie_printer,cpu,separate_banks,openmarcie_printer__all__qwen3_8b,qwen3_8b,all,edge,audio0,audio0,355574,1422296,0,1427507,22598784,0.32482200003869366,0.3376460998879338,0.01250000013897079,86,2.0688,10.0,4.5866666666666666e-05
openmarcie_printer,cpu,separate_banks,openmarcie_printer__all__qwen3_8b,qwen3_8b,all,edge,audio1,audio1,355574,1422296,0,1427507,22598784,0.30119100028969115,0.31883189994914574,0.012870000318798702,86,2.0688,10.0,4.5866666666666666e-05
openmarcie_printer,cpu,separate_banks,openmarcie_printer__all__qwen3_8b,qwen3_8b,all,edge,barometer_gateway,barometer,6902,27608,0,32819,349312,0.1976809999177931,0.21379100021476916,0.012489999789977446,86,2.0688,10.0,4.5866666666666666e-05
openmarcie_printer,cpu,separate_banks,openmarcie_printer__all__qwen3_8b,qwen3_8b,all,edge,camera_imu_gateway,camera_imu,10268,41072,0,46195,562432,0.20448099985515,0.21859299999960058,0.012420000075508142,86,2.0688,10.0,4.5866666666666666e-05
openmarcie_printer,cpu,separate_banks,openmarcie_printer__all__qwen3_8b,qwen3_8b,all,edge,imu_gateway,imu,10268,41072,0,46195,562432,0.2100010001413466,0.21834400031366386,0.012200000128359534,86,2.0688,10.0,4.5866666666666666e-05
openmarcie_printer,cpu,separate_banks,openmarcie_printer__all__qwen3_8b,qwen3_8b,all,edge,lidar0,"lidar0_rgb,lidar0_depth",96336,385344,0,394627,5948416,0.40145200000551995,0.40540299996791873,0.022790000002714805,172,2.1376,10.0,9.173333333333333e-05
openmarcie_printer,cpu,separate_banks,openmarcie_printer__all__qwen3_8b,qwen3_8b,all,edge,lidar1,"lidar1_rgb,lidar1_depth",96336,385344,0,394627,5948416,0.39886199965621927,0.41475509979136405,0.023239999791258015,172,2.1376,10.0,9.173333333333333e-05
openmarcie_printer,cpu,separate_banks,openmarcie_printer__all__qwen3_8b,qwen3_8b,all,edge,magnetometer_gateway,magnetometer,7594,30376,0,35571,393088,0.20085100004507694,0.22073199975238822,0.012040000001434237,86,2.0688,10.0,4.5866666666666666e-05
openmarcie_printer,cpu,separate_banks,openmarcie_printer__all__qwen3_8b,qwen3_8b,all,edge,rgbd_imu0,"rgbd_imu0_rgb,rgbd_imu0_depth",96336,385344,0,394627,5948416,0.3949420001845283,0.41991700004473387,0.022820000140200136,172,2.1376,10.0,9.173333333333333e-05
openmarcie_printer,cpu,separate_banks,openmarcie_printer__all__qwen3_8b,qwen3_8b,all,edge,rgbd_imu1,"rgbd_imu1_rgb,rgbd_imu1_depth",96336,385344,0,394627,5948416,0.40051199994195485,0.4095479997431539,0.023009999949863413,172,2.1376,10.0,9.173333333333333e-05
openmarcie_printer,cpu,separate_banks,openmarcie_printer__all__qwen3_8b,qwen3_8b,all,edge,room_rgbd0,"room_rgbd0_rgb,room_rgbd0_depth",96336,385344,0,394627,5948416,0.39879199994174996,0.4173769998487842,0.024031000066315755,172,2.1376,10.0,9.173333333333333e-05
openmarcie_printer,cpu,separate_banks,openmarcie_printer__all__qwen3_8b,qwen3_8b,all,edge,room_rgbd1,"room_rgbd1_rgb,room_rgbd1_depth",96336,385344,0,394627,5948416,0.4011519999949087,0.415642000234584,0.02333999964321265,172,2.1376,10.0,9.173333333333333e-05
openmarcie_printer,cpu,separate_banks,openmarcie_printer__all__qwen3_8b,qwen3_8b,all,edge,temperature_gateway,temperature,7244,28976,0,34099,370944,0.19841099992845557,0.22017300020706898,0.012149999747634865,86,2.0688,10.0,4.5866666666666666e-05
openmarcie_printer,cpu,separate_banks,openmarcie_printer__all__qwen3_8b,qwen3_8b,all,core,core,,48184,192736,0,209912,13972160,0.9762550002960779,1.0063591003472538,0.1650909998716088,,,,
openmarcie_printer,cpu,separate_banks,openmarcie_printer__all__qwen3_8b,qwen3_8b,all,core,core_language,,8207651840,16449136640,256,,3538012372352,3057.4444849999054,3061.60194590002,5.489174000103958,,,,
openmarcie_printer,cpu,fixed_resampling,openmarcie_printer__all__qwen3_8b,qwen3_8b,all,edge,audio0,audio0,355574,1422296,0,1427507,5591552,0.18393099981039995,0.20525199984149367,0.012869999864051351,86,2.0688,10.0,4.5866666666666666e-05
openmarcie_printer,cpu,fixed_resampling,openmarcie_printer__all__qwen3_8b,qwen3_8b,all,edge,audio1,audio1,355574,1422296,0,1427507,5591552,0.174710999999661,0.18140699999094068,0.01567999970575329,86,2.0688,10.0,4.5866666666666666e-05
openmarcie_printer,cpu,fixed_resampling,openmarcie_printer__all__qwen3_8b,qwen3_8b,all,edge,barometer_gateway,barometer,6902,27608,0,32819,348672,0.13068999987808638,0.1439838996702747,0.012909999895782676,86,2.0688,10.0,4.5866666666666666e-05
openmarcie_printer,cpu,fixed_resampling,openmarcie_printer__all__qwen3_8b,qwen3_8b,all,edge,camera_imu_gateway,camera_imu,10268,41072,0,46195,532992,0.1414199996361276,0.15609089959980338,0.012449999758246122,86,2.0688,10.0,4.5866666666666666e-05
openmarcie_printer,cpu,fixed_resampling,openmarcie_printer__all__qwen3_8b,qwen3_8b,all,edge,imu_gateway,imu,10268,41072,0,46195,532992,0.13683099996342207,0.14823400010754995,0.012541000160126714,86,2.0688,10.0,4.5866666666666666e-05
openmarcie_printer,cpu,fixed_resampling,openmarcie_printer__all__qwen3_8b,qwen3_8b,all,edge,lidar0,"lidar0_rgb,lidar0_depth",96336,385344,0,394627,3277824,0.25755100023161503,0.2779810002721206,0.023120000150811393,172,2.1376,10.0,9.173333333333333e-05
openmarcie_printer,cpu,fixed_resampling,openmarcie_printer__all__qwen3_8b,qwen3_8b,all,edge,lidar1,"lidar1_rgb,lidar1_depth",96336,385344,0,394627,3277824,0.2677410002434044,0.2718009002819599,0.023600000076839933,172,2.1376,10.0,9.173333333333333e-05
openmarcie_printer,cpu,fixed_resampling,openmarcie_printer__all__qwen3_8b,qwen3_8b,all,edge,magnetometer_gateway,magnetometer,7594,30376,0,35571,389632,0.13893000004827627,0.14426789966819342,0.012450000212993473,86,2.0688,10.0,4.5866666666666666e-05
openmarcie_printer,cpu,fixed_resampling,openmarcie_printer__all__qwen3_8b,qwen3_8b,all,edge,rgbd_imu0,"rgbd_imu0_rgb,rgbd_imu0_depth",96336,385344,0,394627,3277824,0.2553510003053816,0.26886090026891907,0.0237300000662799,172,2.1376,10.0,9.173333333333333e-05
openmarcie_printer,cpu,fixed_resampling,openmarcie_printer__all__qwen3_8b,qwen3_8b,all,edge,rgbd_imu1,"rgbd_imu1_rgb,rgbd_imu1_depth",96336,385344,0,394627,3277824,0.2559909999035881,0.27202899973417516,0.023269999928743346,172,2.1376,10.0,9.173333333333333e-05
openmarcie_printer,cpu,fixed_resampling,openmarcie_printer__all__qwen3_8b,qwen3_8b,all,edge,room_rgbd0,"room_rgbd0_rgb,room_rgbd0_depth",96336,385344,0,394627,3277824,0.2656609999576176,0.2780269997401774,0.02300000005561742,172,2.1376,10.0,9.173333333333333e-05
openmarcie_printer,cpu,fixed_resampling,openmarcie_printer__all__qwen3_8b,qwen3_8b,all,edge,room_rgbd1,"room_rgbd1_rgb,room_rgbd1_depth",96336,385344,0,394627,3277824,0.26132099992537405,0.2715449998504482,0.023269999928743346,172,2.1376,10.0,9.173333333333333e-05
openmarcie_printer,cpu,fixed_resampling,openmarcie_printer__all__qwen3_8b,qwen3_8b,all,edge,temperature_gateway,temperature,7244,28976,0,34099,369152,0.1307599995925557,0.14352290008901036,0.012230000265844865,86,2.0688,10.0,4.5866666666666666e-05
openmarcie_printer,cpu,fixed_resampling,openmarcie_printer__all__qwen3_8b,qwen3_8b,all,core,core,,48184,192736,0,204654,13972160,0.9483839999120391,0.9776520002105826,0.1689509999778238,,,,
openmarcie_printer,cpu,fixed_resampling,openmarcie_printer__all__qwen3_8b,qwen3_8b,all,core,core_language,,8207651840,16449136640,256,,3538012372352,3057.4444849999054,3061.60194590002,5.516583999906288,,,,
openmarcie_printer,cpu,finetune_encoders,openmarcie_printer__all__qwen3_8b,qwen3_8b,all,edge,audio0,audio0,355574,1422296,0,1427507,22598784,0.3169609999531531,0.3442408999944746,0.012519999927462777,86,2.0688,10.0,4.5866666666666666e-05
openmarcie_printer,cpu,finetune_encoders,openmarcie_printer__all__qwen3_8b,qwen3_8b,all,edge,audio1,audio1,355574,1422296,0,1427507,22598784,0.3105210003013781,0.3210878998743283,0.012510000033216784,86,2.0688,10.0,4.5866666666666666e-05
openmarcie_printer,cpu,finetune_encoders,openmarcie_printer__all__qwen3_8b,qwen3_8b,all,edge,barometer_gateway,barometer,6902,27608,0,32819,349312,0.1991309995901247,0.21346800022001844,0.012770000012096716,86,2.0688,10.0,4.5866666666666666e-05
openmarcie_printer,cpu,finetune_encoders,openmarcie_printer__all__qwen3_8b,qwen3_8b,all,edge,camera_imu_gateway,camera_imu,10268,41072,0,46195,562432,0.21128099979250692,0.22041599977455917,0.012389999938022811,86,2.0688,10.0,4.5866666666666666e-05
openmarcie_printer,cpu,finetune_encoders,openmarcie_printer__all__qwen3_8b,qwen3_8b,all,edge,imu_gateway,imu,10268,41072,0,46195,562432,0.20943099980286206,0.22846599986223737,0.012299999980314169,86,2.0688,10.0,4.5866666666666666e-05
openmarcie_printer,cpu,finetune_encoders,openmarcie_printer__all__qwen3_8b,qwen3_8b,all,edge,lidar0,"lidar0_rgb,lidar0_depth",96336,385344,0,394627,5948416,0.3971209998780978,0.41956789987125376,0.023009999949863413,172,2.1376,10.0,9.173333333333333e-05
openmarcie_printer,cpu,finetune_encoders,openmarcie_printer__all__qwen3_8b,qwen3_8b,all,edge,lidar1,"lidar1_rgb,lidar1_depth",96336,385344,0,394627,5948416,0.40421199992124457,0.41100700009337743,0.02280000035170815,172,2.1376,10.0,9.173333333333333e-05
openmarcie_printer,cpu,finetune_encoders,openmarcie_printer__all__qwen3_8b,qwen3_8b,all,edge,magnetometer_gateway,magnetometer,7594,30376,0,35571,393088,0.19743099983315915,0.21175899973968626,0.012371000138955424,86,2.0688,10.0,4.5866666666666666e-05
openmarcie_printer,cpu,finetune_encoders,openmarcie_printer__all__qwen3_8b,qwen3_8b,all,edge,rgbd_imu0,"rgbd_imu0_rgb,rgbd_imu0_depth",96336,385344,0,394627,5948416,0.3994220001004578,0.409852099892305,0.02244000006612623,172,2.1376,10.0,9.173333333333333e-05
openmarcie_printer,cpu,finetune_encoders,openmarcie_printer__all__qwen3_8b,qwen3_8b,all,edge,rgbd_imu1,"rgbd_imu1_rgb,rgbd_imu1_depth",96336,385344,0,394627,5948416,0.4005120003967022,0.40943009980765055,0.0230299997383554,172,2.1376,10.0,9.173333333333333e-05
openmarcie_printer,cpu,finetune_encoders,openmarcie_printer__all__qwen3_8b,qwen3_8b,all,edge,room_rgbd0,"room_rgbd0_rgb,room_rgbd0_depth",96336,385344,0,394627,5948416,0.39829100023780484,0.42355489990768547,0.023379999674943974,172,2.1376,10.0,9.173333333333333e-05
openmarcie_printer,cpu,finetune_encoders,openmarcie_printer__all__qwen3_8b,qwen3_8b,all,edge,room_rgbd1,"room_rgbd1_rgb,room_rgbd1_depth",96336,385344,0,394627,5948416,0.3994419998889498,0.4087119996711408,0.022599999738304177,172,2.1376,10.0,9.173333333333333e-05
openmarcie_printer,cpu,finetune_encoders,openmarcie_printer__all__qwen3_8b,qwen3_8b,all,edge,temperature_gateway,temperature,7244,28976,0,34099,370944,0.19629100006568478,0.21150100005797867,0.012100999811082147,86,2.0688,10.0,4.5866666666666666e-05
openmarcie_printer,cpu,finetune_encoders,openmarcie_printer__all__qwen3_8b,qwen3_8b,all,core,core,,48184,192736,0,204654,13972160,0.9414440000909963,0.9723859998757689,0.16874100037966855,,,,
openmarcie_printer,cpu,finetune_encoders,openmarcie_printer__all__qwen3_8b,qwen3_8b,all,core,core_language,,8207651840,16449136640,256,,3538012372352,3057.4444849999054,3061.60194590002,5.484214000262,,,,
openmarcie_printer,cpu,no_alignment,openmarcie_printer__all__qwen3_8b,qwen3_8b,all,edge,audio0,audio0,355574,1422296,0,1427507,22598784,0.31313100043917075,0.3357480002705415,0.013100000160193304,86,2.0688,10.0,4.5866666666666666e-05
openmarcie_printer,cpu,no_alignment,openmarcie_printer__all__qwen3_8b,qwen3_8b,all,edge,audio1,audio1,355574,1422296,0,1427507,22598784,0.31276200024876744,0.34018410001408483,0.012510000033216784,86,2.0688,10.0,4.5866666666666666e-05
openmarcie_printer,cpu,no_alignment,openmarcie_printer__all__qwen3_8b,qwen3_8b,all,edge,barometer_gateway,barometer,6902,27608,0,32819,349312,0.1981209998120903,0.22164699985296465,0.012689999948634068,86,2.0688,10.0,4.5866666666666666e-05
openmarcie_printer,cpu,no_alignment,openmarcie_printer__all__qwen3_8b,qwen3_8b,all,edge,camera_imu_gateway,camera_imu,10268,41072,0,46195,562432,0.20863100007773028,0.22118600031717506,0.012480000350478804,86,2.0688,10.0,4.5866666666666666e-05
openmarcie_printer,cpu,no_alignment,openmarcie_printer__all__qwen3_8b,qwen3_8b,all,edge,imu_gateway,imu,10268,41072,0,46195,562432,0.20763100019394187,0.22103200008132262,0.01261000033991877,86,2.0688,10.0,4.5866666666666666e-05
openmarcie_printer,cpu,no_alignment,openmarcie_printer__all__qwen3_8b,qwen3_8b,all,edge,lidar0,"lidar0_rgb,lidar0_depth",96336,385344,0,394627,5948416,0.4056220000165922,0.4094370997790975,0.02320000021427404,172,2.1376,10.0,9.173333333333333e-05
openmarcie_printer,cpu,no_alignment,openmarcie_printer__all__qwen3_8b,qwen3_8b,all,edge,lidar1,"lidar1_rgb,lidar1_depth",96336,385344,0,394627,5948416,0.39347100027953275,0.4154858999299904,0.023239999791258015,172,2.1376,10.0,9.173333333333333e-05
openmarcie_printer,cpu,no_alignment,openmarcie_printer__all__qwen3_8b,qwen3_8b,all,edge,magnetometer_gateway,magnetometer,7594,30376,0,35571,393088,0.19912100015062606,0.21893000021009357,0.012580999737110687,86,2.0688,10.0,4.5866666666666666e-05
openmarcie_printer,cpu,no_alignment,openmarcie_printer__all__qwen3_8b,qwen3_8b,all,edge,rgbd_imu0,"rgbd_imu0_rgb,rgbd_imu0_depth",96336,385344,0,394627,5948416,0.39918199991006986,0.41910799996003334,0.022741000066162087,172,2.1376,10.0,9.173333333333333e-05
openmarcie_printer,cpu,no_alignment,openmarcie_printer__all__qwen3_8b,qwen3_8b,all,edge,rgbd_imu1,"rgbd_imu1_rgb,rgbd_imu1_depth",96336,385344,0,394627,5948416,0.39790200025890954,0.4120769997371099,0.02277999965372146,172,2.1376,10.0,9.173333333333333e-05
openmarcie_printer,cpu,no_alignment,openmarcie_printer__all__qwen3_8b,qwen3_8b,all,edge,room_rgbd0,"room_rgbd0_rgb,room_rgbd0_depth",96336,385344,0,394627,5948416,0.40577199979452416,0.4084000002421817,0.023260000034497352,172,2.1376,10.0,9.173333333333333e-05
openmarcie_printer,cpu,no_alignment,openmarcie_printer__all__qwen3_8b,qwen3_8b,all,edge,room_rgbd1,"room_rgbd1_rgb,room_rgbd1_depth",96336,385344,0,394627,5948416,0.39742199987813365,0.4198319998522493,0.023290000171982683,172,2.1376,10.0,9.173333333333333e-05
openmarcie_printer,cpu,no_alignment,openmarcie_printer__all__qwen3_8b,qwen3_8b,all,edge,temperature_gateway,temperature,7244,28976,0,34099,370944,0.2013110001826135,0.21582800013675296,0.012460000107239466,86,2.0688,10.0,4.5866666666666666e-05
openmarcie_printer,cpu,no_alignment,openmarcie_printer__all__qwen3_8b,qwen3_8b,all,core,core,,48184,192736,0,204654,13972160,0.9444040001653775,0.9731499998451909,0.16468100011479692,,,,
openmarcie_printer,cpu,no_alignment,openmarcie_printer__all__qwen3_8b,qwen3_8b,all,core,core_language,,8207651840,16449136640,256,,3538012372352,3057.4444849999054,3061.60194590002,5.541644999993878,,,,
openmarcie_printer,cpu,no_usage,openmarcie_printer__all__qwen3_8b,qwen3_8b,all,edge,audio0,audio0,355574,1422296,0,1427507,22598784,0.3163410001434386,0.33865289992718317,0.0125609999486187,86,2.0688,10.0,4.5866666666666666e-05
openmarcie_printer,cpu,no_usage,openmarcie_printer__all__qwen3_8b,qwen3_8b,all,edge,audio1,audio1,355574,1422296,0,1427507,22598784,0.30687099979331833,0.3263920000335929,0.012909999895782676,86,2.0688,10.0,4.5866666666666666e-05
openmarcie_printer,cpu,no_usage,openmarcie_printer__all__qwen3_8b,qwen3_8b,all,edge,barometer_gateway,barometer,6902,27608,0,32819,349312,0.21017099970777053,0.21406799983196834,0.012600000445672777,86,2.0688,10.0,4.5866666666666666e-05
openmarcie_printer,cpu,no_usage,openmarcie_printer__all__qwen3_8b,qwen3_8b,all,edge,camera_imu_gateway,camera_imu,10268,41072,0,46195,562432,0.2082210003209184,0.22508700039907126,0.012580000202433439,86,2.0688,10.0,4.5866666666666666e-05
openmarcie_printer,cpu,no_usage,openmarcie_printer__all__qwen3_8b,qwen3_8b,all,edge,imu_gateway,imu,10268,41072,0,46195,562432,0.20584100002452033,0.22067300033086212,0.012540000170702115,86,2.0688,10.0,4.5866666666666666e-05
openmarcie_printer,cpu,no_usage,openmarcie_printer__all__qwen3_8b,qwen3_8b,all,edge,lidar0,"lidar0_rgb,lidar0_depth",96336,385344,0,394627,5948416,0.40365200038650073,0.4107079998448171,0.02325999957975,172,2.1376,10.0,9.173333333333333e-05
openmarcie_printer,cpu,no_usage,openmarcie_printer__all__qwen3_8b,qwen3_8b,all,edge,lidar1,"lidar1_rgb,lidar1_depth",96336,385344,0,394627,5948416,0.40011200007938896,0.42246709981554886,0.023099999907572055,172,2.1376,10.0,9.173333333333333e-05
openmarcie_printer,cpu,no_usage,openmarcie_printer__all__qwen3_8b,qwen3_8b,all,edge,magnetometer_gateway,magnetometer,7594,30376,0,35571,393088,0.20902100004605018,0.21256699978948745,0.012259999948582845,86,2.0688,10.0,4.5866666666666666e-05
openmarcie_printer,cpu,no_usage,openmarcie_printer__all__qwen3_8b,qwen3_8b,all,edge,rgbd_imu0,"rgbd_imu0_rgb,rgbd_imu0_depth",96336,385344,0,394627,5948416,0.3956219998144661,0.41811300015979214,0.02448999975968036,172,2.1376,10.0,9.173333333333333e-05
openmarcie_printer,cpu,no_usage,openmarcie_printer__all__qwen3_8b,qwen3_8b,all,edge,rgbd_imu1,"rgbd_imu1_rgb,rgbd_imu1_depth",96336,385344,0,394627,5948416,0.398652000058064,0.41467199966973567,0.023081000108504668,172,2.1376,10.0,9.173333333333333e-05
openmarcie_printer,cpu,no_usage,openmarcie_printer__all__qwen3_8b,qwen3_8b,all,edge,room_rgbd0,"room_rgbd0_rgb,room_rgbd0_depth",96336,385344,0,394627,5948416,0.40804099990054965,0.41241589988203486,0.022980000267125433,172,2.1376,10.0,9.173333333333333e-05
openmarcie_printer,cpu,no_usage,openmarcie_printer__all__qwen3_8b,qwen3_8b,all,edge,room_rgbd1,"room_rgbd1_rgb,room_rgbd1_depth",96336,385344,0,394627,5948416,0.39408100019500125,0.4170049000549625,0.02300000005561742,172,2.1376,10.0,9.173333333333333e-05
openmarcie_printer,cpu,no_usage,openmarcie_printer__all__qwen3_8b,qwen3_8b,all,edge,temperature_gateway,temperature,7244,28976,0,34099,370944,0.196730999959982,0.2114549997713766,0.015469999652850674,86,2.0688,10.0,4.5866666666666666e-05
openmarcie_printer,cpu,no_usage,openmarcie_printer__all__qwen3_8b,qwen3_8b,all,core,core,,48184,192736,0,204654,13972160,0.9518940000816656,0.977193900189377,0.16762099994593882,,,,
openmarcie_printer,cpu,no_usage,openmarcie_printer__all__qwen3_8b,qwen3_8b,all,core,core_language,,8207651840,16449136640,256,,3538012372352,3057.4444849999054,3061.60194590002,6.3271280000662955,,,,
openmarcie_printer,cpu,tcn,openmarcie_printer__all__qwen3_8b,qwen3_8b,all,edge,audio0,audio0,0,0,0,0,0,0.0005599999894911889,0.0008839998372422997,0.032529999771213625,390484,314.3872,10.0,0.20825813333333335
openmarcie_printer,cpu,tcn,openmarcie_printer__all__qwen3_8b,qwen3_8b,all,edge,audio1,audio1,0,0,0,0,0,0.0005100000635138713,0.0006090002443670528,0.03212999990864773,390484,314.3872,10.0,0.20825813333333335
openmarcie_printer,cpu,tcn,openmarcie_printer__all__qwen3_8b,qwen3_8b,all,edge,barometer_gateway,barometer,0,0,0,0,0,0.00041000021155923605,0.0006170000688143773,0.008429999979853164,404,2.3232,10.0,0.00021546666666666665
openmarcie_printer,cpu,tcn,openmarcie_printer__all__qwen3_8b,qwen3_8b,all,edge,camera_imu_gateway,camera_imu,0,0,0,0,0,0.0004200001058052294,0.0005189998773857951,0.010570000085863285,15444,14.3552,10.0,0.0082368
openmarcie_printer,cpu,tcn,openmarcie_printer__all__qwen3_8b,qwen3_8b,all,edge,imu_gateway,imu,0,0,0,0,0,0.0004500002432905603,0.0006930001291038934,0.01047000023390865,15444,14.3552,10.0,0.0082368
openmarcie_printer,cpu,tcn,openmarcie_printer__all__qwen3_8b,qwen3_8b,all,edge,lidar0,"lidar0_rgb,lidar0_depth",0,0,0,0,0,0.0005399997462518513,0.0007109999842214165,0.0183000001925393,25304,22.2432,10.0,0.013495466666666667
openmarcie_printer,cpu,tcn,openmarcie_printer__all__qwen3_8b,qwen3_8b,all,edge,lidar1,"lidar1_rgb,lidar1_depth",0,0,0,0,0,0.0006000000212225132,0.0007530000402766746,0.01827000005505397,25304,22.2432,10.0,0.013495466666666667
openmarcie_printer,cpu,tcn,openmarcie_printer__all__qwen3_8b,qwen3_8b,all,edge,magnetometer_gateway,magnetometer,0,0,0,0,0,0.00047999992602854036,0.0005249998594081262,0.008179999895219225,884,2.7072000000000003,10.0,0.00047146666666666667
openmarcie_printer,cpu,tcn,openmarcie_printer__all__qwen3_8b,qwen3_8b,all,edge,rgbd_imu0,"rgbd_imu0_rgb,rgbd_imu0_depth",0,0,0,0,0,0.0005400002009992022,0.0006389999725797679,0.01805100009732996,25304,22.2432,10.0,0.013495466666666667
openmarcie_printer,cpu,tcn,openmarcie_printer__all__qwen3_8b,qwen3_8b,all,edge,rgbd_imu1,"rgbd_imu1_rgb,rgbd_imu1_depth",0,0,0,0,0,0.0005699998837371822,0.000659999750496354,0.017859999843494734,25304,22.2432,10.0,0.013495466666666667
openmarcie_printer,cpu,tcn,openmarcie_printer__all__qwen3_8b,qwen3_8b,all,edge,room_rgbd0,"room_rgbd0_rgb,room_rgbd0_depth",0,0,0,0,0,0.0005000001692678779,0.0005810001312056556,0.017869999737740727,25304,22.2432,10.0,0.013495466666666667
openmarcie_printer,cpu,tcn,openmarcie_printer__all__qwen3_8b,qwen3_8b,all,edge,room_rgbd1,"room_rgbd1_rgb,room_rgbd1_depth",0,0,0,0,0,0.0005199999577598646,0.0006100002337916521,0.018010000076174038,25304,22.2432,10.0,0.013495466666666667
openmarcie_printer,cpu,tcn,openmarcie_printer__all__qwen3_8b,qwen3_8b,all,edge,temperature_gateway,temperature,0,0,0,0,0,0.0004500002432905603,0.0005399997007771162,0.007989999630808597,644,2.5152,10.0,0.00034346666666666665
openmarcie_printer,cpu,tcn,openmarcie_printer__all__qwen3_8b,qwen3_8b,all,core,core,,886480,3545920,0,3576189,56312256,2.420821000214346,2.4699520000012853,0.15992999988156953,,,,
openmarcie_printer,cpu,tcn,openmarcie_printer__all__qwen3_8b,qwen3_8b,all,core,core_language,,8207651840,16449136640,256,,1840428106112,2639.4097849997706,2640.3183115998218,1.9287390000499727,,,,
openmarcie_printer,cpu,ts_transformer,openmarcie_printer__all__qwen3_8b,qwen3_8b,all,edge,audio0,audio0,0,0,0,0,0,0.000529999852005858,0.0009169998520519584,0.03429000025789719,390484,314.3872,10.0,0.20825813333333335
openmarcie_printer,cpu,ts_transformer,openmarcie_printer__all__qwen3_8b,qwen3_8b,all,edge,audio1,audio1,0,0,0,0,0,0.00047999992602854036,0.0006240000402613077,0.034919999961857684,390484,314.3872,10.0,0.20825813333333335
openmarcie_printer,cpu,ts_transformer,openmarcie_printer__all__qwen3_8b,qwen3_8b,all,edge,barometer_gateway,barometer,0,0,0,0,0,0.000440000349044567,0.0005480000254465267,0.008510000043315813,404,2.3232,10.0,0.00021546666666666665
openmarcie_printer,cpu,ts_transformer,openmarcie_printer__all__qwen3_8b,qwen3_8b,all,edge,camera_imu_gateway,camera_imu,0,0,0,0,0,0.0004599996827892028,0.0005410000539995963,0.011640000138868345,15444,14.3552,10.0,0.0082368
openmarcie_printer,cpu,ts_transformer,openmarcie_printer__all__qwen3_8b,qwen3_8b,all,edge,imu_gateway,imu,0,0,0,0,0,0.0004500002432905603,0.0005670002337865299,0.011359999916749075,15444,14.3552,10.0,0.0082368
openmarcie_printer,cpu,ts_transformer,openmarcie_printer__all__qwen3_8b,qwen3_8b,all,edge,lidar0,"lidar0_rgb,lidar0_depth",0,0,0,0,0,0.0005699998837371822,0.0006959997790545458,0.01821000023483066,25304,22.2432,10.0,0.013495466666666667
openmarcie_printer,cpu,ts_transformer,openmarcie_printer__all__qwen3_8b,qwen3_8b,all,edge,lidar1,"lidar1_rgb,lidar1_depth",0,0,0,0,0,0.0005500000952451956,0.0006219997430889634,0.017919999663718045,25304,22.2432,10.0,0.013495466666666667
openmarcie_printer,cpu,ts_transformer,openmarcie_printer__all__qwen3_8b,qwen3_8b,all,edge,magnetometer_gateway,magnetometer,0,0,0,0,0,0.0004399998942972161,0.00048499982767680194,0.00810999972600257,884,2.7072000000000003,10.0,0.00047146666666666667
openmarcie_printer,cpu,ts_transformer,openmarcie_printer__all__qwen3_8b,qwen3_8b,all,edge,rgbd_imu0,"rgbd_imu0_rgb,rgbd_imu0_depth",0,0,0,0,0,0.0006199998097144999,0.0007370002094830852,0.017899999875226058,25304,22.2432,10.0,0.013495466666666667
openmarcie_printer,cpu,ts_transformer,openmarcie_printer__all__qwen3_8b,qwen3_8b,all,edge,rgbd_imu1,"rgbd_imu1_rgb,rgbd_imu1_depth",0,0,0,0,0,0.0006000000212225132,0.000636000049780705,0.017910000224219402,25304,22.2432,10.0,0.013495466666666667
openmarcie_printer,cpu,ts_transformer,openmarcie_printer__all__qwen3_8b,qwen3_8b,all,edge,room_rgbd0,"room_rgbd0_rgb,room_rgbd0_depth",0,0,0,0,0,0.0005500000952451956,0.0006849998953839531,0.017999999727180693,25304,22.2432,10.0,0.013495466666666667
openmarcie_printer,cpu,ts_transformer,openmarcie_printer__all__qwen3_8b,qwen3_8b,all,edge,room_rgbd1,"room_rgbd1_rgb,room_rgbd1_depth",0,0,0,0,0,0.0005199999577598646,0.0006280000434344402,0.018110000382876024,25304,22.2432,10.0,0.013495466666666667
openmarcie_printer,cpu,ts_transformer,openmarcie_printer__all__qwen3_8b,qwen3_8b,all,edge,temperature_gateway,temperature,0,0,0,0,0,0.00047999992602854036,0.0004889998308499344,0.008139999863487901,644,2.5152,10.0,0.00034346666666666665
openmarcie_printer,cpu,ts_transformer,openmarcie_printer__all__qwen3_8b,qwen3_8b,all,core,core,,899344,3597376,0,3631267,57360832,2.444831000047998,2.485798999805411,0.16035099997679936,,,,
openmarcie_printer,cpu,ts_transformer,openmarcie_printer__all__qwen3_8b,qwen3_8b,all,core,core_language,,8207651840,16449136640,256,,1840428106112,2639.4097849997706,2640.3183115998218,1.9269790000180365,,,,
openmarcie_printer,cpu,patchtst,openmarcie_printer__all__qwen3_8b,qwen3_8b,all,edge,audio0,audio0,0,0,0,0,0,0.000470000031782547,0.0008120000984490616,0.03276999996160157,390484,314.3872,10.0,0.20825813333333335
openmarcie_printer,cpu,patchtst,openmarcie_printer__all__qwen3_8b,qwen3_8b,all,edge,audio1,audio1,0,0,0,0,0,0.00046000013753655367,0.0007390000519080786,0.02801000027830014,390484,314.3872,10.0,0.20825813333333335
openmarcie_printer,cpu,patchtst,openmarcie_printer__all__qwen3_8b,qwen3_8b,all,edge,barometer_gateway,barometer,0,0,0,0,0,0.00046000013753655367,0.000613000156590715,0.008179999895219225,404,2.3232,10.0,0.00021546666666666665
openmarcie_printer,cpu,patchtst,openmarcie_printer__all__qwen3_8b,qwen3_8b,all,edge,camera_imu_gateway,camera_imu,0,0,0,0,0,0.0003999998625658918,0.0004899997293250635,0.010739999652287224,15444,14.3552,10.0,0.0082368
openmarcie_printer,cpu,patchtst,openmarcie_printer__all__qwen3_8b,qwen3_8b,all,edge,imu_gateway,imu,0,0,0,0,0,0.00043000000005122274,0.0004839998382522026,0.010369999927206663,15444,14.3552,10.0,0.0082368
openmarcie_printer,cpu,patchtst,openmarcie_printer__all__qwen3_8b,qwen3_8b,all,edge,lidar0,"lidar0_rgb,lidar0_depth",0,0,0,0,0,0.0005100000635138713,0.000599999930273043,0.018220000129076652,25304,22.2432,10.0,0.013495466666666667
openmarcie_printer,cpu,patchtst,openmarcie_printer__all__qwen3_8b,qwen3_8b,all,edge,lidar1,"lidar1_rgb,lidar1_depth",0,0,0,0,0,0.0005609999789157882,0.0006321000455500325,0.017689999822323443,25304,22.2432,10.0,0.013495466666666667
openmarcie_printer,cpu,patchtst,openmarcie_printer__all__qwen3_8b,qwen3_8b,all,edge,magnetometer_gateway,magnetometer,0,0,0,0,0,0.00041000021155923605,0.0005360001068765996,0.007999999979801942,884,2.7072000000000003,10.0,0.00047146666666666667
openmarcie_printer,cpu,patchtst,openmarcie_printer__all__qwen3_8b,qwen3_8b,all,edge,rgbd_imu0,"rgbd_imu0_rgb,rgbd_imu0_depth",0,0,0,0,0,0.0005399997462518513,0.0005759997748100432,0.017870000192488078,25304,22.2432,10.0,0.013495466666666667
openmarcie_printer,cpu,patchtst,openmarcie_printer__all__qwen3_8b,qwen3_8b,all,edge,rgbd_imu1,"rgbd_imu1_rgb,rgbd_imu1_depth",0,0,0,0,0,0.000529999852005858,0.0006200001280376455,0.0175999998646148,25304,22.2432,10.0,0.013495466666666667
openmarcie_printer,cpu,patchtst,openmarcie_printer__all__qwen3_8b,qwen3_8b,all,edge,room_rgbd0,"room_rgbd0_rgb,room_rgbd0_depth",0,0,0,0,0,0.0005699998837371822,0.0006509998456749599,0.017870000192488078,25304,22.2432,10.0,0.013495466666666667
openmarcie_printer,cpu,patchtst,openmarcie_printer__all__qwen3_8b,qwen3_8b,all,edge,room_rgbd1,"room_rgbd1_rgb,room_rgbd1_depth",0,0,0,0,0,0.0005799997779831756,0.0006699996447423473,0.017670000033831457,25304,22.2432,10.0,0.013495466666666667
openmarcie_printer,cpu,patchtst,openmarcie_printer__all__qwen3_8b,qwen3_8b,all,edge,temperature_gateway,temperature,0,0,0,0,0,0.00044999978854320943,0.000548999969396391,0.007999999979801942,644,2.5152,10.0,0.00034346666666666665
openmarcie_printer,cpu,patchtst,openmarcie_printer__all__qwen3_8b,qwen3_8b,all,core,core,,815280,3261120,0,3295011,992372416,6.858289999854605,6.859406899911846,0.16240100012510084,,,,
openmarcie_printer,cpu,patchtst,openmarcie_printer__all__qwen3_8b,qwen3_8b,all,core,core_language,,8207651840,16449136640,256,,1488902829312,2564.8529459999736,2569.7026797000944,1.187016000130825,,,,
openmarcie_printer,cpu,distrixsense,openmarcie_printer__only_audio__qwen3_8b,qwen3_8b,only_audio,edge,audio0,audio0,355574,1422296,0,1427507,22598784,0.3183909998369927,0.34590489985930617,0.012340000012045493,82,2.0656,10.0,4.373333333333333e-05
openmarcie_printer,cpu,distrixsense,openmarcie_printer__only_audio__qwen3_8b,qwen3_8b,only_audio,edge,audio1,audio1,355574,1422296,0,1427507,22598784,0.3153710003971355,0.32012300007409067,0.01244000031874748,82,2.0656,10.0,4.373333333333333e-05
openmarcie_printer,cpu,distrixsense,openmarcie_printer__only_audio__qwen3_8b,qwen3_8b,only_audio,core,core,,29688,118752,0,130670,958592,0.2717009997468267,0.3009510002357274,0.017559999832883477,,,,
openmarcie_printer,cpu,distrixsense,openmarcie_printer__only_audio__qwen3_8b,qwen3_8b,only_audio,core,core_language,,8207651840,16449136640,256,,1139264596096,2491.7344820000835,2492.2339054997337,1.272546000109287,,,,
openmarcie_printer,cpu,dense,openmarcie_printer__only_audio__qwen3_8b,qwen3_8b,only_audio,edge,audio0,audio0,352142,1408568,0,1411853,22467200,0.25357100003020605,0.2660549002030166,0.008870000328897731,4324,5.4592,10.0,0.0023061333333333333
openmarcie_printer,cpu,dense,openmarcie_printer__only_audio__qwen3_8b,qwen3_8b,only_audio,edge,audio1,audio1,352142,1408568,0,1411853,22467200,0.24689099973329576,0.26440499991622346,0.008890000117389718,4324,5.4592,10.0,0.0023061333333333333
openmarcie_printer,cpu,dense,openmarcie_printer__only_audio__qwen3_8b,qwen3_8b,only_audio,core,core,,27640,110560,0,122161,4469888,0.2606709999781742,0.2841970000190486,0.011749999885068974,,,,
openmarcie_printer,cpu,dense,openmarcie_printer__only_audio__qwen3_8b,qwen3_8b,only_audio,core,core_language,,8207651840,16449136640,256,,1813428715648,2646.493525999631,2647.8795583998817,2.9344230001697724,,,,
openmarcie_printer,cpu,dense_tokens,openmarcie_printer__only_audio__qwen3_8b,qwen3_8b,only_audio,edge,audio0,audio0,354518,1418072,0,1422777,22582400,0.400311000248621,0.44649990004472784,0.007869999990361976,1100,2.88,10.0,0.0005866666666666667
openmarcie_printer,cpu,dense_tokens,openmarcie_printer__only_audio__qwen3_8b,qwen3_8b,only_audio,edge,audio1,audio1,354518,1418072,0,1422777,22582400,0.6642929997724423,0.7441770001150871,0.007970000297063962,1100,2.88,10.0,0.0005866666666666667
openmarcie_printer,cpu,dense_tokens,openmarcie_printer__only_audio__qwen3_8b,qwen3_8b,only_audio,core,core,,27640,110560,0,122161,958592,0.28997200024605263,0.30570310004804924,0.011530999927344965,,,,
openmarcie_printer,cpu,dense_tokens,openmarcie_printer__only_audio__qwen3_8b,qwen3_8b,only_audio,core,core_language,,8207651840,16449136640,256,,1139264596096,2491.7344820000835,2492.2339054997337,2.2248999998737418,,,,
openmarcie_printer,cpu,raw,openmarcie_printer__only_audio__qwen3_8b,qwen3_8b,only_audio,edge,audio0,audio0,0,0,0,0,0,0.0005200004125072155,0.0008709999747225083,0.03578099995138473,390484,314.3872,10.0,0.20825813333333335
openmarcie_printer,cpu,raw,openmarcie_printer__only_audio__qwen3_8b,qwen3_8b,only_audio,edge,audio1,audio1,0,0,0,0,0,0.0005100000635138713,0.0006449998636526288,0.03427100000408245,390484,314.3872,10.0,0.20825813333333335
openmarcie_printer,cpu,raw,openmarcie_printer__only_audio__qwen3_8b,qwen3_8b,only_audio,core,core,,731924,2927696,0,2944577,49404288,0.8564140002818021,0.8816499998374638,0.049540999953023857,,,,
openmarcie_printer,cpu,raw,openmarcie_printer__only_audio__qwen3_8b,qwen3_8b,only_audio,core,core_language,,8207651840,16449136640,256,,1813428715648,2646.493525999631,2647.8795583998817,4.513879999649362,,,,
openmarcie_printer,cpu,early_fusion,openmarcie_printer__only_audio__qwen3_8b,qwen3_8b,only_audio,edge,audio0,audio0,0,0,0,0,0,0.0006599998414458241,0.001128000212702318,0.0371399996765831,390484,314.3872,10.0,0.20825813333333335
openmarcie_printer,cpu,early_fusion,openmarcie_printer__only_audio__qwen3_8b,qwen3_8b,only_audio,edge,audio1,audio1,0,0,0,0,0,0.0005599999894911889,0.0006409999514289666,0.03262000018366962,390484,314.3872,10.0,0.20825813333333335
openmarcie_printer,cpu,early_fusion,openmarcie_printer__only_audio__qwen3_8b,qwen3_8b,only_audio,core,core,,594164,2376656,0,2391699,38121856,0.7646629996997945,0.7808278998254536,0.049311000111629255,,,,
openmarcie_printer,cpu,early_fusion,openmarcie_printer__only_audio__qwen3_8b,qwen3_8b,only_audio,core,core_language,,8207651840,16449136640,256,,1363683979392,2552.962512999784,2565.6075147999672,1.8645780000952072,,,,
openmarcie_printer,cpu,late_fusion,openmarcie_printer__only_audio__qwen3_8b,qwen3_8b,only_audio,edge,audio0,audio0,352538,1410152,0,1413765,22467968,0.2829210002346372,0.2996618999986822,0.008229999821196543,96,2.0768,10.0,5.12e-05
openmarcie_printer,cpu,late_fusion,openmarcie_printer__only_audio__qwen3_8b,qwen3_8b,only_audio,edge,audio1,audio1,352538,1410152,0,1413765,22467968,0.271961000180454,0.27962990011474176,0.00804999990577926,96,2.0768,10.0,5.12e-05
openmarcie_printer,cpu,late_fusion,openmarcie_printer__only_audio__qwen3_8b,qwen3_8b,only_audio,core,core,,0,0,0,0,0,0.029770000310236355,0.036538000358632416,0.011050000011891825,,,,
openmarcie_printer,cpu,late_fusion,openmarcie_printer__only_audio__qwen3_8b,qwen3_8b,only_audio,core,core_language,,8190735360,16381470720,256,,1152707078400,2535.1087139997617,2558.728436399815,0.20910100010951282,,,,
openmarcie_printer,cpu,local_only,openmarcie_printer__only_audio__qwen3_8b,qwen3_8b,only_audio,edge,audio0,audio0,352538,1410152,0,1413765,22467968,0.3098120000686322,0.32260910020340816,0.007950000053824624,52,2.0416,10.0,2.7733333333333334e-05
openmarcie_printer,cpu,local_only,openmarcie_printer__only_audio__qwen3_8b,qwen3_8b,only_audio,edge,audio1,audio1,352538,1410152,0,1413765,22467968,0.2906109998548345,0.30770289999964007,0.007820000064384658,52,2.0416,10.0,2.7733333333333334e-05
openmarcie_printer,cpu,local_only,openmarcie_printer__only_audio__qwen3_8b,qwen3_8b,only_audio,core,core,,0,0,0,0,0,0.0370699999621138,0.04391899997244764,0.010770000244519906,,,,
openmarcie_printer,cpu,local_only,openmarcie_printer__only_audio__qwen3_8b,qwen3_8b,only_audio,core,core_language,,8190735360,16381470720,256,,1152707078400,2535.1087139997617,2558.728436399815,0.21496099998330465,,,,
openmarcie_printer,cpu,bottleneck,openmarcie_printer__only_audio__qwen3_8b,qwen3_8b,only_audio,edge,audio0,audio0,352274,1409096,0,1412741,22475392,0.3864919999614358,0.40139599991562136,0.011890000223502284,684,2.5472,10.0,0.0003648
openmarcie_printer,cpu,bottleneck,openmarcie_printer__only_audio__qwen3_8b,qwen3_8b,only_audio,edge,audio1,audio1,352274,1409096,0,1412741,22475392,0.37771100005556946,0.3861809001136862,0.011969999832217582,684,2.5472,10.0,0.0003648
openmarcie_printer,cpu,bottleneck,openmarcie_printer__only_audio__qwen3_8b,qwen3_8b,only_audio,core,core,,27960,111840,0,124581,4486272,0.3726509999069094,0.4787169000337599,0.022459999854618218,,,,
openmarcie_printer,cpu,bottleneck,openmarcie_printer__only_audio__qwen3_8b,qwen3_8b,only_audio,core,core_language,,8207651840,16449136640,256,,1813428715648,2646.493525999631,2647.8795583998817,4.646261000289087,,,,
openmarcie_printer,cpu,tokenlearner,openmarcie_printer__only_audio__qwen3_8b,qwen3_8b,only_audio,edge,audio0,audio0,353462,1413848,0,1418047,22566016,0.7267330001923256,0.7572879999770521,0.0082200003816979,1100,2.88,10.0,0.0005866666666666667
openmarcie_printer,cpu,tokenlearner,openmarcie_printer__only_audio__qwen3_8b,qwen3_8b,only_audio,edge,audio1,audio1,353462,1413848,0,1418047,22566016,0.31445199965673964,0.3611520997765183,0.008210000032704556,1100,2.88,10.0,0.0005866666666666667
openmarcie_printer,cpu,tokenlearner,openmarcie_printer__only_audio__qwen3_8b,qwen3_8b,only_audio,core,core,,27640,110560,0,122161,958592,0.2327009997316054,0.25393199989593995,0.01170999985333765,,,,
openmarcie_printer,cpu,tokenlearner,openmarcie_printer__only_audio__qwen3_8b,qwen3_8b,only_audio,core,core_language,,8207651840,16449136640,256,,1139264596096,2491.7344820000835,2492.2339054997337,1.2032859999635548,,,,
openmarcie_printer,cpu,posthoc_vq,openmarcie_printer__only_audio__qwen3_8b,qwen3_8b,only_audio,edge,audio0,audio0,354190,1416760,0,1420233,22532736,0.35787099977824255,0.3811728997334285,0.01323000014963327,196,2.1568,10.0,0.00010453333333333333
openmarcie_printer,cpu,posthoc_vq,openmarcie_printer__only_audio__qwen3_8b,qwen3_8b,only_audio,edge,audio1,audio1,354190,1416760,0,1420233,22532736,0.355971999852045,0.3635940998719889,0.01323000014963327,196,2.1568,10.0,0.00010453333333333333
openmarcie_printer,cpu,posthoc_vq,openmarcie_printer__only_audio__qwen3_8b,qwen3_8b,only_audio,core,core,,29688,118752,0,130670,4469888,0.31187200011117966,0.3477091001059307,0.018369999907008605,,,,
openmarcie_printer,cpu,posthoc_vq,openmarcie_printer__only_audio__qwen3_8b,qwen3_8b,only_audio,core,core_language,,8207651840,16449136640,256,,1813428715648,2646.493525999631,2647.8795583998817,3.338334000090981,,,,
openmarcie_printer,cpu,joint_vq,openmarcie_printer__only_audio__qwen3_8b,qwen3_8b,only_audio,edge,audio0,audio0,356566,1426264,0,1431222,22598784,0.3867010000249138,0.4110739001134789,0.01275000022360473,82,2.0656,10.0,4.373333333333333e-05
openmarcie_printer,cpu,joint_vq,openmarcie_printer__only_audio__qwen3_8b,qwen3_8b,only_audio,edge,audio1,audio1,356566,1426264,0,1431222,22598784,0.3817910001089331,0.3940409003007517,0.012290000086068176,82,2.0656,10.0,4.373333333333333e-05
openmarcie_printer,cpu,joint_vq,openmarcie_printer__only_audio__qwen3_8b,qwen3_8b,only_audio,core,core,,29688,118752,0,130670,958592,0.2673220001270238,0.29712009973081877,0.01733999988573487,,,,
openmarcie_printer,cpu,joint_vq,openmarcie_printer__only_audio__qwen3_8b,qwen3_8b,only_audio,core,core_language,,8207651840,16449136640,256,,1139264596096,2491.7344820000835,2492.2339054997337,1.2188749997221748,,,,
openmarcie_printer,cpu,deepconvlstm,openmarcie_printer__only_audio__qwen3_8b,qwen3_8b,only_audio,edge,audio0,audio0,0,0,0,0,0,0.0009000000318337698,0.004409999746712856,0.029259999791975133,390484,314.3872,10.0,0.20825813333333335
openmarcie_printer,cpu,deepconvlstm,openmarcie_printer__only_audio__qwen3_8b,qwen3_8b,only_audio,edge,audio1,audio1,0,0,0,0,0,0.00047999992602854036,0.0005969999165245099,0.03266000021540094,390484,314.3872,10.0,0.20825813333333335
openmarcie_printer,cpu,deepconvlstm,openmarcie_printer__only_audio__qwen3_8b,qwen3_8b,only_audio,core,core,,730792,2923168,0,2931285,46573568,0.6609429997297411,0.7403139997677499,0.04627999987860676,,,,
openmarcie_printer,cpu,deepconvlstm,openmarcie_printer__only_audio__qwen3_8b,qwen3_8b,only_audio,core,core_language,,8207651840,16449136640,256,,1363683979392,2552.962512999784,2565.6075147999672,2.847353000106523,,,,
openmarcie_printer,cpu,unrestricted_bank,openmarcie_printer__only_audio__qwen3_8b,qwen3_8b,only_audio,edge,audio0,audio0,356630,1426520,0,1431731,22615168,0.3245819998483057,0.3463530000317405,0.012739999874611385,82,2.0656,10.0,4.373333333333333e-05
openmarcie_printer,cpu,unrestricted_bank,openmarcie_printer__only_audio__qwen3_8b,qwen3_8b,only_audio,edge,audio1,audio1,356630,1426520,0,1431731,22615168,0.31339199995272793,0.32597309991615475,0.012620000234164763,82,2.0656,10.0,4.373333333333333e-05
openmarcie_printer,cpu,unrestricted_bank,openmarcie_printer__only_audio__qwen3_8b,qwen3_8b,only_audio,core,core,,29688,118752,0,130670,958592,0.23616099997525453,0.2612439999211347,0.017800000023271423,,,,
openmarcie_printer,cpu,unrestricted_bank,openmarcie_printer__only_audio__qwen3_8b,qwen3_8b,only_audio,core,core_language,,8207651840,16449136640,256,,1139264596096,2491.7344820000835,2492.2339054997337,1.2539959998321137,,,,
openmarcie_printer,cpu,separate_banks,openmarcie_printer__only_audio__qwen3_8b,qwen3_8b,only_audio,edge,audio0,audio0,355574,1422296,0,1427507,22598784,0.3176610002810776,0.3370208997694135,0.012299999980314169,82,2.0656,10.0,4.373333333333333e-05
openmarcie_printer,cpu,separate_banks,openmarcie_printer__only_audio__qwen3_8b,qwen3_8b,only_audio,edge,audio1,audio1,355574,1422296,0,1427507,22598784,0.3069619997404516,0.326482099990244,0.012519999927462777,82,2.0656,10.0,4.373333333333333e-05
openmarcie_printer,cpu,separate_banks,openmarcie_printer__only_audio__qwen3_8b,qwen3_8b,only_audio,core,core,,29688,118752,0,130923,958592,0.2744510002230527,0.3069680001317465,0.0171400001818256,,,,
openmarcie_printer,cpu,separate_banks,openmarcie_printer__only_audio__qwen3_8b,qwen3_8b,only_audio,core,core_language,,8207651840,16449136640,256,,1139264596096,2491.7344820000835,2492.2339054997337,1.2476459996833,,,,
openmarcie_printer,cpu,fixed_resampling,openmarcie_printer__only_audio__qwen3_8b,qwen3_8b,only_audio,edge,audio0,audio0,355574,1422296,0,1427507,5591552,0.18798099972627824,0.2504319998479332,0.01576000022396329,82,2.0656,10.0,4.373333333333333e-05
openmarcie_printer,cpu,fixed_resampling,openmarcie_printer__only_audio__qwen3_8b,qwen3_8b,only_audio,edge,audio1,audio1,355574,1422296,0,1427507,5591552,0.1787609999155393,0.18672599999263184,0.012459999652492115,82,2.0656,10.0,4.373333333333333e-05
openmarcie_printer,cpu,fixed_resampling,openmarcie_printer__only_audio__qwen3_8b,qwen3_8b,only_audio,core,core,,29688,118752,0,130670,958592,0.2710809999371122,0.3025899998647219,0.017190000107802916,,,,
openmarcie_printer,cpu,fixed_resampling,openmarcie_printer__only_audio__qwen3_8b,qwen3_8b,only_audio,core,core_language,,8207651840,16449136640,256,,1139264596096,2491.7344820000835,2492.2339054997337,1.242805999936536,,,,
openmarcie_printer,cpu,finetune_encoders,openmarcie_printer__only_audio__qwen3_8b,qwen3_8b,only_audio,edge,audio0,audio0,355574,1422296,0,1427507,22598784,0.3293719996690925,0.33721010026965814,0.012619999779417412,82,2.0656,10.0,4.373333333333333e-05
openmarcie_printer,cpu,finetune_encoders,openmarcie_printer__only_audio__qwen3_8b,qwen3_8b,only_audio,edge,audio1,audio1,355574,1422296,0,1427507,22598784,0.3059320001739252,0.3227520999189437,0.012749999768857379,82,2.0656,10.0,4.373333333333333e-05
openmarcie_printer,cpu,finetune_encoders,openmarcie_printer__only_audio__qwen3_8b,qwen3_8b,only_audio,core,core,,29688,118752,0,130670,958592,0.33014100017680903,0.36290189996179834,0.017270000171265565,,,,
openmarcie_printer,cpu,finetune_encoders,openmarcie_printer__only_audio__qwen3_8b,qwen3_8b,only_audio,core,core_language,,8207651840,16449136640,256,,1139264596096,2491.7344820000835,2492.2339054997337,1.257005000297795,,,,
openmarcie_printer,cpu,no_alignment,openmarcie_printer__only_audio__qwen3_8b,qwen3_8b,only_audio,edge,audio0,audio0,355574,1422296,0,1427507,22598784,0.3195009999217291,0.3319849000945396,0.012140000308136223,82,2.0656,10.0,4.373333333333333e-05
openmarcie_printer,cpu,no_alignment,openmarcie_printer__only_audio__qwen3_8b,qwen3_8b,only_audio,edge,audio1,audio1,355574,1422296,0,1427507,22598784,0.3067010002268944,0.3215429000192671,0.012349999906291487,82,2.0656,10.0,4.373333333333333e-05
openmarcie_printer,cpu,no_alignment,openmarcie_printer__only_audio__qwen3_8b,qwen3_8b,only_audio,core,core,,29688,118752,0,130670,958592,0.29661200005648425,0.3001751000283548,0.01728999995975755,,,,
openmarcie_printer,cpu,no_alignment,openmarcie_printer__only_audio__qwen3_8b,qwen3_8b,only_audio,core,core_language,,8207651840,16449136640,256,,1139264596096,2491.7344820000835,2492.2339054997337,2.1741400000792055,,,,
openmarcie_printer,cpu,no_usage,openmarcie_printer__only_audio__qwen3_8b,qwen3_8b,only_audio,edge,audio0,audio0,355574,1422296,0,1427507,22598784,0.3656519998003205,0.3763979999348521,0.012940000033268007,82,2.0656,10.0,4.373333333333333e-05
openmarcie_printer,cpu,no_usage,openmarcie_printer__only_audio__qwen3_8b,qwen3_8b,only_audio,edge,audio1,audio1,355574,1422296,0,1427507,22598784,0.3272320000178297,0.3563281000879215,0.013129999842931284,82,2.0656,10.0,4.373333333333333e-05
openmarcie_printer,cpu,no_usage,openmarcie_printer__only_audio__qwen3_8b,qwen3_8b,only_audio,core,core,,29688,118752,0,130670,958592,0.2717410002333054,0.2983729001698521,0.017580000076122815,,,,
openmarcie_printer,cpu,no_usage,openmarcie_printer__only_audio__qwen3_8b,qwen3_8b,only_audio,core,core_language,,8207651840,16449136640,256,,1139264596096,2491.7344820000835,2492.2339054997337,1.1895650000042224,,,,
openmarcie_printer,cpu,tcn,openmarcie_printer__only_audio__qwen3_8b,qwen3_8b,only_audio,edge,audio0,audio0,0,0,0,0,0,0.0005300003067532089,0.0008900001830625115,0.03250999998272164,390484,314.3872,10.0,0.20825813333333335
openmarcie_printer,cpu,tcn,openmarcie_printer__only_audio__qwen3_8b,qwen3_8b,only_audio,edge,audio1,audio1,0,0,0,0,0,0.0004399998942972161,0.0005569998847931856,0.03215000015188707,390484,314.3872,10.0,0.20825813333333335
openmarcie_printer,cpu,tcn,openmarcie_printer__only_audio__qwen3_8b,qwen3_8b,only_audio,core,core,,580020,2320080,0,2329673,36935808,0.6404330001714698,0.6793489999381563,0.048609999794280156,,,,
openmarcie_printer,cpu,tcn,openmarcie_printer__only_audio__qwen3_8b,qwen3_8b,only_audio,core,core_language,,8207651840,16449136640,256,,1363683979392,2552.962512999784,2565.6075147999672,1.7521280001346895,,,,
openmarcie_printer,cpu,ts_transformer,openmarcie_printer__only_audio__qwen3_8b,qwen3_8b,only_audio,edge,audio0,audio0,0,0,0,0,0,0.0005000001692678779,0.0008060002073762007,0.033911000173247885,390484,314.3872,10.0,0.20825813333333335
openmarcie_printer,cpu,ts_transformer,openmarcie_printer__only_audio__qwen3_8b,qwen3_8b,only_audio,edge,audio1,audio1,0,0,0,0,0,0.00046000013753655367,0.000604000251769321,0.03299999980299617,390484,314.3872,10.0,0.20825813333333335
openmarcie_printer,cpu,ts_transformer,openmarcie_printer__only_audio__qwen3_8b,qwen3_8b,only_audio,core,core,,592884,2371536,0,2384741,37984384,0.6862830000500253,0.7099620001099538,0.04605000003721216,,,,
openmarcie_printer,cpu,ts_transformer,openmarcie_printer__only_audio__qwen3_8b,qwen3_8b,only_audio,core,core_language,,8207651840,16449136640,256,,1363683979392,2552.962512999784,2565.6075147999672,1.7212280004059721,,,,
openmarcie_printer,cpu,patchtst,openmarcie_printer__only_audio__qwen3_8b,qwen3_8b,only_audio,edge,audio0,audio0,0,0,0,0,0,0.0005199999577598646,0.000871000338520389,0.03817000015260419,390484,314.3872,10.0,0.20825813333333335
openmarcie_printer,cpu,patchtst,openmarcie_printer__only_audio__qwen3_8b,qwen3_8b,only_audio,edge,audio1,audio1,0,0,0,0,0,0.0005199999577598646,0.00068199988163542,0.03344099968671799,390484,314.3872,10.0,0.20825813333333335
openmarcie_printer,cpu,patchtst,openmarcie_printer__only_audio__qwen3_8b,qwen3_8b,only_audio,core,core,,560180,2240720,0,2253925,404298112,2.420281000013347,2.464686099847313,0.046070000280451495,,,,
openmarcie_printer,cpu,patchtst,openmarcie_printer__only_audio__qwen3_8b,qwen3_8b,only_audio,core,core_language,,8207651840,16449136640,256,,1013161403392,2533.5387370000717,2534.3893035999827,1.183266000225558,,,,
openmarcie_printer,cpu,distrixsense,openmarcie_printer__only_barometer__qwen3_8b,qwen3_8b,only_barometer,edge,barometer_gateway,barometer,6902,27608,0,32819,349312,0.21935099994152552,0.2276310003708204,0.012399999832268804,81,2.0648,10.0,4.32e-05
openmarcie_printer,cpu,distrixsense,openmarcie_printer__only_barometer__qwen3_8b,qwen3_8b,only_barometer,core,core,,28600,114400,0,126318,488000,0.22629100021731574,0.2532369996970374,0.009749999662744813,,,,
openmarcie_printer,cpu,distrixsense,openmarcie_printer__only_barometer__qwen3_8b,qwen3_8b,only_barometer,core,core_language,,8207651840,16449136640,256,,999223468928,2462.1520710002187,2464.5403722000083,1.0282650000590365,,,,
openmarcie_printer,cpu,dense,openmarcie_printer__only_barometer__qwen3_8b,qwen3_8b,only_barometer,edge,barometer_gateway,barometer,3470,13880,0,17101,217728,0.14892099989083363,0.16651510004521697,0.008790000265435083,4324,5.4592,10.0,0.0023061333333333333
openmarcie_printer,cpu,dense,openmarcie_printer__only_barometer__qwen3_8b,qwen3_8b,only_barometer,core,core,,27576,110304,0,121905,1997888,0.21389099993029959,0.2437890001147025,0.006520000169984996,,,,
openmarcie_printer,cpu,dense,openmarcie_printer__only_barometer__qwen3_8b,qwen3_8b,only_barometer,core,core_language,,8207651840,16449136640,256,,1335682674560,2532.1091860000706,2561.775207399978,1.7964979997486807,,,,
openmarcie_printer,cpu,dense_tokens,openmarcie_printer__only_barometer__qwen3_8b,qwen3_8b,only_barometer,edge,barometer_gateway,barometer,5846,23384,0,28089,332928,0.20353099989733892,0.2316470001005655,0.007990000085555948,1100,2.88,10.0,0.0005866666666666667
openmarcie_printer,cpu,dense_tokens,openmarcie_printer__only_barometer__qwen3_8b,qwen3_8b,only_barometer,core,core,,27576,110304,0,121905,488000,0.19250100012868643,0.2146949999314529,0.006320000011328375,,,,
openmarcie_printer,cpu,dense_tokens,openmarcie_printer__only_barometer__qwen3_8b,qwen3_8b,only_barometer,core,core_language,,8207651840,16449136640,256,,999223468928,2462.1520710002187,2464.5403722000083,1.017004999994242,,,,
openmarcie_printer,cpu,raw,openmarcie_printer__only_barometer__qwen3_8b,qwen3_8b,only_barometer,edge,barometer_gateway,barometer,0,0,0,0,0,0.0005000001692678779,0.0008329999218403827,0.008479999905830482,404,2.3232,10.0,0.00021546666666666665
openmarcie_printer,cpu,raw,openmarcie_printer__only_barometer__qwen3_8b,qwen3_8b,only_barometer,core,core,,31046,124184,0,138393,2215616,0.43264200030534994,0.454998000031992,0.006339999799820362,,,,
openmarcie_printer,cpu,raw,openmarcie_printer__only_barometer__qwen3_8b,qwen3_8b,only_barometer,core,core_language,,8207651840,16449136640,256,,1335682674560,2532.1091860000706,2561.775207399978,1.8196880000687088,,,,
openmarcie_printer,cpu,early_fusion,openmarcie_printer__only_barometer__qwen3_8b,qwen3_8b,only_barometer,edge,barometer_gateway,barometer,0,0,0,0,0,0.000529999852005858,0.0008719999186723726,0.010790000033011893,404,2.3232,10.0,0.00021546666666666665
openmarcie_printer,cpu,early_fusion,openmarcie_printer__only_barometer__qwen3_8b,qwen3_8b,only_barometer,core,core,,27718,110872,0,124447,2004672,0.45958200007589767,0.5098470001485111,0.006159999884403078,,,,
openmarcie_printer,cpu,early_fusion,openmarcie_printer__only_barometer__qwen3_8b,qwen3_8b,only_barometer,core,core_language,,8207651840,16449136640,256,,1335682674560,2532.1091860000706,2561.775207399978,1.8000479999500385,,,,
openmarcie_printer,cpu,late_fusion,openmarcie_printer__only_barometer__qwen3_8b,qwen3_8b,only_barometer,edge,barometer_gateway,barometer,3866,15464,0,19077,218496,0.16631100015729317,0.18450810007379914,0.008170000000973232,96,2.0768,10.0,5.12e-05
openmarcie_printer,cpu,late_fusion,openmarcie_printer__only_barometer__qwen3_8b,qwen3_8b,only_barometer,core,core,,0,0,0,0,0,0.023909999981697183,0.03010199998243479,0.00596999961999245,,,,
openmarcie_printer,cpu,late_fusion,openmarcie_printer__only_barometer__qwen3_8b,qwen3_8b,only_barometer,core,core_language,,8190735360,16381470720,256,,1124741163008,2531.34547100035,2544.0155395998318,0.18891099989559734,,,,
openmarcie_printer,cpu,local_only,openmarcie_printer__only_barometer__qwen3_8b,qwen3_8b,only_barometer,edge,barometer_gateway,barometer,3866,15464,0,19077,218496,0.16383100000894046,0.18362110026828304,0.007700999958615284,52,2.0416,10.0,2.7733333333333334e-05
openmarcie_printer,cpu,local_only,openmarcie_printer__only_barometer__qwen3_8b,qwen3_8b,only_barometer,core,core,,0,0,0,0,0,0.027999999929306796,0.035586999911174644,0.0057399997785978485,,,,
openmarcie_printer,cpu,local_only,openmarcie_printer__only_barometer__qwen3_8b,qwen3_8b,only_barometer,core,core_language,,8190735360,16381470720,256,,1124741163008,2531.34547100035,2544.0155395998318,0.186350999683782,,,,
openmarcie_printer,cpu,bottleneck,openmarcie_printer__only_barometer__qwen3_8b,qwen3_8b,only_barometer,edge,barometer_gateway,barometer,3602,14408,0,18053,225920,0.15980099988155416,0.17588400005479343,0.008540000180801144,684,2.5472,10.0,0.0003648
openmarcie_printer,cpu,bottleneck,openmarcie_printer__only_barometer__qwen3_8b,qwen3_8b,only_barometer,core,core,,27736,110944,0,123115,2006080,0.2602810000098543,0.2786050002214324,0.00610999995842576,,,,
openmarcie_printer,cpu,bottleneck,openmarcie_printer__only_barometer__qwen3_8b,qwen3_8b,only_barometer,core,core_language,,8207651840,16449136640,256,,1335682674560,2532.1091860000706,2561.775207399978,1.9040189999941504,,,,
openmarcie_printer,cpu,tokenlearner,openmarcie_printer__only_barometer__qwen3_8b,qwen3_8b,only_barometer,edge,barometer_gateway,barometer,4790,19160,0,23295,316544,0.20361099996080156,0.2275419998113648,0.008210000032704556,1100,2.88,10.0,0.0005866666666666667
openmarcie_printer,cpu,tokenlearner,openmarcie_printer__only_barometer__qwen3_8b,qwen3_8b,only_barometer,core,core,,27576,110304,0,121905,488000,0.19164099967383663,0.21676899996236898,0.006330000360321719,,,,
openmarcie_printer,cpu,tokenlearner,openmarcie_printer__only_barometer__qwen3_8b,qwen3_8b,only_barometer,core,core_language,,8207651840,16449136640,256,,999223468928,2462.1520710002187,2464.5403722000083,1.1258050003561948,,,,
openmarcie_printer,cpu,posthoc_vq,openmarcie_printer__only_barometer__qwen3_8b,qwen3_8b,only_barometer,edge,barometer_gateway,barometer,4494,17976,0,21449,283264,0.2509810001356527,0.2739310001288686,0.012760000117850723,192,2.1536,10.0,0.0001024
openmarcie_printer,cpu,posthoc_vq,openmarcie_printer__only_barometer__qwen3_8b,qwen3_8b,only_barometer,core,core,,28600,114400,0,126318,1997888,0.24144100007106317,0.2654979998169438,0.010159999874304049,,,,
openmarcie_printer,cpu,posthoc_vq,openmarcie_printer__only_barometer__qwen3_8b,qwen3_8b,only_barometer,core,core_language,,8207651840,16449136640,256,,1335682674560,2532.1091860000706,2561.775207399978,1.8213779999314283,,,,
openmarcie_printer,cpu,joint_vq,openmarcie_printer__only_barometer__qwen3_8b,qwen3_8b,only_barometer,edge,barometer_gateway,barometer,6870,27480,0,32438,349312,0.31154199996308307,0.35073609965365904,0.012519999927462777,81,2.0648,10.0,4.32e-05
openmarcie_printer,cpu,joint_vq,openmarcie_printer__only_barometer__qwen3_8b,qwen3_8b,only_barometer,core,core,,28600,114400,0,126318,488000,0.25646099993537064,0.2873669996915851,0.009760000011738157,,,,
openmarcie_printer,cpu,joint_vq,openmarcie_printer__only_barometer__qwen3_8b,qwen3_8b,only_barometer,core,core_language,,8207651840,16449136640,256,,999223468928,2462.1520710002187,2464.5403722000083,0.996933999886096,,,,
openmarcie_printer,cpu,deepconvlstm,openmarcie_printer__only_barometer__qwen3_8b,qwen3_8b,only_barometer,edge,barometer_gateway,barometer,0,0,0,0,0,0.0005100000635138713,0.0009240001872967696,0.008170000000973232,404,2.3232,10.0,0.00021546666666666665
openmarcie_printer,cpu,deepconvlstm,openmarcie_printer__only_barometer__qwen3_8b,qwen3_8b,only_barometer,core,core,,33114,132456,0,139297,2053504,0.44812200030719396,0.47303400001510454,0.006369999937305693,,,,
openmarcie_printer,cpu,deepconvlstm,openmarcie_printer__only_barometer__qwen3_8b,qwen3_8b,only_barometer,core,core_language,,8207651840,16449136640,256,,1335682674560,2532.1091860000706,2561.775207399978,2.1162600000934617,,,,
openmarcie_printer,cpu,unrestricted_bank,openmarcie_printer__only_barometer__qwen3_8b,qwen3_8b,only_barometer,edge,barometer_gateway,barometer,6902,27608,0,32819,349312,0.22802099965701927,0.25954799980354437,0.01250000013897079,81,2.0648,10.0,4.32e-05
openmarcie_printer,cpu,unrestricted_bank,openmarcie_printer__only_barometer__qwen3_8b,qwen3_8b,only_barometer,core,core,,28600,114400,0,126318,488000,0.23978100034582894,0.25600800022402836,0.00963000002229819,,,,
openmarcie_printer,cpu,unrestricted_bank,openmarcie_printer__only_barometer__qwen3_8b,qwen3_8b,only_barometer,core,core_language,,8207651840,16449136640,256,,999223468928,2462.1520710002187,2464.5403722000083,2.050738999969326,,,,
openmarcie_printer,cpu,separate_banks,openmarcie_printer__only_barometer__qwen3_8b,qwen3_8b,only_barometer,edge,barometer_gateway,barometer,6902,27608,0,32819,349312,0.24561100008213543,0.2777418999812653,0.012340000012045493,81,2.0648,10.0,4.32e-05
openmarcie_printer,cpu,separate_banks,openmarcie_printer__only_barometer__qwen3_8b,qwen3_8b,only_barometer,core,core,,28600,114400,0,126318,488000,0.2852609995898092,0.31296390006900765,0.009569999747327529,,,,
openmarcie_printer,cpu,separate_banks,openmarcie_printer__only_barometer__qwen3_8b,qwen3_8b,only_barometer,core,core_language,,8207651840,16449136640,256,,999223468928,2462.1520710002187,2464.5403722000083,1.1499150000418012,,,,
openmarcie_printer,cpu,fixed_resampling,openmarcie_printer__only_barometer__qwen3_8b,qwen3_8b,only_barometer,edge,barometer_gateway,barometer,6902,27608,0,32819,348672,0.1580209996063786,0.21592699990833353,0.011959999937971588,81,2.0648,10.0,4.32e-05
openmarcie_printer,cpu,fixed_resampling,openmarcie_printer__only_barometer__qwen3_8b,qwen3_8b,only_barometer,core,core,,28600,114400,0,126318,488000,0.2556409999669995,0.2751619997980015,0.00974000022324617,,,,
openmarcie_printer,cpu,fixed_resampling,openmarcie_printer__only_barometer__qwen3_8b,qwen3_8b,only_barometer,core,core_language,,8207651840,16449136640,256,,999223468928,2462.1520710002187,2464.5403722000083,1.0310640000170679,,,,
openmarcie_printer,cpu,finetune_encoders,openmarcie_printer__only_barometer__qwen3_8b,qwen3_8b,only_barometer,edge,barometer_gateway,barometer,6902,27608,0,32819,349312,0.2141910003956582,0.2425590003895195,0.012169999990874203,81,2.0648,10.0,4.32e-05
openmarcie_printer,cpu,finetune_encoders,openmarcie_printer__only_barometer__qwen3_8b,qwen3_8b,only_barometer,core,core,,28600,114400,0,126318,488000,0.2320220000910922,0.25344109990328434,0.009639999916544184,,,,
openmarcie_printer,cpu,finetune_encoders,openmarcie_printer__only_barometer__qwen3_8b,qwen3_8b,only_barometer,core,core_language,,8207651840,16449136640,256,,999223468928,2462.1520710002187,2464.5403722000083,1.0827440000866773,,,,
openmarcie_printer,cpu,no_alignment,openmarcie_printer__only_barometer__qwen3_8b,qwen3_8b,only_barometer,edge,barometer_gateway,barometer,6902,27608,0,32819,349312,0.22714099986842484,0.22939999971640646,0.012450000212993473,81,2.0648,10.0,4.32e-05
openmarcie_printer,cpu,no_alignment,openmarcie_printer__only_barometer__qwen3_8b,qwen3_8b,only_barometer,core,core,,28600,114400,0,126318,488000,0.2270310001222242,0.2488290000201232,0.009550999948260142,,,,
openmarcie_printer,cpu,no_alignment,openmarcie_printer__only_barometer__qwen3_8b,qwen3_8b,only_barometer,core,core_language,,8207651840,16449136640,256,,999223468928,2462.1520710002187,2464.5403722000083,1.0545640002419532,,,,
openmarcie_printer,cpu,no_usage,openmarcie_printer__only_barometer__qwen3_8b,qwen3_8b,only_barometer,edge,barometer_gateway,barometer,6902,27608,0,32819,349312,0.21268099999360857,0.239789000215751,0.012409999726514798,81,2.0648,10.0,4.32e-05
openmarcie_printer,cpu,no_usage,openmarcie_printer__only_barometer__qwen3_8b,qwen3_8b,only_barometer,core,core,,28600,114400,0,126318,488000,0.24027099971135613,0.2678478998859646,0.009780000254977494,,,,
openmarcie_printer,cpu,no_usage,openmarcie_printer__only_barometer__qwen3_8b,qwen3_8b,only_barometer,core,core_language,,8207651840,16449136640,256,,999223468928,2462.1520710002187,2464.5403722000083,1.0542949999035045,,,,
openmarcie_printer,cpu,tcn,openmarcie_printer__only_barometer__qwen3_8b,qwen3_8b,only_barometer,edge,barometer_gateway,barometer,0,0,0,0,0,0.0006299997039604932,0.0008280000656668562,0.008420000085607171,404,2.3232,10.0,0.00021546666666666665
openmarcie_printer,cpu,tcn,openmarcie_printer__only_barometer__qwen3_8b,qwen3_8b,only_barometer,core,core,,13606,54424,0,62741,818624,0.34336099997744896,0.3780209001433832,0.006270000085351057,,,,
openmarcie_printer,cpu,tcn,openmarcie_printer__only_barometer__qwen3_8b,qwen3_8b,only_barometer,core,core_language,,8207651840,16449136640,256,,1335682674560,2532.1091860000706,2561.775207399978,1.8718579999585927,,,,
openmarcie_printer,cpu,ts_transformer,openmarcie_printer__only_barometer__qwen3_8b,qwen3_8b,only_barometer,edge,barometer_gateway,barometer,0,0,0,0,0,0.0005200004125072155,0.0008890001936379122,0.008370000159629853,404,2.3232,10.0,0.00021546666666666665
openmarcie_printer,cpu,ts_transformer,openmarcie_printer__only_barometer__qwen3_8b,qwen3_8b,only_barometer,core,core,,26470,105880,0,117617,1867200,0.398772000153258,0.4551210001409345,0.006190000021888409,,,,
openmarcie_printer,cpu,ts_transformer,openmarcie_printer__only_barometer__qwen3_8b,qwen3_8b,only_barometer,core,core_language,,8207651840,16449136640,256,,1335682674560,2532.1091860000706,2561.775207399978,1.8761979999908363,,,,
openmarcie_printer,cpu,patchtst,openmarcie_printer__only_barometer__qwen3_8b,qwen3_8b,only_barometer,edge,barometer_gateway,barometer,0,0,0,0,0,0.0005000001692678779,0.0008870001693139784,0.00850000014906982,404,2.3232,10.0,0.00021546666666666665
openmarcie_printer,cpu,patchtst,openmarcie_printer__only_barometer__qwen3_8b,qwen3_8b,only_barometer,core,core,,26630,106520,0,118257,727232,0.41373200019734213,0.45288199994502065,0.006270000085351057,,,,
openmarcie_printer,cpu,patchtst,openmarcie_printer__only_barometer__qwen3_8b,qwen3_8b,only_barometer,core,core_language,,8207651840,16449136640,256,,985219080960,2466.0282720001305,2468.811674100243,1.0662239997145662,,,,
openmarcie_printer,cpu,distrixsense,openmarcie_printer__only_depth__qwen3_8b,qwen3_8b,only_depth,edge,lidar0,lidar0_depth,21224,84896,0,89907,1257984,0.22398100009013433,0.24337600002581894,0.012649999916902743,84,2.0672,10.0,4.48e-05
openmarcie_printer,cpu,distrixsense,openmarcie_printer__only_depth__qwen3_8b,qwen3_8b,only_depth,edge,lidar1,lidar1_depth,21224,84896,0,89907,1257984,0.2148210000996187,0.2252069999485684,0.01235999980053748,84,2.0672,10.0,4.48e-05
openmarcie_printer,cpu,distrixsense,openmarcie_printer__only_depth__qwen3_8b,qwen3_8b,only_depth,edge,rgbd_imu0,rgbd_imu0_depth,21224,84896,0,89907,1257984,0.22908099981577834,0.23347300002569682,0.01219000023411354,84,2.0672,10.0,4.48e-05
openmarcie_printer,cpu,distrixsense,openmarcie_printer__only_depth__qwen3_8b,qwen3_8b,only_depth,edge,rgbd_imu1,rgbd_imu1_depth,21224,84896,0,89907,1257984,0.20608100021490827,0.2152610001303401,0.012290000086068176,84,2.0672,10.0,4.48e-05
openmarcie_printer,cpu,distrixsense,openmarcie_printer__only_depth__qwen3_8b,qwen3_8b,only_depth,edge,room_rgbd0,room_rgbd0_depth,21224,84896,0,89907,1257984,0.20947099983459339,0.22635500013166165,0.014239999927667668,84,2.0672,10.0,4.48e-05
openmarcie_printer,cpu,distrixsense,openmarcie_printer__only_depth__qwen3_8b,qwen3_8b,only_depth,edge,room_rgbd1,room_rgbd1_depth,21224,84896,0,89907,1257984,0.20188100006635068,0.2184581003348285,0.012290000086068176,84,2.0672,10.0,4.48e-05
openmarcie_printer,cpu,distrixsense,openmarcie_printer__only_depth__qwen3_8b,qwen3_8b,only_depth,core,core,,34040,136160,0,148078,3168640,0.4369009998299589,0.4445429000497825,0.051341000016691396,,,,
openmarcie_printer,cpu,distrixsense,openmarcie_printer__only_depth__qwen3_8b,qwen3_8b,only_depth,core,core_language,,8207651840,16449136640,256,,1700608752768,2620.595711000078,2658.427397300102,2.363420000165206,,,,
openmarcie_printer,cpu,dense,openmarcie_printer__only_depth__qwen3_8b,qwen3_8b,only_depth,edge,lidar0,lidar0_depth,17792,71168,0,74189,1126400,0.16267099999822676,0.18518899964874436,0.00928999997995561,4324,5.4592,10.0,0.0023061333333333333
openmarcie_printer,cpu,dense,openmarcie_printer__only_depth__qwen3_8b,qwen3_8b,only_depth,edge,lidar1,lidar1_depth,17792,71168,0,74189,1126400,0.15344099983849446,0.16646400003992312,0.008999999863590347,4324,5.4592,10.0,0.0023061333333333333
openmarcie_printer,cpu,dense,openmarcie_printer__only_depth__qwen3_8b,qwen3_8b,only_depth,edge,rgbd_imu0,rgbd_imu0_depth,17792,71168,0,74189,1126400,0.15193999979601358,0.1630109001780511,0.008900000011635711,4324,5.4592,10.0,0.0023061333333333333
openmarcie_printer,cpu,dense,openmarcie_printer__only_depth__qwen3_8b,qwen3_8b,only_depth,edge,rgbd_imu1,rgbd_imu1_depth,17792,71168,0,74189,1126400,0.14963000012357952,0.163076899934822,0.008930000149121042,4324,5.4592,10.0,0.0023061333333333333
openmarcie_printer,cpu,dense,openmarcie_printer__only_depth__qwen3_8b,qwen3_8b,only_depth,edge,room_rgbd0,room_rgbd0_depth,17792,71168,0,74189,1126400,0.14914099983798224,0.1608671002486517,0.008920000254875049,4324,5.4592,10.0,0.0023061333333333333
openmarcie_printer,cpu,dense,openmarcie_printer__only_depth__qwen3_8b,qwen3_8b,only_depth,edge,room_rgbd1,room_rgbd1_depth,17792,71168,0,74189,1126400,0.1517709997642669,0.16703409960427962,0.008900000011635711,4324,5.4592,10.0,0.0023061333333333333
openmarcie_printer,cpu,dense,openmarcie_printer__only_depth__qwen3_8b,qwen3_8b,only_depth,core,core,,27896,111584,0,123185,19600768,0.5285430002004432,0.5546510999465681,0.03603000004659407,,,,
openmarcie_printer,cpu,dense,openmarcie_printer__only_depth__qwen3_8b,qwen3_8b,only_depth,core,core_language,,8207651840,16449136640,256,,3738049610880,3224.635591000151,3274.7781874002612,6.80558000021847,,,,
openmarcie_printer,cpu,dense_tokens,openmarcie_printer__only_depth__qwen3_8b,qwen3_8b,only_depth,edge,lidar0,lidar0_depth,20168,80672,0,85177,1241600,0.2160509998248017,0.2328090002265526,0.00825000006443588,1100,2.88,10.0,0.0005866666666666667
openmarcie_printer,cpu,dense_tokens,openmarcie_printer__only_depth__qwen3_8b,qwen3_8b,only_depth,edge,lidar1,lidar1_depth,20168,80672,0,85177,1241600,0.20335099998192163,0.22192699998413445,0.008230000275943894,1100,2.88,10.0,0.0005866666666666667
openmarcie_printer,cpu,dense_tokens,openmarcie_printer__only_depth__qwen3_8b,qwen3_8b,only_depth,edge,rgbd_imu0,rgbd_imu0_depth,20168,80672,0,85177,1241600,0.2110609998453583,0.22636100011368399,0.008089999937510584,1100,2.88,10.0,0.0005866666666666667
openmarcie_printer,cpu,dense_tokens,openmarcie_printer__only_depth__qwen3_8b,qwen3_8b,only_depth,edge,rgbd_imu1,rgbd_imu1_depth,20168,80672,0,85177,1241600,0.20980099998268997,0.21190699981161742,0.008040000011533266,1100,2.88,10.0,0.0005866666666666667
openmarcie_printer,cpu,dense_tokens,openmarcie_printer__only_depth__qwen3_8b,qwen3_8b,only_depth,edge,room_rgbd0,room_rgbd0_depth,20168,80672,0,85177,1241600,0.1986610000130895,0.22079200007283362,0.00821999992695055,1100,2.88,10.0,0.0005866666666666667
openmarcie_printer,cpu,dense_tokens,openmarcie_printer__only_depth__qwen3_8b,qwen3_8b,only_depth,edge,room_rgbd1,room_rgbd1_depth,20168,80672,0,85177,1241600,0.19824100036203163,0.2099409998209012,0.008199999683711212,1100,2.88,10.0,0.0005866666666666667
openmarcie_printer,cpu,dense_tokens,openmarcie_printer__only_depth__qwen3_8b,qwen3_8b,only_depth,core,core,,27896,111584,0,123185,3168640,0.3447220001362439,0.37542010004472104,0.035290000141685596,,,,
openmarcie_printer,cpu,dense_tokens,openmarcie_printer__only_depth__qwen3_8b,qwen3_8b,only_depth,core,core_language,,8207651840,16449136640,256,,1700608752768,2620.595711000078,2658.427397300102,2.738211999712803,,,,
openmarcie_printer,cpu,raw,openmarcie_printer__only_depth__qwen3_8b,qwen3_8b,only_depth,edge,lidar0,lidar0_depth,0,0,0,0,0,0.0005500000952451956,0.0008650000381749123,0.009010000212583691,6396,7.1168,10.0,0.0034112
openmarcie_printer,cpu,raw,openmarcie_printer__only_depth__qwen3_8b,qwen3_8b,only_depth,edge,lidar1,lidar1_depth,0,0,0,0,0,0.0005500000952451956,0.0006310000571829733,0.008659999821247766,6396,7.1168,10.0,0.0034112
openmarcie_printer,cpu,raw,openmarcie_printer__only_depth__qwen3_8b,qwen3_8b,only_depth,edge,rgbd_imu0,rgbd_imu0_depth,0,0,0,0,0,0.0004900002750218846,0.0005709998276870465,0.008470000011584489,6396,7.1168,10.0,0.0034112
openmarcie_printer,cpu,raw,openmarcie_printer__only_depth__qwen3_8b,qwen3_8b,only_depth,edge,rgbd_imu1,rgbd_imu1_depth,0,0,0,0,0,0.00044999978854320943,0.000557999874217785,0.00841999963085982,6396,7.1168,10.0,0.0034112
openmarcie_printer,cpu,raw,openmarcie_printer__only_depth__qwen3_8b,qwen3_8b,only_depth,edge,room_rgbd0,room_rgbd0_depth,0,0,0,0,0,0.000470000031782547,0.0005509999937203247,0.008569999863539124,6396,7.1168,10.0,0.0034112
openmarcie_printer,cpu,raw,openmarcie_printer__only_depth__qwen3_8b,qwen3_8b,only_depth,edge,room_rgbd1,room_rgbd1_depth,0,0,0,0,0,0.0005100000635138713,0.000608999835094437,0.008340000022144523,6396,7.1168,10.0,0.0034112
openmarcie_printer,cpu,raw,openmarcie_printer__only_depth__qwen3_8b,qwen3_8b,only_depth,core,core,,134648,538592,0,565089,26359168,1.4949259998502384,1.5447419001702656,0.036609999824577244,,,,
openmarcie_printer,cpu,raw,openmarcie_printer__only_depth__qwen3_8b,qwen3_8b,only_depth,core,core_language,,8207651840,16449136640,256,,3738049610880,3224.635591000151,3274.7781874002612,6.811470000229747,,,,
openmarcie_printer,cpu,early_fusion,openmarcie_printer__only_depth__qwen3_8b,qwen3_8b,only_depth,edge,lidar0,lidar0_depth,0,0,0,0,0,0.0005199999577598646,0.0009879999197437428,0.011729999641829636,6396,7.1168,10.0,0.0034112
openmarcie_printer,cpu,early_fusion,openmarcie_printer__only_depth__qwen3_8b,qwen3_8b,only_depth,edge,lidar1,lidar1_depth,0,0,0,0,0,0.0004399998942972161,0.0005750001037085894,0.008851000075082993,6396,7.1168,10.0,0.0034112
openmarcie_printer,cpu,early_fusion,openmarcie_printer__only_depth__qwen3_8b,qwen3_8b,only_depth,edge,rgbd_imu0,rgbd_imu0_depth,0,0,0,0,0,0.0004200001058052294,0.0005730001248593908,0.008579999757785117,6396,7.1168,10.0,0.0034112
openmarcie_printer,cpu,early_fusion,openmarcie_printer__only_depth__qwen3_8b,qwen3_8b,only_depth,edge,rgbd_imu1,rgbd_imu1_depth,0,0,0,0,0,0.000440000349044567,0.0005209999017097289,0.008560000424040481,6396,7.1168,10.0,0.0034112
openmarcie_printer,cpu,early_fusion,openmarcie_printer__only_depth__qwen3_8b,qwen3_8b,only_depth,edge,room_rgbd0,room_rgbd0_depth,0,0,0,0,0,0.00041000021155923605,0.0005000000783184078,0.008680000064487103,6396,7.1168,10.0,0.0034112
openmarcie_printer,cpu,early_fusion,openmarcie_printer__only_depth__qwen3_8b,qwen3_8b,only_depth,edge,room_rgbd1,room_rgbd1_depth,0,0,0,0,0,0.00038999996831989847,0.0005519998921954539,0.008590000106778461,6396,7.1168,10.0,0.0034112
openmarcie_printer,cpu,early_fusion,openmarcie_printer__only_depth__qwen3_8b,qwen3_8b,only_depth,core,core,,66904,267616,0,287267,4443520,0.9611139998924045,1.0114879000411747,0.03835000006802147,,,,
openmarcie_printer,cpu,early_fusion,openmarcie_printer__only_depth__qwen3_8b,qwen3_8b,only_depth,core,core_language,,8207651840,16449136640,256,,1475736384640,2575.5095930003336,2583.4369261997836,1.8747080002867733,,,,
openmarcie_printer,cpu,late_fusion,openmarcie_printer__only_depth__qwen3_8b,qwen3_8b,only_depth,edge,lidar0,lidar0_depth,18188,72752,0,76165,1127168,0.1832299999477982,0.20151890012130025,0.008070000149018597,96,2.0768,10.0,5.12e-05
openmarcie_printer,cpu,late_fusion,openmarcie_printer__only_depth__qwen3_8b,qwen3_8b,only_depth,edge,lidar1,lidar1_depth,18188,72752,0,76165,1127168,0.17754000009517767,0.1888089000203763,0.008060999789449852,96,2.0768,10.0,5.12e-05
openmarcie_printer,cpu,late_fusion,openmarcie_printer__only_depth__qwen3_8b,qwen3_8b,only_depth,edge,rgbd_imu0,rgbd_imu0_depth,18188,72752,0,76165,1127168,0.16341099990313523,0.1758030998189497,0.0079100000220933,96,2.0768,10.0,5.12e-05
openmarcie_printer,cpu,late_fusion,openmarcie_printer__only_depth__qwen3_8b,qwen3_8b,only_depth,edge,rgbd_imu1,rgbd_imu1_depth,18188,72752,0,76165,1127168,0.16102099971249118,0.17449400006626092,0.008129999969241908,96,2.0768,10.0,5.12e-05
openmarcie_printer,cpu,late_fusion,openmarcie_printer__only_depth__qwen3_8b,qwen3_8b,only_depth,edge,room_rgbd0,room_rgbd0_depth,18188,72752,0,76165,1127168,0.17114000002038665,0.1753618999828177,0.008090000392257934,96,2.0768,10.0,5.12e-05
openmarcie_printer,cpu,late_fusion,openmarcie_printer__only_depth__qwen3_8b,qwen3_8b,only_depth,edge,room_rgbd1,room_rgbd1_depth,18188,72752,0,76165,1127168,0.1614409998182964,0.17336600017188175,0.0079100000220933,96,2.0768,10.0,5.12e-05
openmarcie_printer,cpu,late_fusion,openmarcie_printer__only_depth__qwen3_8b,qwen3_8b,only_depth,core,core,,0,0,0,0,0,0.05083999985799892,0.05736500002058165,0.03375999995114398,,,,
openmarcie_printer,cpu,late_fusion,openmarcie_printer__only_depth__qwen3_8b,qwen3_8b,only_depth,core,core_language,,8190735360,16381470720,256,,1264617925888,2519.029462999697,2528.464699399774,0.21788100002595456,,,,
openmarcie_printer,cpu,local_only,openmarcie_printer__only_depth__qwen3_8b,qwen3_8b,only_depth,edge,lidar0,lidar0_depth,18188,72752,0,76165,1127168,0.19893099988621543,0.21439300007841666,0.007769999683659989,52,2.0416,10.0,2.7733333333333334e-05
openmarcie_printer,cpu,local_only,openmarcie_printer__only_depth__qwen3_8b,qwen3_8b,only_depth,edge,lidar1,lidar1_depth,18188,72752,0,76165,1127168,0.172050999935891,0.1980781001293508,0.007920000371086644,52,2.0416,10.0,2.7733333333333334e-05
openmarcie_printer,cpu,local_only,openmarcie_printer__only_depth__qwen3_8b,qwen3_8b,only_depth,edge,rgbd_imu0,rgbd_imu0_depth,18188,72752,0,76165,1127168,0.1727110002320842,0.1818181000999175,0.007920000371086644,52,2.0416,10.0,2.7733333333333334e-05
openmarcie_printer,cpu,local_only,openmarcie_printer__only_depth__qwen3_8b,qwen3_8b,only_depth,edge,rgbd_imu1,rgbd_imu1_depth,18188,72752,0,76165,1127168,0.16599100035818992,0.17976100002670137,0.007879999884607969,52,2.0416,10.0,2.7733333333333334e-05
openmarcie_printer,cpu,local_only,openmarcie_printer__only_depth__qwen3_8b,qwen3_8b,only_depth,edge,room_rgbd0,room_rgbd0_depth,18188,72752,0,76165,1127168,0.1658510000197566,0.1810159996693983,0.007800000275892671,52,2.0416,10.0,2.7733333333333334e-05
openmarcie_printer,cpu,local_only,openmarcie_printer__only_depth__qwen3_8b,qwen3_8b,only_depth,edge,room_rgbd1,room_rgbd1_depth,18188,72752,0,76165,1127168,0.1737909997245879,0.1799649999156827,0.007989999630808597,52,2.0416,10.0,2.7733333333333334e-05
openmarcie_printer,cpu,local_only,openmarcie_printer__only_depth__qwen3_8b,qwen3_8b,only_depth,core,core,,0,0,0,0,0,0.07360100016740034,0.08628109990240773,0.0341999998454412,,,,
openmarcie_printer,cpu,local_only,openmarcie_printer__only_depth__qwen3_8b,qwen3_8b,only_depth,core,core_language,,8190735360,16381470720,256,,1264617925888,2519.029462999697,2528.464699399774,0.19526999994923244,,,,
openmarcie_printer,cpu,bottleneck,openmarcie_printer__only_depth__qwen3_8b,qwen3_8b,only_depth,edge,lidar0,lidar0_depth,17924,71696,0,75141,1134592,0.19676100009746733,0.2135099997758516,0.008610999884695048,684,2.5472,10.0,0.0003648
openmarcie_printer,cpu,bottleneck,openmarcie_printer__only_depth__qwen3_8b,qwen3_8b,only_depth,edge,lidar1,lidar1_depth,17924,71696,0,75141,1134592,0.18670100007511792,0.19938200020988006,0.008720000096218428,684,2.5472,10.0,0.0003648
openmarcie_printer,cpu,bottleneck,openmarcie_printer__only_depth__qwen3_8b,qwen3_8b,only_depth,edge,rgbd_imu0,rgbd_imu0_depth,17924,71696,0,75141,1134592,0.18909100026576198,0.20242900000084774,0.008450000223092502,684,2.5472,10.0,0.0003648
openmarcie_printer,cpu,bottleneck,openmarcie_printer__only_depth__qwen3_8b,qwen3_8b,only_depth,edge,rgbd_imu1,rgbd_imu1_depth,17924,71696,0,75141,1134592,0.21128099979250692,0.25423799979762407,0.008540000180801144,684,2.5472,10.0,0.0003648
openmarcie_printer,cpu,bottleneck,openmarcie_printer__only_depth__qwen3_8b,qwen3_8b,only_depth,edge,room_rgbd0,room_rgbd0_depth,17924,71696,0,75141,1134592,0.1990709997699014,0.1994129998365679,0.00850000014906982,684,2.5472,10.0,0.0003648
openmarcie_printer,cpu,bottleneck,openmarcie_printer__only_depth__qwen3_8b,qwen3_8b,only_depth,edge,room_rgbd1,room_rgbd1_depth,17924,71696,0,75141,1134592,0.1939600001605868,0.20001790035166778,0.008400000297115184,684,2.5472,10.0,0.0003648
openmarcie_printer,cpu,bottleneck,openmarcie_printer__only_depth__qwen3_8b,qwen3_8b,only_depth,core,core,,28856,115424,0,130637,19649920,0.7124129997464479,0.754641000094125,0.034529999993537785,,,,
openmarcie_printer,cpu,bottleneck,openmarcie_printer__only_depth__qwen3_8b,qwen3_8b,only_depth,core,core_language,,8207651840,16449136640,256,,3738049610880,3224.635591000151,3274.7781874002612,7.568844000161334,,,,
openmarcie_printer,cpu,tokenlearner,openmarcie_printer__only_depth__qwen3_8b,qwen3_8b,only_depth,edge,lidar0,lidar0_depth,19112,76448,0,80383,1225216,0.2138610002475616,0.2293950000876066,0.008520000392309157,1100,2.88,10.0,0.0005866666666666667
openmarcie_printer,cpu,tokenlearner,openmarcie_printer__only_depth__qwen3_8b,qwen3_8b,only_depth,edge,lidar1,lidar1_depth,19112,76448,0,80383,1225216,0.19854099991789553,0.2161720000913192,0.00825000006443588,1100,2.88,10.0,0.0005866666666666667
openmarcie_printer,cpu,tokenlearner,openmarcie_printer__only_depth__qwen3_8b,qwen3_8b,only_depth,edge,rgbd_imu0,rgbd_imu0_depth,19112,76448,0,80383,1225216,0.19532099986463436,0.20967599989489827,0.008170000000973232,1100,2.88,10.0,0.0005866666666666667
openmarcie_printer,cpu,tokenlearner,openmarcie_printer__only_depth__qwen3_8b,qwen3_8b,only_depth,edge,rgbd_imu1,rgbd_imu1_depth,19112,76448,0,80383,1225216,0.1917009999488073,0.20731509976030793,0.008139999863487901,1100,2.88,10.0,0.0005866666666666667
openmarcie_printer,cpu,tokenlearner,openmarcie_printer__only_depth__qwen3_8b,qwen3_8b,only_depth,edge,room_rgbd0,room_rgbd0_depth,19112,76448,0,80383,1225216,0.19881099979102146,0.2598130000933452,0.0082210003711225,1100,2.88,10.0,0.0005866666666666667
openmarcie_printer,cpu,tokenlearner,openmarcie_printer__only_depth__qwen3_8b,qwen3_8b,only_depth,edge,room_rgbd1,room_rgbd1_depth,19112,76448,0,80383,1225216,0.20108099988647155,0.2086229999349598,0.00836000026538386,1100,2.88,10.0,0.0005866666666666667
openmarcie_printer,cpu,tokenlearner,openmarcie_printer__only_depth__qwen3_8b,qwen3_8b,only_depth,core,core,,27896,111584,0,123185,3168640,0.34510099976614583,0.3663959000732575,0.03462999984549242,,,,
openmarcie_printer,cpu,tokenlearner,openmarcie_printer__only_depth__qwen3_8b,qwen3_8b,only_depth,core,core_language,,8207651840,16449136640,256,,1700608752768,2620.595711000078,2658.427397300102,2.3129799997150258,,,,
openmarcie_printer,cpu,posthoc_vq,openmarcie_printer__only_depth__qwen3_8b,qwen3_8b,only_depth,edge,lidar0,lidar0_depth,23936,95744,0,99017,1191936,0.25540099977661157,0.31748389969834534,0.01311999994868529,204,2.1632,10.0,0.0001088
openmarcie_printer,cpu,posthoc_vq,openmarcie_printer__only_depth__qwen3_8b,qwen3_8b,only_depth,edge,lidar1,lidar1_depth,23936,95744,0,99017,1191936,0.24992199996631825,0.26451909989191336,0.013070000022707973,204,2.1632,10.0,0.0001088
openmarcie_printer,cpu,posthoc_vq,openmarcie_printer__only_depth__qwen3_8b,qwen3_8b,only_depth,edge,rgbd_imu0,rgbd_imu0_depth,23936,95744,0,99017,1191936,0.25546100005158223,0.2586380000138888,0.013220000255387276,204,2.1632,10.0,0.0001088
openmarcie_printer,cpu,posthoc_vq,openmarcie_printer__only_depth__qwen3_8b,qwen3_8b,only_depth,edge,rgbd_imu1,rgbd_imu1_depth,23936,95744,0,99017,1191936,0.24338100001841667,0.25984199987760803,0.012940000033268007,204,2.1632,10.0,0.0001088
openmarcie_printer,cpu,posthoc_vq,openmarcie_printer__only_depth__qwen3_8b,qwen3_8b,only_depth,edge,room_rgbd0,room_rgbd0_depth,23936,95744,0,99017,1191936,0.24700099993424374,0.25514599974485463,0.013020000096730655,204,2.1632,10.0,0.0001088
openmarcie_printer,cpu,posthoc_vq,openmarcie_printer__only_depth__qwen3_8b,qwen3_8b,only_depth,edge,room_rgbd1,room_rgbd1_depth,23936,95744,0,99017,1191936,0.24350100011361064,0.26598299973557005,0.012829999832320027,204,2.1632,10.0,0.0001088
openmarcie_printer,cpu,posthoc_vq,openmarcie_printer__only_depth__qwen3_8b,qwen3_8b,only_depth,core,core,,34040,136160,0,148078,19600768,0.6059529996491619,0.6301359996996325,0.05501999976331717,,,,
openmarcie_printer,cpu,posthoc_vq,openmarcie_printer__only_depth__qwen3_8b,qwen3_8b,only_depth,core,core_language,,8207651840,16449136640,256,,3738049610880,3224.635591000151,3274.7781874002612,6.898200999785331,,,,
openmarcie_printer,cpu,joint_vq,openmarcie_printer__only_depth__qwen3_8b,qwen3_8b,only_depth,edge,lidar0,lidar0_depth,26312,105248,0,110006,1257984,0.3008409998983552,0.3158178999001393,0.012570000308187446,84,2.0672,10.0,4.48e-05
openmarcie_printer,cpu,joint_vq,openmarcie_printer__only_depth__qwen3_8b,qwen3_8b,only_depth,edge,lidar1,lidar1_depth,26312,105248,0,110006,1257984,0.28544199994939845,0.30012009983693133,0.012519999927462777,84,2.0672,10.0,4.48e-05
openmarcie_printer,cpu,joint_vq,openmarcie_printer__only_depth__qwen3_8b,qwen3_8b,only_depth,edge,rgbd_imu0,rgbd_imu0_depth,26312,105248,0,110006,1257984,0.2768310000647034,0.29148389980946376,0.012319999768806156,84,2.0672,10.0,4.48e-05
openmarcie_printer,cpu,joint_vq,openmarcie_printer__only_depth__qwen3_8b,qwen3_8b,only_depth,edge,rgbd_imu1,rgbd_imu1_depth,26312,105248,0,110006,1257984,0.2770020000752993,0.2881161000004795,0.012770000012096716,84,2.0672,10.0,4.48e-05
openmarcie_printer,cpu,joint_vq,openmarcie_printer__only_depth__qwen3_8b,qwen3_8b,only_depth,edge,room_rgbd0,room_rgbd0_depth,26312,105248,0,110006,1257984,0.2766210000118008,0.291399000070669,0.012510000033216784,84,2.0672,10.0,4.48e-05
openmarcie_printer,cpu,joint_vq,openmarcie_printer__only_depth__qwen3_8b,qwen3_8b,only_depth,edge,room_rgbd1,room_rgbd1_depth,26312,105248,0,110006,1257984,0.27981199991700123,0.28969309978492674,0.012399999832268804,84,2.0672,10.0,4.48e-05
openmarcie_printer,cpu,joint_vq,openmarcie_printer__only_depth__qwen3_8b,qwen3_8b,only_depth,core,core,,34040,136160,0,148078,3168640,0.42329200005042367,0.456204999863985,0.051789999815810006,,,,
openmarcie_printer,cpu,joint_vq,openmarcie_printer__only_depth__qwen3_8b,qwen3_8b,only_depth,core,core_language,,8207651840,16449136640,256,,1700608752768,2620.595711000078,2658.427397300102,2.3048100001688,,,,
openmarcie_printer,cpu,deepconvlstm,openmarcie_printer__only_depth__qwen3_8b,qwen3_8b,only_depth,edge,lidar0,lidar0_depth,0,0,0,0,0,0.0005899996722291689,0.0007970003480295418,0.009500000032858225,6396,7.1168,10.0,0.0034112
openmarcie_printer,cpu,deepconvlstm,openmarcie_printer__only_depth__qwen3_8b,qwen3_8b,only_depth,edge,lidar1,lidar1_depth,0,0,0,0,0,0.0004899998202745337,0.0006610000582440989,0.00898000007509836,6396,7.1168,10.0,0.0034112
openmarcie_printer,cpu,deepconvlstm,openmarcie_printer__only_depth__qwen3_8b,qwen3_8b,only_depth,edge,rgbd_imu0,rgbd_imu0_depth,0,0,0,0,0,0.0004399998942972161,0.0005479999799717916,0.008779999916441739,6396,7.1168,10.0,0.0034112
openmarcie_printer,cpu,deepconvlstm,openmarcie_printer__only_depth__qwen3_8b,qwen3_8b,only_depth,edge,rgbd_imu1,rgbd_imu1_depth,0,0,0,0,0,0.0004199996510578785,0.0005459999556478579,0.00878000037118909,6396,7.1168,10.0,0.0034112
openmarcie_printer,cpu,deepconvlstm,openmarcie_printer__only_depth__qwen3_8b,qwen3_8b,only_depth,edge,room_rgbd0,room_rgbd0_depth,0,0,0,0,0,0.0004399998942972161,0.0005210002655076096,0.008880000223143725,6396,7.1168,10.0,0.0034112
openmarcie_printer,cpu,deepconvlstm,openmarcie_printer__only_depth__qwen3_8b,qwen3_8b,only_depth,edge,room_rgbd1,room_rgbd1_depth,0,0,0,0,0,0.0004200001058052294,0.0004919997536489973,0.008890000117389718,6396,7.1168,10.0,0.0034112
openmarcie_printer,cpu,deepconvlstm,openmarcie_printer__only_depth__qwen3_8b,qwen3_8b,only_depth,core,core,,120716,482864,0,495525,7611136,0.882853999883082,0.9010970001327223,0.037850999888178194,,,,
openmarcie_printer,cpu,deepconvlstm,openmarcie_printer__only_depth__qwen3_8b,qwen3_8b,only_depth,core,core_language,,8207651840,16449136640,256,,1475736384640,2575.5095930003336,2583.4369261997836,1.881949000107852,,,,
openmarcie_printer,cpu,unrestricted_bank,openmarcie_printer__only_depth__qwen3_8b,qwen3_8b,only_depth,edge,lidar0,lidar0_depth,26504,106016,0,111027,1339904,0.2714110000852088,0.2844079001533828,0.017110000044340268,84,2.0672,10.0,4.48e-05
openmarcie_printer,cpu,unrestricted_bank,openmarcie_printer__only_depth__qwen3_8b,qwen3_8b,only_depth,edge,lidar1,lidar1_depth,26504,106016,0,111027,1339904,0.258920999840484,0.2771369999663875,0.01740000016070553,84,2.0672,10.0,4.48e-05
openmarcie_printer,cpu,unrestricted_bank,openmarcie_printer__only_depth__qwen3_8b,qwen3_8b,only_depth,edge,rgbd_imu0,rgbd_imu0_depth,26504,106016,0,111027,1339904,0.2530709998609382,0.2675079002528946,0.017349999779980863,84,2.0672,10.0,4.48e-05
openmarcie_printer,cpu,unrestricted_bank,openmarcie_printer__only_depth__qwen3_8b,qwen3_8b,only_depth,edge,rgbd_imu1,rgbd_imu1_depth,26504,106016,0,111027,1339904,0.25762099994608434,0.3236908998587751,0.017190000107802916,84,2.0672,10.0,4.48e-05
openmarcie_printer,cpu,unrestricted_bank,openmarcie_printer__only_depth__qwen3_8b,qwen3_8b,only_depth,edge,room_rgbd0,room_rgbd0_depth,26504,106016,0,111027,1339904,0.2577509999355243,0.2640420001171151,0.01708999980110093,84,2.0672,10.0,4.48e-05
openmarcie_printer,cpu,unrestricted_bank,openmarcie_printer__only_depth__qwen3_8b,qwen3_8b,only_depth,edge,room_rgbd1,room_rgbd1_depth,26504,106016,0,111027,1339904,0.2662110000528628,0.2851209002074029,0.017020000086631626,84,2.0672,10.0,4.48e-05
openmarcie_printer,cpu,unrestricted_bank,openmarcie_printer__only_depth__qwen3_8b,qwen3_8b,only_depth,core,core,,34040,136160,0,148078,3168640,0.4740620001939533,0.4957880000347359,0.07176999997682287,,,,
openmarcie_printer,cpu,unrestricted_bank,openmarcie_printer__only_depth__qwen3_8b,qwen3_8b,only_depth,core,core_language,,8207651840,16449136640,256,,1700608752768,2620.595711000078,2658.427397300102,2.334339999833901,,,,
openmarcie_printer,cpu,separate_banks,openmarcie_printer__only_depth__qwen3_8b,qwen3_8b,only_depth,edge,lidar0,lidar0_depth,21224,84896,0,89907,1257984,0.21927099987806287,0.2374509999754082,0.012540000170702115,84,2.0672,10.0,4.48e-05
openmarcie_printer,cpu,separate_banks,openmarcie_printer__only_depth__qwen3_8b,qwen3_8b,only_depth,edge,lidar1,lidar1_depth,21224,84896,0,89907,1257984,0.20982099977118196,0.22940499975447892,0.012340000012045493,84,2.0672,10.0,4.48e-05
openmarcie_printer,cpu,separate_banks,openmarcie_printer__only_depth__qwen3_8b,qwen3_8b,only_depth,edge,rgbd_imu0,rgbd_imu0_depth,21224,84896,0,89907,1257984,0.20880100009890157,0.2214910001384851,0.012479999895731453,84,2.0672,10.0,4.48e-05
openmarcie_printer,cpu,separate_banks,openmarcie_printer__only_depth__qwen3_8b,qwen3_8b,only_depth,edge,rgbd_imu1,rgbd_imu1_depth,21224,84896,0,89907,1257984,0.20957099968654802,0.23008200009826396,0.012389999938022811,84,2.0672,10.0,4.48e-05
openmarcie_printer,cpu,separate_banks,openmarcie_printer__only_depth__qwen3_8b,qwen3_8b,only_depth,edge,room_rgbd0,room_rgbd0_depth,21224,84896,0,89907,1257984,0.2087309999296849,0.21986400006426265,0.012040999990858836,84,2.0672,10.0,4.48e-05
openmarcie_printer,cpu,separate_banks,openmarcie_printer__only_depth__qwen3_8b,qwen3_8b,only_depth,edge,room_rgbd1,room_rgbd1_depth,21224,84896,0,89907,1257984,0.2175909999095893,0.22088499986239185,0.012211000012030127,84,2.0672,10.0,4.48e-05
openmarcie_printer,cpu,separate_banks,openmarcie_printer__only_depth__qwen3_8b,qwen3_8b,only_depth,core,core,,34040,136160,0,149535,3168640,0.43585200000961777,0.47055600011844945,0.05095999995319289,,,,
openmarcie_printer,cpu,separate_banks,openmarcie_printer__only_depth__qwen3_8b,qwen3_8b,only_depth,core,core_language,,8207651840,16449136640,256,,1700608752768,2620.595711000078,2658.427397300102,2.3693399998592213,,,,
openmarcie_printer,cpu,fixed_resampling,openmarcie_printer__only_depth__qwen3_8b,qwen3_8b,only_depth,edge,lidar0,lidar0_depth,21224,84896,0,89907,983552,0.13939000018581282,0.1582909000262589,0.012589999641932081,84,2.0672,10.0,4.48e-05
openmarcie_printer,cpu,fixed_resampling,openmarcie_printer__only_depth__qwen3_8b,qwen3_8b,only_depth,edge,lidar1,lidar1_depth,21224,84896,0,89907,983552,0.13791999981549452,0.15241090004565194,0.01250000013897079,84,2.0672,10.0,4.48e-05
openmarcie_printer,cpu,fixed_resampling,openmarcie_printer__only_depth__qwen3_8b,qwen3_8b,only_depth,edge,rgbd_imu0,rgbd_imu0_depth,21224,84896,0,89907,983552,0.14218100022844737,0.14850800002932374,0.012460000107239466,84,2.0672,10.0,4.48e-05
openmarcie_printer,cpu,fixed_resampling,openmarcie_printer__only_depth__qwen3_8b,qwen3_8b,only_depth,edge,rgbd_imu1,rgbd_imu1_depth,21224,84896,0,89907,983552,0.1343809999525547,0.14599099995393772,0.012169999990874203,84,2.0672,10.0,4.48e-05
openmarcie_printer,cpu,fixed_resampling,openmarcie_printer__only_depth__qwen3_8b,qwen3_8b,only_depth,edge,room_rgbd0,room_rgbd0_depth,21224,84896,0,89907,983552,0.1333909999630123,0.14713399991705955,0.012299999980314169,84,2.0672,10.0,4.48e-05
openmarcie_printer,cpu,fixed_resampling,openmarcie_printer__only_depth__qwen3_8b,qwen3_8b,only_depth,edge,room_rgbd1,room_rgbd1_depth,21224,84896,0,89907,983552,0.13424100006886874,0.15348209999501705,0.0123300001177995,84,2.0672,10.0,4.48e-05
openmarcie_printer,cpu,fixed_resampling,openmarcie_printer__only_depth__qwen3_8b,qwen3_8b,only_depth,core,core,,34040,136160,0,148078,3168640,0.4282119998606504,0.4507750002630928,0.0519499999427353,,,,
openmarcie_printer,cpu,fixed_resampling,openmarcie_printer__only_depth__qwen3_8b,qwen3_8b,only_depth,core,core_language,,8207651840,16449136640,256,,1700608752768,2620.595711000078,2658.427397300102,2.3214200000438723,,,,
openmarcie_printer,cpu,finetune_encoders,openmarcie_printer__only_depth__qwen3_8b,qwen3_8b,only_depth,edge,lidar0,lidar0_depth,21224,84896,0,89907,1257984,0.2262909997625684,0.24169089979295677,0.01277999990634271,84,2.0672,10.0,4.48e-05
openmarcie_printer,cpu,finetune_encoders,openmarcie_printer__only_depth__qwen3_8b,qwen3_8b,only_depth,edge,lidar1,lidar1_depth,21224,84896,0,89907,1257984,0.21091100006742636,0.22444700016421848,0.012210000022605527,84,2.0672,10.0,4.48e-05
openmarcie_printer,cpu,finetune_encoders,openmarcie_printer__only_depth__qwen3_8b,qwen3_8b,only_depth,edge,rgbd_imu0,rgbd_imu0_depth,21224,84896,0,89907,1257984,0.22388099978343234,0.22537499994541577,0.012400000287016155,84,2.0672,10.0,4.48e-05
openmarcie_printer,cpu,finetune_encoders,openmarcie_printer__only_depth__qwen3_8b,qwen3_8b,only_depth,edge,rgbd_imu1,rgbd_imu1_depth,21224,84896,0,89907,1257984,0.22222100005819811,0.24067099975582096,0.015579999853798654,84,2.0672,10.0,4.48e-05
openmarcie_printer,cpu,finetune_encoders,openmarcie_printer__only_depth__qwen3_8b,qwen3_8b,only_depth,edge,room_rgbd0,room_rgbd0_depth,21224,84896,0,89907,1257984,0.21265099985612324,0.21923900017100095,0.012129999959142879,84,2.0672,10.0,4.48e-05
openmarcie_printer,cpu,finetune_encoders,openmarcie_printer__only_depth__qwen3_8b,qwen3_8b,only_depth,edge,room_rgbd1,room_rgbd1_depth,21224,84896,0,89907,1257984,0.2086810000037076,0.22088500027166447,0.012360000255284831,84,2.0672,10.0,4.48e-05
openmarcie_printer,cpu,finetune_encoders,openmarcie_printer__only_depth__qwen3_8b,qwen3_8b,only_depth,core,core,,34040,136160,0,148078,3168640,0.4211820000818989,0.45437399980983173,0.0513310001224454,,,,
openmarcie_printer,cpu,finetune_encoders,openmarcie_printer__only_depth__qwen3_8b,qwen3_8b,only_depth,core,core_language,,8207651840,16449136640,256,,1700608752768,2620.595711000078,2658.427397300102,2.3539799999525712,,,,
openmarcie_printer,cpu,no_alignment,openmarcie_printer__only_depth__qwen3_8b,qwen3_8b,only_depth,edge,lidar0,lidar0_depth,21224,84896,0,89907,1257984,0.21558099979301915,0.2772400001049391,0.012459999652492115,84,2.0672,10.0,4.48e-05
openmarcie_printer,cpu,no_alignment,openmarcie_printer__only_depth__qwen3_8b,qwen3_8b,only_depth,edge,lidar1,lidar1_depth,21224,84896,0,89907,1257984,0.21278100030031055,0.23537999991276592,0.012210000022605527,84,2.0672,10.0,4.48e-05
openmarcie_printer,cpu,no_alignment,openmarcie_printer__only_depth__qwen3_8b,qwen3_8b,only_depth,edge,rgbd_imu0,rgbd_imu0_depth,21224,84896,0,89907,1257984,0.20751099964400055,0.22218999993128818,0.012439999864000129,84,2.0672,10.0,4.48e-05
openmarcie_printer,cpu,no_alignment,openmarcie_printer__only_depth__qwen3_8b,qwen3_8b,only_depth,edge,rgbd_imu1,rgbd_imu1_depth,21224,84896,0,89907,1257984,0.20754099978148588,0.22363299985954654,0.01216000009662821,84,2.0672,10.0,4.48e-05
openmarcie_printer,cpu,no_alignment,openmarcie_printer__only_depth__qwen3_8b,qwen3_8b,only_depth,edge,room_rgbd0,room_rgbd0_depth,21224,84896,0,89907,1257984,0.20552100022541708,0.22082999998929154,0.01537000025564339,84,2.0672,10.0,4.48e-05
openmarcie_printer,cpu,no_alignment,openmarcie_printer__only_depth__qwen3_8b,qwen3_8b,only_depth,edge,room_rgbd1,room_rgbd1_depth,21224,84896,0,89907,1257984,0.22023099973011995,0.22537900013048784,0.012450000212993473,84,2.0672,10.0,4.48e-05
openmarcie_printer,cpu,no_alignment,openmarcie_printer__only_depth__qwen3_8b,qwen3_8b,only_depth,core,core,,34040,136160,0,148078,3168640,0.41825200014500297,0.44544999982463196,0.05140000030223746,,,,
openmarcie_printer,cpu,no_alignment,openmarcie_printer__only_depth__qwen3_8b,qwen3_8b,only_depth,core,core_language,,8207651840,16449136640,256,,1700608752768,2620.595711000078,2658.427397300102,2.3162299999057723,,,,
openmarcie_printer,cpu,no_usage,openmarcie_printer__only_depth__qwen3_8b,qwen3_8b,only_depth,edge,lidar0,lidar0_depth,21224,84896,0,89907,1257984,0.2154210001208412,0.23624700006621424,0.012869999864051351,84,2.0672,10.0,4.48e-05
openmarcie_printer,cpu,no_usage,openmarcie_printer__only_depth__qwen3_8b,qwen3_8b,only_depth,edge,lidar1,lidar1_depth,21224,84896,0,89907,1257984,0.2117909998560208,0.23251800002981327,0.012460000107239466,84,2.0672,10.0,4.48e-05
openmarcie_printer,cpu,no_usage,openmarcie_printer__only_depth__qwen3_8b,qwen3_8b,only_depth,edge,rgbd_imu0,rgbd_imu0_depth,21224,84896,0,89907,1257984,0.2048809997177159,0.21982100010973227,0.012360000255284831,84,2.0672,10.0,4.48e-05
openmarcie_printer,cpu,no_usage,openmarcie_printer__only_depth__qwen3_8b,qwen3_8b,only_depth,edge,rgbd_imu1,rgbd_imu1_depth,21224,84896,0,89907,1257984,0.2239300001747324,0.22628890019404935,0.012720000086119398,84,2.0672,10.0,4.48e-05
openmarcie_printer,cpu,no_usage,openmarcie_printer__only_depth__qwen3_8b,qwen3_8b,only_depth,edge,room_rgbd0,room_rgbd0_depth,21224,84896,0,89907,1257984,0.20467099966481328,0.21992599999975937,0.01562999977977597,84,2.0672,10.0,4.48e-05
openmarcie_printer,cpu,no_usage,openmarcie_printer__only_depth__qwen3_8b,qwen3_8b,only_depth,edge,room_rgbd1,room_rgbd1_depth,21224,84896,0,89907,1257984,0.2113810000992089,0.21984099985274952,0.01264000002265675,84,2.0672,10.0,4.48e-05
openmarcie_printer,cpu,no_usage,openmarcie_printer__only_depth__qwen3_8b,qwen3_8b,only_depth,core,core,,34040,136160,0,148078,3168640,0.42264200010322384,0.44274799988670566,0.05239999973127851,,,,
openmarcie_printer,cpu,no_usage,openmarcie_printer__only_depth__qwen3_8b,qwen3_8b,only_depth,core,core_language,,8207651840,16449136640,256,,1700608752768,2620.595711000078,2658.427397300102,2.3617109995939245,,,,
openmarcie_printer,cpu,tcn,openmarcie_printer__only_depth__qwen3_8b,qwen3_8b,only_depth,edge,lidar0,lidar0_depth,0,0,0,0,0,0.0005100000635138713,0.0007800000730640022,0.009350000254926272,6396,7.1168,10.0,0.0034112
openmarcie_printer,cpu,tcn,openmarcie_printer__only_depth__qwen3_8b,qwen3_8b,only_depth,edge,lidar1,lidar1_depth,0,0,0,0,0,0.00043000000005122274,0.0005830000191053841,0.008779999916441739,6396,7.1168,10.0,0.0034112
openmarcie_printer,cpu,tcn,openmarcie_printer__only_depth__qwen3_8b,qwen3_8b,only_depth,edge,rgbd_imu0,rgbd_imu0_depth,0,0,0,0,0,0.0004200001058052294,0.000554999905943987,0.008720000096218428,6396,7.1168,10.0,0.0034112
openmarcie_printer,cpu,tcn,openmarcie_printer__only_depth__qwen3_8b,qwen3_8b,only_depth,edge,rgbd_imu1,rgbd_imu1_depth,0,0,0,0,0,0.0004399998942972161,0.0005569998847931856,0.008650999916426372,6396,7.1168,10.0,0.0034112
openmarcie_printer,cpu,tcn,openmarcie_printer__only_depth__qwen3_8b,qwen3_8b,only_depth,edge,room_rgbd0,room_rgbd0_depth,0,0,0,0,0,0.0004200001058052294,0.0005009996584703913,0.008689999958733097,6396,7.1168,10.0,0.0034112
openmarcie_printer,cpu,tcn,openmarcie_printer__only_depth__qwen3_8b,qwen3_8b,only_depth,edge,room_rgbd1,room_rgbd1_depth,0,0,0,0,0,0.00041000021155923605,0.0005270002020552056,0.008629999683762435,6396,7.1168,10.0,0.0034112
openmarcie_printer,cpu,tcn,openmarcie_printer__only_depth__qwen3_8b,qwen3_8b,only_depth,core,core,,52632,210528,0,224729,3257472,0.8921740000005229,0.9154480002507626,0.036359999739943305,,,,
openmarcie_printer,cpu,tcn,openmarcie_printer__only_depth__qwen3_8b,qwen3_8b,only_depth,core,core_language,,8207651840,16449136640,256,,1475736384640,2575.5095930003336,2583.4369261997836,1.840719000028912,,,,
openmarcie_printer,cpu,ts_transformer,openmarcie_printer__only_depth__qwen3_8b,qwen3_8b,only_depth,edge,lidar0,lidar0_depth,0,0,0,0,0,0.0004699995770351961,0.0008129000434564659,0.009079999927052995,6396,7.1168,10.0,0.0034112
openmarcie_printer,cpu,ts_transformer,openmarcie_printer__only_depth__qwen3_8b,qwen3_8b,only_depth,edge,lidar1,lidar1_depth,0,0,0,0,0,0.00047999992602854036,0.0006059998213459039,0.008640000032755779,6396,7.1168,10.0,0.0034112
openmarcie_printer,cpu,ts_transformer,openmarcie_printer__only_depth__qwen3_8b,qwen3_8b,only_depth,edge,rgbd_imu0,rgbd_imu0_depth,0,0,0,0,0,0.000470000031782547,0.0006230000508367084,0.008590000106778461,6396,7.1168,10.0,0.0034112
openmarcie_printer,cpu,ts_transformer,openmarcie_printer__only_depth__qwen3_8b,qwen3_8b,only_depth,edge,rgbd_imu1,rgbd_imu1_depth,0,0,0,0,0,0.00044999978854320943,0.0004860002263740171,0.00855999996929313,6396,7.1168,10.0,0.0034112
openmarcie_printer,cpu,ts_transformer,openmarcie_printer__only_depth__qwen3_8b,qwen3_8b,only_depth,edge,room_rgbd0,room_rgbd0_depth,0,0,0,0,0,0.00038999996831989847,0.0005250001777312718,0.008720000096218428,6396,7.1168,10.0,0.0034112
openmarcie_printer,cpu,ts_transformer,openmarcie_printer__only_depth__qwen3_8b,qwen3_8b,only_depth,edge,room_rgbd1,room_rgbd1_depth,0,0,0,0,0,0.0004200001058052294,0.0005009996584703913,0.008550000075047137,6396,7.1168,10.0,0.0034112
openmarcie_printer,cpu,ts_transformer,openmarcie_printer__only_depth__qwen3_8b,qwen3_8b,only_depth,core,core,,65496,261984,0,279797,4306048,0.9175139998660597,0.9619560001283389,0.036129999898548704,,,,
openmarcie_printer,cpu,ts_transformer,openmarcie_printer__only_depth__qwen3_8b,qwen3_8b,only_depth,core,core_language,,8207651840,16449136640,256,,1475736384640,2575.5095930003336,2583.4369261997836,1.8331080000280053,,,,
openmarcie_printer,cpu,patchtst,openmarcie_printer__only_depth__qwen3_8b,qwen3_8b,only_depth,edge,lidar0,lidar0_depth,0,0,0,0,0,0.0005799997779831756,0.0008409998827119125,0.009579999641573522,6396,7.1168,10.0,0.0034112
openmarcie_printer,cpu,patchtst,openmarcie_printer__only_depth__qwen3_8b,qwen3_8b,only_depth,edge,lidar1,lidar1_depth,0,0,0,0,0,0.0004899998202745337,0.0006250000296859071,0.008720000096218428,6396,7.1168,10.0,0.0034112
openmarcie_printer,cpu,patchtst,openmarcie_printer__only_depth__qwen3_8b,qwen3_8b,only_depth,edge,rgbd_imu0,rgbd_imu0_depth,0,0,0,0,0,0.000440000349044567,0.0005659998350893147,0.0085299998318078,6396,7.1168,10.0,0.0034112
openmarcie_printer,cpu,patchtst,openmarcie_printer__only_depth__qwen3_8b,qwen3_8b,only_depth,edge,rgbd_imu1,rgbd_imu1_depth,0,0,0,0,0,0.000440000349044567,0.0005030000920669409,0.00842100007503177,6396,7.1168,10.0,0.0034112
openmarcie_printer,cpu,patchtst,openmarcie_printer__only_depth__qwen3_8b,qwen3_8b,only_depth,edge,room_rgbd0,room_rgbd0_depth,0,0,0,0,0,0.000440000349044567,0.0005210003109823447,0.008470000011584489,6396,7.1168,10.0,0.0034112
openmarcie_printer,cpu,patchtst,openmarcie_printer__only_depth__qwen3_8b,qwen3_8b,only_depth,edge,room_rgbd1,room_rgbd1_depth,0,0,0,0,0,0.00038999996831989847,0.0005250001777312718,0.008640000032755779,6396,7.1168,10.0,0.0034112
openmarcie_printer,cpu,patchtst,openmarcie_printer__only_depth__qwen3_8b,qwen3_8b,only_depth,core,core,,53272,213088,0,230901,139966848,1.6278969997074455,1.6885039000953839,0.03632000016295933,,,,
openmarcie_printer,cpu,patchtst,openmarcie_printer__only_depth__qwen3_8b,qwen3_8b,only_depth,core,core_language,,8207651840,16449136640,256,,1124977879040,2531.34547100035,2544.0155395998318,1.0467450001669931,,,,
openmarcie_printer,cpu,distrixsense,openmarcie_printer__only_imu__qwen3_8b,qwen3_8b,only_imu,edge,camera_imu_gateway,camera_imu,10268,41072,0,46195,562432,0.21704100026909146,0.23772300010023173,0.012749999768857379,82,2.0656,10.0,4.373333333333333e-05
openmarcie_printer,cpu,distrixsense,openmarcie_printer__only_imu__qwen3_8b,qwen3_8b,only_imu,edge,imu_gateway,imu,10268,41072,0,46195,562432,0.21192099984546076,0.22723899992342922,0.012589999641932081,82,2.0656,10.0,4.373333333333333e-05
openmarcie_printer,cpu,distrixsense,openmarcie_printer__only_imu__qwen3_8b,qwen3_8b,only_imu,core,core,,29688,118752,0,130670,958592,0.2763409997896815,0.2917499001341639,0.017159999970317585,,,,
openmarcie_printer,cpu,distrixsense,openmarcie_printer__only_imu__qwen3_8b,qwen3_8b,only_imu,core,core_language,,8207651840,16449136640,256,,1139264596096,2491.7344820000835,2492.2339054997337,1.2601550001818396,,,,
openmarcie_printer,cpu,dense,openmarcie_printer__only_imu__qwen3_8b,qwen3_8b,only_imu,edge,camera_imu_gateway,camera_imu,6836,27344,0,30477,430848,0.1582700001563353,0.17428190026294033,0.008510000043315813,4324,5.4592,10.0,0.0023061333333333333
openmarcie_printer,cpu,dense,openmarcie_printer__only_imu__qwen3_8b,qwen3_8b,only_imu,edge,imu_gateway,imu,6836,27344,0,30477,430848,0.15914100004010834,0.16674599983161897,0.00881000005392707,4324,5.4592,10.0,0.0023061333333333333
openmarcie_printer,cpu,dense,openmarcie_printer__only_imu__qwen3_8b,qwen3_8b,only_imu,core,core,,27640,110560,0,122161,4469888,0.2617220002321119,0.28459009986363526,0.011929999800486257,,,,
openmarcie_printer,cpu,dense,openmarcie_printer__only_imu__qwen3_8b,qwen3_8b,only_imu,core,core_language,,8207651840,16449136640,256,,1813428715648,2646.493525999631,2647.8795583998817,2.720332000080816,,,,
openmarcie_printer,cpu,dense_tokens,openmarcie_printer__only_imu__qwen3_8b,qwen3_8b,only_imu,edge,camera_imu_gateway,camera_imu,9212,36848,0,41465,546048,0.22599100020670448,0.23158900035014085,0.008380000053875847,1100,2.88,10.0,0.0005866666666666667
openmarcie_printer,cpu,dense_tokens,openmarcie_printer__only_imu__qwen3_8b,qwen3_8b,only_imu,edge,imu_gateway,imu,9212,36848,0,41465,546048,0.20370100037325756,0.2206390000992542,0.008340000022144523,1100,2.88,10.0,0.0005866666666666667
openmarcie_printer,cpu,dense_tokens,openmarcie_printer__only_imu__qwen3_8b,qwen3_8b,only_imu,core,core,,27640,110560,0,122161,958592,0.22662099991066498,0.24900400017031643,0.011620000350376358,,,,
openmarcie_printer,cpu,dense_tokens,openmarcie_printer__only_imu__qwen3_8b,qwen3_8b,only_imu,core,core_language,,8207651840,16449136640,256,,1139264596096,2491.7344820000835,2492.2339054997337,1.237826000306086,,,,
openmarcie_printer,cpu,raw,openmarcie_printer__only_imu__qwen3_8b,qwen3_8b,only_imu,edge,camera_imu_gateway,camera_imu,0,0,0,0,0,0.00046000013753655367,0.0008200000138458563,0.010790000033011893,15444,14.3552,10.0,0.0082368
openmarcie_printer,cpu,raw,openmarcie_printer__only_imu__qwen3_8b,qwen3_8b,only_imu,edge,imu_gateway,imu,0,0,0,0,0,0.00048000038077589124,0.0006329999905574368,0.010419999853183981,15444,14.3552,10.0,0.0082368
openmarcie_printer,cpu,raw,openmarcie_printer__only_imu__qwen3_8b,qwen3_8b,only_imu,core,core,,41312,165248,0,181889,5331584,0.6284430000960128,0.6656040000052599,0.012870000318798702,,,,
openmarcie_printer,cpu,raw,openmarcie_printer__only_imu__qwen3_8b,qwen3_8b,only_imu,core,core_language,,8207651840,16449136640,256,,1813428715648,2646.493525999631,2647.8795583998817,2.72616200027187,,,,
openmarcie_printer,cpu,early_fusion,openmarcie_printer__only_imu__qwen3_8b,qwen3_8b,only_imu,edge,camera_imu_gateway,camera_imu,0,0,0,0,0,0.000499999714520527,0.0007790000381646678,0.011810000160039635,15444,14.3552,10.0,0.0082368
openmarcie_printer,cpu,early_fusion,openmarcie_printer__only_imu__qwen3_8b,qwen3_8b,only_imu,edge,imu_gateway,imu,0,0,0,0,0,0.0005599999894911889,0.0006769999799871584,0.01129000020227977,15444,14.3552,10.0,0.0082368
openmarcie_printer,cpu,early_fusion,openmarcie_printer__only_imu__qwen3_8b,qwen3_8b,only_imu,core,core,,30016,120064,0,134867,2142848,0.5690019997928175,0.6010969000726618,0.012630000128410757,,,,
openmarcie_printer,cpu,early_fusion,openmarcie_printer__only_imu__qwen3_8b,qwen3_8b,only_imu,core,core_language,,8207651840,16449136640,256,,1363683979392,2552.962512999784,2565.6075147999672,1.7728980001265882,,,,
openmarcie_printer,cpu,late_fusion,openmarcie_printer__only_imu__qwen3_8b,qwen3_8b,only_imu,edge,camera_imu_gateway,camera_imu,7232,28928,0,32453,431616,0.17592100039109937,0.1940380003361497,0.008170000000973232,96,2.0768,10.0,5.12e-05
openmarcie_printer,cpu,late_fusion,openmarcie_printer__only_imu__qwen3_8b,qwen3_8b,only_imu,edge,imu_gateway,imu,7232,28928,0,32453,431616,0.16887099991436116,0.18410800003039185,0.007820000064384658,96,2.0768,10.0,5.12e-05
openmarcie_printer,cpu,late_fusion,openmarcie_printer__only_imu__qwen3_8b,qwen3_8b,only_imu,core,core,,0,0,0,0,0,0.029750000066997018,0.03655400014395127,0.010960000054183183,,,,
openmarcie_printer,cpu,late_fusion,openmarcie_printer__only_imu__qwen3_8b,qwen3_8b,only_imu,core,core_language,,8190735360,16381470720,256,,1152707078400,2535.1087139997617,2558.728436399815,0.18405099990559393,,,,
openmarcie_printer,cpu,local_only,openmarcie_printer__only_imu__qwen3_8b,qwen3_8b,only_imu,edge,camera_imu_gateway,camera_imu,7232,28928,0,32453,431616,0.17424099996787845,0.18568000014056452,0.007869999990361976,52,2.0416,10.0,2.7733333333333334e-05
openmarcie_printer,cpu,local_only,openmarcie_printer__only_imu__qwen3_8b,qwen3_8b,only_imu,edge,imu_gateway,imu,7232,28928,0,32453,431616,0.16429000015705242,0.17599090001567674,0.007529999948019395,52,2.0416,10.0,2.7733333333333334e-05
openmarcie_printer,cpu,local_only,openmarcie_printer__only_imu__qwen3_8b,qwen3_8b,only_imu,core,core,,0,0,0,0,0,0.037179999708314426,0.0439299999470677,0.010790000033011893,,,,
openmarcie_printer,cpu,local_only,openmarcie_printer__only_imu__qwen3_8b,qwen3_8b,only_imu,core,core_language,,8190735360,16381470720,256,,1152707078400,2535.1087139997617,2558.728436399815,0.18238099983136635,,,,
openmarcie_printer,cpu,bottleneck,openmarcie_printer__only_imu__qwen3_8b,qwen3_8b,only_imu,edge,camera_imu_gateway,camera_imu,6968,27872,0,31429,439040,0.16985999991447898,0.18712289988798148,0.008720000096218428,684,2.5472,10.0,0.0003648
openmarcie_printer,cpu,bottleneck,openmarcie_printer__only_imu__qwen3_8b,qwen3_8b,only_imu,edge,imu_gateway,imu,6968,27872,0,31429,439040,0.17645100024310523,0.17909700009113294,0.00853000028655515,684,2.5472,10.0,0.0003648
openmarcie_printer,cpu,bottleneck,openmarcie_printer__only_imu__qwen3_8b,qwen3_8b,only_imu,core,core,,27960,111840,0,124581,4486272,0.2826509999067639,0.3095789999861154,0.011480000011943048,,,,
openmarcie_printer,cpu,bottleneck,openmarcie_printer__only_imu__qwen3_8b,qwen3_8b,only_imu,core,core_language,,8207651840,16449136640,256,,1813428715648,2646.493525999631,2647.8795583998817,2.7129619998049748,,,,
openmarcie_printer,cpu,tokenlearner,openmarcie_printer__only_imu__qwen3_8b,qwen3_8b,only_imu,edge,camera_imu_gateway,camera_imu,8156,32624,0,36671,529664,0.21314100013114512,0.22624499988523894,0.008570000318286475,1100,2.88,10.0,0.0005866666666666667
openmarcie_printer,cpu,tokenlearner,openmarcie_printer__only_imu__qwen3_8b,qwen3_8b,only_imu,edge,imu_gateway,imu,8156,32624,0,36671,529664,0.20376100019348087,0.2234799999769166,0.008460000117338495,1100,2.88,10.0,0.0005866666666666667
openmarcie_printer,cpu,tokenlearner,openmarcie_printer__only_imu__qwen3_8b,qwen3_8b,only_imu,core,core,,27640,110560,0,122161,958592,0.22249099993132404,0.24771799999143695,0.011419999736972386,,,,
openmarcie_printer,cpu,tokenlearner,openmarcie_printer__only_imu__qwen3_8b,qwen3_8b,only_imu,core,core_language,,8207651840,16449136640,256,,1139264596096,2491.7344820000835,2492.2339054997337,1.2407359999997425,,,,
openmarcie_printer,cpu,posthoc_vq,openmarcie_printer__only_imu__qwen3_8b,qwen3_8b,only_imu,edge,camera_imu_gateway,camera_imu,8884,35536,0,38921,496384,0.25692099961815984,0.2811219998875458,0.013209999906393932,196,2.1568,10.0,0.00010453333333333333
openmarcie_printer,cpu,posthoc_vq,openmarcie_printer__only_imu__qwen3_8b,qwen3_8b,only_imu,edge,imu_gateway,imu,8884,35536,0,38921,496384,0.2565509998930793,0.2627339999889955,0.013229999694885919,196,2.1568,10.0,0.00010453333333333333
openmarcie_printer,cpu,posthoc_vq,openmarcie_printer__only_imu__qwen3_8b,qwen3_8b,only_imu,core,core,,29688,118752,0,130670,4469888,0.3059210002902546,0.3274768998835498,0.024479999865434365,,,,
openmarcie_printer,cpu,posthoc_vq,openmarcie_printer__only_imu__qwen3_8b,qwen3_8b,only_imu,core,core_language,,8207651840,16449136640,256,,1813428715648,2646.493525999631,2647.8795583998817,2.7354819999345636,,,,
openmarcie_printer,cpu,joint_vq,openmarcie_printer__only_imu__qwen3_8b,qwen3_8b,only_imu,edge,camera_imu_gateway,camera_imu,11260,45040,0,49910,562432,0.29358099982346175,0.31987990000743594,0.012109999715903541,82,2.0656,10.0,4.373333333333333e-05
openmarcie_printer,cpu,joint_vq,openmarcie_printer__only_imu__qwen3_8b,qwen3_8b,only_imu,edge,imu_gateway,imu,11260,45040,0,49910,562432,0.3089110000473738,0.3098208998380869,0.012250000054336851,82,2.0656,10.0,4.373333333333333e-05
openmarcie_printer,cpu,joint_vq,openmarcie_printer__only_imu__qwen3_8b,qwen3_8b,only_imu,core,core,,29688,118752,0,130670,958592,0.26520099982008105,0.28964499997528037,0.017519999801152153,,,,
openmarcie_printer,cpu,joint_vq,openmarcie_printer__only_imu__qwen3_8b,qwen3_8b,only_imu,core,core_language,,8207651840,16449136640,256,,1139264596096,2491.7344820000835,2492.2339054997337,1.2091749999854073,,,,
openmarcie_printer,cpu,deepconvlstm,openmarcie_printer__only_imu__qwen3_8b,qwen3_8b,only_imu,edge,camera_imu_gateway,camera_imu,0,0,0,0,0,0.00046000013753655367,0.0007929998901090585,0.010700000075303251,15444,14.3552,10.0,0.0082368
openmarcie_printer,cpu,deepconvlstm,openmarcie_printer__only_imu__qwen3_8b,qwen3_8b,only_imu,edge,imu_gateway,imu,0,0,0,0,0,0.0004399998942972161,0.0006289999419095693,0.010299999757990008,15444,14.3552,10.0,0.0082368
openmarcie_printer,cpu,deepconvlstm,openmarcie_printer__only_imu__qwen3_8b,qwen3_8b,only_imu,core,core,,40180,160720,0,168661,2500864,0.4496520000429882,0.48295200026586826,0.01249999968422344,,,,
openmarcie_printer,cpu,deepconvlstm,openmarcie_printer__only_imu__qwen3_8b,qwen3_8b,only_imu,core,core_language,,8207651840,16449136640,256,,1363683979392,2552.962512999784,2565.6075147999672,1.7406580000169924,,,,
openmarcie_printer,cpu,unrestricted_bank,openmarcie_printer__only_imu__qwen3_8b,qwen3_8b,only_imu,edge,camera_imu_gateway,camera_imu,11324,45296,0,50419,578816,0.21826099964528112,0.2440910002860619,0.012649999916902743,82,2.0656,10.0,4.373333333333333e-05
openmarcie_printer,cpu,unrestricted_bank,openmarcie_printer__only_imu__qwen3_8b,qwen3_8b,only_imu,edge,imu_gateway,imu,11324,45296,0,50419,578816,0.22209100006875815,0.22568200015484763,0.012699999842880061,82,2.0656,10.0,4.373333333333333e-05
openmarcie_printer,cpu,unrestricted_bank,openmarcie_printer__only_imu__qwen3_8b,qwen3_8b,only_imu,core,core,,29688,118752,0,130670,958592,0.24355100003958796,0.2582840001650766,0.017150000076071592,,,,
openmarcie_printer,cpu,unrestricted_bank,openmarcie_printer__only_imu__qwen3_8b,qwen3_8b,only_imu,core,core_language,,8207651840,16449136640,256,,1139264596096,2491.7344820000835,2492.2339054997337,1.2199450002299272,,,,
openmarcie_printer,cpu,separate_banks,openmarcie_printer__only_imu__qwen3_8b,qwen3_8b,only_imu,edge,camera_imu_gateway,camera_imu,10268,41072,0,46195,562432,0.2185309999731544,0.23904199997559772,0.012169999990874203,82,2.0656,10.0,4.373333333333333e-05
openmarcie_printer,cpu,separate_banks,openmarcie_printer__only_imu__qwen3_8b,qwen3_8b,only_imu,edge,imu_gateway,imu,10268,41072,0,46195,562432,0.22164100028021494,0.22610499972870457,0.011950000043725595,82,2.0656,10.0,4.373333333333333e-05
openmarcie_printer,cpu,separate_banks,openmarcie_printer__only_imu__qwen3_8b,qwen3_8b,only_imu,core,core,,29688,118752,0,130923,958592,0.27172099999006605,0.30038599970794166,0.01739999970595818,,,,
openmarcie_printer,cpu,separate_banks,openmarcie_printer__only_imu__qwen3_8b,qwen3_8b,only_imu,core,core_language,,8207651840,16449136640,256,,1139264596096,2491.7344820000835,2492.2339054997337,1.2291449997974269,,,,
openmarcie_printer,cpu,fixed_resampling,openmarcie_printer__only_imu__qwen3_8b,qwen3_8b,only_imu,edge,camera_imu_gateway,camera_imu,10268,41072,0,46195,532992,0.15123000002859044,0.15821489982954517,0.012120000064896885,82,2.0656,10.0,4.373333333333333e-05
openmarcie_printer,cpu,fixed_resampling,openmarcie_printer__only_imu__qwen3_8b,qwen3_8b,only_imu,edge,imu_gateway,imu,10268,41072,0,46195,532992,0.15018999965832336,0.1509198997155181,0.012210000022605527,82,2.0656,10.0,4.373333333333333e-05
openmarcie_printer,cpu,fixed_resampling,openmarcie_printer__only_imu__qwen3_8b,qwen3_8b,only_imu,core,core,,29688,118752,0,130670,958592,0.26589100025375956,0.29501500002879766,0.017299999854003545,,,,
openmarcie_printer,cpu,fixed_resampling,openmarcie_printer__only_imu__qwen3_8b,qwen3_8b,only_imu,core,core_language,,8207651840,16449136640,256,,1139264596096,2491.7344820000835,2492.2339054997337,1.2119160001020646,,,,
openmarcie_printer,cpu,finetune_encoders,openmarcie_printer__only_imu__qwen3_8b,qwen3_8b,only_imu,edge,camera_imu_gateway,camera_imu,10268,41072,0,46195,562432,0.21772099989902927,0.23924900019665074,0.012559999959194101,82,2.0656,10.0,4.373333333333333e-05
openmarcie_printer,cpu,finetune_encoders,openmarcie_printer__only_imu__qwen3_8b,qwen3_8b,only_imu,edge,imu_gateway,imu,10268,41072,0,46195,562432,0.21733099993070937,0.22492700022667123,0.01277999990634271,82,2.0656,10.0,4.373333333333333e-05
openmarcie_printer,cpu,finetune_encoders,openmarcie_printer__only_imu__qwen3_8b,qwen3_8b,only_imu,core,core,,29688,118752,0,130670,958592,0.2643409998199786,0.29055800005153287,0.01723000013953424,,,,
openmarcie_printer,cpu,finetune_encoders,openmarcie_printer__only_imu__qwen3_8b,qwen3_8b,only_imu,core,core_language,,8207651840,16449136640,256,,1139264596096,2491.7344820000835,2492.2339054997337,1.1960359997829073,,,,
openmarcie_printer,cpu,no_alignment,openmarcie_printer__only_imu__qwen3_8b,qwen3_8b,only_imu,edge,camera_imu_gateway,camera_imu,10268,41072,0,46195,562432,0.21824099985678913,0.23835599995436496,0.012360000255284831,82,2.0656,10.0,4.373333333333333e-05
openmarcie_printer,cpu,no_alignment,openmarcie_printer__only_imu__qwen3_8b,qwen3_8b,only_imu,edge,imu_gateway,imu,10268,41072,0,46195,562432,0.3164210002069012,0.3579659000024549,0.012389999938022811,82,2.0656,10.0,4.373333333333333e-05
openmarcie_printer,cpu,no_alignment,openmarcie_printer__only_imu__qwen3_8b,qwen3_8b,only_imu,core,core,,29688,118752,0,130670,958592,0.27403200010667206,0.2904111000134435,0.017240000033780234,,,,
openmarcie_printer,cpu,no_alignment,openmarcie_printer__only_imu__qwen3_8b,qwen3_8b,only_imu,core,core_language,,8207651840,16449136640,256,,1139264596096,2491.7344820000835,2492.2339054997337,1.1795450000136043,,,,
openmarcie_printer,cpu,no_usage,openmarcie_printer__only_imu__qwen3_8b,qwen3_8b,only_imu,edge,camera_imu_gateway,camera_imu,10268,41072,0,46195,562432,0.2182910002375138,0.24010699994505558,0.012550000064948108,82,2.0656,10.0,4.373333333333333e-05
openmarcie_printer,cpu,no_usage,openmarcie_printer__only_imu__qwen3_8b,qwen3_8b,only_imu,edge,imu_gateway,imu,10268,41072,0,46195,562432,0.2169809999941208,0.22490100013783376,0.012890000107290689,82,2.0656,10.0,4.373333333333333e-05
openmarcie_printer,cpu,no_usage,openmarcie_printer__only_imu__qwen3_8b,qwen3_8b,only_imu,core,core,,29688,118752,0,130670,958592,0.2650210003594111,0.32923690023380914,0.017219999790540896,,,,
openmarcie_printer,cpu,no_usage,openmarcie_printer__only_imu__qwen3_8b,qwen3_8b,only_imu,core,core_language,,8207651840,16449136640,256,,1139264596096,2491.7344820000835,2492.2339054997337,1.1865760002365278,,,,
openmarcie_printer,cpu,tcn,openmarcie_printer__only_imu__qwen3_8b,qwen3_8b,only_imu,edge,camera_imu_gateway,camera_imu,0,0,0,0,0,0.0004900002750218846,0.0008320003416883992,0.011890000223502284,15444,14.3552,10.0,0.0082368
openmarcie_printer,cpu,tcn,openmarcie_printer__only_imu__qwen3_8b,qwen3_8b,only_imu,edge,imu_gateway,imu,0,0,0,0,0,0.0005400002009992022,0.0005850001343787881,0.011369999810995068,15444,14.3552,10.0,0.0082368
openmarcie_printer,cpu,tcn,openmarcie_printer__only_imu__qwen3_8b,qwen3_8b,only_imu,core,core,,15872,63488,0,72905,956800,0.5033319998801744,0.5114680001952365,0.012460000107239466,,,,
openmarcie_printer,cpu,tcn,openmarcie_printer__only_imu__qwen3_8b,qwen3_8b,only_imu,core,core_language,,8207651840,16449136640,256,,1363683979392,2552.962512999784,2565.6075147999672,1.7520280002827349,,,,
openmarcie_printer,cpu,ts_transformer,openmarcie_printer__only_imu__qwen3_8b,qwen3_8b,only_imu,edge,camera_imu_gateway,camera_imu,0,0,0,0,0,0.00047999992602854036,0.0009209997642756207,0.011560000075405696,15444,14.3552,10.0,0.0082368
openmarcie_printer,cpu,ts_transformer,openmarcie_printer__only_imu__qwen3_8b,qwen3_8b,only_imu,edge,imu_gateway,imu,0,0,0,0,0,0.0004899998202745337,0.0006789998678868869,0.011300000096525764,15444,14.3552,10.0,0.0082368
openmarcie_printer,cpu,ts_transformer,openmarcie_printer__only_imu__qwen3_8b,qwen3_8b,only_imu,core,core,,28736,114944,0,127973,2005376,0.5073930001344706,0.537947099928715,0.012929999684274662,,,,
openmarcie_printer,cpu,ts_transformer,openmarcie_printer__only_imu__qwen3_8b,qwen3_8b,only_imu,core,core_language,,8207651840,16449136640,256,,1363683979392,2552.962512999784,2565.6075147999672,1.7252579996238637,,,,
openmarcie_printer,cpu,patchtst,openmarcie_printer__only_imu__qwen3_8b,qwen3_8b,only_imu,edge,camera_imu_gateway,camera_imu,0,0,0,0,0,0.00044999978854320943,0.0009809999028220773,0.016090000372059876,15444,14.3552,10.0,0.0082368
openmarcie_printer,cpu,patchtst,openmarcie_printer__only_imu__qwen3_8b,qwen3_8b,only_imu,edge,imu_gateway,imu,0,0,0,0,0,0.0005399997462518513,0.0006749999556632247,0.015620000340277329,15444,14.3552,10.0,0.0082368
openmarcie_printer,cpu,patchtst,openmarcie_printer__only_imu__qwen3_8b,qwen3_8b,only_imu,core,core,,27648,110592,0,123621,14472832,1.0112240001944883,1.0327349002636765,0.01729099994918215,,,,
openmarcie_printer,cpu,patchtst,openmarcie_printer__only_imu__qwen3_8b,qwen3_8b,only_imu,core,core_language,,8207651840,16449136640,256,,1013161403392,2533.5387370000717,2534.3893035999827,1.0421040001347137,,,,
openmarcie_printer,cpu,distrixsense,openmarcie_printer__only_magnetometer__qwen3_8b,qwen3_8b,only_magnetometer,edge,magnetometer_gateway,magnetometer,7594,30376,0,35571,393088,0.21325099987734575,0.2278220000789588,0.012200000128359534,81,2.0648,10.0,4.32e-05
openmarcie_printer,cpu,distrixsense,openmarcie_printer__only_magnetometer__qwen3_8b,qwen3_8b,only_magnetometer,core,core,,28600,114400,0,126318,488000,0.22848100024930318,0.2535910003189201,0.009609999779058853,,,,
openmarcie_printer,cpu,distrixsense,openmarcie_printer__only_magnetometer__qwen3_8b,qwen3_8b,only_magnetometer,core,core_language,,8207651840,16449136640,256,,999223468928,2462.1520710002187,2464.5403722000083,1.0226949998468626,,,,
openmarcie_printer,cpu,dense,openmarcie_printer__only_magnetometer__qwen3_8b,qwen3_8b,only_magnetometer,edge,magnetometer_gateway,magnetometer,4162,16648,0,19853,261504,0.14978099989093607,0.16230900000664406,0.009190000128000975,4324,5.4592,10.0,0.0023061333333333333
openmarcie_printer,cpu,dense,openmarcie_printer__only_magnetometer__qwen3_8b,qwen3_8b,only_magnetometer,core,core,,27576,110304,0,121905,1997888,0.21030100015195785,0.23327800026891055,0.006359999588312348,,,,
openmarcie_printer,cpu,dense,openmarcie_printer__only_magnetometer__qwen3_8b,qwen3_8b,only_magnetometer,core,core_language,,8207651840,16449136640,256,,1335682674560,2532.1091860000706,2561.775207399978,1.7764280000847066,,,,
openmarcie_printer,cpu,dense_tokens,openmarcie_printer__only_magnetometer__qwen3_8b,qwen3_8b,only_magnetometer,edge,magnetometer_gateway,magnetometer,6538,26152,0,30841,376704,0.20686100015154807,0.22559900007763645,0.008010000328795286,1100,2.88,10.0,0.0005866666666666667
openmarcie_printer,cpu,dense_tokens,openmarcie_printer__only_magnetometer__qwen3_8b,qwen3_8b,only_magnetometer,core,core,,27576,110304,0,121905,488000,0.19833099986499292,0.22001199977239594,0.006259999736357713,,,,
openmarcie_printer,cpu,dense_tokens,openmarcie_printer__only_magnetometer__qwen3_8b,qwen3_8b,only_magnetometer,core,core_language,,8207651840,16449136640,256,,999223468928,2462.1520710002187,2464.5403722000083,0.9772439998414484,,,,
openmarcie_printer,cpu,raw,openmarcie_printer__only_magnetometer__qwen3_8b,qwen3_8b,only_magnetometer,edge,magnetometer_gateway,magnetometer,0,0,0,0,0,0.00047999992602854036,0.0007050000021990854,0.008340000022144523,884,2.7072000000000003,10.0,0.00047146666666666667
openmarcie_printer,cpu,raw,openmarcie_printer__only_magnetometer__qwen3_8b,qwen3_8b,only_magnetometer,core,core,,31738,126952,0,141209,2259392,0.43696200009435415,0.4736369998227019,0.006360000043059699,,,,
openmarcie_printer,cpu,raw,openmarcie_printer__only_magnetometer__qwen3_8b,qwen3_8b,only_magnetometer,core,core_language,,8207651840,16449136640,256,,1335682674560,2532.1091860000706,2561.775207399978,1.7476869998063194,,,,
openmarcie_printer,cpu,early_fusion,openmarcie_printer__only_magnetometer__qwen3_8b,qwen3_8b,only_magnetometer,edge,magnetometer_gateway,magnetometer,0,0,0,0,0,0.0004899998202745337,0.0007780000487400685,0.00867000017024111,884,2.7072000000000003,10.0,0.00047146666666666667
openmarcie_printer,cpu,early_fusion,openmarcie_printer__only_magnetometer__qwen3_8b,qwen3_8b,only_magnetometer,core,core,,27898,111592,0,125215,2015680,0.43160199993508286,0.47195799961627927,0.006290000328590395,,,,
openmarcie_printer,cpu,early_fusion,openmarcie_printer__only_magnetometer__qwen3_8b,qwen3_8b,only_magnetometer,core,core_language,,8207651840,16449136640,256,,1335682674560,2532.1091860000706,2561.775207399978,1.7331869998997718,,,,
openmarcie_printer,cpu,late_fusion,openmarcie_printer__only_magnetometer__qwen3_8b,qwen3_8b,only_magnetometer,edge,magnetometer_gateway,magnetometer,4558,18232,0,21829,262272,0.17280099973504548,0.18472509968887607,0.007929999810585286,96,2.0768,10.0,5.12e-05
openmarcie_printer,cpu,late_fusion,openmarcie_printer__only_magnetometer__qwen3_8b,qwen3_8b,only_magnetometer,core,core,,0,0,0,0,0,0.0239599999076745,0.03083599963247252,0.005869999768037815,,,,
openmarcie_printer,cpu,late_fusion,openmarcie_printer__only_magnetometer__qwen3_8b,qwen3_8b,only_magnetometer,core,core_language,,8190735360,16381470720,256,,1124741163008,2531.34547100035,2544.0155395998318,0.18386000010650605,,,,
openmarcie_printer,cpu,local_only,openmarcie_printer__only_magnetometer__qwen3_8b,qwen3_8b,only_magnetometer,edge,magnetometer_gateway,magnetometer,4558,18232,0,21829,262272,0.1621510000404669,0.1765239998803736,0.007790000381646678,52,2.0416,10.0,2.7733333333333334e-05
openmarcie_printer,cpu,local_only,openmarcie_printer__only_magnetometer__qwen3_8b,qwen3_8b,only_magnetometer,core,core,,0,0,0,0,0,0.02792999976009014,0.03530099997988145,0.005909999799769139,,,,
openmarcie_printer,cpu,local_only,openmarcie_printer__only_magnetometer__qwen3_8b,qwen3_8b,only_magnetometer,core,core_language,,8190735360,16381470720,256,,1124741163008,2531.34547100035,2544.0155395998318,0.17617100002098596,,,,
openmarcie_printer,cpu,bottleneck,openmarcie_printer__only_magnetometer__qwen3_8b,qwen3_8b,only_magnetometer,edge,magnetometer_gateway,magnetometer,4294,17176,0,20805,269696,0.16749099995649885,0.17641000017647457,0.00858999965203111,684,2.5472,10.0,0.0003648
openmarcie_printer,cpu,bottleneck,openmarcie_printer__only_magnetometer__qwen3_8b,qwen3_8b,only_magnetometer,core,core,,27736,110944,0,123115,2006080,0.21771100000478327,0.2358729998832132,0.006010000106471125,,,,
openmarcie_printer,cpu,bottleneck,openmarcie_printer__only_magnetometer__qwen3_8b,qwen3_8b,only_magnetometer,core,core_language,,8207651840,16449136640,256,,1335682674560,2532.1091860000706,2561.775207399978,1.7441280001548876,,,,
openmarcie_printer,cpu,tokenlearner,openmarcie_printer__only_magnetometer__qwen3_8b,qwen3_8b,only_magnetometer,edge,magnetometer_gateway,magnetometer,5482,21928,0,26047,360320,0.19879100000252947,0.221615000100428,0.008269999852927867,1100,2.88,10.0,0.0005866666666666667
openmarcie_printer,cpu,tokenlearner,openmarcie_printer__only_magnetometer__qwen3_8b,qwen3_8b,only_magnetometer,core,core,,27576,110304,0,121905,488000,0.22367100018527708,0.25058100004571315,0.0061499999901570845,,,,
openmarcie_printer,cpu,tokenlearner,openmarcie_printer__only_magnetometer__qwen3_8b,qwen3_8b,only_magnetometer,core,core_language,,8207651840,16449136640,256,,999223468928,2462.1520710002187,2464.5403722000083,1.0026140002992179,,,,
openmarcie_printer,cpu,posthoc_vq,openmarcie_printer__only_magnetometer__qwen3_8b,qwen3_8b,only_magnetometer,edge,magnetometer_gateway,magnetometer,5186,20744,0,24201,327040,0.261551000221516,0.2725139001086063,0.013479999779519858,192,2.1536,10.0,0.0001024
openmarcie_printer,cpu,posthoc_vq,openmarcie_printer__only_magnetometer__qwen3_8b,qwen3_8b,only_magnetometer,core,core,,28600,114400,0,126318,1997888,0.24009099979593884,0.26336500004617847,0.010369999927206663,,,,
openmarcie_printer,cpu,posthoc_vq,openmarcie_printer__only_magnetometer__qwen3_8b,qwen3_8b,only_magnetometer,core,core_language,,8207651840,16449136640,256,,1335682674560,2532.1091860000706,2561.775207399978,1.8263879996993637,,,,
openmarcie_printer,cpu,joint_vq,openmarcie_printer__only_magnetometer__qwen3_8b,qwen3_8b,only_magnetometer,edge,magnetometer_gateway,magnetometer,7562,30248,0,35190,393088,0.2913120001721836,0.30804210005044297,0.012320000223553507,81,2.0648,10.0,4.32e-05
openmarcie_printer,cpu,joint_vq,openmarcie_printer__only_magnetometer__qwen3_8b,qwen3_8b,only_magnetometer,core,core,,28600,114400,0,126318,488000,0.2272010001433955,0.3599429001496901,0.009899999895424116,,,,
openmarcie_printer,cpu,joint_vq,openmarcie_printer__only_magnetometer__qwen3_8b,qwen3_8b,only_magnetometer,core,core_language,,8207651840,16449136640,256,,999223468928,2462.1520710002187,2464.5403722000083,1.3733659998251824,,,,
openmarcie_printer,cpu,deepconvlstm,openmarcie_printer__only_magnetometer__qwen3_8b,qwen3_8b,only_magnetometer,edge,magnetometer_gateway,magnetometer,0,0,0,0,0,0.0006000000212225132,0.0007889996595622506,0.008550000075047137,884,2.7072000000000003,10.0,0.00047146666666666667
openmarcie_printer,cpu,deepconvlstm,openmarcie_printer__only_magnetometer__qwen3_8b,qwen3_8b,only_magnetometer,core,core,,33806,135224,0,142049,2097280,0.3969920003328298,0.4284380001081445,0.006250000296859071,,,,
openmarcie_printer,cpu,deepconvlstm,openmarcie_printer__only_magnetometer__qwen3_8b,qwen3_8b,only_magnetometer,core,core_language,,8207651840,16449136640,256,,1335682674560,2532.1091860000706,2561.775207399978,1.7271570000048087,,,,
openmarcie_printer,cpu,unrestricted_bank,openmarcie_printer__only_magnetometer__qwen3_8b,qwen3_8b,only_magnetometer,edge,magnetometer_gateway,magnetometer,7594,30376,0,35571,393088,0.26335100028518355,0.27167690022906754,0.017079999906854937,81,2.0648,10.0,4.32e-05
openmarcie_printer,cpu,unrestricted_bank,openmarcie_printer__only_magnetometer__qwen3_8b,qwen3_8b,only_magnetometer,core,core,,28600,114400,0,126318,488000,0.2523010002732917,0.28219990003890416,0.013320000107341912,,,,
openmarcie_printer,cpu,unrestricted_bank,openmarcie_printer__only_magnetometer__qwen3_8b,qwen3_8b,only_magnetometer,core,core_language,,8207651840,16449136640,256,,999223468928,2462.1520710002187,2464.5403722000083,0.9893050000755466,,,,
openmarcie_printer,cpu,separate_banks,openmarcie_printer__only_magnetometer__qwen3_8b,qwen3_8b,only_magnetometer,edge,magnetometer_gateway,magnetometer,7594,30376,0,35571,393088,0.213540999993711,0.24016300003495417,0.012429999969754135,81,2.0648,10.0,4.32e-05
openmarcie_printer,cpu,separate_banks,openmarcie_printer__only_magnetometer__qwen3_8b,qwen3_8b,only_magnetometer,core,core,,28600,114400,0,126318,488000,0.25031199993463815,0.2615700999740511,0.009790000149223488,,,,
openmarcie_printer,cpu,separate_banks,openmarcie_printer__only_magnetometer__qwen3_8b,qwen3_8b,only_magnetometer,core,core_language,,8207651840,16449136640,256,,999223468928,2462.1520710002187,2464.5403722000083,0.9733239999150101,,,,
openmarcie_printer,cpu,fixed_resampling,openmarcie_printer__only_magnetometer__qwen3_8b,qwen3_8b,only_magnetometer,edge,magnetometer_gateway,magnetometer,7594,30376,0,35571,389632,0.13543999966714182,0.14917490011612244,0.012800000149582047,81,2.0648,10.0,4.32e-05
openmarcie_printer,cpu,fixed_resampling,openmarcie_printer__only_magnetometer__qwen3_8b,qwen3_8b,only_magnetometer,core,core,,28600,114400,0,126318,488000,0.22767100017517805,0.2542569997785904,0.009870000212686136,,,,
openmarcie_printer,cpu,fixed_resampling,openmarcie_printer__only_magnetometer__qwen3_8b,qwen3_8b,only_magnetometer,core,core_language,,8207651840,16449136640,256,,999223468928,2462.1520710002187,2464.5403722000083,0.9827249996305909,,,,
openmarcie_printer,cpu,finetune_encoders,openmarcie_printer__only_magnetometer__qwen3_8b,qwen3_8b,only_magnetometer,edge,magnetometer_gateway,magnetometer,7594,30376,0,35571,393088,0.23243100031322683,0.27383999990888697,0.013029999990976648,81,2.0648,10.0,4.32e-05
openmarcie_printer,cpu,finetune_encoders,openmarcie_printer__only_magnetometer__qwen3_8b,qwen3_8b,only_magnetometer,core,core,,28600,114400,0,126318,488000,0.22940100006962894,0.25586189976820606,0.009999999747378752,,,,
openmarcie_printer,cpu,finetune_encoders,openmarcie_printer__only_magnetometer__qwen3_8b,qwen3_8b,only_magnetometer,core,core_language,,8207651840,16449136640,256,,999223468928,2462.1520710002187,2464.5403722000083,0.9987140001612715,,,,
openmarcie_printer,cpu,no_alignment,openmarcie_printer__only_magnetometer__qwen3_8b,qwen3_8b,only_magnetometer,edge,magnetometer_gateway,magnetometer,7594,30376,0,35571,393088,0.21778099971925258,0.23194700011117675,0.012589999641932081,81,2.0648,10.0,4.32e-05
openmarcie_printer,cpu,no_alignment,openmarcie_printer__only_magnetometer__qwen3_8b,qwen3_8b,only_magnetometer,core,core,,28600,114400,0,126318,488000,0.22604099967793445,0.25181700007124164,0.009679999948275508,,,,
openmarcie_printer,cpu,no_alignment,openmarcie_printer__only_magnetometer__qwen3_8b,qwen3_8b,only_magnetometer,core,core_language,,8207651840,16449136640,256,,999223468928,2462.1520710002187,2464.5403722000083,1.0148839996872994,,,,
openmarcie_printer,cpu,no_usage,openmarcie_printer__only_magnetometer__qwen3_8b,qwen3_8b,only_magnetometer,edge,magnetometer_gateway,magnetometer,7594,30376,0,35571,393088,0.22365099994203774,0.2323719998003071,0.012760000117850723,81,2.0648,10.0,4.32e-05
openmarcie_printer,cpu,no_usage,openmarcie_printer__only_magnetometer__qwen3_8b,qwen3_8b,only_magnetometer,core,core,,28600,114400,0,126318,488000,0.22640099996351637,0.25453499997638573,0.009859999863692792,,,,
openmarcie_printer,cpu,no_usage,openmarcie_printer__only_magnetometer__qwen3_8b,qwen3_8b,only_magnetometer,core,core_language,,8207651840,16449136640,256,,999223468928,2462.1520710002187,2464.5403722000083,0.984974999937549,,,,
openmarcie_printer,cpu,tcn,openmarcie_printer__only_magnetometer__qwen3_8b,qwen3_8b,only_magnetometer,edge,magnetometer_gateway,magnetometer,0,0,0,0,0,0.00047999992602854036,0.0006960000973776914,0.008590000106778461,884,2.7072000000000003,10.0,0.00047146666666666667
openmarcie_printer,cpu,tcn,openmarcie_printer__only_magnetometer__qwen3_8b,qwen3_8b,only_magnetometer,core,core,,13786,55144,0,63445,829632,0.35743199987336993,0.3946010996969562,0.00622000015937374,,,,
openmarcie_printer,cpu,tcn,openmarcie_printer__only_magnetometer__qwen3_8b,qwen3_8b,only_magnetometer,core,core_language,,8207651840,16449136640,256,,1335682674560,2532.1091860000706,2561.775207399978,1.7353480002384458,,,,
openmarcie_printer,cpu,ts_transformer,openmarcie_printer__only_magnetometer__qwen3_8b,qwen3_8b,only_magnetometer,edge,magnetometer_gateway,magnetometer,0,0,0,0,0,0.0006999998731771484,0.0012039998637192184,0.01371000007566181,884,2.7072000000000003,10.0,0.00047146666666666667
openmarcie_printer,cpu,ts_transformer,openmarcie_printer__only_magnetometer__qwen3_8b,qwen3_8b,only_magnetometer,core,core,,26650,106600,0,118385,1878208,0.38735099997211364,0.4218669000238151,0.0064000000747910235,,,,
openmarcie_printer,cpu,ts_transformer,openmarcie_printer__only_magnetometer__qwen3_8b,qwen3_8b,only_magnetometer,core,core_language,,8207651840,16449136640,256,,1335682674560,2532.1091860000706,2561.775207399978,1.7838979997577553,,,,
openmarcie_printer,cpu,patchtst,openmarcie_printer__only_magnetometer__qwen3_8b,qwen3_8b,only_magnetometer,edge,magnetometer_gateway,magnetometer,0,0,0,0,0,0.00046000013753655367,0.0007300001470866846,0.008520000392309157,884,2.7072000000000003,10.0,0.00047146666666666667
openmarcie_printer,cpu,patchtst,openmarcie_printer__only_magnetometer__qwen3_8b,qwen3_8b,only_magnetometer,core,core,,26682,106728,0,118513,2170816,0.446662000285869,0.4812400000901107,0.00622000015937374,,,,
openmarcie_printer,cpu,patchtst,openmarcie_printer__only_magnetometer__qwen3_8b,qwen3_8b,only_magnetometer,core,core_language,,8207651840,16449136640,256,,985219080960,2466.0282720001305,2468.811674100243,1.0009440002249903,,,,
openmarcie_printer,cpu,distrixsense,openmarcie_printer__only_rgb__qwen3_8b,qwen3_8b,only_rgb,edge,lidar0,lidar0_rgb,75112,300448,0,305459,4690432,0.2334309997422679,0.2541859000302793,0.012510000033216784,84,2.0672,10.0,4.48e-05
openmarcie_printer,cpu,distrixsense,openmarcie_printer__only_rgb__qwen3_8b,qwen3_8b,only_rgb,edge,lidar1,lidar1_rgb,75112,300448,0,305459,4690432,0.2334010000595299,0.24475899986100558,0.012111000160075491,84,2.0672,10.0,4.48e-05
openmarcie_printer,cpu,distrixsense,openmarcie_printer__only_rgb__qwen3_8b,qwen3_8b,only_rgb,edge,rgbd_imu0,rgbd_imu0_rgb,75112,300448,0,305459,4690432,0.22771100020690938,0.2412200001799647,0.01247000000148546,84,2.0672,10.0,4.48e-05
openmarcie_printer,cpu,distrixsense,openmarcie_printer__only_rgb__qwen3_8b,qwen3_8b,only_rgb,edge,rgbd_imu1,rgbd_imu1_rgb,75112,300448,0,305459,4690432,0.22668100018563564,0.2404419999493257,0.012559999959194101,84,2.0672,10.0,4.48e-05
openmarcie_printer,cpu,distrixsense,openmarcie_printer__only_rgb__qwen3_8b,qwen3_8b,only_rgb,edge,room_rgbd0,room_rgbd0_rgb,75112,300448,0,305459,4690432,0.22222100005819811,0.24509899999429763,0.01218999977936619,84,2.0672,10.0,4.48e-05
openmarcie_printer,cpu,distrixsense,openmarcie_printer__only_rgb__qwen3_8b,qwen3_8b,only_rgb,edge,room_rgbd1,room_rgbd1_rgb,75112,300448,0,305459,4690432,0.2260410001326818,0.24247499986813636,0.012169999990874203,84,2.0672,10.0,4.48e-05
openmarcie_printer,cpu,distrixsense,openmarcie_printer__only_rgb__qwen3_8b,qwen3_8b,only_rgb,core,core,,34040,136160,0,148078,3168640,0.4162019999967015,0.4406369998378068,0.05147000001670676,,,,
openmarcie_printer,cpu,distrixsense,openmarcie_printer__only_rgb__qwen3_8b,qwen3_8b,only_rgb,core,core_language,,8207651840,16449136640,256,,1700608752768,2620.595711000078,2658.427397300102,2.226380000138306,,,,
openmarcie_printer,cpu,dense,openmarcie_printer__only_rgb__qwen3_8b,qwen3_8b,only_rgb,edge,lidar0,lidar0_rgb,71680,286720,0,289741,4558848,0.1784309997674427,0.19718699991244648,0.008859999979904387,4324,5.4592,10.0,0.0023061333333333333
openmarcie_printer,cpu,dense,openmarcie_printer__only_rgb__qwen3_8b,qwen3_8b,only_rgb,edge,lidar1,lidar1_rgb,71680,286720,0,289741,4558848,0.17042099989339476,0.18528899981902214,0.009280000085709617,4324,5.4592,10.0,0.0023061333333333333
openmarcie_printer,cpu,dense,openmarcie_printer__only_rgb__qwen3_8b,qwen3_8b,only_rgb,edge,rgbd_imu0,rgbd_imu0_rgb,71680,286720,0,289741,4558848,0.16646099993522512,0.18023100001300918,0.00886999987415038,4324,5.4592,10.0,0.0023061333333333333
openmarcie_printer,cpu,dense,openmarcie_printer__only_rgb__qwen3_8b,qwen3_8b,only_rgb,edge,rgbd_imu1,rgbd_imu1_rgb,71680,286720,0,289741,4558848,0.16705000007277704,0.1793088997601444,0.008760000127949752,4324,5.4592,10.0,0.0023061333333333333
openmarcie_printer,cpu,dense,openmarcie_printer__only_rgb__qwen3_8b,qwen3_8b,only_rgb,edge,room_rgbd0,room_rgbd0_rgb,71680,286720,0,289741,4558848,0.1640810000935744,0.178076000247529,0.008759999673202401,4324,5.4592,10.0,0.0023061333333333333
openmarcie_printer,cpu,dense,openmarcie_printer__only_rgb__qwen3_8b,qwen3_8b,only_rgb,edge,room_rgbd1,room_rgbd1_rgb,71680,286720,0,289741,4558848,0.16633099994578515,0.1860500001384935,0.008909999905881705,4324,5.4592,10.0,0.0023061333333333333
openmarcie_printer,cpu,dense,openmarcie_printer__only_rgb__qwen3_8b,qwen3_8b,only_rgb,core,core,,27896,111584,0,123185,19600768,0.5165619995750603,0.5480538996835094,0.03538000009939424,,,,
openmarcie_printer,cpu,dense,openmarcie_printer__only_rgb__qwen3_8b,qwen3_8b,only_rgb,core,core_language,,8207651840,16449136640,256,,3738049610880,3224.635591000151,3274.7781874002612,6.770469999992201,,,,
openmarcie_printer,cpu,dense_tokens,openmarcie_printer__only_rgb__qwen3_8b,qwen3_8b,only_rgb,edge,lidar0,lidar0_rgb,74056,296224,0,300729,4674048,0.23676099999647704,0.2687380002953432,0.008120000074995914,1100,2.88,10.0,0.0005866666666666667
openmarcie_printer,cpu,dense_tokens,openmarcie_printer__only_rgb__qwen3_8b,qwen3_8b,only_rgb,edge,lidar1,lidar1_rgb,74056,296224,0,300729,4674048,0.22808099993198994,0.2484840002580313,0.008130999958666507,1100,2.88,10.0,0.0005866666666666667
openmarcie_printer,cpu,dense_tokens,openmarcie_printer__only_rgb__qwen3_8b,qwen3_8b,only_rgb,edge,rgbd_imu0,rgbd_imu0_rgb,74056,296224,0,300729,4674048,0.22348099992086645,0.23230099995998899,0.007960000402817968,1100,2.88,10.0,0.0005866666666666667
openmarcie_printer,cpu,dense_tokens,openmarcie_printer__only_rgb__qwen3_8b,qwen3_8b,only_rgb,edge,rgbd_imu1,rgbd_imu1_rgb,74056,296224,0,300729,4674048,0.21716099990953808,0.23017500020614534,0.008070000149018597,1100,2.88,10.0,0.0005866666666666667
openmarcie_printer,cpu,dense_tokens,openmarcie_printer__only_rgb__qwen3_8b,qwen3_8b,only_rgb,edge,room_rgbd0,room_rgbd0_rgb,74056,296224,0,300729,4674048,0.2182009998250578,0.23933299980853917,0.007929999810585286,1100,2.88,10.0,0.0005866666666666667
openmarcie_printer,cpu,dense_tokens,openmarcie_printer__only_rgb__qwen3_8b,qwen3_8b,only_rgb,edge,room_rgbd1,room_rgbd1_rgb,74056,296224,0,300729,4674048,0.22343099999488913,0.22911900000508467,0.007809999715391314,1100,2.88,10.0,0.0005866666666666667
openmarcie_printer,cpu,dense_tokens,openmarcie_printer__only_rgb__qwen3_8b,qwen3_8b,only_rgb,core,core,,27896,111584,0,123185,3168640,0.34502200014685513,0.370572100064237,0.03473000015219441,,,,
openmarcie_printer,cpu,dense_tokens,openmarcie_printer__only_rgb__qwen3_8b,qwen3_8b,only_rgb,core,core_language,,8207651840,16449136640,256,,1700608752768,2620.595711000078,2658.427397300102,2.2522699996443407,,,,
openmarcie_printer,cpu,raw,openmarcie_printer__only_rgb__qwen3_8b,qwen3_8b,only_rgb,edge,lidar0,lidar0_rgb,0,0,0,0,0,0.0005100000635138713,0.0008880001587385777,0.011150000318593811,18908,17.1264,10.0,0.010084266666666666
openmarcie_printer,cpu,raw,openmarcie_printer__only_rgb__qwen3_8b,qwen3_8b,only_rgb,edge,lidar1,lidar1_rgb,0,0,0,0,0,0.000499999714520527,0.0007430000096064759,0.010810999810928479,18908,17.1264,10.0,0.010084266666666666
openmarcie_printer,cpu,raw,openmarcie_printer__only_rgb__qwen3_8b,qwen3_8b,only_rgb,edge,rgbd_imu0,rgbd_imu0_rgb,0,0,0,0,0,0.0004399998942972161,0.0006020002274453873,0.010571000075287884,18908,17.1264,10.0,0.010084266666666666
openmarcie_printer,cpu,raw,openmarcie_printer__only_rgb__qwen3_8b,qwen3_8b,only_rgb,edge,rgbd_imu1,rgbd_imu1_rgb,0,0,0,0,0,0.000440000349044567,0.0005480000254465267,0.01083999995898921,18908,17.1264,10.0,0.010084266666666666
openmarcie_printer,cpu,raw,openmarcie_printer__only_rgb__qwen3_8b,qwen3_8b,only_rgb,edge,room_rgbd0,room_rgbd0_rgb,0,0,0,0,0,0.0004200001058052294,0.0005640002200379968,0.009620000128052197,18908,17.1264,10.0,0.010084266666666666
openmarcie_printer,cpu,raw,openmarcie_printer__only_rgb__qwen3_8b,qwen3_8b,only_rgb,edge,room_rgbd1,room_rgbd1_rgb,0,0,0,0,0,0.0004599996827892028,0.00061300011111598,0.009760000011738157,18908,17.1264,10.0,0.010084266666666666
openmarcie_printer,cpu,raw,openmarcie_printer__only_rgb__qwen3_8b,qwen3_8b,only_rgb,core,core,,457976,1831904,0,1858337,46953856,1.5126170001167338,1.5602440998463862,0.03934999995180988,,,,
openmarcie_printer,cpu,raw,openmarcie_printer__only_rgb__qwen3_8b,qwen3_8b,only_rgb,core,core_language,,8207651840,16449136640,256,,3738049610880,3224.635591000151,3274.7781874002612,6.6819789999499335,,,,
openmarcie_printer,cpu,early_fusion,openmarcie_printer__only_rgb__qwen3_8b,qwen3_8b,only_rgb,edge,lidar0,lidar0_rgb,0,0,0,0,0,0.0005700003384845331,0.0009569999292580178,0.011729999641829636,18908,17.1264,10.0,0.010084266666666666
openmarcie_printer,cpu,early_fusion,openmarcie_printer__only_rgb__qwen3_8b,qwen3_8b,only_rgb,edge,lidar1,lidar1_rgb,0,0,0,0,0,0.00047999992602854036,0.0006150001354399137,0.010910000128205866,18908,17.1264,10.0,0.010084266666666666
openmarcie_printer,cpu,early_fusion,openmarcie_printer__only_rgb__qwen3_8b,qwen3_8b,only_rgb,edge,rgbd_imu0,rgbd_imu0_rgb,0,0,0,0,0,0.0004399998942972161,0.0005839995992573677,0.01109000004362315,18908,17.1264,10.0,0.010084266666666666
openmarcie_printer,cpu,early_fusion,openmarcie_printer__only_rgb__qwen3_8b,qwen3_8b,only_rgb,edge,rgbd_imu1,rgbd_imu1_rgb,0,0,0,0,0,0.000470000031782547,0.0005959999270999106,0.010270000075252028,18908,17.1264,10.0,0.010084266666666666
openmarcie_printer,cpu,early_fusion,openmarcie_printer__only_rgb__qwen3_8b,qwen3_8b,only_rgb,edge,room_rgbd0,room_rgbd0_rgb,0,0,0,0,0,0.00047999992602854036,0.0005429996690509142,0.010039999779110076,18908,17.1264,10.0,0.010084266666666666
openmarcie_printer,cpu,early_fusion,openmarcie_printer__only_rgb__qwen3_8b,qwen3_8b,only_rgb,edge,room_rgbd1,room_rgbd1_rgb,0,0,0,0,0,0.00041000021155923605,0.0005089999831398018,0.00988000010693213,18908,17.1264,10.0,0.010084266666666666
openmarcie_printer,cpu,early_fusion,openmarcie_printer__only_rgb__qwen3_8b,qwen3_8b,only_rgb,core,core,,291928,1167712,0,1187299,18746752,1.060674000200379,1.1214068996650894,0.039789999846107094,,,,
openmarcie_printer,cpu,early_fusion,openmarcie_printer__only_rgb__qwen3_8b,qwen3_8b,only_rgb,core,core_language,,8207651840,16449136640,256,,1475736384640,2575.5095930003336,2583.4369261997836,1.7565679995641403,,,,
openmarcie_printer,cpu,late_fusion,openmarcie_printer__only_rgb__qwen3_8b,qwen3_8b,only_rgb,edge,lidar0,lidar0_rgb,72076,288304,0,291717,4559616,0.1932509999278409,0.2064899998913461,0.007950000053824624,96,2.0768,10.0,5.12e-05
openmarcie_printer,cpu,late_fusion,openmarcie_printer__only_rgb__qwen3_8b,qwen3_8b,only_rgb,edge,lidar1,lidar1_rgb,72076,288304,0,291717,4559616,0.19531099997038837,0.20093600023756153,0.008120000074995914,96,2.0768,10.0,5.12e-05
openmarcie_printer,cpu,late_fusion,openmarcie_printer__only_rgb__qwen3_8b,qwen3_8b,only_rgb,edge,rgbd_imu0,rgbd_imu0_rgb,72076,288304,0,291717,4559616,0.19272100007583504,0.1950600998952723,0.007820000064384658,96,2.0768,10.0,5.12e-05
openmarcie_printer,cpu,late_fusion,openmarcie_printer__only_rgb__qwen3_8b,qwen3_8b,only_rgb,edge,rgbd_imu1,rgbd_imu1_rgb,72076,288304,0,291717,4559616,0.18435100037095253,0.20008300016343128,0.007890000233601313,96,2.0768,10.0,5.12e-05
openmarcie_printer,cpu,late_fusion,openmarcie_printer__only_rgb__qwen3_8b,qwen3_8b,only_rgb,edge,room_rgbd0,room_rgbd0_rgb,72076,288304,0,291717,4559616,0.18257100009577698,0.19977900024059636,0.007889999778853962,96,2.0768,10.0,5.12e-05
openmarcie_printer,cpu,late_fusion,openmarcie_printer__only_rgb__qwen3_8b,qwen3_8b,only_rgb,edge,room_rgbd1,room_rgbd1_rgb,72076,288304,0,291717,4559616,0.18232100001114304,0.1971070999843505,0.007811000159563264,96,2.0768,10.0,5.12e-05
openmarcie_printer,cpu,late_fusion,openmarcie_printer__only_rgb__qwen3_8b,qwen3_8b,only_rgb,core,core,,0,0,0,0,0,0.05074999990029028,0.05781500008197327,0.03358999992997269,,,,
openmarcie_printer,cpu,late_fusion,openmarcie_printer__only_rgb__qwen3_8b,qwen3_8b,only_rgb,core,core_language,,8190735360,16381470720,256,,1264617925888,2519.029462999697,2528.464699399774,0.1872600000751845,,,,
openmarcie_printer,cpu,local_only,openmarcie_printer__only_rgb__qwen3_8b,qwen3_8b,only_rgb,edge,lidar0,lidar0_rgb,72076,288304,0,291717,4559616,0.20230099971740856,0.2184829996622284,0.007990000085555948,52,2.0416,10.0,2.7733333333333334e-05
openmarcie_printer,cpu,local_only,openmarcie_printer__only_rgb__qwen3_8b,qwen3_8b,only_rgb,edge,lidar1,lidar1_rgb,72076,288304,0,291717,4559616,0.1924510002027091,0.19883199984178646,0.007529999948019395,52,2.0416,10.0,2.7733333333333334e-05
openmarcie_printer,cpu,local_only,openmarcie_printer__only_rgb__qwen3_8b,qwen3_8b,only_rgb,edge,rgbd_imu0,rgbd_imu0_rgb,72076,288304,0,291717,4559616,0.1847010003075411,0.20363700018606323,0.007630000254721381,52,2.0416,10.0,2.7733333333333334e-05
openmarcie_printer,cpu,local_only,openmarcie_printer__only_rgb__qwen3_8b,qwen3_8b,only_rgb,edge,rgbd_imu1,rgbd_imu1_rgb,72076,288304,0,291717,4559616,0.18430000000080327,0.19931290003114555,0.007869999990361976,52,2.0416,10.0,2.7733333333333334e-05
openmarcie_printer,cpu,local_only,openmarcie_printer__only_rgb__qwen3_8b,qwen3_8b,only_rgb,edge,room_rgbd0,room_rgbd0_rgb,72076,288304,0,291717,4559616,0.18609099970490206,0.197475100048905,0.007860000096115982,52,2.0416,10.0,2.7733333333333334e-05
openmarcie_printer,cpu,local_only,openmarcie_printer__only_rgb__qwen3_8b,qwen3_8b,only_rgb,edge,room_rgbd1,room_rgbd1_rgb,72076,288304,0,291717,4559616,0.18215000000054715,0.19524589984030172,0.008059999800025253,52,2.0416,10.0,2.7733333333333334e-05
openmarcie_printer,cpu,local_only,openmarcie_printer__only_rgb__qwen3_8b,qwen3_8b,only_rgb,core,core,,0,0,0,0,0,0.07216000039989012,0.08019789970603597,0.033230000099138124,,,,
openmarcie_printer,cpu,local_only,openmarcie_printer__only_rgb__qwen3_8b,qwen3_8b,only_rgb,core,core_language,,8190735360,16381470720,256,,1264617925888,2519.029462999697,2528.464699399774,0.20383099990795017,,,,
openmarcie_printer,cpu,bottleneck,openmarcie_printer__only_rgb__qwen3_8b,qwen3_8b,only_rgb,edge,lidar0,lidar0_rgb,71812,287248,0,290693,4567040,0.19123099991702475,0.21386599996731093,0.00886999987415038,684,2.5472,10.0,0.0003648
openmarcie_printer,cpu,bottleneck,openmarcie_printer__only_rgb__qwen3_8b,qwen3_8b,only_rgb,edge,lidar1,lidar1_rgb,71812,287248,0,290693,4567040,0.18427999975756393,0.20059789990227728,0.008850000085658394,684,2.5472,10.0,0.0003648
openmarcie_printer,cpu,bottleneck,openmarcie_printer__only_rgb__qwen3_8b,qwen3_8b,only_rgb,edge,rgbd_imu0,rgbd_imu0_rgb,71812,287248,0,290693,4567040,0.1886509999167174,0.20138599988968053,0.008660000275995117,684,2.5472,10.0,0.0003648
openmarcie_printer,cpu,bottleneck,openmarcie_printer__only_rgb__qwen3_8b,qwen3_8b,only_rgb,edge,rgbd_imu1,rgbd_imu1_rgb,71812,287248,0,290693,4567040,0.18399099963062326,0.1990480000131356,0.008680000064487103,684,2.5472,10.0,0.0003648
openmarcie_printer,cpu,bottleneck,openmarcie_printer__only_rgb__qwen3_8b,qwen3_8b,only_rgb,edge,room_rgbd0,room_rgbd0_rgb,71812,287248,0,290693,4567040,0.18676099989534123,0.19986500005870766,0.008680000064487103,684,2.5472,10.0,0.0003648
openmarcie_printer,cpu,bottleneck,openmarcie_printer__only_rgb__qwen3_8b,qwen3_8b,only_rgb,edge,room_rgbd1,room_rgbd1_rgb,71812,287248,0,290693,4567040,0.18995100026586442,0.19662899962895608,0.008970000180852367,684,2.5472,10.0,0.0003648
openmarcie_printer,cpu,bottleneck,openmarcie_printer__only_rgb__qwen3_8b,qwen3_8b,only_rgb,core,core,,28856,115424,0,130637,19649920,0.5398929997681989,0.5686020998382446,0.03443000014158315,,,,
openmarcie_printer,cpu,bottleneck,openmarcie_printer__only_rgb__qwen3_8b,qwen3_8b,only_rgb,core,core_language,,8207651840,16449136640,256,,3738049610880,3224.635591000151,3274.7781874002612,6.764690000181872,,,,
openmarcie_printer,cpu,tokenlearner,openmarcie_printer__only_rgb__qwen3_8b,qwen3_8b,only_rgb,edge,lidar0,lidar0_rgb,73000,292000,0,295935,4657664,0.2289909998580697,0.25592799984224257,0.008200000138458563,1100,2.88,10.0,0.0005866666666666667
openmarcie_printer,cpu,tokenlearner,openmarcie_printer__only_rgb__qwen3_8b,qwen3_8b,only_rgb,edge,lidar1,lidar1_rgb,73000,292000,0,295935,4657664,0.22303100013232324,0.2450639000016963,0.008010000328795286,1100,2.88,10.0,0.0005866666666666667
openmarcie_printer,cpu,tokenlearner,openmarcie_printer__only_rgb__qwen3_8b,qwen3_8b,only_rgb,edge,rgbd_imu0,rgbd_imu0_rgb,73000,292000,0,295935,4657664,0.21283100022628787,0.22734800018042733,0.007930000265332637,1100,2.88,10.0,0.0005866666666666667
openmarcie_printer,cpu,tokenlearner,openmarcie_printer__only_rgb__qwen3_8b,qwen3_8b,only_rgb,edge,rgbd_imu1,rgbd_imu1_rgb,73000,292000,0,295935,4657664,0.2128810001522652,0.22960300011618529,0.007990000085555948,1100,2.88,10.0,0.0005866666666666667
openmarcie_printer,cpu,tokenlearner,openmarcie_printer__only_rgb__qwen3_8b,qwen3_8b,only_rgb,edge,room_rgbd0,room_rgbd0_rgb,73000,292000,0,295935,4657664,0.2179809998779092,0.2268909997837909,0.008070000149018597,1100,2.88,10.0,0.0005866666666666667
openmarcie_printer,cpu,tokenlearner,openmarcie_printer__only_rgb__qwen3_8b,qwen3_8b,only_rgb,edge,room_rgbd1,room_rgbd1_rgb,73000,292000,0,295935,4657664,0.21086100014144904,0.22860900030536868,0.00805000036052661,1100,2.88,10.0,0.0005866666666666667
openmarcie_printer,cpu,tokenlearner,openmarcie_printer__only_rgb__qwen3_8b,qwen3_8b,only_rgb,core,core,,27896,111584,0,123185,3168640,0.3385810000509082,0.3666259001875005,0.034589999813761096,,,,
openmarcie_printer,cpu,tokenlearner,openmarcie_printer__only_rgb__qwen3_8b,qwen3_8b,only_rgb,core,core_language,,8207651840,16449136640,256,,1700608752768,2620.595711000078,2658.427397300102,2.3820810001780046,,,,
openmarcie_printer,cpu,posthoc_vq,openmarcie_printer__only_rgb__qwen3_8b,qwen3_8b,only_rgb,edge,lidar0,lidar0_rgb,77824,311296,0,314569,4624384,0.2874110000448127,0.3004609999607055,0.013299999864102574,204,2.1632,10.0,0.0001088
openmarcie_printer,cpu,posthoc_vq,openmarcie_printer__only_rgb__qwen3_8b,qwen3_8b,only_rgb,edge,lidar1,lidar1_rgb,77824,311296,0,314569,4624384,0.2737410000008822,0.28918589996465016,0.013330000001587905,204,2.1632,10.0,0.0001088
openmarcie_printer,cpu,posthoc_vq,openmarcie_printer__only_rgb__qwen3_8b,qwen3_8b,only_rgb,edge,rgbd_imu0,rgbd_imu0_rgb,77824,311296,0,314569,4624384,0.27234099979978055,0.27665199963848863,0.013139999737177277,204,2.1632,10.0,0.0001088
openmarcie_printer,cpu,posthoc_vq,openmarcie_printer__only_rgb__qwen3_8b,qwen3_8b,only_rgb,edge,rgbd_imu1,rgbd_imu1_rgb,77824,311296,0,314569,4624384,0.2626209998197737,0.2721520001159661,0.012940000033268007,204,2.1632,10.0,0.0001088
openmarcie_printer,cpu,posthoc_vq,openmarcie_printer__only_rgb__qwen3_8b,qwen3_8b,only_rgb,edge,room_rgbd0,room_rgbd0_rgb,77824,311296,0,314569,4624384,0.2625609999995504,0.27439600007710396,0.012969999716005987,204,2.1632,10.0,0.0001088
openmarcie_printer,cpu,posthoc_vq,openmarcie_printer__only_rgb__qwen3_8b,qwen3_8b,only_rgb,edge,room_rgbd1,room_rgbd1_rgb,77824,311296,0,314569,4624384,0.25790099971345626,0.2722200001244346,0.012770000012096716,204,2.1632,10.0,0.0001088
openmarcie_printer,cpu,posthoc_vq,openmarcie_printer__only_rgb__qwen3_8b,qwen3_8b,only_rgb,core,core,,34040,136160,0,148078,19600768,0.599243000124261,0.6284029999278573,0.05465000003823661,,,,
openmarcie_printer,cpu,posthoc_vq,openmarcie_printer__only_rgb__qwen3_8b,qwen3_8b,only_rgb,core,core_language,,8207651840,16449136640,256,,3738049610880,3224.635591000151,3274.7781874002612,6.703170000037062,,,,
openmarcie_printer,cpu,joint_vq,openmarcie_printer__only_rgb__qwen3_8b,qwen3_8b,only_rgb,edge,lidar0,lidar0_rgb,80200,320800,0,325558,4690432,0.3088220000790898,0.3420580997499201,0.012360000255284831,84,2.0672,10.0,4.48e-05
openmarcie_printer,cpu,joint_vq,openmarcie_printer__only_rgb__qwen3_8b,qwen3_8b,only_rgb,edge,lidar1,lidar1_rgb,80200,320800,0,325558,4690432,0.30700100023750565,0.32796199998301745,0.012410000181262149,84,2.0672,10.0,4.48e-05
openmarcie_printer,cpu,joint_vq,openmarcie_printer__only_rgb__qwen3_8b,qwen3_8b,only_rgb,edge,rgbd_imu0,rgbd_imu0_rgb,80200,320800,0,325558,4690432,0.30519199981426937,0.31221110007209063,0.012470999990910059,84,2.0672,10.0,4.48e-05
openmarcie_printer,cpu,joint_vq,openmarcie_printer__only_rgb__qwen3_8b,qwen3_8b,only_rgb,edge,rgbd_imu1,rgbd_imu1_rgb,80200,320800,0,325558,4690432,0.2965710000353283,0.31367100009447313,0.012439999864000129,84,2.0672,10.0,4.48e-05
openmarcie_printer,cpu,joint_vq,openmarcie_printer__only_rgb__qwen3_8b,qwen3_8b,only_rgb,edge,room_rgbd0,room_rgbd0_rgb,80200,320800,0,325558,4690432,0.3040920000785263,0.31044510001265735,0.012369999694783473,84,2.0672,10.0,4.48e-05
openmarcie_printer,cpu,joint_vq,openmarcie_printer__only_rgb__qwen3_8b,qwen3_8b,only_rgb,edge,room_rgbd1,room_rgbd1_rgb,80200,320800,0,325558,4690432,0.2991720002682996,0.311672099860516,0.012360000255284831,84,2.0672,10.0,4.48e-05
openmarcie_printer,cpu,joint_vq,openmarcie_printer__only_rgb__qwen3_8b,qwen3_8b,only_rgb,core,core,,34040,136160,0,148078,3168640,0.4244920000928687,0.4535799998393486,0.051280000207043486,,,,
openmarcie_printer,cpu,joint_vq,openmarcie_printer__only_rgb__qwen3_8b,qwen3_8b,only_rgb,core,core_language,,8207651840,16449136640,256,,1700608752768,2620.595711000078,2658.427397300102,2.3433400001522386,,,,
openmarcie_printer,cpu,deepconvlstm,openmarcie_printer__only_rgb__qwen3_8b,qwen3_8b,only_rgb,edge,lidar0,lidar0_rgb,0,0,0,0,0,0.00047100002120714635,0.00071309991653834,0.011590000212891027,18908,17.1264,10.0,0.010084266666666666
openmarcie_printer,cpu,deepconvlstm,openmarcie_printer__only_rgb__qwen3_8b,qwen3_8b,only_rgb,edge,lidar1,lidar1_rgb,0,0,0,0,0,0.00047999992602854036,0.0005969999165245099,0.0110099999801605,18908,17.1264,10.0,0.010084266666666666
openmarcie_printer,cpu,deepconvlstm,openmarcie_printer__only_rgb__qwen3_8b,qwen3_8b,only_rgb,edge,rgbd_imu0,rgbd_imu0_rgb,0,0,0,0,0,0.0005599999894911889,0.0006769999799871584,0.011099999937869143,18908,17.1264,10.0,0.010084266666666666
openmarcie_printer,cpu,deepconvlstm,openmarcie_printer__only_rgb__qwen3_8b,qwen3_8b,only_rgb,edge,rgbd_imu1,rgbd_imu1_rgb,0,0,0,0,0,0.0004399998942972161,0.00048500023694941774,0.010330999884899938,18908,17.1264,10.0,0.010084266666666666
openmarcie_printer,cpu,deepconvlstm,openmarcie_printer__only_rgb__qwen3_8b,qwen3_8b,only_rgb,edge,room_rgbd0,room_rgbd0_rgb,0,0,0,0,0,0.00046000013753655367,0.0005139999757375335,0.01005000012810342,18908,17.1264,10.0,0.010084266666666666
openmarcie_printer,cpu,deepconvlstm,openmarcie_printer__only_rgb__qwen3_8b,qwen3_8b,only_rgb,edge,room_rgbd1,room_rgbd1_rgb,0,0,0,0,0,0.0004500002432905603,0.00055799991969252,0.010090000159834744,18908,17.1264,10.0,0.010084266666666666
openmarcie_printer,cpu,deepconvlstm,openmarcie_printer__only_rgb__qwen3_8b,qwen3_8b,only_rgb,core,core,,444044,1776176,0,1788773,28205824,0.9961949999706121,1.067358000045715,0.039259999994101236,,,,
openmarcie_printer,cpu,deepconvlstm,openmarcie_printer__only_rgb__qwen3_8b,qwen3_8b,only_rgb,core,core_language,,8207651840,16449136640,256,,1475736384640,2575.5095930003336,2583.4369261997836,1.8384380000497913,,,,
openmarcie_printer,cpu,unrestricted_bank,openmarcie_printer__only_rgb__qwen3_8b,qwen3_8b,only_rgb,edge,lidar0,lidar0_rgb,80392,321568,0,326579,4772352,0.23890100010248716,0.2605909999147116,0.01244000031874748,84,2.0672,10.0,4.48e-05
openmarcie_printer,cpu,unrestricted_bank,openmarcie_printer__only_rgb__qwen3_8b,qwen3_8b,only_rgb,edge,lidar1,lidar1_rgb,80392,321568,0,326579,4772352,0.23041100030241068,0.24629599970467098,0.012459999652492115,84,2.0672,10.0,4.48e-05
openmarcie_printer,cpu,unrestricted_bank,openmarcie_printer__only_rgb__qwen3_8b,qwen3_8b,only_rgb,edge,rgbd_imu0,rgbd_imu0_rgb,80392,321568,0,326579,4772352,0.22696099995300756,0.24336889996448008,0.012729999980365392,84,2.0672,10.0,4.48e-05
openmarcie_printer,cpu,unrestricted_bank,openmarcie_printer__only_rgb__qwen3_8b,qwen3_8b,only_rgb,edge,rgbd_imu1,rgbd_imu1_rgb,80392,321568,0,326579,4772352,0.22735099992132746,0.24908600007620407,0.012169999990874203,84,2.0672,10.0,4.48e-05
openmarcie_printer,cpu,unrestricted_bank,openmarcie_printer__only_rgb__qwen3_8b,qwen3_8b,only_rgb,edge,room_rgbd0,room_rgbd0_rgb,80392,321568,0,326579,4772352,0.2286009998897498,0.24745600021560676,0.012340000012045493,84,2.0672,10.0,4.48e-05
openmarcie_printer,cpu,unrestricted_bank,openmarcie_printer__only_rgb__qwen3_8b,qwen3_8b,only_rgb,edge,room_rgbd1,room_rgbd1_rgb,80392,321568,0,326579,4772352,0.2375009999013855,0.24166799962586083,0.012269999842828838,84,2.0672,10.0,4.48e-05
openmarcie_printer,cpu,unrestricted_bank,openmarcie_printer__only_rgb__qwen3_8b,qwen3_8b,only_rgb,core,core,,34040,136160,0,148078,3168640,0.36338200015961775,0.39862509988779493,0.0511809998897661,,,,
openmarcie_printer,cpu,unrestricted_bank,openmarcie_printer__only_rgb__qwen3_8b,qwen3_8b,only_rgb,core,core_language,,8207651840,16449136640,256,,1700608752768,2620.595711000078,2658.427397300102,2.3467700002584024,,,,
openmarcie_printer,cpu,separate_banks,openmarcie_printer__only_rgb__qwen3_8b,qwen3_8b,only_rgb,edge,lidar0,lidar0_rgb,75112,300448,0,305459,4690432,0.2406009998594527,0.2587729000424588,0.012689999948634068,84,2.0672,10.0,4.48e-05
openmarcie_printer,cpu,separate_banks,openmarcie_printer__only_rgb__qwen3_8b,qwen3_8b,only_rgb,edge,lidar1,lidar1_rgb,75112,300448,0,305459,4690432,0.23871099983807653,0.2462529998865648,0.01247000000148546,84,2.0672,10.0,4.48e-05
openmarcie_printer,cpu,separate_banks,openmarcie_printer__only_rgb__qwen3_8b,qwen3_8b,only_rgb,edge,rgbd_imu0,rgbd_imu0_rgb,75112,300448,0,305459,4690432,0.22723100028088083,0.24190999974962324,0.012250000054336851,84,2.0672,10.0,4.48e-05
openmarcie_printer,cpu,separate_banks,openmarcie_printer__only_rgb__qwen3_8b,qwen3_8b,only_rgb,edge,rgbd_imu1,rgbd_imu1_rgb,75112,300448,0,305459,4690432,0.22405000026992639,0.2398198000719276,0.015459999758604681,84,2.0672,10.0,4.48e-05
openmarcie_printer,cpu,separate_banks,openmarcie_printer__only_rgb__qwen3_8b,qwen3_8b,only_rgb,edge,room_rgbd0,room_rgbd0_rgb,75112,300448,0,305459,4690432,0.22343099999488913,0.24026190003496595,0.012329999663052149,84,2.0672,10.0,4.48e-05
openmarcie_printer,cpu,separate_banks,openmarcie_printer__only_rgb__qwen3_8b,qwen3_8b,only_rgb,edge,room_rgbd1,room_rgbd1_rgb,75112,300448,0,305459,4690432,0.22586099976251717,0.24465299993607914,0.012259999948582845,84,2.0672,10.0,4.48e-05
openmarcie_printer,cpu,separate_banks,openmarcie_printer__only_rgb__qwen3_8b,qwen3_8b,only_rgb,core,core,,34040,136160,0,149535,3168640,0.44261199991524336,0.46560699984183884,0.05141000019648345,,,,
openmarcie_printer,cpu,separate_banks,openmarcie_printer__only_rgb__qwen3_8b,qwen3_8b,only_rgb,core,core_language,,8207651840,16449136640,256,,1700608752768,2620.595711000078,2658.427397300102,2.286930000082066,,,,
openmarcie_printer,cpu,fixed_resampling,openmarcie_printer__only_rgb__qwen3_8b,qwen3_8b,only_rgb,edge,lidar0,lidar0_rgb,75112,300448,0,305459,2294272,0.15396099979625433,0.16990900016935484,0.01309000026594731,84,2.0672,10.0,4.48e-05
openmarcie_printer,cpu,fixed_resampling,openmarcie_printer__only_rgb__qwen3_8b,qwen3_8b,only_rgb,edge,lidar1,lidar1_rgb,75112,300448,0,305459,2294272,0.14662000012322096,0.16192089997275616,0.012729999980365392,84,2.0672,10.0,4.48e-05
openmarcie_printer,cpu,fixed_resampling,openmarcie_printer__only_rgb__qwen3_8b,qwen3_8b,only_rgb,edge,rgbd_imu0,rgbd_imu0_rgb,75112,300448,0,305459,2294272,0.14506099978461862,0.1570030999573646,0.012510000033216784,84,2.0672,10.0,4.48e-05
openmarcie_printer,cpu,fixed_resampling,openmarcie_printer__only_rgb__qwen3_8b,qwen3_8b,only_rgb,edge,rgbd_imu1,rgbd_imu1_rgb,75112,300448,0,305459,2294272,0.14510999972117133,0.15964590029398096,0.012700000297627412,84,2.0672,10.0,4.48e-05
openmarcie_printer,cpu,fixed_resampling,openmarcie_printer__only_rgb__qwen3_8b,qwen3_8b,only_rgb,edge,room_rgbd0,room_rgbd0_rgb,75112,300448,0,305459,2294272,0.15513100015596137,0.15683200017519994,0.01235999980053748,84,2.0672,10.0,4.48e-05
openmarcie_printer,cpu,fixed_resampling,openmarcie_printer__only_rgb__qwen3_8b,qwen3_8b,only_rgb,edge,room_rgbd1,room_rgbd1_rgb,75112,300448,0,305459,2294272,0.15018100020824932,0.15819100021872146,0.012380000043776818,84,2.0672,10.0,4.48e-05
openmarcie_printer,cpu,fixed_resampling,openmarcie_printer__only_rgb__qwen3_8b,qwen3_8b,only_rgb,core,core,,34040,136160,0,148078,3168640,0.4264720000719535,0.4515280003033695,0.05202100010137656,,,,
openmarcie_printer,cpu,fixed_resampling,openmarcie_printer__only_rgb__qwen3_8b,qwen3_8b,only_rgb,core,core_language,,8207651840,16449136640,256,,1700608752768,2620.595711000078,2658.427397300102,3.377874999841879,,,,
openmarcie_printer,cpu,finetune_encoders,openmarcie_printer__only_rgb__qwen3_8b,qwen3_8b,only_rgb,edge,lidar0,lidar0_rgb,75112,300448,0,305459,4690432,0.2759119997790549,0.30315409981085395,0.013099999705445953,84,2.0672,10.0,4.48e-05
openmarcie_printer,cpu,finetune_encoders,openmarcie_printer__only_rgb__qwen3_8b,qwen3_8b,only_rgb,edge,lidar1,lidar1_rgb,75112,300448,0,305459,4690432,0.2768710000964347,0.38267589970928384,0.012900000001536682,84,2.0672,10.0,4.48e-05
openmarcie_printer,cpu,finetune_encoders,openmarcie_printer__only_rgb__qwen3_8b,qwen3_8b,only_rgb,edge,rgbd_imu0,rgbd_imu0_rgb,75112,300448,0,305459,4690432,0.25441099978706916,0.26998999996976636,0.012820000392821385,84,2.0672,10.0,4.48e-05
openmarcie_printer,cpu,finetune_encoders,openmarcie_printer__only_rgb__qwen3_8b,qwen3_8b,only_rgb,edge,rgbd_imu1,rgbd_imu1_rgb,75112,300448,0,305459,4690432,0.2554010002313589,0.26418500024192326,0.012429999969754135,84,2.0672,10.0,4.48e-05
openmarcie_printer,cpu,finetune_encoders,openmarcie_printer__only_rgb__qwen3_8b,qwen3_8b,only_rgb,edge,room_rgbd0,room_rgbd0_rgb,75112,300448,0,305459,4690432,0.2643009997882473,0.2686399001504469,0.012420000075508142,84,2.0672,10.0,4.48e-05
openmarcie_printer,cpu,finetune_encoders,openmarcie_printer__only_rgb__qwen3_8b,qwen3_8b,only_rgb,edge,room_rgbd1,room_rgbd1_rgb,75112,300448,0,305459,4690432,0.2585909996923874,0.27214500000809494,0.012590000096679432,84,2.0672,10.0,4.48e-05
openmarcie_printer,cpu,finetune_encoders,openmarcie_printer__only_rgb__qwen3_8b,qwen3_8b,only_rgb,core,core,,34040,136160,0,148078,3168640,0.428532000114501,0.45082500009812065,0.052630000027420465,,,,
openmarcie_printer,cpu,finetune_encoders,openmarcie_printer__only_rgb__qwen3_8b,qwen3_8b,only_rgb,core,core_language,,8207651840,16449136640,256,,1700608752768,2620.595711000078,2658.427397300102,2.257990000089194,,,,
openmarcie_printer,cpu,no_alignment,openmarcie_printer__only_rgb__qwen3_8b,qwen3_8b,only_rgb,edge,lidar0,lidar0_rgb,75112,300448,0,305459,4690432,0.24266100035674754,0.25731300011102576,0.012720000086119398,84,2.0672,10.0,4.48e-05
openmarcie_printer,cpu,no_alignment,openmarcie_printer__only_rgb__qwen3_8b,qwen3_8b,only_rgb,edge,lidar1,lidar1_rgb,75112,300448,0,305459,4690432,0.24316100007126806,0.24713900015740364,0.012400000287016155,84,2.0672,10.0,4.48e-05
openmarcie_printer,cpu,no_alignment,openmarcie_printer__only_rgb__qwen3_8b,qwen3_8b,only_rgb,edge,rgbd_imu0,rgbd_imu0_rgb,75112,300448,0,305459,4690432,0.24001100018722354,0.24428599999737344,0.012129999959142879,84,2.0672,10.0,4.48e-05
openmarcie_printer,cpu,no_alignment,openmarcie_printer__only_rgb__qwen3_8b,qwen3_8b,only_rgb,edge,rgbd_imu1,rgbd_imu1_rgb,75112,300448,0,305459,4690432,0.23625100038771052,0.24059799984570418,0.012569999853440095,84,2.0672,10.0,4.48e-05
openmarcie_printer,cpu,no_alignment,openmarcie_printer__only_rgb__qwen3_8b,qwen3_8b,only_rgb,edge,room_rgbd0,room_rgbd0_rgb,75112,300448,0,305459,4690432,0.23355099983746186,0.24034600000959472,0.012520999916887376,84,2.0672,10.0,4.48e-05
openmarcie_printer,cpu,no_alignment,openmarcie_printer__only_rgb__qwen3_8b,qwen3_8b,only_rgb,edge,room_rgbd1,room_rgbd1_rgb,75112,300448,0,305459,4690432,0.2299210000273888,0.23915500019029423,0.012259999948582845,84,2.0672,10.0,4.48e-05
openmarcie_printer,cpu,no_alignment,openmarcie_printer__only_rgb__qwen3_8b,qwen3_8b,only_rgb,core,core,,34040,136160,0,148078,3168640,0.42238199966959655,0.45438600009219954,0.0515699998686614,,,,
openmarcie_printer,cpu,no_alignment,openmarcie_printer__only_rgb__qwen3_8b,qwen3_8b,only_rgb,core,core_language,,8207651840,16449136640,256,,1700608752768,2620.595711000078,2658.427397300102,2.5885720001497248,,,,
openmarcie_printer,cpu,no_usage,openmarcie_printer__only_rgb__qwen3_8b,qwen3_8b,only_rgb,edge,lidar0,lidar0_rgb,75112,300448,0,305459,4690432,0.23904099998617312,0.25794100024540967,0.012489999789977446,84,2.0672,10.0,4.48e-05
openmarcie_printer,cpu,no_usage,openmarcie_printer__only_rgb__qwen3_8b,qwen3_8b,only_rgb,edge,lidar1,lidar1_rgb,75112,300448,0,305459,4690432,0.2648909999152238,0.27023789984923496,0.01202100020236685,84,2.0672,10.0,4.48e-05
openmarcie_printer,cpu,no_usage,openmarcie_printer__only_rgb__qwen3_8b,qwen3_8b,only_rgb,edge,rgbd_imu0,rgbd_imu0_rgb,75112,300448,0,305459,4690432,0.25170099979732186,0.2714110000852088,0.012250000054336851,84,2.0672,10.0,4.48e-05
openmarcie_printer,cpu,no_usage,openmarcie_printer__only_rgb__qwen3_8b,qwen3_8b,only_rgb,edge,rgbd_imu1,rgbd_imu1_rgb,75112,300448,0,305459,4690432,0.2496309998605284,0.2701510001770657,0.012270000297576189,84,2.0672,10.0,4.48e-05
openmarcie_printer,cpu,no_usage,openmarcie_printer__only_rgb__qwen3_8b,qwen3_8b,only_rgb,edge,room_rgbd0,room_rgbd0_rgb,75112,300448,0,305459,4690432,0.25102200015680864,0.26745509990178107,0.012150000202382216,84,2.0672,10.0,4.48e-05
openmarcie_printer,cpu,no_usage,openmarcie_printer__only_rgb__qwen3_8b,qwen3_8b,only_rgb,edge,room_rgbd1,room_rgbd1_rgb,75112,300448,0,305459,4690432,0.24958100038929842,0.2651870002864598,0.012120000064896885,84,2.0672,10.0,4.48e-05
openmarcie_printer,cpu,no_usage,openmarcie_printer__only_rgb__qwen3_8b,qwen3_8b,only_rgb,core,core,,34040,136160,0,148078,3168640,0.4677920001086022,0.5002909997983807,0.05177000002731802,,,,
openmarcie_printer,cpu,no_usage,openmarcie_printer__only_rgb__qwen3_8b,qwen3_8b,only_rgb,core,core_language,,8207651840,16449136640,256,,1700608752768,2620.595711000078,2658.427397300102,2.2264499998527754,,,,
openmarcie_printer,cpu,tcn,openmarcie_printer__only_rgb__qwen3_8b,qwen3_8b,only_rgb,edge,lidar0,lidar0_rgb,0,0,0,0,0,0.0005199999577598646,0.0008169996817741776,0.011329999779263744,18908,17.1264,10.0,0.010084266666666666
openmarcie_printer,cpu,tcn,openmarcie_printer__only_rgb__qwen3_8b,qwen3_8b,only_rgb,edge,lidar1,lidar1_rgb,0,0,0,0,0,0.00047999992602854036,0.0006689999736408936,0.010589999874355271,18908,17.1264,10.0,0.010084266666666666
openmarcie_printer,cpu,tcn,openmarcie_printer__only_rgb__qwen3_8b,qwen3_8b,only_rgb,edge,rgbd_imu0,rgbd_imu0_rgb,0,0,0,0,0,0.00047999992602854036,0.0006869997832836816,0.010539999948377954,18908,17.1264,10.0,0.010084266666666666
openmarcie_printer,cpu,tcn,openmarcie_printer__only_rgb__qwen3_8b,qwen3_8b,only_rgb,edge,rgbd_imu1,rgbd_imu1_rgb,0,0,0,0,0,0.000470000031782547,0.0005959999270999106,0.010349999683967326,18908,17.1264,10.0,0.010084266666666666
openmarcie_printer,cpu,tcn,openmarcie_printer__only_rgb__qwen3_8b,qwen3_8b,only_rgb,edge,room_rgbd0,room_rgbd0_rgb,0,0,0,0,0,0.0004399998942972161,0.0005569998847931856,0.00963000002229819,18908,17.1264,10.0,0.010084266666666666
openmarcie_printer,cpu,tcn,openmarcie_printer__only_rgb__qwen3_8b,qwen3_8b,only_rgb,edge,room_rgbd1,room_rgbd1_rgb,0,0,0,0,0,0.0004200001058052294,0.0004919997536489973,0.009690000297268853,18908,17.1264,10.0,0.010084266666666666
openmarcie_printer,cpu,tcn,openmarcie_printer__only_rgb__qwen3_8b,qwen3_8b,only_rgb,core,core,,277656,1110624,0,1124825,17560704,0.9688350000942592,1.0162640998714778,0.03873000014209538,,,,
openmarcie_printer,cpu,tcn,openmarcie_printer__only_rgb__qwen3_8b,qwen3_8b,only_rgb,core,core_language,,8207651840,16449136640,256,,1475736384640,2575.5095930003336,2583.4369261997836,1.7705680002109148,,,,
openmarcie_printer,cpu,ts_transformer,openmarcie_printer__only_rgb__qwen3_8b,qwen3_8b,only_rgb,edge,lidar0,lidar0_rgb,0,0,0,0,0,0.0005699998837371822,0.0008130001788231311,0.011330000234011095,18908,17.1264,10.0,0.010084266666666666
openmarcie_printer,cpu,ts_transformer,openmarcie_printer__only_rgb__qwen3_8b,qwen3_8b,only_rgb,edge,lidar1,lidar1_rgb,0,0,0,0,0,0.0004899998202745337,0.0006339999345073011,0.010949999705189839,18908,17.1264,10.0,0.010084266666666666
openmarcie_printer,cpu,ts_transformer,openmarcie_printer__only_rgb__qwen3_8b,qwen3_8b,only_rgb,edge,rgbd_imu0,rgbd_imu0_rgb,0,0,0,0,0,0.000470000031782547,0.0005420000888989307,0.011020000329153845,18908,17.1264,10.0,0.010084266666666666
openmarcie_printer,cpu,ts_transformer,openmarcie_printer__only_rgb__qwen3_8b,qwen3_8b,only_rgb,edge,rgbd_imu1,rgbd_imu1_rgb,0,0,0,0,0,0.00041000021155923605,0.0005360001068765996,0.010679999832063913,18908,17.1264,10.0,0.010084266666666666
openmarcie_printer,cpu,ts_transformer,openmarcie_printer__only_rgb__qwen3_8b,qwen3_8b,only_rgb,edge,room_rgbd0,room_rgbd0_rgb,0,0,0,0,0,0.0004399998942972161,0.0004940001417708118,0.010790000033011893,18908,17.1264,10.0,0.010084266666666666
openmarcie_printer,cpu,ts_transformer,openmarcie_printer__only_rgb__qwen3_8b,qwen3_8b,only_rgb,edge,room_rgbd1,room_rgbd1_rgb,0,0,0,0,0,0.00041000021155923605,0.00047299995458160993,0.011020000329153845,18908,17.1264,10.0,0.010084266666666666
openmarcie_printer,cpu,ts_transformer,openmarcie_printer__only_rgb__qwen3_8b,qwen3_8b,only_rgb,core,core,,290520,1162080,0,1179893,18609280,0.9926639995683217,1.0446839999076474,0.039030000152706634,,,,
openmarcie_printer,cpu,ts_transformer,openmarcie_printer__only_rgb__qwen3_8b,qwen3_8b,only_rgb,core,core_language,,8207651840,16449136640,256,,1475736384640,2575.5095930003336,2583.4369261997836,1.7564869999660004,,,,
openmarcie_printer,cpu,patchtst,openmarcie_printer__only_rgb__qwen3_8b,qwen3_8b,only_rgb,edge,lidar0,lidar0_rgb,0,0,0,0,0,0.0006000000212225132,0.0008340000022144523,0.011040000117645832,18908,17.1264,10.0,0.010084266666666666
openmarcie_printer,cpu,patchtst,openmarcie_printer__only_rgb__qwen3_8b,qwen3_8b,only_rgb,edge,lidar1,lidar1_rgb,0,0,0,0,0,0.0005400002009992022,0.000656999782222556,0.010730000212788582,18908,17.1264,10.0,0.010084266666666666
openmarcie_printer,cpu,patchtst,openmarcie_printer__only_rgb__qwen3_8b,qwen3_8b,only_rgb,edge,rgbd_imu0,rgbd_imu0_rgb,0,0,0,0,0,0.00048000038077589124,0.0006060002760932548,0.010430000202177325,18908,17.1264,10.0,0.010084266666666666
openmarcie_printer,cpu,patchtst,openmarcie_printer__only_rgb__qwen3_8b,qwen3_8b,only_rgb,edge,rgbd_imu1,rgbd_imu1_rgb,0,0,0,0,0,0.00043000000005122274,0.0005559998953685863,0.010439999641675968,18908,17.1264,10.0,0.010084266666666666
openmarcie_printer,cpu,patchtst,openmarcie_printer__only_rgb__qwen3_8b,qwen3_8b,only_rgb,edge,room_rgbd0,room_rgbd0_rgb,0,0,0,0,0,0.0004200001058052294,0.000546000001122593,0.010369999927206663,18908,17.1264,10.0,0.010084266666666666
openmarcie_printer,cpu,patchtst,openmarcie_printer__only_rgb__qwen3_8b,qwen3_8b,only_rgb,edge,room_rgbd1,room_rgbd1_rgb,0,0,0,0,0,0.00043000000005122274,0.0005290001809044043,0.010369999927206663,18908,17.1264,10.0,0.010084266666666666
openmarcie_printer,cpu,patchtst,openmarcie_printer__only_rgb__qwen3_8b,qwen3_8b,only_rgb,core,core,,253720,1014880,0,1032629,429324672,2.9413830002340546,3.0145800000809686,0.03875999982483336,,,,
openmarcie_printer,cpu,patchtst,openmarcie_printer__only_rgb__qwen3_8b,qwen3_8b,only_rgb,core,core_language,,8207651840,16449136640,256,,1124977879040,2531.34547100035,2544.0155395998318,1.0492349997548445,,,,
openmarcie_printer,cpu,distrixsense,openmarcie_printer__only_temperature__qwen3_8b,qwen3_8b,only_temperature,edge,temperature_gateway,temperature,7244,28976,0,34099,370944,0.2159710002160864,0.23216200006572763,0.01252999982170877,81,2.0648,10.0,4.32e-05
openmarcie_printer,cpu,distrixsense,openmarcie_printer__only_temperature__qwen3_8b,qwen3_8b,only_temperature,core,core,,28600,114400,0,126318,488000,0.22514100010084803,0.24885600018933474,0.009899999895424116,,,,
openmarcie_printer,cpu,distrixsense,openmarcie_printer__only_temperature__qwen3_8b,qwen3_8b,only_temperature,core,core_language,,8207651840,16449136640,256,,999223468928,2462.1520710002187,2464.5403722000083,1.014614999803598,,,,
openmarcie_printer,cpu,dense,openmarcie_printer__only_temperature__qwen3_8b,qwen3_8b,only_temperature,edge,temperature_gateway,temperature,3812,15248,0,18381,239360,0.15488100007132743,0.1682189998064132,0.008689999958733097,4324,5.4592,10.0,0.0023061333333333333
openmarcie_printer,cpu,dense,openmarcie_printer__only_temperature__qwen3_8b,qwen3_8b,only_temperature,core,core,,27576,110304,0,121905,1997888,0.2086909998979536,0.2288869999574672,0.006440000106522348,,,,
openmarcie_printer,cpu,dense,openmarcie_printer__only_temperature__qwen3_8b,qwen3_8b,only_temperature,core,core_language,,8207651840,16449136640,256,,1335682674560,2532.1091860000706,2561.775207399978,1.826508000249305,,,,
openmarcie_printer,cpu,dense_tokens,openmarcie_printer__only_temperature__qwen3_8b,qwen3_8b,only_temperature,edge,temperature_gateway,temperature,6188,24752,0,29369,354560,0.21885099977225764,0.23954199991749192,0.008060000254772604,1100,2.88,10.0,0.0005866666666666667
openmarcie_printer,cpu,dense_tokens,openmarcie_printer__only_temperature__qwen3_8b,qwen3_8b,only_temperature,core,core,,27576,110304,0,121905,488000,0.2176109996980813,0.2428289998533728,0.006230000053619733,,,,
openmarcie_printer,cpu,dense_tokens,openmarcie_printer__only_temperature__qwen3_8b,qwen3_8b,only_temperature,core,core_language,,8207651840,16449136640,256,,999223468928,2462.1520710002187,2464.5403722000083,0.9866350001175306,,,,
openmarcie_printer,cpu,raw,openmarcie_printer__only_temperature__qwen3_8b,qwen3_8b,only_temperature,edge,temperature_gateway,temperature,0,0,0,0,0,0.0005199999577598646,0.0008620000244263792,0.008909999905881705,644,2.5152,10.0,0.00034346666666666665
openmarcie_printer,cpu,raw,openmarcie_printer__only_temperature__qwen3_8b,qwen3_8b,only_temperature,core,core,,31388,125552,0,139737,2237248,0.4401820001476153,0.47281600004680513,0.006239999947865726,,,,
openmarcie_printer,cpu,raw,openmarcie_printer__only_temperature__qwen3_8b,qwen3_8b,only_temperature,core,core_language,,8207651840,16449136640,256,,1335682674560,2532.1091860000706,2561.775207399978,1.7391179999322048,,,,
openmarcie_printer,cpu,early_fusion,openmarcie_printer__only_temperature__qwen3_8b,qwen3_8b,only_temperature,edge,temperature_gateway,temperature,0,0,0,0,0,0.0004900002750218846,0.0007780000942148035,0.008859999979904387,644,2.5152,10.0,0.00034346666666666665
openmarcie_printer,cpu,early_fusion,openmarcie_printer__only_temperature__qwen3_8b,qwen3_8b,only_temperature,core,core,,27804,111216,0,124703,2009920,0.4423020000103861,0.4709939998519985,0.006409999969037017,,,,
openmarcie_printer,cpu,early_fusion,openmarcie_printer__only_temperature__qwen3_8b,qwen3_8b,only_temperature,core,core_language,,8207651840,16449136640,256,,1335682674560,2532.1091860000706,2561.775207399978,1.727076999941346,,,,
openmarcie_printer,cpu,late_fusion,openmarcie_printer__only_temperature__qwen3_8b,qwen3_8b,only_temperature,edge,temperature_gateway,temperature,4208,16832,0,20357,240128,0.1754909999363008,0.18598409988044295,0.007970000297063962,96,2.0768,10.0,5.12e-05
openmarcie_printer,cpu,late_fusion,openmarcie_printer__only_temperature__qwen3_8b,qwen3_8b,only_temperature,core,core,,0,0,0,0,0,0.023659999897063244,0.029887999926359043,0.005919999694015132,,,,
openmarcie_printer,cpu,late_fusion,openmarcie_printer__only_temperature__qwen3_8b,qwen3_8b,only_temperature,core,core_language,,8190735360,16381470720,256,,1124741163008,2531.34547100035,2544.0155395998318,0.18309100005353685,,,,
openmarcie_printer,cpu,local_only,openmarcie_printer__only_temperature__qwen3_8b,qwen3_8b,only_temperature,edge,temperature_gateway,temperature,4208,16832,0,20357,240128,0.17270999978791224,0.18835290011338657,0.007699999969190685,52,2.0416,10.0,2.7733333333333334e-05
openmarcie_printer,cpu,local_only,openmarcie_printer__only_temperature__qwen3_8b,qwen3_8b,only_temperature,core,core,,0,0,0,0,0,0.027459999728307594,0.03569499981495028,0.005809999947814504,,,,
openmarcie_printer,cpu,local_only,openmarcie_printer__only_temperature__qwen3_8b,qwen3_8b,only_temperature,core,core_language,,8190735360,16381470720,256,,1124741163008,2531.34547100035,2544.0155395998318,0.18466099982106243,,,,
openmarcie_printer,cpu,bottleneck,openmarcie_printer__only_temperature__qwen3_8b,qwen3_8b,only_temperature,edge,temperature_gateway,temperature,3944,15776,0,19333,247552,0.16649100007271045,0.18358110023655172,0.009020000106829684,684,2.5472,10.0,0.0003648
openmarcie_printer,cpu,bottleneck,openmarcie_printer__only_temperature__qwen3_8b,qwen3_8b,only_temperature,core,core,,27736,110944,0,123115,2006080,0.21444100002554478,0.2397948999714572,0.005979999968985794,,,,
openmarcie_printer,cpu,bottleneck,openmarcie_printer__only_temperature__qwen3_8b,qwen3_8b,only_temperature,core,core_language,,8207651840,16449136640,256,,1335682674560,2532.1091860000706,2561.775207399978,1.7499179998594627,,,,
openmarcie_printer,cpu,tokenlearner,openmarcie_printer__only_temperature__qwen3_8b,qwen3_8b,only_temperature,edge,temperature_gateway,temperature,5132,20528,0,24575,338176,0.2009310001085396,0.2311890001692518,0.008299999990413198,1100,2.88,10.0,0.0005866666666666667
openmarcie_printer,cpu,tokenlearner,openmarcie_printer__only_temperature__qwen3_8b,qwen3_8b,only_temperature,core,core,,27576,110304,0,121905,488000,0.19671099971674266,0.22291900004347553,0.006310000117082382,,,,
openmarcie_printer,cpu,tokenlearner,openmarcie_printer__only_temperature__qwen3_8b,qwen3_8b,only_temperature,core,core_language,,8207651840,16449136640,256,,999223468928,2462.1520710002187,2464.5403722000083,0.9596039999451023,,,,
openmarcie_printer,cpu,posthoc_vq,openmarcie_printer__only_temperature__qwen3_8b,qwen3_8b,only_temperature,edge,temperature_gateway,temperature,4836,19344,0,22729,304896,0.25684100000944454,0.28094300009797735,0.013379999927565223,192,2.1536,10.0,0.0001024
openmarcie_printer,cpu,posthoc_vq,openmarcie_printer__only_temperature__qwen3_8b,qwen3_8b,only_temperature,core,core,,28600,114400,0,126318,1997888,0.2508409997972194,0.26943500001834764,0.010349999683967326,,,,
openmarcie_printer,cpu,posthoc_vq,openmarcie_printer__only_temperature__qwen3_8b,qwen3_8b,only_temperature,core,core_language,,8207651840,16449136640,256,,1335682674560,2532.1091860000706,2561.775207399978,1.8097580000357993,,,,
openmarcie_printer,cpu,joint_vq,openmarcie_printer__only_temperature__qwen3_8b,qwen3_8b,only_temperature,edge,temperature_gateway,temperature,7212,28848,0,33718,370944,0.28776199997082585,0.31368110007861105,0.012840000181313371,81,2.0648,10.0,4.32e-05
openmarcie_printer,cpu,joint_vq,openmarcie_printer__only_temperature__qwen3_8b,qwen3_8b,only_temperature,core,core,,28600,114400,0,126318,488000,0.23039100005917135,0.26085689996762085,0.01001999999061809,,,,
openmarcie_printer,cpu,joint_vq,openmarcie_printer__only_temperature__qwen3_8b,qwen3_8b,only_temperature,core,core_language,,8207651840,16449136640,256,,999223468928,2462.1520710002187,2464.5403722000083,1.618177000182186,,,,
openmarcie_printer,cpu,deepconvlstm,openmarcie_printer__only_temperature__qwen3_8b,qwen3_8b,only_temperature,edge,temperature_gateway,temperature,0,0,0,0,0,0.0005199999577598646,0.0007450000339304097,0.008290000096167205,644,2.5152,10.0,0.00034346666666666665
openmarcie_printer,cpu,deepconvlstm,openmarcie_printer__only_temperature__qwen3_8b,qwen3_8b,only_temperature,core,core,,33456,133824,0,140577,2075136,0.4445219997251115,0.4552140000214422,0.008540000180801144,,,,
openmarcie_printer,cpu,deepconvlstm,openmarcie_printer__only_temperature__qwen3_8b,qwen3_8b,only_temperature,core,core_language,,8207651840,16449136640,256,,1335682674560,2532.1091860000706,2561.775207399978,1.7491369999333983,,,,
openmarcie_printer,cpu,unrestricted_bank,openmarcie_printer__only_temperature__qwen3_8b,qwen3_8b,only_temperature,edge,temperature_gateway,temperature,7244,28976,0,34099,370944,0.21555100011028117,0.2415160001419281,0.013010000202484662,81,2.0648,10.0,4.32e-05
openmarcie_printer,cpu,unrestricted_bank,openmarcie_printer__only_temperature__qwen3_8b,qwen3_8b,only_temperature,core,core,,28600,114400,0,126318,488000,0.20526100024653715,0.24086499984150578,0.009860000318440143,,,,
openmarcie_printer,cpu,unrestricted_bank,openmarcie_printer__only_temperature__qwen3_8b,qwen3_8b,only_temperature,core,core_language,,8207651840,16449136640,256,,999223468928,2462.1520710002187,2464.5403722000083,1.036963999922591,,,,
openmarcie_printer,cpu,separate_banks,openmarcie_printer__only_temperature__qwen3_8b,qwen3_8b,only_temperature,edge,temperature_gateway,temperature,7244,28976,0,34099,370944,0.21977100004733074,0.2437380003357248,0.012680000054388074,81,2.0648,10.0,4.32e-05
openmarcie_printer,cpu,separate_banks,openmarcie_printer__only_temperature__qwen3_8b,qwen3_8b,only_temperature,core,core,,28600,114400,0,126318,488000,0.23825100015528733,0.2561609998338099,0.009670000054029515,,,,
openmarcie_printer,cpu,separate_banks,openmarcie_printer__only_temperature__qwen3_8b,qwen3_8b,only_temperature,core,core_language,,8207651840,16449136640,256,,999223468928,2462.1520710002187,2464.5403722000083,1.025154999751976,,,,
openmarcie_printer,cpu,fixed_resampling,openmarcie_printer__only_temperature__qwen3_8b,qwen3_8b,only_temperature,edge,temperature_gateway,temperature,7244,28976,0,34099,369152,0.13524999985747854,0.1507939000020997,0.012580999737110687,81,2.0648,10.0,4.32e-05
openmarcie_printer,cpu,fixed_resampling,openmarcie_printer__only_temperature__qwen3_8b,qwen3_8b,only_temperature,core,core,,28600,114400,0,126318,488000,0.23229099997479352,0.25289200025326863,0.009670000054029515,,,,
openmarcie_printer,cpu,fixed_resampling,openmarcie_printer__only_temperature__qwen3_8b,qwen3_8b,only_temperature,core,core_language,,8207651840,16449136640,256,,999223468928,2462.1520710002187,2464.5403722000083,1.0106549998454284,,,,
openmarcie_printer,cpu,finetune_encoders,openmarcie_printer__only_temperature__qwen3_8b,qwen3_8b,only_temperature,edge,temperature_gateway,temperature,7244,28976,0,34099,370944,0.2109310003106657,0.22857100038891076,0.0123300001177995,81,2.0648,10.0,4.32e-05
openmarcie_printer,cpu,finetune_encoders,openmarcie_printer__only_temperature__qwen3_8b,qwen3_8b,only_temperature,core,core,,28600,114400,0,126318,488000,0.22735099992132746,0.2597509998395253,0.009949999821401434,,,,
openmarcie_printer,cpu,finetune_encoders,openmarcie_printer__only_temperature__qwen3_8b,qwen3_8b,only_temperature,core,core_language,,8207651840,16449136640,256,,999223468928,2462.1520710002187,2464.5403722000083,1.1688249996950617,,,,
openmarcie_printer,cpu,no_alignment,openmarcie_printer__only_temperature__qwen3_8b,qwen3_8b,only_temperature,edge,temperature_gateway,temperature,7244,28976,0,34099,370944,0.22867100005896646,0.25555399979566573,0.012720000086119398,81,2.0648,10.0,4.32e-05
openmarcie_printer,cpu,no_alignment,openmarcie_printer__only_temperature__qwen3_8b,qwen3_8b,only_temperature,core,core,,28600,114400,0,126318,488000,0.23896100037745782,0.2688679996481369,0.009899999895424116,,,,
openmarcie_printer,cpu,no_alignment,openmarcie_printer__only_temperature__qwen3_8b,qwen3_8b,only_temperature,core,core_language,,8207651840,16449136640,256,,999223468928,2462.1520710002187,2464.5403722000083,2.041919000021153,,,,
openmarcie_printer,cpu,no_usage,openmarcie_printer__only_temperature__qwen3_8b,qwen3_8b,only_temperature,edge,temperature_gateway,temperature,7244,28976,0,34099,370944,0.21857100000488572,0.243923999960316,0.012800000149582047,81,2.0648,10.0,4.32e-05
openmarcie_printer,cpu,no_usage,openmarcie_printer__only_temperature__qwen3_8b,qwen3_8b,only_temperature,core,core,,28600,114400,0,126318,488000,0.27564099991650437,0.2828139997745893,0.014661000022897497,,,,
openmarcie_printer,cpu,no_usage,openmarcie_printer__only_temperature__qwen3_8b,qwen3_8b,only_temperature,core,core_language,,8207651840,16449136640,256,,999223468928,2462.1520710002187,2464.5403722000083,0.9785449997252726,,,,
openmarcie_printer,cpu,tcn,openmarcie_printer__only_temperature__qwen3_8b,qwen3_8b,only_temperature,edge,temperature_gateway,temperature,0,0,0,0,0,0.00046000013753655367,0.0007390000519080786,0.008479999905830482,644,2.5152,10.0,0.00034346666666666665
openmarcie_printer,cpu,tcn,openmarcie_printer__only_temperature__qwen3_8b,qwen3_8b,only_temperature,core,core,,13692,54768,0,62997,823872,0.3627910000432166,0.386110900217318,0.006180999662319664,,,,
openmarcie_printer,cpu,tcn,openmarcie_printer__only_temperature__qwen3_8b,qwen3_8b,only_temperature,core,core_language,,8207651840,16449136640,256,,1335682674560,2532.1091860000706,2561.775207399978,1.7433870002605545,,,,
openmarcie_printer,cpu,ts_transformer,openmarcie_printer__only_temperature__qwen3_8b,qwen3_8b,only_temperature,edge,temperature_gateway,temperature,0,0,0,0,0,0.000470000031782547,0.00076699975579686,0.008539999726053793,644,2.5152,10.0,0.00034346666666666665
openmarcie_printer,cpu,ts_transformer,openmarcie_printer__only_temperature__qwen3_8b,qwen3_8b,only_temperature,core,core,,26556,106224,0,117937,1872448,0.4000409999207477,0.4247468997618853,0.006289999873843044,,,,
openmarcie_printer,cpu,ts_transformer,openmarcie_printer__only_temperature__qwen3_8b,qwen3_8b,only_temperature,core,core_language,,8207651840,16449136640,256,,1335682674560,2532.1091860000706,2561.775207399978,1.7393670000274142,,,,
openmarcie_printer,cpu,patchtst,openmarcie_printer__only_temperature__qwen3_8b,qwen3_8b,only_temperature,edge,temperature_gateway,temperature,0,0,0,0,0,0.0005800002327305265,0.0008140002137224656,0.008540000180801144,644,2.5152,10.0,0.00034346666666666665
openmarcie_printer,cpu,patchtst,openmarcie_printer__only_temperature__qwen3_8b,qwen3_8b,only_temperature,core,core,,26652,106608,0,118321,1448768,0.5257430002529873,0.654920000306447,0.006299999768089037,,,,
openmarcie_printer,cpu,patchtst,openmarcie_printer__only_temperature__qwen3_8b,qwen3_8b,only_temperature,core,core_language,,8207651840,16449136640,256,,985219080960,2466.0282720001305,2468.811674100243,1.024273999973957,,,,
nymeria,cpu,distrixsense,nymeria__all__qwen3_8b,qwen3_8b,all,edge,head,"head_rgb,head_slam_left,head_imu_left,head_slam_right,head_imu_right,head_trajectory,head_eye_images,head_magnetometer,head_barometer,head_audio,head_gaze",3722426,14889704,0,14940639,236938752,2.4501309999322984,2.467671099839208,0.12311000000408967,957,2.7656,10.0,0.0005104
nymeria,cpu,distrixsense,nymeria__all__qwen3_8b,qwen3_8b,all,edge,left_wrist,"left_wrist_rgb,left_wrist_slam_left,left_wrist_imu_left,left_wrist_slam_right,left_wrist_imu_right,left_wrist_trajectory",140520,562080,0,589827,8396928,1.1682350000228325,1.193183900159056,0.06708999990223674,522,2.4176,10.0,0.0002784
nymeria,cpu,distrixsense,nymeria__all__qwen3_8b,qwen3_8b,all,edge,observer,"observer_rgb,observer_slam_left,observer_imu_left,observer_slam_right,observer_imu_right,observer_trajectory,observer_eye_images,observer_magnetometer,observer_barometer,observer_audio,observer_gaze",3722426,14889704,0,14940639,236938752,2.4498510001649265,2.4808650000068155,0.12172100014140597,957,2.7656,10.0,0.0005104
nymeria,cpu,distrixsense,nymeria__all__qwen3_8b,qwen3_8b,all,edge,right_wrist,"right_wrist_rgb,right_wrist_slam_left,right_wrist_imu_left,right_wrist_slam_right,right_wrist_imu_right,right_wrist_trajectory",140520,562080,0,589827,8396928,1.187485000173183,1.2112900001284288,0.06617999997615698,522,2.4176,10.0,0.0002784
nymeria,cpu,distrixsense,nymeria__all__qwen3_8b,qwen3_8b,all,edge,scene,pointcloud,8692,34768,0,39859,462592,0.17101000003094669,0.18447490006110456,0.012250000054336851,87,2.0696,10.0,4.64e-05
nymeria,cpu,distrixsense,nymeria__all__qwen3_8b,qwen3_8b,all,edge,xsens,"body_position,body_orientation,body_velocity,body_acceleration,joint_angles,foot_contacts",128312,513248,0,540995,7611392,1.1588350002966763,1.1754580000797432,0.06849100009276299,522,2.4176,10.0,0.0002784
nymeria,cpu,distrixsense,nymeria__all__qwen3_8b,qwen3_8b,all,core,core,,71988,287952,0,299886,44828608,2.0102889998270257,2.0445880001261685,0.3879319997395214,,,,
nymeria,cpu,distrixsense,nymeria__all__qwen3_8b,qwen3_8b,all,core,core_language,,8207651840,16449136640,256,,6692881099648,4012.2528119995877,4032.40496219978,11.218260000077862,,,,
nymeria,cpu,dense,nymeria__all__qwen3_8b,qwen3_8b,all,edge,head,"head_rgb,head_slam_left,head_imu_left,head_slam_right,head_imu_right,head_trajectory,head_eye_images,head_magnetometer,head_barometer,head_audio,head_gaze",3684674,14738696,0,14764251,235491328,2.0587300000443065,2.0968179999727,0.090730000010808,47564,40.0512,10.0,0.025367466666666668
nymeria,cpu,dense,nymeria__all__qwen3_8b,qwen3_8b,all,edge,left_wrist,"left_wrist_rgb,left_wrist_slam_left,left_wrist_imu_left,left_wrist_slam_right,left_wrist_imu_right,left_wrist_trajectory",119928,479712,0,493715,7607424,0.9552539995638654,1.002225900083431,0.05071099985798355,25944,22.7552,10.0,0.0138368
nymeria,cpu,dense,nymeria__all__qwen3_8b,qwen3_8b,all,edge,observer,"observer_rgb,observer_slam_left,observer_imu_left,observer_slam_right,observer_imu_right,observer_trajectory,observer_eye_images,observer_magnetometer,observer_barometer,observer_audio,observer_gaze",3684674,14738696,0,14764251,235491328,2.0284990000618563,2.123043999654328,0.09126000031756121,47564,40.0512,10.0,0.025367466666666668
nymeria,cpu,dense,nymeria__all__qwen3_8b,qwen3_8b,all,edge,right_wrist,"right_wrist_rgb,right_wrist_slam_left,right_wrist_imu_left,right_wrist_slam_right,right_wrist_imu_right,right_wrist_trajectory",119928,479712,0,493715,7607424,0.9488239998063364,0.9567529998548707,0.050380999709886964,25944,22.7552,10.0,0.0138368
nymeria,cpu,dense,nymeria__all__qwen3_8b,qwen3_8b,all,edge,scene,pointcloud,5260,21040,0,24141,331008,0.13159099989934475,0.16152410012182372,0.009129999853030313,4324,5.4592,10.0,0.0023061333333333333
nymeria,cpu,dense,nymeria__all__qwen3_8b,qwen3_8b,all,edge,xsens,"body_position,body_orientation,body_velocity,body_acceleration,joint_angles,foot_contacts",107720,430880,0,444819,6821888,0.8878439998625254,0.8972670000730432,0.050380000175209716,25944,22.7552,10.0,0.0138368
nymeria,cpu,dense,nymeria__all__qwen3_8b,qwen3_8b,all,core,core,,30004,120016,0,131633,509654464,13.323039000169956,13.4661669000252,0.2973510004267155,,,,
nymeria,cpu,dense,nymeria__all__qwen3_8b,qwen3_8b,all,core,core_language,,8207651840,16449136640,256,,21509189326720,8625.655810999888,8763.693047299694,43.29056500000661,,,,
nymeria,cpu,dense_tokens,nymeria__all__qwen3_8b,qwen3_8b,all,edge,head,"head_rgb,head_slam_left,head_imu_left,head_slam_right,head_imu_right,head_trajectory,head_eye_images,head_magnetometer,head_barometer,head_audio,head_gaze",3710810,14843240,0,14887883,236758528,2.7232989996264223,2.8065850000075443,0.08062100005190587,12100,11.68,10.0,0.0064533333333333335
nymeria,cpu,dense_tokens,nymeria__all__qwen3_8b,qwen3_8b,all,edge,left_wrist,"left_wrist_rgb,left_wrist_slam_left,left_wrist_imu_left,left_wrist_slam_right,left_wrist_imu_right,left_wrist_trajectory",134184,536736,0,561063,8298624,1.1677279999275925,1.2522838999757369,0.045539999973698286,6600,7.28,10.0,0.00352
nymeria,cpu,dense_tokens,nymeria__all__qwen3_8b,qwen3_8b,all,edge,observer,"observer_rgb,observer_slam_left,observer_imu_left,observer_slam_right,observer_imu_right,observer_trajectory,observer_eye_images,observer_magnetometer,observer_barometer,observer_audio,observer_gaze",3710810,14843240,0,14887883,236758528,2.4036859999796434,2.4340438998024183,0.08528099988325266,12100,11.68,10.0,0.0064533333333333335
nymeria,cpu,dense_tokens,nymeria__all__qwen3_8b,qwen3_8b,all,edge,right_wrist,"right_wrist_rgb,right_wrist_slam_left,right_wrist_imu_left,right_wrist_slam_right,right_wrist_imu_right,right_wrist_trajectory",134184,536736,0,561063,8298624,1.164298000276176,1.1872840002979501,0.046580000343965366,6600,7.28,10.0,0.00352
nymeria,cpu,dense_tokens,nymeria__all__qwen3_8b,qwen3_8b,all,edge,scene,pointcloud,7636,30544,0,35129,446208,0.16744100003052154,0.1819759997943038,0.008380000053875847,1100,2.88,10.0,0.0005866666666666667
nymeria,cpu,dense_tokens,nymeria__all__qwen3_8b,qwen3_8b,all,edge,xsens,"body_position,body_orientation,body_velocity,body_acceleration,joint_angles,foot_contacts",121976,487904,0,512167,7513088,1.1246680001022469,1.1613430002398673,0.046890000248822616,6600,7.28,10.0,0.00352
nymeria,cpu,dense_tokens,nymeria__all__qwen3_8b,qwen3_8b,all,core,core,,30004,120016,0,131633,44828608,1.641380999899411,1.660748999711359,0.2674219999789784,,,,
nymeria,cpu,dense_tokens,nymeria__all__qwen3_8b,qwen3_8b,all,core,core_language,,8207651840,16449136640,256,,6692881099648,4012.2528119995877,4032.40496219978,11.09719500027495,,,,
nymeria,cpu,raw,nymeria__all__qwen3_8b,qwen3_8b,all,edge,head,"head_rgb,head_slam_left,head_imu_left,head_slam_right,head_imu_right,head_trajectory,head_eye_images,head_magnetometer,head_barometer,head_audio,head_gaze",0,0,0,0,0,0.0015300001905416138,0.0018809997527569067,0.3758520001611032,4496928,3599.5424,10.0,2.3983616
nymeria,cpu,raw,nymeria__all__qwen3_8b,qwen3_8b,all,edge,left_wrist,"left_wrist_rgb,left_wrist_slam_left,left_wrist_imu_left,left_wrist_slam_right,left_wrist_imu_right,left_wrist_trajectory",0,0,0,0,0,0.0010600001587590668,0.0012309999874560162,0.10733999988588039,307480,247.984,10.0,0.16398933333333332
nymeria,cpu,raw,nymeria__all__qwen3_8b,qwen3_8b,all,edge,observer,"observer_rgb,observer_slam_left,observer_imu_left,observer_slam_right,observer_imu_right,observer_trajectory,observer_eye_images,observer_magnetometer,observer_barometer,observer_audio,observer_gaze",0,0,0,0,0,0.0015300001905416138,0.001728000142975361,0.3407819999665662,4496928,3599.5424,10.0,2.3983616
nymeria,cpu,raw,nymeria__all__qwen3_8b,qwen3_8b,all,edge,right_wrist,"right_wrist_rgb,right_wrist_slam_left,right_wrist_imu_left,right_wrist_slam_right,right_wrist_imu_right,right_wrist_trajectory",0,0,0,0,0,0.0009899999895424116,0.0011438999990787124,0.10773099984362489,307480,247.984,10.0,0.16398933333333332
nymeria,cpu,raw,nymeria__all__qwen3_8b,qwen3_8b,all,edge,scene,pointcloud,0,0,0,0,0,0.0004500002432905603,0.0005669998245139141,0.007950000053824624,96,2.0768,10.0,5.12e-05
nymeria,cpu,raw,nymeria__all__qwen3_8b,qwen3_8b,all,edge,xsens,"body_position,body_orientation,body_velocity,body_acceleration,joint_angles,foot_contacts",0,0,0,0,0,0.0009699997463030741,0.0011230001746298512,0.13381100006881752,1109456,889.5648,10.0,0.5917098666666667
nymeria,cpu,raw,nymeria__all__qwen3_8b,qwen3_8b,all,core,core,,7752188,31008752,0,31120995,1003004864,15.882679000242206,16.042383999956655,0.8168260001184535,,,,
nymeria,cpu,raw,nymeria__all__qwen3_8b,qwen3_8b,all,core,core_language,,8207651840,16449136640,256,,21509189326720,8625.655810999888,8763.693047299694,41.38931199986473,,,,
nymeria,cpu,early_fusion,nymeria__all__qwen3_8b,qwen3_8b,all,edge,head,"head_rgb,head_slam_left,head_imu_left,head_slam_right,head_imu_right,head_trajectory,head_eye_images,head_magnetometer,head_barometer,head_audio,head_gaze",0,0,0,0,0,0.0016799999684735667,0.002066999968519667,0.399662999825523,4496928,3599.5424,10.0,2.3983616
nymeria,cpu,early_fusion,nymeria__all__qwen3_8b,qwen3_8b,all,edge,left_wrist,"left_wrist_rgb,left_wrist_slam_left,left_wrist_imu_left,left_wrist_slam_right,left_wrist_imu_right,left_wrist_trajectory",0,0,0,0,0,0.0011500001164677087,0.0012220001735840924,0.11035999978048494,307480,247.984,10.0,0.16398933333333332
nymeria,cpu,early_fusion,nymeria__all__qwen3_8b,qwen3_8b,all,edge,observer,"observer_rgb,observer_slam_left,observer_imu_left,observer_slam_right,observer_imu_right,observer_trajectory,observer_eye_images,observer_magnetometer,observer_barometer,observer_audio,observer_gaze",0,0,0,0,0,0.0014900001588102896,0.0017330000446236227,0.3782029998546932,4496928,3599.5424,10.0,2.3983616
nymeria,cpu,early_fusion,nymeria__all__qwen3_8b,qwen3_8b,all,edge,right_wrist,"right_wrist_rgb,right_wrist_slam_left,right_wrist_imu_left,right_wrist_slam_right,right_wrist_imu_right,right_wrist_trajectory",0,0,0,0,0,0.0010100002327817492,0.001073000385076739,0.10966099989673239,307480,247.984,10.0,0.16398933333333332
nymeria,cpu,early_fusion,nymeria__all__qwen3_8b,qwen3_8b,all,edge,scene,pointcloud,0,0,0,0,0,0.0004399998942972161,0.0005030000465922058,0.008160000106727239,96,2.0768,10.0,5.12e-05
nymeria,cpu,early_fusion,nymeria__all__qwen3_8b,qwen3_8b,all,edge,xsens,"body_position,body_orientation,body_velocity,body_acceleration,joint_angles,foot_contacts",0,0,0,0,0,0.0009499999578110874,0.0011390000054234406,0.12862099993071752,1109456,889.5648,10.0,0.5917098666666667
nymeria,cpu,early_fusion,nymeria__all__qwen3_8b,qwen3_8b,all,core,core,,6923516,27694064,0,27755623,442477504,5.842489999849931,6.004652900173824,0.7813150000401947,,,,
nymeria,cpu,early_fusion,nymeria__all__qwen3_8b,qwen3_8b,all,core,core_language,,8207651840,16449136640,256,,2459415369600,2813.302761000159,2817.043132200024,1.9863130000885576,,,,
nymeria,cpu,late_fusion,nymeria__all__qwen3_8b,qwen3_8b,all,edge,head,"head_rgb,head_slam_left,head_imu_left,head_slam_right,head_imu_right,head_trajectory,head_eye_images,head_magnetometer,head_barometer,head_audio,head_gaze",3688304,14753216,0,14784675,235498368,2.34594699986701,2.3865189997195557,0.07813999991412857,968,2.7744,10.0,0.0005162666666666667
nymeria,cpu,late_fusion,nymeria__all__qwen3_8b,qwen3_8b,all,edge,left_wrist,"left_wrist_rgb,left_wrist_slam_left,left_wrist_imu_left,left_wrist_slam_right,left_wrist_imu_right,left_wrist_trajectory",121908,487632,0,504815,7611264,1.0226969998257118,1.1277269998572592,0.04405000026963535,528,2.4224,10.0,0.0002816
nymeria,cpu,late_fusion,nymeria__all__qwen3_8b,qwen3_8b,all,edge,observer,"observer_rgb,observer_slam_left,observer_imu_left,observer_slam_right,observer_imu_right,observer_trajectory,observer_eye_images,observer_magnetometer,observer_barometer,observer_audio,observer_gaze",3688304,14753216,0,14784675,235498368,2.1262139998725615,2.281798800186152,0.07967999999891617,968,2.7744,10.0,0.0005162666666666667
nymeria,cpu,late_fusion,nymeria__all__qwen3_8b,qwen3_8b,all,edge,right_wrist,"right_wrist_rgb,right_wrist_slam_left,right_wrist_imu_left,right_wrist_slam_right,right_wrist_imu_right,right_wrist_trajectory",121908,487632,0,504815,7611264,0.9958569999071187,1.015306000090277,0.04392099981487263,528,2.4224,10.0,0.0002816
nymeria,cpu,late_fusion,nymeria__all__qwen3_8b,qwen3_8b,all,edge,scene,pointcloud,5590,22360,0,25861,331648,0.12980100018467056,0.14406599993890268,0.007869999990361976,88,2.0704,10.0,4.6933333333333333e-05
nymeria,cpu,late_fusion,nymeria__all__qwen3_8b,qwen3_8b,all,edge,xsens,"body_position,body_orientation,body_velocity,body_acceleration,joint_angles,foot_contacts",109700,438800,0,455919,6825728,0.9602269997230906,0.9759319998011051,0.044130999867775245,528,2.4224,10.0,0.0002816
nymeria,cpu,late_fusion,nymeria__all__qwen3_8b,qwen3_8b,all,core,core,,0,0,0,0,0,0.25123100022028666,0.25327489988740126,0.23919200020827702,,,,
nymeria,cpu,late_fusion,nymeria__all__qwen3_8b,qwen3_8b,all,core,core_language,,8190735360,16381470720,256,,2247058280448,2733.567756999946,2740.7101245998547,0.32312199982698075,,,,
nymeria,cpu,local_only,nymeria__all__qwen3_8b,qwen3_8b,all,edge,head,"head_rgb,head_slam_left,head_imu_left,head_slam_right,head_imu_right,head_trajectory,head_eye_images,head_magnetometer,head_barometer,head_audio,head_gaze",3688304,14753216,0,14784675,235498368,2.1806150007250835,2.2643069000878313,0.07743100013613002,572,2.4576000000000002,10.0,0.0003050666666666667
nymeria,cpu,local_only,nymeria__all__qwen3_8b,qwen3_8b,all,edge,left_wrist,"left_wrist_rgb,left_wrist_slam_left,left_wrist_imu_left,left_wrist_slam_right,left_wrist_imu_right,left_wrist_trajectory",121908,487632,0,504815,7611264,1.0147670000151265,1.0298240003976389,0.0438899996879627,312,2.2496,10.0,0.0001664
nymeria,cpu,local_only,nymeria__all__qwen3_8b,qwen3_8b,all,edge,observer,"observer_rgb,observer_slam_left,observer_imu_left,observer_slam_right,observer_imu_right,observer_trajectory,observer_eye_images,observer_magnetometer,observer_barometer,observer_audio,observer_gaze",3688304,14753216,0,14784675,235498368,2.1482939991983585,2.164881900171167,0.0802510003268253,572,2.4576000000000002,10.0,0.0003050666666666667
nymeria,cpu,local_only,nymeria__all__qwen3_8b,qwen3_8b,all,edge,right_wrist,"right_wrist_rgb,right_wrist_slam_left,right_wrist_imu_left,right_wrist_slam_right,right_wrist_imu_right,right_wrist_trajectory",121908,487632,0,504815,7611264,1.0081570007969276,1.0374070000580105,0.04355999953986611,312,2.2496,10.0,0.0001664
nymeria,cpu,local_only,nymeria__all__qwen3_8b,qwen3_8b,all,edge,scene,pointcloud,5590,22360,0,25861,331648,0.13398099963524146,0.14623900015067193,0.008070000149018597,52,2.0416,10.0,2.7733333333333334e-05
nymeria,cpu,local_only,nymeria__all__qwen3_8b,qwen3_8b,all,edge,xsens,"body_position,body_orientation,body_velocity,body_acceleration,joint_angles,foot_contacts",109700,438800,0,455919,6825728,0.9693469992271275,0.9845110997048323,0.04354000066086883,312,2.2496,10.0,0.0001664
nymeria,cpu,local_only,nymeria__all__qwen3_8b,qwen3_8b,all,core,core,,0,0,0,0,0,0.3949230003854609,0.4046610005389084,0.266690999524144,,,,
nymeria,cpu,local_only,nymeria__all__qwen3_8b,qwen3_8b,all,core,core_language,,8190735360,16381470720,256,,2247058280448,2733.567756999946,2740.7101245998547,0.2627910007504397,,,,
nymeria,cpu,bottleneck,nymeria__all__qwen3_8b,qwen3_8b,all,edge,head,"head_rgb,head_slam_left,head_imu_left,head_slam_right,head_imu_right,head_trajectory,head_eye_images,head_magnetometer,head_barometer,head_audio,head_gaze",3686126,14744504,0,14776227,235581440,2.1012140005041147,2.135162900412979,0.08901000001060311,7524,8.0192,10.0,0.0040128
nymeria,cpu,bottleneck,nymeria__all__qwen3_8b,qwen3_8b,all,edge,left_wrist,"left_wrist_rgb,left_wrist_slam_left,left_wrist_imu_left,left_wrist_slam_right,left_wrist_imu_right,left_wrist_trajectory",120720,482880,0,500271,7656576,0.9965169992938172,1.0062180994282244,0.04737100061902311,4104,5.2832,10.0,0.0021888
nymeria,cpu,bottleneck,nymeria__all__qwen3_8b,qwen3_8b,all,edge,observer,"observer_rgb,observer_slam_left,observer_imu_left,observer_slam_right,observer_imu_right,observer_trajectory,observer_eye_images,observer_magnetometer,observer_barometer,observer_audio,observer_gaze",3686126,14744504,0,14776227,235581440,2.144253999176726,2.160499900492141,0.08951099971454823,7524,8.0192,10.0,0.0040128
nymeria,cpu,bottleneck,nymeria__all__qwen3_8b,qwen3_8b,all,edge,right_wrist,"right_wrist_rgb,right_wrist_slam_left,right_wrist_imu_left,right_wrist_slam_right,right_wrist_imu_right,right_wrist_trajectory",120720,482880,0,500271,7656576,1.0043160000350326,1.015431899941177,0.04713100042863516,4104,5.2832,10.0,0.0021888
nymeria,cpu,bottleneck,nymeria__all__qwen3_8b,qwen3_8b,all,edge,scene,pointcloud,5392,21568,0,25093,339200,0.13349100026971428,0.1497360003668291,0.008600000001024455,684,2.5472,10.0,0.0003648
nymeria,cpu,bottleneck,nymeria__all__qwen3_8b,qwen3_8b,all,edge,xsens,"body_position,body_orientation,body_velocity,body_acceleration,joint_angles,foot_contacts",108512,434048,0,451375,6871040,0.9534970004096976,0.9748081005454878,0.04818999968847493,4104,5.2832,10.0,0.0021888
nymeria,cpu,bottleneck,nymeria__all__qwen3_8b,qwen3_8b,all,core,core,,36564,146256,0,182671,509990336,8.254946999841195,8.344713000042248,0.25914100024237996,,,,
nymeria,cpu,bottleneck,nymeria__all__qwen3_8b,qwen3_8b,all,core,core_language,,8207651840,16449136640,256,,21509189326720,8625.655810999888,8763.693047299694,47.16316099984397,,,,
nymeria,cpu,tokenlearner,nymeria__all__qwen3_8b,qwen3_8b,all,edge,head,"head_rgb,head_slam_left,head_imu_left,head_slam_right,head_imu_right,head_trajectory,head_eye_images,head_magnetometer,head_barometer,head_audio,head_gaze",3699194,14796776,0,14835063,236578304,2.3323160003201338,2.393570899585029,0.08155100022122497,12100,11.68,10.0,0.0064533333333333335
nymeria,cpu,tokenlearner,nymeria__all__qwen3_8b,qwen3_8b,all,edge,left_wrist,"left_wrist_rgb,left_wrist_slam_left,left_wrist_imu_left,left_wrist_slam_right,left_wrist_imu_right,left_wrist_trajectory",127848,511392,0,532299,8200320,1.128388000324776,1.1699499995302176,0.04527100008999696,6600,7.28,10.0,0.00352
nymeria,cpu,tokenlearner,nymeria__all__qwen3_8b,qwen3_8b,all,edge,observer,"observer_rgb,observer_slam_left,observer_imu_left,observer_slam_right,observer_imu_right,observer_trajectory,observer_eye_images,observer_magnetometer,observer_barometer,observer_audio,observer_gaze",3699194,14796776,0,14835063,236578304,2.3488060005547595,2.3702808997768443,0.0822709998828941,12100,11.68,10.0,0.0064533333333333335
nymeria,cpu,tokenlearner,nymeria__all__qwen3_8b,qwen3_8b,all,edge,right_wrist,"right_wrist_rgb,right_wrist_slam_left,right_wrist_imu_left,right_wrist_slam_right,right_wrist_imu_right,right_wrist_trajectory",127848,511392,0,532299,8200320,1.1295579997749883,1.1523099998157704,0.04559099943435285,6600,7.28,10.0,0.00352
nymeria,cpu,tokenlearner,nymeria__all__qwen3_8b,qwen3_8b,all,edge,scene,pointcloud,6580,26320,0,30335,429824,0.1649209998504375,0.18381199979558005,0.008349999916390516,1100,2.88,10.0,0.0005866666666666667
nymeria,cpu,tokenlearner,nymeria__all__qwen3_8b,qwen3_8b,all,edge,xsens,"body_position,body_orientation,body_velocity,body_acceleration,joint_angles,foot_contacts",115640,462560,0,483403,7414784,1.0827469996002037,1.096724899525725,0.04570100009004818,6600,7.28,10.0,0.00352
nymeria,cpu,tokenlearner,nymeria__all__qwen3_8b,qwen3_8b,all,core,core,,30004,120016,0,131633,44828608,1.6251609995379113,1.6412350006248744,0.2619319993755198,,,,
nymeria,cpu,tokenlearner,nymeria__all__qwen3_8b,qwen3_8b,all,core,core_language,,8207651840,16449136640,256,,6692881099648,4012.2528119995877,4032.40496219978,11.097536000306718,,,,
nymeria,cpu,posthoc_vq,nymeria__all__qwen3_8b,qwen3_8b,all,edge,head,"head_rgb,head_slam_left,head_imu_left,head_slam_right,head_imu_right,head_trajectory,head_eye_images,head_magnetometer,head_barometer,head_audio,head_gaze",3726658,14906632,0,14932504,236212224,2.6099679998878855,2.6382730001387245,0.12920100016344804,2376,3.9008000000000003,10.0,0.0012672
nymeria,cpu,posthoc_vq,nymeria__all__qwen3_8b,qwen3_8b,all,edge,left_wrist,"left_wrist_rgb,left_wrist_slam_left,left_wrist_imu_left,left_wrist_slam_right,left_wrist_imu_right,left_wrist_trajectory",161912,647648,0,661968,8000640,1.2952879997101263,1.323450800646242,0.07155000002967427,1296,3.0368,10.0,0.0006912
nymeria,cpu,posthoc_vq,nymeria__all__qwen3_8b,qwen3_8b,all,edge,observer,"observer_rgb,observer_slam_left,observer_imu_left,observer_slam_right,observer_imu_right,observer_trajectory,observer_eye_images,observer_magnetometer,observer_barometer,observer_audio,observer_gaze",3726658,14906632,0,14932504,236212224,2.841200000148092,3.2166907999453542,0.12950099971931195,2376,3.9008000000000003,10.0,0.0012672
nymeria,cpu,posthoc_vq,nymeria__all__qwen3_8b,qwen3_8b,all,edge,right_wrist,"right_wrist_rgb,right_wrist_slam_left,right_wrist_imu_left,right_wrist_slam_right,right_wrist_imu_right,right_wrist_trajectory",161912,647648,0,661968,8000640,1.3137790001565008,1.640958699681505,0.10644099984347122,1296,3.0368,10.0,0.0006912
nymeria,cpu,posthoc_vq,nymeria__all__qwen3_8b,qwen3_8b,all,edge,scene,pointcloud,47244,188976,0,192329,396544,0.20560100074362708,0.22275589981290977,0.013241000488051213,216,2.1728,10.0,0.0001152
nymeria,cpu,posthoc_vq,nymeria__all__qwen3_8b,qwen3_8b,all,edge,xsens,"body_position,body_orientation,body_velocity,body_acceleration,joint_angles,foot_contacts",149704,598816,0,613072,7215104,1.2450480007828446,1.2729578998914803,0.07194099998741876,1296,3.0368,10.0,0.0006912
nymeria,cpu,posthoc_vq,nymeria__all__qwen3_8b,qwen3_8b,all,core,core,,71988,287952,0,299886,509654464,14.382577999640489,15.218459299740061,0.40685200019652257,,,,
nymeria,cpu,posthoc_vq,nymeria__all__qwen3_8b,qwen3_8b,all,core,core_language,,8207651840,16449136640,256,,21509189326720,8625.655810999888,8763.693047299694,46.53266800050915,,,,
nymeria,cpu,joint_vq,nymeria__all__qwen3_8b,qwen3_8b,all,edge,head,"head_rgb,head_slam_left,head_imu_left,head_slam_right,head_imu_right,head_trajectory,head_eye_images,head_magnetometer,head_barometer,head_audio,head_gaze",3752794,15011176,0,15056073,236938752,2.9873800003770157,2.988982899387338,0.12137099929532269,957,2.7656,10.0,0.0005104
nymeria,cpu,joint_vq,nymeria__all__qwen3_8b,qwen3_8b,all,edge,left_wrist,"left_wrist_rgb,left_wrist_slam_left,left_wrist_imu_left,left_wrist_slam_right,left_wrist_imu_right,left_wrist_trajectory",176168,704672,0,729316,8396928,1.484070000515203,1.4962470002501504,0.06618099996558158,522,2.4176,10.0,0.0002784
nymeria,cpu,joint_vq,nymeria__all__qwen3_8b,qwen3_8b,all,edge,observer,"observer_rgb,observer_slam_left,observer_imu_left,observer_slam_right,observer_imu_right,observer_trajectory,observer_eye_images,observer_magnetometer,observer_barometer,observer_audio,observer_gaze",3752794,15011176,0,15056073,236938752,2.9137599995010532,2.9494899998098845,0.12005100052192574,957,2.7656,10.0,0.0005104
nymeria,cpu,joint_vq,nymeria__all__qwen3_8b,qwen3_8b,all,edge,right_wrist,"right_wrist_rgb,right_wrist_slam_left,right_wrist_imu_left,right_wrist_slam_right,right_wrist_imu_right,right_wrist_trajectory",176168,704672,0,729316,8396928,1.4774300007047714,1.5017399002317688,0.06673100051557412,522,2.4176,10.0,0.0002784
nymeria,cpu,joint_vq,nymeria__all__qwen3_8b,qwen3_8b,all,edge,scene,pointcloud,49620,198480,0,203318,462592,0.25056200047401944,0.2557189999606635,0.012460000107239466,87,2.0696,10.0,4.64e-05
nymeria,cpu,joint_vq,nymeria__all__qwen3_8b,qwen3_8b,all,edge,xsens,"body_position,body_orientation,body_velocity,body_acceleration,joint_angles,foot_contacts",163960,655840,0,680420,7611392,1.4078899994274252,1.4536550000229909,0.06729100005031796,522,2.4176,10.0,0.0002784
nymeria,cpu,joint_vq,nymeria__all__qwen3_8b,qwen3_8b,all,core,core,,71988,287952,0,299886,44828608,2.0626039995477186,2.065420999224443,0.3919529999620863,,,,
nymeria,cpu,joint_vq,nymeria__all__qwen3_8b,qwen3_8b,all,core,core_language,,8207651840,16449136640,256,,6692881099648,4012.2528119995877,4032.40496219978,11.232607000238204,,,,
nymeria,cpu,deepconvlstm,nymeria__all__qwen3_8b,qwen3_8b,all,edge,head,"head_rgb,head_slam_left,head_imu_left,head_slam_right,head_imu_right,head_trajectory,head_eye_images,head_magnetometer,head_barometer,head_audio,head_gaze",0,0,0,0,0,0.001529999281046912,0.001962000442290446,0.37981299919920275,4496928,3599.5424,10.0,2.3983616
nymeria,cpu,deepconvlstm,nymeria__all__qwen3_8b,qwen3_8b,all,edge,left_wrist,"left_wrist_rgb,left_wrist_slam_left,left_wrist_imu_left,left_wrist_slam_right,left_wrist_imu_right,left_wrist_trajectory",0,0,0,0,0,0.0010399999155197293,0.0011929999345738906,0.11165100022481056,307480,247.984,10.0,0.16398933333333332
nymeria,cpu,deepconvlstm,nymeria__all__qwen3_8b,qwen3_8b,all,edge,observer,"observer_rgb,observer_slam_left,observer_imu_left,observer_slam_right,observer_imu_right,observer_trajectory,observer_eye_images,observer_magnetometer,observer_barometer,observer_audio,observer_gaze",0,0,0,0,0,0.0015699997675255872,0.001659999634284759,0.3719630003615748,4496928,3599.5424,10.0,2.3983616
nymeria,cpu,deepconvlstm,nymeria__all__qwen3_8b,qwen3_8b,all,edge,right_wrist,"right_wrist_rgb,right_wrist_slam_left,right_wrist_imu_left,right_wrist_slam_right,right_wrist_imu_right,right_wrist_trajectory",0,0,0,0,0,0.0010000003385357559,0.0011259998245805036,0.11073099994973745,307480,247.984,10.0,0.16398933333333332
nymeria,cpu,deepconvlstm,nymeria__all__qwen3_8b,qwen3_8b,all,edge,scene,pointcloud,0,0,0,0,0,0.0004399998942972161,0.0005119999514135998,0.007869999535614625,96,2.0768,10.0,5.12e-05
nymeria,cpu,deepconvlstm,nymeria__all__qwen3_8b,qwen3_8b,all,edge,xsens,"body_position,body_orientation,body_velocity,body_acceleration,joint_angles,foot_contacts",0,0,0,0,0,0.0009800005500437692,0.0010339999789721332,0.12998100010008784,1109456,889.5648,10.0,0.5917098666666667
nymeria,cpu,deepconvlstm,nymeria__all__qwen3_8b,qwen3_8b,all,core,core,,7626322,30505288,0,30559763,487321728,6.0579910004889825,6.392127700109995,0.7671150005990057,,,,
nymeria,cpu,deepconvlstm,nymeria__all__qwen3_8b,qwen3_8b,all,core,core_language,,8207651840,16449136640,256,,2459415369600,2813.302761000159,2817.043132200024,1.9441829999777838,,,,
nymeria,cpu,unrestricted_bank,nymeria__all__qwen3_8b,qwen3_8b,all,edge,head,"head_rgb,head_slam_left,head_imu_left,head_slam_right,head_imu_right,head_trajectory,head_eye_images,head_magnetometer,head_barometer,head_audio,head_gaze",4187066,16748264,0,16799263,244147712,2.5332369996249327,2.6330029000746435,0.11940100011997856,957,2.7656,10.0,0.0005104
nymeria,cpu,unrestricted_bank,nymeria__all__qwen3_8b,qwen3_8b,all,edge,left_wrist,"left_wrist_rgb,left_wrist_slam_left,left_wrist_imu_left,left_wrist_slam_right,left_wrist_imu_right,left_wrist_trajectory",393960,1575840,0,1603651,12329088,1.2474889999793959,1.2623840004380327,0.0661510002828436,522,2.4176,10.0,0.0002784
nymeria,cpu,unrestricted_bank,nymeria__all__qwen3_8b,qwen3_8b,all,edge,observer,"observer_rgb,observer_slam_left,observer_imu_left,observer_slam_right,observer_imu_right,observer_trajectory,observer_eye_images,observer_magnetometer,observer_barometer,observer_audio,observer_gaze",4187066,16748264,0,16799263,244147712,2.5724170000103186,2.5901118999172468,0.12113100001442945,957,2.7656,10.0,0.0005104
nymeria,cpu,unrestricted_bank,nymeria__all__qwen3_8b,qwen3_8b,all,edge,right_wrist,"right_wrist_rgb,right_wrist_slam_left,right_wrist_imu_left,right_wrist_slam_right,right_wrist_imu_right,right_wrist_trajectory",393960,1575840,0,1603651,12329088,1.2420679995557293,1.2435260005076998,0.06615999973291764,522,2.4176,10.0,0.0002784
nymeria,cpu,unrestricted_bank,nymeria__all__qwen3_8b,qwen3_8b,all,edge,scene,pointcloud,50932,203728,0,208819,1117952,0.18321100014873082,0.1967029003026255,0.012370000149530824,87,2.0696,10.0,4.64e-05
nymeria,cpu,unrestricted_bank,nymeria__all__qwen3_8b,qwen3_8b,all,edge,xsens,"body_position,body_orientation,body_velocity,body_acceleration,joint_angles,foot_contacts",381752,1527008,0,1554755,11543552,1.1977789999946253,1.2132041001677862,0.06727099935233127,522,2.4176,10.0,0.0002784
nymeria,cpu,unrestricted_bank,nymeria__all__qwen3_8b,qwen3_8b,all,core,core,,71988,287952,0,299886,44828608,1.7371220001223264,1.7636000000493368,0.3705729995999718,,,,
nymeria,cpu,unrestricted_bank,nymeria__all__qwen3_8b,qwen3_8b,all,core,core_language,,8207651840,16449136640,256,,6692881099648,4012.2528119995877,4032.40496219978,10.952904000077979,,,,
nymeria,cpu,separate_banks,nymeria__all__qwen3_8b,qwen3_8b,all,edge,head,"head_rgb,head_slam_left,head_imu_left,head_slam_right,head_imu_right,head_trajectory,head_eye_images,head_magnetometer,head_barometer,head_audio,head_gaze",3722426,14889704,0,14940639,236938752,2.455976999954146,2.5392998999450356,0.12393100041663274,957,2.7656,10.0,0.0005104
nymeria,cpu,separate_banks,nymeria__all__qwen3_8b,qwen3_8b,all,edge,left_wrist,"left_wrist_rgb,left_wrist_slam_left,left_wrist_imu_left,left_wrist_slam_right,left_wrist_imu_right,left_wrist_trajectory",140520,562080,0,589827,8396928,1.2025180003547575,1.2286818999200477,0.06774000030418392,522,2.4176,10.0,0.0002784
nymeria,cpu,separate_banks,nymeria__all__qwen3_8b,qwen3_8b,all,edge,observer,"observer_rgb,observer_slam_left,observer_imu_left,observer_slam_right,observer_imu_right,observer_trajectory,observer_eye_images,observer_magnetometer,observer_barometer,observer_audio,observer_gaze",3722426,14889704,0,14940639,236938752,2.451366000059352,2.4822369005960354,0.12324099952820688,957,2.7656,10.0,0.0005104
nymeria,cpu,separate_banks,nymeria__all__qwen3_8b,qwen3_8b,all,edge,right_wrist,"right_wrist_rgb,right_wrist_slam_left,right_wrist_imu_left,right_wrist_slam_right,right_wrist_imu_right,right_wrist_trajectory",140520,562080,0,589827,8396928,1.19586800065008,1.2151010002526164,0.06806000055803452,522,2.4176,10.0,0.0002784
nymeria,cpu,separate_banks,nymeria__all__qwen3_8b,qwen3_8b,all,edge,scene,pointcloud,8692,34768,0,39859,462592,0.17239199951291084,0.18676410018088063,0.012710000191873405,87,2.0696,10.0,4.64e-05
nymeria,cpu,separate_banks,nymeria__all__qwen3_8b,qwen3_8b,all,edge,xsens,"body_position,body_orientation,body_velocity,body_acceleration,joint_angles,foot_contacts",128312,513248,0,540995,7611392,1.1447169999883045,1.168108899400977,0.06759999996575061,522,2.4176,10.0,0.0002784
nymeria,cpu,separate_banks,nymeria__all__qwen3_8b,qwen3_8b,all,core,core,,71988,287952,0,311862,44828608,2.0534839995889342,2.0871800001259544,0.3697930005728267,,,,
nymeria,cpu,separate_banks,nymeria__all__qwen3_8b,qwen3_8b,all,core,core_language,,8207651840,16449136640,256,,6692881099648,4012.2528119995877,4032.40496219978,11.022185000001627,,,,
nymeria,cpu,fixed_resampling,nymeria__all__qwen3_8b,qwen3_8b,all,edge,head,"head_rgb,head_slam_left,head_imu_left,head_slam_right,head_imu_right,head_trajectory,head_eye_images,head_magnetometer,head_barometer,head_audio,head_gaze",3722426,14889704,0,14940639,26230272,1.6052109995143837,1.6411029997470905,0.12453100043785525,957,2.7656,10.0,0.0005104
nymeria,cpu,fixed_resampling,nymeria__all__qwen3_8b,qwen3_8b,all,edge,left_wrist,"left_wrist_rgb,left_wrist_slam_left,left_wrist_imu_left,left_wrist_slam_right,left_wrist_imu_right,left_wrist_trajectory",140520,562080,0,589827,5440512,0.8390559996769298,0.8546169996407116,0.06824100000812905,522,2.4176,10.0,0.0002784
nymeria,cpu,fixed_resampling,nymeria__all__qwen3_8b,qwen3_8b,all,edge,observer,"observer_rgb,observer_slam_left,observer_imu_left,observer_slam_right,observer_imu_right,observer_trajectory,observer_eye_images,observer_magnetometer,observer_barometer,observer_audio,observer_gaze",3722426,14889704,0,14940639,26230272,1.6132709997691563,1.63077599963799,0.12392100052238675,957,2.7656,10.0,0.0005104
nymeria,cpu,fixed_resampling,nymeria__all__qwen3_8b,qwen3_8b,all,edge,right_wrist,"right_wrist_rgb,right_wrist_slam_left,right_wrist_imu_left,right_wrist_slam_right,right_wrist_imu_right,right_wrist_trajectory",140520,562080,0,589827,5440512,0.8357959995919373,0.8551361001082114,0.06853000013506971,522,2.4176,10.0,0.0002784
nymeria,cpu,fixed_resampling,nymeria__all__qwen3_8b,qwen3_8b,all,edge,scene,pointcloud,8692,34768,0,39859,451072,0.10732099963206565,0.12122599991926108,0.012700000297627412,87,2.0696,10.0,4.64e-05
nymeria,cpu,fixed_resampling,nymeria__all__qwen3_8b,qwen3_8b,all,edge,xsens,"body_position,body_orientation,body_velocity,body_acceleration,joint_angles,foot_contacts",128312,513248,0,540995,5778432,0.7896649995018379,0.811607900322997,0.06852000024082372,522,2.4176,10.0,0.0002784
nymeria,cpu,fixed_resampling,nymeria__all__qwen3_8b,qwen3_8b,all,core,core,,71988,287952,0,299886,44828608,2.040223999756563,2.0415560004039435,0.37713200072175823,,,,
nymeria,cpu,fixed_resampling,nymeria__all__qwen3_8b,qwen3_8b,all,core,core_language,,8207651840,16449136640,256,,6692881099648,4012.2528119995877,4032.40496219978,10.844553999959317,,,,
nymeria,cpu,finetune_encoders,nymeria__all__qwen3_8b,qwen3_8b,all,edge,head,"head_rgb,head_slam_left,head_imu_left,head_slam_right,head_imu_right,head_trajectory,head_eye_images,head_magnetometer,head_barometer,head_audio,head_gaze",3722426,14889704,0,14940639,236938752,2.450915999361314,2.5123247998635634,0.12126100045861676,957,2.7656,10.0,0.0005104
nymeria,cpu,finetune_encoders,nymeria__all__qwen3_8b,qwen3_8b,all,edge,left_wrist,"left_wrist_rgb,left_wrist_slam_left,left_wrist_imu_left,left_wrist_slam_right,left_wrist_imu_right,left_wrist_trajectory",140520,562080,0,589827,8396928,1.1981879997620126,1.2141179999161977,0.06774000030418392,522,2.4176,10.0,0.0002784
nymeria,cpu,finetune_encoders,nymeria__all__qwen3_8b,qwen3_8b,all,edge,observer,"observer_rgb,observer_slam_left,observer_imu_left,observer_slam_right,observer_imu_right,observer_trajectory,observer_eye_images,observer_magnetometer,observer_barometer,observer_audio,observer_gaze",3722426,14889704,0,14940639,236938752,2.4585270002717152,2.4970379998194403,0.12318999961280497,957,2.7656,10.0,0.0005104
nymeria,cpu,finetune_encoders,nymeria__all__qwen3_8b,qwen3_8b,all,edge,right_wrist,"right_wrist_rgb,right_wrist_slam_left,right_wrist_imu_left,right_wrist_slam_right,right_wrist_imu_right,right_wrist_trajectory",140520,562080,0,589827,8396928,1.2009379997834913,1.2229159998241812,0.06758100062143058,522,2.4176,10.0,0.0002784
nymeria,cpu,finetune_encoders,nymeria__all__qwen3_8b,qwen3_8b,all,edge,scene,pointcloud,8692,34768,0,39859,462592,0.18124200050806394,0.18855809967135428,0.012460000107239466,87,2.0696,10.0,4.64e-05
nymeria,cpu,finetune_encoders,nymeria__all__qwen3_8b,qwen3_8b,all,edge,xsens,"body_position,body_orientation,body_velocity,body_acceleration,joint_angles,foot_contacts",128312,513248,0,540995,7611392,1.1605279996729223,1.16390299917839,0.06750099964847323,522,2.4176,10.0,0.0002784
nymeria,cpu,finetune_encoders,nymeria__all__qwen3_8b,qwen3_8b,all,core,core,,71988,287952,0,299886,44828608,2.016413000092143,2.0279968999602715,0.3756420001082006,,,,
nymeria,cpu,finetune_encoders,nymeria__all__qwen3_8b,qwen3_8b,all,core,core_language,,8207651840,16449136640,256,,6692881099648,4012.2528119995877,4032.40496219978,11.007834999873012,,,,
nymeria,cpu,no_alignment,nymeria__all__qwen3_8b,qwen3_8b,all,edge,head,"head_rgb,head_slam_left,head_imu_left,head_slam_right,head_imu_right,head_trajectory,head_eye_images,head_magnetometer,head_barometer,head_audio,head_gaze",3722426,14889704,0,14940639,236938752,2.461476999997103,2.5048660003449186,0.12123099986638408,957,2.7656,10.0,0.0005104
nymeria,cpu,no_alignment,nymeria__all__qwen3_8b,qwen3_8b,all,edge,left_wrist,"left_wrist_rgb,left_wrist_slam_left,left_wrist_imu_left,left_wrist_slam_right,left_wrist_imu_right,left_wrist_trajectory",140520,562080,0,589827,8396928,1.1957880005866173,1.2059129999215656,0.06642000062129227,522,2.4176,10.0,0.0002784
nymeria,cpu,no_alignment,nymeria__all__qwen3_8b,qwen3_8b,all,edge,observer,"observer_rgb,observer_slam_left,observer_imu_left,observer_slam_right,observer_imu_right,observer_trajectory,observer_eye_images,observer_magnetometer,observer_barometer,observer_audio,observer_gaze",3722426,14889704,0,14940639,236938752,2.439397000671306,2.470375000484637,0.12192099984531524,957,2.7656,10.0,0.0005104
nymeria,cpu,no_alignment,nymeria__all__qwen3_8b,qwen3_8b,all,edge,right_wrist,"right_wrist_rgb,right_wrist_slam_left,right_wrist_imu_left,right_wrist_slam_right,right_wrist_imu_right,right_wrist_trajectory",140520,562080,0,589827,8396928,1.1907079997399705,1.1994559997219767,0.06717100040987134,522,2.4176,10.0,0.0002784
nymeria,cpu,no_alignment,nymeria__all__qwen3_8b,qwen3_8b,all,edge,scene,pointcloud,8692,34768,0,39859,462592,0.17435100016882643,0.18962490030389745,0.012400000741763506,87,2.0696,10.0,4.64e-05
nymeria,cpu,no_alignment,nymeria__all__qwen3_8b,qwen3_8b,all,edge,xsens,"body_position,body_orientation,body_velocity,body_acceleration,joint_angles,foot_contacts",128312,513248,0,540995,7611392,1.1541479998413706,1.169015999766998,0.06823000057920581,522,2.4176,10.0,0.0002784
nymeria,cpu,no_alignment,nymeria__all__qwen3_8b,qwen3_8b,all,core,core,,71988,287952,0,299886,44828608,2.00052299987874,2.0343458994830144,0.3633329997683177,,,,
nymeria,cpu,no_alignment,nymeria__all__qwen3_8b,qwen3_8b,all,core,core_language,,8207651840,16449136640,256,,6692881099648,4012.2528119995877,4032.40496219978,11.014974999852711,,,,
nymeria,cpu,no_usage,nymeria__all__qwen3_8b,qwen3_8b,all,edge,head,"head_rgb,head_slam_left,head_imu_left,head_slam_right,head_imu_right,head_trajectory,head_eye_images,head_magnetometer,head_barometer,head_audio,head_gaze",3722426,14889704,0,14940639,236938752,2.4700869998923736,2.50984000022072,0.1216000000567874,957,2.7656,10.0,0.0005104
nymeria,cpu,no_usage,nymeria__all__qwen3_8b,qwen3_8b,all,edge,left_wrist,"left_wrist_rgb,left_wrist_slam_left,left_wrist_imu_left,left_wrist_slam_right,left_wrist_imu_right,left_wrist_trajectory",140520,562080,0,589827,8396928,1.1936079999941285,1.2068830003954645,0.06778999977541389,522,2.4176,10.0,0.0002784
nymeria,cpu,no_usage,nymeria__all__qwen3_8b,qwen3_8b,all,edge,observer,"observer_rgb,observer_slam_left,observer_imu_left,observer_slam_right,observer_imu_right,observer_trajectory,observer_eye_images,observer_magnetometer,observer_barometer,observer_audio,observer_gaze",3722426,14889704,0,14940639,236938752,2.4700470003153896,2.4915569995755504,0.12237100054335315,957,2.7656,10.0,0.0005104
nymeria,cpu,no_usage,nymeria__all__qwen3_8b,qwen3_8b,all,edge,right_wrist,"right_wrist_rgb,right_wrist_slam_left,right_wrist_imu_left,right_wrist_slam_right,right_wrist_imu_right,right_wrist_trajectory",140520,562080,0,589827,8396928,1.1943780000365223,1.2181479003629647,0.0679300001138472,522,2.4176,10.0,0.0002784
nymeria,cpu,no_usage,nymeria__all__qwen3_8b,qwen3_8b,all,edge,scene,pointcloud,8692,34768,0,39859,462592,0.17383100021106657,0.19018399998458335,0.012510000487964135,87,2.0696,10.0,4.64e-05
nymeria,cpu,no_usage,nymeria__all__qwen3_8b,qwen3_8b,all,edge,xsens,"body_position,body_orientation,body_velocity,body_acceleration,joint_angles,foot_contacts",128312,513248,0,540995,7611392,1.1455580006440869,1.1631979999037867,0.06773999939468922,522,2.4176,10.0,0.0002784
nymeria,cpu,no_usage,nymeria__all__qwen3_8b,qwen3_8b,all,core,core,,71988,287952,0,299886,44828608,2.0128930000282708,2.0171059000858804,0.37094299932505237,,,,
nymeria,cpu,no_usage,nymeria__all__qwen3_8b,qwen3_8b,all,core,core_language,,8207651840,16449136640,256,,6692881099648,4012.2528119995877,4032.40496219978,10.856404000151088,,,,
nymeria,cpu,tcn,nymeria__all__qwen3_8b,qwen3_8b,all,edge,head,"head_rgb,head_slam_left,head_imu_left,head_slam_right,head_imu_right,head_trajectory,head_eye_images,head_magnetometer,head_barometer,head_audio,head_gaze",0,0,0,0,0,0.0016599997252342291,0.002065000353468349,0.3784620002988959,4496928,3599.5424,10.0,2.3983616
nymeria,cpu,tcn,nymeria__all__qwen3_8b,qwen3_8b,all,edge,left_wrist,"left_wrist_rgb,left_wrist_slam_left,left_wrist_imu_left,left_wrist_slam_right,left_wrist_imu_right,left_wrist_trajectory",0,0,0,0,0,0.000999999429041054,0.001162000171461841,0.11038100001314888,307480,247.984,10.0,0.16398933333333332
nymeria,cpu,tcn,nymeria__all__qwen3_8b,qwen3_8b,all,edge,observer,"observer_rgb,observer_slam_left,observer_imu_left,observer_slam_right,observer_imu_right,observer_trajectory,observer_eye_images,observer_magnetometer,observer_barometer,observer_audio,observer_gaze",0,0,0,0,0,0.0015200002962956205,0.0017540002772875596,0.3773720000026515,4496928,3599.5424,10.0,2.3983616
nymeria,cpu,tcn,nymeria__all__qwen3_8b,qwen3_8b,all,edge,right_wrist,"right_wrist_rgb,right_wrist_slam_left,right_wrist_imu_left,right_wrist_slam_right,right_wrist_imu_right,right_wrist_trajectory",0,0,0,0,0,0.0010199992175330408,0.0011999997695966158,0.11150000045745401,307480,247.984,10.0,0.16398933333333332
nymeria,cpu,tcn,nymeria__all__qwen3_8b,qwen3_8b,all,edge,scene,pointcloud,0,0,0,0,0,0.0004699995770351961,0.0006590000339201652,0.007849999747122638,96,2.0768,10.0,5.12e-05
nymeria,cpu,tcn,nymeria__all__qwen3_8b,qwen3_8b,all,edge,xsens,"body_position,body_orientation,body_velocity,body_acceleration,joint_angles,foot_contacts",0,0,0,0,0,0.0010100002327817492,0.0011450004421931226,0.13048099935986102,1109456,889.5648,10.0,0.5917098666666667
nymeria,cpu,tcn,nymeria__all__qwen3_8b,qwen3_8b,all,core,core,,6908124,27632496,0,27688587,441291456,5.805798999972467,5.907428799946501,0.767265000831685,,,,
nymeria,cpu,tcn,nymeria__all__qwen3_8b,qwen3_8b,all,core,core_language,,8207651840,16449136640,256,,2459415369600,2813.302761000159,2817.043132200024,1.9502129998727469,,,,
nymeria,cpu,ts_transformer,nymeria__all__qwen3_8b,qwen3_8b,all,edge,head,"head_rgb,head_slam_left,head_imu_left,head_slam_right,head_imu_right,head_trajectory,head_eye_images,head_magnetometer,head_barometer,head_audio,head_gaze",0,0,0,0,0,0.0016799995137262158,0.001940999209182337,0.371193000319181,4496928,3599.5424,10.0,2.3983616
nymeria,cpu,ts_transformer,nymeria__all__qwen3_8b,qwen3_8b,all,edge,left_wrist,"left_wrist_rgb,left_wrist_slam_left,left_wrist_imu_left,left_wrist_slam_right,left_wrist_imu_right,left_wrist_trajectory",0,0,0,0,0,0.0009800005500437692,0.0012500001503212843,0.1103410004361649,307480,247.984,10.0,0.16398933333333332
nymeria,cpu,ts_transformer,nymeria__all__qwen3_8b,qwen3_8b,all,edge,observer,"observer_rgb,observer_slam_left,observer_imu_left,observer_slam_right,observer_imu_right,observer_trajectory,observer_eye_images,observer_magnetometer,observer_barometer,observer_audio,observer_gaze",0,0,0,0,0,0.0017100001059588976,0.001872000029834453,0.36869199993816437,4496928,3599.5424,10.0,2.3983616
nymeria,cpu,ts_transformer,nymeria__all__qwen3_8b,qwen3_8b,all,edge,right_wrist,"right_wrist_rgb,right_wrist_slam_left,right_wrist_imu_left,right_wrist_slam_right,right_wrist_imu_right,right_wrist_trajectory",0,0,0,0,0,0.000999999429041054,0.0011169998288096394,0.11070100026699947,307480,247.984,10.0,0.16398933333333332
nymeria,cpu,ts_transformer,nymeria__all__qwen3_8b,qwen3_8b,all,edge,scene,pointcloud,0,0,0,0,0,0.0004699995770351961,0.0005869999768037815,0.007980000191309955,96,2.0768,10.0,5.12e-05
nymeria,cpu,ts_transformer,nymeria__all__qwen3_8b,qwen3_8b,all,edge,xsens,"body_position,body_orientation,body_velocity,body_acceleration,joint_angles,foot_contacts",0,0,0,0,0,0.000999999429041054,0.0011169998288096394,0.1284709996980382,1109456,889.5648,10.0,0.5917098666666667
nymeria,cpu,ts_transformer,nymeria__all__qwen3_8b,qwen3_8b,all,core,core,,6920988,27683952,0,27743667,442340032,5.838889999722596,5.908225999883143,0.7713259992669919,,,,
nymeria,cpu,ts_transformer,nymeria__all__qwen3_8b,qwen3_8b,all,core,core_language,,8207651840,16449136640,256,,2459415369600,2813.302761000159,2817.043132200024,1.9147029997839127,,,,
nymeria,cpu,patchtst,nymeria__all__qwen3_8b,qwen3_8b,all,edge,head,"head_rgb,head_slam_left,head_imu_left,head_slam_right,head_imu_right,head_trajectory,head_eye_images,head_magnetometer,head_barometer,head_audio,head_gaze",0,0,0,0,0,0.001600000359758269,0.0021309996554919053,0.381632999960857,4496928,3599.5424,10.0,2.3983616
nymeria,cpu,patchtst,nymeria__all__qwen3_8b,qwen3_8b,all,edge,left_wrist,"left_wrist_rgb,left_wrist_slam_left,left_wrist_imu_left,left_wrist_slam_right,left_wrist_imu_right,left_wrist_trajectory",0,0,0,0,0,0.0009800005500437692,0.0012500001503212843,0.10864999967452604,307480,247.984,10.0,0.16398933333333332
nymeria,cpu,patchtst,nymeria__all__qwen3_8b,qwen3_8b,all,edge,observer,"observer_rgb,observer_slam_left,observer_imu_left,observer_slam_right,observer_imu_right,observer_trajectory,observer_eye_images,observer_magnetometer,observer_barometer,observer_audio,observer_gaze",0,0,0,0,0,0.0015099994925549254,0.0016540004253329244,0.3743920005945256,4496928,3599.5424,10.0,2.3983616
nymeria,cpu,patchtst,nymeria__all__qwen3_8b,qwen3_8b,all,edge,right_wrist,"right_wrist_rgb,right_wrist_slam_left,right_wrist_imu_left,right_wrist_slam_right,right_wrist_imu_right,right_wrist_trajectory",0,0,0,0,0,0.0009499999578110874,0.0010670003575796727,0.10936100079561584,307480,247.984,10.0,0.16398933333333332
nymeria,cpu,patchtst,nymeria__all__qwen3_8b,qwen3_8b,all,edge,scene,pointcloud,0,0,0,0,0,0.00043000000005122274,0.0005289997716317885,0.007759999789413996,96,2.0768,10.0,5.12e-05
nymeria,cpu,patchtst,nymeria__all__qwen3_8b,qwen3_8b,all,edge,xsens,"body_position,body_orientation,body_velocity,body_acceleration,joint_angles,foot_contacts",0,0,0,0,0,0.0009799996405490674,0.0011419995644246228,0.12952100041729864,1109456,889.5648,10.0,0.5917098666666667
nymeria,cpu,patchtst,nymeria__all__qwen3_8b,qwen3_8b,all,core,core,,6744572,26978288,0,27038003,2403034176,21.312535000106436,21.404246800193505,0.8130249998430372,,,,
nymeria,cpu,patchtst,nymeria__all__qwen3_8b,qwen3_8b,all,core,core_language,,8207651840,16449136640,256,,2106592480000,2727.082151999639,2731.6526714992506,1.2889289992017439,,,,
nymeria,cpu,distrixsense,nymeria__only_audio__qwen3_8b,qwen3_8b,only_audio,edge,head,head_audio,3539804,14159216,0,14164403,226225024,0.7163249993027421,0.7354229995144124,0.012600000445672777,82,2.0656,10.0,4.373333333333333e-05
nymeria,cpu,distrixsense,nymeria__only_audio__qwen3_8b,qwen3_8b,only_audio,edge,observer,observer_audio,3539804,14159216,0,14164403,226225024,0.6846149999546469,0.6951440995180747,0.012710000191873405,82,2.0656,10.0,4.373333333333333e-05
nymeria,cpu,distrixsense,nymeria__only_audio__qwen3_8b,qwen3_8b,only_audio,core,core,,29556,118224,0,130158,956416,0.27781199969467707,0.30504599981213687,0.017500000467407517,,,,
nymeria,cpu,distrixsense,nymeria__only_audio__qwen3_8b,qwen3_8b,only_audio,core,core_language,,8207651840,16449136640,256,,1139264596096,2491.7344820000835,2492.2339054997337,1.2815289992431644,,,,
nymeria,cpu,dense,nymeria__only_audio__qwen3_8b,qwen3_8b,only_audio,edge,head,head_audio,3536372,14145488,0,14148749,226093440,0.9584259996699984,1.002742900436715,0.011789999916800298,4324,5.4592,10.0,0.0023061333333333333
nymeria,cpu,dense,nymeria__only_audio__qwen3_8b,qwen3_8b,only_audio,edge,observer,observer_audio,3536372,14145488,0,14148749,226093440,0.7234650001919363,0.744542999927944,0.008979999620351009,4324,5.4592,10.0,0.0023061333333333333
nymeria,cpu,dense,nymeria__only_audio__qwen3_8b,qwen3_8b,only_audio,core,core,,27508,110032,0,121649,4461568,0.3567019994079601,0.3827939005532244,0.012150000657129567,,,,
nymeria,cpu,dense,nymeria__only_audio__qwen3_8b,qwen3_8b,only_audio,core,core_language,,8207651840,16449136640,256,,1813428715648,2646.493525999631,2647.8795583998817,3.2773419998193276,,,,
nymeria,cpu,dense_tokens,nymeria__only_audio__qwen3_8b,qwen3_8b,only_audio,edge,head,head_audio,3538748,14154992,0,14159673,226208640,0.7028250001894776,0.731507999716996,0.00847000046633184,1100,2.88,10.0,0.0005866666666666667
nymeria,cpu,dense_tokens,nymeria__only_audio__qwen3_8b,qwen3_8b,only_audio,edge,observer,observer_audio,3538748,14154992,0,14159673,226208640,0.67275499986863,0.6882161004796217,0.008429999979853164,1100,2.88,10.0,0.0005866666666666667
nymeria,cpu,dense_tokens,nymeria__only_audio__qwen3_8b,qwen3_8b,only_audio,core,core,,27508,110032,0,121649,956416,0.23123099981603445,0.2599328995529504,0.011529999937920365,,,,
nymeria,cpu,dense_tokens,nymeria__only_audio__qwen3_8b,qwen3_8b,only_audio,core,core_language,,8207651840,16449136640,256,,1139264596096,2491.7344820000835,2492.2339054997337,1.26776900015102,,,,
nymeria,cpu,raw,nymeria__only_audio__qwen3_8b,qwen3_8b,only_audio,edge,head,head_audio,0,0,0,0,0,0.000559999534743838,0.0009020000106829684,0.24249200032500084,4116076,3294.8608,10.0,2.195240533333333
nymeria,cpu,raw,nymeria__only_audio__qwen3_8b,qwen3_8b,only_audio,edge,observer,observer_audio,0,0,0,0,0,0.0005799993232358247,0.0006790007319068536,0.2337910000278498,4116076,3294.8608,10.0,2.195240533333333
nymeria,cpu,raw,nymeria__only_audio__qwen3_8b,qwen3_8b,only_audio,core,core,,7100252,28401008,0,28417921,456648448,2.3966360004124,2.4742529001741786,0.35464200027490733,,,,
nymeria,cpu,raw,nymeria__only_audio__qwen3_8b,qwen3_8b,only_audio,core,core_language,,8207651840,16449136640,256,,1813428715648,2646.493525999631,2647.8795583998817,3.3370720002494636,,,,
nymeria,cpu,early_fusion,nymeria__only_audio__qwen3_8b,qwen3_8b,only_audio,edge,head,head_audio,0,0,0,0,0,0.0005199999577598646,0.0008170000910467934,0.24656200002937112,4116076,3294.8608,10.0,2.195240533333333
nymeria,cpu,early_fusion,nymeria__only_audio__qwen3_8b,qwen3_8b,only_audio,edge,observer,observer_audio,0,0,0,0,0,0.0006800000846851617,0.000779000674810959,0.18925099993793992,4116076,3294.8608,10.0,2.195240533333333
nymeria,cpu,early_fusion,nymeria__only_audio__qwen3_8b,qwen3_8b,only_audio,core,core,,6633532,26534128,0,26549139,424316672,1.756820999617048,1.8432848999509588,0.3191819996573031,,,,
nymeria,cpu,early_fusion,nymeria__only_audio__qwen3_8b,qwen3_8b,only_audio,core,core_language,,8207651840,16449136640,256,,1363683979392,2552.962512999784,2565.6075147999672,1.932742999997572,,,,
nymeria,cpu,late_fusion,nymeria__only_audio__qwen3_8b,qwen3_8b,only_audio,edge,head,head_audio,3536702,14146808,0,14150405,226094080,0.9867159997156705,1.0778157997265225,0.0079100000220933,88,2.0704,10.0,4.6933333333333333e-05
nymeria,cpu,late_fusion,nymeria__only_audio__qwen3_8b,qwen3_8b,only_audio,edge,observer,observer_audio,3536702,14146808,0,14150405,226094080,0.6115940004747245,0.6220700001904333,0.007999999979801942,88,2.0704,10.0,4.6933333333333333e-05
nymeria,cpu,late_fusion,nymeria__only_audio__qwen3_8b,qwen3_8b,only_audio,core,core,,0,0,0,0,0,0.030719999813300092,0.039990000004763715,0.011269999959040433,,,,
nymeria,cpu,late_fusion,nymeria__only_audio__qwen3_8b,qwen3_8b,only_audio,core,core_language,,8190735360,16381470720,256,,1152707078400,2535.1087139997617,2558.728436399815,0.22886200076754903,,,,
nymeria,cpu,local_only,nymeria__only_audio__qwen3_8b,qwen3_8b,only_audio,edge,head,head_audio,3536702,14146808,0,14150405,226094080,0.9961169998859987,1.0047740996014909,0.011290000657027122,52,2.0416,10.0,2.7733333333333334e-05
nymeria,cpu,local_only,nymeria__only_audio__qwen3_8b,qwen3_8b,only_audio,edge,observer,observer_audio,3536702,14146808,0,14150405,226094080,0.987067000096431,1.002762999451079,0.011081000593549106,52,2.0416,10.0,2.7733333333333334e-05
nymeria,cpu,local_only,nymeria__only_audio__qwen3_8b,qwen3_8b,only_audio,core,core,,0,0,0,0,0,0.04313000044930959,0.04568600043057813,0.011389999599487055,,,,
nymeria,cpu,local_only,nymeria__only_audio__qwen3_8b,qwen3_8b,only_audio,core,core_language,,8190735360,16381470720,256,,1152707078400,2535.1087139997617,2558.728436399815,0.23539100038760807,,,,
nymeria,cpu,bottleneck,nymeria__only_audio__qwen3_8b,qwen3_8b,only_audio,edge,head,head_audio,3536504,14146016,0,14149637,226101632,0.6134650002422859,0.6339481001305103,0.009110000064538326,684,2.5472,10.0,0.0003648
nymeria,cpu,bottleneck,nymeria__only_audio__qwen3_8b,qwen3_8b,only_audio,edge,observer,observer_audio,3536504,14146016,0,14149637,226101632,0.6132540001999587,0.6382470002790797,0.009059999683813658,684,2.5472,10.0,0.0003648
nymeria,cpu,bottleneck,nymeria__only_audio__qwen3_8b,qwen3_8b,only_audio,core,core,,27828,111312,0,124133,4477952,0.27940199925069464,0.3026579996912915,0.01151999913417967,,,,
nymeria,cpu,bottleneck,nymeria__only_audio__qwen3_8b,qwen3_8b,only_audio,core,core_language,,8207651840,16449136640,256,,1813428715648,2646.493525999631,2647.8795583998817,3.612105000684096,,,,
nymeria,cpu,tokenlearner,nymeria__only_audio__qwen3_8b,qwen3_8b,only_audio,edge,head,head_audio,3537692,14150768,0,14154943,226192256,1.0271270002704114,1.0546220000833273,0.01160000010713702,1100,2.88,10.0,0.0005866666666666667
nymeria,cpu,tokenlearner,nymeria__only_audio__qwen3_8b,qwen3_8b,only_audio,edge,observer,observer_audio,3537692,14150768,0,14154943,226192256,0.6552439999722992,0.6695998999930453,0.00819000069895992,1100,2.88,10.0,0.0005866666666666667
nymeria,cpu,tokenlearner,nymeria__only_audio__qwen3_8b,qwen3_8b,only_audio,core,core,,27508,110032,0,121649,956416,0.23362100000667851,0.2594518998193962,0.01165999947261298,,,,
nymeria,cpu,tokenlearner,nymeria__only_audio__qwen3_8b,qwen3_8b,only_audio,core,core_language,,8207651840,16449136640,256,,1139264596096,2491.7344820000835,2492.2339054997337,1.231997999639134,,,,
nymeria,cpu,posthoc_vq,nymeria__only_audio__qwen3_8b,qwen3_8b,only_audio,edge,head,head_audio,3538420,14153680,0,14157129,226158976,0.9268369994970271,0.953998099976161,0.013550000403483864,196,2.1568,10.0,0.00010453333333333333
nymeria,cpu,posthoc_vq,nymeria__only_audio__qwen3_8b,qwen3_8b,only_audio,edge,observer,observer_audio,3538420,14153680,0,14157129,226158976,0.6866540006740252,0.7007579000855912,0.013150000086170621,196,2.1568,10.0,0.00010453333333333333
nymeria,cpu,posthoc_vq,nymeria__only_audio__qwen3_8b,qwen3_8b,only_audio,core,core,,29556,118224,0,130158,4461568,0.3117619999102317,0.34274990002813865,0.01852000059443526,,,,
nymeria,cpu,posthoc_vq,nymeria__only_audio__qwen3_8b,qwen3_8b,only_audio,core,core_language,,8207651840,16449136640,256,,1813428715648,2646.493525999631,2647.8795583998817,3.2403729992438457,,,,
nymeria,cpu,joint_vq,nymeria__only_audio__qwen3_8b,qwen3_8b,only_audio,edge,head,head_audio,3540796,14163184,0,14168118,226225024,1.2063379999744939,1.548502699824894,0.012179999430372845,82,2.0656,10.0,4.373333333333333e-05
nymeria,cpu,joint_vq,nymeria__only_audio__qwen3_8b,qwen3_8b,only_audio,edge,observer,observer_audio,3540796,14163184,0,14168118,226225024,0.9045359993251623,0.9219149997079512,0.012660000720643438,82,2.0656,10.0,4.373333333333333e-05
nymeria,cpu,joint_vq,nymeria__only_audio__qwen3_8b,qwen3_8b,only_audio,core,core,,29556,118224,0,130158,956416,0.36489200010692,0.3922708999198221,0.017670000488578808,,,,
nymeria,cpu,joint_vq,nymeria__only_audio__qwen3_8b,qwen3_8b,only_audio,core,core_language,,8207651840,16449136640,256,,1139264596096,2491.7344820000835,2492.2339054997337,1.8914520005637314,,,,
nymeria,cpu,deepconvlstm,nymeria__only_audio__qwen3_8b,qwen3_8b,only_audio,edge,head,head_audio,0,0,0,0,0,0.000529999852005858,0.0008819006325211376,0.22873200032336172,4116076,3294.8608,10.0,2.195240533333333
nymeria,cpu,deepconvlstm,nymeria__only_audio__qwen3_8b,qwen3_8b,only_audio,edge,observer,observer_audio,0,0,0,0,0,0.0005100000635138713,0.0006630000825680327,0.22884200006956235,4116076,3294.8608,10.0,2.195240533333333
nymeria,cpu,deepconvlstm,nymeria__only_audio__qwen3_8b,qwen3_8b,only_audio,core,core,,7099186,28396744,0,28404885,453825920,1.5521099994657561,1.6630998003165587,0.32161200033442583,,,,
nymeria,cpu,deepconvlstm,nymeria__only_audio__qwen3_8b,qwen3_8b,only_audio,core,core_language,,8207651840,16449136640,256,,1363683979392,2552.962512999784,2565.6075147999672,2.0785240003533545,,,,
nymeria,cpu,unrestricted_bank,nymeria__only_audio__qwen3_8b,qwen3_8b,only_audio,edge,head,head_audio,3540860,14163440,0,14168627,226241408,0.6925939997017849,0.7282898003722948,0.012419999620760791,82,2.0656,10.0,4.373333333333333e-05
nymeria,cpu,unrestricted_bank,nymeria__only_audio__qwen3_8b,qwen3_8b,only_audio,edge,observer,observer_audio,3540860,14163440,0,14168627,226241408,0.6566950005435501,0.6749100998604263,0.012199999218864832,82,2.0656,10.0,4.373333333333333e-05
nymeria,cpu,unrestricted_bank,nymeria__only_audio__qwen3_8b,qwen3_8b,only_audio,core,core,,29556,118224,0,130158,956416,0.23674200019740965,0.265721999858215,0.0173700000232202,,,,
nymeria,cpu,unrestricted_bank,nymeria__only_audio__qwen3_8b,qwen3_8b,only_audio,core,core_language,,8207651840,16449136640,256,,1139264596096,2491.7344820000835,2492.2339054997337,2.0258739996279473,,,,
nymeria,cpu,separate_banks,nymeria__only_audio__qwen3_8b,qwen3_8b,only_audio,edge,head,head_audio,3539804,14159216,0,14164403,226225024,0.8509360004609334,1.0104889005560835,0.012969999261258636,82,2.0656,10.0,4.373333333333333e-05
nymeria,cpu,separate_banks,nymeria__only_audio__qwen3_8b,qwen3_8b,only_audio,edge,observer,observer_audio,3539804,14159216,0,14164403,226225024,0.7221949999802746,0.7749439995677676,0.021629999537253752,82,2.0656,10.0,4.373333333333333e-05
nymeria,cpu,separate_banks,nymeria__only_audio__qwen3_8b,qwen3_8b,only_audio,core,core,,29556,118224,0,130411,956416,0.33355199957441073,0.3405278998798167,0.01692000023467699,,,,
nymeria,cpu,separate_banks,nymeria__only_audio__qwen3_8b,qwen3_8b,only_audio,core,core_language,,8207651840,16449136640,256,,1139264596096,2491.7344820000835,2492.2339054997337,1.2306879998504883,,,,
nymeria,cpu,fixed_resampling,nymeria__only_audio__qwen3_8b,qwen3_8b,only_audio,edge,head,head_audio,3539804,14159216,0,14164403,18749952,0.4735039992738166,0.5010070994103444,0.017320000551990233,82,2.0656,10.0,4.373333333333333e-05
nymeria,cpu,fixed_resampling,nymeria__only_audio__qwen3_8b,qwen3_8b,only_audio,edge,observer,observer_audio,3539804,14159216,0,14164403,18749952,0.4781929992532241,0.605282899687154,0.013589999980467837,82,2.0656,10.0,4.373333333333333e-05
nymeria,cpu,fixed_resampling,nymeria__only_audio__qwen3_8b,qwen3_8b,only_audio,core,core,,29556,118224,0,130158,956416,0.2809919997162069,0.3422280004087952,0.01793999945221003,,,,
nymeria,cpu,fixed_resampling,nymeria__only_audio__qwen3_8b,qwen3_8b,only_audio,core,core_language,,8207651840,16449136640,256,,1139264596096,2491.7344820000835,2492.2339054997337,1.243828000042413,,,,
nymeria,cpu,finetune_encoders,nymeria__only_audio__qwen3_8b,qwen3_8b,only_audio,edge,head,head_audio,3539804,14159216,0,14164403,226225024,0.8466660001431592,0.8637119999548304,0.01219000023411354,82,2.0656,10.0,4.373333333333333e-05
nymeria,cpu,finetune_encoders,nymeria__only_audio__qwen3_8b,qwen3_8b,only_audio,edge,observer,observer_audio,3539804,14159216,0,14164403,226225024,0.8229459999711253,0.8390200002395432,0.012479999895731453,82,2.0656,10.0,4.373333333333333e-05
nymeria,cpu,finetune_encoders,nymeria__only_audio__qwen3_8b,qwen3_8b,only_audio,core,core,,29556,118224,0,130158,956416,0.32608199944661465,0.3577620000214665,0.02184999993914971,,,,
nymeria,cpu,finetune_encoders,nymeria__only_audio__qwen3_8b,qwen3_8b,only_audio,core,core_language,,8207651840,16449136640,256,,1139264596096,2491.7344820000835,2492.2339054997337,1.2887379998574033,,,,
nymeria,cpu,no_alignment,nymeria__only_audio__qwen3_8b,qwen3_8b,only_audio,edge,head,head_audio,3539804,14159216,0,14164403,226225024,0.8277560000351514,0.8478071003992227,0.012419999620760791,82,2.0656,10.0,4.373333333333333e-05
nymeria,cpu,no_alignment,nymeria__only_audio__qwen3_8b,qwen3_8b,only_audio,edge,observer,observer_audio,3539804,14159216,0,14164403,226225024,0.8009459997992963,0.8150750997629075,0.012350000361038838,82,2.0656,10.0,4.373333333333333e-05
nymeria,cpu,no_alignment,nymeria__only_audio__qwen3_8b,qwen3_8b,only_audio,core,core,,29556,118224,0,130158,956416,0.3398319995540078,0.35848090001309174,0.01728999995975755,,,,
nymeria,cpu,no_alignment,nymeria__only_audio__qwen3_8b,qwen3_8b,only_audio,core,core_language,,8207651840,16449136640,256,,1139264596096,2491.7344820000835,2492.2339054997337,2.006094000535086,,,,
nymeria,cpu,no_usage,nymeria__only_audio__qwen3_8b,qwen3_8b,only_audio,edge,head,head_audio,3539804,14159216,0,14164403,226225024,0.8465760001854505,0.8954280000580184,0.012280000191822182,82,2.0656,10.0,4.373333333333333e-05
nymeria,cpu,no_usage,nymeria__only_audio__qwen3_8b,qwen3_8b,only_audio,edge,observer,observer_audio,3539804,14159216,0,14164403,226225024,0.8385849996557226,0.896510799339012,0.012201000572531484,82,2.0656,10.0,4.373333333333333e-05
nymeria,cpu,no_usage,nymeria__only_audio__qwen3_8b,qwen3_8b,only_audio,core,core,,29556,118224,0,130158,956416,0.32257300063065486,0.35316310004418483,0.017729999854054768,,,,
nymeria,cpu,no_usage,nymeria__only_audio__qwen3_8b,qwen3_8b,only_audio,core,core_language,,8207651840,16449136640,256,,1139264596096,2491.7344820000835,2492.2339054997337,1.115308000407822,,,,
nymeria,cpu,tcn,nymeria__only_audio__qwen3_8b,qwen3_8b,only_audio,edge,head,head_audio,0,0,0,0,0,0.0005199999577598646,0.0008800002433417831,0.28343199937808095,4116076,3294.8608,10.0,2.195240533333333
nymeria,cpu,tcn,nymeria__only_audio__qwen3_8b,qwen3_8b,only_audio,edge,observer,observer_audio,0,0,0,0,0,0.0007300004654098302,0.000900999475561548,0.18758199985313695,4116076,3294.8608,10.0,2.195240533333333
nymeria,cpu,tcn,nymeria__only_audio__qwen3_8b,qwen3_8b,only_audio,core,core,,6619388,26477552,0,26487177,423130624,1.6901319995668018,1.7556789996888256,0.32287300018651877,,,,
nymeria,cpu,tcn,nymeria__only_audio__qwen3_8b,qwen3_8b,only_audio,core,core_language,,8207651840,16449136640,256,,1363683979392,2552.962512999784,2565.6075147999672,1.973184000235051,,,,
nymeria,cpu,ts_transformer,nymeria__only_audio__qwen3_8b,qwen3_8b,only_audio,edge,head,head_audio,0,0,0,0,0,0.0005399997462518513,0.0009000000318337698,0.23800199960533064,4116076,3294.8608,10.0,2.195240533333333
nymeria,cpu,ts_transformer,nymeria__only_audio__qwen3_8b,qwen3_8b,only_audio,edge,observer,observer_audio,0,0,0,0,0,0.000559999534743838,0.0006590001248696353,0.23254200004885206,4116076,3294.8608,10.0,2.195240533333333
nymeria,cpu,ts_transformer,nymeria__only_audio__qwen3_8b,qwen3_8b,only_audio,core,core,,6632252,26529008,0,26542245,424179200,2.0040429999426124,2.10604180010705,0.3223119992981083,,,,
nymeria,cpu,ts_transformer,nymeria__only_audio__qwen3_8b,qwen3_8b,only_audio,core,core_language,,8207651840,16449136640,256,,1363683979392,2552.962512999784,2565.6075147999672,1.7929630002981867,,,,
nymeria,cpu,patchtst,nymeria__only_audio__qwen3_8b,qwen3_8b,only_audio,edge,head,head_audio,0,0,0,0,0,0.000559999534743838,0.0008749994776735548,0.22462200013251277,4116076,3294.8608,10.0,2.195240533333333
nymeria,cpu,patchtst,nymeria__only_audio__qwen3_8b,qwen3_8b,only_audio,edge,observer,observer_audio,0,0,0,0,0,0.000529999852005858,0.0006199997187650297,0.22180199994181748,4116076,3294.8608,10.0,2.195240533333333
nymeria,cpu,patchtst,nymeria__only_audio__qwen3_8b,qwen3_8b,only_audio,core,core,,6517308,26069232,0,26082469,1710926208,7.2493689995098975,7.465757800582651,0.37828299991815584,,,,
nymeria,cpu,patchtst,nymeria__only_audio__qwen3_8b,qwen3_8b,only_audio,core,core_language,,8207651840,16449136640,256,,1013161403392,2533.5387370000717,2534.3893035999827,1.0464570004842244,,,,
nymeria,cpu,distrixsense,nymeria__only_barometer__qwen3_8b,qwen3_8b,only_barometer,edge,head,head_barometer,6734,26936,0,32179,338688,0.1548410000395961,0.17172590032714652,0.012700000297627412,82,2.0656,10.0,4.373333333333333e-05
nymeria,cpu,distrixsense,nymeria__only_barometer__qwen3_8b,qwen3_8b,only_barometer,edge,observer,observer_barometer,6734,26936,0,32179,338688,0.16281100033666007,0.16720299972803332,0.012339999557298142,82,2.0656,10.0,4.373333333333333e-05
nymeria,cpu,distrixsense,nymeria__only_barometer__qwen3_8b,qwen3_8b,only_barometer,core,core,,29556,118224,0,130158,956416,0.2672219998203218,0.2952659995571594,0.0179899998329347,,,,
nymeria,cpu,distrixsense,nymeria__only_barometer__qwen3_8b,qwen3_8b,only_barometer,core,core_language,,8207651840,16449136640,256,,1139264596096,2491.7344820000835,2492.2339054997337,1.2594680001711822,,,,
nymeria,cpu,dense,nymeria__only_barometer__qwen3_8b,qwen3_8b,only_barometer,edge,head,head_barometer,3302,13208,0,16461,207104,0.11091999931522878,0.12120790061089792,0.008789999810687732,4324,5.4592,10.0,0.0023061333333333333
nymeria,cpu,dense,nymeria__only_barometer__qwen3_8b,qwen3_8b,only_barometer,edge,observer,observer_barometer,3302,13208,0,16461,207104,0.10843100062629674,0.11194909984624246,0.008910000360629056,4324,5.4592,10.0,0.0023061333333333333
nymeria,cpu,dense,nymeria__only_barometer__qwen3_8b,qwen3_8b,only_barometer,core,core,,27508,110032,0,121649,4461568,0.2694020004128106,0.2879149994441832,0.01185000019177096,,,,
nymeria,cpu,dense,nymeria__only_barometer__qwen3_8b,qwen3_8b,only_barometer,core,core_language,,8207651840,16449136640,256,,1813428715648,2646.493525999631,2647.8795583998817,2.854919000128575,,,,
nymeria,cpu,dense_tokens,nymeria__only_barometer__qwen3_8b,qwen3_8b,only_barometer,edge,head,head_barometer,5678,22712,0,27449,322304,0.16534099995624274,0.25135490013781236,0.00878000082593644,1100,2.88,10.0,0.0005866666666666667
nymeria,cpu,dense_tokens,nymeria__only_barometer__qwen3_8b,qwen3_8b,only_barometer,edge,observer,observer_barometer,5678,22712,0,27449,322304,0.14535100035573123,0.1590768996720726,0.008669999260746408,1100,2.88,10.0,0.0005866666666666667
nymeria,cpu,dense_tokens,nymeria__only_barometer__qwen3_8b,qwen3_8b,only_barometer,core,core,,27508,110032,0,121649,956416,0.23276199954125332,0.2506530998289236,0.011560000530153047,,,,
nymeria,cpu,dense_tokens,nymeria__only_barometer__qwen3_8b,qwen3_8b,only_barometer,core,core_language,,8207651840,16449136640,256,,1139264596096,2491.7344820000835,2492.2339054997337,1.2724989992420888,,,,
nymeria,cpu,raw,nymeria__only_barometer__qwen3_8b,qwen3_8b,only_barometer,edge,head,head_barometer,0,0,0,0,0,0.0005099991540191695,0.0007170002390921582,0.009320000572188292,1244,2.9952,10.0,0.0006634666666666667
nymeria,cpu,raw,nymeria__only_barometer__qwen3_8b,qwen3_8b,only_barometer,edge,observer,observer_barometer,0,0,0,0,0,0.0005900001269765198,0.0006620001840929035,0.009030000001075678,1244,2.9952,10.0,0.0006634666666666667
nymeria,cpu,raw,nymeria__only_barometer__qwen3_8b,qwen3_8b,only_barometer,core,core,,34112,136448,0,153537,4875776,0.5231039995123865,0.5457110998577264,0.011790000826295,,,,
nymeria,cpu,raw,nymeria__only_barometer__qwen3_8b,qwen3_8b,only_barometer,core,core_language,,8207651840,16449136640,256,,1813428715648,2646.493525999631,2647.8795583998817,2.7713989993571886,,,,
nymeria,cpu,early_fusion,nymeria__only_barometer__qwen3_8b,qwen3_8b,only_barometer,edge,head,head_barometer,0,0,0,0,0,0.0006800000846851617,0.0008599998182035051,0.011520000043674372,1244,2.9952,10.0,0.0006634666666666667
nymeria,cpu,early_fusion,nymeria__only_barometer__qwen3_8b,qwen3_8b,only_barometer,edge,observer,observer_barometer,0,0,0,0,0,0.00044999978854320943,0.0005849999979545828,0.008969999726105016,1244,2.9952,10.0,0.0006634666666666667
nymeria,cpu,early_fusion,nymeria__only_barometer__qwen3_8b,qwen3_8b,only_barometer,core,core,,27680,110720,0,125907,2002432,0.4538240000329097,0.4873751000559423,0.011580000318645034,,,,
nymeria,cpu,early_fusion,nymeria__only_barometer__qwen3_8b,qwen3_8b,only_barometer,core,core_language,,8207651840,16449136640,256,,1363683979392,2552.962512999784,2565.6075147999672,1.845911999225791,,,,
nymeria,cpu,late_fusion,nymeria__only_barometer__qwen3_8b,qwen3_8b,only_barometer,edge,head,head_barometer,3632,14528,0,18181,207744,0.1263209996977821,0.1480289993196493,0.007959999493323267,88,2.0704,10.0,4.6933333333333333e-05
nymeria,cpu,late_fusion,nymeria__only_barometer__qwen3_8b,qwen3_8b,only_barometer,edge,observer,observer_barometer,3632,14528,0,18181,207744,0.12051100020471495,0.13376799997786293,0.007849999747122638,88,2.0704,10.0,4.6933333333333333e-05
nymeria,cpu,late_fusion,nymeria__only_barometer__qwen3_8b,qwen3_8b,only_barometer,core,core,,0,0,0,0,0,0.0296199996228097,0.03581199962354731,0.01120000069931848,,,,
nymeria,cpu,late_fusion,nymeria__only_barometer__qwen3_8b,qwen3_8b,only_barometer,core,core_language,,8190735360,16381470720,256,,1152707078400,2535.1087139997617,2558.728436399815,0.19044100008613896,,,,
nymeria,cpu,local_only,nymeria__only_barometer__qwen3_8b,qwen3_8b,only_barometer,edge,head,head_barometer,3632,14528,0,18181,207744,0.12332099959166953,0.1383600001645391,0.008040000466280617,52,2.0416,10.0,2.7733333333333334e-05
nymeria,cpu,local_only,nymeria__only_barometer__qwen3_8b,qwen3_8b,only_barometer,edge,observer,observer_barometer,3632,14528,0,18181,207744,0.1214300000356161,0.13390490030360525,0.007870000445109326,52,2.0416,10.0,2.7733333333333334e-05
nymeria,cpu,local_only,nymeria__only_barometer__qwen3_8b,qwen3_8b,only_barometer,core,core,,0,0,0,0,0,0.0378400000045076,0.04460800046217628,0.010989999282173812,,,,
nymeria,cpu,local_only,nymeria__only_barometer__qwen3_8b,qwen3_8b,only_barometer,core,core_language,,8190735360,16381470720,256,,1152707078400,2535.1087139997617,2558.728436399815,0.19415200040384661,,,,
nymeria,cpu,bottleneck,nymeria__only_barometer__qwen3_8b,qwen3_8b,only_barometer,edge,head,head_barometer,3434,13736,0,17413,215296,0.12791100016329437,0.13931399989814963,0.008839999281917699,684,2.5472,10.0,0.0003648
nymeria,cpu,bottleneck,nymeria__only_barometer__qwen3_8b,qwen3_8b,only_barometer,edge,observer,observer_barometer,3434,13736,0,17413,215296,0.13070099976175698,0.13895399924876983,0.008900000466383062,684,2.5472,10.0,0.0003648
nymeria,cpu,bottleneck,nymeria__only_barometer__qwen3_8b,qwen3_8b,only_barometer,core,core,,27828,111312,0,124133,4477952,0.3151820001221495,0.33056300035241293,0.011249999261053745,,,,
nymeria,cpu,bottleneck,nymeria__only_barometer__qwen3_8b,qwen3_8b,only_barometer,core,core_language,,8207651840,16449136640,256,,1813428715648,2646.493525999631,2647.8795583998817,3.136592000373639,,,,
nymeria,cpu,tokenlearner,nymeria__only_barometer__qwen3_8b,qwen3_8b,only_barometer,edge,head,head_barometer,4622,18488,0,22655,305920,0.14682100027130218,0.16405599972131313,0.008830000297166407,1100,2.88,10.0,0.0005866666666666667
nymeria,cpu,tokenlearner,nymeria__only_barometer__qwen3_8b,qwen3_8b,only_barometer,edge,observer,observer_barometer,4622,18488,0,22655,305920,0.14103000012255507,0.15525179951509926,0.009620000128052197,1100,2.88,10.0,0.0005866666666666667
nymeria,cpu,tokenlearner,nymeria__only_barometer__qwen3_8b,qwen3_8b,only_barometer,core,core,,27508,110032,0,121649,956416,0.22470200019597542,0.2477420004652231,0.01143000008596573,,,,
nymeria,cpu,tokenlearner,nymeria__only_barometer__qwen3_8b,qwen3_8b,only_barometer,core,core_language,,8207651840,16449136640,256,,1139264596096,2491.7344820000835,2492.2339054997337,1.256438999917009,,,,
nymeria,cpu,posthoc_vq,nymeria__only_barometer__qwen3_8b,qwen3_8b,only_barometer,edge,head,head_barometer,5350,21400,0,24905,272640,0.1920710001286352,0.2131768999788619,0.013621000107377768,196,2.1568,10.0,0.00010453333333333333
nymeria,cpu,posthoc_vq,nymeria__only_barometer__qwen3_8b,qwen3_8b,only_barometer,edge,observer,observer_barometer,5350,21400,0,24905,272640,0.18331100000068545,0.20050999983141082,0.01308999981119996,196,2.1568,10.0,0.00010453333333333333
nymeria,cpu,posthoc_vq,nymeria__only_barometer__qwen3_8b,qwen3_8b,only_barometer,core,core,,29556,118224,0,130158,4461568,0.30594199961342383,0.3320338999401429,0.017999999727180693,,,,
nymeria,cpu,posthoc_vq,nymeria__only_barometer__qwen3_8b,qwen3_8b,only_barometer,core,core_language,,8207651840,16449136640,256,,1813428715648,2646.493525999631,2647.8795583998817,2.7314490007483982,,,,
nymeria,cpu,joint_vq,nymeria__only_barometer__qwen3_8b,qwen3_8b,only_barometer,edge,head,head_barometer,7726,30904,0,35894,338688,0.2292320004926296,0.24188600009438233,0.012281000635994133,82,2.0656,10.0,4.373333333333333e-05
nymeria,cpu,joint_vq,nymeria__only_barometer__qwen3_8b,qwen3_8b,only_barometer,edge,observer,observer_barometer,7726,30904,0,35894,338688,0.22295200051303254,0.2331760004381067,0.012110000170650892,82,2.0656,10.0,4.373333333333333e-05
nymeria,cpu,joint_vq,nymeria__only_barometer__qwen3_8b,qwen3_8b,only_barometer,core,core,,29556,118224,0,130158,956416,0.26262199935445096,0.2909989996624063,0.01711999993858626,,,,
nymeria,cpu,joint_vq,nymeria__only_barometer__qwen3_8b,qwen3_8b,only_barometer,core,core_language,,8207651840,16449136640,256,,1139264596096,2491.7344820000835,2492.2339054997337,1.2114479995943839,,,,
nymeria,cpu,deepconvlstm,nymeria__only_barometer__qwen3_8b,qwen3_8b,only_barometer,edge,head,head_barometer,0,0,0,0,0,0.0005100000635138713,0.0009509994924883358,0.009320000572188292,1244,2.9952,10.0,0.0006634666666666667
nymeria,cpu,deepconvlstm,nymeria__only_barometer__qwen3_8b,qwen3_8b,only_barometer,edge,observer,observer_barometer,0,0,0,0,0,0.0005000001692678779,0.0005900000360270496,0.008920000254875049,1244,2.9952,10.0,0.0006634666666666667
nymeria,cpu,deepconvlstm,nymeria__only_barometer__qwen3_8b,qwen3_8b,only_barometer,core,core,,33046,132184,0,140437,2053248,0.3720320000866195,0.3947308994611376,0.011279999853286427,,,,
nymeria,cpu,deepconvlstm,nymeria__only_barometer__qwen3_8b,qwen3_8b,only_barometer,core,core_language,,8207651840,16449136640,256,,1363683979392,2552.962512999784,2565.6075147999672,1.8218830000478192,,,,
nymeria,cpu,unrestricted_bank,nymeria__only_barometer__qwen3_8b,qwen3_8b,only_barometer,edge,head,head_barometer,7790,31160,0,36403,355072,0.16241100001934683,0.18167100015489268,0.012619999324670061,82,2.0656,10.0,4.373333333333333e-05
nymeria,cpu,unrestricted_bank,nymeria__only_barometer__qwen3_8b,qwen3_8b,only_barometer,edge,observer,observer_barometer,7790,31160,0,36403,355072,0.1581010001245886,0.17549889989822987,0.012420000530255493,82,2.0656,10.0,4.373333333333333e-05
nymeria,cpu,unrestricted_bank,nymeria__only_barometer__qwen3_8b,qwen3_8b,only_barometer,core,core,,29556,118224,0,130158,956416,0.2355619999434566,0.26069000023198896,0.017110000044340268,,,,
nymeria,cpu,unrestricted_bank,nymeria__only_barometer__qwen3_8b,qwen3_8b,only_barometer,core,core_language,,8207651840,16449136640,256,,1139264596096,2491.7344820000835,2492.2339054997337,1.2298379997446318,,,,
nymeria,cpu,separate_banks,nymeria__only_barometer__qwen3_8b,qwen3_8b,only_barometer,edge,head,head_barometer,6734,26936,0,32179,338688,0.15630100006092107,0.173661999815522,0.012550000064948108,82,2.0656,10.0,4.373333333333333e-05
nymeria,cpu,separate_banks,nymeria__only_barometer__qwen3_8b,qwen3_8b,only_barometer,edge,observer,observer_barometer,6734,26936,0,32179,338688,0.15170100050454494,0.16637999997328734,0.012329999663052149,82,2.0656,10.0,4.373333333333333e-05
nymeria,cpu,separate_banks,nymeria__only_barometer__qwen3_8b,qwen3_8b,only_barometer,core,core,,29556,118224,0,130411,956416,0.3181020001647994,0.3433109995967243,0.016980000509647653,,,,
nymeria,cpu,separate_banks,nymeria__only_barometer__qwen3_8b,qwen3_8b,only_barometer,core,core_language,,8207651840,16449136640,256,,1139264596096,2491.7344820000835,2492.2339054997337,1.6186309994736803,,,,
nymeria,cpu,fixed_resampling,nymeria__only_barometer__qwen3_8b,qwen3_8b,only_barometer,edge,head,head_barometer,6734,26936,0,32179,338432,0.13908099936088547,0.15773799932503607,0.012761000107275322,82,2.0656,10.0,4.373333333333333e-05
nymeria,cpu,fixed_resampling,nymeria__only_barometer__qwen3_8b,qwen3_8b,only_barometer,edge,observer,observer_barometer,6734,26936,0,32179,338432,0.13429099999484606,0.1485200001297926,0.012749999768857379,82,2.0656,10.0,4.373333333333333e-05
nymeria,cpu,fixed_resampling,nymeria__only_barometer__qwen3_8b,qwen3_8b,only_barometer,core,core,,29556,118224,0,130158,956416,0.2675220002856804,0.29369400017458247,0.018820000150299165,,,,
nymeria,cpu,fixed_resampling,nymeria__only_barometer__qwen3_8b,qwen3_8b,only_barometer,core,core_language,,8207651840,16449136640,256,,1139264596096,2491.7344820000835,2492.2339054997337,1.2253979994056863,,,,
nymeria,cpu,finetune_encoders,nymeria__only_barometer__qwen3_8b,qwen3_8b,only_barometer,edge,head,head_barometer,6734,26936,0,32179,338688,0.1751609997882042,0.177240899483877,0.012790000255336054,82,2.0656,10.0,4.373333333333333e-05
nymeria,cpu,finetune_encoders,nymeria__only_barometer__qwen3_8b,qwen3_8b,only_barometer,edge,observer,observer_barometer,6734,26936,0,32179,338688,0.1533719996587024,0.1684820998889336,0.012520999916887376,82,2.0656,10.0,4.373333333333333e-05
nymeria,cpu,finetune_encoders,nymeria__only_barometer__qwen3_8b,qwen3_8b,only_barometer,core,core,,29556,118224,0,130158,956416,0.2689619996090187,0.29823900022165617,0.017169999409816228,,,,
nymeria,cpu,finetune_encoders,nymeria__only_barometer__qwen3_8b,qwen3_8b,only_barometer,core,core_language,,8207651840,16449136640,256,,1139264596096,2491.7344820000835,2492.2339054997337,2.3372149998976965,,,,
nymeria,cpu,no_alignment,nymeria__only_barometer__qwen3_8b,qwen3_8b,only_barometer,edge,head,head_barometer,6734,26936,0,32179,338688,0.18148099934478523,0.19148090041198884,0.012649999916902743,82,2.0656,10.0,4.373333333333333e-05
nymeria,cpu,no_alignment,nymeria__only_barometer__qwen3_8b,qwen3_8b,only_barometer,edge,observer,observer_barometer,6734,26936,0,32179,338688,0.1818310001908685,0.1857730002484459,0.012540000170702115,82,2.0656,10.0,4.373333333333333e-05
nymeria,cpu,no_alignment,nymeria__only_barometer__qwen3_8b,qwen3_8b,only_barometer,core,core,,29556,118224,0,130158,956416,0.30330199933814583,0.32628800017846515,0.017520999790576752,,,,
nymeria,cpu,no_alignment,nymeria__only_barometer__qwen3_8b,qwen3_8b,only_barometer,core,core_language,,8207651840,16449136640,256,,1139264596096,2491.7344820000835,2492.2339054997337,1.2285580005482188,,,,
nymeria,cpu,no_usage,nymeria__only_barometer__qwen3_8b,qwen3_8b,only_barometer,edge,head,head_barometer,6734,26936,0,32179,338688,0.1581010001245886,0.17488599942225846,0.01244000031874748,82,2.0656,10.0,4.373333333333333e-05
nymeria,cpu,no_usage,nymeria__only_barometer__qwen3_8b,qwen3_8b,only_barometer,edge,observer,observer_barometer,6734,26936,0,32179,338688,0.1635309999983292,0.165898000341258,0.012749999768857379,82,2.0656,10.0,4.373333333333333e-05
nymeria,cpu,no_usage,nymeria__only_barometer__qwen3_8b,qwen3_8b,only_barometer,core,core,,29556,118224,0,130158,956416,0.26836200049729086,0.2965770000628254,0.017100000150094274,,,,
nymeria,cpu,no_usage,nymeria__only_barometer__qwen3_8b,qwen3_8b,only_barometer,core,core_language,,8207651840,16449136640,256,,1139264596096,2491.7344820000835,2492.2339054997337,1.2143490002927138,,,,
nymeria,cpu,tcn,nymeria__only_barometer__qwen3_8b,qwen3_8b,only_barometer,edge,head,head_barometer,0,0,0,0,0,0.0005499996404978447,0.0009279997357225511,0.009389999831910245,1244,2.9952,10.0,0.0006634666666666667
nymeria,cpu,tcn,nymeria__only_barometer__qwen3_8b,qwen3_8b,only_barometer,edge,observer,observer_barometer,0,0,0,0,0,0.0004399998942972161,0.0005929999133513775,0.008940000043367036,1244,2.9952,10.0,0.0006634666666666667
nymeria,cpu,tcn,nymeria__only_barometer__qwen3_8b,qwen3_8b,only_barometer,core,core,,13536,54144,0,63881,816384,0.3999229993496556,0.4225669997140358,0.01152099957835162,,,,
nymeria,cpu,tcn,nymeria__only_barometer__qwen3_8b,qwen3_8b,only_barometer,core,core_language,,8207651840,16449136640,256,,1363683979392,2552.962512999784,2565.6075147999672,1.732332000756287,,,,
nymeria,cpu,ts_transformer,nymeria__only_barometer__qwen3_8b,qwen3_8b,only_barometer,edge,head,head_barometer,0,0,0,0,0,0.0005000001692678779,0.0008689995411259588,0.009350000254926272,1244,2.9952,10.0,0.0006634666666666667
nymeria,cpu,ts_transformer,nymeria__only_barometer__qwen3_8b,qwen3_8b,only_barometer,edge,observer,observer_barometer,0,0,0,0,0,0.0006199998097144999,0.0006650001523667015,0.00909000027604634,1244,2.9952,10.0,0.0006634666666666667
nymeria,cpu,ts_transformer,nymeria__only_barometer__qwen3_8b,qwen3_8b,only_barometer,core,core,,26400,105600,0,118949,1864960,0.40317200000572484,0.4245298996465863,0.011579999409150332,,,,
nymeria,cpu,ts_transformer,nymeria__only_barometer__qwen3_8b,qwen3_8b,only_barometer,core,core_language,,8207651840,16449136640,256,,1363683979392,2552.962512999784,2565.6075147999672,1.7460720000599395,,,,
nymeria,cpu,patchtst,nymeria__only_barometer__qwen3_8b,qwen3_8b,only_barometer,edge,head,head_barometer,0,0,0,0,0,0.0005800002327305265,0.0008230001185438596,0.00951999936660286,1244,2.9952,10.0,0.0006634666666666667
nymeria,cpu,patchtst,nymeria__only_barometer__qwen3_8b,qwen3_8b,only_barometer,edge,observer,observer_barometer,0,0,0,0,0,0.0004900002750218846,0.0005979999514238443,0.008940000043367036,1244,2.9952,10.0,0.0006634666666666667
nymeria,cpu,patchtst,nymeria__only_barometer__qwen3_8b,qwen3_8b,only_barometer,core,core,,26528,106112,0,119461,726144,0.43577300039032707,0.4597220000505331,0.011490000360936392,,,,
nymeria,cpu,patchtst,nymeria__only_barometer__qwen3_8b,qwen3_8b,only_barometer,core,core_language,,8207651840,16449136640,256,,1013161403392,2533.5387370000717,2534.3893035999827,1.0271169994666707,,,,
nymeria,cpu,distrixsense,nymeria__only_body_acceleration__qwen3_8b,qwen3_8b,only_body_acceleration,edge,xsens,body_acceleration,22714,90856,0,95987,1352704,0.24700199992366834,0.27186899969819933,0.012760000572598074,81,2.0648,10.0,4.32e-05
nymeria,cpu,distrixsense,nymeria__only_body_acceleration__qwen3_8b,qwen3_8b,only_body_acceleration,core,core,,28468,113872,0,125806,486848,0.22656100009044167,0.259222900513123,0.009970000064640772,,,,
nymeria,cpu,distrixsense,nymeria__only_body_acceleration__qwen3_8b,qwen3_8b,only_body_acceleration,core,core_language,,8207651840,16449136640,256,,999223468928,2462.1520710002187,2464.5403722000083,1.010527000289585,,,,
nymeria,cpu,dense,nymeria__only_body_acceleration__qwen3_8b,qwen3_8b,only_body_acceleration,edge,xsens,body_acceleration,19282,77128,0,80269,1221120,0.18039099995803554,0.19337889971211553,0.009580000551068224,4324,5.4592,10.0,0.0023061333333333333
nymeria,cpu,dense,nymeria__only_body_acceleration__qwen3_8b,qwen3_8b,only_body_acceleration,core,core,,27444,109776,0,121393,1993664,0.2237819999209023,0.23548110020783497,0.006450000000768341,,,,
nymeria,cpu,dense,nymeria__only_body_acceleration__qwen3_8b,qwen3_8b,only_body_acceleration,core,core_language,,8207651840,16449136640,256,,1335682674560,2532.1091860000706,2561.775207399978,1.8666329997358844,,,,
nymeria,cpu,dense_tokens,nymeria__only_body_acceleration__qwen3_8b,qwen3_8b,only_body_acceleration,edge,xsens,body_acceleration,21658,86632,0,91257,1336320,0.23375199998554308,0.2600851002171112,0.008140000318235252,1100,2.88,10.0,0.0005866666666666667
nymeria,cpu,dense_tokens,nymeria__only_body_acceleration__qwen3_8b,qwen3_8b,only_body_acceleration,core,core,,27444,109776,0,121393,486848,0.19880099989677547,0.21911489993726718,0.006520000169984996,,,,
nymeria,cpu,dense_tokens,nymeria__only_body_acceleration__qwen3_8b,qwen3_8b,only_body_acceleration,core,core_language,,8207651840,16449136640,256,,999223468928,2462.1520710002187,2464.5403722000083,1.0189470003751921,,,,
nymeria,cpu,raw,nymeria__only_body_acceleration__qwen3_8b,qwen3_8b,only_body_acceleration,edge,xsens,body_acceleration,0,0,0,0,0,0.0005100000635138713,0.0008700003490957897,0.022560000616067555,205452,166.3616,10.0,0.1095744
nymeria,cpu,raw,nymeria__only_body_acceleration__qwen3_8b,qwen3_8b,only_body_acceleration,core,core,,46726,186904,0,201177,3214784,0.46756299980188487,0.4959318997862283,0.014459999874816276,,,,
nymeria,cpu,raw,nymeria__only_body_acceleration__qwen3_8b,qwen3_8b,only_body_acceleration,core,core_language,,8207651840,16449136640,256,,1335682674560,2532.1091860000706,2561.775207399978,1.763613000548503,,,,
nymeria,cpu,early_fusion,nymeria__only_body_acceleration__qwen3_8b,qwen3_8b,only_body_acceleration,edge,xsens,body_acceleration,0,0,0,0,0,0.00047999947128118947,0.0008850000995153096,0.023340000552707352,205452,166.3616,10.0,0.1095744
nymeria,cpu,early_fusion,nymeria__only_body_acceleration__qwen3_8b,qwen3_8b,only_body_acceleration,core,core,,34822,139288,0,152863,2454976,0.4741929997180705,0.5040108999310178,0.014930000361346174,,,,
nymeria,cpu,early_fusion,nymeria__only_body_acceleration__qwen3_8b,qwen3_8b,only_body_acceleration,core,core_language,,8207651840,16449136640,256,,1335682674560,2532.1091860000706,2561.775207399978,1.7384019993187394,,,,
nymeria,cpu,late_fusion,nymeria__only_body_acceleration__qwen3_8b,qwen3_8b,only_body_acceleration,edge,xsens,body_acceleration,19612,78448,0,81989,1221760,0.19634099953691475,0.2244219001113379,0.007790000381646678,88,2.0704,10.0,4.6933333333333333e-05
nymeria,cpu,late_fusion,nymeria__only_body_acceleration__qwen3_8b,qwen3_8b,only_body_acceleration,core,core,,0,0,0,0,0,0.023749999854771886,0.030238999988796422,0.0059300000430084765,,,,
nymeria,cpu,late_fusion,nymeria__only_body_acceleration__qwen3_8b,qwen3_8b,only_body_acceleration,core,core_language,,8190735360,16381470720,256,,1124741163008,2531.34547100035,2544.0155395998318,0.18601200008561136,,,,
nymeria,cpu,local_only,nymeria__only_body_acceleration__qwen3_8b,qwen3_8b,only_body_acceleration,edge,xsens,body_acceleration,19612,78448,0,81989,1221760,0.20771099934790982,0.22323689927361556,0.007749999895168003,52,2.0416,10.0,2.7733333333333334e-05
nymeria,cpu,local_only,nymeria__only_body_acceleration__qwen3_8b,qwen3_8b,only_body_acceleration,core,core,,0,0,0,0,0,0.027889999728358816,0.03578390014808974,0.0059300000430084765,,,,
nymeria,cpu,local_only,nymeria__only_body_acceleration__qwen3_8b,qwen3_8b,only_body_acceleration,core,core_language,,8190735360,16381470720,256,,1124741163008,2531.34547100035,2544.0155395998318,0.18421100048726657,,,,
nymeria,cpu,bottleneck,nymeria__only_body_acceleration__qwen3_8b,qwen3_8b,only_body_acceleration,edge,xsens,body_acceleration,19414,77656,0,81221,1229312,0.21191199994063936,0.2289760003804986,0.008489999345329124,684,2.5472,10.0,0.0003648
nymeria,cpu,bottleneck,nymeria__only_body_acceleration__qwen3_8b,qwen3_8b,only_body_acceleration,core,core,,27604,110416,0,122667,2001856,0.268110999968485,0.282592900293821,0.006170000233396422,,,,
nymeria,cpu,bottleneck,nymeria__only_body_acceleration__qwen3_8b,qwen3_8b,only_body_acceleration,core,core_language,,8207651840,16449136640,256,,1335682674560,2532.1091860000706,2561.775207399978,1.9443029996182304,,,,
nymeria,cpu,tokenlearner,nymeria__only_body_acceleration__qwen3_8b,qwen3_8b,only_body_acceleration,edge,xsens,body_acceleration,20602,82408,0,86463,1319936,0.2560520006227307,0.2802260003591073,0.008590000106778461,1100,2.88,10.0,0.0005866666666666667
nymeria,cpu,tokenlearner,nymeria__only_body_acceleration__qwen3_8b,qwen3_8b,only_body_acceleration,core,core,,27444,109776,0,121393,486848,0.26385199998912867,0.306043999898975,0.006360000043059699,,,,
nymeria,cpu,tokenlearner,nymeria__only_body_acceleration__qwen3_8b,qwen3_8b,only_body_acceleration,core,core_language,,8207651840,16449136640,256,,999223468928,2462.1520710002187,2464.5403722000083,0.9592160004103789,,,,
nymeria,cpu,posthoc_vq,nymeria__only_body_acceleration__qwen3_8b,qwen3_8b,only_body_acceleration,edge,xsens,body_acceleration,20306,81224,0,84617,1286656,0.31429200043930905,0.32515589973627357,0.013300000318849925,192,2.1536,10.0,0.0001024
nymeria,cpu,posthoc_vq,nymeria__only_body_acceleration__qwen3_8b,qwen3_8b,only_body_acceleration,core,core,,28468,113872,0,125806,1993664,0.2886219999709283,0.3166029995554709,0.010340000699216034,,,,
nymeria,cpu,posthoc_vq,nymeria__only_body_acceleration__qwen3_8b,qwen3_8b,only_body_acceleration,core,core_language,,8207651840,16449136640,256,,1335682674560,2532.1091860000706,2561.775207399978,1.9519130000844598,,,,
nymeria,cpu,joint_vq,nymeria__only_body_acceleration__qwen3_8b,qwen3_8b,only_body_acceleration,edge,xsens,body_acceleration,22682,90728,0,95606,1352704,0.3592530001697014,0.39439799929823494,0.01264000002265675,81,2.0648,10.0,4.32e-05
nymeria,cpu,joint_vq,nymeria__only_body_acceleration__qwen3_8b,qwen3_8b,only_body_acceleration,core,core,,28468,113872,0,125806,486848,0.26434200026415056,0.29461800013450556,0.009780000254977494,,,,
nymeria,cpu,joint_vq,nymeria__only_body_acceleration__qwen3_8b,qwen3_8b,only_body_acceleration,core,core_language,,8207651840,16449136640,256,,999223468928,2462.1520710002187,2464.5403722000083,1.0301069996785372,,,,
nymeria,cpu,deepconvlstm,nymeria__only_body_acceleration__qwen3_8b,qwen3_8b,only_body_acceleration,edge,xsens,body_acceleration,0,0,0,0,0,0.0005199999577598646,0.0009969998245651368,0.02792999930534279,205452,166.3616,10.0,0.1095744
nymeria,cpu,deepconvlstm,nymeria__only_body_acceleration__qwen3_8b,qwen3_8b,only_body_acceleration,core,core,,48860,195440,0,202209,3056768,0.4947829993398045,0.5187959003706055,0.014419999388337601,,,,
nymeria,cpu,deepconvlstm,nymeria__only_body_acceleration__qwen3_8b,qwen3_8b,only_body_acceleration,core,core_language,,8207651840,16449136640,256,,1335682674560,2532.1091860000706,2561.775207399978,1.7542519999551587,,,,
nymeria,cpu,unrestricted_bank,nymeria__only_body_acceleration__qwen3_8b,qwen3_8b,only_body_acceleration,edge,xsens,body_acceleration,22714,90856,0,95987,1352704,0.23815200074750464,0.26526000056037446,0.012349999451544136,81,2.0648,10.0,4.32e-05
nymeria,cpu,unrestricted_bank,nymeria__only_body_acceleration__qwen3_8b,qwen3_8b,only_body_acceleration,core,core,,28468,113872,0,125806,486848,0.20702100027847337,0.2368388996728754,0.009620000128052197,,,,
nymeria,cpu,unrestricted_bank,nymeria__only_body_acceleration__qwen3_8b,qwen3_8b,only_body_acceleration,core,core_language,,8207651840,16449136640,256,,999223468928,2462.1520710002187,2464.5403722000083,0.965496000389976,,,,
nymeria,cpu,separate_banks,nymeria__only_body_acceleration__qwen3_8b,qwen3_8b,only_body_acceleration,edge,xsens,body_acceleration,22714,90856,0,95987,1352704,0.24369200036744587,0.26734399989436497,0.012650999451579992,81,2.0648,10.0,4.32e-05
nymeria,cpu,separate_banks,nymeria__only_body_acceleration__qwen3_8b,qwen3_8b,only_body_acceleration,core,core,,28468,113872,0,125806,486848,0.23771199994371273,0.26249799975630594,0.010089999705087394,,,,
nymeria,cpu,separate_banks,nymeria__only_body_acceleration__qwen3_8b,qwen3_8b,only_body_acceleration,core,core_language,,8207651840,16449136640,256,,999223468928,2462.1520710002187,2464.5403722000083,0.9564969996063155,,,,
nymeria,cpu,fixed_resampling,nymeria__only_body_acceleration__qwen3_8b,qwen3_8b,only_body_acceleration,edge,xsens,body_acceleration,22714,90856,0,95987,1034752,0.1598310000190395,0.17549999965922325,0.012280000191822182,81,2.0648,10.0,4.32e-05
nymeria,cpu,fixed_resampling,nymeria__only_body_acceleration__qwen3_8b,qwen3_8b,only_body_acceleration,core,core,,28468,113872,0,125806,486848,0.2331119994778419,0.26346809972892515,0.009849999514699448,,,,
nymeria,cpu,fixed_resampling,nymeria__only_body_acceleration__qwen3_8b,qwen3_8b,only_body_acceleration,core,core_language,,8207651840,16449136640,256,,999223468928,2462.1520710002187,2464.5403722000083,0.9644760002629482,,,,
nymeria,cpu,finetune_encoders,nymeria__only_body_acceleration__qwen3_8b,qwen3_8b,only_body_acceleration,edge,xsens,body_acceleration,22714,90856,0,95987,1352704,0.2382319999014726,0.2548550000938121,0.012620000234164763,81,2.0648,10.0,4.32e-05
nymeria,cpu,finetune_encoders,nymeria__only_body_acceleration__qwen3_8b,qwen3_8b,only_body_acceleration,core,core,,28468,113872,0,125806,486848,0.22807200002716854,0.24987900023916154,0.00968000040302286,,,,
nymeria,cpu,finetune_encoders,nymeria__only_body_acceleration__qwen3_8b,qwen3_8b,only_body_acceleration,core,core_language,,8207651840,16449136640,256,,999223468928,2462.1520710002187,2464.5403722000083,0.9944470002665184,,,,
nymeria,cpu,no_alignment,nymeria__only_body_acceleration__qwen3_8b,qwen3_8b,only_body_acceleration,edge,xsens,body_acceleration,22714,90856,0,95987,1352704,0.2362609993724618,0.2532718999646022,0.012599999536178075,81,2.0648,10.0,4.32e-05
nymeria,cpu,no_alignment,nymeria__only_body_acceleration__qwen3_8b,qwen3_8b,only_body_acceleration,core,core,,28468,113872,0,125806,486848,0.22416199954022886,0.25105400000029476,0.009849999514699448,,,,
nymeria,cpu,no_alignment,nymeria__only_body_acceleration__qwen3_8b,qwen3_8b,only_body_acceleration,core,core_language,,8207651840,16449136640,256,,999223468928,2462.1520710002187,2464.5403722000083,0.961185999585723,,,,
nymeria,cpu,no_usage,nymeria__only_body_acceleration__qwen3_8b,qwen3_8b,only_body_acceleration,edge,xsens,body_acceleration,22714,90856,0,95987,1352704,0.23937199966894696,0.2566249997471459,0.012159999641880859,81,2.0648,10.0,4.32e-05
nymeria,cpu,no_usage,nymeria__only_body_acceleration__qwen3_8b,qwen3_8b,only_body_acceleration,core,core,,28468,113872,0,125806,486848,0.22907099992153235,0.25133789977189736,0.009639999916544184,,,,
nymeria,cpu,no_usage,nymeria__only_body_acceleration__qwen3_8b,qwen3_8b,only_body_acceleration,core,core_language,,8207651840,16449136640,256,,999223468928,2462.1520710002187,2464.5403722000083,0.9765369995875517,,,,
nymeria,cpu,tcn,nymeria__only_body_acceleration__qwen3_8b,qwen3_8b,only_body_acceleration,edge,xsens,body_acceleration,0,0,0,0,0,0.0005900001269765198,0.0009499995940132067,0.0249700005952036,205452,166.3616,10.0,0.1095744
nymeria,cpu,tcn,nymeria__only_body_acceleration__qwen3_8b,qwen3_8b,only_body_acceleration,core,core,,20710,82840,0,91093,1268928,0.3753320006580907,0.41410490030102665,0.014369999917107634,,,,
nymeria,cpu,tcn,nymeria__only_body_acceleration__qwen3_8b,qwen3_8b,only_body_acceleration,core,core_language,,8207651840,16449136640,256,,1335682674560,2532.1091860000706,2561.775207399978,1.760692000061681,,,,
nymeria,cpu,ts_transformer,nymeria__only_body_acceleration__qwen3_8b,qwen3_8b,only_body_acceleration,edge,xsens,body_acceleration,0,0,0,0,0,0.0005600004442385398,0.0008660004823468626,0.02358999972784659,205452,166.3616,10.0,0.1095744
nymeria,cpu,ts_transformer,nymeria__only_body_acceleration__qwen3_8b,qwen3_8b,only_body_acceleration,core,core,,33574,134296,0,146033,2317504,0.4534640002020751,0.47296609982367954,0.014569999621016905,,,,
nymeria,cpu,ts_transformer,nymeria__only_body_acceleration__qwen3_8b,qwen3_8b,only_body_acceleration,core,core_language,,8207651840,16449136640,256,,1335682674560,2532.1091860000706,2561.775207399978,1.7342020000796765,,,,
nymeria,cpu,patchtst,nymeria__only_body_acceleration__qwen3_8b,qwen3_8b,only_body_acceleration,edge,xsens,body_acceleration,0,0,0,0,0,0.0006099999154685065,0.0009070000487554353,0.02313999993930338,205452,166.3616,10.0,0.1095744
nymeria,cpu,patchtst,nymeria__only_body_acceleration__qwen3_8b,qwen3_8b,only_body_acceleration,core,core,,31590,126360,0,138097,25176384,0.6304449998424388,0.6651750996752526,0.014829999599896837,,,,
nymeria,cpu,patchtst,nymeria__only_body_acceleration__qwen3_8b,qwen3_8b,only_body_acceleration,core,core_language,,8207651840,16449136640,256,,985219080960,2466.0282720001305,2468.811674100243,1.1717779998434708,,,,
nymeria,cpu,distrixsense,nymeria__only_body_orientation__qwen3_8b,qwen3_8b,only_body_orientation,edge,xsens,body_orientation,30212,120848,0,125939,1829632,0.25165200077026384,0.25766400021893787,0.012259999493835494,81,2.0648,10.0,4.32e-05
nymeria,cpu,distrixsense,nymeria__only_body_orientation__qwen3_8b,qwen3_8b,only_body_orientation,core,core,,28468,113872,0,125806,486848,0.2293620000273222,0.24683009987711557,0.009899999895424116,,,,
nymeria,cpu,distrixsense,nymeria__only_body_orientation__qwen3_8b,qwen3_8b,only_body_orientation,core,core_language,,8207651840,16449136640,256,,999223468928,2462.1520710002187,2464.5403722000083,1.0170869991270592,,,,
nymeria,cpu,dense,nymeria__only_body_orientation__qwen3_8b,qwen3_8b,only_body_orientation,edge,xsens,body_orientation,26780,107120,0,110221,1698048,0.1823209995563957,0.20139289963481133,0.008560000424040481,4324,5.4592,10.0,0.0023061333333333333
nymeria,cpu,dense,nymeria__only_body_orientation__qwen3_8b,qwen3_8b,only_body_orientation,core,core,,27444,109776,0,121393,1993664,0.2097409997077193,0.2349329005483014,0.006451000444940291,,,,
nymeria,cpu,dense,nymeria__only_body_orientation__qwen3_8b,qwen3_8b,only_body_orientation,core,core_language,,8207651840,16449136640,256,,1335682674560,2532.1091860000706,2561.775207399978,1.7421920001652325,,,,
nymeria,cpu,dense_tokens,nymeria__only_body_orientation__qwen3_8b,qwen3_8b,only_body_orientation,edge,xsens,body_orientation,29156,116624,0,121209,1813248,0.23438200059899827,0.25388499980181223,0.00802000067778863,1100,2.88,10.0,0.0005866666666666667
nymeria,cpu,dense_tokens,nymeria__only_body_orientation__qwen3_8b,qwen3_8b,only_body_orientation,core,core,,27444,109776,0,121393,486848,0.19458200040389784,0.21579409994956222,0.006339999345073011,,,,
nymeria,cpu,dense_tokens,nymeria__only_body_orientation__qwen3_8b,qwen3_8b,only_body_orientation,core,core_language,,8207651840,16449136640,256,,999223468928,2462.1520710002187,2464.5403722000083,1.019506999909936,,,,
nymeria,cpu,raw,nymeria__only_body_orientation__qwen3_8b,qwen3_8b,only_body_orientation,edge,xsens,body_orientation,0,0,0,0,0,0.000529999852005858,0.0007639998329977971,0.027349999982106965,272952,220.3616,10.0,0.1455744
nymeria,cpu,raw,nymeria__only_body_orientation__qwen3_8b,qwen3_8b,only_body_orientation,core,core,,54224,216896,0,231065,3691712,0.4615130001184298,0.5082239001239941,0.01790999976947205,,,,
nymeria,cpu,raw,nymeria__only_body_orientation__qwen3_8b,qwen3_8b,only_body_orientation,core,core_language,,8207651840,16449136640,256,,1335682674560,2532.1091860000706,2561.775207399978,1.777612000296358,,,,
nymeria,cpu,early_fusion,nymeria__only_body_orientation__qwen3_8b,qwen3_8b,only_body_orientation,edge,xsens,body_orientation,0,0,0,0,0,0.00047999947128118947,0.0006869997378089465,0.027510000109032262,272952,220.3616,10.0,0.1455744
nymeria,cpu,early_fusion,nymeria__only_body_orientation__qwen3_8b,qwen3_8b,only_body_orientation,core,core,,39376,157504,0,171039,2743488,0.46632299927296117,0.4875179994087375,0.01794099989638198,,,,
nymeria,cpu,early_fusion,nymeria__only_body_orientation__qwen3_8b,qwen3_8b,only_body_orientation,core,core_language,,8207651840,16449136640,256,,1335682674560,2532.1091860000706,2561.775207399978,1.7610819995752536,,,,
nymeria,cpu,late_fusion,nymeria__only_body_orientation__qwen3_8b,qwen3_8b,only_body_orientation,edge,xsens,body_orientation,27110,108440,0,111941,1698688,0.20490099996095523,0.2339899005164625,0.007999999979801942,88,2.0704,10.0,4.6933333333333333e-05
nymeria,cpu,late_fusion,nymeria__only_body_orientation__qwen3_8b,qwen3_8b,only_body_orientation,core,core,,0,0,0,0,0,0.024230000235547777,0.030872899969836,0.006070000381441787,,,,
nymeria,cpu,late_fusion,nymeria__only_body_orientation__qwen3_8b,qwen3_8b,only_body_orientation,core,core_language,,8190735360,16381470720,256,,1124741163008,2531.34547100035,2544.0155395998318,0.18536100014898693,,,,
nymeria,cpu,local_only,nymeria__only_body_orientation__qwen3_8b,qwen3_8b,only_body_orientation,edge,xsens,body_orientation,27110,108440,0,111941,1698688,0.18999100029759575,0.2057778999187576,0.007689999620197341,52,2.0416,10.0,2.7733333333333334e-05
nymeria,cpu,local_only,nymeria__only_body_orientation__qwen3_8b,qwen3_8b,only_body_orientation,core,core,,0,0,0,0,0,0.02857999970728997,0.03593300052671111,0.005879999662283808,,,,
nymeria,cpu,local_only,nymeria__only_body_orientation__qwen3_8b,qwen3_8b,only_body_orientation,core,core_language,,8190735360,16381470720,256,,1124741163008,2531.34547100035,2544.0155395998318,0.18233100036013639,,,,
nymeria,cpu,bottleneck,nymeria__only_body_orientation__qwen3_8b,qwen3_8b,only_body_orientation,edge,xsens,body_orientation,26912,107648,0,111173,1706240,0.1989110005524708,0.21735289992648177,0.008800000614428427,684,2.5472,10.0,0.0003648
nymeria,cpu,bottleneck,nymeria__only_body_orientation__qwen3_8b,qwen3_8b,only_body_orientation,core,core,,27604,110416,0,122667,2001856,0.2096110001730267,0.23643190015718574,0.006140000550658442,,,,
nymeria,cpu,bottleneck,nymeria__only_body_orientation__qwen3_8b,qwen3_8b,only_body_orientation,core,core_language,,8207651840,16449136640,256,,1335682674560,2532.1091860000706,2561.775207399978,1.7637730006754282,,,,
nymeria,cpu,tokenlearner,nymeria__only_body_orientation__qwen3_8b,qwen3_8b,only_body_orientation,edge,xsens,body_orientation,28100,112400,0,116415,1796864,0.23684199913986959,0.24948699965534615,0.008349999916390516,1100,2.88,10.0,0.0005866666666666667
nymeria,cpu,tokenlearner,nymeria__only_body_orientation__qwen3_8b,qwen3_8b,only_body_orientation,core,core,,27444,109776,0,121393,486848,0.1944109999385546,0.21746900001744507,0.006330000360321719,,,,
nymeria,cpu,tokenlearner,nymeria__only_body_orientation__qwen3_8b,qwen3_8b,only_body_orientation,core,core_language,,8207651840,16449136640,256,,999223468928,2462.1520710002187,2464.5403722000083,0.9593069999027648,,,,
nymeria,cpu,posthoc_vq,nymeria__only_body_orientation__qwen3_8b,qwen3_8b,only_body_orientation,edge,xsens,body_orientation,27804,111216,0,114569,1763584,0.28060199929313967,0.30130199975246796,0.013270000636111945,192,2.1536,10.0,0.0001024
nymeria,cpu,posthoc_vq,nymeria__only_body_orientation__qwen3_8b,qwen3_8b,only_body_orientation,core,core,,28468,113872,0,125806,1993664,0.24436200055788504,0.27353100067557534,0.010439999641675968,,,,
nymeria,cpu,posthoc_vq,nymeria__only_body_orientation__qwen3_8b,qwen3_8b,only_body_orientation,core,core_language,,8207651840,16449136640,256,,1335682674560,2532.1091860000706,2561.775207399978,1.7563119999977062,,,,
nymeria,cpu,joint_vq,nymeria__only_body_orientation__qwen3_8b,qwen3_8b,only_body_orientation,edge,xsens,body_orientation,30180,120720,0,125558,1829632,0.32294199991156347,0.3373429002749617,0.0122499995995895,81,2.0648,10.0,4.32e-05
nymeria,cpu,joint_vq,nymeria__only_body_orientation__qwen3_8b,qwen3_8b,only_body_orientation,core,core,,28468,113872,0,125806,486848,0.22830099987913854,0.2585779001492483,0.009919999683916103,,,,
nymeria,cpu,joint_vq,nymeria__only_body_orientation__qwen3_8b,qwen3_8b,only_body_orientation,core,core_language,,8207651840,16449136640,256,,999223468928,2462.1520710002187,2464.5403722000083,0.965506000284222,,,,
nymeria,cpu,deepconvlstm,nymeria__only_body_orientation__qwen3_8b,qwen3_8b,only_body_orientation,edge,xsens,body_orientation,0,0,0,0,0,0.0005100000635138713,0.0009329996828455478,0.027600000066740904,272952,220.3616,10.0,0.1455744
nymeria,cpu,deepconvlstm,nymeria__only_body_orientation__qwen3_8b,qwen3_8b,only_body_orientation,core,core,,56358,225432,0,232161,3533696,0.3972529993916396,0.4030939998301619,0.01793000046745874,,,,
nymeria,cpu,deepconvlstm,nymeria__only_body_orientation__qwen3_8b,qwen3_8b,only_body_orientation,core,core_language,,8207651840,16449136640,256,,1335682674560,2532.1091860000706,2561.775207399978,1.7336420005449327,,,,
nymeria,cpu,unrestricted_bank,nymeria__only_body_orientation__qwen3_8b,qwen3_8b,only_body_orientation,edge,xsens,body_orientation,30212,120848,0,125939,1829632,0.24521100021956954,0.272706899613695,0.012700000297627412,81,2.0648,10.0,4.32e-05
nymeria,cpu,unrestricted_bank,nymeria__only_body_orientation__qwen3_8b,qwen3_8b,only_body_orientation,core,core,,28468,113872,0,125806,486848,0.2332519998162752,0.23883199974079616,0.009740999303176068,,,,
nymeria,cpu,unrestricted_bank,nymeria__only_body_orientation__qwen3_8b,qwen3_8b,only_body_orientation,core,core_language,,8207651840,16449136640,256,,999223468928,2462.1520710002187,2464.5403722000083,0.9786370001165778,,,,
nymeria,cpu,separate_banks,nymeria__only_body_orientation__qwen3_8b,qwen3_8b,only_body_orientation,edge,xsens,body_orientation,30212,120848,0,125939,1829632,0.24245100030384492,0.2608479001537489,0.012850000530306716,81,2.0648,10.0,4.32e-05
nymeria,cpu,separate_banks,nymeria__only_body_orientation__qwen3_8b,qwen3_8b,only_body_orientation,core,core,,28468,113872,0,125806,486848,0.23466099992219824,0.2602309000394598,0.009859999408945441,,,,
nymeria,cpu,separate_banks,nymeria__only_body_orientation__qwen3_8b,qwen3_8b,only_body_orientation,core,core_language,,8207651840,16449136640,256,,999223468928,2462.1520710002187,2464.5403722000083,0.9788560000743018,,,,
nymeria,cpu,fixed_resampling,nymeria__only_body_orientation__qwen3_8b,qwen3_8b,only_body_orientation,edge,xsens,body_orientation,30212,120848,0,125939,1270272,0.17077099982998334,0.17569400015418069,0.01320000046689529,81,2.0648,10.0,4.32e-05
nymeria,cpu,fixed_resampling,nymeria__only_body_orientation__qwen3_8b,qwen3_8b,only_body_orientation,core,core,,28468,113872,0,125806,486848,0.22747099956177408,0.25223090005965787,0.010189999557042029,,,,
nymeria,cpu,fixed_resampling,nymeria__only_body_orientation__qwen3_8b,qwen3_8b,only_body_orientation,core,core_language,,8207651840,16449136640,256,,999223468928,2462.1520710002187,2464.5403722000083,0.9581369995430578,,,,
nymeria,cpu,finetune_encoders,nymeria__only_body_orientation__qwen3_8b,qwen3_8b,only_body_orientation,edge,xsens,body_orientation,30212,120848,0,125939,1829632,0.2479309996488155,0.27338299978509895,0.012880000213044696,81,2.0648,10.0,4.32e-05
nymeria,cpu,finetune_encoders,nymeria__only_body_orientation__qwen3_8b,qwen3_8b,only_body_orientation,core,core,,28468,113872,0,125806,486848,0.2308309994987212,0.26004590035881847,0.009950000276148785,,,,
nymeria,cpu,finetune_encoders,nymeria__only_body_orientation__qwen3_8b,qwen3_8b,only_body_orientation,core,core_language,,8207651840,16449136640,256,,999223468928,2462.1520710002187,2464.5403722000083,0.9723359999043169,,,,
nymeria,cpu,no_alignment,nymeria__only_body_orientation__qwen3_8b,qwen3_8b,only_body_orientation,edge,xsens,body_orientation,30212,120848,0,125939,1829632,0.2644119995238725,0.2659231003235618,0.012629999218916055,81,2.0648,10.0,4.32e-05
nymeria,cpu,no_alignment,nymeria__only_body_orientation__qwen3_8b,qwen3_8b,only_body_orientation,core,core,,28468,113872,0,125806,486848,0.23043199962557992,0.2508710003894521,0.009989999853132758,,,,
nymeria,cpu,no_alignment,nymeria__only_body_orientation__qwen3_8b,qwen3_8b,only_body_orientation,core,core_language,,8207651840,16449136640,256,,999223468928,2462.1520710002187,2464.5403722000083,0.9743270002218196,,,,
nymeria,cpu,no_usage,nymeria__only_body_orientation__qwen3_8b,qwen3_8b,only_body_orientation,edge,xsens,body_orientation,30212,120848,0,125939,1829632,0.2438910005366779,0.2670489007869037,0.012509999578469433,81,2.0648,10.0,4.32e-05
nymeria,cpu,no_usage,nymeria__only_body_orientation__qwen3_8b,qwen3_8b,only_body_orientation,core,core,,28468,113872,0,125806,486848,0.23000100009085145,0.2580009007033368,0.009999999747378752,,,,
nymeria,cpu,no_usage,nymeria__only_body_orientation__qwen3_8b,qwen3_8b,only_body_orientation,core,core_language,,8207651840,16449136640,256,,999223468928,2462.1520710002187,2464.5403722000083,0.9586559999661404,,,,
nymeria,cpu,tcn,nymeria__only_body_orientation__qwen3_8b,qwen3_8b,only_body_orientation,edge,xsens,body_orientation,0,0,0,0,0,0.0005500005499925464,0.0008470006832794752,0.027439999939815607,272952,220.3616,10.0,0.1455744
nymeria,cpu,tcn,nymeria__only_body_orientation__qwen3_8b,qwen3_8b,only_body_orientation,core,core,,25264,101056,0,109269,1557440,0.3841519992420217,0.4041868997774145,0.017579999621375464,,,,
nymeria,cpu,tcn,nymeria__only_body_orientation__qwen3_8b,qwen3_8b,only_body_orientation,core,core_language,,8207651840,16449136640,256,,1335682674560,2532.1091860000706,2561.775207399978,1.7380519993821508,,,,
nymeria,cpu,ts_transformer,nymeria__only_body_orientation__qwen3_8b,qwen3_8b,only_body_orientation,edge,xsens,body_orientation,0,0,0,0,0,0.0004900002750218846,0.0008589996468799654,0.02761999985523289,272952,220.3616,10.0,0.1455744
nymeria,cpu,ts_transformer,nymeria__only_body_orientation__qwen3_8b,qwen3_8b,only_body_orientation,core,core,,38128,152512,0,164209,2606016,0.4104829995412729,0.4424060000019381,0.018110000382876024,,,,
nymeria,cpu,ts_transformer,nymeria__only_body_orientation__qwen3_8b,qwen3_8b,only_body_orientation,core,core_language,,8207651840,16449136640,256,,1335682674560,2532.1091860000706,2561.775207399978,1.722202000564721,,,,
nymeria,cpu,patchtst,nymeria__only_body_orientation__qwen3_8b,qwen3_8b,only_body_orientation,edge,xsens,body_orientation,0,0,0,0,0,0.0006099999154685065,0.0009249998583982233,0.02756000048975693,272952,220.3616,10.0,0.1455744
nymeria,cpu,patchtst,nymeria__only_body_orientation__qwen3_8b,qwen3_8b,only_body_orientation,core,core,,35408,141632,0,153329,33702208,0.7037949999357807,0.7166110002799542,0.017459999980928842,,,,
nymeria,cpu,patchtst,nymeria__only_body_orientation__qwen3_8b,qwen3_8b,only_body_orientation,core,core_language,,8207651840,16449136640,256,,985219080960,2466.0282720001305,2468.811674100243,0.9680469993327279,,,,
nymeria,cpu,distrixsense,nymeria__only_body_position__qwen3_8b,qwen3_8b,only_body_position,edge,xsens,body_position,22714,90856,0,95987,1352704,0.24534100066375686,0.270136899962381,0.012540000170702115,81,2.0648,10.0,4.32e-05
nymeria,cpu,distrixsense,nymeria__only_body_position__qwen3_8b,qwen3_8b,only_body_position,core,core,,28468,113872,0,125806,486848,0.2282209998156759,0.2582549001999723,0.009930000487656798,,,,
nymeria,cpu,distrixsense,nymeria__only_body_position__qwen3_8b,qwen3_8b,only_body_position,core,core_language,,8207651840,16449136640,256,,999223468928,2462.1520710002187,2464.5403722000083,0.9581969998180284,,,,
nymeria,cpu,dense,nymeria__only_body_position__qwen3_8b,qwen3_8b,only_body_position,edge,xsens,body_position,19282,77128,0,80269,1221120,0.17527100044389954,0.19576400063670008,0.008650000381749123,4324,5.4592,10.0,0.0023061333333333333
nymeria,cpu,dense,nymeria__only_body_position__qwen3_8b,qwen3_8b,only_body_position,core,core,,27444,109776,0,121393,1993664,0.20949099962308537,0.2325678999113734,0.008569999408791773,,,,
nymeria,cpu,dense,nymeria__only_body_position__qwen3_8b,qwen3_8b,only_body_position,core,core_language,,8207651840,16449136640,256,,1335682674560,2532.1091860000706,2561.775207399978,1.735252000798937,,,,
nymeria,cpu,dense_tokens,nymeria__only_body_position__qwen3_8b,qwen3_8b,only_body_position,edge,xsens,body_position,21658,86632,0,91257,1336320,0.23209200026030885,0.25461000032009906,0.008049999451031908,1100,2.88,10.0,0.0005866666666666667
nymeria,cpu,dense_tokens,nymeria__only_body_position__qwen3_8b,qwen3_8b,only_body_position,core,core,,27444,109776,0,121393,486848,0.20195100023556734,0.21595589987555286,0.006469999789260328,,,,
nymeria,cpu,dense_tokens,nymeria__only_body_position__qwen3_8b,qwen3_8b,only_body_position,core,core_language,,8207651840,16449136640,256,,999223468928,2462.1520710002187,2464.5403722000083,0.9871470001598937,,,,
nymeria,cpu,raw,nymeria__only_body_position__qwen3_8b,qwen3_8b,only_body_position,edge,xsens,body_position,0,0,0,0,0,0.0005000001692678779,0.000923000607144786,0.023130000045057386,205452,166.3616,10.0,0.1095744
nymeria,cpu,raw,nymeria__only_body_position__qwen3_8b,qwen3_8b,only_body_position,core,core,,46726,186904,0,201113,3214784,0.4599430003509042,0.49173190018336754,0.01461000010749558,,,,
nymeria,cpu,raw,nymeria__only_body_position__qwen3_8b,qwen3_8b,only_body_position,core,core_language,,8207651840,16449136640,256,,1335682674560,2532.1091860000706,2561.775207399978,1.7401710001649917,,,,
nymeria,cpu,early_fusion,nymeria__only_body_position__qwen3_8b,qwen3_8b,only_body_position,edge,xsens,body_position,0,0,0,0,0,0.000529999852005858,0.0007999994522833731,0.023320000764215365,205452,166.3616,10.0,0.1095744
nymeria,cpu,early_fusion,nymeria__only_body_position__qwen3_8b,qwen3_8b,only_body_position,core,core,,34822,139288,0,152863,2454976,0.4517419993135263,0.48335990013583796,0.014761000784346834,,,,
nymeria,cpu,early_fusion,nymeria__only_body_position__qwen3_8b,qwen3_8b,only_body_position,core,core_language,,8207651840,16449136640,256,,1335682674560,2532.1091860000706,2561.775207399978,1.7341319999104599,,,,
nymeria,cpu,late_fusion,nymeria__only_body_position__qwen3_8b,qwen3_8b,only_body_position,edge,xsens,body_position,19612,78448,0,81989,1221760,0.1950209998540231,0.21938489962849417,0.007829999958630651,88,2.0704,10.0,4.6933333333333333e-05
nymeria,cpu,late_fusion,nymeria__only_body_position__qwen3_8b,qwen3_8b,only_body_position,core,core,,0,0,0,0,0,0.02441099968564231,0.030773099933867343,0.006149999535409734,,,,
nymeria,cpu,late_fusion,nymeria__only_body_position__qwen3_8b,qwen3_8b,only_body_position,core,core_language,,8190735360,16381470720,256,,1124741163008,2531.34547100035,2544.0155395998318,0.18118099978892133,,,,
nymeria,cpu,local_only,nymeria__only_body_position__qwen3_8b,qwen3_8b,only_body_position,edge,xsens,body_position,19612,78448,0,81989,1221760,0.19266100025561173,0.21045489993412048,0.007689999620197341,52,2.0416,10.0,2.7733333333333334e-05
nymeria,cpu,local_only,nymeria__only_body_position__qwen3_8b,qwen3_8b,only_body_position,core,core,,0,0,0,0,0,0.027979999686067458,0.03615200002968777,0.0059300000430084765,,,,
nymeria,cpu,local_only,nymeria__only_body_position__qwen3_8b,qwen3_8b,only_body_position,core,core_language,,8190735360,16381470720,256,,1124741163008,2531.34547100035,2544.0155395998318,0.1811619995351066,,,,
nymeria,cpu,bottleneck,nymeria__only_body_position__qwen3_8b,qwen3_8b,only_body_position,edge,xsens,body_position,19414,77656,0,81221,1229312,0.19071099995926488,0.21116890011398937,0.00898000052984571,684,2.5472,10.0,0.0003648
nymeria,cpu,bottleneck,nymeria__only_body_position__qwen3_8b,qwen3_8b,only_body_position,core,core,,27604,110416,0,122603,2001856,0.21096199998282827,0.2359901001000253,0.006509999366244301,,,,
nymeria,cpu,bottleneck,nymeria__only_body_position__qwen3_8b,qwen3_8b,only_body_position,core,core_language,,8207651840,16449136640,256,,1335682674560,2532.1091860000706,2561.775207399978,1.7280320007557748,,,,
nymeria,cpu,tokenlearner,nymeria__only_body_position__qwen3_8b,qwen3_8b,only_body_position,edge,xsens,body_position,20602,82408,0,86463,1319936,0.2233420000266051,0.24546399936298258,0.008170000000973232,1100,2.88,10.0,0.0005866666666666667
nymeria,cpu,tokenlearner,nymeria__only_body_position__qwen3_8b,qwen3_8b,only_body_position,core,core,,27444,109776,0,121393,486848,0.20911200044793077,0.22101810018284596,0.006440000106522348,,,,
nymeria,cpu,tokenlearner,nymeria__only_body_position__qwen3_8b,qwen3_8b,only_body_position,core,core_language,,8207651840,16449136640,256,,999223468928,2462.1520710002187,2464.5403722000083,0.9495069998592953,,,,
nymeria,cpu,posthoc_vq,nymeria__only_body_position__qwen3_8b,qwen3_8b,only_body_position,edge,xsens,body_position,20306,81224,0,84617,1286656,0.2780620006888057,0.29526999960580724,0.013150000086170621,192,2.1536,10.0,0.0001024
nymeria,cpu,posthoc_vq,nymeria__only_body_position__qwen3_8b,qwen3_8b,only_body_position,core,core,,28468,113872,0,125806,1993664,0.24424099956377177,0.2691628999855311,0.01010999949357938,,,,
nymeria,cpu,posthoc_vq,nymeria__only_body_position__qwen3_8b,qwen3_8b,only_body_position,core,core_language,,8207651840,16449136640,256,,1335682674560,2532.1091860000706,2561.775207399978,1.740130999678513,,,,
nymeria,cpu,joint_vq,nymeria__only_body_position__qwen3_8b,qwen3_8b,only_body_position,edge,xsens,body_position,22682,90728,0,95606,1352704,0.31310200029111,0.3428119000091101,0.012240000614838209,81,2.0648,10.0,4.32e-05
nymeria,cpu,joint_vq,nymeria__only_body_position__qwen3_8b,qwen3_8b,only_body_position,core,core,,28468,113872,0,125806,486848,0.22747200000594603,0.2526441002373758,0.00965999970503617,,,,
nymeria,cpu,joint_vq,nymeria__only_body_position__qwen3_8b,qwen3_8b,only_body_position,core,core_language,,8207651840,16449136640,256,,999223468928,2462.1520710002187,2464.5403722000083,1.50300099994638,,,,
nymeria,cpu,deepconvlstm,nymeria__only_body_position__qwen3_8b,qwen3_8b,only_body_position,edge,xsens,body_position,0,0,0,0,0,0.0005199999577598646,0.0008980000529845711,0.026310000066587236,205452,166.3616,10.0,0.1095744
nymeria,cpu,deepconvlstm,nymeria__only_body_position__qwen3_8b,qwen3_8b,only_body_position,core,core,,48860,195440,0,202209,3056768,0.38207200032047695,0.4080018999047752,0.014729999747942202,,,,
nymeria,cpu,deepconvlstm,nymeria__only_body_position__qwen3_8b,qwen3_8b,only_body_position,core,core_language,,8207651840,16449136640,256,,1335682674560,2532.1091860000706,2561.775207399978,1.9932029999836232,,,,
nymeria,cpu,unrestricted_bank,nymeria__only_body_position__qwen3_8b,qwen3_8b,only_body_position,edge,xsens,body_position,22714,90856,0,95987,1352704,0.2645820004545385,0.3434309998738172,0.01269999938813271,81,2.0648,10.0,4.32e-05
nymeria,cpu,unrestricted_bank,nymeria__only_body_position__qwen3_8b,qwen3_8b,only_body_position,core,core,,28468,113872,0,125806,486848,0.23119100023905048,0.26181890007137554,0.009700000191514846,,,,
nymeria,cpu,unrestricted_bank,nymeria__only_body_position__qwen3_8b,qwen3_8b,only_body_position,core,core_language,,8207651840,16449136640,256,,999223468928,2462.1520710002187,2464.5403722000083,0.9610760007490171,,,,
nymeria,cpu,separate_banks,nymeria__only_body_position__qwen3_8b,qwen3_8b,only_body_position,edge,xsens,body_position,22714,90856,0,95987,1352704,0.26823200005310355,0.2990659997522016,0.015400999473058619,81,2.0648,10.0,4.32e-05
nymeria,cpu,separate_banks,nymeria__only_body_position__qwen3_8b,qwen3_8b,only_body_position,core,core,,28468,113872,0,125806,486848,0.26313199941796483,0.2870539993637067,0.009870000212686136,,,,
nymeria,cpu,separate_banks,nymeria__only_body_position__qwen3_8b,qwen3_8b,only_body_position,core,core_language,,8207651840,16449136640,256,,999223468928,2462.1520710002187,2464.5403722000083,0.937955999688711,,,,
nymeria,cpu,fixed_resampling,nymeria__only_body_position__qwen3_8b,qwen3_8b,only_body_position,edge,xsens,body_position,22714,90856,0,95987,1034752,0.17698100054985844,0.19540399971447187,0.012519999472715426,81,2.0648,10.0,4.32e-05
nymeria,cpu,fixed_resampling,nymeria__only_body_position__qwen3_8b,qwen3_8b,only_body_position,core,core,,28468,113872,0,125806,486848,0.26390199946035864,0.28608699976757634,0.009859999408945441,,,,
nymeria,cpu,fixed_resampling,nymeria__only_body_position__qwen3_8b,qwen3_8b,only_body_position,core,core_language,,8207651840,16449136640,256,,999223468928,2462.1520710002187,2464.5403722000083,0.9842770004979684,,,,
nymeria,cpu,finetune_encoders,nymeria__only_body_position__qwen3_8b,qwen3_8b,only_body_position,edge,xsens,body_position,22714,90856,0,95987,1352704,0.26901199998974334,0.29195300048741046,0.01225100004376145,81,2.0648,10.0,4.32e-05
nymeria,cpu,finetune_encoders,nymeria__only_body_position__qwen3_8b,qwen3_8b,only_body_position,core,core,,28468,113872,0,125806,486848,0.25911200009431923,0.287929999831249,0.010200000360782724,,,,
nymeria,cpu,finetune_encoders,nymeria__only_body_position__qwen3_8b,qwen3_8b,only_body_position,core,core_language,,8207651840,16449136640,256,,999223468928,2462.1520710002187,2464.5403722000083,0.9428270004718797,,,,
nymeria,cpu,no_alignment,nymeria__only_body_position__qwen3_8b,qwen3_8b,only_body_position,edge,xsens,body_position,22714,90856,0,95987,1352704,0.2607610003906302,0.2830369001458166,0.012370000149530824,81,2.0648,10.0,4.32e-05
nymeria,cpu,no_alignment,nymeria__only_body_position__qwen3_8b,qwen3_8b,only_body_position,core,core,,28468,113872,0,125806,486848,0.2543320006225258,0.281844100663875,0.010010000551119447,,,,
nymeria,cpu,no_alignment,nymeria__only_body_position__qwen3_8b,qwen3_8b,only_body_position,core,core_language,,8207651840,16449136640,256,,999223468928,2462.1520710002187,2464.5403722000083,0.9898069993141689,,,,
nymeria,cpu,no_usage,nymeria__only_body_position__qwen3_8b,qwen3_8b,only_body_position,edge,xsens,body_position,22714,90856,0,95987,1352704,0.26712200087786186,0.2870569996048289,0.012709999282378703,81,2.0648,10.0,4.32e-05
nymeria,cpu,no_usage,nymeria__only_body_position__qwen3_8b,qwen3_8b,only_body_position,core,core,,28468,113872,0,125806,486848,0.2559120002842974,0.2819310001541453,0.00973999976849882,,,,
nymeria,cpu,no_usage,nymeria__only_body_position__qwen3_8b,qwen3_8b,only_body_position,core,core_language,,8207651840,16449136640,256,,999223468928,2462.1520710002187,2464.5403722000083,1.0355270005675266,,,,
nymeria,cpu,tcn,nymeria__only_body_position__qwen3_8b,qwen3_8b,only_body_position,edge,xsens,body_position,0,0,0,0,0,0.0005000001692678779,0.0008509997314831708,0.027380000574339647,205452,166.3616,10.0,0.1095744
nymeria,cpu,tcn,nymeria__only_body_position__qwen3_8b,qwen3_8b,only_body_position,core,core,,20710,82840,0,91093,1268928,0.4111830003239447,0.44028900028934004,0.014799999917158857,,,,
nymeria,cpu,tcn,nymeria__only_body_position__qwen3_8b,qwen3_8b,only_body_position,core,core_language,,8207651840,16449136640,256,,1335682674560,2532.1091860000706,2561.775207399978,1.7944620003618184,,,,
nymeria,cpu,ts_transformer,nymeria__only_body_position__qwen3_8b,qwen3_8b,only_body_position,edge,xsens,body_position,0,0,0,0,0,0.000529999852005858,0.0008269999852927867,0.023159999727795366,205452,166.3616,10.0,0.1095744
nymeria,cpu,ts_transformer,nymeria__only_body_position__qwen3_8b,qwen3_8b,only_body_position,core,core,,33574,134296,0,146033,2317504,0.4112329997951747,0.4450370000085968,0.014640000699728262,,,,
nymeria,cpu,ts_transformer,nymeria__only_body_position__qwen3_8b,qwen3_8b,only_body_position,core,core_language,,8207651840,16449136640,256,,1335682674560,2532.1091860000706,2561.775207399978,1.7514419996587094,,,,
nymeria,cpu,patchtst,nymeria__only_body_position__qwen3_8b,qwen3_8b,only_body_position,edge,xsens,body_position,0,0,0,0,0,0.0006200007192092016,0.0009170000339508988,0.02361999941058457,205452,166.3616,10.0,0.1095744
nymeria,cpu,patchtst,nymeria__only_body_position__qwen3_8b,qwen3_8b,only_body_position,core,core,,31590,126360,0,138097,25176384,0.6250249998629442,0.6769721001546714,0.014530000044032931,,,,
nymeria,cpu,patchtst,nymeria__only_body_position__qwen3_8b,qwen3_8b,only_body_position,core,core_language,,8207651840,16449136640,256,,985219080960,2466.0282720001305,2468.811674100243,1.021126000523509,,,,
nymeria,cpu,distrixsense,nymeria__only_body_velocity__qwen3_8b,qwen3_8b,only_body_velocity,edge,xsens,body_velocity,22714,90856,0,95987,1352704,0.24469100026180968,0.25730089992066496,0.012609999430424068,81,2.0648,10.0,4.32e-05
nymeria,cpu,distrixsense,nymeria__only_body_velocity__qwen3_8b,qwen3_8b,only_body_velocity,core,core,,28468,113872,0,125806,486848,0.2314020002813777,0.25275809994127485,0.009761000001162756,,,,
nymeria,cpu,distrixsense,nymeria__only_body_velocity__qwen3_8b,qwen3_8b,only_body_velocity,core,core_language,,8207651840,16449136640,256,,999223468928,2462.1520710002187,2464.5403722000083,0.9556559998600278,,,,
nymeria,cpu,dense,nymeria__only_body_velocity__qwen3_8b,qwen3_8b,only_body_velocity,edge,xsens,body_velocity,19282,77128,0,80269,1221120,0.17459099944971967,0.1967490000424732,0.0091499996415223,4324,5.4592,10.0,0.0023061333333333333
nymeria,cpu,dense,nymeria__only_body_velocity__qwen3_8b,qwen3_8b,only_body_velocity,core,core,,27444,109776,0,121393,1993664,0.2104519999193144,0.23366300001725904,0.006539999958476983,,,,
nymeria,cpu,dense,nymeria__only_body_velocity__qwen3_8b,qwen3_8b,only_body_velocity,core,core_language,,8207651840,16449136640,256,,1335682674560,2532.1091860000706,2561.775207399978,1.7384920001859427,,,,
nymeria,cpu,dense_tokens,nymeria__only_body_velocity__qwen3_8b,qwen3_8b,only_body_velocity,edge,xsens,body_velocity,21658,86632,0,91257,1336320,0.2295419999427395,0.24622799946882878,0.007980000191309955,1100,2.88,10.0,0.0005866666666666667
nymeria,cpu,dense_tokens,nymeria__only_body_velocity__qwen3_8b,qwen3_8b,only_body_velocity,core,core,,27444,109776,0,121393,486848,0.19495099968480645,0.22649689963145647,0.006339999345073011,,,,
nymeria,cpu,dense_tokens,nymeria__only_body_velocity__qwen3_8b,qwen3_8b,only_body_velocity,core,core_language,,8207651840,16449136640,256,,999223468928,2462.1520710002187,2464.5403722000083,0.9570559996063821,,,,
nymeria,cpu,raw,nymeria__only_body_velocity__qwen3_8b,qwen3_8b,only_body_velocity,edge,xsens,body_velocity,0,0,0,0,0,0.0005199999577598646,0.0008890001481631771,0.02305999987584073,205452,166.3616,10.0,0.1095744
nymeria,cpu,raw,nymeria__only_body_velocity__qwen3_8b,qwen3_8b,only_body_velocity,core,core,,46726,186904,0,201113,3214784,0.46712299990758765,0.4916038992632821,0.014790000022912864,,,,
nymeria,cpu,raw,nymeria__only_body_velocity__qwen3_8b,qwen3_8b,only_body_velocity,core,core_language,,8207651840,16449136640,256,,1335682674560,2532.1091860000706,2561.775207399978,1.757801999701769,,,,
nymeria,cpu,early_fusion,nymeria__only_body_velocity__qwen3_8b,qwen3_8b,only_body_velocity,edge,xsens,body_velocity,0,0,0,0,0,0.0004700004865298979,0.000748999991628807,0.02288999985466944,205452,166.3616,10.0,0.1095744
nymeria,cpu,early_fusion,nymeria__only_body_velocity__qwen3_8b,qwen3_8b,only_body_velocity,core,core,,34822,139288,0,152863,2454976,0.45244400007504737,0.494590100061032,0.014790000022912864,,,,
nymeria,cpu,early_fusion,nymeria__only_body_velocity__qwen3_8b,qwen3_8b,only_body_velocity,core,core_language,,8207651840,16449136640,256,,1335682674560,2532.1091860000706,2561.775207399978,1.7236319999938132,,,,
nymeria,cpu,late_fusion,nymeria__only_body_velocity__qwen3_8b,qwen3_8b,only_body_velocity,edge,xsens,body_velocity,19612,78448,0,81989,1221760,0.19724200046766782,0.2181121003559383,0.007930000720079988,88,2.0704,10.0,4.6933333333333333e-05
nymeria,cpu,late_fusion,nymeria__only_body_velocity__qwen3_8b,qwen3_8b,only_body_velocity,core,core,,0,0,0,0,0,0.023889999283710495,0.03091000035055913,0.005879999662283808,,,,
nymeria,cpu,late_fusion,nymeria__only_body_velocity__qwen3_8b,qwen3_8b,only_body_velocity,core,core_language,,8190735360,16381470720,256,,1124741163008,2531.34547100035,2544.0155395998318,0.18194199947174639,,,,
nymeria,cpu,local_only,nymeria__only_body_velocity__qwen3_8b,qwen3_8b,only_body_velocity,edge,xsens,body_velocity,19612,78448,0,81989,1221760,0.18947099943034118,0.20298990011724527,0.007589999768242706,52,2.0416,10.0,2.7733333333333334e-05
nymeria,cpu,local_only,nymeria__only_body_velocity__qwen3_8b,qwen3_8b,only_body_velocity,core,core,,0,0,0,0,0,0.028229999770701397,0.03583589996196679,0.005869999768037815,,,,
nymeria,cpu,local_only,nymeria__only_body_velocity__qwen3_8b,qwen3_8b,only_body_velocity,core,core_language,,8190735360,16381470720,256,,1124741163008,2531.34547100035,2544.0155395998318,0.18010100029641762,,,,
nymeria,cpu,bottleneck,nymeria__only_body_velocity__qwen3_8b,qwen3_8b,only_body_velocity,edge,xsens,body_velocity,19414,77656,0,81221,1229312,0.18892100069933804,0.20582300039677648,0.008119999620248564,684,2.5472,10.0,0.0003648
nymeria,cpu,bottleneck,nymeria__only_body_velocity__qwen3_8b,qwen3_8b,only_body_velocity,core,core,,27604,110416,0,122603,2001856,0.20906099962303415,0.24164190008377773,0.006100000064179767,,,,
nymeria,cpu,bottleneck,nymeria__only_body_velocity__qwen3_8b,qwen3_8b,only_body_velocity,core,core_language,,8207651840,16449136640,256,,1335682674560,2532.1091860000706,2561.775207399978,1.8365629994150368,,,,
nymeria,cpu,tokenlearner,nymeria__only_body_velocity__qwen3_8b,qwen3_8b,only_body_velocity,edge,xsens,body_velocity,20602,82408,0,86463,1319936,0.22599200019612908,0.247555100122554,0.008041000000957865,1100,2.88,10.0,0.0005866666666666667
nymeria,cpu,tokenlearner,nymeria__only_body_velocity__qwen3_8b,qwen3_8b,only_body_velocity,core,core,,27444,109776,0,121393,486848,0.19864099976985017,0.21733400017183158,0.0061800001276424155,,,,
nymeria,cpu,tokenlearner,nymeria__only_body_velocity__qwen3_8b,qwen3_8b,only_body_velocity,core,core_language,,8207651840,16449136640,256,,999223468928,2462.1520710002187,2464.5403722000083,1.0392069998488296,,,,
nymeria,cpu,posthoc_vq,nymeria__only_body_velocity__qwen3_8b,qwen3_8b,only_body_velocity,edge,xsens,body_velocity,20306,81224,0,84617,1286656,0.28262200066819787,0.29423199985103565,0.013070000022707973,192,2.1536,10.0,0.0001024
nymeria,cpu,posthoc_vq,nymeria__only_body_velocity__qwen3_8b,qwen3_8b,only_body_velocity,core,core,,28468,113872,0,125806,1993664,0.24894200032576919,0.2704961003473727,0.010439999641675968,,,,
nymeria,cpu,posthoc_vq,nymeria__only_body_velocity__qwen3_8b,qwen3_8b,only_body_velocity,core,core_language,,8207651840,16449136640,256,,1335682674560,2532.1091860000706,2561.775207399978,2.0088540004508104,,,,
nymeria,cpu,joint_vq,nymeria__only_body_velocity__qwen3_8b,qwen3_8b,only_body_velocity,edge,xsens,body_velocity,22682,90728,0,95606,1352704,0.3491019997454714,0.36140499978500884,0.012270000297576189,81,2.0648,10.0,4.32e-05
nymeria,cpu,joint_vq,nymeria__only_body_velocity__qwen3_8b,qwen3_8b,only_body_velocity,core,core,,28468,113872,0,125806,486848,0.2609719995234627,0.28660400021180976,0.009929999578162096,,,,
nymeria,cpu,joint_vq,nymeria__only_body_velocity__qwen3_8b,qwen3_8b,only_body_velocity,core,core_language,,8207651840,16449136640,256,,999223468928,2462.1520710002187,2464.5403722000083,0.949795999986236,,,,
nymeria,cpu,deepconvlstm,nymeria__only_body_velocity__qwen3_8b,qwen3_8b,only_body_velocity,edge,xsens,body_velocity,0,0,0,0,0,0.0005800002327305265,0.0008140002137224656,0.02283000048919348,205452,166.3616,10.0,0.1095744
nymeria,cpu,deepconvlstm,nymeria__only_body_velocity__qwen3_8b,qwen3_8b,only_body_velocity,core,core,,48860,195440,0,202209,3056768,0.3704629998537712,0.40270999934364227,0.014479999663308263,,,,
nymeria,cpu,deepconvlstm,nymeria__only_body_velocity__qwen3_8b,qwen3_8b,only_body_velocity,core,core_language,,8207651840,16449136640,256,,1335682674560,2532.1091860000706,2561.775207399978,1.7325010003332864,,,,
nymeria,cpu,unrestricted_bank,nymeria__only_body_velocity__qwen3_8b,qwen3_8b,only_body_velocity,edge,xsens,body_velocity,22714,90856,0,95987,1352704,0.24251099966932088,0.2716988999964087,0.012589999641932081,81,2.0648,10.0,4.32e-05
nymeria,cpu,unrestricted_bank,nymeria__only_body_velocity__qwen3_8b,qwen3_8b,only_body_velocity,core,core,,28468,113872,0,125806,486848,0.2059419994111522,0.2342640998904244,0.009700000191514846,,,,
nymeria,cpu,unrestricted_bank,nymeria__only_body_velocity__qwen3_8b,qwen3_8b,only_body_velocity,core,core_language,,8207651840,16449136640,256,,999223468928,2462.1520710002187,2464.5403722000083,0.9598269998605247,,,,
nymeria,cpu,separate_banks,nymeria__only_body_velocity__qwen3_8b,qwen3_8b,only_body_velocity,edge,xsens,body_velocity,22714,90856,0,95987,1352704,0.23779200000717537,0.2629199994771625,0.012460999641916715,81,2.0648,10.0,4.32e-05
nymeria,cpu,separate_banks,nymeria__only_body_velocity__qwen3_8b,qwen3_8b,only_body_velocity,core,core,,28468,113872,0,125806,486848,0.2334119999432005,0.2640570000039588,0.009970000064640772,,,,
nymeria,cpu,separate_banks,nymeria__only_body_velocity__qwen3_8b,qwen3_8b,only_body_velocity,core,core_language,,8207651840,16449136640,256,,999223468928,2462.1520710002187,2464.5403722000083,0.9612760004529264,,,,
nymeria,cpu,fixed_resampling,nymeria__only_body_velocity__qwen3_8b,qwen3_8b,only_body_velocity,edge,xsens,body_velocity,22714,90856,0,95987,1034752,0.15754099968035007,0.1769900002727809,0.01258000065718079,81,2.0648,10.0,4.32e-05
nymeria,cpu,fixed_resampling,nymeria__only_body_velocity__qwen3_8b,qwen3_8b,only_body_velocity,core,core,,28468,113872,0,125806,486848,0.22850100049254252,0.2526209999814455,0.009550000868330244,,,,
nymeria,cpu,fixed_resampling,nymeria__only_body_velocity__qwen3_8b,qwen3_8b,only_body_velocity,core,core_language,,8207651840,16449136640,256,,999223468928,2462.1520710002187,2464.5403722000083,1.3361189994611777,,,,
nymeria,cpu,finetune_encoders,nymeria__only_body_velocity__qwen3_8b,qwen3_8b,only_body_velocity,edge,xsens,body_velocity,22714,90856,0,95987,1352704,0.282132000393176,0.29087100047036074,0.012159999641880859,81,2.0648,10.0,4.32e-05
nymeria,cpu,finetune_encoders,nymeria__only_body_velocity__qwen3_8b,qwen3_8b,only_body_velocity,core,core,,28468,113872,0,125806,486848,0.25815199933276745,0.29475499941327143,0.009700000191514846,,,,
nymeria,cpu,finetune_encoders,nymeria__only_body_velocity__qwen3_8b,qwen3_8b,only_body_velocity,core,core_language,,8207651840,16449136640,256,,999223468928,2462.1520710002187,2464.5403722000083,1.1289880003459984,,,,
nymeria,cpu,no_alignment,nymeria__only_body_velocity__qwen3_8b,qwen3_8b,only_body_velocity,edge,xsens,body_velocity,22714,90856,0,95987,1352704,0.3087819995926111,0.3124990003925632,0.01717000031931093,81,2.0648,10.0,4.32e-05
nymeria,cpu,no_alignment,nymeria__only_body_velocity__qwen3_8b,qwen3_8b,only_body_velocity,core,core,,28468,113872,0,125806,486848,0.22808199992141454,0.25408299998161965,0.010089999705087394,,,,
nymeria,cpu,no_alignment,nymeria__only_body_velocity__qwen3_8b,qwen3_8b,only_body_velocity,core,core_language,,8207651840,16449136640,256,,999223468928,2462.1520710002187,2464.5403722000083,1.0345869995944668,,,,
nymeria,cpu,no_usage,nymeria__only_body_velocity__qwen3_8b,qwen3_8b,only_body_velocity,edge,xsens,body_velocity,22714,90856,0,95987,1352704,0.23767200036672875,0.25596900004529743,0.012321000212978106,81,2.0648,10.0,4.32e-05
nymeria,cpu,no_usage,nymeria__only_body_velocity__qwen3_8b,qwen3_8b,only_body_velocity,core,core,,28468,113872,0,125806,486848,0.22585199985769577,0.25255500067942194,0.009610000233806204,,,,
nymeria,cpu,no_usage,nymeria__only_body_velocity__qwen3_8b,qwen3_8b,only_body_velocity,core,core_language,,8207651840,16449136640,256,,999223468928,2462.1520710002187,2464.5403722000083,1.812513000004401,,,,
nymeria,cpu,tcn,nymeria__only_body_velocity__qwen3_8b,qwen3_8b,only_body_velocity,edge,xsens,body_velocity,0,0,0,0,0,0.0005199999577598646,0.0007899995580373798,0.02538999979151413,205452,166.3616,10.0,0.1095744
nymeria,cpu,tcn,nymeria__only_body_velocity__qwen3_8b,qwen3_8b,only_body_velocity,core,core,,20710,82840,0,91093,1268928,0.3887129996655858,0.46287299956020433,0.014399999599845614,,,,
nymeria,cpu,tcn,nymeria__only_body_velocity__qwen3_8b,qwen3_8b,only_body_velocity,core,core_language,,8207651840,16449136640,256,,1335682674560,2532.1091860000706,2561.775207399978,1.7399320004187757,,,,
nymeria,cpu,ts_transformer,nymeria__only_body_velocity__qwen3_8b,qwen3_8b,only_body_velocity,edge,xsens,body_velocity,0,0,0,0,0,0.0006000000212225132,0.0008249992788478266,0.02367999968555523,205452,166.3616,10.0,0.1095744
nymeria,cpu,ts_transformer,nymeria__only_body_velocity__qwen3_8b,qwen3_8b,only_body_velocity,core,core,,33574,134296,0,146033,2317504,0.40973300019686576,0.4426820004482579,0.0148110002555768,,,,
nymeria,cpu,ts_transformer,nymeria__only_body_velocity__qwen3_8b,qwen3_8b,only_body_velocity,core,core_language,,8207651840,16449136640,256,,1335682674560,2532.1091860000706,2561.775207399978,1.752011999997194,,,,
nymeria,cpu,patchtst,nymeria__only_body_velocity__qwen3_8b,qwen3_8b,only_body_velocity,edge,xsens,body_velocity,0,0,0,0,0,0.0005800002327305265,0.0007510000614274759,0.02347999998164596,205452,166.3616,10.0,0.1095744
nymeria,cpu,patchtst,nymeria__only_body_velocity__qwen3_8b,qwen3_8b,only_body_velocity,core,core,,31590,126360,0,138097,25176384,0.6348339993564878,0.6682248994366091,0.014349999219120946,,,,
nymeria,cpu,patchtst,nymeria__only_body_velocity__qwen3_8b,qwen3_8b,only_body_velocity,core,core_language,,8207651840,16449136640,256,,985219080960,2466.0282720001305,2468.811674100243,1.0410869999759598,,,,
nymeria,cpu,distrixsense,nymeria__only_eye_images__qwen3_8b,qwen3_8b,only_eye_images,edge,head,head_eye_images,21224,84896,0,89907,1257984,0.2243509998152149,0.23858990025473759,0.012550000064948108,82,2.0656,10.0,4.373333333333333e-05
nymeria,cpu,distrixsense,nymeria__only_eye_images__qwen3_8b,qwen3_8b,only_eye_images,edge,observer,observer_eye_images,21224,84896,0,89907,1257984,0.21224200008873595,0.22763199940527556,0.012530000276456121,82,2.0656,10.0,4.373333333333333e-05
nymeria,cpu,distrixsense,nymeria__only_eye_images__qwen3_8b,qwen3_8b,only_eye_images,core,core,,29556,118224,0,130158,956416,0.2661320004335721,0.3011780006090703,0.01709099979052553,,,,
nymeria,cpu,distrixsense,nymeria__only_eye_images__qwen3_8b,qwen3_8b,only_eye_images,core,core_language,,8207651840,16449136640,256,,1139264596096,2491.7344820000835,2492.2339054997337,1.2100779995307676,,,,
nymeria,cpu,dense,nymeria__only_eye_images__qwen3_8b,qwen3_8b,only_eye_images,edge,head,head_eye_images,17792,71168,0,74189,1126400,0.17048200061253738,0.19209010006306926,0.009170000339508988,4324,5.4592,10.0,0.0023061333333333333
nymeria,cpu,dense,nymeria__only_eye_images__qwen3_8b,qwen3_8b,only_eye_images,edge,observer,observer_eye_images,17792,71168,0,74189,1126400,0.15013099982752465,0.1616330001525057,0.010200000360782724,4324,5.4592,10.0,0.0023061333333333333
nymeria,cpu,dense,nymeria__only_eye_images__qwen3_8b,qwen3_8b,only_eye_images,core,core,,27508,110032,0,121649,4461568,0.26132099992537405,0.2841278997948393,0.011840000297524966,,,,
nymeria,cpu,dense,nymeria__only_eye_images__qwen3_8b,qwen3_8b,only_eye_images,core,core_language,,8207651840,16449136640,256,,1813428715648,2646.493525999631,2647.8795583998817,2.7877390002686298,,,,
nymeria,cpu,dense_tokens,nymeria__only_eye_images__qwen3_8b,qwen3_8b,only_eye_images,edge,head,head_eye_images,20168,80672,0,85177,1241600,0.2259009997942485,0.23096889981388813,0.008199999683711212,1100,2.88,10.0,0.0005866666666666667
nymeria,cpu,dense_tokens,nymeria__only_eye_images__qwen3_8b,qwen3_8b,only_eye_images,edge,observer,observer_eye_images,20168,80672,0,85177,1241600,0.21862199992028764,0.22231109978747554,0.008089999937510584,1100,2.88,10.0,0.0005866666666666667
nymeria,cpu,dense_tokens,nymeria__only_eye_images__qwen3_8b,qwen3_8b,only_eye_images,core,core,,27508,110032,0,121649,956416,0.22863200047140708,0.25245499982702313,0.011350000022503082,,,,
nymeria,cpu,dense_tokens,nymeria__only_eye_images__qwen3_8b,qwen3_8b,only_eye_images,core,core_language,,8207651840,16449136640,256,,1139264596096,2491.7344820000835,2492.2339054997337,1.3448790004986222,,,,
nymeria,cpu,raw,nymeria__only_eye_images__qwen3_8b,qwen3_8b,only_eye_images,edge,head,head_eye_images,0,0,0,0,0,0.00048000038077589124,0.0007769996955175884,0.009080000381800346,7984,8.3872,10.0,0.004258133333333333
nymeria,cpu,raw,nymeria__only_eye_images__qwen3_8b,qwen3_8b,only_eye_images,edge,observer,observer_eye_images,0,0,0,0,0,0.0004599996827892028,0.0005859999873791821,0.00869999985297909,7984,8.3872,10.0,0.004258133333333333
nymeria,cpu,raw,nymeria__only_eye_images__qwen3_8b,qwen3_8b,only_eye_images,core,core,,63092,252368,0,268993,6714368,0.6397139995897305,0.6704678997266456,0.012090000382158905,,,,
nymeria,cpu,raw,nymeria__only_eye_images__qwen3_8b,qwen3_8b,only_eye_images,core,core_language,,8207651840,16449136640,256,,1813428715648,2646.493525999631,2647.8795583998817,2.752807999968354,,,,
nymeria,cpu,early_fusion,nymeria__only_eye_images__qwen3_8b,qwen3_8b,only_eye_images,edge,head,head_eye_images,0,0,0,0,0,0.0005399997462518513,0.000756000736146234,0.009140000656771008,7984,8.3872,10.0,0.004258133333333333
nymeria,cpu,early_fusion,nymeria__only_eye_images__qwen3_8b,qwen3_8b,only_eye_images,edge,observer,observer_eye_images,0,0,0,0,0,0.0004900002750218846,0.000661000103718834,0.008820000402920414,7984,8.3872,10.0,0.004258133333333333
nymeria,cpu,early_fusion,nymeria__only_eye_images__qwen3_8b,qwen3_8b,only_eye_images,core,core,,40532,162128,0,176851,2808832,0.5709439992642729,0.5952079996859538,0.012520000382210128,,,,
nymeria,cpu,early_fusion,nymeria__only_eye_images__qwen3_8b,qwen3_8b,only_eye_images,core,core_language,,8207651840,16449136640,256,,1363683979392,2552.962512999784,2565.6075147999672,1.7999629999394529,,,,
nymeria,cpu,late_fusion,nymeria__only_eye_images__qwen3_8b,qwen3_8b,only_eye_images,edge,head,head_eye_images,18122,72488,0,75909,1127040,0.17187100002047373,0.19284100008007954,0.007760000698908698,88,2.0704,10.0,4.6933333333333333e-05
nymeria,cpu,late_fusion,nymeria__only_eye_images__qwen3_8b,qwen3_8b,only_eye_images,edge,observer,observer_eye_images,18122,72488,0,75909,1127040,0.16916100048547378,0.18764700062092743,0.0079100000220933,88,2.0704,10.0,4.6933333333333333e-05
nymeria,cpu,late_fusion,nymeria__only_eye_images__qwen3_8b,qwen3_8b,only_eye_images,core,core,,0,0,0,0,0,0.030450999474851415,0.036399100008566165,0.011219999578315765,,,,
nymeria,cpu,late_fusion,nymeria__only_eye_images__qwen3_8b,qwen3_8b,only_eye_images,core,core_language,,8190735360,16381470720,256,,1152707078400,2535.1087139997617,2558.728436399815,0.1827609994506929,,,,
nymeria,cpu,local_only,nymeria__only_eye_images__qwen3_8b,qwen3_8b,only_eye_images,edge,head,head_eye_images,18122,72488,0,75909,1127040,0.18776100023387698,0.23083590021997225,0.007659999937459361,52,2.0416,10.0,2.7733333333333334e-05
nymeria,cpu,local_only,nymeria__only_eye_images__qwen3_8b,qwen3_8b,only_eye_images,edge,observer,observer_eye_images,18122,72488,0,75909,1127040,0.16521199995622737,0.1820140994823305,0.007710000318184029,52,2.0416,10.0,2.7733333333333334e-05
nymeria,cpu,local_only,nymeria__only_eye_images__qwen3_8b,qwen3_8b,only_eye_images,core,core,,0,0,0,0,0,0.03735999962373171,0.04456900032892008,0.0110099999801605,,,,
nymeria,cpu,local_only,nymeria__only_eye_images__qwen3_8b,qwen3_8b,only_eye_images,core,core_language,,8190735360,16381470720,256,,1152707078400,2535.1087139997617,2558.728436399815,0.1852509994932916,,,,
nymeria,cpu,bottleneck,nymeria__only_eye_images__qwen3_8b,qwen3_8b,only_eye_images,edge,head,head_eye_images,17924,71696,0,75141,1134592,0.16903100004128646,0.18493399966246216,0.00858999919728376,684,2.5472,10.0,0.0003648
nymeria,cpu,bottleneck,nymeria__only_eye_images__qwen3_8b,qwen3_8b,only_eye_images,edge,observer,observer_eye_images,17924,71696,0,75141,1134592,0.16565100031584734,0.17902499967021868,0.008700000762473792,684,2.5472,10.0,0.0003648
nymeria,cpu,bottleneck,nymeria__only_eye_images__qwen3_8b,qwen3_8b,only_eye_images,core,core,,27828,111312,0,124133,4477952,0.2791220003928174,0.2881669996895653,0.011410000297473744,,,,
nymeria,cpu,bottleneck,nymeria__only_eye_images__qwen3_8b,qwen3_8b,only_eye_images,core,core_language,,8207651840,16449136640,256,,1813428715648,2646.493525999631,2647.8795583998817,2.768569000181742,,,,
nymeria,cpu,tokenlearner,nymeria__only_eye_images__qwen3_8b,qwen3_8b,only_eye_images,edge,head,head_eye_images,19112,76448,0,80383,1225216,0.2062719995592488,0.22631410001849872,0.008099999831756577,1100,2.88,10.0,0.0005866666666666667
nymeria,cpu,tokenlearner,nymeria__only_eye_images__qwen3_8b,qwen3_8b,only_eye_images,edge,observer,observer_eye_images,19112,76448,0,80383,1225216,0.20593199951690622,0.2144000995940587,0.00813999940874055,1100,2.88,10.0,0.0005866666666666667
nymeria,cpu,tokenlearner,nymeria__only_eye_images__qwen3_8b,qwen3_8b,only_eye_images,core,core,,27508,110032,0,121649,956416,0.22221099970920477,0.2498778997505724,0.011100000847363845,,,,
nymeria,cpu,tokenlearner,nymeria__only_eye_images__qwen3_8b,qwen3_8b,only_eye_images,core,core_language,,8207651840,16449136640,256,,1139264596096,2491.7344820000835,2492.2339054997337,1.2146979997851304,,,,
nymeria,cpu,posthoc_vq,nymeria__only_eye_images__qwen3_8b,qwen3_8b,only_eye_images,edge,head,head_eye_images,19840,79360,0,82633,1191936,0.26871200043387944,0.2773699997305812,0.013500000022759195,196,2.1568,10.0,0.00010453333333333333
nymeria,cpu,posthoc_vq,nymeria__only_eye_images__qwen3_8b,qwen3_8b,only_eye_images,edge,observer,observer_eye_images,19840,79360,0,82633,1191936,0.2476720001141075,0.26257599965902045,0.012909999895782676,196,2.1568,10.0,0.00010453333333333333
nymeria,cpu,posthoc_vq,nymeria__only_eye_images__qwen3_8b,qwen3_8b,only_eye_images,core,core,,29556,118224,0,130158,4461568,0.3070519996981602,0.34554589983599726,0.018280000404047314,,,,
nymeria,cpu,posthoc_vq,nymeria__only_eye_images__qwen3_8b,qwen3_8b,only_eye_images,core,core_language,,8207651840,16449136640,256,,1813428715648,2646.493525999631,2647.8795583998817,2.798049000375613,,,,
nymeria,cpu,joint_vq,nymeria__only_eye_images__qwen3_8b,qwen3_8b,only_eye_images,edge,head,head_eye_images,22216,88864,0,93622,1257984,0.30357200012076646,0.3173959996274789,0.012759999663103372,82,2.0656,10.0,4.373333333333333e-05
nymeria,cpu,joint_vq,nymeria__only_eye_images__qwen3_8b,qwen3_8b,only_eye_images,edge,observer,observer_eye_images,22216,88864,0,93622,1257984,0.28763200043613324,0.3045880003810453,0.012530000276456121,82,2.0656,10.0,4.373333333333333e-05
nymeria,cpu,joint_vq,nymeria__only_eye_images__qwen3_8b,qwen3_8b,only_eye_images,core,core,,29556,118224,0,130158,956416,0.2667919998202706,0.2938640000138548,0.017270000171265565,,,,
nymeria,cpu,joint_vq,nymeria__only_eye_images__qwen3_8b,qwen3_8b,only_eye_images,core,core_language,,8207651840,16449136640,256,,1139264596096,2491.7344820000835,2492.2339054997337,1.2313790002735914,,,,
nymeria,cpu,deepconvlstm,nymeria__only_eye_images__qwen3_8b,qwen3_8b,only_eye_images,edge,head,head_eye_images,0,0,0,0,0,0.0004599996827892028,0.0008289998731925152,0.009329999556939583,7984,8.3872,10.0,0.004258133333333333
nymeria,cpu,deepconvlstm,nymeria__only_eye_images__qwen3_8b,qwen3_8b,only_eye_images,edge,observer,observer_eye_images,0,0,0,0,0,0.00048000038077589124,0.0005789993338112254,0.008719999641471077,7984,8.3872,10.0,0.004258133333333333
nymeria,cpu,deepconvlstm,nymeria__only_eye_images__qwen3_8b,qwen3_8b,only_eye_images,core,core,,62026,248104,0,255893,3891840,0.45861299986427184,0.48294899952452397,0.012149999747634865,,,,
nymeria,cpu,deepconvlstm,nymeria__only_eye_images__qwen3_8b,qwen3_8b,only_eye_images,core,core_language,,8207651840,16449136640,256,,1363683979392,2552.962512999784,2565.6075147999672,1.7359319999741274,,,,
nymeria,cpu,unrestricted_bank,nymeria__only_eye_images__qwen3_8b,qwen3_8b,only_eye_images,edge,head,head_eye_images,22280,89120,0,94131,1274368,0.22074099979363382,0.23557389968118514,0.012399999832268804,82,2.0656,10.0,4.373333333333333e-05
nymeria,cpu,unrestricted_bank,nymeria__only_eye_images__qwen3_8b,qwen3_8b,only_eye_images,edge,observer,observer_eye_images,22280,89120,0,94131,1274368,0.21700199977203738,0.24166200009858585,0.012259999493835494,82,2.0656,10.0,4.373333333333333e-05
nymeria,cpu,unrestricted_bank,nymeria__only_eye_images__qwen3_8b,qwen3_8b,only_eye_images,core,core,,29556,118224,0,130158,956416,0.23925200002850033,0.2608070004498586,0.017041000319295563,,,,
nymeria,cpu,unrestricted_bank,nymeria__only_eye_images__qwen3_8b,qwen3_8b,only_eye_images,core,core_language,,8207651840,16449136640,256,,1139264596096,2491.7344820000835,2492.2339054997337,1.293698999688786,,,,
nymeria,cpu,separate_banks,nymeria__only_eye_images__qwen3_8b,qwen3_8b,only_eye_images,edge,head,head_eye_images,21224,84896,0,89907,1257984,0.21516099968721392,0.23544790001324145,0.012339999557298142,82,2.0656,10.0,4.373333333333333e-05
nymeria,cpu,separate_banks,nymeria__only_eye_images__qwen3_8b,qwen3_8b,only_eye_images,edge,observer,observer_eye_images,21224,84896,0,89907,1257984,0.22305100083030993,0.2262288995552808,0.012540000170702115,82,2.0656,10.0,4.373333333333333e-05
nymeria,cpu,separate_banks,nymeria__only_eye_images__qwen3_8b,qwen3_8b,only_eye_images,core,core,,29556,118224,0,130411,956416,0.2800920001391205,0.3025919995707227,0.0174510005308548,,,,
nymeria,cpu,separate_banks,nymeria__only_eye_images__qwen3_8b,qwen3_8b,only_eye_images,core,core_language,,8207651840,16449136640,256,,1139264596096,2491.7344820000835,2492.2339054997337,1.2098679999326123,,,,
nymeria,cpu,fixed_resampling,nymeria__only_eye_images__qwen3_8b,qwen3_8b,only_eye_images,edge,head,head_eye_images,21224,84896,0,89907,983552,0.14083099995332304,0.15748999976494815,0.012070000593666919,82,2.0656,10.0,4.373333333333333e-05
nymeria,cpu,fixed_resampling,nymeria__only_eye_images__qwen3_8b,qwen3_8b,only_eye_images,edge,observer,observer_eye_images,21224,84896,0,89907,983552,0.13684100031241542,0.1504850000856095,0.0122499995995895,82,2.0656,10.0,4.373333333333333e-05
nymeria,cpu,fixed_resampling,nymeria__only_eye_images__qwen3_8b,qwen3_8b,only_eye_images,core,core,,29556,118224,0,130158,956416,0.26511200030654436,0.2903840007093095,0.017489999663666822,,,,
nymeria,cpu,fixed_resampling,nymeria__only_eye_images__qwen3_8b,qwen3_8b,only_eye_images,core,core_language,,8207651840,16449136640,256,,1139264596096,2491.7344820000835,2492.2339054997337,1.226387999849976,,,,
nymeria,cpu,finetune_encoders,nymeria__only_eye_images__qwen3_8b,qwen3_8b,only_eye_images,edge,head,head_eye_images,21224,84896,0,89907,1257984,0.218760999814549,0.23534889996881247,0.01247000000148546,82,2.0656,10.0,4.373333333333333e-05
nymeria,cpu,finetune_encoders,nymeria__only_eye_images__qwen3_8b,qwen3_8b,only_eye_images,edge,observer,observer_eye_images,21224,84896,0,89907,1257984,0.21247099994070595,0.23869789965829113,0.012270000297576189,82,2.0656,10.0,4.373333333333333e-05
nymeria,cpu,finetune_encoders,nymeria__only_eye_images__qwen3_8b,qwen3_8b,only_eye_images,core,core,,29556,118224,0,130158,956416,0.2799519998006872,0.29331700006878236,0.01728999995975755,,,,
nymeria,cpu,finetune_encoders,nymeria__only_eye_images__qwen3_8b,qwen3_8b,only_eye_images,core,core_language,,8207651840,16449136640,256,,1139264596096,2491.7344820000835,2492.2339054997337,1.2218789997859858,,,,
nymeria,cpu,no_alignment,nymeria__only_eye_images__qwen3_8b,qwen3_8b,only_eye_images,edge,head,head_eye_images,21224,84896,0,89907,1257984,0.22771199928683927,0.23841300071580918,0.012999999853491317,82,2.0656,10.0,4.373333333333333e-05
nymeria,cpu,no_alignment,nymeria__only_eye_images__qwen3_8b,qwen3_8b,only_eye_images,edge,observer,observer_eye_images,21224,84896,0,89907,1257984,0.21404099970823154,0.23084490003384417,0.013040999874647241,82,2.0656,10.0,4.373333333333333e-05
nymeria,cpu,no_alignment,nymeria__only_eye_images__qwen3_8b,qwen3_8b,only_eye_images,core,core,,29556,118224,0,130158,956416,0.26882200018008007,0.29446210037349374,0.017160000425064936,,,,
nymeria,cpu,no_alignment,nymeria__only_eye_images__qwen3_8b,qwen3_8b,only_eye_images,core,core_language,,8207651840,16449136640,256,,1139264596096,2491.7344820000835,2492.2339054997337,1.2209490005261614,,,,
nymeria,cpu,no_usage,nymeria__only_eye_images__qwen3_8b,qwen3_8b,only_eye_images,edge,head,head_eye_images,21224,84896,0,89907,1257984,0.22364100004779175,0.243432899878826,0.012760000572598074,82,2.0656,10.0,4.373333333333333e-05
nymeria,cpu,no_usage,nymeria__only_eye_images__qwen3_8b,qwen3_8b,only_eye_images,edge,observer,observer_eye_images,21224,84896,0,89907,1257984,0.2172619997509173,0.23560310019092867,0.012710000191873405,82,2.0656,10.0,4.373333333333333e-05
nymeria,cpu,no_usage,nymeria__only_eye_images__qwen3_8b,qwen3_8b,only_eye_images,core,core,,29556,118224,0,130158,956416,0.2815020006892155,0.2987639998536906,0.017440000192436855,,,,
nymeria,cpu,no_usage,nymeria__only_eye_images__qwen3_8b,qwen3_8b,only_eye_images,core,core_language,,8207651840,16449136640,256,,1139264596096,2491.7344820000835,2492.2339054997337,1.2125279999963823,,,,
nymeria,cpu,tcn,nymeria__only_eye_images__qwen3_8b,qwen3_8b,only_eye_images,edge,head,head_eye_images,0,0,0,0,0,0.0005199999577598646,0.0008980000529845711,0.009089999366551638,7984,8.3872,10.0,0.004258133333333333
nymeria,cpu,tcn,nymeria__only_eye_images__qwen3_8b,qwen3_8b,only_eye_images,edge,observer,observer_eye_images,0,0,0,0,0,0.00047999947128118947,0.0006059997758711688,0.008560000424040481,7984,8.3872,10.0,0.004258133333333333
nymeria,cpu,tcn,nymeria__only_eye_images__qwen3_8b,qwen3_8b,only_eye_images,core,core,,26388,105552,0,114825,1622784,0.4910540001219488,0.5305180998220749,0.012040000001434237,,,,
nymeria,cpu,tcn,nymeria__only_eye_images__qwen3_8b,qwen3_8b,only_eye_images,core,core_language,,8207651840,16449136640,256,,1363683979392,2552.962512999784,2565.6075147999672,1.7333810001218808,,,,
nymeria,cpu,ts_transformer,nymeria__only_eye_images__qwen3_8b,qwen3_8b,only_eye_images,edge,head,head_eye_images,0,0,0,0,0,0.0005900001269765198,0.0007789997653162573,0.009070000487554353,7984,8.3872,10.0,0.004258133333333333
nymeria,cpu,ts_transformer,nymeria__only_eye_images__qwen3_8b,qwen3_8b,only_eye_images,edge,observer,observer_eye_images,0,0,0,0,0,0.0004700004865298979,0.0006769999345124234,0.00869999985297909,7984,8.3872,10.0,0.004258133333333333
nymeria,cpu,ts_transformer,nymeria__only_eye_images__qwen3_8b,qwen3_8b,only_eye_images,core,core,,39252,157008,0,169893,2671360,0.5118929993841448,0.5316669002240815,0.01247000000148546,,,,
nymeria,cpu,ts_transformer,nymeria__only_eye_images__qwen3_8b,qwen3_8b,only_eye_images,core,core_language,,8207651840,16449136640,256,,1363683979392,2552.962512999784,2565.6075147999672,1.7224720004378469,,,,
nymeria,cpu,patchtst,nymeria__only_eye_images__qwen3_8b,qwen3_8b,only_eye_images,edge,head,head_eye_images,0,0,0,0,0,0.0004699995770351961,0.0007310000910365488,0.009049999789567664,7984,8.3872,10.0,0.004258133333333333
nymeria,cpu,patchtst,nymeria__only_eye_images__qwen3_8b,qwen3_8b,only_eye_images,edge,observer,observer_eye_images,0,0,0,0,0,0.0004599996827892028,0.0005949998922005761,0.008719999641471077,7984,8.3872,10.0,0.004258133333333333
nymeria,cpu,patchtst,nymeria__only_eye_images__qwen3_8b,qwen3_8b,only_eye_images,core,core,,35348,141392,0,154277,46658688,0.8335450002050493,0.858394899751147,0.012409999726514798,,,,
nymeria,cpu,patchtst,nymeria__only_eye_images__qwen3_8b,qwen3_8b,only_eye_images,core,core_language,,8207651840,16449136640,256,,1013161403392,2533.5387370000717,2534.3893035999827,1.0040970000773086,,,,
nymeria,cpu,distrixsense,nymeria__only_foot_contacts__qwen3_8b,qwen3_8b,only_foot_contacts,edge,xsens,foot_contacts,7244,28976,0,34099,370944,0.23170100030256435,0.2486938994479715,0.012460000107239466,81,2.0648,10.0,4.32e-05
nymeria,cpu,distrixsense,nymeria__only_foot_contacts__qwen3_8b,qwen3_8b,only_foot_contacts,core,core,,28468,113872,0,125806,486848,0.23290200078918133,0.2706300004319928,0.009790000149223488,,,,
nymeria,cpu,distrixsense,nymeria__only_foot_contacts__qwen3_8b,qwen3_8b,only_foot_contacts,core,core_language,,8207651840,16449136640,256,,999223468928,2462.1520710002187,2464.5403722000083,0.9683560001576552,,,,
nymeria,cpu,dense,nymeria__only_foot_contacts__qwen3_8b,qwen3_8b,only_foot_contacts,edge,xsens,foot_contacts,3812,15248,0,18381,239360,0.17401100012648385,0.19706089988176245,0.009549999958835542,4324,5.4592,10.0,0.0023061333333333333
nymeria,cpu,dense,nymeria__only_foot_contacts__qwen3_8b,qwen3_8b,only_foot_contacts,core,core,,27444,109776,0,121393,1993664,0.21345099958125502,0.24148689981302596,0.0064599998950143345,,,,
nymeria,cpu,dense,nymeria__only_foot_contacts__qwen3_8b,qwen3_8b,only_foot_contacts,core,core_language,,8207651840,16449136640,256,,1335682674560,2532.1091860000706,2561.775207399978,1.7494220001026406,,,,
nymeria,cpu,dense_tokens,nymeria__only_foot_contacts__qwen3_8b,qwen3_8b,only_foot_contacts,edge,xsens,foot_contacts,6188,24752,0,29369,354560,0.22107200038590236,0.25042909974217764,0.00825000006443588,1100,2.88,10.0,0.0005866666666666667
nymeria,cpu,dense_tokens,nymeria__only_foot_contacts__qwen3_8b,qwen3_8b,only_foot_contacts,core,core,,27444,109776,0,121393,486848,0.19622200034064008,0.22214200043890742,0.006510000275739003,,,,
nymeria,cpu,dense_tokens,nymeria__only_foot_contacts__qwen3_8b,qwen3_8b,only_foot_contacts,core,core_language,,8207651840,16449136640,256,,999223468928,2462.1520710002187,2464.5403722000083,0.9670570007074275,,,,
nymeria,cpu,raw,nymeria__only_foot_contacts__qwen3_8b,qwen3_8b,only_foot_contacts,edge,xsens,foot_contacts,0,0,0,0,0,0.0005100000635138713,0.000816000101622194,0.014929999451851472,14696,13.7568,10.0,0.007837866666666667
nymeria,cpu,raw,nymeria__only_foot_contacts__qwen3_8b,qwen3_8b,only_foot_contacts,core,core,,31256,125024,0,139225,2233024,0.46153299990692176,0.49360900038664113,0.0071499998739454895,,,,
nymeria,cpu,raw,nymeria__only_foot_contacts__qwen3_8b,qwen3_8b,only_foot_contacts,core,core_language,,8207651840,16449136640,256,,1335682674560,2532.1091860000706,2561.775207399978,1.7223020004166756,,,,
nymeria,cpu,early_fusion,nymeria__only_foot_contacts__qwen3_8b,qwen3_8b,only_foot_contacts,edge,xsens,foot_contacts,0,0,0,0,0,0.0005100000635138713,0.0006899997970322147,0.014850000297883525,14696,13.7568,10.0,0.007837866666666667
nymeria,cpu,early_fusion,nymeria__only_foot_contacts__qwen3_8b,qwen3_8b,only_foot_contacts,core,core,,27672,110688,0,124255,2005696,0.48431300001539057,0.5160478996003803,0.0068999997893115506,,,,
nymeria,cpu,early_fusion,nymeria__only_foot_contacts__qwen3_8b,qwen3_8b,only_foot_contacts,core,core_language,,8207651840,16449136640,256,,1335682674560,2532.1091860000706,2561.775207399978,1.7341519996989518,,,,
nymeria,cpu,late_fusion,nymeria__only_foot_contacts__qwen3_8b,qwen3_8b,only_foot_contacts,edge,xsens,foot_contacts,4142,16568,0,20101,240000,0.21472200023708865,0.22275809997154283,0.008079999133769888,88,2.0704,10.0,4.6933333333333333e-05
nymeria,cpu,late_fusion,nymeria__only_foot_contacts__qwen3_8b,qwen3_8b,only_foot_contacts,core,core,,0,0,0,0,0,0.024250000024039764,0.03147790012008045,0.006069999471947085,,,,
nymeria,cpu,late_fusion,nymeria__only_foot_contacts__qwen3_8b,qwen3_8b,only_foot_contacts,core,core_language,,8190735360,16381470720,256,,1124741163008,2531.34547100035,2544.0155395998318,0.19196099947293987,,,,
nymeria,cpu,local_only,nymeria__only_foot_contacts__qwen3_8b,qwen3_8b,only_foot_contacts,edge,xsens,foot_contacts,4142,16568,0,20101,240000,0.18533099955675425,0.19423289995756932,0.00785000065661734,52,2.0416,10.0,2.7733333333333334e-05
nymeria,cpu,local_only,nymeria__only_foot_contacts__qwen3_8b,qwen3_8b,only_foot_contacts,core,core,,0,0,0,0,0,0.02773100004560547,0.034786100331984926,0.005970000529487152,,,,
nymeria,cpu,local_only,nymeria__only_foot_contacts__qwen3_8b,qwen3_8b,only_foot_contacts,core,core_language,,8190735360,16381470720,256,,1124741163008,2531.34547100035,2544.0155395998318,0.17932100035977783,,,,
nymeria,cpu,bottleneck,nymeria__only_foot_contacts__qwen3_8b,qwen3_8b,only_foot_contacts,edge,xsens,foot_contacts,3944,15776,0,19333,247552,0.17980100074055372,0.19628000000011525,0.009160000445262995,684,2.5472,10.0,0.0003648
nymeria,cpu,bottleneck,nymeria__only_foot_contacts__qwen3_8b,qwen3_8b,only_foot_contacts,core,core,,27604,110416,0,122603,2001856,0.2136309994966723,0.23551090016553644,0.006300000677583739,,,,
nymeria,cpu,bottleneck,nymeria__only_foot_contacts__qwen3_8b,qwen3_8b,only_foot_contacts,core,core_language,,8207651840,16449136640,256,,1335682674560,2532.1091860000706,2561.775207399978,1.750311999785481,,,,
nymeria,cpu,tokenlearner,nymeria__only_foot_contacts__qwen3_8b,qwen3_8b,only_foot_contacts,edge,xsens,foot_contacts,5132,20528,0,24575,338176,0.22879199968883768,0.2408070003184548,0.008850000085658394,1100,2.88,10.0,0.0005866666666666667
nymeria,cpu,tokenlearner,nymeria__only_foot_contacts__qwen3_8b,qwen3_8b,only_foot_contacts,core,core,,27444,109776,0,121393,486848,0.1958719994945568,0.22309610012598569,0.006379999831551686,,,,
nymeria,cpu,tokenlearner,nymeria__only_foot_contacts__qwen3_8b,qwen3_8b,only_foot_contacts,core,core_language,,8207651840,16449136640,256,,999223468928,2462.1520710002187,2464.5403722000083,1.005496999823663,,,,
nymeria,cpu,posthoc_vq,nymeria__only_foot_contacts__qwen3_8b,qwen3_8b,only_foot_contacts,edge,xsens,foot_contacts,4836,19344,0,22729,304896,0.2712320001592161,0.298061000466987,0.013220000255387276,192,2.1536,10.0,0.0001024
nymeria,cpu,posthoc_vq,nymeria__only_foot_contacts__qwen3_8b,qwen3_8b,only_foot_contacts,core,core,,28468,113872,0,125806,1993664,0.2534519999244367,0.27197309927942115,0.010270000529999379,,,,
nymeria,cpu,posthoc_vq,nymeria__only_foot_contacts__qwen3_8b,qwen3_8b,only_foot_contacts,core,core_language,,8207651840,16449136640,256,,1335682674560,2532.1091860000706,2561.775207399978,1.7450120003559277,,,,
nymeria,cpu,joint_vq,nymeria__only_foot_contacts__qwen3_8b,qwen3_8b,only_foot_contacts,edge,xsens,foot_contacts,7212,28848,0,33718,370944,0.3175230003762408,0.3263871003582608,0.01261000033991877,81,2.0648,10.0,4.32e-05
nymeria,cpu,joint_vq,nymeria__only_foot_contacts__qwen3_8b,qwen3_8b,only_foot_contacts,core,core,,28468,113872,0,125806,486848,0.23627199971087975,0.25427200007470674,0.009970000064640772,,,,
nymeria,cpu,joint_vq,nymeria__only_foot_contacts__qwen3_8b,qwen3_8b,only_foot_contacts,core,core_language,,8207651840,16449136640,256,,999223468928,2462.1520710002187,2464.5403722000083,0.9692369994809269,,,,
nymeria,cpu,deepconvlstm,nymeria__only_foot_contacts__qwen3_8b,qwen3_8b,only_foot_contacts,edge,xsens,foot_contacts,0,0,0,0,0,0.0004999992597731762,0.0008329998308909126,0.014790000022912864,14696,13.7568,10.0,0.007837866666666667
nymeria,cpu,deepconvlstm,nymeria__only_foot_contacts__qwen3_8b,qwen3_8b,only_foot_contacts,core,core,,33390,133560,0,140321,2075008,0.3810520001934492,0.4110678999495576,0.006821000170020852,,,,
nymeria,cpu,deepconvlstm,nymeria__only_foot_contacts__qwen3_8b,qwen3_8b,only_foot_contacts,core,core_language,,8207651840,16449136640,256,,1335682674560,2532.1091860000706,2561.775207399978,1.7385820001436514,,,,
nymeria,cpu,unrestricted_bank,nymeria__only_foot_contacts__qwen3_8b,qwen3_8b,only_foot_contacts,edge,xsens,foot_contacts,7244,28976,0,34099,370944,0.2343220003240276,0.2645619997565518,0.012819999938074034,81,2.0648,10.0,4.32e-05
nymeria,cpu,unrestricted_bank,nymeria__only_foot_contacts__qwen3_8b,qwen3_8b,only_foot_contacts,core,core,,28468,113872,0,125806,486848,0.20959199991921196,0.22829309982626,0.010099999599333387,,,,
nymeria,cpu,unrestricted_bank,nymeria__only_foot_contacts__qwen3_8b,qwen3_8b,only_foot_contacts,core,core_language,,8207651840,16449136640,256,,999223468928,2462.1520710002187,2464.5403722000083,0.9712060000310885,,,,
nymeria,cpu,separate_banks,nymeria__only_foot_contacts__qwen3_8b,qwen3_8b,only_foot_contacts,edge,xsens,foot_contacts,7244,28976,0,34099,370944,0.23745099952066084,0.25863790015137056,0.012560000868688803,81,2.0648,10.0,4.32e-05
nymeria,cpu,separate_banks,nymeria__only_foot_contacts__qwen3_8b,qwen3_8b,only_foot_contacts,core,core,,28468,113872,0,125806,486848,0.23798199981683865,0.2556301002186956,0.009759999556990806,,,,
nymeria,cpu,separate_banks,nymeria__only_foot_contacts__qwen3_8b,qwen3_8b,only_foot_contacts,core,core_language,,8207651840,16449136640,256,,999223468928,2462.1520710002187,2464.5403722000083,0.9687259998827358,,,,
nymeria,cpu,fixed_resampling,nymeria__only_foot_contacts__qwen3_8b,qwen3_8b,only_foot_contacts,edge,xsens,foot_contacts,7244,28976,0,34099,369152,0.15519099997618468,0.1720849001685565,0.012720000086119398,81,2.0648,10.0,4.32e-05
nymeria,cpu,fixed_resampling,nymeria__only_foot_contacts__qwen3_8b,qwen3_8b,only_foot_contacts,core,core,,28468,113872,0,125806,486848,0.23300199973164126,0.254205999772239,0.00971000008576084,,,,
nymeria,cpu,fixed_resampling,nymeria__only_foot_contacts__qwen3_8b,qwen3_8b,only_foot_contacts,core,core_language,,8207651840,16449136640,256,,999223468928,2462.1520710002187,2464.5403722000083,0.9808960003283573,,,,
nymeria,cpu,finetune_encoders,nymeria__only_foot_contacts__qwen3_8b,qwen3_8b,only_foot_contacts,edge,xsens,foot_contacts,7244,28976,0,34099,370944,0.23586200040881522,0.250279100600892,0.01264000002265675,81,2.0648,10.0,4.32e-05
nymeria,cpu,finetune_encoders,nymeria__only_foot_contacts__qwen3_8b,qwen3_8b,only_foot_contacts,core,core,,28468,113872,0,125806,486848,0.22566099960386055,0.25371489964527427,0.009700000191514846,,,,
nymeria,cpu,finetune_encoders,nymeria__only_foot_contacts__qwen3_8b,qwen3_8b,only_foot_contacts,core,core_language,,8207651840,16449136640,256,,999223468928,2462.1520710002187,2464.5403722000083,0.9771370005182689,,,,
nymeria,cpu,no_alignment,nymeria__only_foot_contacts__qwen3_8b,qwen3_8b,only_foot_contacts,edge,xsens,foot_contacts,7244,28976,0,34099,370944,0.24765099988144357,0.25209789992004517,0.012309999874560162,81,2.0648,10.0,4.32e-05
nymeria,cpu,no_alignment,nymeria__only_foot_contacts__qwen3_8b,qwen3_8b,only_foot_contacts,core,core,,28468,113872,0,125806,486848,0.2286119997734204,0.2515710000807303,0.00968000040302286,,,,
nymeria,cpu,no_alignment,nymeria__only_foot_contacts__qwen3_8b,qwen3_8b,only_foot_contacts,core,core_language,,8207651840,16449136640,256,,999223468928,2462.1520710002187,2464.5403722000083,0.9657270002207952,,,,
nymeria,cpu,no_usage,nymeria__only_foot_contacts__qwen3_8b,qwen3_8b,only_foot_contacts,edge,xsens,foot_contacts,7244,28976,0,34099,370944,0.24129200028255582,0.2494361005119572,0.012270000297576189,81,2.0648,10.0,4.32e-05
nymeria,cpu,no_usage,nymeria__only_foot_contacts__qwen3_8b,qwen3_8b,only_foot_contacts,core,core,,28468,113872,0,125806,486848,0.2285110003867885,0.25219989993274794,0.00988000010693213,,,,
nymeria,cpu,no_usage,nymeria__only_foot_contacts__qwen3_8b,qwen3_8b,only_foot_contacts,core,core_language,,8207651840,16449136640,256,,999223468928,2462.1520710002187,2464.5403722000083,1.001616999928956,,,,
nymeria,cpu,tcn,nymeria__only_foot_contacts__qwen3_8b,qwen3_8b,only_foot_contacts,edge,xsens,foot_contacts,0,0,0,0,0,0.0006099999154685065,0.0007990003723534755,0.014520000149786938,14696,13.7568,10.0,0.007837866666666667
nymeria,cpu,tcn,nymeria__only_foot_contacts__qwen3_8b,qwen3_8b,only_foot_contacts,core,core,,13560,54240,0,62485,819648,0.3721429993674974,0.40933999971457524,0.006950000170036219,,,,
nymeria,cpu,tcn,nymeria__only_foot_contacts__qwen3_8b,qwen3_8b,only_foot_contacts,core,core_language,,8207651840,16449136640,256,,1335682674560,2532.1091860000706,2561.775207399978,1.7166419993372983,,,,
nymeria,cpu,ts_transformer,nymeria__only_foot_contacts__qwen3_8b,qwen3_8b,only_foot_contacts,edge,xsens,foot_contacts,0,0,0,0,0,0.00048000038077589124,0.0008489997526339721,0.014549999832524918,14696,13.7568,10.0,0.007837866666666667
nymeria,cpu,ts_transformer,nymeria__only_foot_contacts__qwen3_8b,qwen3_8b,only_foot_contacts,core,core,,26424,105696,0,117425,1868224,0.4111830003239447,0.43134300076417276,0.006979999852774199,,,,
nymeria,cpu,ts_transformer,nymeria__only_foot_contacts__qwen3_8b,qwen3_8b,only_foot_contacts,core,core_language,,8207651840,16449136640,256,,1335682674560,2532.1091860000706,2561.775207399978,1.7185420001624152,,,,
nymeria,cpu,patchtst,nymeria__only_foot_contacts__qwen3_8b,qwen3_8b,only_foot_contacts,edge,xsens,foot_contacts,0,0,0,0,0,0.0005000001692678779,0.0008060002073762007,0.014799999917158857,14696,13.7568,10.0,0.007837866666666667
nymeria,cpu,patchtst,nymeria__only_foot_contacts__qwen3_8b,qwen3_8b,only_foot_contacts,core,core,,26520,106080,0,117809,1447744,0.4677030001403182,0.48880800040933536,0.006960000064282212,,,,
nymeria,cpu,patchtst,nymeria__only_foot_contacts__qwen3_8b,qwen3_8b,only_foot_contacts,core,core_language,,8207651840,16449136640,256,,985219080960,2466.0282720001305,2468.811674100243,0.9794770003281883,,,,
nymeria,cpu,distrixsense,nymeria__only_gaze__qwen3_8b,qwen3_8b,only_gaze,edge,head,head_gaze,7072,28288,0,33459,360064,0.2161920001526596,0.2271980995828926,0.012129999959142879,82,2.0656,10.0,4.373333333333333e-05
nymeria,cpu,distrixsense,nymeria__only_gaze__qwen3_8b,qwen3_8b,only_gaze,edge,observer,observer_gaze,7072,28288,0,33459,360064,0.20449200019356795,0.22806210017733974,0.012229999811097514,82,2.0656,10.0,4.373333333333333e-05
nymeria,cpu,distrixsense,nymeria__only_gaze__qwen3_8b,qwen3_8b,only_gaze,core,core,,29556,118224,0,130158,956416,0.2697119998629205,0.28923299969392247,0.017320000551990233,,,,
nymeria,cpu,distrixsense,nymeria__only_gaze__qwen3_8b,qwen3_8b,only_gaze,core,core_language,,8207651840,16449136640,256,,1139264596096,2491.7344820000835,2492.2339054997337,1.195157999973162,,,,
nymeria,cpu,dense,nymeria__only_gaze__qwen3_8b,qwen3_8b,only_gaze,edge,head,head_gaze,3640,14560,0,17741,228480,0.16669100023136707,0.1676629997746204,0.009330000466434285,4324,5.4592,10.0,0.0023061333333333333
nymeria,cpu,dense,nymeria__only_gaze__qwen3_8b,qwen3_8b,only_gaze,edge,observer,observer_gaze,3640,14560,0,17741,228480,0.14420099978451617,0.16223699976762873,0.009229999704984948,4324,5.4592,10.0,0.0023061333333333333
nymeria,cpu,dense,nymeria__only_gaze__qwen3_8b,qwen3_8b,only_gaze,core,core,,27508,110032,0,121649,4461568,0.2617210002426873,0.2960118998089456,0.011770000128308311,,,,
nymeria,cpu,dense,nymeria__only_gaze__qwen3_8b,qwen3_8b,only_gaze,core,core_language,,8207651840,16449136640,256,,1813428715648,2646.493525999631,2647.8795583998817,2.724539000155346,,,,
nymeria,cpu,dense_tokens,nymeria__only_gaze__qwen3_8b,qwen3_8b,only_gaze,edge,head,head_gaze,6016,24064,0,28729,343680,0.2121520001310273,0.23708110047664377,0.008040000466280617,1100,2.88,10.0,0.0005866666666666667
nymeria,cpu,dense_tokens,nymeria__only_gaze__qwen3_8b,qwen3_8b,only_gaze,edge,observer,observer_gaze,6016,24064,0,28729,343680,0.19474100008665118,0.21192290050748852,0.00808000004326459,1100,2.88,10.0,0.0005866666666666667
nymeria,cpu,dense_tokens,nymeria__only_gaze__qwen3_8b,qwen3_8b,only_gaze,core,core,,27508,110032,0,121649,956416,0.22655100019619567,0.24842100056048366,0.01168999915535096,,,,
nymeria,cpu,dense_tokens,nymeria__only_gaze__qwen3_8b,qwen3_8b,only_gaze,core,core_language,,8207651840,16449136640,256,,1139264596096,2491.7344820000835,2492.2339054997337,1.2091179996787105,,,,
nymeria,cpu,raw,nymeria__only_gaze__qwen3_8b,qwen3_8b,only_gaze,edge,head,head_gaze,0,0,0,0,0,0.000660000296193175,0.0008129994967021048,0.009010000212583691,524,2.4192,10.0,0.00027946666666666667
nymeria,cpu,raw,nymeria__only_gaze__qwen3_8b,qwen3_8b,only_gaze,edge,observer,observer_gaze,0,0,0,0,0,0.0005199999577598646,0.0006369995389832184,0.008191000233637169,524,2.4192,10.0,0.00027946666666666667
nymeria,cpu,raw,nymeria__only_gaze__qwen3_8b,qwen3_8b,only_gaze,core,core,,34788,139152,0,155969,4918528,0.6307249996098108,0.656482100202993,0.011670000276353676,,,,
nymeria,cpu,raw,nymeria__only_gaze__qwen3_8b,qwen3_8b,only_gaze,core,core_language,,8207651840,16449136640,256,,1813428715648,2646.493525999631,2647.8795583998817,2.7413979996708804,,,,
nymeria,cpu,early_fusion,nymeria__only_gaze__qwen3_8b,qwen3_8b,only_gaze,edge,head,head_gaze,0,0,0,0,0,0.0004700004865298979,0.0007669998012715951,0.008910000360629056,524,2.4192,10.0,0.00027946666666666667
nymeria,cpu,early_fusion,nymeria__only_gaze__qwen3_8b,qwen3_8b,only_gaze,edge,observer,observer_gaze,0,0,0,0,0,0.0004700004865298979,0.000568999439565232,0.008641000022180378,524,2.4192,10.0,0.00027946666666666667
nymeria,cpu,early_fusion,nymeria__only_gaze__qwen3_8b,qwen3_8b,only_gaze,core,core,,27844,111376,0,126355,2012416,0.5789639999420615,0.5846790000759938,0.011479999557195697,,,,
nymeria,cpu,early_fusion,nymeria__only_gaze__qwen3_8b,qwen3_8b,only_gaze,core,core_language,,8207651840,16449136640,256,,1363683979392,2552.962512999784,2565.6075147999672,1.735062000079779,,,,
nymeria,cpu,late_fusion,nymeria__only_gaze__qwen3_8b,qwen3_8b,only_gaze,edge,head,head_gaze,3970,15880,0,19461,229120,0.16544099980819738,0.18657299979167874,0.007949999599077273,88,2.0704,10.0,4.6933333333333333e-05
nymeria,cpu,late_fusion,nymeria__only_gaze__qwen3_8b,qwen3_8b,only_gaze,edge,observer,observer_gaze,3970,15880,0,19461,229120,0.1620009998077876,0.1783179999620188,0.007689999620197341,88,2.0704,10.0,4.6933333333333333e-05
nymeria,cpu,late_fusion,nymeria__only_gaze__qwen3_8b,qwen3_8b,only_gaze,core,core,,0,0,0,0,0,0.03665999975055456,0.03877500030284864,0.010939999810943846,,,,
nymeria,cpu,late_fusion,nymeria__only_gaze__qwen3_8b,qwen3_8b,only_gaze,core,core_language,,8190735360,16381470720,256,,1152707078400,2535.1087139997617,2558.728436399815,0.18283099961990956,,,,
nymeria,cpu,local_only,nymeria__only_gaze__qwen3_8b,qwen3_8b,only_gaze,edge,head,head_gaze,3970,15880,0,19461,229120,0.16563100052735535,0.17500000049039954,0.007949999599077273,52,2.0416,10.0,2.7733333333333334e-05
nymeria,cpu,local_only,nymeria__only_gaze__qwen3_8b,qwen3_8b,only_gaze,edge,observer,observer_gaze,3970,15880,0,19461,229120,0.15543100016657263,0.17034399961630697,0.007769999683659989,52,2.0416,10.0,2.7733333333333334e-05
nymeria,cpu,local_only,nymeria__only_gaze__qwen3_8b,qwen3_8b,only_gaze,core,core,,0,0,0,0,0,0.03819999983534217,0.049431999741500476,0.0106999996205559,,,,
nymeria,cpu,local_only,nymeria__only_gaze__qwen3_8b,qwen3_8b,only_gaze,core,core_language,,8190735360,16381470720,256,,1152707078400,2535.1087139997617,2558.728436399815,0.1838409998526913,,,,
nymeria,cpu,bottleneck,nymeria__only_gaze__qwen3_8b,qwen3_8b,only_gaze,edge,head,head_gaze,3772,15088,0,18693,236672,0.16310099999827798,0.1790130003428203,0.008789999810687732,684,2.5472,10.0,0.0003648
nymeria,cpu,bottleneck,nymeria__only_gaze__qwen3_8b,qwen3_8b,only_gaze,edge,observer,observer_gaze,3772,15088,0,18693,236672,0.15815099959581858,0.17342400014968007,0.008891000106814317,684,2.5472,10.0,0.0003648
nymeria,cpu,bottleneck,nymeria__only_gaze__qwen3_8b,qwen3_8b,only_gaze,core,core,,27828,111312,0,124133,4477952,0.2678219998415443,0.2988719997119915,0.011250000170548446,,,,
nymeria,cpu,bottleneck,nymeria__only_gaze__qwen3_8b,qwen3_8b,only_gaze,core,core_language,,8207651840,16449136640,256,,1813428715648,2646.493525999631,2647.8795583998817,2.7765389995693113,,,,
nymeria,cpu,tokenlearner,nymeria__only_gaze__qwen3_8b,qwen3_8b,only_gaze,edge,head,head_gaze,4960,19840,0,23935,327296,0.20800099991902243,0.22128589980638935,0.008289999641419854,1100,2.88,10.0,0.0005866666666666667
nymeria,cpu,tokenlearner,nymeria__only_gaze__qwen3_8b,qwen3_8b,only_gaze,edge,observer,observer_gaze,4960,19840,0,23935,327296,0.20828099968639435,0.21001889972467325,0.008230000275943894,1100,2.88,10.0,0.0005866666666666667
nymeria,cpu,tokenlearner,nymeria__only_gaze__qwen3_8b,qwen3_8b,only_gaze,core,core,,27508,110032,0,121649,956416,0.22724100017512683,0.2575629007878888,0.011529999937920365,,,,
nymeria,cpu,tokenlearner,nymeria__only_gaze__qwen3_8b,qwen3_8b,only_gaze,core,core_language,,8207651840,16449136640,256,,1139264596096,2491.7344820000835,2492.2339054997337,1.2440680002328008,,,,
nymeria,cpu,posthoc_vq,nymeria__only_gaze__qwen3_8b,qwen3_8b,only_gaze,edge,head,head_gaze,5688,22752,0,26185,294016,0.2572210005382658,0.2740159001405118,0.013270000636111945,196,2.1568,10.0,0.00010453333333333333
nymeria,cpu,posthoc_vq,nymeria__only_gaze__qwen3_8b,qwen3_8b,only_gaze,edge,observer,observer_gaze,5688,22752,0,26185,294016,0.24823199964885134,0.2728379997279262,0.01359999987471383,196,2.1568,10.0,0.00010453333333333333
nymeria,cpu,posthoc_vq,nymeria__only_gaze__qwen3_8b,qwen3_8b,only_gaze,core,core,,29556,118224,0,130158,4461568,0.31350199969892856,0.33647899981588125,0.018050000107905362,,,,
nymeria,cpu,posthoc_vq,nymeria__only_gaze__qwen3_8b,qwen3_8b,only_gaze,core,core_language,,8207651840,16449136640,256,,1813428715648,2646.493525999631,2647.8795583998817,2.748769000390894,,,,
nymeria,cpu,joint_vq,nymeria__only_gaze__qwen3_8b,qwen3_8b,only_gaze,edge,head,head_gaze,8064,32256,0,37174,360064,0.29289200028870255,0.31768700000611716,0.015579999853798654,82,2.0656,10.0,4.373333333333333e-05
nymeria,cpu,joint_vq,nymeria__only_gaze__qwen3_8b,qwen3_8b,only_gaze,edge,observer,observer_gaze,8064,32256,0,37174,360064,0.27781200060417177,0.2928780000729603,0.01252999936696142,82,2.0656,10.0,4.373333333333333e-05
nymeria,cpu,joint_vq,nymeria__only_gaze__qwen3_8b,qwen3_8b,only_gaze,core,core,,29556,118224,0,130158,956416,0.27367199982109014,0.3113999994639016,0.017129999832832254,,,,
nymeria,cpu,joint_vq,nymeria__only_gaze__qwen3_8b,qwen3_8b,only_gaze,core,core_language,,8207651840,16449136640,256,,1139264596096,2491.7344820000835,2492.2339054997337,1.206068000101368,,,,
nymeria,cpu,deepconvlstm,nymeria__only_gaze__qwen3_8b,qwen3_8b,only_gaze,edge,head,head_gaze,0,0,0,0,0,0.0005199999577598646,0.0007719997483945917,0.008770000022195745,524,2.4192,10.0,0.00027946666666666667
nymeria,cpu,deepconvlstm,nymeria__only_gaze__qwen3_8b,qwen3_8b,only_gaze,edge,observer,observer_gaze,0,0,0,0,0,0.0004700004865298979,0.0006769999345124234,0.008159999197232537,524,2.4192,10.0,0.00027946666666666667
nymeria,cpu,deepconvlstm,nymeria__only_gaze__qwen3_8b,qwen3_8b,only_gaze,core,core,,33722,134888,0,142997,2096000,0.4526130005615414,0.4889378998996108,0.01143000008596573,,,,
nymeria,cpu,deepconvlstm,nymeria__only_gaze__qwen3_8b,qwen3_8b,only_gaze,core,core_language,,8207651840,16449136640,256,,1363683979392,2552.962512999784,2565.6075147999672,1.820202000089921,,,,
nymeria,cpu,unrestricted_bank,nymeria__only_gaze__qwen3_8b,qwen3_8b,only_gaze,edge,head,head_gaze,8128,32512,0,37683,376448,0.21477100017364137,0.2323579004041676,0.01677999989624368,82,2.0656,10.0,4.373333333333333e-05
nymeria,cpu,unrestricted_bank,nymeria__only_gaze__qwen3_8b,qwen3_8b,only_gaze,edge,observer,observer_gaze,8128,32512,0,37683,376448,0.21445200036396272,0.21946409933661926,0.012129999959142879,82,2.0656,10.0,4.373333333333333e-05
nymeria,cpu,unrestricted_bank,nymeria__only_gaze__qwen3_8b,qwen3_8b,only_gaze,core,core,,29556,118224,0,130158,956416,0.23735200011287816,0.2624260001539369,0.017581000065547414,,,,
nymeria,cpu,unrestricted_bank,nymeria__only_gaze__qwen3_8b,qwen3_8b,only_gaze,core,core_language,,8207651840,16449136640,256,,1139264596096,2491.7344820000835,2492.2339054997337,1.2001889999737614,,,,
nymeria,cpu,separate_banks,nymeria__only_gaze__qwen3_8b,qwen3_8b,only_gaze,edge,head,head_gaze,7072,28288,0,33459,360064,0.20909099930577213,0.225750899517152,0.019020000763703138,82,2.0656,10.0,4.373333333333333e-05
nymeria,cpu,separate_banks,nymeria__only_gaze__qwen3_8b,qwen3_8b,only_gaze,edge,observer,observer_gaze,7072,28288,0,33459,360064,0.2036519999819575,0.22616009973717155,0.0122499995995895,82,2.0656,10.0,4.373333333333333e-05
nymeria,cpu,separate_banks,nymeria__only_gaze__qwen3_8b,qwen3_8b,only_gaze,core,core,,29556,118224,0,130411,956416,0.2797520000967779,0.2999119997184607,0.016980000509647653,,,,
nymeria,cpu,separate_banks,nymeria__only_gaze__qwen3_8b,qwen3_8b,only_gaze,core,core_language,,8207651840,16449136640,256,,1139264596096,2491.7344820000835,2492.2339054997337,1.3309099995240103,,,,
nymeria,cpu,fixed_resampling,nymeria__only_gaze__qwen3_8b,qwen3_8b,only_gaze,edge,head,head_gaze,7072,28288,0,33459,358912,0.1381109996145824,0.1532939994831395,0.012550000064948108,82,2.0656,10.0,4.373333333333333e-05
nymeria,cpu,fixed_resampling,nymeria__only_gaze__qwen3_8b,qwen3_8b,only_gaze,edge,observer,observer_gaze,7072,28288,0,33459,358912,0.13255100020614918,0.14581699988411856,0.01495000014983816,82,2.0656,10.0,4.373333333333333e-05
nymeria,cpu,fixed_resampling,nymeria__only_gaze__qwen3_8b,qwen3_8b,only_gaze,core,core,,29556,118224,0,130158,956416,0.2904519997173338,0.34173400008512544,0.0170599996636156,,,,
nymeria,cpu,fixed_resampling,nymeria__only_gaze__qwen3_8b,qwen3_8b,only_gaze,core,core_language,,8207651840,16449136640,256,,1139264596096,2491.7344820000835,2492.2339054997337,1.2208580001242808,,,,
nymeria,cpu,finetune_encoders,nymeria__only_gaze__qwen3_8b,qwen3_8b,only_gaze,edge,head,head_gaze,7072,28288,0,33459,360064,0.24444100017717574,0.2779489006570657,0.0122499995995895,82,2.0656,10.0,4.373333333333333e-05
nymeria,cpu,finetune_encoders,nymeria__only_gaze__qwen3_8b,qwen3_8b,only_gaze,edge,observer,observer_gaze,7072,28288,0,33459,360064,0.2055610002571484,0.22328289987854077,0.012330000572546851,82,2.0656,10.0,4.373333333333333e-05
nymeria,cpu,finetune_encoders,nymeria__only_gaze__qwen3_8b,qwen3_8b,only_gaze,core,core,,29556,118224,0,130158,956416,0.27286200020171236,0.29887200016673887,0.01697999960015295,,,,
nymeria,cpu,finetune_encoders,nymeria__only_gaze__qwen3_8b,qwen3_8b,only_gaze,core,core_language,,8207651840,16449136640,256,,1139264596096,2491.7344820000835,2492.2339054997337,1.2287489998925594,,,,
nymeria,cpu,no_alignment,nymeria__only_gaze__qwen3_8b,qwen3_8b,only_gaze,edge,head,head_gaze,7072,28288,0,33459,360064,0.22291200002655387,0.23063309981807834,0.012080000487912912,82,2.0656,10.0,4.373333333333333e-05
nymeria,cpu,no_alignment,nymeria__only_gaze__qwen3_8b,qwen3_8b,only_gaze,edge,observer,observer_gaze,7072,28288,0,33459,360064,0.20566100010910304,0.22246489961617044,0.012399999832268804,82,2.0656,10.0,4.373333333333333e-05
nymeria,cpu,no_alignment,nymeria__only_gaze__qwen3_8b,qwen3_8b,only_gaze,core,core,,29556,118224,0,130158,956416,0.2907819998654304,0.3176469997924869,0.0173700000232202,,,,
nymeria,cpu,no_alignment,nymeria__only_gaze__qwen3_8b,qwen3_8b,only_gaze,core,core_language,,8207651840,16449136640,256,,1139264596096,2491.7344820000835,2492.2339054997337,1.1994180003966903,,,,
nymeria,cpu,no_usage,nymeria__only_gaze__qwen3_8b,qwen3_8b,only_gaze,edge,head,head_gaze,7072,28288,0,33459,360064,0.2143420006177621,0.23798499942131457,0.012239999705343507,82,2.0656,10.0,4.373333333333333e-05
nymeria,cpu,no_usage,nymeria__only_gaze__qwen3_8b,qwen3_8b,only_gaze,edge,observer,observer_gaze,7072,28288,0,33459,360064,0.22204099968803348,0.2606609001304605,0.012929999684274662,82,2.0656,10.0,4.373333333333333e-05
nymeria,cpu,no_usage,nymeria__only_gaze__qwen3_8b,qwen3_8b,only_gaze,core,core,,29556,118224,0,130158,956416,0.2633019994391361,0.293316999614035,0.017190000107802916,,,,
nymeria,cpu,no_usage,nymeria__only_gaze__qwen3_8b,qwen3_8b,only_gaze,core,core_language,,8207651840,16449136640,256,,1139264596096,2491.7344820000835,2492.2339054997337,2.008303999900818,,,,
nymeria,cpu,tcn,nymeria__only_gaze__qwen3_8b,qwen3_8b,only_gaze,edge,head,head_gaze,0,0,0,0,0,0.0004900002750218846,0.0008139993042277638,0.008799999704933725,524,2.4192,10.0,0.00027946666666666667
nymeria,cpu,tcn,nymeria__only_gaze__qwen3_8b,qwen3_8b,only_gaze,edge,observer,observer_gaze,0,0,0,0,0,0.0004399998942972161,0.0006199996278155595,0.00835999981063651,524,2.4192,10.0,0.00027946666666666667
nymeria,cpu,tcn,nymeria__only_gaze__qwen3_8b,qwen3_8b,only_gaze,core,core,,13700,54800,0,64393,826368,0.4718139998658444,0.5257051000626234,0.01160000010713702,,,,
nymeria,cpu,tcn,nymeria__only_gaze__qwen3_8b,qwen3_8b,only_gaze,core,core_language,,8207651840,16449136640,256,,1363683979392,2552.962512999784,2565.6075147999672,1.7083719994843705,,,,
nymeria,cpu,ts_transformer,nymeria__only_gaze__qwen3_8b,qwen3_8b,only_gaze,edge,head,head_gaze,0,0,0,0,0,0.0005100000635138713,0.0008520005394530017,0.008689999958733097,524,2.4192,10.0,0.00027946666666666667
nymeria,cpu,ts_transformer,nymeria__only_gaze__qwen3_8b,qwen3_8b,only_gaze,edge,observer,observer_gaze,0,0,0,0,0,0.0005399997462518513,0.0007200002983154263,0.008039999556785915,524,2.4192,10.0,0.00027946666666666667
nymeria,cpu,ts_transformer,nymeria__only_gaze__qwen3_8b,qwen3_8b,only_gaze,core,core,,26564,106256,0,119397,1874944,0.49443300031271065,0.5388489000324626,0.011510000149428379,,,,
nymeria,cpu,ts_transformer,nymeria__only_gaze__qwen3_8b,qwen3_8b,only_gaze,core,core_language,,8207651840,16449136640,256,,1363683979392,2552.962512999784,2565.6075147999672,1.921432999552053,,,,
nymeria,cpu,patchtst,nymeria__only_gaze__qwen3_8b,qwen3_8b,only_gaze,edge,head,head_gaze,0,0,0,0,0,0.0005100000635138713,0.0007889995686127804,0.008789999810687732,524,2.4192,10.0,0.00027946666666666667
nymeria,cpu,patchtst,nymeria__only_gaze__qwen3_8b,qwen3_8b,only_gaze,edge,observer,observer_gaze,0,0,0,0,0,0.0005800002327305265,0.0006520002898469102,0.008130000423989259,524,2.4192,10.0,0.00027946666666666667
nymeria,cpu,patchtst,nymeria__only_gaze__qwen3_8b,qwen3_8b,only_gaze,core,core,,26564,106256,0,119397,2168704,0.5661739996867254,0.5959280001661682,0.011389999599487055,,,,
nymeria,cpu,patchtst,nymeria__only_gaze__qwen3_8b,qwen3_8b,only_gaze,core,core_language,,8207651840,16449136640,256,,1013161403392,2533.5387370000717,2534.3893035999827,0.9855569996943814,,,,
nymeria,cpu,distrixsense,nymeria__only_imu__qwen3_8b,qwen3_8b,only_imu,edge,head,"head_imu_left,head_imu_right",15188,60752,0,70403,786176,0.46200299948395696,0.47570100032316986,0.02274999951623613,168,2.1344,10.0,8.96e-05
nymeria,cpu,distrixsense,nymeria__only_imu__qwen3_8b,qwen3_8b,only_imu,edge,left_wrist,"left_wrist_imu_left,left_wrist_imu_right",15188,60752,0,70403,786176,0.4540030004136497,0.4765839998071897,0.022531000468006823,168,2.1344,10.0,8.96e-05
nymeria,cpu,distrixsense,nymeria__only_imu__qwen3_8b,qwen3_8b,only_imu,edge,observer,"observer_imu_left,observer_imu_right",15188,60752,0,70403,786176,0.44664300003205426,0.4628070001672313,0.02296999991813209,168,2.1344,10.0,8.96e-05
nymeria,cpu,distrixsense,nymeria__only_imu__qwen3_8b,qwen3_8b,only_imu,edge,right_wrist,"right_wrist_imu_left,right_wrist_imu_right",15188,60752,0,70403,786176,0.4467230000955169,0.4534640000201762,0.02351100010855589,168,2.1344,10.0,8.96e-05
nymeria,cpu,distrixsense,nymeria__only_imu__qwen3_8b,qwen3_8b,only_imu,core,core,,36084,144336,0,156270,4461952,0.49813300029200036,0.525925900637958,0.06976100030442467,,,,
nymeria,cpu,distrixsense,nymeria__only_imu__qwen3_8b,qwen3_8b,only_imu,core,core_language,,8207651840,16449136640,256,,1981988619904,2677.45124799967,2679.6589785994,2.84671699955652,,,,
nymeria,cpu,dense,nymeria__only_imu__qwen3_8b,qwen3_8b,only_imu,edge,head,"head_imu_left,head_imu_right",8324,33296,0,38771,523008,0.36761199953616597,0.40418890030196053,0.017270000171265565,8648,8.9184,10.0,0.004612266666666667
nymeria,cpu,dense,nymeria__only_imu__qwen3_8b,qwen3_8b,only_imu,edge,left_wrist,"left_wrist_imu_left,left_wrist_imu_right",8324,33296,0,38771,523008,0.3690819994517369,0.37027899988970603,0.016941000467340928,8648,8.9184,10.0,0.004612266666666667
nymeria,cpu,dense,nymeria__only_imu__qwen3_8b,qwen3_8b,only_imu,edge,observer,"observer_imu_left,observer_imu_right",8324,33296,0,38771,523008,0.34999200033780653,0.3725370001120609,0.017160000425064936,8648,8.9184,10.0,0.004612266666666667
nymeria,cpu,dense,nymeria__only_imu__qwen3_8b,qwen3_8b,only_imu,edge,right_wrist,"right_wrist_imu_left,right_wrist_imu_right",8324,33296,0,38771,523008,0.3623120001066127,0.3634820000115724,0.017269999261770863,8648,8.9184,10.0,0.004612266666666667
nymeria,cpu,dense,nymeria__only_imu__qwen3_8b,qwen3_8b,only_imu,core,core,,27892,111568,0,123185,30279040,0.703723999322392,0.7337488998018671,0.050490000830905046,,,,
nymeria,cpu,dense,nymeria__only_imu__qwen3_8b,qwen3_8b,only_imu,core,core_language,,8207651840,16449136640,256,,4708542097024,3452.3431319994415,3476.522668799771,8.75516999985848,,,,
nymeria,cpu,dense_tokens,nymeria__only_imu__qwen3_8b,qwen3_8b,only_imu,edge,head,"head_imu_left,head_imu_right",13076,52304,0,60879,753408,0.4743830004372285,0.5224790001193469,0.015330000678659417,2200,3.76,10.0,0.0011733333333333333
nymeria,cpu,dense_tokens,nymeria__only_imu__qwen3_8b,qwen3_8b,only_imu,edge,left_wrist,"left_wrist_imu_left,left_wrist_imu_right",13076,52304,0,60879,753408,0.5106329999762238,0.5195790003199363,0.015551000615232624,2200,3.76,10.0,0.0011733333333333333
nymeria,cpu,dense_tokens,nymeria__only_imu__qwen3_8b,qwen3_8b,only_imu,edge,observer,"observer_imu_left,observer_imu_right",13076,52304,0,60879,753408,0.5004730001019198,0.5031811005210329,0.015309999980672728,2200,3.76,10.0,0.0011733333333333333
nymeria,cpu,dense_tokens,nymeria__only_imu__qwen3_8b,qwen3_8b,only_imu,edge,right_wrist,"right_wrist_imu_left,right_wrist_imu_right",13076,52304,0,60879,753408,0.49783299982664175,0.5186500006857386,0.015279999388440046,2200,3.76,10.0,0.0011733333333333333
nymeria,cpu,dense_tokens,nymeria__only_imu__qwen3_8b,qwen3_8b,only_imu,core,core,,27892,111568,0,123185,4461952,0.4906530002699583,0.5079140998532239,0.047849999646132346,,,,
nymeria,cpu,dense_tokens,nymeria__only_imu__qwen3_8b,qwen3_8b,only_imu,core,core_language,,8207651840,16449136640,256,,1981988619904,2677.45124799967,2679.6589785994,2.835896999386023,,,,
nymeria,cpu,raw,nymeria__only_imu__qwen3_8b,qwen3_8b,only_imu,edge,head,"head_imu_left,head_imu_right",0,0,0,0,0,0.0005600004442385398,0.0010009998732130043,0.08606100072938716,154144,125.3152,10.0,0.08221013333333334
nymeria,cpu,raw,nymeria__only_imu__qwen3_8b,qwen3_8b,only_imu,edge,left_wrist,"left_wrist_imu_left,left_wrist_imu_right",0,0,0,0,0,0.0006700001904391684,0.0008320001143147238,0.08535999950254336,154144,125.3152,10.0,0.08221013333333334
nymeria,cpu,raw,nymeria__only_imu__qwen3_8b,qwen3_8b,only_imu,edge,observer,"observer_imu_left,observer_imu_right",0,0,0,0,0,0.0007600001481478103,0.0008050004908000119,0.08301999969262397,154144,125.3152,10.0,0.08221013333333334
nymeria,cpu,raw,nymeria__only_imu__qwen3_8b,qwen3_8b,only_imu,edge,right_wrist,"right_wrist_imu_left,right_wrist_imu_right",0,0,0,0,0,0.000660000296193175,0.0007949996870593168,0.08976000026450492,154144,125.3152,10.0,0.08221013333333334
nymeria,cpu,raw,nymeria__only_imu__qwen3_8b,qwen3_8b,only_imu,core,core,,61188,244752,0,276467,32371072,3.2262189997709356,3.307363000294572,0.07766099952277727,,,,
nymeria,cpu,raw,nymeria__only_imu__qwen3_8b,qwen3_8b,only_imu,core,core_language,,8207651840,16449136640,256,,4708542097024,3452.3431319994415,3476.522668799771,9.676026000306592,,,,
nymeria,cpu,early_fusion,nymeria__only_imu__qwen3_8b,qwen3_8b,only_imu,edge,head,"head_imu_left,head_imu_right",0,0,0,0,0,0.0006899999789311551,0.0009149992365564685,0.0731209993318771,154144,125.3152,10.0,0.08221013333333334
nymeria,cpu,early_fusion,nymeria__only_imu__qwen3_8b,qwen3_8b,only_imu,edge,left_wrist,"left_wrist_imu_left,left_wrist_imu_right",0,0,0,0,0,0.0006800000846851617,0.0008869995326676872,0.07125100000848761,154144,125.3152,10.0,0.08221013333333334
nymeria,cpu,early_fusion,nymeria__only_imu__qwen3_8b,qwen3_8b,only_imu,edge,observer,"observer_imu_left,observer_imu_right",0,0,0,0,0,0.0007399994501611218,0.0008300001354655251,0.06979099998716265,154144,125.3152,10.0,0.08221013333333334
nymeria,cpu,early_fusion,nymeria__only_imu__qwen3_8b,qwen3_8b,only_imu,edge,right_wrist,"right_wrist_imu_left,right_wrist_imu_right",0,0,0,0,0,0.0007400003596558236,0.0008480000360577833,0.07052100045257248,154144,125.3152,10.0,0.08221013333333334
nymeria,cpu,early_fusion,nymeria__only_imu__qwen3_8b,qwen3_8b,only_imu,core,core,,30244,120976,0,143243,2136448,1.7194490001202212,1.80590480013052,0.0759900003686198,,,,
nymeria,cpu,early_fusion,nymeria__only_imu__qwen3_8b,qwen3_8b,only_imu,core,core_language,,8207651840,16449136640,256,,1531790898816,2577.665574999628,2615.724706600031,1.8926410002677585,,,,
nymeria,cpu,late_fusion,nymeria__only_imu__qwen3_8b,qwen3_8b,only_imu,edge,head,"head_imu_left,head_imu_right",8984,35936,0,42343,524288,0.4082120003658929,0.4303250006159942,0.015040000107546803,176,2.1408,10.0,9.386666666666667e-05
nymeria,cpu,late_fusion,nymeria__only_imu__qwen3_8b,qwen3_8b,only_imu,edge,left_wrist,"left_wrist_imu_left,left_wrist_imu_right",8984,35936,0,42343,524288,0.4021419999844511,0.4240128999299486,0.015100000382517464,176,2.1408,10.0,9.386666666666667e-05
nymeria,cpu,late_fusion,nymeria__only_imu__qwen3_8b,qwen3_8b,only_imu,edge,observer,"observer_imu_left,observer_imu_right",8984,35936,0,42343,524288,0.4018219997306005,0.41237989980800194,0.01537000025564339,176,2.1408,10.0,9.386666666666667e-05
nymeria,cpu,late_fusion,nymeria__only_imu__qwen3_8b,qwen3_8b,only_imu,edge,right_wrist,"right_wrist_imu_left,right_wrist_imu_right",8984,35936,0,42343,524288,0.40337300015380606,0.4065310999067151,0.014940000255592167,176,2.1408,10.0,9.386666666666667e-05
nymeria,cpu,late_fusion,nymeria__only_imu__qwen3_8b,qwen3_8b,only_imu,core,core,,0,0,0,0,0,0.06411100002878811,0.0703021004483162,0.046801000280538574,,,,
nymeria,cpu,late_fusion,nymeria__only_imu__qwen3_8b,qwen3_8b,only_imu,core,core_language,,8190735360,16381470720,256,,1320601661184,2585.7234379996044,2589.9117014001604,0.20258200038369978,,,,
nymeria,cpu,local_only,nymeria__only_imu__qwen3_8b,qwen3_8b,only_imu,edge,head,"head_imu_left,head_imu_right",8984,35936,0,42343,524288,0.400001999878441,0.41433090018472285,0.014600000213249587,104,2.0832,10.0,5.546666666666667e-05
nymeria,cpu,local_only,nymeria__only_imu__qwen3_8b,qwen3_8b,only_imu,edge,left_wrist,"left_wrist_imu_left,left_wrist_imu_right",8984,35936,0,42343,524288,0.3971619998992537,0.4065130000526551,0.01463999979023356,104,2.0832,10.0,5.546666666666667e-05
nymeria,cpu,local_only,nymeria__only_imu__qwen3_8b,qwen3_8b,only_imu,edge,observer,"observer_imu_left,observer_imu_right",8984,35936,0,42343,524288,0.39571199977217475,0.4050729002301523,0.014929999451851472,104,2.0832,10.0,5.546666666666667e-05
nymeria,cpu,local_only,nymeria__only_imu__qwen3_8b,qwen3_8b,only_imu,edge,right_wrist,"right_wrist_imu_left,right_wrist_imu_right",8984,35936,0,42343,524288,0.39434200061805313,0.41696889993545483,0.014769999324926175,104,2.0832,10.0,5.546666666666667e-05
nymeria,cpu,local_only,nymeria__only_imu__qwen3_8b,qwen3_8b,only_imu,core,core,,0,0,0,0,0,0.09077100003196392,0.09784409930944094,0.046860000111337285,,,,
nymeria,cpu,local_only,nymeria__only_imu__qwen3_8b,qwen3_8b,only_imu,core,core_language,,8190735360,16381470720,256,,1320601661184,2585.7234379996044,2589.9117014001604,0.19076100033998955,,,,
nymeria,cpu,bottleneck,nymeria__only_imu__qwen3_8b,qwen3_8b,only_imu,edge,head,"head_imu_left,head_imu_right",8588,34352,0,40807,539392,0.42550200032565044,0.434151000536076,0.0161299994942965,1368,3.0944000000000003,10.0,0.0007296
nymeria,cpu,bottleneck,nymeria__only_imu__qwen3_8b,qwen3_8b,only_imu,edge,left_wrist,"left_wrist_imu_left,left_wrist_imu_right",8588,34352,0,40807,539392,0.41294199945696164,0.43164399976376444,0.016460000551887788,1368,3.0944000000000003,10.0,0.0007296
nymeria,cpu,bottleneck,nymeria__only_imu__qwen3_8b,qwen3_8b,only_imu,edge,observer,"observer_imu_left,observer_imu_right",8588,34352,0,40807,539392,0.5724630000258912,0.6538058996738982,0.016150000192283187,1368,3.0944000000000003,10.0,0.0007296
nymeria,cpu,bottleneck,nymeria__only_imu__qwen3_8b,qwen3_8b,only_imu,edge,right_wrist,"right_wrist_imu_left,right_wrist_imu_right",8588,34352,0,40807,539392,0.4194530001768726,0.4265891004251898,0.016259999938483816,1368,3.0944000000000003,10.0,0.0007296
nymeria,cpu,bottleneck,nymeria__only_imu__qwen3_8b,qwen3_8b,only_imu,core,core,,29172,116688,0,133185,30344576,0.8924350004235748,0.9096160004446574,0.047849999646132346,,,,
nymeria,cpu,bottleneck,nymeria__only_imu__qwen3_8b,qwen3_8b,only_imu,core,core_language,,8207651840,16449136640,256,,4708542097024,3452.3431319994415,3476.522668799771,8.851821000462223,,,,
nymeria,cpu,tokenlearner,nymeria__only_imu__qwen3_8b,qwen3_8b,only_imu,edge,head,"head_imu_left,head_imu_right",10964,43856,0,51419,720640,0.45728199984296225,0.4655089000152657,0.01593000069988193,2200,3.76,10.0,0.0011733333333333333
nymeria,cpu,tokenlearner,nymeria__only_imu__qwen3_8b,qwen3_8b,only_imu,edge,left_wrist,"left_wrist_imu_left,left_wrist_imu_right",10964,43856,0,51419,720640,0.4447130004336941,0.45247909974932554,0.015989999155863188,2200,3.76,10.0,0.0011733333333333333
nymeria,cpu,tokenlearner,nymeria__only_imu__qwen3_8b,qwen3_8b,only_imu,edge,observer,"observer_imu_left,observer_imu_right",10964,43856,0,51419,720640,0.4276119998394279,0.44743990010829293,0.016060000234574545,2200,3.76,10.0,0.0011733333333333333
nymeria,cpu,tokenlearner,nymeria__only_imu__qwen3_8b,qwen3_8b,only_imu,edge,right_wrist,"right_wrist_imu_left,right_wrist_imu_right",10964,43856,0,51419,720640,0.43152199941687286,0.4375079003693827,0.015900000107649248,2200,3.76,10.0,0.0011733333333333333
nymeria,cpu,tokenlearner,nymeria__only_imu__qwen3_8b,qwen3_8b,only_imu,core,core,,27892,111568,0,123185,4461952,0.3998120000687777,0.42573289974825457,0.04772000011143973,,,,
nymeria,cpu,tokenlearner,nymeria__only_imu__qwen3_8b,qwen3_8b,only_imu,core,core_language,,8207651840,16449136640,256,,1981988619904,2677.45124799967,2679.6589785994,2.7678460000970517,,,,
nymeria,cpu,posthoc_vq,nymeria__only_imu__qwen3_8b,qwen3_8b,only_imu,edge,head,"head_imu_left,head_imu_right",16516,66064,0,71792,654080,0.5304930000420427,0.5433639002148993,0.023489999875891954,408,2.3264,10.0,0.0002176
nymeria,cpu,posthoc_vq,nymeria__only_imu__qwen3_8b,qwen3_8b,only_imu,edge,left_wrist,"left_wrist_imu_left,left_wrist_imu_right",16516,66064,0,71792,654080,0.5188730001464137,0.529123999785952,0.024080000002868474,408,2.3264,10.0,0.0002176
nymeria,cpu,posthoc_vq,nymeria__only_imu__qwen3_8b,qwen3_8b,only_imu,edge,observer,"observer_imu_left,observer_imu_right",16516,66064,0,71792,654080,0.511313000060909,0.5200340003284509,0.023699999474047218,408,2.3264,10.0,0.0002176
nymeria,cpu,posthoc_vq,nymeria__only_imu__qwen3_8b,qwen3_8b,only_imu,edge,right_wrist,"right_wrist_imu_left,right_wrist_imu_right",16516,66064,0,71792,654080,0.526802999956999,0.5486910001309298,0.025440000172238797,408,2.3264,10.0,0.0002176
nymeria,cpu,posthoc_vq,nymeria__only_imu__qwen3_8b,qwen3_8b,only_imu,core,core,,36084,144336,0,156270,30279040,0.7941450003272621,0.8232690001023002,0.0738909993742709,,,,
nymeria,cpu,posthoc_vq,nymeria__only_imu__qwen3_8b,qwen3_8b,only_imu,core,core_language,,8207651840,16449136640,256,,4708542097024,3452.3431319994415,3476.522668799771,8.744709999518818,,,,
nymeria,cpu,joint_vq,nymeria__only_imu__qwen3_8b,qwen3_8b,only_imu,edge,head,"head_imu_left,head_imu_right",21268,85072,0,93900,786176,0.6009830003677052,0.6241679003323952,0.02395999945292715,168,2.1344,10.0,8.96e-05
nymeria,cpu,joint_vq,nymeria__only_imu__qwen3_8b,qwen3_8b,only_imu,edge,left_wrist,"left_wrist_imu_left,left_wrist_imu_right",21268,85072,0,93900,786176,0.577392999730364,0.6313578999652236,0.02336999932595063,168,2.1344,10.0,8.96e-05
nymeria,cpu,joint_vq,nymeria__only_imu__qwen3_8b,qwen3_8b,only_imu,edge,observer,"observer_imu_left,observer_imu_right",21268,85072,0,93900,786176,0.5767729999206495,0.5823530006637156,0.02367999968555523,168,2.1344,10.0,8.96e-05
nymeria,cpu,joint_vq,nymeria__only_imu__qwen3_8b,qwen3_8b,only_imu,edge,right_wrist,"right_wrist_imu_left,right_wrist_imu_right",21268,85072,0,93900,786176,0.5940040000496083,0.619581100090727,0.023810000129742548,168,2.1344,10.0,8.96e-05
nymeria,cpu,joint_vq,nymeria__only_imu__qwen3_8b,qwen3_8b,only_imu,core,core,,36084,144336,0,156270,4461952,0.5092530000183615,0.5322128999068809,0.07043000005069189,,,,
nymeria,cpu,joint_vq,nymeria__only_imu__qwen3_8b,qwen3_8b,only_imu,core,core_language,,8207651840,16449136640,256,,1981988619904,2677.45124799967,2679.6589785994,2.8842570000051637,,,,
nymeria,cpu,deepconvlstm,nymeria__only_imu__qwen3_8b,qwen3_8b,only_imu,edge,head,"head_imu_left,head_imu_right",0,0,0,0,0,0.0005600004442385398,0.0008840002919896506,0.05471999975270592,154144,125.3152,10.0,0.08221013333333334
nymeria,cpu,deepconvlstm,nymeria__only_imu__qwen3_8b,qwen3_8b,only_imu,edge,left_wrist,"left_wrist_imu_left,left_wrist_imu_right",0,0,0,0,0,0.0005600004442385398,0.0007400001777568832,0.053390000175568275,154144,125.3152,10.0,0.08221013333333334
nymeria,cpu,deepconvlstm,nymeria__only_imu__qwen3_8b,qwen3_8b,only_imu,edge,observer,"observer_imu_left,observer_imu_right",0,0,0,0,0,0.000529999852005858,0.0006739999662386253,0.05353999949875288,154144,125.3152,10.0,0.08221013333333334
nymeria,cpu,deepconvlstm,nymeria__only_imu__qwen3_8b,qwen3_8b,only_imu,edge,right_wrist,"right_wrist_imu_left,right_wrist_imu_right",0,0,0,0,0,0.0005600004442385398,0.0006229997779882979,0.05175100068299798,154144,125.3152,10.0,0.08221013333333334
nymeria,cpu,deepconvlstm,nymeria__only_imu__qwen3_8b,qwen3_8b,only_imu,core,core,,40922,163688,0,178957,2551424,1.359658000183117,1.4067999993130798,0.07623000055900775,,,,
nymeria,cpu,deepconvlstm,nymeria__only_imu__qwen3_8b,qwen3_8b,only_imu,core,core_language,,8207651840,16449136640,256,,1531790898816,2577.665574999628,2615.724706600031,1.8697200002861791,,,,
nymeria,cpu,unrestricted_bank,nymeria__only_imu__qwen3_8b,qwen3_8b,only_imu,edge,head,"head_imu_left,head_imu_right",29972,119888,0,129539,1015552,0.4706919999080128,0.49327390051985276,0.023640000108571257,168,2.1344,10.0,8.96e-05
nymeria,cpu,unrestricted_bank,nymeria__only_imu__qwen3_8b,qwen3_8b,only_imu,edge,left_wrist,"left_wrist_imu_left,left_wrist_imu_right",29972,119888,0,129539,1015552,0.46558299982280005,0.4720089998045296,0.024599999960628338,168,2.1344,10.0,8.96e-05
nymeria,cpu,unrestricted_bank,nymeria__only_imu__qwen3_8b,qwen3_8b,only_imu,edge,observer,"observer_imu_left,observer_imu_right",29972,119888,0,129539,1015552,0.45604200022353325,0.5477987998347089,0.023100000362319406,168,2.1344,10.0,8.96e-05
nymeria,cpu,unrestricted_bank,nymeria__only_imu__qwen3_8b,qwen3_8b,only_imu,edge,right_wrist,"right_wrist_imu_left,right_wrist_imu_right",29972,119888,0,129539,1015552,0.4569430002447916,0.4690120003033371,0.02367999968555523,168,2.1344,10.0,8.96e-05
nymeria,cpu,unrestricted_bank,nymeria__only_imu__qwen3_8b,qwen3_8b,only_imu,core,core,,36084,144336,0,156270,4461952,0.44999199963058345,0.45599589957419084,0.07020999964879593,,,,
nymeria,cpu,unrestricted_bank,nymeria__only_imu__qwen3_8b,qwen3_8b,only_imu,core,core_language,,8207651840,16449136640,256,,1981988619904,2677.45124799967,2679.6589785994,2.794116000586655,,,,
nymeria,cpu,separate_banks,nymeria__only_imu__qwen3_8b,qwen3_8b,only_imu,edge,head,"head_imu_left,head_imu_right",15188,60752,0,70403,786176,0.46495300011883955,0.5100880000100005,0.02299999960087007,168,2.1344,10.0,8.96e-05
nymeria,cpu,separate_banks,nymeria__only_imu__qwen3_8b,qwen3_8b,only_imu,edge,left_wrist,"left_wrist_imu_left,left_wrist_imu_right",15188,60752,0,70403,786176,0.4752929999085609,0.7064048995744088,0.022939999325899407,168,2.1344,10.0,8.96e-05
nymeria,cpu,separate_banks,nymeria__only_imu__qwen3_8b,qwen3_8b,only_imu,edge,observer,"observer_imu_left,observer_imu_right",15188,60752,0,70403,786176,0.44985200020164484,0.47126390008997987,0.023069999770086724,168,2.1344,10.0,8.96e-05
nymeria,cpu,separate_banks,nymeria__only_imu__qwen3_8b,qwen3_8b,only_imu,edge,right_wrist,"right_wrist_imu_left,right_wrist_imu_right",15188,60752,0,70403,786176,0.46250299965322483,0.4657421001866169,0.022809999791206792,168,2.1344,10.0,8.96e-05
nymeria,cpu,separate_banks,nymeria__only_imu__qwen3_8b,qwen3_8b,only_imu,core,core,,36084,144336,0,158361,4461952,0.5187329998079804,0.5580810003266379,0.071350000325765,,,,
nymeria,cpu,separate_banks,nymeria__only_imu__qwen3_8b,qwen3_8b,only_imu,core,core_language,,8207651840,16449136640,256,,1981988619904,2677.45124799967,2679.6589785994,2.9208460000518244,,,,
nymeria,cpu,fixed_resampling,nymeria__only_imu__qwen3_8b,qwen3_8b,only_imu,edge,head,"head_imu_left,head_imu_right",15188,60752,0,70403,779264,0.34391199915262405,0.35523399974408676,0.022559999706572853,168,2.1344,10.0,8.96e-05
nymeria,cpu,fixed_resampling,nymeria__only_imu__qwen3_8b,qwen3_8b,only_imu,edge,left_wrist,"left_wrist_imu_left,left_wrist_imu_right",15188,60752,0,70403,779264,0.32513199948880356,0.3421870000238414,0.022449999960372224,168,2.1344,10.0,8.96e-05
nymeria,cpu,fixed_resampling,nymeria__only_imu__qwen3_8b,qwen3_8b,only_imu,edge,observer,"observer_imu_left,observer_imu_right",15188,60752,0,70403,779264,0.32643099984852597,0.33675489994493546,0.022419999368139543,168,2.1344,10.0,8.96e-05
nymeria,cpu,fixed_resampling,nymeria__only_imu__qwen3_8b,qwen3_8b,only_imu,edge,right_wrist,"right_wrist_imu_left,right_wrist_imu_right",15188,60752,0,70403,779264,0.323341999319382,0.3340160002153425,0.022629999875789508,168,2.1344,10.0,8.96e-05
nymeria,cpu,fixed_resampling,nymeria__only_imu__qwen3_8b,qwen3_8b,only_imu,core,core,,36084,144336,0,156270,4461952,0.4988029995729448,0.5313200003001839,0.07205000019894214,,,,
nymeria,cpu,fixed_resampling,nymeria__only_imu__qwen3_8b,qwen3_8b,only_imu,core,core_language,,8207651840,16449136640,256,,1981988619904,2677.45124799967,2679.6589785994,2.821735999532393,,,,
nymeria,cpu,finetune_encoders,nymeria__only_imu__qwen3_8b,qwen3_8b,only_imu,edge,head,"head_imu_left,head_imu_right",15188,60752,0,70403,786176,0.4817929993805592,0.5298620001667587,0.023190000320028048,168,2.1344,10.0,8.96e-05
nymeria,cpu,finetune_encoders,nymeria__only_imu__qwen3_8b,qwen3_8b,only_imu,edge,left_wrist,"left_wrist_imu_left,left_wrist_imu_right",15188,60752,0,70403,786176,0.4530620008154074,0.48084590043799835,0.023460000193153974,168,2.1344,10.0,8.96e-05
nymeria,cpu,finetune_encoders,nymeria__only_imu__qwen3_8b,qwen3_8b,only_imu,edge,observer,"observer_imu_left,observer_imu_right",15188,60752,0,70403,786176,0.44768199950340204,0.47389090022988967,0.023099999452824704,168,2.1344,10.0,8.96e-05
nymeria,cpu,finetune_encoders,nymeria__only_imu__qwen3_8b,qwen3_8b,only_imu,edge,right_wrist,"right_wrist_imu_left,right_wrist_imu_right",15188,60752,0,70403,786176,0.4510419994403492,0.46152790027917945,0.023520000468124636,168,2.1344,10.0,8.96e-05
nymeria,cpu,finetune_encoders,nymeria__only_imu__qwen3_8b,qwen3_8b,only_imu,core,core,,36084,144336,0,156270,4461952,0.4976030004399945,0.5324779999682505,0.06998099979682593,,,,
nymeria,cpu,finetune_encoders,nymeria__only_imu__qwen3_8b,qwen3_8b,only_imu,core,core_language,,8207651840,16449136640,256,,1981988619904,2677.45124799967,2679.6589785994,2.871067000342009,,,,
nymeria,cpu,no_alignment,nymeria__only_imu__qwen3_8b,qwen3_8b,only_imu,edge,head,"head_imu_left,head_imu_right",15188,60752,0,70403,786176,0.459502000012435,0.48853689950192347,0.022420000277634244,168,2.1344,10.0,8.96e-05
nymeria,cpu,no_alignment,nymeria__only_imu__qwen3_8b,qwen3_8b,only_imu,edge,left_wrist,"left_wrist_imu_left,left_wrist_imu_right",15188,60752,0,70403,786176,0.4530930000328226,0.4703360998064454,0.022539999918080866,168,2.1344,10.0,8.96e-05
nymeria,cpu,no_alignment,nymeria__only_imu__qwen3_8b,qwen3_8b,only_imu,edge,observer,"observer_imu_left,observer_imu_right",15188,60752,0,70403,786176,0.45552299980045063,0.4839449996325129,0.022489999537356198,168,2.1344,10.0,8.96e-05
nymeria,cpu,no_alignment,nymeria__only_imu__qwen3_8b,qwen3_8b,only_imu,edge,right_wrist,"right_wrist_imu_left,right_wrist_imu_right",15188,60752,0,70403,786176,0.4474930001379107,0.470712099740922,0.022651000108453445,168,2.1344,10.0,8.96e-05
nymeria,cpu,no_alignment,nymeria__only_imu__qwen3_8b,qwen3_8b,only_imu,core,core,,36084,144336,0,156270,4461952,0.548602999515424,0.5562449001445202,0.115161000394437,,,,
nymeria,cpu,no_alignment,nymeria__only_imu__qwen3_8b,qwen3_8b,only_imu,core,core_language,,8207651840,16449136640,256,,1981988619904,2677.45124799967,2679.6589785994,2.812865999658243,,,,
nymeria,cpu,no_usage,nymeria__only_imu__qwen3_8b,qwen3_8b,only_imu,edge,head,"head_imu_left,head_imu_right",15188,60752,0,70403,786176,0.47004299995023757,0.4849379995903291,0.023209999199025333,168,2.1344,10.0,8.96e-05
nymeria,cpu,no_usage,nymeria__only_imu__qwen3_8b,qwen3_8b,only_imu,edge,left_wrist,"left_wrist_imu_left,left_wrist_imu_right",15188,60752,0,70403,786176,0.4658919997382327,0.5581519001680135,0.023040000087348744,168,2.1344,10.0,8.96e-05
nymeria,cpu,no_usage,nymeria__only_imu__qwen3_8b,qwen3_8b,only_imu,edge,observer,"observer_imu_left,observer_imu_right",15188,60752,0,70403,786176,0.45177299944043625,0.47175300014714594,0.02330999996047467,168,2.1344,10.0,8.96e-05
nymeria,cpu,no_usage,nymeria__only_imu__qwen3_8b,qwen3_8b,only_imu,edge,right_wrist,"right_wrist_imu_left,right_wrist_imu_right",15188,60752,0,70403,786176,0.4579129999910947,0.4754980994221114,0.022930999875825364,168,2.1344,10.0,8.96e-05
nymeria,cpu,no_usage,nymeria__only_imu__qwen3_8b,qwen3_8b,only_imu,core,core,,36084,144336,0,156270,4461952,0.4992829999537207,0.5287849998239835,0.07007000021985732,,,,
nymeria,cpu,no_usage,nymeria__only_imu__qwen3_8b,qwen3_8b,only_imu,core,core_language,,8207651840,16449136640,256,,1981988619904,2677.45124799967,2679.6589785994,3.455750000284752,,,,
nymeria,cpu,tcn,nymeria__only_imu__qwen3_8b,qwen3_8b,only_imu,edge,head,"head_imu_left,head_imu_right",0,0,0,0,0,0.0005499996404978447,0.0010360002306697425,0.05463999968924327,154144,125.3152,10.0,0.08221013333333334
nymeria,cpu,tcn,nymeria__only_imu__qwen3_8b,qwen3_8b,only_imu,edge,left_wrist,"left_wrist_imu_left,left_wrist_imu_right",0,0,0,0,0,0.0005399997462518513,0.0007020004886726383,0.053669999942940194,154144,125.3152,10.0,0.08221013333333334
nymeria,cpu,tcn,nymeria__only_imu__qwen3_8b,qwen3_8b,only_imu,edge,observer,"observer_imu_left,observer_imu_right",0,0,0,0,0,0.0005699994289898314,0.0006600001142942347,0.053871000091021415,154144,125.3152,10.0,0.08221013333333334
nymeria,cpu,tcn,nymeria__only_imu__qwen3_8b,qwen3_8b,only_imu,edge,right_wrist,"right_wrist_imu_left,right_wrist_imu_right",0,0,0,0,0,0.0005900001269765198,0.0005990000317979138,0.052461000450421125,154144,125.3152,10.0,0.08221013333333334
nymeria,cpu,tcn,nymeria__only_imu__qwen3_8b,qwen3_8b,only_imu,core,core,,15908,63632,0,80449,950400,1.4398479997907998,1.46296990042174,0.0791809998190729,,,,
nymeria,cpu,tcn,nymeria__only_imu__qwen3_8b,qwen3_8b,only_imu,core,core_language,,8207651840,16449136640,256,,1531790898816,2577.665574999628,2615.724706600031,2.0202320001772023,,,,
nymeria,cpu,ts_transformer,nymeria__only_imu__qwen3_8b,qwen3_8b,only_imu,edge,head,"head_imu_left,head_imu_right",0,0,0,0,0,0.0006199998097144999,0.0009529995622870047,0.05453999983728863,154144,125.3152,10.0,0.08221013333333334
nymeria,cpu,ts_transformer,nymeria__only_imu__qwen3_8b,qwen3_8b,only_imu,edge,left_wrist,"left_wrist_imu_left,left_wrist_imu_right",0,0,0,0,0,0.0006000000212225132,0.0007170004209910985,0.053870000556344166,154144,125.3152,10.0,0.08221013333333334
nymeria,cpu,ts_transformer,nymeria__only_imu__qwen3_8b,qwen3_8b,only_imu,edge,observer,"observer_imu_left,observer_imu_right",0,0,0,0,0,0.0005499996404978447,0.0006129997927928343,0.0528110003870097,154144,125.3152,10.0,0.08221013333333334
nymeria,cpu,ts_transformer,nymeria__only_imu__qwen3_8b,qwen3_8b,only_imu,edge,right_wrist,"right_wrist_imu_left,right_wrist_imu_right",0,0,0,0,0,0.0006000000212225132,0.0006269997356866952,0.05298999985825503,154144,125.3152,10.0,0.08221013333333334
nymeria,cpu,ts_transformer,nymeria__only_imu__qwen3_8b,qwen3_8b,only_imu,core,core,,28772,115088,0,135517,1998976,1.4635480001743417,1.5018619005786604,0.07515000015700934,,,,
nymeria,cpu,ts_transformer,nymeria__only_imu__qwen3_8b,qwen3_8b,only_imu,core,core_language,,8207651840,16449136640,256,,1531790898816,2577.665574999628,2615.724706600031,2.004031000069517,,,,
nymeria,cpu,patchtst,nymeria__only_imu__qwen3_8b,qwen3_8b,only_imu,edge,head,"head_imu_left,head_imu_right",0,0,0,0,0,0.0006199998097144999,0.0009979999049392063,0.054009999985282775,154144,125.3152,10.0,0.08221013333333334
nymeria,cpu,patchtst,nymeria__only_imu__qwen3_8b,qwen3_8b,only_imu,edge,left_wrist,"left_wrist_imu_left,left_wrist_imu_right",0,0,0,0,0,0.0005500005499925464,0.0006760000360372942,0.05253000017546583,154144,125.3152,10.0,0.08221013333333334
nymeria,cpu,patchtst,nymeria__only_imu__qwen3_8b,qwen3_8b,only_imu,edge,observer,"observer_imu_left,observer_imu_right",0,0,0,0,0,0.0005600004442385398,0.0006139998731669039,0.05233999945630785,154144,125.3152,10.0,0.08221013333333334
nymeria,cpu,patchtst,nymeria__only_imu__qwen3_8b,qwen3_8b,only_imu,edge,right_wrist,"right_wrist_imu_left,right_wrist_imu_right",0,0,0,0,0,0.000529999852005858,0.0006019999091222417,0.053169999773672316,154144,125.3152,10.0,0.08221013333333334
nymeria,cpu,patchtst,nymeria__only_imu__qwen3_8b,qwen3_8b,only_imu,core,core,,27236,108944,0,129373,17322496,1.6393089999837684,1.9126858000163338,0.0930599999264814,,,,
nymeria,cpu,patchtst,nymeria__only_imu__qwen3_8b,qwen3_8b,only_imu,core,core_language,,8207651840,16449136640,256,,1180914428416,2493.555767000089,2497.990374800065,1.1302359998808242,,,,
nymeria,cpu,distrixsense,nymeria__only_joint_angles__qwen3_8b,qwen3_8b,only_joint_angles,edge,xsens,joint_angles,22714,90856,0,95987,1352704,0.23515100019722013,0.25276490014221054,0.012170000445621554,81,2.0648,10.0,4.32e-05
nymeria,cpu,distrixsense,nymeria__only_joint_angles__qwen3_8b,qwen3_8b,only_joint_angles,core,core,,28468,113872,0,125806,486848,0.2244810002594022,0.25162500051010284,0.009870000212686136,,,,
nymeria,cpu,distrixsense,nymeria__only_joint_angles__qwen3_8b,qwen3_8b,only_joint_angles,core,core_language,,8207651840,16449136640,256,,999223468928,2462.1520710002187,2464.5403722000083,1.0746460002337699,,,,
nymeria,cpu,dense,nymeria__only_joint_angles__qwen3_8b,qwen3_8b,only_joint_angles,edge,xsens,joint_angles,19282,77128,0,80269,1221120,0.1770310000210884,0.19900900006177835,0.008619999789516442,4324,5.4592,10.0,0.0023061333333333333
nymeria,cpu,dense,nymeria__only_joint_angles__qwen3_8b,qwen3_8b,only_joint_angles,core,core,,27444,109776,0,121393,1993664,0.2111409994540736,0.23943699980009114,0.006390000635292381,,,,
nymeria,cpu,dense,nymeria__only_joint_angles__qwen3_8b,qwen3_8b,only_joint_angles,core,core_language,,8207651840,16449136640,256,,1335682674560,2532.1091860000706,2561.775207399978,1.7915199996423326,,,,
nymeria,cpu,dense_tokens,nymeria__only_joint_angles__qwen3_8b,qwen3_8b,only_joint_angles,edge,xsens,joint_angles,21658,86632,0,91257,1336320,0.23071199939295184,0.24991709969981457,0.007829999958630651,1100,2.88,10.0,0.0005866666666666667
nymeria,cpu,dense_tokens,nymeria__only_joint_angles__qwen3_8b,qwen3_8b,only_joint_angles,core,core,,27444,109776,0,121393,486848,0.19405100010772003,0.22077199992054375,0.006299999768089037,,,,
nymeria,cpu,dense_tokens,nymeria__only_joint_angles__qwen3_8b,qwen3_8b,only_joint_angles,core,core_language,,8207651840,16449136640,256,,999223468928,2462.1520710002187,2464.5403722000083,1.0224759998891386,,,,
nymeria,cpu,raw,nymeria__only_joint_angles__qwen3_8b,qwen3_8b,only_joint_angles,edge,xsens,joint_angles,0,0,0,0,0,0.000559999534743838,0.0008389998583879787,0.023489999875891954,205452,166.3616,10.0,0.1095744
nymeria,cpu,raw,nymeria__only_joint_angles__qwen3_8b,qwen3_8b,only_joint_angles,core,core,,46726,186904,0,201113,3214784,0.4570029996102676,0.495027999386366,0.015130000065255444,,,,
nymeria,cpu,raw,nymeria__only_joint_angles__qwen3_8b,qwen3_8b,only_joint_angles,core,core_language,,8207651840,16449136640,256,,1335682674560,2532.1091860000706,2561.775207399978,1.7723599994496908,,,,
nymeria,cpu,early_fusion,nymeria__only_joint_angles__qwen3_8b,qwen3_8b,only_joint_angles,edge,xsens,joint_angles,0,0,0,0,0,0.0005499996404978447,0.0008020002496778034,0.024140999812516384,205452,166.3616,10.0,0.1095744
nymeria,cpu,early_fusion,nymeria__only_joint_angles__qwen3_8b,qwen3_8b,only_joint_angles,core,core,,34822,139288,0,152863,2454976,0.45996300013939617,0.4862880000473524,0.015010999959486071,,,,
nymeria,cpu,early_fusion,nymeria__only_joint_angles__qwen3_8b,qwen3_8b,only_joint_angles,core,core_language,,8207651840,16449136640,256,,1335682674560,2532.1091860000706,2561.775207399978,1.7549900003359653,,,,
nymeria,cpu,late_fusion,nymeria__only_joint_angles__qwen3_8b,qwen3_8b,only_joint_angles,edge,xsens,joint_angles,19612,78448,0,81989,1221760,0.19624099968496012,0.21525799993469263,0.007859999641368631,88,2.0704,10.0,4.6933333333333333e-05
nymeria,cpu,late_fusion,nymeria__only_joint_angles__qwen3_8b,qwen3_8b,only_joint_angles,core,core,,0,0,0,0,0,0.0237300000662799,0.030731999686395284,0.005859999873791821,,,,
nymeria,cpu,late_fusion,nymeria__only_joint_angles__qwen3_8b,qwen3_8b,only_joint_angles,core,core_language,,8190735360,16381470720,256,,1124741163008,2531.34547100035,2544.0155395998318,0.1847909998105024,,,,
nymeria,cpu,local_only,nymeria__only_joint_angles__qwen3_8b,qwen3_8b,only_joint_angles,edge,xsens,joint_angles,19612,78448,0,81989,1221760,0.1872709999588551,0.20556799963742378,0.007849999747122638,52,2.0416,10.0,2.7733333333333334e-05
nymeria,cpu,local_only,nymeria__only_joint_angles__qwen3_8b,qwen3_8b,only_joint_angles,core,core,,0,0,0,0,0,0.028050000764778815,0.03588900053728139,0.005869999768037815,,,,
nymeria,cpu,local_only,nymeria__only_joint_angles__qwen3_8b,qwen3_8b,only_joint_angles,core,core_language,,8190735360,16381470720,256,,1124741163008,2531.34547100035,2544.0155395998318,0.1857110000855755,,,,
nymeria,cpu,bottleneck,nymeria__only_joint_angles__qwen3_8b,qwen3_8b,only_joint_angles,edge,xsens,joint_angles,19414,77656,0,81221,1229312,0.1960910003617755,0.21316400070645614,0.009020000106829684,684,2.5472,10.0,0.0003648
nymeria,cpu,bottleneck,nymeria__only_joint_angles__qwen3_8b,qwen3_8b,only_joint_angles,core,core,,27604,110416,0,122603,2001856,0.21479099996213336,0.23937989981277497,0.00613999964116374,,,,
nymeria,cpu,bottleneck,nymeria__only_joint_angles__qwen3_8b,qwen3_8b,only_joint_angles,core,core_language,,8207651840,16449136640,256,,1335682674560,2532.1091860000706,2561.775207399978,1.7557300006956211,,,,
nymeria,cpu,tokenlearner,nymeria__only_joint_angles__qwen3_8b,qwen3_8b,only_joint_angles,edge,xsens,joint_angles,20602,82408,0,86463,1319936,0.2357219991608872,0.24743009935264126,0.008199999683711212,1100,2.88,10.0,0.0005866666666666667
nymeria,cpu,tokenlearner,nymeria__only_joint_angles__qwen3_8b,qwen3_8b,only_joint_angles,core,core,,27444,109776,0,121393,486848,0.19428099949436728,0.2199309999923571,0.006309999662335031,,,,
nymeria,cpu,tokenlearner,nymeria__only_joint_angles__qwen3_8b,qwen3_8b,only_joint_angles,core,core_language,,8207651840,16449136640,256,,999223468928,2462.1520710002187,2464.5403722000083,1.048525999976846,,,,
nymeria,cpu,posthoc_vq,nymeria__only_joint_angles__qwen3_8b,qwen3_8b,only_joint_angles,edge,xsens,joint_angles,20306,81224,0,84617,1286656,0.2861319999283296,0.2999649993398634,0.01384999995934777,192,2.1536,10.0,0.0001024
nymeria,cpu,posthoc_vq,nymeria__only_joint_angles__qwen3_8b,qwen3_8b,only_joint_angles,core,core,,28468,113872,0,125806,1993664,0.24516200028301682,0.26961500034303754,0.010269999620504677,,,,
nymeria,cpu,posthoc_vq,nymeria__only_joint_angles__qwen3_8b,qwen3_8b,only_joint_angles,core,core_language,,8207651840,16449136640,256,,1335682674560,2532.1091860000706,2561.775207399978,1.7876299998533796,,,,
nymeria,cpu,joint_vq,nymeria__only_joint_angles__qwen3_8b,qwen3_8b,only_joint_angles,edge,xsens,joint_angles,22682,90728,0,95606,1352704,0.3333220001877635,0.35079999952358776,0.01244000031874748,81,2.0648,10.0,4.32e-05
nymeria,cpu,joint_vq,nymeria__only_joint_angles__qwen3_8b,qwen3_8b,only_joint_angles,core,core,,28468,113872,0,125806,486848,0.22374099989974638,0.2511559001504793,0.00985000042419415,,,,
nymeria,cpu,joint_vq,nymeria__only_joint_angles__qwen3_8b,qwen3_8b,only_joint_angles,core,core_language,,8207651840,16449136640,256,,999223468928,2462.1520710002187,2464.5403722000083,0.9916959998008679,,,,
nymeria,cpu,deepconvlstm,nymeria__only_joint_angles__qwen3_8b,qwen3_8b,only_joint_angles,edge,xsens,joint_angles,0,0,0,0,0,0.0005499996404978447,0.0008830002116155811,0.02350999966438394,205452,166.3616,10.0,0.1095744
nymeria,cpu,deepconvlstm,nymeria__only_joint_angles__qwen3_8b,qwen3_8b,only_joint_angles,core,core,,48860,195440,0,202209,3056768,0.3748120007003308,0.4083279998667422,0.014899999769113492,,,,
nymeria,cpu,deepconvlstm,nymeria__only_joint_angles__qwen3_8b,qwen3_8b,only_joint_angles,core,core_language,,8207651840,16449136640,256,,1335682674560,2532.1091860000706,2561.775207399978,1.7696909999358468,,,,
nymeria,cpu,unrestricted_bank,nymeria__only_joint_angles__qwen3_8b,qwen3_8b,only_joint_angles,edge,xsens,joint_angles,22714,90856,0,95987,1352704,0.2537119999033166,0.2630621004755085,0.01261000033991877,81,2.0648,10.0,4.32e-05
nymeria,cpu,unrestricted_bank,nymeria__only_joint_angles__qwen3_8b,qwen3_8b,only_joint_angles,core,core,,28468,113872,0,125806,486848,0.20765099998243386,0.22828799947092193,0.009719999980006833,,,,
nymeria,cpu,unrestricted_bank,nymeria__only_joint_angles__qwen3_8b,qwen3_8b,only_joint_angles,core,core_language,,8207651840,16449136640,256,,999223468928,2462.1520710002187,2464.5403722000083,0.9964159999071853,,,,
nymeria,cpu,separate_banks,nymeria__only_joint_angles__qwen3_8b,qwen3_8b,only_joint_angles,edge,xsens,joint_angles,22714,90856,0,95987,1352704,0.24207099977502367,0.2626639001391595,0.016179999875021167,81,2.0648,10.0,4.32e-05
nymeria,cpu,separate_banks,nymeria__only_joint_angles__qwen3_8b,qwen3_8b,only_joint_angles,core,core,,28468,113872,0,125806,486848,0.2314509993084357,0.2643198999976448,0.009920000593410805,,,,
nymeria,cpu,separate_banks,nymeria__only_joint_angles__qwen3_8b,qwen3_8b,only_joint_angles,core,core_language,,8207651840,16449136640,256,,999223468928,2462.1520710002187,2464.5403722000083,0.984596000307647,,,,
nymeria,cpu,fixed_resampling,nymeria__only_joint_angles__qwen3_8b,qwen3_8b,only_joint_angles,edge,xsens,joint_angles,22714,90856,0,95987,1034752,0.1621609999347129,0.18411199944239343,0.012909999895782676,81,2.0648,10.0,4.32e-05
nymeria,cpu,fixed_resampling,nymeria__only_joint_angles__qwen3_8b,qwen3_8b,only_joint_angles,core,core,,28468,113872,0,125806,486848,0.2416120005364064,0.2533750005568436,0.01027999951475067,,,,
nymeria,cpu,fixed_resampling,nymeria__only_joint_angles__qwen3_8b,qwen3_8b,only_joint_angles,core,core_language,,8207651840,16449136640,256,,999223468928,2462.1520710002187,2464.5403722000083,0.9805260006032768,,,,
nymeria,cpu,finetune_encoders,nymeria__only_joint_angles__qwen3_8b,qwen3_8b,only_joint_angles,edge,xsens,joint_angles,22714,90856,0,95987,1352704,0.24254100026155356,0.25976790020649787,0.012309999874560162,81,2.0648,10.0,4.32e-05
nymeria,cpu,finetune_encoders,nymeria__only_joint_angles__qwen3_8b,qwen3_8b,only_joint_angles,core,core,,28468,113872,0,125806,486848,0.361022000106459,0.3735868994226621,0.013539999599743169,,,,
nymeria,cpu,finetune_encoders,nymeria__only_joint_angles__qwen3_8b,qwen3_8b,only_joint_angles,core,core_language,,8207651840,16449136640,256,,999223468928,2462.1520710002187,2464.5403722000083,1.634348999687063,,,,
nymeria,cpu,no_alignment,nymeria__only_joint_angles__qwen3_8b,qwen3_8b,only_joint_angles,edge,xsens,joint_angles,22714,90856,0,95987,1352704,0.2999120006279554,0.3306830001747585,0.01784999949450139,81,2.0648,10.0,4.32e-05
nymeria,cpu,no_alignment,nymeria__only_joint_angles__qwen3_8b,qwen3_8b,only_joint_angles,core,core,,28468,113872,0,125806,486848,0.2843310003299848,0.31488689928664826,0.013169999874662608,,,,
nymeria,cpu,no_alignment,nymeria__only_joint_angles__qwen3_8b,qwen3_8b,only_joint_angles,core,core_language,,8207651840,16449136640,256,,999223468928,2462.1520710002187,2464.5403722000083,0.9914860002027126,,,,
nymeria,cpu,no_usage,nymeria__only_joint_angles__qwen3_8b,qwen3_8b,only_joint_angles,edge,xsens,joint_angles,22714,90856,0,95987,1352704,0.26484199952392373,0.28503799958343734,0.012290000086068176,81,2.0648,10.0,4.32e-05
nymeria,cpu,no_usage,nymeria__only_joint_angles__qwen3_8b,qwen3_8b,only_joint_angles,core,core,,28468,113872,0,125806,486848,0.2546519999668817,0.27895200000784826,0.009760000466485508,,,,
nymeria,cpu,no_usage,nymeria__only_joint_angles__qwen3_8b,qwen3_8b,only_joint_angles,core,core_language,,8207651840,16449136640,256,,999223468928,2462.1520710002187,2464.5403722000083,0.969326000813453,,,,
nymeria,cpu,tcn,nymeria__only_joint_angles__qwen3_8b,qwen3_8b,only_joint_angles,edge,xsens,joint_angles,0,0,0,0,0,0.0005000001692678779,0.0008779994459473528,0.028110999664932024,205452,166.3616,10.0,0.1095744
nymeria,cpu,tcn,nymeria__only_joint_angles__qwen3_8b,qwen3_8b,only_joint_angles,core,core,,20710,82840,0,91093,1268928,0.40999199973157374,0.4351569000391464,0.014510000255540945,,,,
nymeria,cpu,tcn,nymeria__only_joint_angles__qwen3_8b,qwen3_8b,only_joint_angles,core,core_language,,8207651840,16449136640,256,,1335682674560,2532.1091860000706,2561.775207399978,1.9990610007880605,,,,
nymeria,cpu,ts_transformer,nymeria__only_joint_angles__qwen3_8b,qwen3_8b,only_joint_angles,edge,xsens,joint_angles,0,0,0,0,0,0.0005100000635138713,0.0008519997209077701,0.027850000151374843,205452,166.3616,10.0,0.1095744
nymeria,cpu,ts_transformer,nymeria__only_joint_angles__qwen3_8b,qwen3_8b,only_joint_angles,core,core,,33574,134296,0,146033,2317504,0.46076299986452796,0.47996900057114544,0.014590000319003593,,,,
nymeria,cpu,ts_transformer,nymeria__only_joint_angles__qwen3_8b,qwen3_8b,only_joint_angles,core,core_language,,8207651840,16449136640,256,,1335682674560,2532.1091860000706,2561.775207399978,1.7341600005238433,,,,
nymeria,cpu,patchtst,nymeria__only_joint_angles__qwen3_8b,qwen3_8b,only_joint_angles,edge,xsens,joint_angles,0,0,0,0,0,0.0005199999577598646,0.0007360001291090157,0.024359999770240393,205452,166.3616,10.0,0.1095744
nymeria,cpu,patchtst,nymeria__only_joint_angles__qwen3_8b,qwen3_8b,only_joint_angles,core,core,,31590,126360,0,138097,25176384,0.6251630002225284,0.666815899694484,0.014719999853696208,,,,
nymeria,cpu,patchtst,nymeria__only_joint_angles__qwen3_8b,qwen3_8b,only_joint_angles,core,core_language,,8207651840,16449136640,256,,985219080960,2466.0282720001305,2468.811674100243,1.0029259992734296,,,,
nymeria,cpu,distrixsense,nymeria__only_magnetometer__qwen3_8b,qwen3_8b,only_magnetometer,edge,head,head_magnetometer,7072,28288,0,33459,360064,0.2085109999825363,0.23053489994708798,0.012330000572546851,82,2.0656,10.0,4.373333333333333e-05
nymeria,cpu,distrixsense,nymeria__only_magnetometer__qwen3_8b,qwen3_8b,only_magnetometer,edge,observer,observer_magnetometer,7072,28288,0,33459,360064,0.2116819996444974,0.21832310021636658,0.012299999980314169,82,2.0656,10.0,4.373333333333333e-05
nymeria,cpu,distrixsense,nymeria__only_magnetometer__qwen3_8b,qwen3_8b,only_magnetometer,core,core,,29556,118224,0,130158,956416,0.26755099952424644,0.303380900004413,0.017280000065511558,,,,
nymeria,cpu,distrixsense,nymeria__only_magnetometer__qwen3_8b,qwen3_8b,only_magnetometer,core,core_language,,8207651840,16449136640,256,,1139264596096,2491.7344820000835,2492.2339054997337,1.202116000058595,,,,
nymeria,cpu,dense,nymeria__only_magnetometer__qwen3_8b,qwen3_8b,only_magnetometer,edge,head,head_magnetometer,3640,14560,0,17741,228480,0.15298000016628066,0.17135890020654188,0.00928999997995561,4324,5.4592,10.0,0.0023061333333333333
nymeria,cpu,dense,nymeria__only_magnetometer__qwen3_8b,qwen3_8b,only_magnetometer,edge,observer,observer_magnetometer,3640,14560,0,17741,228480,0.14854100027150707,0.15736999939690577,0.009330000466434285,4324,5.4592,10.0,0.0023061333333333333
nymeria,cpu,dense,nymeria__only_magnetometer__qwen3_8b,qwen3_8b,only_magnetometer,core,core,,27508,110032,0,121649,4461568,0.2605320005386602,0.29017799970461056,0.011869999980262946,,,,
nymeria,cpu,dense,nymeria__only_magnetometer__qwen3_8b,qwen3_8b,only_magnetometer,core,core_language,,8207651840,16449136640,256,,1813428715648,2646.493525999631,2647.8795583998817,2.7640360003715614,,,,
nymeria,cpu,dense_tokens,nymeria__only_magnetometer__qwen3_8b,qwen3_8b,only_magnetometer,edge,head,head_magnetometer,6016,24064,0,28729,343680,0.20902199958072742,0.23216010004034615,0.008680000064487103,1100,2.88,10.0,0.0005866666666666667
nymeria,cpu,dense_tokens,nymeria__only_magnetometer__qwen3_8b,qwen3_8b,only_magnetometer,edge,observer,observer_magnetometer,6016,24064,0,28729,343680,0.19638100002339343,0.2115279994541197,0.00838999949337449,1100,2.88,10.0,0.0005866666666666667
nymeria,cpu,dense_tokens,nymeria__only_magnetometer__qwen3_8b,qwen3_8b,only_magnetometer,core,core,,27508,110032,0,121649,956416,0.2254110004287213,0.24930600065999897,0.011399999493733048,,,,
nymeria,cpu,dense_tokens,nymeria__only_magnetometer__qwen3_8b,qwen3_8b,only_magnetometer,core,core_language,,8207651840,16449136640,256,,1139264596096,2491.7344820000835,2492.2339054997337,1.1920870001631556,,,,
nymeria,cpu,raw,nymeria__only_magnetometer__qwen3_8b,qwen3_8b,only_magnetometer,edge,head,head_magnetometer,0,0,0,0,0,0.0005400006557465531,0.0007830005415598862,0.009020000106829684,524,2.4192,10.0,0.00027946666666666667
nymeria,cpu,raw,nymeria__only_magnetometer__qwen3_8b,qwen3_8b,only_magnetometer,edge,observer,observer_magnetometer,0,0,0,0,0,0.0004500006980379112,0.0004950002221448813,0.008679999154992402,524,2.4192,10.0,0.00027946666666666667
nymeria,cpu,raw,nymeria__only_magnetometer__qwen3_8b,qwen3_8b,only_magnetometer,core,core,,34788,139152,0,156097,4918528,0.6292429998211446,0.6545429003381287,0.011580999853322282,,,,
nymeria,cpu,raw,nymeria__only_magnetometer__qwen3_8b,qwen3_8b,only_magnetometer,core,core_language,,8207651840,16449136640,256,,1813428715648,2646.493525999631,2647.8795583998817,2.7417350001996965,,,,
nymeria,cpu,early_fusion,nymeria__only_magnetometer__qwen3_8b,qwen3_8b,only_magnetometer,edge,head,head_magnetometer,0,0,0,0,0,0.0005199999577598646,0.0008170000910467934,0.009381000381836202,524,2.4192,10.0,0.00027946666666666667
nymeria,cpu,early_fusion,nymeria__only_magnetometer__qwen3_8b,qwen3_8b,only_magnetometer,edge,observer,observer_magnetometer,0,0,0,0,0,0.0004900002750218846,0.0006159997610666323,0.009210000825987663,524,2.4192,10.0,0.00027946666666666667
nymeria,cpu,early_fusion,nymeria__only_magnetometer__qwen3_8b,qwen3_8b,only_magnetometer,core,core,,27844,111376,0,126419,2012416,0.5588340000031167,0.6062991002181661,0.01151999913417967,,,,
nymeria,cpu,early_fusion,nymeria__only_magnetometer__qwen3_8b,qwen3_8b,only_magnetometer,core,core_language,,8207651840,16449136640,256,,1363683979392,2552.962512999784,2565.6075147999672,1.7278900004384923,,,,
nymeria,cpu,late_fusion,nymeria__only_magnetometer__qwen3_8b,qwen3_8b,only_magnetometer,edge,head,head_magnetometer,3970,15880,0,19461,229120,0.1688110005488852,0.18848500039894134,0.007869999535614625,88,2.0704,10.0,4.6933333333333333e-05
nymeria,cpu,late_fusion,nymeria__only_magnetometer__qwen3_8b,qwen3_8b,only_magnetometer,edge,observer,observer_magnetometer,3970,15880,0,19461,229120,0.1602909997018287,0.17440299943700666,0.007749999895168003,88,2.0704,10.0,4.6933333333333333e-05
nymeria,cpu,late_fusion,nymeria__only_magnetometer__qwen3_8b,qwen3_8b,only_magnetometer,core,core,,0,0,0,0,0,0.029549999453593045,0.036110999644733965,0.01123000038205646,,,,
nymeria,cpu,late_fusion,nymeria__only_magnetometer__qwen3_8b,qwen3_8b,only_magnetometer,core,core_language,,8190735360,16381470720,256,,1152707078400,2535.1087139997617,2558.728436399815,0.18755099972622702,,,,
nymeria,cpu,local_only,nymeria__only_magnetometer__qwen3_8b,qwen3_8b,only_magnetometer,edge,head,head_magnetometer,3970,15880,0,19461,229120,0.16303099982906133,0.1779350001925195,0.00802000067778863,52,2.0416,10.0,2.7733333333333334e-05
nymeria,cpu,local_only,nymeria__only_magnetometer__qwen3_8b,qwen3_8b,only_magnetometer,edge,observer,observer_magnetometer,3970,15880,0,19461,229120,0.16363100075977854,0.17102000037994003,0.007919999916339293,52,2.0416,10.0,2.7733333333333334e-05
nymeria,cpu,local_only,nymeria__only_magnetometer__qwen3_8b,qwen3_8b,only_magnetometer,core,core,,0,0,0,0,0,0.03711000044859247,0.04437299976416398,0.010590000783849973,,,,
nymeria,cpu,local_only,nymeria__only_magnetometer__qwen3_8b,qwen3_8b,only_magnetometer,core,core_language,,8190735360,16381470720,256,,1152707078400,2535.1087139997617,2558.728436399815,0.21830199966643704,,,,
nymeria,cpu,bottleneck,nymeria__only_magnetometer__qwen3_8b,qwen3_8b,only_magnetometer,edge,head,head_magnetometer,3772,15088,0,18693,236672,0.20366100034152623,0.2202759002102539,0.012660000720643438,684,2.5472,10.0,0.0003648
nymeria,cpu,bottleneck,nymeria__only_magnetometer__qwen3_8b,qwen3_8b,only_magnetometer,edge,observer,observer_magnetometer,3772,15088,0,18693,236672,0.19771100051002577,0.21126500041646068,0.012380000043776818,684,2.5472,10.0,0.0003648
nymeria,cpu,bottleneck,nymeria__only_magnetometer__qwen3_8b,qwen3_8b,only_magnetometer,core,core,,27828,111312,0,124133,4477952,0.35165200006304076,0.3658900001028087,0.01565000002301531,,,,
nymeria,cpu,bottleneck,nymeria__only_magnetometer__qwen3_8b,qwen3_8b,only_magnetometer,core,core_language,,8207651840,16449136640,256,,1813428715648,2646.493525999631,2647.8795583998817,2.6931149996016757,,,,
nymeria,cpu,tokenlearner,nymeria__only_magnetometer__qwen3_8b,qwen3_8b,only_magnetometer,edge,head,head_magnetometer,4960,19840,0,23935,327296,0.2060209999399376,0.23041099984766333,0.008510000043315813,1100,2.88,10.0,0.0005866666666666667
nymeria,cpu,tokenlearner,nymeria__only_magnetometer__qwen3_8b,qwen3_8b,only_magnetometer,edge,observer,observer_magnetometer,4960,19840,0,23935,327296,0.19748099930438912,0.22184399949765066,0.00825000006443588,1100,2.88,10.0,0.0005866666666666667
nymeria,cpu,tokenlearner,nymeria__only_magnetometer__qwen3_8b,qwen3_8b,only_magnetometer,core,core,,27508,110032,0,121649,956416,0.22617100057686912,0.24888700017982046,0.011639999684120994,,,,
nymeria,cpu,tokenlearner,nymeria__only_magnetometer__qwen3_8b,qwen3_8b,only_magnetometer,core,core_language,,8207651840,16449136640,256,,1139264596096,2491.7344820000835,2492.2339054997337,1.2499670001488994,,,,
nymeria,cpu,posthoc_vq,nymeria__only_magnetometer__qwen3_8b,qwen3_8b,only_magnetometer,edge,head,head_magnetometer,5688,22752,0,26185,294016,0.2617820000523352,0.27009710011043353,0.013290000424603932,196,2.1568,10.0,0.00010453333333333333
nymeria,cpu,posthoc_vq,nymeria__only_magnetometer__qwen3_8b,qwen3_8b,only_magnetometer,edge,observer,observer_magnetometer,5688,22752,0,26185,294016,0.24044099973252742,0.25752299998202943,0.01292000069952337,196,2.1568,10.0,0.00010453333333333333
nymeria,cpu,posthoc_vq,nymeria__only_magnetometer__qwen3_8b,qwen3_8b,only_magnetometer,core,core,,29556,118224,0,130158,4461568,0.314532000629697,0.3291569998509658,0.018570000065665226,,,,
nymeria,cpu,posthoc_vq,nymeria__only_magnetometer__qwen3_8b,qwen3_8b,only_magnetometer,core,core_language,,8207651840,16449136640,256,,1813428715648,2646.493525999631,2647.8795583998817,2.7030159999412717,,,,
nymeria,cpu,joint_vq,nymeria__only_magnetometer__qwen3_8b,qwen3_8b,only_magnetometer,edge,head,head_magnetometer,8064,32256,0,37174,360064,0.2895119996537687,0.31574610011375626,0.012329999663052149,82,2.0656,10.0,4.373333333333333e-05
nymeria,cpu,joint_vq,nymeria__only_magnetometer__qwen3_8b,qwen3_8b,only_magnetometer,edge,observer,observer_magnetometer,8064,32256,0,37174,360064,0.2760419993137475,0.29540999994424055,0.012409999726514798,82,2.0656,10.0,4.373333333333333e-05
nymeria,cpu,joint_vq,nymeria__only_magnetometer__qwen3_8b,qwen3_8b,only_magnetometer,core,core,,29556,118224,0,130158,956416,0.26662099935492733,0.29399090008155326,0.017209999896294903,,,,
nymeria,cpu,joint_vq,nymeria__only_magnetometer__qwen3_8b,qwen3_8b,only_magnetometer,core,core_language,,8207651840,16449136640,256,,1139264596096,2491.7344820000835,2492.2339054997337,1.9781410001087352,,,,
nymeria,cpu,deepconvlstm,nymeria__only_magnetometer__qwen3_8b,qwen3_8b,only_magnetometer,edge,head,head_magnetometer,0,0,0,0,0,0.0004899993655271828,0.0007150002602429595,0.008979999620351009,524,2.4192,10.0,0.00027946666666666667
nymeria,cpu,deepconvlstm,nymeria__only_magnetometer__qwen3_8b,qwen3_8b,only_magnetometer,edge,observer,observer_magnetometer,0,0,0,0,0,0.00048000038077589124,0.000570000247535063,0.008979999620351009,524,2.4192,10.0,0.00027946666666666667
nymeria,cpu,deepconvlstm,nymeria__only_magnetometer__qwen3_8b,qwen3_8b,only_magnetometer,core,core,,33722,134888,0,143061,2096000,0.5586130000665435,0.5928679000135162,0.01593000069988193,,,,
nymeria,cpu,deepconvlstm,nymeria__only_magnetometer__qwen3_8b,qwen3_8b,only_magnetometer,core,core_language,,8207651840,16449136640,256,,1363683979392,2552.962512999784,2565.6075147999672,1.7462599998907535,,,,
nymeria,cpu,unrestricted_bank,nymeria__only_magnetometer__qwen3_8b,qwen3_8b,only_magnetometer,edge,head,head_magnetometer,8128,32512,0,37683,376448,0.21957199987809872,0.23671609988014097,0.01249999968422344,82,2.0656,10.0,4.373333333333333e-05
nymeria,cpu,unrestricted_bank,nymeria__only_magnetometer__qwen3_8b,qwen3_8b,only_magnetometer,edge,observer,observer_magnetometer,8128,32512,0,37683,376448,0.2193809996242635,0.22406190046240226,0.01264000002265675,82,2.0656,10.0,4.373333333333333e-05
nymeria,cpu,unrestricted_bank,nymeria__only_magnetometer__qwen3_8b,qwen3_8b,only_magnetometer,core,core,,29556,118224,0,130158,956416,0.23482100004912354,0.2619028997287387,0.01728999995975755,,,,
nymeria,cpu,unrestricted_bank,nymeria__only_magnetometer__qwen3_8b,qwen3_8b,only_magnetometer,core,core_language,,8207651840,16449136640,256,,1139264596096,2491.7344820000835,2492.2339054997337,2.0025819994771155,,,,
nymeria,cpu,separate_banks,nymeria__only_magnetometer__qwen3_8b,qwen3_8b,only_magnetometer,edge,head,head_magnetometer,7072,28288,0,33459,360064,0.2636319995872327,0.2808849996654317,0.01748000067891553,82,2.0656,10.0,4.373333333333333e-05
nymeria,cpu,separate_banks,nymeria__only_magnetometer__qwen3_8b,qwen3_8b,only_magnetometer,edge,observer,observer_magnetometer,7072,28288,0,33459,360064,0.2563319994806079,0.2650980000908021,0.017870000192488078,82,2.0656,10.0,4.373333333333333e-05
nymeria,cpu,separate_banks,nymeria__only_magnetometer__qwen3_8b,qwen3_8b,only_magnetometer,core,core,,29556,118224,0,130475,956416,0.3404019998924923,0.3781029998208396,0.017490000573161524,,,,
nymeria,cpu,separate_banks,nymeria__only_magnetometer__qwen3_8b,qwen3_8b,only_magnetometer,core,core_language,,8207651840,16449136640,256,,1139264596096,2491.7344820000835,2492.2339054997337,2.0257819996913895,,,,
nymeria,cpu,fixed_resampling,nymeria__only_magnetometer__qwen3_8b,qwen3_8b,only_magnetometer,edge,head,head_magnetometer,7072,28288,0,33459,358912,0.1651109996601008,0.23843400022087735,0.013159999980416615,82,2.0656,10.0,4.373333333333333e-05
nymeria,cpu,fixed_resampling,nymeria__only_magnetometer__qwen3_8b,qwen3_8b,only_magnetometer,edge,observer,observer_magnetometer,7072,28288,0,33459,358912,0.1426010003342526,0.1507280003352207,0.012361000699456781,82,2.0656,10.0,4.373333333333333e-05
nymeria,cpu,fixed_resampling,nymeria__only_magnetometer__qwen3_8b,qwen3_8b,only_magnetometer,core,core,,29556,118224,0,130158,956416,0.2769619995888206,0.30447500002992456,0.01734999932523351,,,,
nymeria,cpu,fixed_resampling,nymeria__only_magnetometer__qwen3_8b,qwen3_8b,only_magnetometer,core,core_language,,8207651840,16449136640,256,,1139264596096,2491.7344820000835,2492.2339054997337,1.2797380004485603,,,,
nymeria,cpu,finetune_encoders,nymeria__only_magnetometer__qwen3_8b,qwen3_8b,only_magnetometer,edge,head,head_magnetometer,7072,28288,0,33459,360064,0.2138110003215843,0.2304339996953786,0.012690999938058667,82,2.0656,10.0,4.373333333333333e-05
nymeria,cpu,finetune_encoders,nymeria__only_magnetometer__qwen3_8b,qwen3_8b,only_magnetometer,edge,observer,observer_magnetometer,7072,28288,0,33459,360064,0.21169100000406615,0.23192299968286534,0.012700000297627412,82,2.0656,10.0,4.373333333333333e-05
nymeria,cpu,finetune_encoders,nymeria__only_magnetometer__qwen3_8b,qwen3_8b,only_magnetometer,core,core,,29556,118224,0,130158,956416,0.2649810003276798,0.29396189956969465,0.01751099989633076,,,,
nymeria,cpu,finetune_encoders,nymeria__only_magnetometer__qwen3_8b,qwen3_8b,only_magnetometer,core,core_language,,8207651840,16449136640,256,,1139264596096,2491.7344820000835,2492.2339054997337,1.9877020004059887,,,,
nymeria,cpu,no_alignment,nymeria__only_magnetometer__qwen3_8b,qwen3_8b,only_magnetometer,edge,head,head_magnetometer,7072,28288,0,33459,360064,0.26107200028491206,0.2789000996017421,0.017270999705942813,82,2.0656,10.0,4.373333333333333e-05
nymeria,cpu,no_alignment,nymeria__only_magnetometer__qwen3_8b,qwen3_8b,only_magnetometer,edge,observer,observer_magnetometer,7072,28288,0,33459,360064,0.25210199964931235,0.26883300033659907,0.017129999832832254,82,2.0656,10.0,4.373333333333333e-05
nymeria,cpu,no_alignment,nymeria__only_magnetometer__qwen3_8b,qwen3_8b,only_magnetometer,core,core,,29556,118224,0,130158,956416,0.33895199976541335,0.35983199995826,0.024369999664486386,,,,
nymeria,cpu,no_alignment,nymeria__only_magnetometer__qwen3_8b,qwen3_8b,only_magnetometer,core,core_language,,8207651840,16449136640,256,,1139264596096,2491.7344820000835,2492.2339054997337,1.208236999445944,,,,
nymeria,cpu,no_usage,nymeria__only_magnetometer__qwen3_8b,qwen3_8b,only_magnetometer,edge,head,head_magnetometer,7072,28288,0,33459,360064,0.22624099983659107,0.2362219998758519,0.012720000086119398,82,2.0656,10.0,4.373333333333333e-05
nymeria,cpu,no_usage,nymeria__only_magnetometer__qwen3_8b,qwen3_8b,only_magnetometer,edge,observer,observer_magnetometer,7072,28288,0,33459,360064,0.20998099989810726,0.21976400039420696,0.012480000805226155,82,2.0656,10.0,4.373333333333333e-05
nymeria,cpu,no_usage,nymeria__only_magnetometer__qwen3_8b,qwen3_8b,only_magnetometer,core,core,,29556,118224,0,130158,956416,0.27174099977855803,0.3001099005814467,0.017211000340466853,,,,
nymeria,cpu,no_usage,nymeria__only_magnetometer__qwen3_8b,qwen3_8b,only_magnetometer,core,core_language,,8207651840,16449136640,256,,1139264596096,2491.7344820000835,2492.2339054997337,2.017900999817357,,,,
nymeria,cpu,tcn,nymeria__only_magnetometer__qwen3_8b,qwen3_8b,only_magnetometer,edge,head,head_magnetometer,0,0,0,0,0,0.0005199999577598646,0.0008619996151537634,0.00963000002229819,524,2.4192,10.0,0.00027946666666666667
nymeria,cpu,tcn,nymeria__only_magnetometer__qwen3_8b,qwen3_8b,only_magnetometer,edge,observer,observer_magnetometer,0,0,0,0,0,0.0005000001692678779,0.00057199940783903,0.009330000466434285,524,2.4192,10.0,0.00027946666666666667
nymeria,cpu,tcn,nymeria__only_magnetometer__qwen3_8b,qwen3_8b,only_magnetometer,core,core,,13700,54800,0,64457,826368,0.5809029998999904,0.6258318999243784,0.01616000008652918,,,,
nymeria,cpu,tcn,nymeria__only_magnetometer__qwen3_8b,qwen3_8b,only_magnetometer,core,core_language,,8207651840,16449136640,256,,1363683979392,2552.962512999784,2565.6075147999672,1.7379589999109157,,,,
nymeria,cpu,ts_transformer,nymeria__only_magnetometer__qwen3_8b,qwen3_8b,only_magnetometer,edge,head,head_magnetometer,0,0,0,0,0,0.0004899993655271828,0.0009039998985826969,0.009039999895321671,524,2.4192,10.0,0.00027946666666666667
nymeria,cpu,ts_transformer,nymeria__only_magnetometer__qwen3_8b,qwen3_8b,only_magnetometer,edge,observer,observer_magnetometer,0,0,0,0,0,0.00043000000005122274,0.0005740001142839901,0.008520999472239055,524,2.4192,10.0,0.00027946666666666667
nymeria,cpu,ts_transformer,nymeria__only_magnetometer__qwen3_8b,qwen3_8b,only_magnetometer,core,core,,26564,106256,0,119461,1874944,0.5091530001664069,0.5406530001891952,0.01165000048786169,,,,
nymeria,cpu,ts_transformer,nymeria__only_magnetometer__qwen3_8b,qwen3_8b,only_magnetometer,core,core_language,,8207651840,16449136640,256,,1363683979392,2552.962512999784,2565.6075147999672,1.7665300001681317,,,,
nymeria,cpu,patchtst,nymeria__only_magnetometer__qwen3_8b,qwen3_8b,only_magnetometer,edge,head,head_magnetometer,0,0,0,0,0,0.0005399997462518513,0.0008189992513507605,0.008749999324209057,524,2.4192,10.0,0.00027946666666666667
nymeria,cpu,patchtst,nymeria__only_magnetometer__qwen3_8b,qwen3_8b,only_magnetometer,edge,observer,observer_magnetometer,0,0,0,0,0,0.0005699994289898314,0.000605999866820639,0.008979999620351009,524,2.4192,10.0,0.00027946666666666667
nymeria,cpu,patchtst,nymeria__only_magnetometer__qwen3_8b,qwen3_8b,only_magnetometer,core,core,,26564,106256,0,119461,2168704,0.5518239995581098,0.5905320998863317,0.011559999620658346,,,,
nymeria,cpu,patchtst,nymeria__only_magnetometer__qwen3_8b,qwen3_8b,only_magnetometer,core,core_language,,8207651840,16449136640,256,,1013161403392,2533.5387370000717,2534.3893035999827,1.0059360001832829,,,,
nymeria,cpu,distrixsense,nymeria__only_pointcloud__qwen3_8b,qwen3_8b,only_pointcloud,edge,scene,pointcloud,8692,34768,0,39859,462592,0.18178099981014384,0.2107070000420208,0.012649999916902743,81,2.0648,10.0,4.32e-05
nymeria,cpu,distrixsense,nymeria__only_pointcloud__qwen3_8b,qwen3_8b,only_pointcloud,core,core,,28468,113872,0,125806,486848,0.22794100004830398,0.2535558996896725,0.010089999705087394,,,,
nymeria,cpu,distrixsense,nymeria__only_pointcloud__qwen3_8b,qwen3_8b,only_pointcloud,core,core_language,,8207651840,16449136640,256,,999223468928,2462.1520710002187,2464.5403722000083,0.9772149996933877,,,,
nymeria,cpu,dense,nymeria__only_pointcloud__qwen3_8b,qwen3_8b,only_pointcloud,edge,scene,pointcloud,5260,21040,0,24141,331008,0.12361099925328745,0.13700209965463728,0.00934999934543157,4324,5.4592,10.0,0.0023061333333333333
nymeria,cpu,dense,nymeria__only_pointcloud__qwen3_8b,qwen3_8b,only_pointcloud,core,core,,27444,109776,0,121393,1993664,0.2186009996876237,0.2340009001272847,0.0063400002545677125,,,,
nymeria,cpu,dense,nymeria__only_pointcloud__qwen3_8b,qwen3_8b,only_pointcloud,core,core_language,,8207651840,16449136640,256,,1335682674560,2532.1091860000706,2561.775207399978,1.7469500007791794,,,,
nymeria,cpu,dense_tokens,nymeria__only_pointcloud__qwen3_8b,qwen3_8b,only_pointcloud,edge,scene,pointcloud,7636,30544,0,35129,446208,0.18451100004313048,0.19467199981590966,0.00793999970483128,1100,2.88,10.0,0.0005866666666666667
nymeria,cpu,dense_tokens,nymeria__only_pointcloud__qwen3_8b,qwen3_8b,only_pointcloud,core,core,,27444,109776,0,121393,486848,0.19636100023490144,0.2257738998196146,0.0063400002545677125,,,,
nymeria,cpu,dense_tokens,nymeria__only_pointcloud__qwen3_8b,qwen3_8b,only_pointcloud,core,core_language,,8207651840,16449136640,256,,999223468928,2462.1520710002187,2464.5403722000083,0.981975999820861,,,,
nymeria,cpu,raw,nymeria__only_pointcloud__qwen3_8b,qwen3_8b,only_pointcloud,edge,scene,pointcloud,0,0,0,0,0,0.0006199998097144999,0.0008630005140730646,0.008210000487451907,96,2.0768,10.0,5.12e-05
nymeria,cpu,raw,nymeria__only_pointcloud__qwen3_8b,qwen3_8b,only_pointcloud,core,core,,32704,130816,0,144985,2324672,0.4007620000265888,0.4451509000318765,0.006229999598872382,,,,
nymeria,cpu,raw,nymeria__only_pointcloud__qwen3_8b,qwen3_8b,only_pointcloud,core,core_language,,8207651840,16449136640,256,,1335682674560,2532.1091860000706,2561.775207399978,2.740945999903488,,,,
nymeria,cpu,early_fusion,nymeria__only_pointcloud__qwen3_8b,qwen3_8b,only_pointcloud,edge,scene,pointcloud,0,0,0,0,0,0.0005100000635138713,0.0008250000064435881,0.008510000043315813,96,2.0768,10.0,5.12e-05
nymeria,cpu,early_fusion,nymeria__only_pointcloud__qwen3_8b,qwen3_8b,only_pointcloud,core,core,,28096,112384,0,125855,2031808,0.44489200081443414,0.4874628995821695,0.006380000741046388,,,,
nymeria,cpu,early_fusion,nymeria__only_pointcloud__qwen3_8b,qwen3_8b,only_pointcloud,core,core_language,,8207651840,16449136640,256,,1335682674560,2532.1091860000706,2561.775207399978,1.795319999473577,,,,
nymeria,cpu,late_fusion,nymeria__only_pointcloud__qwen3_8b,qwen3_8b,only_pointcloud,edge,scene,pointcloud,5590,22360,0,25861,331648,0.14120000014372636,0.160937899727287,0.0079100000220933,88,2.0704,10.0,4.6933333333333333e-05
nymeria,cpu,late_fusion,nymeria__only_pointcloud__qwen3_8b,qwen3_8b,only_pointcloud,core,core,,0,0,0,0,0,0.02429000051051844,0.031139000111579662,0.006129999746917747,,,,
nymeria,cpu,late_fusion,nymeria__only_pointcloud__qwen3_8b,qwen3_8b,only_pointcloud,core,core_language,,8190735360,16381470720,256,,1124741163008,2531.34547100035,2544.0155395998318,0.1854310003182036,,,,
nymeria,cpu,local_only,nymeria__only_pointcloud__qwen3_8b,qwen3_8b,only_pointcloud,edge,scene,pointcloud,5590,22360,0,25861,331648,0.13664100060850615,0.15564000023005065,0.00785000065661734,52,2.0416,10.0,2.7733333333333334e-05
nymeria,cpu,local_only,nymeria__only_pointcloud__qwen3_8b,qwen3_8b,only_pointcloud,core,core,,0,0,0,0,0,0.028200000087963417,0.03635399980339571,0.00591000025451649,,,,
nymeria,cpu,local_only,nymeria__only_pointcloud__qwen3_8b,qwen3_8b,only_pointcloud,core,core_language,,8190735360,16381470720,256,,1124741163008,2531.34547100035,2544.0155395998318,0.17909100006363587,,,,
nymeria,cpu,bottleneck,nymeria__only_pointcloud__qwen3_8b,qwen3_8b,only_pointcloud,edge,scene,pointcloud,5392,21568,0,25093,339200,0.13494099948729854,0.15048310006022803,0.008889999662642367,684,2.5472,10.0,0.0003648
nymeria,cpu,bottleneck,nymeria__only_pointcloud__qwen3_8b,qwen3_8b,only_pointcloud,core,core,,27604,110416,0,122603,2001856,0.21061100051156245,0.23465899994334904,0.006089999260439072,,,,
nymeria,cpu,bottleneck,nymeria__only_pointcloud__qwen3_8b,qwen3_8b,only_pointcloud,core,core_language,,8207651840,16449136640,256,,1335682674560,2532.1091860000706,2561.775207399978,1.7425500000172178,,,,
nymeria,cpu,tokenlearner,nymeria__only_pointcloud__qwen3_8b,qwen3_8b,only_pointcloud,edge,scene,pointcloud,6580,26320,0,30335,429824,0.1716110000415938,0.18916189983428922,0.008060000254772604,1100,2.88,10.0,0.0005866666666666667
nymeria,cpu,tokenlearner,nymeria__only_pointcloud__qwen3_8b,qwen3_8b,only_pointcloud,core,core,,27444,109776,0,121393,486848,0.19669099947350333,0.22082989917180385,0.006289999873843044,,,,
nymeria,cpu,tokenlearner,nymeria__only_pointcloud__qwen3_8b,qwen3_8b,only_pointcloud,core,core_language,,8207651840,16449136640,256,,999223468928,2462.1520710002187,2464.5403722000083,0.9727260003273841,,,,
nymeria,cpu,posthoc_vq,nymeria__only_pointcloud__qwen3_8b,qwen3_8b,only_pointcloud,edge,scene,pointcloud,6284,25136,0,28489,396544,0.22747200000594603,0.23844209981689346,0.013959999705548398,192,2.1536,10.0,0.0001024
nymeria,cpu,posthoc_vq,nymeria__only_pointcloud__qwen3_8b,qwen3_8b,only_pointcloud,core,core,,28468,113872,0,125806,1993664,0.24374200074817054,0.27617710029517184,0.010239999937766697,,,,
nymeria,cpu,posthoc_vq,nymeria__only_pointcloud__qwen3_8b,qwen3_8b,only_pointcloud,core,core_language,,8207651840,16449136640,256,,1335682674560,2532.1091860000706,2561.775207399978,1.7911409995576832,,,,
nymeria,cpu,joint_vq,nymeria__only_pointcloud__qwen3_8b,qwen3_8b,only_pointcloud,edge,scene,pointcloud,8660,34640,0,39478,462592,0.2633519998198608,0.2745831001448096,0.012429999515006784,81,2.0648,10.0,4.32e-05
nymeria,cpu,joint_vq,nymeria__only_pointcloud__qwen3_8b,qwen3_8b,only_pointcloud,core,core,,28468,113872,0,125806,486848,0.22487100068246946,0.25141290034298436,0.009700000191514846,,,,
nymeria,cpu,joint_vq,nymeria__only_pointcloud__qwen3_8b,qwen3_8b,only_pointcloud,core,core_language,,8207651840,16449136640,256,,999223468928,2462.1520710002187,2464.5403722000083,0.9831060006035841,,,,
nymeria,cpu,deepconvlstm,nymeria__only_pointcloud__qwen3_8b,qwen3_8b,only_pointcloud,edge,scene,pointcloud,0,0,0,0,0,0.00048000038077589124,0.0010019997716881335,0.00819000069895992,96,2.0768,10.0,5.12e-05
nymeria,cpu,deepconvlstm,nymeria__only_pointcloud__qwen3_8b,qwen3_8b,only_pointcloud,core,core,,34838,139352,0,146081,2166656,0.3234019995943527,0.35241800051153405,0.006010000106471125,,,,
nymeria,cpu,deepconvlstm,nymeria__only_pointcloud__qwen3_8b,qwen3_8b,only_pointcloud,core,core_language,,8207651840,16449136640,256,,1335682674560,2532.1091860000706,2561.775207399978,1.753340000504977,,,,
nymeria,cpu,unrestricted_bank,nymeria__only_pointcloud__qwen3_8b,qwen3_8b,only_pointcloud,edge,scene,pointcloud,8692,34768,0,39859,462592,0.1922309993460658,0.21430799997688155,0.012949999472766649,81,2.0648,10.0,4.32e-05
nymeria,cpu,unrestricted_bank,nymeria__only_pointcloud__qwen3_8b,qwen3_8b,only_pointcloud,core,core,,28468,113872,0,125806,486848,0.20474199936870718,0.22923010028534918,0.010611000107019208,,,,
nymeria,cpu,unrestricted_bank,nymeria__only_pointcloud__qwen3_8b,qwen3_8b,only_pointcloud,core,core_language,,8207651840,16449136640,256,,999223468928,2462.1520710002187,2464.5403722000083,0.9704060003059567,,,,
nymeria,cpu,separate_banks,nymeria__only_pointcloud__qwen3_8b,qwen3_8b,only_pointcloud,edge,scene,pointcloud,8692,34768,0,39859,462592,0.18089100012730341,0.2023290001488931,0.012420000530255493,81,2.0648,10.0,4.32e-05
nymeria,cpu,separate_banks,nymeria__only_pointcloud__qwen3_8b,qwen3_8b,only_pointcloud,core,core,,28468,113872,0,125806,486848,0.2321819993085228,0.25435800052946433,0.010010000551119447,,,,
nymeria,cpu,separate_banks,nymeria__only_pointcloud__qwen3_8b,qwen3_8b,only_pointcloud,core,core_language,,8207651840,16449136640,256,,999223468928,2462.1520710002187,2464.5403722000083,0.9704949998194934,,,,
nymeria,cpu,fixed_resampling,nymeria__only_pointcloud__qwen3_8b,qwen3_8b,only_pointcloud,edge,scene,pointcloud,8692,34768,0,39859,451072,0.11503000041557243,0.12448089992176392,0.012329999663052149,81,2.0648,10.0,4.32e-05
nymeria,cpu,fixed_resampling,nymeria__only_pointcloud__qwen3_8b,qwen3_8b,only_pointcloud,core,core,,28468,113872,0,125806,486848,0.23651099945709575,0.25172999976348365,0.010099999599333387,,,,
nymeria,cpu,fixed_resampling,nymeria__only_pointcloud__qwen3_8b,qwen3_8b,only_pointcloud,core,core_language,,8207651840,16449136640,256,,999223468928,2462.1520710002187,2464.5403722000083,1.0132950001207064,,,,
nymeria,cpu,finetune_encoders,nymeria__only_pointcloud__qwen3_8b,qwen3_8b,only_pointcloud,edge,scene,pointcloud,8692,34768,0,39859,462592,0.1875810003184597,0.21021599995947327,0.012259999493835494,81,2.0648,10.0,4.32e-05
nymeria,cpu,finetune_encoders,nymeria__only_pointcloud__qwen3_8b,qwen3_8b,only_pointcloud,core,core,,28468,113872,0,125806,486848,0.2218710005763569,0.2479088998370571,0.009610000233806204,,,,
nymeria,cpu,finetune_encoders,nymeria__only_pointcloud__qwen3_8b,qwen3_8b,only_pointcloud,core,core_language,,8207651840,16449136640,256,,999223468928,2462.1520710002187,2464.5403722000083,1.6003989994715084,,,,
nymeria,cpu,no_alignment,nymeria__only_pointcloud__qwen3_8b,qwen3_8b,only_pointcloud,edge,scene,pointcloud,8692,34768,0,39859,462592,0.22764099958294537,0.24356290023206384,0.01764999979059212,81,2.0648,10.0,4.32e-05
nymeria,cpu,no_alignment,nymeria__only_pointcloud__qwen3_8b,qwen3_8b,only_pointcloud,core,core,,28468,113872,0,125806,486848,0.2766210000118008,0.3004629003953596,0.013290000424603932,,,,
nymeria,cpu,no_alignment,nymeria__only_pointcloud__qwen3_8b,qwen3_8b,only_pointcloud,core,core_language,,8207651840,16449136640,256,,999223468928,2462.1520710002187,2464.5403722000083,0.9549659998810966,,,,
nymeria,cpu,no_usage,nymeria__only_pointcloud__qwen3_8b,qwen3_8b,only_pointcloud,edge,scene,pointcloud,8692,34768,0,39859,462592,0.19000099928234704,0.2210060004472325,0.01253099981113337,81,2.0648,10.0,4.32e-05
nymeria,cpu,no_usage,nymeria__only_pointcloud__qwen3_8b,qwen3_8b,only_pointcloud,core,core,,28468,113872,0,125806,486848,0.2327109996258514,0.2571018999333319,0.010009999641624745,,,,
nymeria,cpu,no_usage,nymeria__only_pointcloud__qwen3_8b,qwen3_8b,only_pointcloud,core,core_language,,8207651840,16449136640,256,,999223468928,2462.1520710002187,2464.5403722000083,0.941025000429363,,,,
nymeria,cpu,tcn,nymeria__only_pointcloud__qwen3_8b,qwen3_8b,only_pointcloud,edge,scene,pointcloud,0,0,0,0,0,0.0005000001692678779,0.0008150001121975947,0.008269999852927867,96,2.0768,10.0,5.12e-05
nymeria,cpu,tcn,nymeria__only_pointcloud__qwen3_8b,qwen3_8b,only_pointcloud,core,core,,13984,55936,0,64149,845760,0.3222719997211243,0.3584879998015822,0.00593999993725447,,,,
nymeria,cpu,tcn,nymeria__only_pointcloud__qwen3_8b,qwen3_8b,only_pointcloud,core,core_language,,8207651840,16449136640,256,,1335682674560,2532.1091860000706,2561.775207399978,2.797795999867958,,,,
nymeria,cpu,ts_transformer,nymeria__only_pointcloud__qwen3_8b,qwen3_8b,only_pointcloud,edge,scene,pointcloud,0,0,0,0,0,0.0004899993655271828,0.0006879997272335459,0.008189999789465219,96,2.0768,10.0,5.12e-05
nymeria,cpu,ts_transformer,nymeria__only_pointcloud__qwen3_8b,qwen3_8b,only_pointcloud,core,core,,26848,107392,0,119089,1894336,0.43008299962821184,0.46567710014642216,0.008490000254823826,,,,
nymeria,cpu,ts_transformer,nymeria__only_pointcloud__qwen3_8b,qwen3_8b,only_pointcloud,core,core_language,,8207651840,16449136640,256,,1335682674560,2532.1091860000706,2561.775207399978,1.8135000000256696,,,,
nymeria,cpu,patchtst,nymeria__only_pointcloud__qwen3_8b,qwen3_8b,only_pointcloud,edge,scene,pointcloud,0,0,0,0,0,0.0007999997251317836,0.0010339997061237227,0.010779999684018549,96,2.0768,10.0,5.12e-05
nymeria,cpu,patchtst,nymeria__only_pointcloud__qwen3_8b,qwen3_8b,only_pointcloud,core,core,,26688,106752,0,118449,4339008,0.45906299965281505,0.4993920004380925,0.006119999852671754,,,,
nymeria,cpu,patchtst,nymeria__only_pointcloud__qwen3_8b,qwen3_8b,only_pointcloud,core,core_language,,8207651840,16449136640,256,,985219080960,2466.0282720001305,2468.811674100243,1.6685200007486856,,,,
nymeria,cpu,distrixsense,nymeria__only_rgb__qwen3_8b,qwen3_8b,only_rgb,edge,head,head_rgb,75112,300448,0,305459,4690432,0.30869200054439716,0.3239199999370612,0.017800000023271423,83,2.0664,10.0,4.426666666666667e-05
nymeria,cpu,distrixsense,nymeria__only_rgb__qwen3_8b,qwen3_8b,only_rgb,edge,left_wrist,left_wrist_rgb,75112,300448,0,305459,4690432,0.30311200043797726,0.3113739998298115,0.017490000573161524,83,2.0664,10.0,4.426666666666667e-05
nymeria,cpu,distrixsense,nymeria__only_rgb__qwen3_8b,qwen3_8b,only_rgb,edge,observer,observer_rgb,75112,300448,0,305459,4690432,0.2986620002047857,0.3124950004348648,0.017589999515621457,83,2.0664,10.0,4.426666666666667e-05
nymeria,cpu,distrixsense,nymeria__only_rgb__qwen3_8b,qwen3_8b,only_rgb,edge,right_wrist,right_wrist_rgb,75112,300448,0,305459,4690432,0.2935410002464778,0.3041889001906384,0.017190000107802916,83,2.0664,10.0,4.426666666666667e-05
nymeria,cpu,distrixsense,nymeria__only_rgb__qwen3_8b,qwen3_8b,only_rgb,core,core,,31732,126928,0,138862,1993856,0.34982200031663524,0.37503999965338153,0.03563999962352682,,,,
nymeria,cpu,distrixsense,nymeria__only_rgb__qwen3_8b,qwen3_8b,only_rgb,core,core_language,,8207651840,16449136640,256,,1419700744832,2550.10776600011,2554.9344758997904,1.889651000055892,,,,
nymeria,cpu,dense,nymeria__only_rgb__qwen3_8b,qwen3_8b,only_rgb,edge,head,head_rgb,71680,286720,0,289741,4558848,0.19681100002344465,0.20642299987230217,0.00963000002229819,4324,5.4592,10.0,0.0023061333333333333
nymeria,cpu,dense,nymeria__only_rgb__qwen3_8b,qwen3_8b,only_rgb,edge,left_wrist,left_wrist_rgb,71680,286720,0,289741,4558848,0.18953099970531184,0.19422000004851725,0.008790000720182434,4324,5.4592,10.0,0.0023061333333333333
nymeria,cpu,dense,nymeria__only_rgb__qwen3_8b,qwen3_8b,only_rgb,edge,observer,observer_rgb,71680,286720,0,289741,4558848,0.17775099968275754,0.19378989991309936,0.008910000360629056,4324,5.4592,10.0,0.0023061333333333333
nymeria,cpu,dense,nymeria__only_rgb__qwen3_8b,qwen3_8b,only_rgb,edge,right_wrist,right_wrist_rgb,71680,286720,0,289741,4558848,0.1701300006970996,0.18763590014714282,0.008829999387671705,4324,5.4592,10.0,0.0023061333333333333
nymeria,cpu,dense,nymeria__only_rgb__qwen3_8b,qwen3_8b,only_rgb,core,core,,27636,110544,0,122161,10970240,0.3880320000462234,0.4097760001059214,0.023909999981697183,,,,
nymeria,cpu,dense,nymeria__only_rgb__qwen3_8b,qwen3_8b,only_rgb,core,core_language,,8207651840,16449136640,256,,2773011817088,2866.202388000602,2866.914111600363,4.792013000042061,,,,
nymeria,cpu,dense_tokens,nymeria__only_rgb__qwen3_8b,qwen3_8b,only_rgb,edge,head,head_rgb,74056,296224,0,300729,4674048,0.2367610004512244,0.2561839000918553,0.008590000106778461,1100,2.88,10.0,0.0005866666666666667
nymeria,cpu,dense_tokens,nymeria__only_rgb__qwen3_8b,qwen3_8b,only_rgb,edge,left_wrist,left_wrist_rgb,74056,296224,0,300729,4674048,0.22783100030210335,0.24627290049465955,0.008660000275995117,1100,2.88,10.0,0.0005866666666666667
nymeria,cpu,dense_tokens,nymeria__only_rgb__qwen3_8b,qwen3_8b,only_rgb,edge,observer,observer_rgb,74056,296224,0,300729,4674048,0.2306909991602879,0.2482949996192474,0.008400000297115184,1100,2.88,10.0,0.0005866666666666667
nymeria,cpu,dense_tokens,nymeria__only_rgb__qwen3_8b,qwen3_8b,only_rgb,edge,right_wrist,right_wrist_rgb,74056,296224,0,300729,4674048,0.22687199998472352,0.2337921000616916,0.008499999239575118,1100,2.88,10.0,0.0005866666666666667
nymeria,cpu,dense_tokens,nymeria__only_rgb__qwen3_8b,qwen3_8b,only_rgb,core,core,,27636,110544,0,122161,1993856,0.2886020001824363,0.30783410020376323,0.024399999347224366,,,,
nymeria,cpu,dense_tokens,nymeria__only_rgb__qwen3_8b,qwen3_8b,only_rgb,core,core_language,,8207651840,16449136640,256,,1419700744832,2550.10776600011,2554.9344758997904,1.7984289997912128,,,,
nymeria,cpu,raw,nymeria__only_rgb__qwen3_8b,qwen3_8b,only_rgb,edge,head,head_rgb,0,0,0,0,0,0.0005900001269765198,0.0008960001650848426,0.013670000043930486,70840,58.672,10.0,0.03778133333333333
nymeria,cpu,raw,nymeria__only_rgb__qwen3_8b,qwen3_8b,only_rgb,edge,left_wrist,left_wrist_rgb,0,0,0,0,0,0.0005000001692678779,0.0005810001312056556,0.010860000656975899,23624,20.8992,10.0,0.012599466666666666
nymeria,cpu,raw,nymeria__only_rgb__qwen3_8b,qwen3_8b,only_rgb,edge,observer,observer_rgb,0,0,0,0,0,0.0004999992597731762,0.0005899999450775795,0.012909999895782676,70840,58.672,10.0,0.03778133333333333
nymeria,cpu,raw,nymeria__only_rgb__qwen3_8b,qwen3_8b,only_rgb,edge,right_wrist,right_wrist_rgb,0,0,0,0,0,0.0004200001058052294,0.0005369996870285831,0.010380000276200008,23624,20.8992,10.0,0.012599466666666666
nymeria,cpu,raw,nymeria__only_rgb__qwen3_8b,qwen3_8b,only_rgb,core,core,,314356,1257424,0,1278929,29205632,1.122024999858695,1.1432388993853237,0.030920000426704064,,,,
nymeria,cpu,raw,nymeria__only_rgb__qwen3_8b,qwen3_8b,only_rgb,core,core_language,,8207651840,16449136640,256,,2773011817088,2866.202388000602,2866.914111600363,4.695573000390141,,,,
nymeria,cpu,early_fusion,nymeria__only_rgb__qwen3_8b,qwen3_8b,only_rgb,edge,head,head_rgb,0,0,0,0,0,0.00048000038077589124,0.0008850001904647797,0.013099999705445953,70840,58.672,10.0,0.03778133333333333
nymeria,cpu,early_fusion,nymeria__only_rgb__qwen3_8b,qwen3_8b,only_rgb,edge,left_wrist,left_wrist_rgb,0,0,0,0,0,0.0005100000635138713,0.0006360003681038506,0.010930000826192554,23624,20.8992,10.0,0.012599466666666666
nymeria,cpu,early_fusion,nymeria__only_rgb__qwen3_8b,qwen3_8b,only_rgb,edge,observer,observer_rgb,0,0,0,0,0,0.0004200001058052294,0.0005909999345021788,0.012489999789977446,70840,58.672,10.0,0.03778133333333333
nymeria,cpu,early_fusion,nymeria__only_rgb__qwen3_8b,qwen3_8b,only_rgb,edge,right_wrist,right_wrist_rgb,0,0,0,0,0,0.000529999852005858,0.000565999471291434,0.010650000149325933,23624,20.8992,10.0,0.012599466666666666
nymeria,cpu,early_fusion,nymeria__only_rgb__qwen3_8b,qwen3_8b,only_rgb,core,core,,203668,814672,0,831803,13159552,0.8531240000593243,0.8865049998348695,0.03065999953832943,,,,
nymeria,cpu,early_fusion,nymeria__only_rgb__qwen3_8b,qwen3_8b,only_rgb,core,core_language,,8207651840,16449136640,256,,1419700744832,2550.10776600011,2554.9344758997904,1.7880389996207668,,,,
nymeria,cpu,late_fusion,nymeria__only_rgb__qwen3_8b,qwen3_8b,only_rgb,edge,head,head_rgb,72010,288040,0,291461,4559488,0.19837099989672424,0.22048400014682557,0.00813999940874055,88,2.0704,10.0,4.6933333333333333e-05
nymeria,cpu,late_fusion,nymeria__only_rgb__qwen3_8b,qwen3_8b,only_rgb,edge,left_wrist,left_wrist_rgb,72010,288040,0,291461,4559488,0.1885309993667761,0.1986469996154483,0.00785000065661734,88,2.0704,10.0,4.6933333333333333e-05
nymeria,cpu,late_fusion,nymeria__only_rgb__qwen3_8b,qwen3_8b,only_rgb,edge,observer,observer_rgb,72010,288040,0,291461,4559488,0.19125099970551673,0.20056600023963256,0.008160000106727239,88,2.0704,10.0,4.6933333333333333e-05
nymeria,cpu,late_fusion,nymeria__only_rgb__qwen3_8b,qwen3_8b,only_rgb,edge,right_wrist,right_wrist_rgb,72010,288040,0,291461,4559488,0.18981100038217846,0.19690299986905302,0.008170000000973232,88,2.0704,10.0,4.6933333333333333e-05
nymeria,cpu,late_fusion,nymeria__only_rgb__qwen3_8b,qwen3_8b,only_rgb,core,core,,0,0,0,0,0,0.039880000258563086,0.04644999953598017,0.022539999918080866,,,,
nymeria,cpu,late_fusion,nymeria__only_rgb__qwen3_8b,qwen3_8b,only_rgb,core,core_language,,8190735360,16381470720,256,,1208653064960,2502.944566000224,2513.5454293002113,0.21709100019506877,,,,
nymeria,cpu,local_only,nymeria__only_rgb__qwen3_8b,qwen3_8b,only_rgb,edge,head,head_rgb,72010,288040,0,291461,4559488,0.21199099955993006,0.2270840003802732,0.007799999366397969,52,2.0416,10.0,2.7733333333333334e-05
nymeria,cpu,local_only,nymeria__only_rgb__qwen3_8b,qwen3_8b,only_rgb,edge,left_wrist,left_wrist_rgb,72010,288040,0,291461,4559488,0.19414100006542867,0.20873000048595713,0.0079100000220933,52,2.0416,10.0,2.7733333333333334e-05
nymeria,cpu,local_only,nymeria__only_rgb__qwen3_8b,qwen3_8b,only_rgb,edge,observer,observer_rgb,72010,288040,0,291461,4559488,0.19745099962165114,0.21593699975710479,0.007859999641368631,52,2.0416,10.0,2.7733333333333334e-05
nymeria,cpu,local_only,nymeria__only_rgb__qwen3_8b,qwen3_8b,only_rgb,edge,right_wrist,right_wrist_rgb,72010,288040,0,291461,4559488,0.18794100014929427,0.20091000051252195,0.007861000085540581,52,2.0416,10.0,2.7733333333333334e-05
nymeria,cpu,local_only,nymeria__only_rgb__qwen3_8b,qwen3_8b,only_rgb,core,core,,0,0,0,0,0,0.05616099952021614,0.06337809973047115,0.023100999896996655,,,,
nymeria,cpu,local_only,nymeria__only_rgb__qwen3_8b,qwen3_8b,only_rgb,core,core_language,,8190735360,16381470720,256,,1208653064960,2502.944566000224,2513.5454293002113,0.18599099985294743,,,,
nymeria,cpu,bottleneck,nymeria__only_rgb__qwen3_8b,qwen3_8b,only_rgb,edge,head,head_rgb,71812,287248,0,290693,4567040,0.1986110000871122,0.21223700005066348,0.008259999958681874,684,2.5472,10.0,0.0003648
nymeria,cpu,bottleneck,nymeria__only_rgb__qwen3_8b,qwen3_8b,only_rgb,edge,left_wrist,left_wrist_rgb,71812,287248,0,290693,4567040,0.20300100004533306,0.20329799936007475,0.008240999704867136,684,2.5472,10.0,0.0003648
nymeria,cpu,bottleneck,nymeria__only_rgb__qwen3_8b,qwen3_8b,only_rgb,edge,observer,observer_rgb,71812,287248,0,290693,4567040,0.19105100000160746,0.21063499998490443,0.00830999942991184,684,2.5472,10.0,0.0003648
nymeria,cpu,bottleneck,nymeria__only_rgb__qwen3_8b,qwen3_8b,only_rgb,edge,right_wrist,right_wrist_rgb,71812,287248,0,290693,4567040,0.18612100029713474,0.20081799957551993,0.008019999768293928,684,2.5472,10.0,0.0003648
nymeria,cpu,bottleneck,nymeria__only_rgb__qwen3_8b,qwen3_8b,only_rgb,core,core,,28276,113104,0,127129,11003008,0.3955219999625115,0.42360200013717986,0.02303000019310275,,,,
nymeria,cpu,bottleneck,nymeria__only_rgb__qwen3_8b,qwen3_8b,only_rgb,core,core_language,,8207651840,16449136640,256,,2773011817088,2866.202388000602,2866.914111600363,4.7701940002298215,,,,
nymeria,cpu,tokenlearner,nymeria__only_rgb__qwen3_8b,qwen3_8b,only_rgb,edge,head,head_rgb,73000,292000,0,295935,4657664,0.23550199966848595,0.25827109993770136,0.008259999958681874,1100,2.88,10.0,0.0005866666666666667
nymeria,cpu,tokenlearner,nymeria__only_rgb__qwen3_8b,qwen3_8b,only_rgb,edge,left_wrist,left_wrist_rgb,73000,292000,0,295935,4657664,0.22832099966763053,0.27143999959662324,0.008179999895219225,1100,2.88,10.0,0.0005866666666666667
nymeria,cpu,tokenlearner,nymeria__only_rgb__qwen3_8b,qwen3_8b,only_rgb,edge,observer,observer_rgb,73000,292000,0,295935,4657664,0.2271210005346802,0.241808999908244,0.008160000106727239,1100,2.88,10.0,0.0005866666666666667
nymeria,cpu,tokenlearner,nymeria__only_rgb__qwen3_8b,qwen3_8b,only_rgb,edge,right_wrist,right_wrist_rgb,73000,292000,0,295935,4657664,0.2165910000258009,0.22923600054127746,0.00808000004326459,1100,2.88,10.0,0.0005866666666666667
nymeria,cpu,tokenlearner,nymeria__only_rgb__qwen3_8b,qwen3_8b,only_rgb,core,core,,27636,110544,0,122161,1993856,0.28569099958986044,0.3078498997638235,0.023519999558629934,,,,
nymeria,cpu,tokenlearner,nymeria__only_rgb__qwen3_8b,qwen3_8b,only_rgb,core,core_language,,8207651840,16449136640,256,,1419700744832,2550.10776600011,2554.9344758997904,1.8349590000070748,,,,
nymeria,cpu,posthoc_vq,nymeria__only_rgb__qwen3_8b,qwen3_8b,only_rgb,edge,head,head_rgb,75776,303104,0,306377,4624384,0.28353099969535833,0.30974890032666735,0.013050000234215986,200,2.16,10.0,0.00010666666666666667
nymeria,cpu,posthoc_vq,nymeria__only_rgb__qwen3_8b,qwen3_8b,only_rgb,edge,left_wrist,left_wrist_rgb,75776,303104,0,306377,4624384,0.27156099986314075,0.28426990011212183,0.012989999959245324,200,2.16,10.0,0.00010666666666666667
nymeria,cpu,posthoc_vq,nymeria__only_rgb__qwen3_8b,qwen3_8b,only_rgb,edge,observer,observer_rgb,75776,303104,0,306377,4624384,0.2733709998210543,0.29005790056544356,0.013279999620863236,200,2.16,10.0,0.00010666666666666667
nymeria,cpu,posthoc_vq,nymeria__only_rgb__qwen3_8b,qwen3_8b,only_rgb,edge,right_wrist,right_wrist_rgb,75776,303104,0,306377,4624384,0.26825199984159553,0.27975309976682183,0.01298000006499933,200,2.16,10.0,0.00010666666666666667
nymeria,cpu,posthoc_vq,nymeria__only_rgb__qwen3_8b,qwen3_8b,only_rgb,core,core,,31732,126928,0,138862,10970240,0.4623119993993896,0.4702958996858797,0.03618000027927337,,,,
nymeria,cpu,posthoc_vq,nymeria__only_rgb__qwen3_8b,qwen3_8b,only_rgb,core,core_language,,8207651840,16449136640,256,,2773011817088,2866.202388000602,2866.914111600363,4.874104000009538,,,,
nymeria,cpu,joint_vq,nymeria__only_rgb__qwen3_8b,qwen3_8b,only_rgb,edge,head,head_rgb,78152,312608,0,317366,4690432,0.3227810002499609,0.340754899661988,0.012880000213044696,83,2.0664,10.0,4.426666666666667e-05
nymeria,cpu,joint_vq,nymeria__only_rgb__qwen3_8b,qwen3_8b,only_rgb,edge,left_wrist,left_wrist_rgb,78152,312608,0,317366,4690432,0.31601199953001924,0.3239130998736073,0.012909999895782676,83,2.0664,10.0,4.426666666666667e-05
nymeria,cpu,joint_vq,nymeria__only_rgb__qwen3_8b,qwen3_8b,only_rgb,edge,observer,observer_rgb,78152,312608,0,317366,4690432,0.319662000038079,0.3385341005923692,0.020259999473637436,83,2.0664,10.0,4.426666666666667e-05
nymeria,cpu,joint_vq,nymeria__only_rgb__qwen3_8b,qwen3_8b,only_rgb,edge,right_wrist,right_wrist_rgb,78152,312608,0,317366,4690432,0.2971519998027361,0.31310810009017587,0.01244000031874748,83,2.0664,10.0,4.426666666666667e-05
nymeria,cpu,joint_vq,nymeria__only_rgb__qwen3_8b,qwen3_8b,only_rgb,core,core,,31732,126928,0,138862,1993856,0.3543620005075354,0.38837300016894005,0.036190000173519365,,,,
nymeria,cpu,joint_vq,nymeria__only_rgb__qwen3_8b,qwen3_8b,only_rgb,core,core_language,,8207651840,16449136640,256,,1419700744832,2550.10776600011,2554.9344758997904,1.8304889999853913,,,,
nymeria,cpu,deepconvlstm,nymeria__only_rgb__qwen3_8b,qwen3_8b,only_rgb,edge,head,head_rgb,0,0,0,0,0,0.0004900002750218846,0.000868000370246591,0.012890000107290689,70840,58.672,10.0,0.03778133333333333
nymeria,cpu,deepconvlstm,nymeria__only_rgb__qwen3_8b,qwen3_8b,only_rgb,edge,left_wrist,left_wrist_rgb,0,0,0,0,0,0.0004999992597731762,0.0006260003829083871,0.010679999832063913,23624,20.8992,10.0,0.012599466666666666
nymeria,cpu,deepconvlstm,nymeria__only_rgb__qwen3_8b,qwen3_8b,only_rgb,edge,observer,observer_rgb,0,0,0,0,0,0.0005000001692678779,0.000562999503017636,0.012329999663052149,70840,58.672,10.0,0.03778133333333333
nymeria,cpu,deepconvlstm,nymeria__only_rgb__qwen3_8b,qwen3_8b,only_rgb,edge,right_wrist,right_wrist_rgb,0,0,0,0,0,0.000589999217481818,0.000743000055081211,0.010159999874304049,23624,20.8992,10.0,0.012599466666666666
nymeria,cpu,deepconvlstm,nymeria__only_rgb__qwen3_8b,qwen3_8b,only_rgb,core,core,,306890,1227560,0,1237693,19481216,0.7958340002005571,0.86910300051386,0.030730000617040787,,,,
nymeria,cpu,deepconvlstm,nymeria__only_rgb__qwen3_8b,qwen3_8b,only_rgb,core,core_language,,8207651840,16449136640,256,,1419700744832,2550.10776600011,2554.9344758997904,2.098401000694139,,,,
nymeria,cpu,unrestricted_bank,nymeria__only_rgb__qwen3_8b,qwen3_8b,only_rgb,edge,head,head_rgb,78280,313120,0,318131,4739584,0.24892100009310525,0.26410489954287186,0.012600000445672777,83,2.0664,10.0,4.426666666666667e-05
nymeria,cpu,unrestricted_bank,nymeria__only_rgb__qwen3_8b,qwen3_8b,only_rgb,edge,left_wrist,left_wrist_rgb,78280,313120,0,318131,4739584,0.2350409995415248,0.2514119999432296,0.0124100006360095,83,2.0664,10.0,4.426666666666667e-05
nymeria,cpu,unrestricted_bank,nymeria__only_rgb__qwen3_8b,qwen3_8b,only_rgb,edge,observer,observer_rgb,78280,313120,0,318131,4739584,0.24308100000780541,0.2552318996094982,0.012729999980365392,83,2.0664,10.0,4.426666666666667e-05
nymeria,cpu,unrestricted_bank,nymeria__only_rgb__qwen3_8b,qwen3_8b,only_rgb,edge,right_wrist,right_wrist_rgb,78280,313120,0,318131,4739584,0.24012100038817152,0.24626800004625693,0.012759999663103372,83,2.0664,10.0,4.426666666666667e-05
nymeria,cpu,unrestricted_bank,nymeria__only_rgb__qwen3_8b,qwen3_8b,only_rgb,core,core,,31732,126928,0,138862,1993856,0.30187199990905356,0.33622409964664257,0.04196999998384854,,,,
nymeria,cpu,unrestricted_bank,nymeria__only_rgb__qwen3_8b,qwen3_8b,only_rgb,core,core_language,,8207651840,16449136640,256,,1419700744832,2550.10776600011,2554.9344758997904,2.037420000306156,,,,
nymeria,cpu,separate_banks,nymeria__only_rgb__qwen3_8b,qwen3_8b,only_rgb,edge,head,head_rgb,75112,300448,0,305459,4690432,0.24461100019834703,0.27009899995391606,0.012129999959142879,83,2.0664,10.0,4.426666666666667e-05
nymeria,cpu,separate_banks,nymeria__only_rgb__qwen3_8b,qwen3_8b,only_rgb,edge,left_wrist,left_wrist_rgb,75112,300448,0,305459,4690432,0.2351809998799581,0.25112900066233124,0.012409999726514798,83,2.0664,10.0,4.426666666666667e-05
nymeria,cpu,separate_banks,nymeria__only_rgb__qwen3_8b,qwen3_8b,only_rgb,edge,observer,observer_rgb,75112,300448,0,305459,4690432,0.24181099979614373,0.2518739001970971,0.015150000763242133,83,2.0664,10.0,4.426666666666667e-05
nymeria,cpu,separate_banks,nymeria__only_rgb__qwen3_8b,qwen3_8b,only_rgb,edge,right_wrist,right_wrist_rgb,75112,300448,0,305459,4690432,0.23398099983751308,0.24883999985831906,0.01247000000148546,83,2.0664,10.0,4.426666666666667e-05
nymeria,cpu,separate_banks,nymeria__only_rgb__qwen3_8b,qwen3_8b,only_rgb,core,core,,31732,126928,0,139749,1993856,0.36130199987383094,0.38148000012370176,0.03493999975034967,,,,
nymeria,cpu,separate_banks,nymeria__only_rgb__qwen3_8b,qwen3_8b,only_rgb,core,core_language,,8207651840,16449136640,256,,1419700744832,2550.10776600011,2554.9344758997904,1.7522689995530527,,,,
nymeria,cpu,fixed_resampling,nymeria__only_rgb__qwen3_8b,qwen3_8b,only_rgb,edge,head,head_rgb,75112,300448,0,305459,2294272,0.16159099959622836,0.17495599986432353,0.012679999599640723,83,2.0664,10.0,4.426666666666667e-05
nymeria,cpu,fixed_resampling,nymeria__only_rgb__qwen3_8b,qwen3_8b,only_rgb,edge,left_wrist,left_wrist_rgb,75112,300448,0,305459,2294272,0.17339100031676935,0.19510800066200318,0.012459999197744764,83,2.0664,10.0,4.426666666666667e-05
nymeria,cpu,fixed_resampling,nymeria__only_rgb__qwen3_8b,qwen3_8b,only_rgb,edge,observer,observer_rgb,75112,300448,0,305459,2294272,0.1634500004001893,0.16606090021014097,0.012349999451544136,83,2.0664,10.0,4.426666666666667e-05
nymeria,cpu,fixed_resampling,nymeria__only_rgb__qwen3_8b,qwen3_8b,only_rgb,edge,right_wrist,right_wrist_rgb,75112,300448,0,305459,2294272,0.1467100000809296,0.16058890023487038,0.012129999959142879,83,2.0664,10.0,4.426666666666667e-05
nymeria,cpu,fixed_resampling,nymeria__only_rgb__qwen3_8b,qwen3_8b,only_rgb,core,core,,31732,126928,0,138862,1993856,0.347211000189418,0.3775779003262869,0.03465000008873176,,,,
nymeria,cpu,fixed_resampling,nymeria__only_rgb__qwen3_8b,qwen3_8b,only_rgb,core,core_language,,8207651840,16449136640,256,,1419700744832,2550.10776600011,2554.9344758997904,1.7677190007816534,,,,
nymeria,cpu,finetune_encoders,nymeria__only_rgb__qwen3_8b,qwen3_8b,only_rgb,edge,head,head_rgb,75112,300448,0,305459,4690432,0.24381099956372054,0.26364700015619746,0.012399999832268804,83,2.0664,10.0,4.426666666666667e-05
nymeria,cpu,finetune_encoders,nymeria__only_rgb__qwen3_8b,qwen3_8b,only_rgb,edge,left_wrist,left_wrist_rgb,75112,300448,0,305459,4690432,0.23382099971058778,0.2474110000548535,0.012489999789977446,83,2.0664,10.0,4.426666666666667e-05
nymeria,cpu,finetune_encoders,nymeria__only_rgb__qwen3_8b,qwen3_8b,only_rgb,edge,observer,observer_rgb,75112,300448,0,305459,4690432,0.23631200019735843,0.25015310075104935,0.012270000297576189,83,2.0664,10.0,4.426666666666667e-05
nymeria,cpu,finetune_encoders,nymeria__only_rgb__qwen3_8b,qwen3_8b,only_rgb,edge,right_wrist,right_wrist_rgb,75112,300448,0,305459,4690432,0.23063099979481194,0.2425560005576699,0.012269999388081487,83,2.0664,10.0,4.426666666666667e-05
nymeria,cpu,finetune_encoders,nymeria__only_rgb__qwen3_8b,qwen3_8b,only_rgb,core,core,,31732,126928,0,138862,1993856,0.35012199987249915,0.36877899983664975,0.034331000279053114,,,,
nymeria,cpu,finetune_encoders,nymeria__only_rgb__qwen3_8b,qwen3_8b,only_rgb,core,core_language,,8207651840,16449136640,256,,1419700744832,2550.10776600011,2554.9344758997904,1.7438180002500303,,,,
nymeria,cpu,no_alignment,nymeria__only_rgb__qwen3_8b,qwen3_8b,only_rgb,edge,head,head_rgb,75112,300448,0,305459,4690432,0.24144199960574042,0.2682161000848282,0.01249999968422344,83,2.0664,10.0,4.426666666666667e-05
nymeria,cpu,no_alignment,nymeria__only_rgb__qwen3_8b,qwen3_8b,only_rgb,edge,left_wrist,left_wrist_rgb,75112,300448,0,305459,4690432,0.23301100009121,0.2507779000552546,0.012680000509135425,83,2.0664,10.0,4.426666666666667e-05
nymeria,cpu,no_alignment,nymeria__only_rgb__qwen3_8b,qwen3_8b,only_rgb,edge,observer,observer_rgb,75112,300448,0,305459,4690432,0.2342019997740863,0.24843009950927808,0.015489999896090012,83,2.0664,10.0,4.426666666666667e-05
nymeria,cpu,no_alignment,nymeria__only_rgb__qwen3_8b,qwen3_8b,only_rgb,edge,right_wrist,right_wrist_rgb,75112,300448,0,305459,4690432,0.22700099998473888,0.24311999977726373,0.01252999936696142,83,2.0664,10.0,4.426666666666667e-05
nymeria,cpu,no_alignment,nymeria__only_rgb__qwen3_8b,qwen3_8b,only_rgb,core,core,,31732,126928,0,138862,1993856,0.3378809997229837,0.36624089980250574,0.034780000532919075,,,,
nymeria,cpu,no_alignment,nymeria__only_rgb__qwen3_8b,qwen3_8b,only_rgb,core,core_language,,8207651840,16449136640,256,,1419700744832,2550.10776600011,2554.9344758997904,2.9472449996319483,,,,
nymeria,cpu,no_usage,nymeria__only_rgb__qwen3_8b,qwen3_8b,only_rgb,edge,head,head_rgb,75112,300448,0,305459,4690432,0.3058219999729772,0.3188000002410263,0.01702999998087762,83,2.0664,10.0,4.426666666666667e-05
nymeria,cpu,no_usage,nymeria__only_rgb__qwen3_8b,qwen3_8b,only_rgb,edge,left_wrist,left_wrist_rgb,75112,300448,0,305459,4690432,0.2973119999296614,0.3052400999877136,0.017299999854003545,83,2.0664,10.0,4.426666666666667e-05
nymeria,cpu,no_usage,nymeria__only_rgb__qwen3_8b,qwen3_8b,only_rgb,edge,observer,observer_rgb,75112,300448,0,305459,4690432,0.2922409994425834,0.29961200007164734,0.017309999748249538,83,2.0664,10.0,4.426666666666667e-05
nymeria,cpu,no_usage,nymeria__only_rgb__qwen3_8b,qwen3_8b,only_rgb,edge,right_wrist,right_wrist_rgb,75112,300448,0,305459,4690432,0.28399100028764224,0.3012530002706626,0.01728999995975755,83,2.0664,10.0,4.426666666666667e-05
nymeria,cpu,no_usage,nymeria__only_rgb__qwen3_8b,qwen3_8b,only_rgb,core,core,,31732,126928,0,138862,1993856,0.44322299982013647,0.461465099670022,0.04831000023841625,,,,
nymeria,cpu,no_usage,nymeria__only_rgb__qwen3_8b,qwen3_8b,only_rgb,core,core_language,,8207651840,16449136640,256,,1419700744832,2550.10776600011,2554.9344758997904,1.7278290006288444,,,,
nymeria,cpu,tcn,nymeria__only_rgb__qwen3_8b,qwen3_8b,only_rgb,edge,head,head_rgb,0,0,0,0,0,0.0005399997462518513,0.000774000545789022,0.013509999917005189,70840,58.672,10.0,0.03778133333333333
nymeria,cpu,tcn,nymeria__only_rgb__qwen3_8b,qwen3_8b,only_rgb,edge,left_wrist,left_wrist_rgb,0,0,0,0,0,0.0005199999577598646,0.000655000167171238,0.010689999726309907,23624,20.8992,10.0,0.012599466666666666
nymeria,cpu,tcn,nymeria__only_rgb__qwen3_8b,qwen3_8b,only_rgb,edge,observer,observer_rgb,0,0,0,0,0,0.00048000038077589124,0.000632999581284821,0.012520000382210128,70840,58.672,10.0,0.03778133333333333
nymeria,cpu,tcn,nymeria__only_rgb__qwen3_8b,qwen3_8b,only_rgb,edge,right_wrist,right_wrist_rgb,0,0,0,0,0,0.0005100000635138713,0.000564000310987467,0.010490000022400636,23624,20.8992,10.0,0.012599466666666666
nymeria,cpu,tcn,nymeria__only_rgb__qwen3_8b,qwen3_8b,only_rgb,core,core,,189460,757840,0,769585,11973504,0.7884840006227023,0.8118660005493439,0.032279999686579686,,,,
nymeria,cpu,tcn,nymeria__only_rgb__qwen3_8b,qwen3_8b,only_rgb,core,core_language,,8207651840,16449136640,256,,1419700744832,2550.10776600011,2554.9344758997904,1.7428389992346638,,,,
nymeria,cpu,ts_transformer,nymeria__only_rgb__qwen3_8b,qwen3_8b,only_rgb,edge,head,head_rgb,0,0,0,0,0,0.000529999852005858,0.0008269999852927867,0.014119999832473695,70840,58.672,10.0,0.03778133333333333
nymeria,cpu,ts_transformer,nymeria__only_rgb__qwen3_8b,qwen3_8b,only_rgb,edge,left_wrist,left_wrist_rgb,0,0,0,0,0,0.0004599996827892028,0.0006580000444955658,0.010660000043571927,23624,20.8992,10.0,0.012599466666666666
nymeria,cpu,ts_transformer,nymeria__only_rgb__qwen3_8b,qwen3_8b,only_rgb,edge,observer,observer_rgb,0,0,0,0,0,0.0004399998942972161,0.0005299997610563878,0.012630000128410757,70840,58.672,10.0,0.03778133333333333
nymeria,cpu,ts_transformer,nymeria__only_rgb__qwen3_8b,qwen3_8b,only_rgb,edge,right_wrist,right_wrist_rgb,0,0,0,0,0,0.0004700004865298979,0.0005870000677532516,0.01061000057234196,23624,20.8992,10.0,0.012599466666666666
nymeria,cpu,ts_transformer,nymeria__only_rgb__qwen3_8b,qwen3_8b,only_rgb,core,core,,202324,809296,0,824589,13022080,0.8113140002024011,0.8315820003190311,0.030550000701623503,,,,
nymeria,cpu,ts_transformer,nymeria__only_rgb__qwen3_8b,qwen3_8b,only_rgb,core,core_language,,8207651840,16449136640,256,,1419700744832,2550.10776600011,2554.9344758997904,1.7309189997831709,,,,
nymeria,cpu,patchtst,nymeria__only_rgb__qwen3_8b,qwen3_8b,only_rgb,edge,head,head_rgb,0,0,0,0,0,0.0004899993655271828,0.0007600006028951611,0.013830000170855783,70840,58.672,10.0,0.03778133333333333
nymeria,cpu,patchtst,nymeria__only_rgb__qwen3_8b,qwen3_8b,only_rgb,edge,left_wrist,left_wrist_rgb,0,0,0,0,0,0.0004900002750218846,0.0006159997610666323,0.010460000339662656,23624,20.8992,10.0,0.012599466666666666
nymeria,cpu,patchtst,nymeria__only_rgb__qwen3_8b,qwen3_8b,only_rgb,edge,observer,observer_rgb,0,0,0,0,0,0.0006099999154685065,0.0006370004484779201,0.01303999943047529,70840,58.672,10.0,0.03778133333333333
nymeria,cpu,patchtst,nymeria__only_rgb__qwen3_8b,qwen3_8b,only_rgb,edge,right_wrist,right_wrist_rgb,0,0,0,0,0,0.0004399998942972161,0.0005209998562349938,0.010679999832063913,23624,20.8992,10.0,0.012599466666666666
nymeria,cpu,patchtst,nymeria__only_rgb__qwen3_8b,qwen3_8b,only_rgb,core,core,,177876,711504,0,726797,286217472,2.5420620004297234,2.5601439003366977,0.030440000045928173,,,,
nymeria,cpu,patchtst,nymeria__only_rgb__qwen3_8b,qwen3_8b,only_rgb,core,core_language,,8207651840,16449136640,256,,1069060204032,2476.706295999975,2485.5877038999097,1.1645660006252,,,,
nymeria,cpu,distrixsense,nymeria__only_slam__qwen3_8b,qwen3_8b,only_slam,edge,head,"head_slam_left,head_slam_right",42448,169792,0,179075,2515968,0.43738299973483663,0.4377781000584946,0.02313999993930338,168,2.1344,10.0,8.96e-05
nymeria,cpu,distrixsense,nymeria__only_slam__qwen3_8b,qwen3_8b,only_slam,edge,left_wrist,"left_wrist_slam_left,left_wrist_slam_right",42448,169792,0,179075,2515968,0.402622000365227,0.44210500027475064,0.023020000298856758,168,2.1344,10.0,8.96e-05
nymeria,cpu,distrixsense,nymeria__only_slam__qwen3_8b,qwen3_8b,only_slam,edge,observer,"observer_slam_left,observer_slam_right",42448,169792,0,179075,2515968,0.4165419995842967,0.4613979999703588,0.023009999495116062,168,2.1344,10.0,8.96e-05
nymeria,cpu,distrixsense,nymeria__only_slam__qwen3_8b,qwen3_8b,only_slam,edge,right_wrist,"right_wrist_slam_left,right_wrist_slam_right",42448,169792,0,179075,2515968,0.4069520000484772,0.4185259996120294,0.022930999875825364,168,2.1344,10.0,8.96e-05
nymeria,cpu,distrixsense,nymeria__only_slam__qwen3_8b,qwen3_8b,only_slam,core,core,,36084,144336,0,156270,4461952,0.5141330002516042,0.5454440006360528,0.06951100021979073,,,,
nymeria,cpu,distrixsense,nymeria__only_slam__qwen3_8b,qwen3_8b,only_slam,core,core_language,,8207651840,16449136640,256,,1981988619904,2677.45124799967,2679.6589785994,4.7273939999286085,,,,
nymeria,cpu,dense,nymeria__only_slam__qwen3_8b,qwen3_8b,only_slam,edge,head,"head_slam_left,head_slam_right",35584,142336,0,147443,2252800,0.30606200016336516,0.31721210052637616,0.017499999557912815,8648,8.9184,10.0,0.004612266666666667
nymeria,cpu,dense,nymeria__only_slam__qwen3_8b,qwen3_8b,only_slam,edge,left_wrist,"left_wrist_slam_left,left_wrist_slam_right",35584,142336,0,147443,2252800,0.2969209999719169,0.3195569000126852,0.017280000065511558,8648,8.9184,10.0,0.004612266666666667
nymeria,cpu,dense,nymeria__only_slam__qwen3_8b,qwen3_8b,only_slam,edge,observer,"observer_slam_left,observer_slam_right",35584,142336,0,147443,2252800,0.291330999971251,0.3046248997634393,0.017169999409816228,8648,8.9184,10.0,0.004612266666666667
nymeria,cpu,dense,nymeria__only_slam__qwen3_8b,qwen3_8b,only_slam,edge,right_wrist,"right_wrist_slam_left,right_wrist_slam_right",35584,142336,0,147443,2252800,0.29685099980270024,0.3033679000509437,0.01764999979059212,8648,8.9184,10.0,0.004612266666666667
nymeria,cpu,dense,nymeria__only_slam__qwen3_8b,qwen3_8b,only_slam,core,core,,27892,111568,0,123185,30279040,0.6987529995967634,0.7255739003994677,0.050239999836776406,,,,
nymeria,cpu,dense,nymeria__only_slam__qwen3_8b,qwen3_8b,only_slam,core,core_language,,8207651840,16449136640,256,,4708542097024,3452.3431319994415,3476.522668799771,8.808904999568767,,,,
nymeria,cpu,dense_tokens,nymeria__only_slam__qwen3_8b,qwen3_8b,only_slam,edge,head,"head_slam_left,head_slam_right",40336,161344,0,169551,2483200,0.38780199975008145,0.4140999999435735,0.015440000424860045,2200,3.76,10.0,0.0011733333333333333
nymeria,cpu,dense_tokens,nymeria__only_slam__qwen3_8b,qwen3_8b,only_slam,edge,left_wrist,"left_wrist_slam_left,left_wrist_slam_right",40336,161344,0,169551,2483200,0.3768819997276296,0.40376499946432887,0.01539999993838137,2200,3.76,10.0,0.0011733333333333333
nymeria,cpu,dense_tokens,nymeria__only_slam__qwen3_8b,qwen3_8b,only_slam,edge,observer,"observer_slam_left,observer_slam_right",40336,161344,0,169551,2483200,0.384452000616875,0.38813300016045105,0.015539999367319979,2200,3.76,10.0,0.0011733333333333333
nymeria,cpu,dense_tokens,nymeria__only_slam__qwen3_8b,qwen3_8b,only_slam,edge,right_wrist,"right_wrist_slam_left,right_wrist_slam_right",40336,161344,0,169551,2483200,0.3674509998745634,0.38392190044760355,0.0152000002344721,2200,3.76,10.0,0.0011733333333333333
nymeria,cpu,dense_tokens,nymeria__only_slam__qwen3_8b,qwen3_8b,only_slam,core,core,,27892,111568,0,123185,4461952,0.41072200019698357,0.4380829002002429,0.04781000006914837,,,,
nymeria,cpu,dense_tokens,nymeria__only_slam__qwen3_8b,qwen3_8b,only_slam,core,core_language,,8207651840,16449136640,256,,1981988619904,2677.45124799967,2679.6589785994,3.3120970001618844,,,,
nymeria,cpu,raw,nymeria__only_slam__qwen3_8b,qwen3_8b,only_slam,edge,head,"head_slam_left,head_slam_right",0,0,0,0,0,0.0005600004442385398,0.0009740001587488223,0.02035000034084078,47728,40.1824,10.0,0.025454933333333332
nymeria,cpu,raw,nymeria__only_slam__qwen3_8b,qwen3_8b,only_slam,edge,left_wrist,"left_wrist_slam_left,left_wrist_slam_right",0,0,0,0,0,0.0006199998097144999,0.0007550000191258732,0.01911999970616307,31848,27.4784,10.0,0.0169856
nymeria,cpu,raw,nymeria__only_slam__qwen3_8b,qwen3_8b,only_slam,edge,observer,"observer_slam_left,observer_slam_right",0,0,0,0,0,0.000660000296193175,0.0006959999154787511,0.02074000076390803,47728,40.1824,10.0,0.025454933333333332
nymeria,cpu,raw,nymeria__only_slam__qwen3_8b,qwen3_8b,only_slam,edge,right_wrist,"right_wrist_slam_left,right_wrist_slam_right",0,0,0,0,0,0.0005399997462518513,0.0006390003363776486,0.020190000213915482,31848,27.4784,10.0,0.0169856
nymeria,cpu,raw,nymeria__only_slam__qwen3_8b,qwen3_8b,only_slam,core,core,,170228,680912,0,712691,39290240,2.1055410006738384,2.1379139996497543,0.054579999414272606,,,,
nymeria,cpu,raw,nymeria__only_slam__qwen3_8b,qwen3_8b,only_slam,core,core_language,,8207651840,16449136640,256,,4708542097024,3452.3431319994415,3476.522668799771,8.716274999642337,,,,
nymeria,cpu,early_fusion,nymeria__only_slam__qwen3_8b,qwen3_8b,only_slam,edge,head,"head_slam_left,head_slam_right",0,0,0,0,0,0.0007099997674231417,0.0010520002433622722,0.0209400004678173,47728,40.1824,10.0,0.025454933333333332
nymeria,cpu,early_fusion,nymeria__only_slam__qwen3_8b,qwen3_8b,only_slam,edge,left_wrist,"left_wrist_slam_left,left_wrist_slam_right",0,0,0,0,0,0.0005500005499925464,0.0007749998076178599,0.019691000488819554,31848,27.4784,10.0,0.0169856
nymeria,cpu,early_fusion,nymeria__only_slam__qwen3_8b,qwen3_8b,only_slam,edge,observer,"observer_slam_left,observer_slam_right",0,0,0,0,0,0.0005700003384845331,0.0006959998245292809,0.02089000008709263,47728,40.1824,10.0,0.025454933333333332
nymeria,cpu,early_fusion,nymeria__only_slam__qwen3_8b,qwen3_8b,only_slam,edge,right_wrist,"right_wrist_slam_left,right_wrist_slam_right",0,0,0,0,0,0.0005700003384845331,0.0007139996341720689,0.01897999936772976,31848,27.4784,10.0,0.0169856
nymeria,cpu,early_fusion,nymeria__only_slam__qwen3_8b,qwen3_8b,only_slam,core,core,,79892,319568,0,341899,5254528,1.1927360001209308,1.2830698996367573,0.055250000514206477,,,,
nymeria,cpu,early_fusion,nymeria__only_slam__qwen3_8b,qwen3_8b,only_slam,core,core_language,,8207651840,16449136640,256,,1531790898816,2577.665574999628,2615.724706600031,1.8282390001331805,,,,
nymeria,cpu,late_fusion,nymeria__only_slam__qwen3_8b,qwen3_8b,only_slam,edge,head,"head_slam_left,head_slam_right",36244,144976,0,151015,2254080,0.32242100041912636,0.3375869000592502,0.014840000403637532,176,2.1408,10.0,9.386666666666667e-05
nymeria,cpu,late_fusion,nymeria__only_slam__qwen3_8b,qwen3_8b,only_slam,edge,left_wrist,"left_wrist_slam_left,left_wrist_slam_right",36244,144976,0,151015,2254080,0.3118209997410304,0.3267078998760553,0.01475000044592889,176,2.1408,10.0,9.386666666666667e-05
nymeria,cpu,late_fusion,nymeria__only_slam__qwen3_8b,qwen3_8b,only_slam,edge,observer,"observer_slam_left,observer_slam_right",36244,144976,0,151015,2254080,0.3115619992968277,0.3276980993177858,0.014859999282634817,176,2.1408,10.0,9.386666666666667e-05
nymeria,cpu,late_fusion,nymeria__only_slam__qwen3_8b,qwen3_8b,only_slam,edge,right_wrist,"right_wrist_slam_left,right_wrist_slam_right",36244,144976,0,151015,2254080,0.3088310004386585,0.31611289996362757,0.015020000319054816,176,2.1408,10.0,9.386666666666667e-05
nymeria,cpu,late_fusion,nymeria__only_slam__qwen3_8b,qwen3_8b,only_slam,core,core,,0,0,0,0,0,0.06392999966919888,0.07063590037432732,0.046350000047823414,,,,
nymeria,cpu,late_fusion,nymeria__only_slam__qwen3_8b,qwen3_8b,only_slam,core,core_language,,8190735360,16381470720,256,,1320601661184,2585.7234379996044,2589.9117014001604,0.2078810002785758,,,,
nymeria,cpu,local_only,nymeria__only_slam__qwen3_8b,qwen3_8b,only_slam,edge,head,"head_slam_left,head_slam_right",36244,144976,0,151015,2254080,0.32187200031330576,0.3294410004855308,0.014510000255540945,104,2.0832,10.0,5.546666666666667e-05
nymeria,cpu,local_only,nymeria__only_slam__qwen3_8b,qwen3_8b,only_slam,edge,left_wrist,"left_wrist_slam_left,left_wrist_slam_right",36244,144976,0,151015,2254080,0.3150410002490389,0.3250049000598665,0.014630000805482268,104,2.0832,10.0,5.546666666666667e-05
nymeria,cpu,local_only,nymeria__only_slam__qwen3_8b,qwen3_8b,only_slam,edge,observer,"observer_slam_left,observer_slam_right",36244,144976,0,151015,2254080,0.3144020001855097,0.3265961001488904,0.01461000010749558,104,2.0832,10.0,5.546666666666667e-05
nymeria,cpu,local_only,nymeria__only_slam__qwen3_8b,qwen3_8b,only_slam,edge,right_wrist,"right_wrist_slam_left,right_wrist_slam_right",36244,144976,0,151015,2254080,0.31620099980500527,0.3193699002622452,0.014690999705635477,104,2.0832,10.0,5.546666666666667e-05
nymeria,cpu,local_only,nymeria__only_slam__qwen3_8b,qwen3_8b,only_slam,core,core,,0,0,0,0,0,0.09140099973592442,0.09897810023176135,0.0459100001535262,,,,
nymeria,cpu,local_only,nymeria__only_slam__qwen3_8b,qwen3_8b,only_slam,core,core_language,,8190735360,16381470720,256,,1320601661184,2585.7234379996044,2589.9117014001604,0.19731099928321782,,,,
nymeria,cpu,bottleneck,nymeria__only_slam__qwen3_8b,qwen3_8b,only_slam,edge,head,"head_slam_left,head_slam_right",35848,143392,0,149479,2269184,0.37151199921936495,0.3843009998490743,0.016179999875021167,1368,3.0944000000000003,10.0,0.0007296
nymeria,cpu,bottleneck,nymeria__only_slam__qwen3_8b,qwen3_8b,only_slam,edge,left_wrist,"left_wrist_slam_left,left_wrist_slam_right",35848,143392,0,149479,2269184,0.31488199965679087,0.3214609996575746,0.01621000046725385,1368,3.0944000000000003,10.0,0.0007296
nymeria,cpu,bottleneck,nymeria__only_slam__qwen3_8b,qwen3_8b,only_slam,edge,observer,"observer_slam_left,observer_slam_right",35848,143392,0,149479,2269184,0.3130019995296607,0.335402100427018,0.016109999705804512,1368,3.0944000000000003,10.0,0.0007296
nymeria,cpu,bottleneck,nymeria__only_slam__qwen3_8b,qwen3_8b,only_slam,edge,right_wrist,"right_wrist_slam_left,right_wrist_slam_right",35848,143392,0,149479,2269184,0.3146520002701436,0.32048400080384454,0.01650000012887176,1368,3.0944000000000003,10.0,0.0007296
nymeria,cpu,bottleneck,nymeria__only_slam__qwen3_8b,qwen3_8b,only_slam,core,core,,29172,116688,0,133185,30344576,0.7208329998320551,0.7460339005774586,0.04759999956149841,,,,
nymeria,cpu,bottleneck,nymeria__only_slam__qwen3_8b,qwen3_8b,only_slam,core,core_language,,8207651840,16449136640,256,,4708542097024,3452.3431319994415,3476.522668799771,8.71207499949378,,,,
nymeria,cpu,tokenlearner,nymeria__only_slam__qwen3_8b,qwen3_8b,only_slam,edge,head,"head_slam_left,head_slam_right",38224,152896,0,160091,2450432,0.38407200008805376,0.39335099936579354,0.015509999684581999,2200,3.76,10.0,0.0011733333333333333
nymeria,cpu,tokenlearner,nymeria__only_slam__qwen3_8b,qwen3_8b,only_slam,edge,left_wrist,"left_wrist_slam_left,left_wrist_slam_right",38224,152896,0,160091,2450432,0.3771720002987422,0.3861809999762045,0.015530000382568687,2200,3.76,10.0,0.0011733333333333333
nymeria,cpu,tokenlearner,nymeria__only_slam__qwen3_8b,qwen3_8b,only_slam,edge,observer,"observer_slam_left,observer_slam_right",38224,152896,0,160091,2450432,0.35909199959860416,0.3830949995062838,0.015480000001844019,2200,3.76,10.0,0.0011733333333333333
nymeria,cpu,tokenlearner,nymeria__only_slam__qwen3_8b,qwen3_8b,only_slam,edge,right_wrist,"right_wrist_slam_left,right_wrist_slam_right",38224,152896,0,160091,2450432,0.36177200036036083,0.3793939998104179,0.015279999388440046,2200,3.76,10.0,0.0011733333333333333
nymeria,cpu,tokenlearner,nymeria__only_slam__qwen3_8b,qwen3_8b,only_slam,core,core,,27892,111568,0,123185,4461952,0.3970219995608204,0.4243738996592583,0.04813100076717092,,,,
nymeria,cpu,tokenlearner,nymeria__only_slam__qwen3_8b,qwen3_8b,only_slam,core,core_language,,8207651840,16449136640,256,,1981988619904,2677.45124799967,2679.6589785994,4.659563999666716,,,,
nymeria,cpu,posthoc_vq,nymeria__only_slam__qwen3_8b,qwen3_8b,only_slam,edge,head,"head_slam_left,head_slam_right",43776,175104,0,180464,2383872,0.46594199920946267,0.4829069998777413,0.025940000341506675,408,2.3264,10.0,0.0002176
nymeria,cpu,posthoc_vq,nymeria__only_slam__qwen3_8b,qwen3_8b,only_slam,edge,left_wrist,"left_wrist_slam_left,left_wrist_slam_right",43776,175104,0,180464,2383872,0.44673200045508565,0.4756850004014268,0.024170999495254364,408,2.3264,10.0,0.0002176
nymeria,cpu,posthoc_vq,nymeria__only_slam__qwen3_8b,qwen3_8b,only_slam,edge,observer,"observer_slam_left,observer_slam_right",43776,175104,0,180464,2383872,0.451771999905759,0.48168889989028685,0.024779999876045622,408,2.3264,10.0,0.0002176
nymeria,cpu,posthoc_vq,nymeria__only_slam__qwen3_8b,qwen3_8b,only_slam,edge,right_wrist,"right_wrist_slam_left,right_wrist_slam_right",43776,175104,0,180464,2383872,0.44036200051777996,0.45995589998710784,0.02417999985482311,408,2.3264,10.0,0.0002176
nymeria,cpu,posthoc_vq,nymeria__only_slam__qwen3_8b,qwen3_8b,only_slam,core,core,,36084,144336,0,156270,30279040,0.798474000475835,0.8263470003839757,0.07503999950131401,,,,
nymeria,cpu,posthoc_vq,nymeria__only_slam__qwen3_8b,qwen3_8b,only_slam,core,core_language,,8207651840,16449136640,256,,4708542097024,3452.3431319994415,3476.522668799771,8.752224999625469,,,,
nymeria,cpu,joint_vq,nymeria__only_slam__qwen3_8b,qwen3_8b,only_slam,edge,head,"head_slam_left,head_slam_right",48528,194112,0,202636,2515968,0.5375930004447582,0.5412910993982223,0.023659999897063244,168,2.1344,10.0,8.96e-05
nymeria,cpu,joint_vq,nymeria__only_slam__qwen3_8b,qwen3_8b,only_slam,edge,left_wrist,"left_wrist_slam_left,left_wrist_slam_right",48528,194112,0,202636,2515968,0.5087629997433396,0.5407040000136476,0.023769999643263873,168,2.1344,10.0,8.96e-05
nymeria,cpu,joint_vq,nymeria__only_slam__qwen3_8b,qwen3_8b,only_slam,edge,observer,"observer_slam_left,observer_slam_right",48528,194112,0,202636,2515968,0.5109120002089185,0.5189588998291583,0.023210999643197283,168,2.1344,10.0,8.96e-05
nymeria,cpu,joint_vq,nymeria__only_slam__qwen3_8b,qwen3_8b,only_slam,edge,right_wrist,"right_wrist_slam_left,right_wrist_slam_right",48528,194112,0,202636,2515968,0.5089619999125716,0.5172158997993392,0.02354099979129387,168,2.1344,10.0,8.96e-05
nymeria,cpu,joint_vq,nymeria__only_slam__qwen3_8b,qwen3_8b,only_slam,core,core,,36084,144336,0,156270,4461952,0.5001230001653312,0.5527909997908864,0.07035100043140119,,,,
nymeria,cpu,joint_vq,nymeria__only_slam__qwen3_8b,qwen3_8b,only_slam,core,core_language,,8207651840,16449136640,256,,1981988619904,2677.45124799967,2679.6589785994,4.483161999814911,,,,
nymeria,cpu,deepconvlstm,nymeria__only_slam__qwen3_8b,qwen3_8b,only_slam,edge,head,"head_slam_left,head_slam_right",0,0,0,0,0,0.0005700003384845331,0.0009840000529948156,0.028129999918746762,47728,40.1824,10.0,0.025454933333333332
nymeria,cpu,deepconvlstm,nymeria__only_slam__qwen3_8b,qwen3_8b,only_slam,edge,left_wrist,"left_wrist_slam_left,left_wrist_slam_right",0,0,0,0,0,0.0005900001269765198,0.0007520000508520752,0.025239999558834825,31848,27.4784,10.0,0.0169856
nymeria,cpu,deepconvlstm,nymeria__only_slam__qwen3_8b,qwen3_8b,only_slam,edge,observer,"observer_slam_left,observer_slam_right",0,0,0,0,0,0.0005499996404978447,0.0007119995643734001,0.02781999955914216,47728,40.1824,10.0,0.025454933333333332
nymeria,cpu,deepconvlstm,nymeria__only_slam__qwen3_8b,qwen3_8b,only_slam,edge,right_wrist,"right_wrist_slam_left,right_wrist_slam_right",0,0,0,0,0,0.0005500005499925464,0.0006309996933850925,0.02513999970688019,31848,27.4784,10.0,0.0169856
nymeria,cpu,deepconvlstm,nymeria__only_slam__qwen3_8b,qwen3_8b,only_slam,core,core,,149962,599848,0,615117,9470592,1.3176270003896207,1.3849110001501685,0.05733999932999723,,,,
nymeria,cpu,deepconvlstm,nymeria__only_slam__qwen3_8b,qwen3_8b,only_slam,core,core_language,,8207651840,16449136640,256,,1531790898816,2577.665574999628,2615.724706600031,2.067219999844383,,,,
nymeria,cpu,unrestricted_bank,nymeria__only_slam__qwen3_8b,qwen3_8b,only_slam,edge,head,"head_slam_left,head_slam_right",57232,228928,0,238211,2745344,0.45830199996999,0.48392590033472516,0.02325100012967596,168,2.1344,10.0,8.96e-05
nymeria,cpu,unrestricted_bank,nymeria__only_slam__qwen3_8b,qwen3_8b,only_slam,edge,left_wrist,"left_wrist_slam_left,left_wrist_slam_right",57232,228928,0,238211,2745344,0.45225299982121214,0.4736720996334043,0.02359000063734129,168,2.1344,10.0,8.96e-05
nymeria,cpu,unrestricted_bank,nymeria__only_slam__qwen3_8b,qwen3_8b,only_slam,edge,observer,"observer_slam_left,observer_slam_right",57232,228928,0,238211,2745344,0.4552119999061688,0.4655179001929355,0.023019999389362056,168,2.1344,10.0,8.96e-05
nymeria,cpu,unrestricted_bank,nymeria__only_slam__qwen3_8b,qwen3_8b,only_slam,edge,right_wrist,"right_wrist_slam_left,right_wrist_slam_right",57232,228928,0,238211,2745344,0.5024629999752506,0.5574611007432395,0.036080999961995985,168,2.1344,10.0,8.96e-05
nymeria,cpu,unrestricted_bank,nymeria__only_slam__qwen3_8b,qwen3_8b,only_slam,core,core,,36084,144336,0,156270,4461952,0.4265020006641862,0.44739190034306375,0.07014099992375122,,,,
nymeria,cpu,unrestricted_bank,nymeria__only_slam__qwen3_8b,qwen3_8b,only_slam,core,core_language,,8207651840,16449136640,256,,1981988619904,2677.45124799967,2679.6589785994,2.794113999698311,,,,
nymeria,cpu,separate_banks,nymeria__only_slam__qwen3_8b,qwen3_8b,only_slam,edge,head,"head_slam_left,head_slam_right",42448,169792,0,179075,2515968,0.4031120006402489,0.4580039000757097,0.022539999918080866,168,2.1344,10.0,8.96e-05
nymeria,cpu,separate_banks,nymeria__only_slam__qwen3_8b,qwen3_8b,only_slam,edge,left_wrist,"left_wrist_slam_left,left_wrist_slam_right",42448,169792,0,179075,2515968,0.3935820004699053,0.4098630001863057,0.0227999998969608,168,2.1344,10.0,8.96e-05
nymeria,cpu,separate_banks,nymeria__only_slam__qwen3_8b,qwen3_8b,only_slam,edge,observer,"observer_slam_left,observer_slam_right",42448,169792,0,179075,2515968,0.3828819999398547,0.40178199978981866,0.022420000277634244,168,2.1344,10.0,8.96e-05
nymeria,cpu,separate_banks,nymeria__only_slam__qwen3_8b,qwen3_8b,only_slam,edge,right_wrist,"right_wrist_slam_left,right_wrist_slam_right",42448,169792,0,179075,2515968,0.38191200019355165,0.4011540005194547,0.02246000076411292,168,2.1344,10.0,8.96e-05
nymeria,cpu,separate_banks,nymeria__only_slam__qwen3_8b,qwen3_8b,only_slam,core,core,,36084,144336,0,158361,4461952,0.5155629996806965,0.54114100012157,0.07086000005074311,,,,
nymeria,cpu,separate_banks,nymeria__only_slam__qwen3_8b,qwen3_8b,only_slam,core,core_language,,8207651840,16449136640,256,,1981988619904,2677.45124799967,2679.6589785994,2.9009749996475875,,,,
nymeria,cpu,fixed_resampling,nymeria__only_slam__qwen3_8b,qwen3_8b,only_slam,edge,head,"head_slam_left,head_slam_right",42448,169792,0,179075,1967104,0.2630809995025629,0.28538389979075873,0.023520000468124636,168,2.1344,10.0,8.96e-05
nymeria,cpu,fixed_resampling,nymeria__only_slam__qwen3_8b,qwen3_8b,only_slam,edge,left_wrist,"left_wrist_slam_left,left_wrist_slam_right",42448,169792,0,179075,1967104,0.2584210005807108,0.2750899006969121,0.023269999473995995,168,2.1344,10.0,8.96e-05
nymeria,cpu,fixed_resampling,nymeria__only_slam__qwen3_8b,qwen3_8b,only_slam,edge,observer,"observer_slam_left,observer_slam_right",42448,169792,0,179075,1967104,0.2646810007718159,0.2687948994207545,0.022980000721872784,168,2.1344,10.0,8.96e-05
nymeria,cpu,fixed_resampling,nymeria__only_slam__qwen3_8b,qwen3_8b,only_slam,edge,right_wrist,"right_wrist_slam_left,right_wrist_slam_right",42448,169792,0,179075,1967104,0.2584309995654621,0.2650108999660006,0.023600000531587284,168,2.1344,10.0,8.96e-05
nymeria,cpu,fixed_resampling,nymeria__only_slam__qwen3_8b,qwen3_8b,only_slam,core,core,,36084,144336,0,156270,4461952,0.5079129996374832,0.5245170996204251,0.07153000024118228,,,,
nymeria,cpu,fixed_resampling,nymeria__only_slam__qwen3_8b,qwen3_8b,only_slam,core,core_language,,8207651840,16449136640,256,,1981988619904,2677.45124799967,2679.6589785994,5.07002599988482,,,,
nymeria,cpu,finetune_encoders,nymeria__only_slam__qwen3_8b,qwen3_8b,only_slam,edge,head,"head_slam_left,head_slam_right",42448,169792,0,179075,2515968,0.5314930003805785,0.5336260007425153,0.024699999812582973,168,2.1344,10.0,8.96e-05
nymeria,cpu,finetune_encoders,nymeria__only_slam__qwen3_8b,qwen3_8b,only_slam,edge,left_wrist,"left_wrist_slam_left,left_wrist_slam_right",42448,169792,0,179075,2515968,0.5142730005900376,0.5147851004949189,0.023699999474047218,168,2.1344,10.0,8.96e-05
nymeria,cpu,finetune_encoders,nymeria__only_slam__qwen3_8b,qwen3_8b,only_slam,edge,observer,"observer_slam_left,observer_slam_right",42448,169792,0,179075,2515968,0.5870430004506488,0.7485848999749578,0.023399999918183312,168,2.1344,10.0,8.96e-05
nymeria,cpu,finetune_encoders,nymeria__only_slam__qwen3_8b,qwen3_8b,only_slam,edge,right_wrist,"right_wrist_slam_left,right_wrist_slam_right",42448,169792,0,179075,2515968,0.480102999972587,0.4985971004316525,0.023460000193153974,168,2.1344,10.0,8.96e-05
nymeria,cpu,finetune_encoders,nymeria__only_slam__qwen3_8b,qwen3_8b,only_slam,core,core,,36084,144336,0,156270,4461952,0.6167930005176459,0.6473479998930998,0.07101000028342241,,,,
nymeria,cpu,finetune_encoders,nymeria__only_slam__qwen3_8b,qwen3_8b,only_slam,core,core_language,,8207651840,16449136640,256,,1981988619904,2677.45124799967,2679.6589785994,3.2252259998131194,,,,
nymeria,cpu,no_alignment,nymeria__only_slam__qwen3_8b,qwen3_8b,only_slam,edge,head,"head_slam_left,head_slam_right",42448,169792,0,179075,2515968,0.40855200040823547,0.41470799997114227,0.02336000034119934,168,2.1344,10.0,8.96e-05
nymeria,cpu,no_alignment,nymeria__only_slam__qwen3_8b,qwen3_8b,only_slam,edge,left_wrist,"left_wrist_slam_left,left_wrist_slam_right",42448,169792,0,179075,2515968,0.3970119996665744,0.41174500020133564,0.02339000002393732,168,2.1344,10.0,8.96e-05
nymeria,cpu,no_alignment,nymeria__only_slam__qwen3_8b,qwen3_8b,only_slam,edge,observer,"observer_slam_left,observer_slam_right",42448,169792,0,179075,2515968,0.4300919999877806,0.44959500000913977,0.023279999368241988,168,2.1344,10.0,8.96e-05
nymeria,cpu,no_alignment,nymeria__only_slam__qwen3_8b,qwen3_8b,only_slam,edge,right_wrist,"right_wrist_slam_left,right_wrist_slam_right",42448,169792,0,179075,2515968,0.38485200002469355,0.39421200008291635,0.02316999962204136,168,2.1344,10.0,8.96e-05
nymeria,cpu,no_alignment,nymeria__only_slam__qwen3_8b,qwen3_8b,only_slam,core,core,,36084,144336,0,156270,4461952,0.5025919999752659,0.5217808996349049,0.06922000011400087,,,,
nymeria,cpu,no_alignment,nymeria__only_slam__qwen3_8b,qwen3_8b,only_slam,core,core_language,,8207651840,16449136640,256,,1981988619904,2677.45124799967,2679.6589785994,3.317536999929871,,,,
nymeria,cpu,no_usage,nymeria__only_slam__qwen3_8b,qwen3_8b,only_slam,edge,head,"head_slam_left,head_slam_right",42448,169792,0,179075,2515968,0.4681020000134595,0.4796129994247167,0.023179999516287353,168,2.1344,10.0,8.96e-05
nymeria,cpu,no_usage,nymeria__only_slam__qwen3_8b,qwen3_8b,only_slam,edge,left_wrist,"left_wrist_slam_left,left_wrist_slam_right",42448,169792,0,179075,2515968,0.4559819999485626,0.4805618998943828,0.023800000235496555,168,2.1344,10.0,8.96e-05
nymeria,cpu,no_usage,nymeria__only_slam__qwen3_8b,qwen3_8b,only_slam,edge,observer,"observer_slam_left,observer_slam_right",42448,169792,0,179075,2515968,0.45031199988443404,0.464631000704685,0.02286000017193146,168,2.1344,10.0,8.96e-05
nymeria,cpu,no_usage,nymeria__only_slam__qwen3_8b,qwen3_8b,only_slam,edge,right_wrist,"right_wrist_slam_left,right_wrist_slam_right",42448,169792,0,179075,2515968,0.46302200007630745,0.46637990017188713,0.022979999812378082,168,2.1344,10.0,8.96e-05
nymeria,cpu,no_usage,nymeria__only_slam__qwen3_8b,qwen3_8b,only_slam,core,core,,36084,144336,0,156270,4461952,0.498442000207433,0.5228598994108324,0.07093000021995977,,,,
nymeria,cpu,no_usage,nymeria__only_slam__qwen3_8b,qwen3_8b,only_slam,core,core_language,,8207651840,16449136640,256,,1981988619904,2677.45124799967,2679.6589785994,2.7681539995683124,,,,
nymeria,cpu,tcn,nymeria__only_slam__qwen3_8b,qwen3_8b,only_slam,edge,head,"head_slam_left,head_slam_right",0,0,0,0,0,0.0006399995982064866,0.0009640002645028289,0.021269999706419185,47728,40.1824,10.0,0.025454933333333332
nymeria,cpu,tcn,nymeria__only_slam__qwen3_8b,qwen3_8b,only_slam,edge,left_wrist,"left_wrist_slam_left,left_wrist_slam_right",0,0,0,0,0,0.0005700003384845331,0.0007500000720028765,0.0193900004887837,31848,27.4784,10.0,0.0169856
nymeria,cpu,tcn,nymeria__only_slam__qwen3_8b,qwen3_8b,only_slam,edge,observer,"observer_slam_left,observer_slam_right",0,0,0,0,0,0.0005399997462518513,0.0006300004315562546,0.021189999642956536,47728,40.1824,10.0,0.025454933333333332
nymeria,cpu,tcn,nymeria__only_slam__qwen3_8b,qwen3_8b,only_slam,edge,right_wrist,"right_wrist_slam_left,right_wrist_slam_right",0,0,0,0,0,0.0006000000212225132,0.0007800005732860882,0.018910000108007807,31848,27.4784,10.0,0.0169856
nymeria,cpu,tcn,nymeria__only_slam__qwen3_8b,qwen3_8b,only_slam,core,core,,65556,262224,0,279105,4068480,1.1011560000042664,1.1561459996300982,0.054740999985369854,,,,
nymeria,cpu,tcn,nymeria__only_slam__qwen3_8b,qwen3_8b,only_slam,core,core_language,,8207651840,16449136640,256,,1531790898816,2577.665574999628,2615.724706600031,1.7810489998737467,,,,
nymeria,cpu,ts_transformer,nymeria__only_slam__qwen3_8b,qwen3_8b,only_slam,edge,head,"head_slam_left,head_slam_right",0,0,0,0,0,0.0007500002539018169,0.0010290005775459576,0.020880000192846637,47728,40.1824,10.0,0.025454933333333332
nymeria,cpu,ts_transformer,nymeria__only_slam__qwen3_8b,qwen3_8b,only_slam,edge,left_wrist,"left_wrist_slam_left,left_wrist_slam_right",0,0,0,0,0,0.0005800002327305265,0.0007689998710702639,0.0189200000022538,31848,27.4784,10.0,0.0169856
nymeria,cpu,ts_transformer,nymeria__only_slam__qwen3_8b,qwen3_8b,only_slam,edge,observer,"observer_slam_left,observer_slam_right",0,0,0,0,0,0.0006000000212225132,0.0007710006684646942,0.020340000446594786,47728,40.1824,10.0,0.025454933333333332
nymeria,cpu,ts_transformer,nymeria__only_slam__qwen3_8b,qwen3_8b,only_slam,edge,right_wrist,"right_wrist_slam_left,right_wrist_slam_right",0,0,0,0,0,0.000559999534743838,0.0006500002200482413,0.019040000552195124,31848,27.4784,10.0,0.0169856
nymeria,cpu,ts_transformer,nymeria__only_slam__qwen3_8b,qwen3_8b,only_slam,core,core,,78420,313680,0,334173,5117056,1.1265360008110292,1.1687730002449825,0.054911000006541144,,,,
nymeria,cpu,ts_transformer,nymeria__only_slam__qwen3_8b,qwen3_8b,only_slam,core,core_language,,8207651840,16449136640,256,,1531790898816,2577.665574999628,2615.724706600031,1.7762090001269826,,,,
nymeria,cpu,patchtst,nymeria__only_slam__qwen3_8b,qwen3_8b,only_slam,edge,head,"head_slam_left,head_slam_right",0,0,0,0,0,0.0005999991117278114,0.001005000558507163,0.02125999981217319,47728,40.1824,10.0,0.025454933333333332
nymeria,cpu,patchtst,nymeria__only_slam__qwen3_8b,qwen3_8b,only_slam,edge,left_wrist,"left_wrist_slam_left,left_wrist_slam_right",0,0,0,0,0,0.0005600004442385398,0.0006770000254618935,0.019969999812019523,31848,27.4784,10.0,0.0169856
nymeria,cpu,patchtst,nymeria__only_slam__qwen3_8b,qwen3_8b,only_slam,edge,observer,"observer_slam_left,observer_slam_right",0,0,0,0,0,0.0005700003384845331,0.0006959998245292809,0.02089000008709263,47728,40.1824,10.0,0.025454933333333332
nymeria,cpu,patchtst,nymeria__only_slam__qwen3_8b,qwen3_8b,only_slam,edge,right_wrist,"right_wrist_slam_left,right_wrist_slam_right",0,0,0,0,0,0.0005700003384845331,0.0006690001100650989,0.019129999600409064,31848,27.4784,10.0,0.0169856
nymeria,cpu,patchtst,nymeria__only_slam__qwen3_8b,qwen3_8b,only_slam,core,core,,62036,248144,0,268637,186619392,2.1517909999602125,2.1596119999230723,0.056321000556636136,,,,
nymeria,cpu,patchtst,nymeria__only_slam__qwen3_8b,qwen3_8b,only_slam,core,core_language,,8207651840,16449136640,256,,1180914428416,2493.555767000089,2497.990374800065,1.0253450000163866,,,,
nymeria,cpu,distrixsense,nymeria__only_trajectory__qwen3_8b,qwen3_8b,only_trajectory,edge,head,head_trajectory,7772,31088,0,36275,404352,0.25944099979824387,0.2676678999705473,0.012239999705343507,83,2.0664,10.0,4.426666666666667e-05
nymeria,cpu,distrixsense,nymeria__only_trajectory__qwen3_8b,qwen3_8b,only_trajectory,edge,left_wrist,left_wrist_trajectory,7772,31088,0,36275,404352,0.2542509992053965,0.2646010002536059,0.012270000297576189,83,2.0664,10.0,4.426666666666667e-05
nymeria,cpu,distrixsense,nymeria__only_trajectory__qwen3_8b,qwen3_8b,only_trajectory,edge,observer,observer_trajectory,7772,31088,0,36275,404352,0.24804100030451082,0.2761210004791792,0.012370000149530824,83,2.0664,10.0,4.426666666666667e-05
nymeria,cpu,distrixsense,nymeria__only_trajectory__qwen3_8b,qwen3_8b,only_trajectory,edge,right_wrist,right_wrist_trajectory,7772,31088,0,36275,404352,0.24830100028339075,0.2770838999822445,0.012270000297576189,83,2.0664,10.0,4.426666666666667e-05
nymeria,cpu,distrixsense,nymeria__only_trajectory__qwen3_8b,qwen3_8b,only_trajectory,core,core,,31732,126928,0,138862,1993856,0.339221000103862,0.3665998999167641,0.03440000000409782,,,,
nymeria,cpu,distrixsense,nymeria__only_trajectory__qwen3_8b,qwen3_8b,only_trajectory,core,core_language,,8207651840,16449136640,256,,1419700744832,2550.10776600011,2554.9344758997904,1.7817890002334025,,,,
nymeria,cpu,dense,nymeria__only_trajectory__qwen3_8b,qwen3_8b,only_trajectory,edge,head,head_trajectory,4340,17360,0,20557,272768,0.20280099943192909,0.21675999996659812,0.00931999966269359,4324,5.4592,10.0,0.0023061333333333333
nymeria,cpu,dense,nymeria__only_trajectory__qwen3_8b,qwen3_8b,only_trajectory,edge,left_wrist,left_wrist_trajectory,4340,17360,0,20557,272768,0.26999100009561516,0.3446379001616151,0.00926000029721763,4324,5.4592,10.0,0.0023061333333333333
nymeria,cpu,dense,nymeria__only_trajectory__qwen3_8b,qwen3_8b,only_trajectory,edge,observer,observer_trajectory,4340,17360,0,20557,272768,0.19184099983249325,0.20092200038561714,0.008999999408842996,4324,5.4592,10.0,0.0023061333333333333
nymeria,cpu,dense,nymeria__only_trajectory__qwen3_8b,qwen3_8b,only_trajectory,edge,right_wrist,right_wrist_trajectory,4340,17360,0,20557,272768,0.18996100061485777,0.19446999958745437,0.00909000027604634,4324,5.4592,10.0,0.0023061333333333333
nymeria,cpu,dense,nymeria__only_trajectory__qwen3_8b,qwen3_8b,only_trajectory,core,core,,27636,110544,0,122161,10970240,0.37680199966416694,0.4046930002004956,0.024569999368395656,,,,
nymeria,cpu,dense,nymeria__only_trajectory__qwen3_8b,qwen3_8b,only_trajectory,core,core_language,,8207651840,16449136640,256,,2773011817088,2866.202388000602,2866.914111600363,4.722384000160673,,,,
nymeria,cpu,dense_tokens,nymeria__only_trajectory__qwen3_8b,qwen3_8b,only_trajectory,edge,head,head_trajectory,6716,26864,0,31545,387968,0.25312100024166284,0.2739380002822145,0.008480000360577833,1100,2.88,10.0,0.0005866666666666667
nymeria,cpu,dense_tokens,nymeria__only_trajectory__qwen3_8b,qwen3_8b,only_trajectory,edge,left_wrist,left_wrist_trajectory,6716,26864,0,31545,387968,0.2528019995224895,0.2586511002846237,0.008369999704882503,1100,2.88,10.0,0.0005866666666666667
nymeria,cpu,dense_tokens,nymeria__only_trajectory__qwen3_8b,qwen3_8b,only_trajectory,edge,observer,observer_trajectory,6716,26864,0,31545,387968,0.24525099979655351,0.2647720004461007,0.008240000170189887,1100,2.88,10.0,0.0005866666666666667
nymeria,cpu,dense_tokens,nymeria__only_trajectory__qwen3_8b,qwen3_8b,only_trajectory,edge,right_wrist,right_wrist_trajectory,6716,26864,0,31545,387968,0.24350100011361064,0.25530090015308815,0.008380000508623198,1100,2.88,10.0,0.0005866666666666667
nymeria,cpu,dense_tokens,nymeria__only_trajectory__qwen3_8b,qwen3_8b,only_trajectory,core,core,,27636,110544,0,122161,1993856,0.28503100020316197,0.3137418998448993,0.023690000489295926,,,,
nymeria,cpu,dense_tokens,nymeria__only_trajectory__qwen3_8b,qwen3_8b,only_trajectory,core,core_language,,8207651840,16449136640,256,,1419700744832,2550.10776600011,2554.9344758997904,1.9314300006954,,,,
nymeria,cpu,raw,nymeria__only_trajectory__qwen3_8b,qwen3_8b,only_trajectory,edge,head,head_trajectory,0,0,0,0,0,0.000529999852005858,0.0007729997378191911,0.03599999945436139,97864,80.2912,10.0,0.05219413333333333
nymeria,cpu,raw,nymeria__only_trajectory__qwen3_8b,qwen3_8b,only_trajectory,edge,left_wrist,left_wrist_trajectory,0,0,0,0,0,0.0004599996827892028,0.0005680001777363941,0.03479999941191636,97864,80.2912,10.0,0.05219413333333333
nymeria,cpu,raw,nymeria__only_trajectory__qwen3_8b,qwen3_8b,only_trajectory,edge,observer,observer_trajectory,0,0,0,0,0,0.00043000000005122274,0.0005650002094625961,0.03499999911582563,97864,80.2912,10.0,0.05219413333333333
nymeria,cpu,raw,nymeria__only_trajectory__qwen3_8b,qwen3_8b,only_trajectory,edge,right_wrist,right_wrist_trajectory,0,0,0,0,0,0.00044999978854320943,0.0005040000360168051,0.03422999998292653,97864,80.2912,10.0,0.05219413333333333
nymeria,cpu,raw,nymeria__only_trajectory__qwen3_8b,qwen3_8b,only_trajectory,core,core,,44996,179984,0,201937,12061312,1.3837970000167843,1.624530800654611,0.03916999958164524,,,,
nymeria,cpu,raw,nymeria__only_trajectory__qwen3_8b,qwen3_8b,only_trajectory,core,core_language,,8207651840,16449136640,256,,2773011817088,2866.202388000602,2866.914111600363,5.577037999501044,,,,
nymeria,cpu,early_fusion,nymeria__only_trajectory__qwen3_8b,qwen3_8b,only_trajectory,edge,head,head_trajectory,0,0,0,0,0,0.0004900002750218846,0.0007509999704780057,0.029010999242018443,97864,80.2912,10.0,0.05219413333333333
nymeria,cpu,early_fusion,nymeria__only_trajectory__qwen3_8b,qwen3_8b,only_trajectory,edge,left_wrist,left_wrist_trajectory,0,0,0,0,0,0.00044000080379191786,0.0005930000043008476,0.028310999368841294,97864,80.2912,10.0,0.05219413333333333
nymeria,cpu,early_fusion,nymeria__only_trajectory__qwen3_8b,qwen3_8b,only_trajectory,edge,observer,observer_trajectory,0,0,0,0,0,0.000529999852005858,0.0006380003469530493,0.028270000257180072,97864,80.2912,10.0,0.05219413333333333
nymeria,cpu,early_fusion,nymeria__only_trajectory__qwen3_8b,qwen3_8b,only_trajectory,edge,right_wrist,right_wrist_trajectory,0,0,0,0,0,0.0004699995770351961,0.0005780000719823875,0.027380000574339647,97864,80.2912,10.0,0.05219413333333333
nymeria,cpu,early_fusion,nymeria__only_trajectory__qwen3_8b,qwen3_8b,only_trajectory,core,core,,29028,116112,0,133627,2077312,0.9566750004523783,0.9842779999416962,0.03928000023734057,,,,
nymeria,cpu,early_fusion,nymeria__only_trajectory__qwen3_8b,qwen3_8b,only_trajectory,core,core_language,,8207651840,16449136640,256,,1419700744832,2550.10776600011,2554.9344758997904,1.7873690003398224,,,,
nymeria,cpu,late_fusion,nymeria__only_trajectory__qwen3_8b,qwen3_8b,only_trajectory,edge,head,head_trajectory,4670,18680,0,22277,273408,0.21621100040647434,0.23566000018035993,0.00830000044516055,88,2.0704,10.0,4.6933333333333333e-05
nymeria,cpu,late_fusion,nymeria__only_trajectory__qwen3_8b,qwen3_8b,only_trajectory,edge,left_wrist,left_wrist_trajectory,4670,18680,0,22277,273408,0.2105510002365918,0.2299100001437182,0.007999999979801942,88,2.0704,10.0,4.6933333333333333e-05
nymeria,cpu,late_fusion,nymeria__only_trajectory__qwen3_8b,qwen3_8b,only_trajectory,edge,observer,observer_trajectory,4670,18680,0,22277,273408,0.21835100051248446,0.2959669998745085,0.01281000004382804,88,2.0704,10.0,4.6933333333333333e-05
nymeria,cpu,late_fusion,nymeria__only_trajectory__qwen3_8b,qwen3_8b,only_trajectory,edge,right_wrist,right_wrist_trajectory,4670,18680,0,22277,273408,0.2097509996019653,0.21584400064966758,0.008019999768293928,88,2.0704,10.0,4.6933333333333333e-05
nymeria,cpu,late_fusion,nymeria__only_trajectory__qwen3_8b,qwen3_8b,only_trajectory,core,core,,0,0,0,0,0,0.040380000427830964,0.04705890059994999,0.02291999953740742,,,,
nymeria,cpu,late_fusion,nymeria__only_trajectory__qwen3_8b,qwen3_8b,only_trajectory,core,core_language,,8190735360,16381470720,256,,1208653064960,2502.944566000224,2513.5454293002113,0.18919099966296926,,,,
nymeria,cpu,local_only,nymeria__only_trajectory__qwen3_8b,qwen3_8b,only_trajectory,edge,head,head_trajectory,4670,18680,0,22277,273408,0.21158100025786553,0.2285829001266393,0.007749999895168003,52,2.0416,10.0,2.7733333333333334e-05
nymeria,cpu,local_only,nymeria__only_trajectory__qwen3_8b,qwen3_8b,only_trajectory,edge,left_wrist,left_wrist_trajectory,4670,18680,0,22277,273408,0.2114509998136782,0.21754400004283525,0.007550999725935981,52,2.0416,10.0,2.7733333333333334e-05
nymeria,cpu,local_only,nymeria__only_trajectory__qwen3_8b,qwen3_8b,only_trajectory,edge,observer,observer_trajectory,4670,18680,0,22277,273408,0.20143100027780747,0.21235789972706698,0.00785000065661734,52,2.0416,10.0,2.7733333333333334e-05
nymeria,cpu,local_only,nymeria__only_trajectory__qwen3_8b,qwen3_8b,only_trajectory,edge,right_wrist,right_wrist_trajectory,4670,18680,0,22277,273408,0.19700099983310793,0.2106539995111234,0.0076799997259513475,52,2.0416,10.0,2.7733333333333334e-05
nymeria,cpu,local_only,nymeria__only_trajectory__qwen3_8b,qwen3_8b,only_trajectory,core,core,,0,0,0,0,0,0.05514999975275714,0.062386000172409695,0.022920000446902122,,,,
nymeria,cpu,local_only,nymeria__only_trajectory__qwen3_8b,qwen3_8b,only_trajectory,core,core_language,,8190735360,16381470720,256,,1208653064960,2502.944566000224,2513.5454293002113,0.18935099978989456,,,,
nymeria,cpu,bottleneck,nymeria__only_trajectory__qwen3_8b,qwen3_8b,only_trajectory,edge,head,head_trajectory,4472,17888,0,21509,280960,0.2232509996247245,0.23019090031084488,0.008340000022144523,684,2.5472,10.0,0.0003648
nymeria,cpu,bottleneck,nymeria__only_trajectory__qwen3_8b,qwen3_8b,only_trajectory,edge,left_wrist,left_wrist_trajectory,4472,17888,0,21509,280960,0.2114509998136782,0.21904699970036745,0.00864000048750313,684,2.5472,10.0,0.0003648
nymeria,cpu,bottleneck,nymeria__only_trajectory__qwen3_8b,qwen3_8b,only_trajectory,edge,observer,observer_trajectory,4472,17888,0,21509,280960,0.2023209999606479,0.2163160001146025,0.008290000550914556,684,2.5472,10.0,0.0003648
nymeria,cpu,bottleneck,nymeria__only_trajectory__qwen3_8b,qwen3_8b,only_trajectory,edge,right_wrist,right_wrist_trajectory,4472,17888,0,21509,280960,0.208380999538349,0.22928800026420504,0.008459999662591144,684,2.5472,10.0,0.0003648
nymeria,cpu,bottleneck,nymeria__only_trajectory__qwen3_8b,qwen3_8b,only_trajectory,core,core,,28276,113104,0,127193,11003008,0.39588199979334604,0.4138910000619944,0.02227000004495494,,,,
nymeria,cpu,bottleneck,nymeria__only_trajectory__qwen3_8b,qwen3_8b,only_trajectory,core,core_language,,8207651840,16449136640,256,,2773011817088,2866.202388000602,2866.914111600363,6.380443000125524,,,,
nymeria,cpu,tokenlearner,nymeria__only_trajectory__qwen3_8b,qwen3_8b,only_trajectory,edge,head,head_trajectory,5660,22640,0,26751,371584,0.2565320000940119,0.2698420997148787,0.008479999451083131,1100,2.88,10.0,0.0005866666666666667
nymeria,cpu,tokenlearner,nymeria__only_trajectory__qwen3_8b,qwen3_8b,only_trajectory,edge,left_wrist,left_wrist_trajectory,5660,22640,0,26751,371584,0.2457410000715754,0.2635340001688746,0.00827999974717386,1100,2.88,10.0,0.0005866666666666667
nymeria,cpu,tokenlearner,nymeria__only_trajectory__qwen3_8b,qwen3_8b,only_trajectory,edge,observer,observer_trajectory,5660,22640,0,26751,371584,0.24739099990256364,0.25721990032252506,0.00825000006443588,1100,2.88,10.0,0.0005866666666666667
nymeria,cpu,tokenlearner,nymeria__only_trajectory__qwen3_8b,qwen3_8b,only_trajectory,edge,right_wrist,right_wrist_trajectory,5660,22640,0,26751,371584,0.24230100007116562,0.24817890052872826,0.008219999472203199,1100,2.88,10.0,0.0005866666666666667
nymeria,cpu,tokenlearner,nymeria__only_trajectory__qwen3_8b,qwen3_8b,only_trajectory,core,core,,27636,110544,0,122161,1993856,0.28582100003404776,0.3098969003985985,0.02361999941058457,,,,
nymeria,cpu,tokenlearner,nymeria__only_trajectory__qwen3_8b,qwen3_8b,only_trajectory,core,core_language,,8207651840,16449136640,256,,1419700744832,2550.10776600011,2554.9344758997904,1.7610679997233092,,,,
nymeria,cpu,posthoc_vq,nymeria__only_trajectory__qwen3_8b,qwen3_8b,only_trajectory,edge,head,head_trajectory,8436,33744,0,37193,338304,0.29894199997215765,0.31894809999357676,0.013369999578571878,200,2.16,10.0,0.00010666666666666667
nymeria,cpu,posthoc_vq,nymeria__only_trajectory__qwen3_8b,qwen3_8b,only_trajectory,edge,left_wrist,left_wrist_trajectory,8436,33744,0,37193,338304,0.29288200039445655,0.30871210037730634,0.012819999938074034,200,2.16,10.0,0.00010666666666666667
nymeria,cpu,posthoc_vq,nymeria__only_trajectory__qwen3_8b,qwen3_8b,only_trajectory,edge,observer,observer_trajectory,8436,33744,0,37193,338304,0.3019820005647489,0.3421210996748414,0.01283999972656602,200,2.16,10.0,0.00010666666666666667
nymeria,cpu,posthoc_vq,nymeria__only_trajectory__qwen3_8b,qwen3_8b,only_trajectory,edge,right_wrist,right_wrist_trajectory,8436,33744,0,37193,338304,0.28112199925089953,0.29965209932925063,0.012880000213044696,200,2.16,10.0,0.00010666666666666667
nymeria,cpu,posthoc_vq,nymeria__only_trajectory__qwen3_8b,qwen3_8b,only_trajectory,core,core,,31732,126928,0,138862,10970240,0.44123299994680565,0.4703830998550984,0.03663000006781658,,,,
nymeria,cpu,posthoc_vq,nymeria__only_trajectory__qwen3_8b,qwen3_8b,only_trajectory,core,core_language,,8207651840,16449136640,256,,2773011817088,2866.202388000602,2866.914111600363,4.815464999410324,,,,
nymeria,cpu,joint_vq,nymeria__only_trajectory__qwen3_8b,qwen3_8b,only_trajectory,edge,head,head_trajectory,10812,43248,0,48182,404352,0.3409119999560062,0.3533230004904908,0.012550000064948108,83,2.0664,10.0,4.426666666666667e-05
nymeria,cpu,joint_vq,nymeria__only_trajectory__qwen3_8b,qwen3_8b,only_trajectory,edge,left_wrist,left_wrist_trajectory,10812,43248,0,48182,404352,0.32553100027143955,0.34374789956928,0.015669999811507296,83,2.0664,10.0,4.426666666666667e-05
nymeria,cpu,joint_vq,nymeria__only_trajectory__qwen3_8b,qwen3_8b,only_trajectory,edge,observer,observer_trajectory,10812,43248,0,48182,404352,0.3190710003764252,0.3401859001314733,0.012180000339867547,83,2.0664,10.0,4.426666666666667e-05
nymeria,cpu,joint_vq,nymeria__only_trajectory__qwen3_8b,qwen3_8b,only_trajectory,edge,right_wrist,right_wrist_trajectory,10812,43248,0,48182,404352,0.3242410002712859,0.33305289998679655,0.012330000572546851,83,2.0664,10.0,4.426666666666667e-05
nymeria,cpu,joint_vq,nymeria__only_trajectory__qwen3_8b,qwen3_8b,only_trajectory,core,core,,31732,126928,0,138862,1993856,0.3485509996608016,0.36841490036749747,0.0350499994965503,,,,
nymeria,cpu,joint_vq,nymeria__only_trajectory__qwen3_8b,qwen3_8b,only_trajectory,core,core_language,,8207651840,16449136640,256,,1419700744832,2550.10776600011,2554.9344758997904,1.768379000168352,,,,
nymeria,cpu,deepconvlstm,nymeria__only_trajectory__qwen3_8b,qwen3_8b,only_trajectory,edge,head,head_trajectory,0,0,0,0,0,0.0005300007615005597,0.0008900002285372466,0.03233999996155035,97864,80.2912,10.0,0.05219413333333333
nymeria,cpu,deepconvlstm,nymeria__only_trajectory__qwen3_8b,qwen3_8b,only_trajectory,edge,left_wrist,left_wrist_trajectory,0,0,0,0,0,0.0004699995770351961,0.0005869999768037815,0.02855000002455199,97864,80.2912,10.0,0.05219413333333333
nymeria,cpu,deepconvlstm,nymeria__only_trajectory__qwen3_8b,qwen3_8b,only_trajectory,edge,observer,observer_trajectory,0,0,0,0,0,0.00043000000005122274,0.0005470003998198081,0.028190000193717424,97864,80.2912,10.0,0.05219413333333333
nymeria,cpu,deepconvlstm,nymeria__only_trajectory__qwen3_8b,qwen3_8b,only_trajectory,edge,right_wrist,right_wrist_trajectory,0,0,0,0,0,0.0004900002750218846,0.00065200019889744,0.029570000151579734,97864,80.2912,10.0,0.05219413333333333
nymeria,cpu,deepconvlstm,nymeria__only_trajectory__qwen3_8b,qwen3_8b,only_trajectory,core,core,,37530,150120,0,160637,2336896,0.8396140001423191,0.857920900125464,0.039569999898958486,,,,
nymeria,cpu,deepconvlstm,nymeria__only_trajectory__qwen3_8b,qwen3_8b,only_trajectory,core,core_language,,8207651840,16449136640,256,,1419700744832,2550.10776600011,2554.9344758997904,1.7611590001251898,,,,
nymeria,cpu,unrestricted_bank,nymeria__only_trajectory__qwen3_8b,qwen3_8b,only_trajectory,edge,head,head_trajectory,10940,43760,0,48947,453504,0.26460099979885854,0.27704889953383827,0.012749999768857379,83,2.0664,10.0,4.426666666666667e-05
nymeria,cpu,unrestricted_bank,nymeria__only_trajectory__qwen3_8b,qwen3_8b,only_trajectory,edge,left_wrist,left_wrist_trajectory,10940,43760,0,48947,453504,0.25002100028359564,0.26152299979003146,0.012320000678300858,83,2.0664,10.0,4.426666666666667e-05
nymeria,cpu,unrestricted_bank,nymeria__only_trajectory__qwen3_8b,qwen3_8b,only_trajectory,edge,observer,observer_trajectory,10940,43760,0,48947,453504,0.2564920005170279,0.2707740996811481,0.0123310001072241,83,2.0664,10.0,4.426666666666667e-05
nymeria,cpu,unrestricted_bank,nymeria__only_trajectory__qwen3_8b,qwen3_8b,only_trajectory,edge,right_wrist,right_wrist_trajectory,10940,43760,0,48947,453504,0.24810100057948148,0.2611780006191111,0.012310000784054864,83,2.0664,10.0,4.426666666666667e-05
nymeria,cpu,unrestricted_bank,nymeria__only_trajectory__qwen3_8b,qwen3_8b,only_trajectory,core,core,,31732,126928,0,138862,1993856,0.29771199933747994,0.32250610029223026,0.03530999947543023,,,,
nymeria,cpu,unrestricted_bank,nymeria__only_trajectory__qwen3_8b,qwen3_8b,only_trajectory,core,core_language,,8207651840,16449136640,256,,1419700744832,2550.10776600011,2554.9344758997904,1.7709089997879346,,,,
nymeria,cpu,separate_banks,nymeria__only_trajectory__qwen3_8b,qwen3_8b,only_trajectory,edge,head,head_trajectory,7772,31088,0,36275,404352,0.2549109995015897,0.28331589992376394,0.012399999832268804,83,2.0664,10.0,4.426666666666667e-05
nymeria,cpu,separate_banks,nymeria__only_trajectory__qwen3_8b,qwen3_8b,only_trajectory,edge,left_wrist,left_wrist_trajectory,7772,31088,0,36275,404352,0.26964199969370384,0.3167560995279928,0.012689999493886717,83,2.0664,10.0,4.426666666666667e-05
nymeria,cpu,separate_banks,nymeria__only_trajectory__qwen3_8b,qwen3_8b,only_trajectory,edge,observer,observer_trajectory,7772,31088,0,36275,404352,0.24903099983930588,0.2615598995362234,0.01261000033991877,83,2.0664,10.0,4.426666666666667e-05
nymeria,cpu,separate_banks,nymeria__only_trajectory__qwen3_8b,qwen3_8b,only_trajectory,edge,right_wrist,right_wrist_trajectory,7772,31088,0,36275,404352,0.25094100055866875,0.26773590016091475,0.012579999747686088,83,2.0664,10.0,4.426666666666667e-05
nymeria,cpu,separate_banks,nymeria__only_trajectory__qwen3_8b,qwen3_8b,only_trajectory,core,core,,31732,126928,0,139749,1993856,0.3599820001909393,0.37872000011702767,0.03541000023687957,,,,
nymeria,cpu,separate_banks,nymeria__only_trajectory__qwen3_8b,qwen3_8b,only_trajectory,core,core_language,,8207651840,16449136640,256,,1419700744832,2550.10776600011,2554.9344758997904,1.764088999152591,,,,
nymeria,cpu,fixed_resampling,nymeria__only_trajectory__qwen3_8b,qwen3_8b,only_trajectory,edge,head,head_trajectory,7772,31088,0,36275,399872,0.18068099961965345,0.19661999967865995,0.012989999959245324,83,2.0664,10.0,4.426666666666667e-05
nymeria,cpu,fixed_resampling,nymeria__only_trajectory__qwen3_8b,qwen3_8b,only_trajectory,edge,left_wrist,left_wrist_trajectory,7772,31088,0,36275,399872,0.17690099957690109,0.18936599954031408,0.01576000067871064,83,2.0664,10.0,4.426666666666667e-05
nymeria,cpu,fixed_resampling,nymeria__only_trajectory__qwen3_8b,qwen3_8b,only_trajectory,edge,observer,observer_trajectory,7772,31088,0,36275,399872,0.17590099923836533,0.18683599982978194,0.012600000445672777,83,2.0664,10.0,4.426666666666667e-05
nymeria,cpu,fixed_resampling,nymeria__only_trajectory__qwen3_8b,qwen3_8b,only_trajectory,edge,right_wrist,right_wrist_trajectory,7772,31088,0,36275,399872,0.1758110001901514,0.18751999996311497,0.012761000107275322,83,2.0664,10.0,4.426666666666667e-05
nymeria,cpu,fixed_resampling,nymeria__only_trajectory__qwen3_8b,qwen3_8b,only_trajectory,core,core,,31732,126928,0,138862,1993856,0.34557100025267573,0.3811938996477693,0.03510999977152096,,,,
nymeria,cpu,fixed_resampling,nymeria__only_trajectory__qwen3_8b,qwen3_8b,only_trajectory,core,core_language,,8207651840,16449136640,256,,1419700744832,2550.10776600011,2554.9344758997904,1.7986290004046168,,,,
nymeria,cpu,finetune_encoders,nymeria__only_trajectory__qwen3_8b,qwen3_8b,only_trajectory,edge,head,head_trajectory,7772,31088,0,36275,404352,0.26370199975644937,0.27612110061454587,0.012409999726514798,83,2.0664,10.0,4.426666666666667e-05
nymeria,cpu,finetune_encoders,nymeria__only_trajectory__qwen3_8b,qwen3_8b,only_trajectory,edge,left_wrist,left_wrist_trajectory,7772,31088,0,36275,404352,0.25215099958586507,0.26677600044422434,0.012169999536126852,83,2.0664,10.0,4.426666666666667e-05
nymeria,cpu,finetune_encoders,nymeria__only_trajectory__qwen3_8b,qwen3_8b,only_trajectory,edge,observer,observer_trajectory,7772,31088,0,36275,404352,0.26150099984079134,0.26926800037472276,0.012309999874560162,83,2.0664,10.0,4.426666666666667e-05
nymeria,cpu,finetune_encoders,nymeria__only_trajectory__qwen3_8b,qwen3_8b,only_trajectory,edge,right_wrist,right_wrist_trajectory,7772,31088,0,36275,404352,0.24421099988103379,0.2591158998257015,0.012129999959142879,83,2.0664,10.0,4.426666666666667e-05
nymeria,cpu,finetune_encoders,nymeria__only_trajectory__qwen3_8b,qwen3_8b,only_trajectory,core,core,,31732,126928,0,138862,1993856,0.34207200042146724,0.37164600034884643,0.03479000042716507,,,,
nymeria,cpu,finetune_encoders,nymeria__only_trajectory__qwen3_8b,qwen3_8b,only_trajectory,core,core_language,,8207651840,16449136640,256,,1419700744832,2550.10776600011,2554.9344758997904,1.774130000740115,,,,
nymeria,cpu,no_alignment,nymeria__only_trajectory__qwen3_8b,qwen3_8b,only_trajectory,edge,head,head_trajectory,7772,31088,0,36275,404352,0.2756909998424817,0.2824149003572529,0.012150000657129567,83,2.0664,10.0,4.426666666666667e-05
nymeria,cpu,no_alignment,nymeria__only_trajectory__qwen3_8b,qwen3_8b,only_trajectory,edge,left_wrist,left_wrist_trajectory,7772,31088,0,36275,404352,0.2497610003047157,0.2633960001730884,0.012269999388081487,83,2.0664,10.0,4.426666666666667e-05
nymeria,cpu,no_alignment,nymeria__only_trajectory__qwen3_8b,qwen3_8b,only_trajectory,edge,observer,observer_trajectory,7772,31088,0,36275,404352,0.25670099967101123,0.26035589989987784,0.012149999747634865,83,2.0664,10.0,4.426666666666667e-05
nymeria,cpu,no_alignment,nymeria__only_trajectory__qwen3_8b,qwen3_8b,only_trajectory,edge,right_wrist,right_wrist_trajectory,7772,31088,0,36275,404352,0.2469609999025124,0.25890399965646793,0.012290000086068176,83,2.0664,10.0,4.426666666666667e-05
nymeria,cpu,no_alignment,nymeria__only_trajectory__qwen3_8b,qwen3_8b,only_trajectory,core,core,,31732,126928,0,138862,1993856,0.33845199959614547,0.36969999982829904,0.03502999970805831,,,,
nymeria,cpu,no_alignment,nymeria__only_trajectory__qwen3_8b,qwen3_8b,only_trajectory,core,core_language,,8207651840,16449136640,256,,1419700744832,2550.10776600011,2554.9344758997904,1.764298999660241,,,,
nymeria,cpu,no_usage,nymeria__only_trajectory__qwen3_8b,qwen3_8b,only_trajectory,edge,head,head_trajectory,7772,31088,0,36275,404352,0.257681000221055,0.274493900451489,0.012370000149530824,83,2.0664,10.0,4.426666666666667e-05
nymeria,cpu,no_usage,nymeria__only_trajectory__qwen3_8b,qwen3_8b,only_trajectory,edge,left_wrist,left_wrist_trajectory,7772,31088,0,36275,404352,0.24895100068533793,0.271900999450736,0.012389999938022811,83,2.0664,10.0,4.426666666666667e-05
nymeria,cpu,no_usage,nymeria__only_trajectory__qwen3_8b,qwen3_8b,only_trajectory,edge,observer,observer_trajectory,7772,31088,0,36275,404352,0.2500609998605796,0.2619239000523521,0.012479999895731453,83,2.0664,10.0,4.426666666666667e-05
nymeria,cpu,no_usage,nymeria__only_trajectory__qwen3_8b,qwen3_8b,only_trajectory,edge,right_wrist,right_wrist_trajectory,7772,31088,0,36275,404352,0.2441119995637564,0.2680330999282887,0.012320000678300858,83,2.0664,10.0,4.426666666666667e-05
nymeria,cpu,no_usage,nymeria__only_trajectory__qwen3_8b,qwen3_8b,only_trajectory,core,core,,31732,126928,0,138862,1993856,0.34391200006211875,0.37268500027494156,0.03500000002532033,,,,
nymeria,cpu,no_usage,nymeria__only_trajectory__qwen3_8b,qwen3_8b,only_trajectory,core,core_language,,8207651840,16449136640,256,,1419700744832,2550.10776600011,2554.9344758997904,1.7617590001464123,,,,
nymeria,cpu,tcn,nymeria__only_trajectory__qwen3_8b,qwen3_8b,only_trajectory,edge,head,head_trajectory,0,0,0,0,0,0.0005100000635138713,0.0007619998541485984,0.02897000013035722,97864,80.2912,10.0,0.05219413333333333
nymeria,cpu,tcn,nymeria__only_trajectory__qwen3_8b,qwen3_8b,only_trajectory,edge,left_wrist,left_wrist_trajectory,0,0,0,0,0,0.00044999978854320943,0.0006389994268829469,0.02835000032064272,97864,80.2912,10.0,0.05219413333333333
nymeria,cpu,tcn,nymeria__only_trajectory__qwen3_8b,qwen3_8b,only_trajectory,edge,observer,observer_trajectory,0,0,0,0,0,0.0005600004442385398,0.0005689995305147022,0.027549999686016236,97864,80.2912,10.0,0.05219413333333333
nymeria,cpu,tcn,nymeria__only_trajectory__qwen3_8b,qwen3_8b,only_trajectory,edge,right_wrist,right_wrist_trajectory,0,0,0,0,0,0.0004900002750218846,0.0005259998943074606,0.027809999664896168,97864,80.2912,10.0,0.05219413333333333
nymeria,cpu,tcn,nymeria__only_trajectory__qwen3_8b,qwen3_8b,only_trajectory,core,core,,14820,59280,0,71345,891264,0.8558740000808029,0.8831808998365887,0.03945099979318911,,,,
nymeria,cpu,tcn,nymeria__only_trajectory__qwen3_8b,qwen3_8b,only_trajectory,core,core_language,,8207651840,16449136640,256,,1419700744832,2550.10776600011,2554.9344758997904,1.7534889993839897,,,,
nymeria,cpu,ts_transformer,nymeria__only_trajectory__qwen3_8b,qwen3_8b,only_trajectory,edge,head,head_trajectory,0,0,0,0,0,0.0005400006557465531,0.0008010003512026742,0.03229000049032038,97864,80.2912,10.0,0.05219413333333333
nymeria,cpu,ts_transformer,nymeria__only_trajectory__qwen3_8b,qwen3_8b,only_trajectory,edge,left_wrist,left_wrist_trajectory,0,0,0,0,0,0.0004500006980379112,0.000585000088904053,0.02826000036293408,97864,80.2912,10.0,0.05219413333333333
nymeria,cpu,ts_transformer,nymeria__only_trajectory__qwen3_8b,qwen3_8b,only_trajectory,edge,observer,observer_trajectory,0,0,0,0,0,0.0004399998942972161,0.0005209998562349938,0.028891000511066522,97864,80.2912,10.0,0.05219413333333333
nymeria,cpu,ts_transformer,nymeria__only_trajectory__qwen3_8b,qwen3_8b,only_trajectory,edge,right_wrist,right_wrist_trajectory,0,0,0,0,0,0.00044000080379191786,0.0005570003850152716,0.028429999474610668,97864,80.2912,10.0,0.05219413333333333
nymeria,cpu,ts_transformer,nymeria__only_trajectory__qwen3_8b,qwen3_8b,only_trajectory,core,core,,27684,110736,0,126413,1939840,0.8656939999127644,0.9114509001847182,0.03928000023734057,,,,
nymeria,cpu,ts_transformer,nymeria__only_trajectory__qwen3_8b,qwen3_8b,only_trajectory,core,core_language,,8207651840,16449136640,256,,1419700744832,2550.10776600011,2554.9344758997904,1.7750399993019528,,,,
nymeria,cpu,patchtst,nymeria__only_trajectory__qwen3_8b,qwen3_8b,only_trajectory,edge,head,head_trajectory,0,0,0,0,0,0.0006399995982064866,0.001017999693431193,0.028810000003431924,97864,80.2912,10.0,0.05219413333333333
nymeria,cpu,patchtst,nymeria__only_trajectory__qwen3_8b,qwen3_8b,only_trajectory,edge,left_wrist,left_wrist_trajectory,0,0,0,0,0,0.0004900002750218846,0.0006069998562452383,0.027880000743607525,97864,80.2912,10.0,0.05219413333333333
nymeria,cpu,patchtst,nymeria__only_trajectory__qwen3_8b,qwen3_8b,only_trajectory,edge,observer,observer_trajectory,0,0,0,0,0,0.0004700004865298979,0.000515000010636868,0.02778999987640418,97864,80.2912,10.0,0.05219413333333333
nymeria,cpu,patchtst,nymeria__only_trajectory__qwen3_8b,qwen3_8b,only_trajectory,edge,right_wrist,right_wrist_trajectory,0,0,0,0,0,0.0004200001058052294,0.0005820000296807848,0.027809999664896168,97864,80.2912,10.0,0.05219413333333333
nymeria,cpu,patchtst,nymeria__only_trajectory__qwen3_8b,qwen3_8b,only_trajectory,core,core,,26916,107664,0,123341,10108672,1.0064050002256408,1.0668399995665823,0.0393210002584965,,,,
nymeria,cpu,patchtst,nymeria__only_trajectory__qwen3_8b,qwen3_8b,only_trajectory,core,core_language,,8207651840,16449136640,256,,1069060204032,2476.706295999975,2485.5877038999097,1.0315750005247537,,,,
