dataset,target,method,scenario_id,core_name,modality_set,parameters,weight_bytes,counted_flops,wire_bytes,core_parameters,edge_parameters,core_median_ms,parallel_estimate_ms,sequential_estimate_ms,full_parameters,full_weight_bytes,full_counted_flops,lm_parameters,lm_generation_ms,full_pipeline_estimate_ms
opportunity++,cpu,distrixsense,opportunity++__all__qwen3_8b,qwen3_8b,all,218128,872512,13895488,420,32820,185308,0.4469499999686377,3.1344000002037267,10.155592000174453,8207869968,16450009152,1560109661888,8207651840,2576.9354150002073,2581.1134979999224
opportunity++,cpu,dense,opportunity++__all__qwen3_8b,qwen3_8b,all,195848,783392,25686848,21620,27700,168148,0.4696500000136439,9.779020999901585,26.677110999773227,8207847688,16449920032,3254874564288,8207651840,2982.743629000197,2990.1255949998813
opportunity++,cpu,dense_tokens,opportunity++__all__qwen3_8b,qwen3_8b,all,207728,830912,13813568,5500,27700,180028,0.41290999979537446,4.742939999175869,14.192859999568462,8207859568,16449967552,1560109579968,8207651840,2576.9354150002073,2580.9405590002825
opportunity++,cpu,raw,opportunity++__all__qwen3_8b,qwen3_8b,all,195848,783392,25686848,122912,195848,0,1.3248509999357339,46.23878100005763,107.74330100027416,8207847688,16449920032,3254874564288,8207651840,2982.743629000197,2989.841525000429
opportunity++,cpu,early_fusion,opportunity++__all__qwen3_8b,qwen3_8b,all,115208,460832,7527232,122912,115208,0,0.9147710002253007,45.830581000474325,107.33654100046894,8207767048,16449597472,1447723732672,8207651840,2550.343041999895,2553.3074250001846
opportunity++,cpu,late_fusion,opportunity++__all__qwen3_8b,qwen3_8b,all,169798,679192,10679040,440,0,169798,0.04952000017510727,2.575560999723949,9.345560999631882,8190905158,16382149912,1236643815168,8190735360,2510.352025999964,2511.684086999594
opportunity++,cpu,local_only,opportunity++__all__qwen3_8b,qwen3_8b,all,169798,679192,10679040,260,0,169798,0.06910999991305289,2.544400999779976,9.232171999233659,8190905158,16382149912,1236643815168,8190735360,2510.352025999964,2511.677367000175
opportunity++,cpu,bottleneck,opportunity++__all__qwen3_8b,qwen3_8b,all,197308,789232,25768768,3420,28500,168808,0.4684800001086842,3.9442299998791484,12.142370999575302,8207849148,16449925872,3254874646208,8207651840,2982.743629000197,2990.08709500049
opportunity++,cpu,tokenlearner,opportunity++__all__qwen3_8b,qwen3_8b,all,202448,809792,13731648,5500,27700,174748,0.3146999997625244,4.500650999887293,13.792601000134162,8207854288,16449946432,1560109498048,8207651840,2576.9354150002073,2580.63558799995
opportunity++,cpu,posthoc_vq,opportunity++__all__qwen3_8b,qwen3_8b,all,221448,885792,26014528,1020,32820,188628,0.5184010001357819,3.3749210004844703,10.680172001205587,8207873288,16450022432,3254874891968,8207651840,2982.743629000197,2990.643736000038
opportunity++,cpu,joint_vq,opportunity++__all__qwen3_8b,qwen3_8b,all,233328,933312,13895488,420,32820,200508,0.3878000002259796,3.123841000001534,10.243702999233152,8207885168,16450069952,1560109661888,8207651840,2576.9354150002073,2581.245919000594
opportunity++,cpu,deepconvlstm,opportunity++__all__qwen3_8b,qwen3_8b,all,185182,740728,11725056,122912,185182,0,0.8160309998856974,45.730151000272,107.23600100097516,8207837022,16449877368,1447727930496,8207651840,2550.343041999895,2554.157354999461
opportunity++,cpu,unrestricted_bank,opportunity++__all__qwen3_8b,qwen3_8b,all,239248,956992,14223168,420,32820,206428,0.34490999996705796,2.9534899998226085,9.853571000022145,8207891088,16450093632,1560109989568,8207651840,2576.9354150002073,2580.8284990002903
opportunity++,cpu,separate_banks,opportunity++__all__qwen3_8b,qwen3_8b,all,218128,872512,13895488,420,32820,185308,0.4107899999326037,3.0175810000629046,9.92539199991437,8207869968,16450009152,1560109661888,8207651840,2576.9354150002073,2580.8687270005066
opportunity++,cpu,fixed_resampling,opportunity++__all__qwen3_8b,qwen3_8b,all,218128,872512,9414848,420,32820,185308,0.4105610000806337,2.8823810001314034,9.55616099976463,8207869968,16450009152,1560105181248,8207651840,2576.9354150002073,2580.464519000543
opportunity++,cpu,finetune_encoders,opportunity++__all__qwen3_8b,qwen3_8b,all,218128,872512,13895488,420,32820,185308,0.39238099998328835,3.0023510001456946,9.903942001202028,8207869968,16450009152,1560109661888,8207651840,2576.9354150002073,2580.8877180002128
opportunity++,cpu,no_alignment,opportunity++__all__qwen3_8b,qwen3_8b,all,218128,872512,13895488,420,32820,185308,0.3934010001103161,2.996901000483462,9.889011001760752,8207869968,16450009152,1560109661888,8207651840,2576.9354150002073,2580.878569000106
opportunity++,cpu,no_usage,opportunity++__all__qwen3_8b,qwen3_8b,all,218128,872512,13895488,420,32820,185308,0.39774000015313504,3.0137409997451816,9.904431000123383,8207869968,16450009152,1560109661888,8207651840,2576.9354150002073,2580.904147000183
opportunity++,cpu,tcn,opportunity++__all__qwen3_8b,qwen3_8b,all,100968,403872,6341184,122912,100968,0,0.8165009999174799,45.73083099944719,107.23630099916679,8207752808,16449540512,1447722546624,8207651840,2550.343041999895,2553.1360939999104
opportunity++,cpu,ts_transformer,opportunity++__all__qwen3_8b,qwen3_8b,all,113832,455328,7389760,122912,113832,0,0.8564210002077743,45.77055100003358,107.2758410002925,8207765672,16449591968,1447723595200,8207651840,2550.343041999895,2553.1395740003973
opportunity++,cpu,patchtst,opportunity++__all__qwen3_8b,qwen3_8b,all,97640,390560,187823808,122912,97640,0,1.7977120000978175,46.711952000579316,108.21715199997104,8207749480,16449527200,1097204506048,8207651840,2485.3975559999526,2488.47871199996
opportunity++,cpu,distrixsense,opportunity++__only_ambient_sensors__qwen3_8b,qwen3_8b,only_ambient_sensors,42510,170040,1288640,81,28468,14042,0.2868010001293442,2.6405620001531904,2.6405620001531904,8207694350,16449306680,999224757568,8207651840,2462.1520710002187,2463.994277999973
opportunity++,cpu,dense,opportunity++__only_ambient_sensors__qwen3_8b,qwen3_8b,only_ambient_sensors,38054,152216,2663872,4324,27444,10610,0.22114100011094706,5.8513010002159165,5.8513010002159165,8207689894,16449288856,1335685338432,8207651840,2532.1091860000706,2534.462233999875
opportunity++,cpu,dense_tokens,opportunity++__only_ambient_sensors__qwen3_8b,qwen3_8b,only_ambient_sensors,40430,161720,1272256,1100,27444,12986,0.2091199999085802,3.3148409997874113,3.3148409997874113,8207692270,16449298360,999224741184,8207651840,2462.1520710002187,2464.6420690000923
opportunity++,cpu,raw,opportunity++__only_ambient_sensors__qwen3_8b,qwen3_8b,only_ambient_sensors,38054,152216,2663872,13976,38054,0,0.5351710001377796,13.740540999506175,13.740540999506175,8207689894,16449288856,1335685338432,8207651840,2532.1091860000706,2534.5017239997105
opportunity++,cpu,early_fusion,opportunity++__only_ambient_sensors__qwen3_8b,qwen3_8b,only_ambient_sensors,30246,120984,2166208,13976,30246,0,0.7501820000470616,13.94974199992239,13.94974199992239,8207682086,16449257624,1335684840768,8207651840,2532.1091860000706,2534.6114750000197
opportunity++,cpu,late_fusion,opportunity++__only_ambient_sensors__qwen3_8b,qwen3_8b,only_ambient_sensors,10940,43760,670848,88,0,10940,0.024219999886554433,2.284180000194674,2.284180000194674,8190746300,16381514480,1124741833856,8190735360,2531.34547100035,2531.826896000439
opportunity++,cpu,local_only,opportunity++__only_ambient_sensors__qwen3_8b,qwen3_8b,only_ambient_sensors,10940,43760,670848,52,0,10940,0.028681999992841156,2.2553940000466186,2.2553940000466186,8190746300,16381514480,1124741833856,8190735360,2531.34547100035,2531.8181940001523
opportunity++,cpu,bottleneck,opportunity++__only_ambient_sensors__qwen3_8b,qwen3_8b,only_ambient_sensors,38346,153384,2680256,684,27604,10742,0.25065799991352833,3.004612999821827,3.004612999821827,8207690186,16449290024,1335685354816,8207651840,2532.1091860000706,2534.3308530004833
opportunity++,cpu,tokenlearner,opportunity++__only_ambient_sensors__qwen3_8b,qwen3_8b,only_ambient_sensors,39374,157496,1255872,1100,27444,11930,0.19715400003406103,3.2915090000595955,3.2915090000595955,8207691214,16449294136,999224724800,8207651840,2462.1520710002187,2463.707030000023
opportunity++,cpu,posthoc_vq,opportunity++__only_ambient_sensors__qwen3_8b,qwen3_8b,only_ambient_sensors,40102,160408,2729408,192,28468,11634,0.2512179999030195,2.683596999830473,2.683596999830473,8207691942,16449297048,1335685403968,8207651840,2532.1091860000706,2534.5724900003006
opportunity++,cpu,joint_vq,opportunity++__only_ambient_sensors__qwen3_8b,qwen3_8b,only_ambient_sensors,42478,169912,1288640,81,28468,14010,0.2370370002608979,2.610699000371719,2.610699000371719,8207694318,16449306552,999224757568,8207651840,2462.1520710002187,2464.0388150000945
opportunity++,cpu,deepconvlstm,opportunity++__only_ambient_sensors__qwen3_8b,qwen3_8b,only_ambient_sensors,40188,160752,2505856,13976,40188,0,0.46668300001329044,13.66868499998409,13.66868499998409,8207692028,16449297392,1335685180416,8207651840,2532.1091860000706,2534.611433000009
opportunity++,cpu,unrestricted_bank,opportunity++__only_ambient_sensors__qwen3_8b,qwen3_8b,only_ambient_sensors,42510,170040,1288640,81,28468,14042,0.20491500026764697,2.50957200071924,2.50957200071924,8207694350,16449306680,999224757568,8207651840,2462.1520710002187,2463.7312629997723
opportunity++,cpu,separate_banks,opportunity++__only_ambient_sensors__qwen3_8b,qwen3_8b,only_ambient_sensors,42510,170040,1288640,81,28468,14042,0.24662700025146478,2.553064000523486,2.553064000523486,8207694350,16449306680,999224757568,8207651840,2462.1520710002187,2463.767315000041
opportunity++,cpu,fixed_resampling,opportunity++__only_ambient_sensors__qwen3_8b,qwen3_8b,only_ambient_sensors,42510,170040,1193920,81,28468,14042,0.23387700002786005,2.464779000121675,2.464779000121675,8207694350,16449306680,999224662848,8207651840,2462.1520710002187,2463.656126999922
opportunity++,cpu,finetune_encoders,opportunity++__only_ambient_sensors__qwen3_8b,qwen3_8b,only_ambient_sensors,42510,170040,1288640,81,28468,14042,0.23252600021805847,2.5360440004368545,2.5360440004368545,8207694350,16449306680,999224757568,8207651840,2462.1520710002187,2463.728863000142
opportunity++,cpu,no_alignment,opportunity++__only_ambient_sensors__qwen3_8b,qwen3_8b,only_ambient_sensors,42510,170040,1288640,81,28468,14042,0.23386700013361406,2.5519249998359417,2.5519249998359417,8207694350,16449306680,999224757568,8207651840,2462.1520710002187,2463.708852000309
opportunity++,cpu,no_usage,opportunity++__only_ambient_sensors__qwen3_8b,qwen3_8b,only_ambient_sensors,42510,170040,1288640,81,28468,14042,0.26327799969294574,2.5990869999367394,2.5990869999367394,8207694350,16449306680,999224757568,8207651840,2462.1520710002187,2463.7835849998737
opportunity++,cpu,tcn,opportunity++__only_ambient_sensors__qwen3_8b,qwen3_8b,only_ambient_sensors,16134,64536,980160,13976,16134,0,0.4012980002698896,13.600029000272025,13.600029000272025,8207667974,16449201176,1335683654720,8207651840,2532.1091860000706,2534.362975000022
opportunity++,cpu,ts_transformer,opportunity++__only_ambient_sensors__qwen3_8b,qwen3_8b,only_ambient_sensors,28998,115992,2028736,13976,28998,0,0.4280200000721379,13.627311000063765,13.627311000063765,8207680838,16449252632,1335684703296,8207651840,2532.1091860000706,2534.445321000021
opportunity++,cpu,patchtst,opportunity++__only_ambient_sensors__qwen3_8b,qwen3_8b,only_ambient_sensors,28038,112152,13427008,13976,28038,0,0.625024000328267,13.824075000584253,13.824075000584253,8207679878,16449248792,985232507968,8207651840,2466.0282720001305,2467.798150999897
opportunity++,cpu,distrixsense,opportunity++__only_body25__qwen3_8b,qwen3_8b,only_body25,53036,212144,1957440,81,28468,24568,0.23062999980538734,2.5343300003731972,2.5343300003731972,8207704876,16449348784,999225426368,8207651840,2462.1520710002187,2463.8354330004404
opportunity++,cpu,dense,opportunity++__only_body25__qwen3_8b,qwen3_8b,only_body25,48580,194320,3332672,4324,27444,21136,0.20882999979221495,5.837619999833568,5.837619999833568,8207700420,16449330960,1335686007232,8207651840,2532.1091860000706,2534.5071499996266
opportunity++,cpu,dense_tokens,opportunity++__only_body25__qwen3_8b,qwen3_8b,only_body25,50956,203824,1941056,1100,27444,23512,0.2291499999955704,3.3510900002464767,3.3510900002464767,8207702796,16449340464,999225409984,8207651840,2462.1520710002187,2463.7487030004195
opportunity++,cpu,raw,opportunity++__only_body25__qwen3_8b,qwen3_8b,only_body25,48580,194320,3332672,9332,48580,0,0.45124100006432855,9.933320999495214,9.933320999495214,8207700420,16449330960,1335686007232,8207651840,2532.1091860000706,2534.3882080001094
opportunity++,cpu,early_fusion,opportunity++__only_body25__qwen3_8b,qwen3_8b,only_body25,35908,143632,2523712,9332,35908,0,0.43215100004090345,9.9144209997362,9.9144209997362,8207687748,16449280272,1335685198272,8207651840,2532.1091860000706,2534.3900000002577
opportunity++,cpu,late_fusion,opportunity++__only_body25__qwen3_8b,qwen3_8b,only_body25,21466,85864,1339648,88,0,21466,0.024469999971188372,2.280609999750077,2.280609999750077,8190756826,16381556584,1124742502656,8190735360,2531.34547100035,2531.787362000614
opportunity++,cpu,local_only,opportunity++__only_body25__qwen3_8b,qwen3_8b,only_body25,21466,85864,1339648,52,0,21466,0.02770000037344289,2.252120000564429,2.252120000564429,8190756826,16381556584,1124742502656,8190735360,2531.34547100035,2531.7996910002876
opportunity++,cpu,bottleneck,opportunity++__only_body25__qwen3_8b,qwen3_8b,only_body25,48872,195488,3349056,684,27604,21268,0.2119200003107835,2.9443710002588226,2.9443710002588226,8207700712,16449332128,1335686023616,8207651840,2532.1091860000706,2534.427299000072
opportunity++,cpu,tokenlearner,opportunity++__only_body25__qwen3_8b,qwen3_8b,only_body25,49900,199600,1924672,1100,27444,22456,0.20225999969625263,3.301230000029027,3.301230000029027,8207701740,16449336240,999225393600,8207651840,2462.1520710002187,2463.710643000013
opportunity++,cpu,posthoc_vq,opportunity++__only_body25__qwen3_8b,qwen3_8b,only_body25,50628,202512,3398208,192,28468,22160,0.2422510001451883,2.6744009997659246,2.6744009997659246,8207702468,16449339152,1335686072768,8207651840,2532.1091860000706,2534.579549999762
opportunity++,cpu,joint_vq,opportunity++__only_body25__qwen3_8b,qwen3_8b,only_body25,53004,212016,1957440,81,28468,24536,0.23182099994301097,2.6179019996851682,2.6179019996851682,8207704844,16449348656,999225426368,8207651840,2462.1520710002187,2463.8168240003324
opportunity++,cpu,deepconvlstm,opportunity++__only_body25__qwen3_8b,qwen3_8b,only_body25,50714,202856,3174656,9332,50714,0,0.3368500001670327,9.819080000740092,9.819080000740092,8207702554,16449339496,1335685849216,8207651840,2532.1091860000706,2534.258779000538
opportunity++,cpu,unrestricted_bank,opportunity++__only_body25__qwen3_8b,qwen3_8b,only_body25,53036,212144,1957440,81,28468,24568,0.20288999985496048,2.5181709998213453,2.5181709998213453,8207704876,16449348784,999225426368,8207651840,2462.1520710002187,2463.7371840003652
opportunity++,cpu,separate_banks,opportunity++__only_body25__qwen3_8b,qwen3_8b,only_body25,53036,212144,1957440,81,28468,24568,0.2356800000598014,2.5362100005003274,2.5362100005003274,8207704876,16449348784,999225426368,8207651840,2462.1520710002187,2463.7464239999645
opportunity++,cpu,fixed_resampling,opportunity++__only_body25__qwen3_8b,qwen3_8b,only_body25,53036,212144,1583040,81,28468,24568,0.22663099980491097,2.459351999761461,2.459351999761461,8207704876,16449348784,999225051968,8207651840,2462.1520710002187,2463.690793000751
opportunity++,cpu,finetune_encoders,opportunity++__only_body25__qwen3_8b,qwen3_8b,only_body25,53036,212144,1957440,81,28468,24568,0.23755999973218422,2.5426210000040417,2.5426210000040417,8207704876,16449348784,999225426368,8207651840,2462.1520710002187,2463.7501330003033
opportunity++,cpu,no_alignment,opportunity++__only_body25__qwen3_8b,qwen3_8b,only_body25,53036,212144,1957440,81,28468,24568,0.23569999984829337,2.5442109995600592,2.5442109995600592,8207704876,16449348784,999225426368,8207651840,2462.1520710002187,2463.752093000039
opportunity++,cpu,no_usage,opportunity++__only_body25__qwen3_8b,qwen3_8b,only_body25,53036,212144,1957440,81,28468,24568,0.22611000031247386,2.5379100007120403,2.5379100007120403,8207704876,16449348784,999225426368,8207651840,2462.1520710002187,2463.7725830007184
opportunity++,cpu,tcn,opportunity++__only_body25__qwen3_8b,qwen3_8b,only_body25,21796,87184,1337664,9332,21796,0,0.34080000023095636,9.822700000655919,9.822700000655919,8207673636,16449223824,1335684012224,8207651840,2532.1091860000706,2534.2789500000436
opportunity++,cpu,ts_transformer,opportunity++__only_body25__qwen3_8b,qwen3_8b,only_body25,34660,138640,2386240,9332,34660,0,0.38077099998190533,9.86254099996268,9.86254099996268,8207686500,16449275280,1335685060800,8207651840,2532.1091860000706,2534.281590000319
opportunity++,cpu,patchtst,opportunity++__only_body25__qwen3_8b,qwen3_8b,only_body25,32484,129936,27393984,9332,32484,0,0.6146610003270325,10.096911000688584,10.096911000688584,8207684324,16449266576,985246474944,8207651840,2466.0282720001305,2467.7077530000133
opportunity++,cpu,distrixsense,opportunity++__only_body_sensors__qwen3_8b,qwen3_8b,only_body_sensors,79986,319944,3673280,81,28468,51518,0.23694099991189432,2.567401999869512,2.567401999869512,8207731826,16449456584,999227142208,8207651840,2462.1520710002187,2463.7623420003365
opportunity++,cpu,dense,opportunity++__only_body_sensors__qwen3_8b,qwen3_8b,only_body_sensors,75530,302120,5048512,4324,27444,48086,0.20772000016222592,5.84998099962353,5.84998099962353,8207727370,16449438760,1335687723072,8207651840,2532.1091860000706,2534.3480290002844
opportunity++,cpu,dense_tokens,opportunity++__only_body_sensors__qwen3_8b,qwen3_8b,only_body_sensors,77906,311624,3656896,1100,27444,50462,0.19441000040387735,3.311150001077185,3.311150001077185,8207729746,16449448264,999227125824,8207651840,2462.1520710002187,2463.6797340003795
opportunity++,cpu,raw,opportunity++__only_body_sensors__qwen3_8b,qwen3_8b,only_body_sensors,75530,302120,5048512,53584,75530,0,0.446891000137839,45.335291000129786,45.335291000129786,8207727370,16449438760,1335687723072,8207651840,2532.1091860000706,2534.343438999713
opportunity++,cpu,early_fusion,opportunity++__only_body_sensors__qwen3_8b,qwen3_8b,only_body_sensors,53898,215592,3666112,53584,53898,0,0.44389100003172643,45.33272099956898,45.33272099956898,8207705738,16449352232,1335686340672,8207651840,2532.1091860000706,2534.321808999721
opportunity++,cpu,late_fusion,opportunity++__only_body_sensors__qwen3_8b,qwen3_8b,only_body_sensors,48416,193664,3055488,88,0,48416,0.024049999865383143,2.291801000089827,2.291801000089827,8190783776,16381664384,1124744218496,8190735360,2531.34547100035,2531.808772000204
opportunity++,cpu,local_only,opportunity++__only_body_sensors__qwen3_8b,qwen3_8b,only_body_sensors,48416,193664,3055488,52,0,48416,0.02752999989752425,2.2627500000157683,2.2627500000157683,8190783776,16381664384,1124744218496,8190735360,2531.34547100035,2531.8144729999403
opportunity++,cpu,bottleneck,opportunity++__only_body_sensors__qwen3_8b,qwen3_8b,only_body_sensors,75822,303288,5064896,684,27604,48218,0.21047000018370454,2.966821000219195,2.966821000219195,8207727662,16449439928,1335687739456,8207651840,2532.1091860000706,2534.3719990000864
opportunity++,cpu,tokenlearner,opportunity++__only_body_sensors__qwen3_8b,qwen3_8b,only_body_sensors,76850,307400,3640512,1100,27444,49406,0.19784999994953978,3.308980999458872,3.308980999458872,8207728690,16449444040,999227109440,8207651840,2462.1520710002187,2463.651853000556
opportunity++,cpu,posthoc_vq,opportunity++__only_body_sensors__qwen3_8b,qwen3_8b,only_body_sensors,77578,310312,5114048,192,28468,49110,0.2522899999348738,2.700670999346033,2.700670999346033,8207729418,16449446952,1335687788608,8207651840,2532.1091860000706,2534.510760000103
opportunity++,cpu,joint_vq,opportunity++__only_body_sensors__qwen3_8b,qwen3_8b,only_body_sensors,79954,319816,3673280,81,28468,51486,0.2260500000375032,2.615402000203071,2.615402000203071,8207731794,16449456456,999227142208,8207651840,2462.1520710002187,2463.7973030003195
opportunity++,cpu,deepconvlstm,opportunity++__only_body_sensors__qwen3_8b,qwen3_8b,only_body_sensors,77664,310656,4890496,53584,77664,0,0.35292100028527784,45.240931000308905,45.240931000308905,8207729504,16449447296,1335687565056,8207651840,2532.1091860000706,2534.2512699999133
opportunity++,cpu,unrestricted_bank,opportunity++__only_body_sensors__qwen3_8b,qwen3_8b,only_body_sensors,79986,319944,3673280,81,28468,51518,0.20678100008808542,2.5275919997801655,2.5275919997801655,8207731826,16449456584,999227142208,8207651840,2462.1520710002187,2463.7124330001825
opportunity++,cpu,separate_banks,opportunity++__only_body_sensors__qwen3_8b,qwen3_8b,only_body_sensors,79986,319944,3673280,81,28468,51518,0.23376999979518587,2.5519609999099746,2.5519609999099746,8207731826,16449456584,999227142208,8207651840,2462.1520710002187,2463.740713000334
opportunity++,cpu,fixed_resampling,opportunity++__only_body_sensors__qwen3_8b,qwen3_8b,only_body_sensors,79986,319944,2299840,81,28468,51518,0.23482000005969894,2.476370000323991,2.476370000323991,8207731826,16449456584,999225768768,8207651840,2462.1520710002187,2463.6361630005013
opportunity++,cpu,finetune_encoders,opportunity++__only_body_sensors__qwen3_8b,qwen3_8b,only_body_sensors,79986,319944,3673280,81,28468,51518,0.22509999962494476,2.5411699994327908,2.5411699994327908,8207731826,16449456584,999227142208,8207651840,2462.1520710002187,2463.7888940005723
opportunity++,cpu,no_alignment,opportunity++__only_body_sensors__qwen3_8b,qwen3_8b,only_body_sensors,79986,319944,3673280,81,28468,51518,0.2546099999563012,2.5897710002317442,2.5897710002317442,8207731826,16449456584,999227142208,8207651840,2462.1520710002187,2463.773253000454
opportunity++,cpu,no_usage,opportunity++__only_body_sensors__qwen3_8b,qwen3_8b,only_body_sensors,79986,319944,3673280,81,28468,51518,0.2471309999236837,2.5839620002733543,2.5839620002733543,8207731826,16449456584,999227142208,8207651840,2462.1520710002187,2463.791904000118
opportunity++,cpu,tcn,opportunity++__only_body_sensors__qwen3_8b,qwen3_8b,only_body_sensors,39786,159144,2480064,53584,39786,0,0.39680999998381594,45.28564999987006,45.28564999987006,8207691626,16449295784,1335685154624,8207651840,2532.1091860000706,2534.4836700000997
opportunity++,cpu,ts_transformer,opportunity++__only_body_sensors__qwen3_8b,qwen3_8b,only_body_sensors,52650,210600,3528640,53584,52650,0,0.42339100036770105,45.31226100039143,45.31226100039143,8207704490,16449347240,1335686203200,8207651840,2532.1091860000706,2534.3551000000843
opportunity++,cpu,patchtst,opportunity++__only_body_sensors__qwen3_8b,qwen3_8b,only_body_sensors,48234,192936,53606464,53584,48234,0,0.7390310001937905,45.62756100017518,45.62756100017518,8207700074,16449329576,985272687424,8207651840,2466.0282720001305,2467.841624999892
opportunity++,cpu,distrixsense,opportunity++__only_object_sensors__qwen3_8b,qwen3_8b,only_object_sensors,48536,194144,1671360,81,28468,20068,0.22746100012227544,2.5425610001838184,2.5425610001838184,8207700376,16449330784,999225140288,8207651840,2462.1520710002187,2463.733812999635
opportunity++,cpu,dense,opportunity++__only_object_sensors__qwen3_8b,qwen3_8b,only_object_sensors,44080,176320,3046592,4324,27444,16636,0.21582999988822849,5.858000999846571,5.858000999846571,8207695920,16449312960,1335685721152,8207651840,2532.1091860000706,2534.371308000118
opportunity++,cpu,dense_tokens,opportunity++__only_object_sensors__qwen3_8b,qwen3_8b,only_object_sensors,46456,185824,1654976,1100,27444,19012,0.19485000029817456,3.310140000389656,3.310140000389656,8207698296,16449322464,999225123904,8207651840,2462.1520710002187,2463.6558520001017
opportunity++,cpu,raw,opportunity++__only_object_sensors__qwen3_8b,qwen3_8b,only_object_sensors,44080,176320,3046592,22396,44080,0,0.44004000028508017,20.375030001186165,20.375030001186165,8207695920,16449312960,1335685721152,8207651840,2532.1091860000706,2534.355499999947
opportunity++,cpu,early_fusion,opportunity++__only_object_sensors__qwen3_8b,qwen3_8b,only_object_sensors,33328,133312,2360512,22396,33328,0,0.43193999999857624,20.367330000762227,20.367330000762227,8207685168,16449269952,1335685035072,8207651840,2532.1091860000706,2534.353189000285
opportunity++,cpu,late_fusion,opportunity++__only_object_sensors__qwen3_8b,qwen3_8b,only_object_sensors,16966,67864,1053568,88,0,16966,0.023829999918234535,2.2820509995175873,2.2820509995175873,8190752326,16381538584,1124742216576,8190735360,2531.34547100035,2531.79295200016
opportunity++,cpu,local_only,opportunity++__only_object_sensors__qwen3_8b,qwen3_8b,only_object_sensors,16966,67864,1053568,52,0,16966,0.027471000066725537,2.2591209997403725,2.2591209997403725,8190752326,16381538584,1124742216576,8190735360,2531.34547100035,2531.793191000361
opportunity++,cpu,bottleneck,opportunity++__only_object_sensors__qwen3_8b,qwen3_8b,only_object_sensors,44372,177488,3062976,684,27604,16768,0.21512100011022994,2.956711000270868,2.956711000270868,8207696212,16449314128,1335685737536,8207651840,2532.1091860000706,2534.356408999429
opportunity++,cpu,tokenlearner,opportunity++__only_object_sensors__qwen3_8b,qwen3_8b,only_object_sensors,45400,181600,1638592,1100,27444,17956,0.20199000027787406,3.301690000621311,3.301690000621311,8207697240,16449318240,999225107520,8207651840,2462.1520710002187,2463.6502520006616
opportunity++,cpu,posthoc_vq,opportunity++__only_object_sensors__qwen3_8b,qwen3_8b,only_object_sensors,46128,184512,3112128,192,28468,17660,0.23835100000724196,2.6760009996709355,2.6760009996709355,8207697968,16449321152,1335685786688,8207651840,2532.1091860000706,2534.5178590000614
opportunity++,cpu,joint_vq,opportunity++__only_object_sensors__qwen3_8b,qwen3_8b,only_object_sensors,48504,194016,1671360,81,28468,20036,0.23104999991119257,2.6215200000768935,2.6215200000768935,8207700344,16449330656,999225140288,8207651840,2462.1520710002187,2463.8017040001614
opportunity++,cpu,deepconvlstm,opportunity++__only_object_sensors__qwen3_8b,qwen3_8b,only_object_sensors,46214,184856,2888576,22396,46214,0,0.34061099995597033,20.27647099938716,20.27647099938716,8207698054,16449321496,1335685563136,8207651840,2532.1091860000706,2534.2256480007563
opportunity++,cpu,unrestricted_bank,opportunity++__only_object_sensors__qwen3_8b,qwen3_8b,only_object_sensors,48536,194144,1671360,81,28468,20068,0.2059410003312223,2.5111010000108624,2.5111010000108624,8207700376,16449330784,999225140288,8207651840,2462.1520710002187,2463.746433000324
opportunity++,cpu,separate_banks,opportunity++__only_object_sensors__qwen3_8b,qwen3_8b,only_object_sensors,48536,194144,1671360,81,28468,20068,0.23587999976371066,2.539221000035363,2.539221000035363,8207700376,16449330784,999225140288,8207651840,2462.1520710002187,2463.7758520002535
opportunity++,cpu,fixed_resampling,opportunity++__only_object_sensors__qwen3_8b,qwen3_8b,only_object_sensors,48536,194144,1429440,81,28468,20068,0.23969099993337295,2.470210999974265,2.470210999974265,8207700376,16449330784,999224898368,8207651840,2462.1520710002187,2463.707544000499
opportunity++,cpu,finetune_encoders,opportunity++__only_object_sensors__qwen3_8b,qwen3_8b,only_object_sensors,48536,194144,1671360,81,28468,20068,0.2282099999320053,2.544599999993702,2.544599999993702,8207700376,16449330784,999225140288,8207651840,2462.1520710002187,2463.7187240005005
opportunity++,cpu,no_alignment,opportunity++__only_object_sensors__qwen3_8b,qwen3_8b,only_object_sensors,48536,194144,1671360,81,28468,20068,0.2283600001646846,2.5343600005106826,2.5343600005106826,8207700376,16449330784,999225140288,8207651840,2462.1520710002187,2464.408364000519
opportunity++,cpu,no_usage,opportunity++__only_object_sensors__qwen3_8b,qwen3_8b,only_object_sensors,48536,194144,1671360,81,28468,20068,0.2529899998080509,2.5864710005697678,2.5864710005697678,8207700376,16449330784,999225140288,8207651840,2462.1520710002187,2463.75048300024
opportunity++,cpu,tcn,opportunity++__only_object_sensors__qwen3_8b,qwen3_8b,only_object_sensors,19216,76864,1174464,22396,19216,0,0.3904800000782416,20.326780000313224,20.326780000313224,8207671056,16449213504,1335683849024,8207651840,2532.1091860000706,2534.496929999932
opportunity++,cpu,ts_transformer,opportunity++__only_object_sensors__qwen3_8b,qwen3_8b,only_object_sensors,32080,128320,2223040,22396,32080,0,0.4190810000181955,20.354611000210785,20.354611000210785,8207683920,16449264960,1335684897600,8207651840,2532.1091860000706,2534.515690000262
opportunity++,cpu,patchtst,opportunity++__only_object_sensors__qwen3_8b,qwen3_8b,only_object_sensors,30384,121536,21858624,22396,30384,0,0.6471010001405375,20.582761000322567,20.582761000322567,8207682224,16449258176,985240939584,8207651840,2466.0282720001305,2467.6705840001887
opportunity++,cpu,distrixsense,opportunity++__only_rgb__qwen3_8b,qwen3_8b,only_rgb,103580,414320,5177280,81,28468,75112,0.2630500002851477,2.6085810004877974,2.6085810004877974,8207755420,16449550960,999228646208,8207651840,2462.1520710002187,2463.8041829998656
opportunity++,cpu,dense,opportunity++__only_rgb__qwen3_8b,qwen3_8b,only_rgb,99124,396496,6552512,4324,27444,71680,0.23682999972152174,5.917909999747953,5.917909999747953,8207750964,16449533136,1335689227072,8207651840,2532.1091860000706,2534.4045480001114
opportunity++,cpu,dense_tokens,opportunity++__only_rgb__qwen3_8b,qwen3_8b,only_rgb,101500,406000,5160896,1100,27444,74056,0.20952100021531805,3.337671000276605,3.337671000276605,8207753340,16449542640,999228629824,8207651840,2462.1520710002187,2463.6769839999033
opportunity++,cpu,raw,opportunity++__only_rgb__qwen3_8b,qwen3_8b,only_rgb,99124,396496,6552512,23624,99124,0,0.4609099996741861,21.378629999813874,21.378629999813874,8207750964,16449533136,1335689227072,8207651840,2532.1091860000706,2534.3846890004897
opportunity++,cpu,early_fusion,opportunity++__only_rgb__qwen3_8b,qwen3_8b,only_rgb,71476,285904,4785088,23624,71476,0,0.45345099988480797,21.37136099983416,21.37136099983416,8207723316,16449422544,1335687459648,8207651840,2532.1091860000706,2534.4953399994665
opportunity++,cpu,late_fusion,opportunity++__only_rgb__qwen3_8b,qwen3_8b,only_rgb,72010,288040,4559488,88,0,72010,0.024310000299010426,2.304461000355723,2.304461000355723,8190807370,16381758760,1124745722496,8190735360,2531.34547100035,2531.815641000321
opportunity++,cpu,local_only,opportunity++__only_rgb__qwen3_8b,qwen3_8b,only_rgb,72010,288040,4559488,52,0,72010,0.027659999886964215,2.269800000037759,2.269800000037759,8190807370,16381758760,1124745722496,8190735360,2531.34547100035,2531.8185310002264
opportunity++,cpu,bottleneck,opportunity++__only_rgb__qwen3_8b,qwen3_8b,only_rgb,99416,397664,6568896,684,27604,71812,0.21059000027889851,2.9687300004943857,2.9687300004943857,8207751256,16449534304,1335689243456,8207651840,2532.1091860000706,2534.362309000244
opportunity++,cpu,tokenlearner,opportunity++__only_rgb__qwen3_8b,qwen3_8b,only_rgb,100444,401776,5144512,1100,27444,73000,0.19724999992831727,3.320570000137086,3.320570000137086,8207752284,16449538416,999228613440,8207651840,2462.1520710002187,2463.722102000247
opportunity++,cpu,posthoc_vq,opportunity++__only_rgb__qwen3_8b,qwen3_8b,only_rgb,101172,404688,6618048,192,28468,72704,0.24772000006123562,2.702470000329771,2.702470000329771,8207753012,16449541328,1335689292608,8207651840,2532.1091860000706,2534.560498999781
opportunity++,cpu,joint_vq,opportunity++__only_rgb__qwen3_8b,qwen3_8b,only_rgb,103548,414192,5177280,81,28468,75080,0.23074999990058132,2.6532019992663525,2.6532019992663525,8207755388,16449550832,999228646208,8207651840,2462.1520710002187,2463.823983000111
opportunity++,cpu,deepconvlstm,opportunity++__only_rgb__qwen3_8b,qwen3_8b,only_rgb,101258,405032,6394496,23624,101258,0,0.35608999996838975,21.273560000023444,21.273560000023444,8207753098,16449541672,1335689069056,8207651840,2532.1091860000706,2534.2419690000497
opportunity++,cpu,unrestricted_bank,opportunity++__only_rgb__qwen3_8b,qwen3_8b,only_rgb,103580,414320,5177280,81,28468,75112,0.2030800001193711,2.52111000011781,2.52111000011781,8207755420,16449550960,999228646208,8207651840,2462.1520710002187,2463.7199529997815
opportunity++,cpu,separate_banks,opportunity++__only_rgb__qwen3_8b,qwen3_8b,only_rgb,103580,414320,5177280,81,28468,75112,0.24793000011413824,2.573739999690483,2.573739999690483,8207755420,16449550960,999228646208,8207651840,2462.1520710002187,2463.7423740005033
opportunity++,cpu,fixed_resampling,opportunity++__only_rgb__qwen3_8b,qwen3_8b,only_rgb,103580,414320,2781120,81,28468,75112,0.23151999994297512,2.4754799997316557,2.4754799997316557,8207755420,16449550960,999226250048,8207651840,2462.1520710002187,2463.6497540000164
opportunity++,cpu,finetune_encoders,opportunity++__only_rgb__qwen3_8b,qwen3_8b,only_rgb,103580,414320,5177280,81,28468,75112,0.234560000080819,2.5600499998580606,2.5600499998580606,8207755420,16449550960,999228646208,8207651840,2462.1520710002187,2463.741433999985
opportunity++,cpu,no_alignment,opportunity++__only_rgb__qwen3_8b,qwen3_8b,only_rgb,103580,414320,5177280,81,28468,75112,0.2240109997728723,2.5390819996863545,2.5390819996863545,8207755420,16449550960,999228646208,8207651840,2462.1520710002187,2463.7497040002927
opportunity++,cpu,no_usage,opportunity++__only_rgb__qwen3_8b,qwen3_8b,only_rgb,103580,414320,5177280,81,28468,75112,0.2272110000376415,2.5490120001740113,2.5490120001740113,8207755420,16449550960,999228646208,8207651840,2462.1520710002187,2463.7292130005335
opportunity++,cpu,tcn,opportunity++__only_rgb__qwen3_8b,qwen3_8b,only_rgb,57364,229456,3599040,23624,57364,0,0.4194709999865154,21.3374209999676,21.3374209999676,8207709204,16449366096,1335686273600,8207651840,2532.1091860000706,2534.3129090006187
opportunity++,cpu,ts_transformer,opportunity++__only_rgb__qwen3_8b,qwen3_8b,only_rgb,70228,280912,4647616,23624,70228,0,0.400540000100591,21.31847999973268,21.31847999973268,8207722068,16449417552,1335687322176,8207651840,2532.1091860000706,2535.4010410001138
opportunity++,cpu,patchtst,opportunity++__only_rgb__qwen3_8b,qwen3_8b,only_rgb,64308,257232,71558208,23624,64308,0,1.151871999809373,22.076311999822956,22.076311999822956,8207716148,16449393872,985290639168,8207651840,2466.0282720001305,2468.2362160001503
openmarcie_bicycle,cpu,distrixsense,openmarcie_bicycle__all__qwen3_8b,qwen3_8b,all,774166,3096664,53792192,1105,41656,732510,0.7014709999566549,3.379311000052927,24.614834999714716,8208426006,16452233304,2687556463936,8207651840,2842.4976289998085,2851.0364379994826
openmarcie_bicycle,cpu,dense,openmarcie_bicycle__all__qwen3_8b,qwen3_8b,all,716238,2864952,110048704,56212,28344,687894,1.5156149997892499,10.910946999645128,69.28848499815614,8208368078,16452001592,7158747640128,8207651840,4093.558195999776,4111.87560999997
openmarcie_bicycle,cpu,dense_tokens,openmarcie_bicycle__all__qwen3_8b,qwen3_8b,all,747126,2988504,53579200,14300,28344,718782,0.5698340000890312,4.81887800009441,34.878886999447275,8208398966,16452125144,2687556250944,8207651840,2842.4976289998085,2850.391660999776
openmarcie_bicycle,cpu,raw,openmarcie_bicycle__all__qwen3_8b,qwen3_8b,all,716238,2864952,110048704,503756,716238,0,3.18353600005139,317.710916999148,426.4439280000818,8208368078,16452001592,7158747640128,8207651840,4093.558195999776,4110.726471999897
openmarcie_bicycle,cpu,early_fusion,openmarcie_bicycle__all__qwen3_8b,qwen3_8b,all,487758,1951032,31210944,503756,487758,0,1.838085000144929,316.36644600024636,425.0989660009157,8208139598,16451087672,1672040970560,8207651840,2601.6734360000555,2605.704917999901
openmarcie_bicycle,cpu,late_fusion,openmarcie_bicycle__all__qwen3_8b,qwen3_8b,all,693042,2772168,43793792,1248,0,693042,0.09023099983096472,2.6628859987598785,23.474279000485293,8191428402,16384242888,1460687368576,8190735360,2557.431867000105,2560.4790010002034
openmarcie_bicycle,cpu,local_only,openmarcie_bicycle__all__qwen3_8b,qwen3_8b,all,693042,2772168,43793792,676,0,693042,0.13662099991051946,2.6374249991776773,23.108234999491525,8191428402,16384242888,1460687368576,8190735360,2557.431867000105,2560.4678380000223
openmarcie_bicycle,cpu,bottleneck,openmarcie_bicycle__all__qwen3_8b,qwen3_8b,all,720034,2880136,110261696,8892,30424,689610,1.283713000248099,4.800368000806024,30.82108800060028,8208371874,16452016776,7158747853120,8207651840,4093.558195999776,4111.265423000077
openmarcie_bicycle,cpu,tokenlearner,openmarcie_bicycle__all__qwen3_8b,qwen3_8b,all,733398,2933592,53366208,14300,28344,705054,0.5658049999510695,4.7932879996894915,34.74219099896567,8208385238,16452070232,2687556037952,8207651840,2842.4976289998085,2850.213996000093
openmarcie_bicycle,cpu,posthoc_vq,openmarcie_bicycle__all__qwen3_8b,qwen3_8b,all,862670,3450680,110900672,2704,41656,821014,1.40149399976508,4.333279999423987,26.999130000353983,8208514510,16452587320,7158748492096,8207651840,4093.558195999776,4112.7286789997015
openmarcie_bicycle,cpu,joint_vq,openmarcie_bicycle__all__qwen3_8b,qwen3_8b,all,893558,3574232,53792192,1105,41656,851902,0.7081069998093881,3.5063929998882815,25.474385000938113,8208545398,16452710872,2687556463936,8207651840,2842.4976289998085,2851.8317829998523
openmarcie_bicycle,cpu,deepconvlstm,openmarcie_bicycle__all__qwen3_8b,qwen3_8b,all,679906,2719624,43260288,503756,679906,0,1.745147999827168,316.2709400002667,425.0032220002698,8208331746,16451856264,1672053019904,8207651840,2601.6734360000555,2605.6513270000323
openmarcie_bicycle,cpu,unrestricted_bank,openmarcie_bicycle__all__qwen3_8b,qwen3_8b,all,938902,3755608,56348096,1105,41656,897246,0.6097659997976734,3.290512000084651,24.5350390004878,8208590742,16452892248,2687559019840,8207651840,2842.4976289998085,2850.8432630001153
openmarcie_bicycle,cpu,separate_banks,openmarcie_bicycle__all__qwen3_8b,qwen3_8b,all,774166,3096664,53792192,1105,41656,732510,0.7279870001184463,3.407943000574538,24.628198000731558,8208426006,16452233304,2687556463936,8207651840,2842.4976289998085,2850.9460139998737
openmarcie_bicycle,cpu,fixed_resampling,openmarcie_bicycle__all__qwen3_8b,qwen3_8b,all,774166,3096664,27617088,1105,41656,732510,0.7100869997884729,3.2543910000909237,23.659077999558562,8208426006,16452233304,2687530288832,8207651840,2842.4976289998085,2849.856772999374
openmarcie_bicycle,cpu,finetune_encoders,openmarcie_bicycle__all__qwen3_8b,qwen3_8b,all,774166,3096664,53792192,1105,41656,732510,0.7082970000737987,3.380063000285678,24.601040999617894,8208426006,16452233304,2687556463936,8207651840,2842.4976289998085,2850.9207739994054
openmarcie_bicycle,cpu,no_alignment,openmarcie_bicycle__all__qwen3_8b,qwen3_8b,all,774166,3096664,53792192,1105,41656,732510,0.7028270001683268,3.3769630003276108,24.596489000463393,8208426006,16452233304,2687556463936,8207651840,2842.4976289998085,2850.911515000007
openmarcie_bicycle,cpu,no_usage,openmarcie_bicycle__all__qwen3_8b,qwen3_8b,all,774166,3096664,53792192,1105,41656,732510,0.7131669999580481,3.384572999429598,24.59434799809422,8208426006,16452233304,2687556463936,8207651840,2842.4976289998085,2850.916605000293
openmarcie_bicycle,cpu,tcn,openmarcie_bicycle__all__qwen3_8b,qwen3_8b,all,473262,1893048,30024896,503756,473262,0,1.7169679999824439,316.2451289999252,424.97720099942063,8208125102,16451029688,1672039784512,8207651840,2601.6734360000555,2605.564985000001
openmarcie_bicycle,cpu,ts_transformer,openmarcie_bicycle__all__qwen3_8b,qwen3_8b,all,486126,1944504,31073472,503756,486126,0,1.7293469995820487,316.25663899916515,424.9866589985334,8208137966,16451081144,1672040833088,8207651840,2601.6734360000555,2605.598445999931
openmarcie_bicycle,cpu,patchtst,openmarcie_bicycle__all__qwen3_8b,qwen3_8b,all,438926,1755704,555664320,503756,438926,0,4.221722000238515,318.74620300044523,427.4766540020767,8208090766,16450892344,1321394041536,8207651840,2585.7234379996044,2591.4860960001533
openmarcie_bicycle,cpu,distrixsense,openmarcie_bicycle__only_audio__qwen3_8b,qwen3_8b,only_audio,384174,1536696,23086784,81,28600,355574,0.22678199957226752,2.654764999107906,2.654764999107906,8208036014,16450673336,999246555712,8207651840,2462.1520710002187,2464.9626600003103
openmarcie_bicycle,cpu,dense,openmarcie_bicycle__only_audio__qwen3_8b,qwen3_8b,only_audio,379718,1518872,24465088,4324,27576,352142,0.2822530000230472,6.071518000548839,6.071518000548839,8208031558,16450655512,1335707139648,8207651840,2532.1091860000706,2535.6864619998305
openmarcie_bicycle,cpu,dense_tokens,openmarcie_bicycle__only_audio__qwen3_8b,qwen3_8b,only_audio,382094,1528376,23070400,1100,27576,354518,0.19887200005541672,3.4850860001778345,3.4850860001778345,8208033934,16450665016,999246539328,8207651840,2462.1520710002187,2463.7467760007894
openmarcie_bicycle,cpu,raw,openmarcie_bicycle__only_audio__qwen3_8b,qwen3_8b,only_audio,379718,1518872,24465088,390484,379718,0,0.5322349998095888,314.97470599964697,314.97470599964697,8208031558,16450655512,1335707139648,8207651840,2532.1091860000706,2534.406667999974
openmarcie_bicycle,cpu,early_fusion,openmarcie_bicycle__only_audio__qwen3_8b,qwen3_8b,only_audio,310854,1243416,20059840,390484,310854,0,0.5129450000822544,314.9544360002791,314.9544360002791,8207962694,16450380056,1335702734400,8207651840,2532.1091860000706,2534.4643099997484
openmarcie_bicycle,cpu,late_fusion,openmarcie_bicycle__only_audio__qwen3_8b,qwen3_8b,only_audio,352538,1410152,22467968,96,0,352538,0.024110000140353804,2.3813929997824714,2.3813929997824714,8191087898,16382880872,1124763630976,8190735360,2531.34547100035,2531.880705000276
openmarcie_bicycle,cpu,local_only,openmarcie_bicycle__only_audio__qwen3_8b,qwen3_8b,only_audio,352538,1410152,22467968,52,0,352538,0.027709999812941533,2.353022999402566,2.353022999402566,8191087898,16382880872,1124763630976,8190735360,2531.34547100035,2531.8990670002677
openmarcie_bicycle,cpu,bottleneck,openmarcie_bicycle__only_audio__qwen3_8b,qwen3_8b,only_audio,380010,1520040,24481472,684,27736,352274,0.23088299985829508,3.056715999510768,3.056715999510768,8208031850,16450656680,1335707156032,8207651840,2532.1091860000706,2534.506010000314
openmarcie_bicycle,cpu,tokenlearner,openmarcie_bicycle__only_audio__qwen3_8b,qwen3_8b,only_audio,381038,1524152,23054016,1100,27576,353462,0.1973319999706291,3.3908450000079755,3.3908450000079755,8208032878,16450660792,999246522944,8207651840,2462.1520710002187,2463.751757999944
openmarcie_bicycle,cpu,posthoc_vq,openmarcie_bicycle__only_audio__qwen3_8b,qwen3_8b,only_audio,381766,1527064,24530624,192,28600,353166,0.24739299988141283,2.7747470004018338,2.7747470004018338,8208033606,16450663704,1335707205184,8207651840,2532.1091860000706,2534.5955020002293
openmarcie_bicycle,cpu,joint_vq,openmarcie_bicycle__only_audio__qwen3_8b,qwen3_8b,only_audio,384142,1536568,23086784,81,28600,355542,0.22669200006930623,2.697305999874411,2.697305999874411,8208035982,16450673208,999246555712,8207651840,2462.1520710002187,2463.898309000342
openmarcie_bicycle,cpu,deepconvlstm,openmarcie_bicycle__only_audio__qwen3_8b,qwen3_8b,only_audio,381786,1527144,24302976,390484,381786,0,0.43663399992510676,314.88111599941374,314.88111599941374,8208033626,16450663784,1335706977536,8207651840,2532.1091860000706,2534.371197999917
openmarcie_bicycle,cpu,unrestricted_bank,openmarcie_bicycle__only_audio__qwen3_8b,qwen3_8b,only_audio,384174,1536696,23086784,81,28600,355574,0.20856199989793822,2.6099949996313487,2.6099949996313487,8208036014,16450673336,999246555712,8207651840,2462.1520710002187,2463.800488000288
openmarcie_bicycle,cpu,separate_banks,openmarcie_bicycle__only_audio__qwen3_8b,qwen3_8b,only_audio,384174,1536696,23086784,81,28600,355574,0.2345620000596682,2.6750749998717627,2.6750749998717627,8208036014,16450673336,999246555712,8207651840,2462.1520710002187,2463.8508180005374
openmarcie_bicycle,cpu,fixed_resampling,openmarcie_bicycle__only_audio__qwen3_8b,qwen3_8b,only_audio,384174,1536696,6079552,81,28600,355574,0.22720199967807275,2.4885449993524933,2.4885449993524933,8208036014,16450673336,999229548480,8207651840,2462.1520710002187,2463.6798960000306
openmarcie_bicycle,cpu,finetune_encoders,openmarcie_bicycle__only_audio__qwen3_8b,qwen3_8b,only_audio,384174,1536696,23086784,81,28600,355574,0.227373000143416,2.627445999707456,2.627445999707456,8208036014,16450673336,999246555712,8207651840,2462.1520710002187,2463.8169270001526
openmarcie_bicycle,cpu,no_alignment,openmarcie_bicycle__only_audio__qwen3_8b,qwen3_8b,only_audio,384174,1536696,23086784,81,28600,355574,0.24258300027213409,2.645395999963407,2.645395999963407,8208036014,16450673336,999246555712,8207651840,2462.1520710002187,2463.822018000428
openmarcie_bicycle,cpu,no_usage,openmarcie_bicycle__only_audio__qwen3_8b,qwen3_8b,only_audio,384174,1536696,23086784,81,28600,355574,0.22670199996355223,2.63306500031093,2.63306500031093,8208036014,16450673336,999246555712,8207651840,2462.1520710002187,2463.81762800047
openmarcie_bicycle,cpu,tcn,openmarcie_bicycle__only_audio__qwen3_8b,qwen3_8b,only_audio,296742,1186968,18873792,390484,296742,0,0.4341740000199934,314.87661399973047,314.87661399973047,8207948582,16450323608,1335701548352,8207651840,2532.1091860000706,2534.3663490002655
openmarcie_bicycle,cpu,ts_transformer,openmarcie_bicycle__only_audio__qwen3_8b,qwen3_8b,only_audio,309606,1238424,19922368,390484,309606,0,0.4680039996856067,314.912614999629,314.912614999629,8207961446,16450375064,1335702596928,8207651840,2532.1091860000706,2534.397438999804
openmarcie_bicycle,cpu,patchtst,openmarcie_bicycle__only_audio__qwen3_8b,qwen3_8b,only_audio,293382,1173528,202152128,390484,293382,0,1.3945939999757684,315.83974500012016,315.83974500012016,8207945222,16450310168,985421233088,8207651840,2466.0282720001305,2468.5171870000886
openmarcie_bicycle,cpu,distrixsense,openmarcie_bicycle__only_barometer__qwen3_8b,qwen3_8b,only_barometer,35672,142688,848064,81,28600,7072,0.22739199994248338,2.5231149998325098,2.5231149998325098,8207687512,16449279328,999224316992,8207651840,2462.1520710002187,2463.733247000164
openmarcie_bicycle,cpu,dense,openmarcie_bicycle__only_barometer__qwen3_8b,qwen3_8b,only_barometer,31216,124864,2226368,4324,27576,3640,0.21042199978182907,5.849514000014769,5.849514000014769,8207683056,16449261504,1335684900928,8207651840,2532.1091860000706,2534.338547999596
openmarcie_bicycle,cpu,dense_tokens,openmarcie_bicycle__only_barometer__qwen3_8b,qwen3_8b,only_barometer,33592,134368,831680,1100,27576,6016,0.20875200016234885,3.303414999659144,3.303414999659144,8207685432,16449271008,999224300608,8207651840,2462.1520710002187,2463.639267000417
openmarcie_bicycle,cpu,raw,openmarcie_bicycle__only_barometer__qwen3_8b,qwen3_8b,only_barometer,31216,124864,2226368,524,31216,0,0.4264939998392947,2.8611239999151614,2.8611239999151614,8207683056,16449261504,1335684900928,8207651840,2532.1091860000706,2534.2949770001724
openmarcie_bicycle,cpu,early_fusion,openmarcie_bicycle__only_barometer__qwen3_8b,qwen3_8b,only_barometer,27760,111040,2007232,524,27760,0,0.4211239997857774,2.8553259989309474,2.8553259989309474,8207679600,16449247680,1335684681792,8207651840,2532.1091860000706,2534.281476999695
openmarcie_bicycle,cpu,late_fusion,openmarcie_bicycle__only_barometer__qwen3_8b,qwen3_8b,only_barometer,4036,16144,229248,96,0,4036,0.02323099988643662,2.2746229997803282,2.2746229997803282,8190739396,16381486864,1138723760128,8190735360,2491.7344820000835,2492.205224999907
openmarcie_bicycle,cpu,local_only,openmarcie_bicycle__only_barometer__qwen3_8b,qwen3_8b,only_barometer,4036,16144,229248,52,0,4036,0.028049999855284113,2.253449999232072,2.253449999232072,8190739396,16381486864,1138723760128,8190735360,2491.7344820000835,2492.191085000286
openmarcie_bicycle,cpu,bottleneck,openmarcie_bicycle__only_barometer__qwen3_8b,qwen3_8b,only_barometer,31508,126032,2242752,684,27736,3772,0.2140210003744869,2.940062000353489,2.940062000353489,8207683348,16449262672,1335684917312,8207651840,2532.1091860000706,2534.465296000235
openmarcie_bicycle,cpu,tokenlearner,openmarcie_bicycle__only_barometer__qwen3_8b,qwen3_8b,only_barometer,32536,130144,815296,1100,27576,4960,0.1972909999494732,3.2881620004399155,3.2881620004399155,8207684376,16449266784,999224284224,8207651840,2462.1520710002187,2463.7488879998273
openmarcie_bicycle,cpu,posthoc_vq,openmarcie_bicycle__only_barometer__qwen3_8b,qwen3_8b,only_barometer,33264,133056,2291904,192,28600,4664,0.24553100001867278,2.671061999606894,2.671061999606894,8207685104,16449269696,1335684966464,8207651840,2532.1091860000706,2534.6097569999984
openmarcie_bicycle,cpu,joint_vq,openmarcie_bicycle__only_barometer__qwen3_8b,qwen3_8b,only_barometer,35640,142560,848064,81,28600,7040,0.22842099997433252,2.5987729996194364,2.5987729996194364,8207687480,16449279200,999224316992,8207651840,2462.1520710002187,2464.431532000617
openmarcie_bicycle,cpu,deepconvlstm,openmarcie_bicycle__only_barometer__qwen3_8b,qwen3_8b,only_barometer,33284,133136,2064256,524,33284,0,0.4397220000100788,2.874031999832095,2.874031999832095,8207685124,16449269776,1335684738816,8207651840,2532.1091860000706,2535.538340999665
openmarcie_bicycle,cpu,unrestricted_bank,openmarcie_bicycle__only_barometer__qwen3_8b,qwen3_8b,only_barometer,35672,142688,848064,81,28600,7072,0.20747100006701658,2.5035710005175904,2.5035710005175904,8207687512,16449279328,999224316992,8207651840,2462.1520710002187,2463.7316080002165
openmarcie_bicycle,cpu,separate_banks,openmarcie_bicycle__only_barometer__qwen3_8b,qwen3_8b,only_barometer,35672,142688,848064,81,28600,7072,0.2349410001443175,2.535342000130081,2.535342000130081,8207687512,16449279328,999224316992,8207651840,2462.1520710002187,2463.7815980004234
openmarcie_bicycle,cpu,fixed_resampling,openmarcie_bicycle__only_barometer__qwen3_8b,qwen3_8b,only_barometer,35672,142688,846912,81,28600,7072,0.22591100014324184,2.454683000025293,2.454683000025293,8207687512,16449279328,999224315840,8207651840,2462.1520710002187,2463.676678000411
openmarcie_bicycle,cpu,finetune_encoders,openmarcie_bicycle__only_barometer__qwen3_8b,qwen3_8b,only_barometer,35672,142688,848064,81,28600,7072,0.23271100008059875,2.5274519998964795,2.5274519998964795,8207687512,16449279328,999224316992,8207651840,2462.1520710002187,2463.7190379999083
openmarcie_bicycle,cpu,no_alignment,openmarcie_bicycle__only_barometer__qwen3_8b,qwen3_8b,only_barometer,35672,142688,848064,81,28600,7072,0.23679100013396237,2.5354519998762814,2.5354519998762814,8207687512,16449279328,999224316992,8207651840,2462.1520710002187,2464.2992609997236
openmarcie_bicycle,cpu,no_usage,openmarcie_bicycle__only_barometer__qwen3_8b,qwen3_8b,only_barometer,35672,142688,848064,81,28600,7072,0.23234099990077084,2.5305920003410254,2.5305920003410254,8207687512,16449279328,999224316992,8207651840,2462.1520710002187,2463.771779000581
openmarcie_bicycle,cpu,tcn,openmarcie_bicycle__only_barometer__qwen3_8b,qwen3_8b,only_barometer,13648,54592,821184,524,13648,0,0.3513920000841608,2.785792000318633,2.785792000318633,8207665488,16449191232,1335683495744,8207651840,2532.1091860000706,2534.2768460000116
openmarcie_bicycle,cpu,ts_transformer,openmarcie_bicycle__only_barometer__qwen3_8b,qwen3_8b,only_barometer,26512,106048,1869760,524,26512,0,0.39713200021651573,2.83163200075769,2.83163200075769,8207678352,16449242688,1335684544320,8207651840,2532.1091860000706,2534.329345999595
openmarcie_bicycle,cpu,patchtst,openmarcie_bicycle__only_barometer__qwen3_8b,qwen3_8b,only_barometer,26640,106560,1087936,524,26640,0,0.4242620002514741,2.859082000137004,2.859082000137004,8207678480,16449243200,985220168896,8207651840,2466.0282720001305,2467.510339000455
openmarcie_bicycle,cpu,distrixsense,openmarcie_bicycle__only_depth__qwen3_8b,qwen3_8b,only_depth,94448,377792,5235904,249,30776,63672,0.30376199993042974,2.619621999780362,7.188283000149548,8207746288,16449514432,1279428923968,8207651840,2517.8761199999826,2520.7700230002956
openmarcie_bicycle,cpu,dense,openmarcie_bicycle__only_depth__qwen3_8b,qwen3_8b,only_depth,81080,324320,10845376,12972,27704,53376,0.3214409998690826,5.96527199955266,17.20625399963339,8207732920,16449460960,2292549275200,8207651840,2748.7743560000126,2753.5840590003318
openmarcie_bicycle,cpu,dense_tokens,openmarcie_bicycle__only_depth__qwen3_8b,qwen3_8b,only_depth,88208,352832,5186752,3300,27704,60504,0.2618309999888879,3.386502000007458,9.574934000270005,8207740048,16449489472,1279428874816,8207651840,2517.8761199999826,2520.5062019999787
openmarcie_bicycle,cpu,raw,openmarcie_bicycle__only_depth__qwen3_8b,qwen3_8b,only_depth,81080,324320,10845376,19188,81080,0,0.8208740000554826,7.965733999805012,22.217783999320737,8207732920,16449460960,2292549275200,8207651840,2748.7743560000126,2753.4320290001233
openmarcie_bicycle,cpu,early_fusion,openmarcie_bicycle__only_depth__qwen3_8b,qwen3_8b,only_depth,47224,188896,3220672,19188,47224,0,0.6557729998348805,7.8004329994257535,22.05342299945979,8207699064,16449325536,1391693223488,8207651840,2546.0264830003325,2548.659706000308
openmarcie_bicycle,cpu,late_fusion,openmarcie_bicycle__only_depth__qwen3_8b,qwen3_8b,only_depth,54564,218256,3381504,288,0,54564,0.03504999995129765,2.313030999689724,6.824992999277665,8190789924,16381688976,1180681093888,8190735360,2493.555767000089,2494.448270999783
openmarcie_bicycle,cpu,local_only,openmarcie_bicycle__only_depth__qwen3_8b,qwen3_8b,only_depth,54564,218256,3381504,156,0,54564,0.04683999986809795,2.292660999744368,6.725021999775385,8190789924,16381688976,1180681093888,8190735360,2493.555767000089,2494.4538310001008
openmarcie_bicycle,cpu,bottleneck,openmarcie_bicycle__only_depth__qwen3_8b,qwen3_8b,only_depth,81956,327824,10894528,2052,28184,53772,0.3431019999879936,3.092022999927419,8.545664999758703,8207733796,16449464464,2292549324352,8207651840,2748.7743560000126,2753.591558000153
openmarcie_bicycle,cpu,tokenlearner,openmarcie_bicycle__only_depth__qwen3_8b,qwen3_8b,only_depth,85040,340160,5137600,3300,27704,57336,0.2594709999357292,3.3701819993392563,9.53892499954658,8207736880,16449476800,1279428825664,8207651840,2517.8761199999826,2520.5406609998136
openmarcie_bicycle,cpu,posthoc_vq,openmarcie_bicycle__only_depth__qwen3_8b,qwen3_8b,only_depth,93368,373472,11041984,600,30776,62592,0.37755199991806876,2.8359930001862814,7.682875000217319,8207745208,16449510112,2292549471808,8207651840,2748.7743560000126,2754.0621990001455
openmarcie_bicycle,cpu,joint_vq,openmarcie_bicycle__only_depth__qwen3_8b,qwen3_8b,only_depth,100496,401984,5235904,249,30776,69720,0.31834199990044,2.7133239997386465,7.439717000042018,8207752336,16449538624,1279428923968,8207651840,2517.8761199999826,2520.9414239998296
openmarcie_bicycle,cpu,deepconvlstm,openmarcie_bicycle__only_depth__qwen3_8b,qwen3_8b,only_depth,76748,306992,4821760,19188,76748,0,0.5534520000765042,7.697781999974028,21.94953300083281,8207728588,16449443632,1391694824576,8207651840,2546.0264830003325,2548.527994000324
openmarcie_bicycle,cpu,unrestricted_bank,openmarcie_bicycle__only_depth__qwen3_8b,qwen3_8b,only_depth,100784,403136,5334208,249,30776,70008,0.27265100015938515,2.5999420000847078,7.187174999588914,8207752624,16449539776,1279429022272,8207651840,2517.8761199999826,2520.983552999951
openmarcie_bicycle,cpu,separate_banks,openmarcie_bicycle__only_depth__qwen3_8b,qwen3_8b,only_depth,94448,377792,5235904,249,30776,63672,0.3152409999529482,2.6394530001528675,7.217605000195343,8207746288,16449514432,1279428923968,8207651840,2517.8761199999826,2520.657141000356
openmarcie_bicycle,cpu,fixed_resampling,openmarcie_bicycle__only_depth__qwen3_8b,qwen3_8b,only_depth,94448,377792,4412608,249,30776,63672,0.31399199997395044,2.5673520000385235,7.002834000021702,8207746288,16449514432,1279428100672,8207651840,2517.8761199999826,2520.431861999896
openmarcie_bicycle,cpu,finetune_encoders,openmarcie_bicycle__only_depth__qwen3_8b,qwen3_8b,only_depth,94448,377792,5235904,249,30776,63672,0.2982410001095559,2.6213120005525763,7.190015000932343,8207746288,16449514432,1279428923968,8207651840,2517.8761199999826,2520.68034299964
openmarcie_bicycle,cpu,no_alignment,openmarcie_bicycle__only_depth__qwen3_8b,qwen3_8b,only_depth,94448,377792,5235904,249,30776,63672,0.3063310000470665,2.6313930003528423,7.207166000543092,8207746288,16449514432,1279428923968,8207651840,2517.8761199999826,2520.668301999649
openmarcie_bicycle,cpu,no_usage,openmarcie_bicycle__only_depth__qwen3_8b,qwen3_8b,only_depth,94448,377792,5235904,249,30776,63672,0.3008609996868472,2.6207829997805003,7.1941249993042025,8207746288,16449514432,1279428923968,8207651840,2517.8761199999826,2520.690193000064
openmarcie_bicycle,cpu,tcn,openmarcie_bicycle__only_depth__qwen3_8b,qwen3_8b,only_depth,33048,132192,2034624,19188,33048,0,0.5640919998768368,7.708542000324302,21.96082199968142,8207684888,16449268832,1391692037440,8207651840,2546.0264830003325,2548.4236740003325
openmarcie_bicycle,cpu,ts_transformer,openmarcie_bicycle__only_depth__qwen3_8b,qwen3_8b,only_depth,45912,183648,3083200,19188,45912,0,0.5978320000394888,7.741791999757185,21.993692999484402,8207697752,16449320288,1391693086016,8207651840,2546.0264830003325,2548.490514000605
openmarcie_bicycle,cpu,patchtst,openmarcie_bicycle__only_depth__qwen3_8b,qwen3_8b,only_depth,39928,159712,69986496,19188,39928,0,1.009284999781812,8.153444999658165,22.405184999269032,8207691768,16449296352,1041178430912,8207651840,2481.4791229996445,2483.7594329997046
openmarcie_bicycle,cpu,distrixsense,openmarcie_bicycle__only_imu__qwen3_8b,qwen3_8b,only_imu,39074,156296,1063488,81,28600,10474,0.25866099986160407,2.579843000177684,2.579843000177684,8207690914,16449292936,999224532416,8207651840,2462.1520710002187,2463.7952289999703
openmarcie_bicycle,cpu,dense,openmarcie_bicycle__only_imu__qwen3_8b,qwen3_8b,only_imu,34618,138472,2441792,4324,27576,7042,0.21195999988776748,5.848559999644512,5.848559999644512,8207686458,16449275112,1335685116352,8207651840,2532.1091860000706,2534.413197000049
openmarcie_bicycle,cpu,dense_tokens,openmarcie_bicycle__only_imu__qwen3_8b,qwen3_8b,only_imu,36994,147976,1047104,1100,27576,9418,0.20001100028821384,3.3040119997120927,3.3040119997120927,8207688834,16449284616,999224516032,8207651840,2462.1520710002187,2463.753247000568
openmarcie_bicycle,cpu,raw,openmarcie_bicycle__only_imu__qwen3_8b,qwen3_8b,only_imu,34618,138472,2441792,16164,34618,0,0.44050199994671857,15.390702000467183,15.390702000467183,8207686458,16449275112,1335685116352,8207651840,2532.1091860000706,2534.440077000454
openmarcie_bicycle,cpu,early_fusion,openmarcie_bicycle__only_imu__qwen3_8b,qwen3_8b,only_imu,28858,115432,2075200,16164,28858,0,0.44562200037034927,15.39562200027741,15.39562200027741,8207680698,16449252072,1335684749760,8207651840,2532.1091860000706,2534.418007000113
openmarcie_bicycle,cpu,late_fusion,openmarcie_bicycle__only_imu__qwen3_8b,qwen3_8b,only_imu,7438,29752,444672,96,0,7438,0.024340000436495757,2.2951310007239925,2.2951310007239925,8190742798,16381500472,1124741607680,8190735360,2531.34547100035,2531.8016430005628
openmarcie_bicycle,cpu,local_only,openmarcie_bicycle__only_imu__qwen3_8b,qwen3_8b,only_imu,7438,29752,444672,52,0,7438,0.028221000320627354,2.251392000987363,2.251392000987363,8190742798,16381500472,1124741607680,8190735360,2531.34547100035,2531.8123329998343
openmarcie_bicycle,cpu,bottleneck,openmarcie_bicycle__only_imu__qwen3_8b,qwen3_8b,only_imu,34910,139640,2458176,684,27736,7174,0.21193099973970675,2.948531999910326,2.948531999910326,8207686750,16449276280,1335685132736,8207651840,2532.1091860000706,2534.463887000129
openmarcie_bicycle,cpu,tokenlearner,openmarcie_bicycle__only_imu__qwen3_8b,qwen3_8b,only_imu,35938,143752,1030720,1100,27576,8362,0.19744099972740514,3.2973319998699298,3.2973319998699298,8207687778,16449280392,999224499648,8207651840,2462.1520710002187,2463.7522990001344
openmarcie_bicycle,cpu,posthoc_vq,openmarcie_bicycle__only_imu__qwen3_8b,qwen3_8b,only_imu,36666,146664,2507328,192,28600,8066,0.2441009996800858,2.684482000020938,2.684482000020938,8207688506,16449283304,1335685181888,8207651840,2532.1091860000706,2534.5771470001637
openmarcie_bicycle,cpu,joint_vq,openmarcie_bicycle__only_imu__qwen3_8b,qwen3_8b,only_imu,39042,156168,1063488,81,28600,10442,0.22602099988944246,2.5991319999155937,2.5991319999155937,8207690882,16449292808,999224532416,8207651840,2462.1520710002187,2463.8629380001476
openmarcie_bicycle,cpu,deepconvlstm,openmarcie_bicycle__only_imu__qwen3_8b,qwen3_8b,only_imu,36686,146744,2279680,16164,36686,0,0.3431019999879936,15.293202000201756,15.293202000201756,8207688526,16449283384,1335684954240,8207651840,2532.1091860000706,2534.226545000365
openmarcie_bicycle,cpu,unrestricted_bank,openmarcie_bicycle__only_imu__qwen3_8b,qwen3_8b,only_imu,39074,156296,1063488,81,28600,10474,0.20692099997177138,2.5199920001176768,2.5199920001176768,8207690914,16449292936,999224532416,8207651840,2462.1520710002187,2463.7028080001073
openmarcie_bicycle,cpu,separate_banks,openmarcie_bicycle__only_imu__qwen3_8b,qwen3_8b,only_imu,39074,156296,1063488,81,28600,10474,0.23530099997515208,2.535141999516677,2.535141999516677,8207690914,16449292936,999224532416,8207651840,2462.1520710002187,2463.730428999952
openmarcie_bicycle,cpu,fixed_resampling,openmarcie_bicycle__only_imu__qwen3_8b,qwen3_8b,only_imu,39074,156296,1031232,81,28600,10474,0.2245609998681175,2.456981999359309,2.456981999359309,8207690914,16449292936,999224500160,8207651840,2462.1520710002187,2463.6514179996993
openmarcie_bicycle,cpu,finetune_encoders,openmarcie_bicycle__only_imu__qwen3_8b,qwen3_8b,only_imu,39074,156296,1063488,81,28600,10474,0.22292099993137526,2.535921999908064,2.535921999908064,8207690914,16449292936,999224532416,8207651840,2462.1520710002187,2463.717368000289
openmarcie_bicycle,cpu,no_alignment,openmarcie_bicycle__only_imu__qwen3_8b,qwen3_8b,only_imu,39074,156296,1063488,81,28600,10474,0.2261009999529051,2.5283420000340673,2.5283420000340673,8207690914,16449292936,999224532416,8207651840,2462.1520710002187,2463.7167470004897
openmarcie_bicycle,cpu,no_usage,openmarcie_bicycle__only_imu__qwen3_8b,qwen3_8b,only_imu,39074,156296,1063488,81,28600,10474,0.2345909997529816,2.5399819997181883,2.5399819997181883,8207690914,16449292936,999224532416,8207651840,2462.1520710002187,2463.718768000035
openmarcie_bicycle,cpu,tcn,openmarcie_bicycle__only_imu__qwen3_8b,qwen3_8b,only_imu,14746,58984,889152,16164,14746,0,0.36301099999036524,15.312571000003128,15.312571000003128,8207666586,16449195624,1335683563712,8207651840,2532.1091860000706,2534.249405999617
openmarcie_bicycle,cpu,ts_transformer,openmarcie_bicycle__only_imu__qwen3_8b,qwen3_8b,only_imu,27610,110440,1937728,16164,27610,0,0.3957419999096601,15.345271999784938,15.345271999784938,8207679450,16449247080,1335684612288,8207651840,2532.1091860000706,2534.255165000104
openmarcie_bicycle,cpu,patchtst,openmarcie_bicycle__only_imu__qwen3_8b,qwen3_8b,only_imu,27162,108648,7602496,16164,27162,0,0.48947300001600524,15.43959300001826,15.43959300001826,8207679002,16449245288,985226683456,8207651840,2466.0282720001305,2467.549639000026
openmarcie_bicycle,cpu,distrixsense,openmarcie_bicycle__only_magnetometer__qwen3_8b,qwen3_8b,only_magnetometer,36734,146936,915264,81,28600,8134,0.22650100027021836,2.525943000393349,2.525943000393349,8207688574,16449283576,999224384192,8207651840,2462.1520710002187,2463.707508000425
openmarcie_bicycle,cpu,dense,openmarcie_bicycle__only_magnetometer__qwen3_8b,qwen3_8b,only_magnetometer,32278,129112,2293568,4324,27576,4702,0.20927100013068411,5.843022000458167,5.843022000458167,8207684118,16449265752,1335684968128,8207651840,2532.1091860000706,2534.3280269999013
openmarcie_bicycle,cpu,dense_tokens,openmarcie_bicycle__only_magnetometer__qwen3_8b,qwen3_8b,only_magnetometer,34654,138616,898880,1100,27576,7078,0.2013809998970828,3.30466200011404,3.30466200011404,8207686494,16449275256,999224367808,8207651840,2462.1520710002187,2463.6277079998763
openmarcie_bicycle,cpu,raw,openmarcie_bicycle__only_magnetometer__qwen3_8b,qwen3_8b,only_magnetometer,32278,129112,2293568,1244,32278,0,0.4442019999260083,3.4546619995259564,3.4546619995259564,8207684118,16449265752,1335684968128,8207651840,2532.1091860000706,2534.318166000503
openmarcie_bicycle,cpu,early_fusion,openmarcie_bicycle__only_magnetometer__qwen3_8b,qwen3_8b,only_magnetometer,28054,112216,2025280,1244,28054,0,0.43223199963904335,3.4434819995246246,3.4434819995246246,8207679894,16449248856,1335684699840,8207651840,2532.1091860000706,2534.25422600003
openmarcie_bicycle,cpu,late_fusion,openmarcie_bicycle__only_magnetometer__qwen3_8b,qwen3_8b,only_magnetometer,5098,20392,296448,96,0,5098,0.023600000076839933,2.277621000362339,2.277621000362339,8190740458,16381491112,1124741459456,8190735360,2531.34547100035,2531.7907540002125
openmarcie_bicycle,cpu,local_only,openmarcie_bicycle__only_magnetometer__qwen3_8b,qwen3_8b,only_magnetometer,5098,20392,296448,52,0,5098,0.02766999978121021,2.25621999949679,2.25621999949679,8190740458,16381491112,1124741459456,8190735360,2531.34547100035,2531.7946140007734
openmarcie_bicycle,cpu,bottleneck,openmarcie_bicycle__only_magnetometer__qwen3_8b,qwen3_8b,only_magnetometer,32570,130280,2309952,684,27736,4834,0.21191099995121476,2.936500999358966,2.936500999358966,8207684410,16449266920,1335684984512,8207651840,2532.1091860000706,2534.335424999881
openmarcie_bicycle,cpu,tokenlearner,openmarcie_bicycle__only_magnetometer__qwen3_8b,qwen3_8b,only_magnetometer,33598,134392,882496,1100,27576,6022,0.19639100037238677,3.297181000102573,3.297181000102573,8207685438,16449271032,999224351424,8207651840,2462.1520710002187,2463.613797000562
openmarcie_bicycle,cpu,posthoc_vq,openmarcie_bicycle__only_magnetometer__qwen3_8b,qwen3_8b,only_magnetometer,34326,137304,2359104,192,28600,5726,0.24305099987032008,2.6687219997969747,2.6687219997969747,8207686166,16449273944,1335685033664,8207651840,2532.1091860000706,2534.4728770000984
openmarcie_bicycle,cpu,joint_vq,openmarcie_bicycle__only_magnetometer__qwen3_8b,qwen3_8b,only_magnetometer,36702,146808,915264,81,28600,8102,0.22920099991097231,2.604081999863306,2.604081999863306,8207688542,16449283448,999224384192,8207651840,2462.1520710002187,2463.7626880003154
openmarcie_bicycle,cpu,deepconvlstm,openmarcie_bicycle__only_magnetometer__qwen3_8b,qwen3_8b,only_magnetometer,34346,137384,2131456,1244,34346,0,0.3371419998074998,3.3504829998625385,3.3504829998625385,8207686186,16449274024,1335684806016,8207651840,2532.1091860000706,2534.187193999969
openmarcie_bicycle,cpu,unrestricted_bank,openmarcie_bicycle__only_magnetometer__qwen3_8b,qwen3_8b,only_magnetometer,36734,146936,915264,81,28600,8134,0.2003810000132944,2.512552000127366,2.512552000127366,8207688574,16449283576,999224384192,8207651840,2462.1520710002187,2463.6696269999447
openmarcie_bicycle,cpu,separate_banks,openmarcie_bicycle__only_magnetometer__qwen3_8b,qwen3_8b,only_magnetometer,36734,146936,915264,81,28600,8134,0.24062100010269205,2.5385920003208273,2.5385920003208273,8207688574,16449283576,999224384192,8207651840,2462.1520710002187,2463.7002270005723
openmarcie_bicycle,cpu,fixed_resampling,openmarcie_bicycle__only_magnetometer__qwen3_8b,qwen3_8b,only_magnetometer,36734,146936,908352,81,28600,8134,0.2389310002399725,2.4632519998994074,2.4632519998994074,8207688574,16449283576,999224377280,8207651840,2462.1520710002187,2463.602278000053
openmarcie_bicycle,cpu,finetune_encoders,openmarcie_bicycle__only_magnetometer__qwen3_8b,qwen3_8b,only_magnetometer,36734,146936,915264,81,28600,8134,0.25219100007234374,2.545561999824608,2.545561999824608,8207688574,16449283576,999224384192,8207651840,2462.1520710002187,2463.7012580001283
openmarcie_bicycle,cpu,no_alignment,openmarcie_bicycle__only_magnetometer__qwen3_8b,qwen3_8b,only_magnetometer,36734,146936,915264,81,28600,8134,0.23117099999581114,2.5330519997913914,2.5330519997913914,8207688574,16449283576,999224384192,8207651840,2462.1520710002187,2463.691349000328
openmarcie_bicycle,cpu,no_usage,openmarcie_bicycle__only_magnetometer__qwen3_8b,qwen3_8b,only_magnetometer,36734,146936,915264,81,28600,8134,0.22718099990015617,2.5460120000678987,2.5460120000678987,8207688574,16449283576,999224384192,8207651840,2462.1520710002187,2463.7064379999174
openmarcie_bicycle,cpu,tcn,openmarcie_bicycle__only_magnetometer__qwen3_8b,qwen3_8b,only_magnetometer,13942,55768,839232,1244,13942,0,0.35343099989404436,3.364441000043985,3.364441000043985,8207665782,16449192408,1335683513792,8207651840,2532.1091860000706,2534.1927949998535
openmarcie_bicycle,cpu,ts_transformer,openmarcie_bicycle__only_magnetometer__qwen3_8b,qwen3_8b,only_magnetometer,26806,107224,1887808,1244,26806,0,0.3956620003009448,3.40638200033452,3.40638200033452,8207678646,16449243864,1335684562368,8207651840,2532.1091860000706,2534.282226000414
openmarcie_bicycle,cpu,patchtst,openmarcie_bicycle__only_magnetometer__qwen3_8b,qwen3_8b,only_magnetometer,26742,106968,3254848,1244,26742,0,0.456952000149613,3.468352000722621,3.468352000722621,8207678582,16449243608,985222335808,8207651840,2466.0282720001305,2467.578429000241
openmarcie_bicycle,cpu,distrixsense,openmarcie_bicycle__only_rgb__qwen3_8b,qwen3_8b,only_rgb,256112,1024448,15533248,249,30776,225336,0.310921000163944,2.659312000229262,7.275994000255176,8207907952,16450161088,1279439221312,8207651840,2517.8761199999826,2520.7537629999024
openmarcie_bicycle,cpu,dense,openmarcie_bicycle__only_rgb__qwen3_8b,qwen3_8b,only_rgb,242744,970976,21142720,12972,27704,215040,0.3177110002070549,5.9795310001888895,17.259794000041637,8207894584,16450107616,2292559572544,8207651840,2748.7743560000126,2753.5525069997675
openmarcie_bicycle,cpu,dense_tokens,openmarcie_bicycle__only_rgb__qwen3_8b,qwen3_8b,only_rgb,249872,999488,15484096,3300,27704,222168,0.25413200000912184,3.3870129996056493,9.595134999458097,8207901712,16450136128,1279439172160,8207651840,2517.8761199999826,2520.5060610001055
openmarcie_bicycle,cpu,raw,openmarcie_bicycle__only_rgb__qwen3_8b,qwen3_8b,only_rgb,242744,970976,21142720,56724,242744,0,0.8812339997348317,18.038143999949977,52.31146399940249,8207894584,16450107616,2292559572544,8207651840,2748.7743560000126,2753.524347000166
openmarcie_bicycle,cpu,early_fusion,openmarcie_bicycle__only_rgb__qwen3_8b,qwen3_8b,only_rgb,159736,638944,10372288,56724,159736,0,0.7058529999994789,17.862282999833848,52.136473000090206,8207811576,16449775584,1391700375104,8207651840,2546.0264830003325,2548.5485450008127
openmarcie_bicycle,cpu,late_fusion,openmarcie_bicycle__only_rgb__qwen3_8b,qwen3_8b,only_rgb,216228,864912,13678848,288,0,216228,0.03479999986666371,2.331870999628515,6.864913000022707,8190951588,16382335632,1180691391232,8190735360,2493.555767000089,2494.4633500003874
openmarcie_bicycle,cpu,local_only,openmarcie_bicycle__only_rgb__qwen3_8b,qwen3_8b,only_rgb,216228,864912,13678848,156,0,216228,0.0453610000477056,2.3024920003694946,6.7748940003206775,8190951588,16382335632,1180691391232,8190735360,2493.555767000089,2494.4996809999793
openmarcie_bicycle,cpu,bottleneck,openmarcie_bicycle__only_rgb__qwen3_8b,qwen3_8b,only_rgb,243620,974480,21191872,2052,28184,215436,0.3223119997528556,3.092582999462163,8.578544999466505,8207895460,16450111120,2292559621696,8207651840,2748.7743560000126,2753.7071780002407
openmarcie_bicycle,cpu,tokenlearner,openmarcie_bicycle__only_rgb__qwen3_8b,qwen3_8b,only_rgb,246704,986816,15434944,3300,27704,219000,0.2548309998928744,3.3851019998063565,9.594253999680078,8207898544,16450123456,1279439123008,8207651840,2517.8761199999826,2521.4334659995075
openmarcie_bicycle,cpu,posthoc_vq,openmarcie_bicycle__only_rgb__qwen3_8b,qwen3_8b,only_rgb,255032,1020128,21339328,600,30776,224256,0.37286099995981203,2.853992000378785,7.737534000615124,8207906872,16450156768,2292559769152,8207651840,2748.7743560000126,2754.0551390002292
openmarcie_bicycle,cpu,joint_vq,openmarcie_bicycle__only_rgb__qwen3_8b,qwen3_8b,only_rgb,262160,1048640,15533248,249,30776,231384,0.309471000036865,2.7267430001632658,7.483695000618335,8207914000,16450185280,1279439221312,8207651840,2517.8761199999826,2520.887073999802
openmarcie_bicycle,cpu,deepconvlstm,openmarcie_bicycle__only_rgb__qwen3_8b,qwen3_8b,only_rgb,238412,953648,15119104,56724,238412,0,0.605562999680842,17.762453000107495,52.036943000374464,8207890252,16450090288,1391705121920,8207651840,2546.0264830003325,2548.4830539999166
openmarcie_bicycle,cpu,unrestricted_bank,openmarcie_bicycle__only_rgb__qwen3_8b,qwen3_8b,only_rgb,262448,1049792,15631552,249,30776,231672,0.2652809998835437,2.6055730001065296,7.220146000153344,8207914288,16450186432,1279439319616,8207651840,2517.8761199999826,2520.6491720000486
openmarcie_bicycle,cpu,separate_banks,openmarcie_bicycle__only_rgb__qwen3_8b,qwen3_8b,only_rgb,256112,1024448,15533248,249,30776,225336,0.31713099997432437,2.665072999331029,7.27721499962079,8207907952,16450161088,1279439221312,8207651840,2517.8761199999826,2520.759911999903
openmarcie_bicycle,cpu,fixed_resampling,openmarcie_bicycle__only_rgb__qwen3_8b,qwen3_8b,only_rgb,256112,1024448,8344768,249,30776,225336,0.30786099978286074,2.5734520001027033,7.032052999792521,8207907952,16450161088,1279432032832,8207651840,2517.8761199999826,2520.4505920000884
openmarcie_bicycle,cpu,finetune_encoders,openmarcie_bicycle__only_rgb__qwen3_8b,qwen3_8b,only_rgb,256112,1024448,15533248,249,30776,225336,0.31083100020623533,2.654022000239207,7.264964000031776,8207907952,16450161088,1279439221312,8207651840,2517.8761199999826,2520.7230219998564
openmarcie_bicycle,cpu,no_alignment,openmarcie_bicycle__only_rgb__qwen3_8b,qwen3_8b,only_rgb,256112,1024448,15533248,249,30776,225336,0.30666100019516307,2.643842000576411,7.255844000982487,8207907952,16450161088,1279439221312,8207651840,2517.8761199999826,2520.6891030002225
openmarcie_bicycle,cpu,no_usage,openmarcie_bicycle__only_rgb__qwen3_8b,qwen3_8b,only_rgb,256112,1024448,15533248,249,30776,225336,0.3105710002273554,2.6496620004184717,7.26232500020067,8207907952,16450161088,1279439221312,8207651840,2517.8761199999826,2520.6824230003804
openmarcie_bicycle,cpu,tcn,openmarcie_bicycle__only_rgb__qwen3_8b,qwen3_8b,only_rgb,145560,582240,9186240,56724,145560,0,0.6151430002319103,17.771223001039186,52.045093000586945,8207797400,16449718880,1391699189056,8207651840,2546.0264830003325,2548.478664000413
openmarcie_bicycle,cpu,ts_transformer,openmarcie_bicycle__only_rgb__qwen3_8b,qwen3_8b,only_rgb,158424,633696,10234816,56724,158424,0,0.6550630000674573,17.811623000346014,52.08539300004182,8207810264,16449770336,1391700237632,8207651840,2546.0264830003325,2548.519373000545
openmarcie_bicycle,cpu,patchtst,openmarcie_bicycle__only_rgb__qwen3_8b,qwen3_8b,only_rgb,140152,560608,214665408,56724,140152,0,1.6967980000117677,18.85310800020569,53.12702800058892,8207791992,16449697248,1041323109824,8207651840,2481.4791229996445,2484.2565439998907
openmarcie_bicycle,cpu,distrixsense,openmarcie_bicycle__only_spectrometer__qwen3_8b,qwen3_8b,only_spectrometer,39704,158816,1103424,81,28600,11104,0.22504099979414605,2.522550999430573,2.522550999430573,8207691544,16449295456,999224572352,8207651840,2462.1520710002187,2463.7119170001824
openmarcie_bicycle,cpu,dense,openmarcie_bicycle__only_spectrometer__qwen3_8b,qwen3_8b,only_spectrometer,35248,140992,2481728,4324,27576,7672,0.21552099997279583,5.839792000055913,5.839792000055913,8207687088,16449277632,1335685156288,8207651840,2532.1091860000706,2534.5648570000776
openmarcie_bicycle,cpu,dense_tokens,openmarcie_bicycle__only_spectrometer__qwen3_8b,qwen3_8b,only_spectrometer,37624,150496,1087040,1100,27576,10048,0.22829099998489255,3.3434719998648506,3.3434719998648506,8207689464,16449287136,999224555968,8207651840,2462.1520710002187,2463.7112290001824
openmarcie_bicycle,cpu,raw,openmarcie_bicycle__only_spectrometer__qwen3_8b,qwen3_8b,only_spectrometer,35248,140992,2481728,3100,35248,0,0.49148199968840345,4.987191999076895,4.987191999076895,8207687088,16449277632,1335685156288,8207651840,2532.1091860000706,2534.719078999842
openmarcie_bicycle,cpu,early_fusion,openmarcie_bicycle__only_spectrometer__qwen3_8b,qwen3_8b,only_spectrometer,29104,116416,2090560,3100,29104,0,0.47597299999324605,4.971722999868216,4.971722999868216,8207680944,16449253056,1335684765120,8207651840,2532.1091860000706,2534.6781769999325
openmarcie_bicycle,cpu,late_fusion,openmarcie_bicycle__only_spectrometer__qwen3_8b,qwen3_8b,only_spectrometer,8068,32272,484608,96,0,8068,0.024160000066331122,2.303281000026979,2.303281000026979,8190743428,16381502992,1124741647616,8190735360,2531.34547100035,2531.804242999897
openmarcie_bicycle,cpu,local_only,openmarcie_bicycle__only_spectrometer__qwen3_8b,qwen3_8b,only_spectrometer,8068,32272,484608,52,0,8068,0.02778999987640418,2.26293099992061,2.26293099992061,8190743428,16381502992,1124741647616,8190735360,2531.34547100035,2531.8128120002257
openmarcie_bicycle,cpu,bottleneck,openmarcie_bicycle__only_spectrometer__qwen3_8b,qwen3_8b,only_spectrometer,35540,142160,2498112,684,27736,7804,0.26264100006301305,3.009312000150228,3.009312000150228,8207687380,16449278800,1335685172672,8207651840,2532.1091860000706,2534.634408000329
openmarcie_bicycle,cpu,tokenlearner,openmarcie_bicycle__only_spectrometer__qwen3_8b,qwen3_8b,only_spectrometer,36568,146272,1070656,1100,27576,8992,0.22648099957223167,3.3351420001916994,3.3351420001916994,8207688408,16449282912,999224539584,8207651840,2462.1520710002187,2463.6783370001467
openmarcie_bicycle,cpu,posthoc_vq,openmarcie_bicycle__only_spectrometer__qwen3_8b,qwen3_8b,only_spectrometer,37296,149184,2547264,192,28600,8696,0.2774509998744179,2.7188320000990585,2.7188320000990585,8207689136,16449285824,1335685221824,8207651840,2532.1091860000706,2534.885197999756
openmarcie_bicycle,cpu,joint_vq,openmarcie_bicycle__only_spectrometer__qwen3_8b,qwen3_8b,only_spectrometer,39672,158688,1103424,81,28600,11072,0.2567110000200046,2.653392000440258,2.653392000440258,8207691512,16449295328,999224572352,8207651840,2462.1520710002187,2463.8580280006863
openmarcie_bicycle,cpu,deepconvlstm,openmarcie_bicycle__only_spectrometer__qwen3_8b,qwen3_8b,only_spectrometer,37316,149264,2319616,3100,37316,0,0.4286319999664556,4.924342000719189,4.924342000719189,8207689156,16449285904,1335684994176,8207651840,2532.1091860000706,2534.299115000067
openmarcie_bicycle,cpu,unrestricted_bank,openmarcie_bicycle__only_spectrometer__qwen3_8b,qwen3_8b,only_spectrometer,39704,158816,1103424,81,28600,11104,0.20879100020465557,2.5010419995231903,2.5010419995231903,8207691544,16449295456,999224572352,8207651840,2462.1520710002187,2463.6920880002435
openmarcie_bicycle,cpu,separate_banks,openmarcie_bicycle__only_spectrometer__qwen3_8b,qwen3_8b,only_spectrometer,39704,158816,1103424,81,28600,11104,0.23243099985847948,2.536032000109012,2.536032000109012,8207691544,16449295456,999224572352,8207651840,2462.1520710002187,2463.7302969999837
openmarcie_bicycle,cpu,fixed_resampling,openmarcie_bicycle__only_spectrometer__qwen3_8b,qwen3_8b,only_spectrometer,39704,158816,1061952,81,28600,11104,0.23144099986893707,2.45489300098769,2.45489300098769,8207691544,16449295456,999224530880,8207651840,2462.1520710002187,2463.647718000175
openmarcie_bicycle,cpu,finetune_encoders,openmarcie_bicycle__only_spectrometer__qwen3_8b,qwen3_8b,only_spectrometer,39704,158816,1103424,81,28600,11104,0.2250310003546474,2.5241320009007584,2.5241320009007584,8207691544,16449295456,999224572352,8207651840,2462.1520710002187,2463.7277770002584
openmarcie_bicycle,cpu,no_alignment,openmarcie_bicycle__only_spectrometer__qwen3_8b,qwen3_8b,only_spectrometer,39704,158816,1103424,81,28600,11104,0.22749099980501342,2.5354819995590194,2.5354819995590194,8207691544,16449295456,999224572352,8207651840,2462.1520710002187,2463.707907999833
openmarcie_bicycle,cpu,no_usage,openmarcie_bicycle__only_spectrometer__qwen3_8b,qwen3_8b,only_spectrometer,39704,158816,1103424,81,28600,11104,0.22553100006916793,2.527822000985802,2.527822000985802,8207691544,16449295456,999224572352,8207651840,2462.1520710002187,2463.712757999474
openmarcie_bicycle,cpu,tcn,openmarcie_bicycle__only_spectrometer__qwen3_8b,qwen3_8b,only_spectrometer,14992,59968,904512,3100,14992,0,0.358840999979293,4.854701000055211,4.854701000055211,8207666832,16449196608,1335683579072,8207651840,2532.1091860000706,2534.243025000251
openmarcie_bicycle,cpu,ts_transformer,openmarcie_bicycle__only_spectrometer__qwen3_8b,qwen3_8b,only_spectrometer,27856,111424,1953088,3100,27856,0,0.4011220003121707,4.896882000536134,4.896882000536134,8207679696,16449248064,1335684627648,8207651840,2532.1091860000706,2534.2858660001184
openmarcie_bicycle,cpu,patchtst,openmarcie_bicycle__only_spectrometer__qwen3_8b,qwen3_8b,only_spectrometer,27312,109248,8692288,3100,27312,0,0.5051420002928353,5.001001999914006,5.001001999914006,8207679152,16449245888,985227773248,8207651840,2466.0282720001305,2467.559028999858
openmarcie_bicycle,cpu,distrixsense,openmarcie_bicycle__only_temperature__qwen3_8b,qwen3_8b,only_temperature,35672,142688,848064,81,28600,7072,0.23121100002754247,2.528672000182164,2.528672000182164,8207687512,16449279328,999224316992,8207651840,2462.1520710002187,2463.710748000267
openmarcie_bicycle,cpu,dense,openmarcie_bicycle__only_temperature__qwen3_8b,qwen3_8b,only_temperature,31216,124864,2226368,4324,27576,3640,0.20816100004594773,5.830481999832718,5.830481999832718,8207683056,16449261504,1335684900928,8207651840,2532.1091860000706,2534.321287000239
openmarcie_bicycle,cpu,dense_tokens,openmarcie_bicycle__only_temperature__qwen3_8b,qwen3_8b,only_temperature,33592,134368,831680,1100,27576,6016,0.19581100013965624,3.2932819999540515,3.2932819999540515,8207685432,16449271008,999224300608,8207651840,2462.1520710002187,2463.6495069994453
openmarcie_bicycle,cpu,raw,openmarcie_bicycle__only_temperature__qwen3_8b,qwen3_8b,only_temperature,31216,124864,2226368,524,31216,0,0.4554419997475634,2.890021999897453,2.890021999897453,8207683056,16449261504,1335684900928,8207651840,2532.1091860000706,2534.322966000218
openmarcie_bicycle,cpu,early_fusion,openmarcie_bicycle__only_temperature__qwen3_8b,qwen3_8b,only_temperature,27760,111040,2007232,524,27760,0,0.4438319997461804,2.8784219993355684,2.8784219993355684,8207679600,16449247680,1335684681792,8207651840,2532.1091860000706,2534.29076600014
openmarcie_bicycle,cpu,late_fusion,openmarcie_bicycle__only_temperature__qwen3_8b,qwen3_8b,only_temperature,4036,16144,229248,96,0,4036,0.023999999939405825,2.282211000024469,2.282211000024469,8190739396,16381486864,1138723760128,8190735360,2491.7344820000835,2492.1744739999667
openmarcie_bicycle,cpu,local_only,openmarcie_bicycle__only_temperature__qwen3_8b,qwen3_8b,only_temperature,4036,16144,229248,52,0,4036,0.02758999971774756,2.2434810000663505,2.2434810000663505,8190739396,16381486864,1138723760128,8190735360,2491.7344820000835,2492.180314000052
openmarcie_bicycle,cpu,bottleneck,openmarcie_bicycle__only_temperature__qwen3_8b,qwen3_8b,only_temperature,31508,126032,2242752,684,27736,3772,0.21609099985653302,2.9467609999947193,2.9467609999947193,8207683348,16449262672,1335684917312,8207651840,2532.1091860000706,2534.418965999521
openmarcie_bicycle,cpu,tokenlearner,openmarcie_bicycle__only_temperature__qwen3_8b,qwen3_8b,only_temperature,32536,130144,815296,1100,27576,4960,0.20531099971776712,3.2975819999545637,3.2975819999545637,8207684376,16449266784,999224284224,8207651840,2462.1520710002187,2463.7150670000665
openmarcie_bicycle,cpu,posthoc_vq,openmarcie_bicycle__only_temperature__qwen3_8b,qwen3_8b,only_temperature,33264,133056,2291904,192,28600,4664,0.23907100012365845,2.67733200060174,2.67733200060174,8207685104,16449269696,1335684966464,8207651840,2532.1091860000706,2534.6288679997997
openmarcie_bicycle,cpu,joint_vq,openmarcie_bicycle__only_temperature__qwen3_8b,qwen3_8b,only_temperature,35640,142560,848064,81,28600,7040,0.23010099994280608,2.6061029998635465,2.6061029998635465,8207687480,16449279200,999224316992,8207651840,2462.1520710002187,2463.797008000256
openmarcie_bicycle,cpu,deepconvlstm,openmarcie_bicycle__only_temperature__qwen3_8b,qwen3_8b,only_temperature,33284,133136,2064256,524,33284,0,0.3415020000829827,2.776202000328066,2.776202000328066,8207685124,16449269776,1335684738816,8207651840,2532.1091860000706,2534.2459160001454
openmarcie_bicycle,cpu,unrestricted_bank,openmarcie_bicycle__only_temperature__qwen3_8b,qwen3_8b,only_temperature,35672,142688,848064,81,28600,7072,0.20886999982394627,2.504641000115848,2.504641000115848,8207687512,16449279328,999224316992,8207651840,2462.1520710002187,2463.6982690003606
openmarcie_bicycle,cpu,separate_banks,openmarcie_bicycle__only_temperature__qwen3_8b,qwen3_8b,only_temperature,35672,142688,848064,81,28600,7072,0.23756100017635617,2.5360220006695133,2.5360220006695133,8207687512,16449279328,999224316992,8207651840,2462.1520710002187,2463.7202780004372
openmarcie_bicycle,cpu,fixed_resampling,openmarcie_bicycle__only_temperature__qwen3_8b,qwen3_8b,only_temperature,35672,142688,846912,81,28600,7072,0.23291099978450802,2.4553219996340747,2.4553219996340747,8207687512,16449279328,999224315840,8207651840,2462.1520710002187,2463.6246869999923
openmarcie_bicycle,cpu,finetune_encoders,openmarcie_bicycle__only_temperature__qwen3_8b,qwen3_8b,only_temperature,35672,142688,848064,81,28600,7072,0.24197099992306903,2.53877199932675,2.53877199932675,8207687512,16449279328,999224316992,8207651840,2462.1520710002187,2463.73137899991
openmarcie_bicycle,cpu,no_alignment,openmarcie_bicycle__only_temperature__qwen3_8b,qwen3_8b,only_temperature,35672,142688,848064,81,28600,7072,0.23017100011202274,2.533781999802054,2.533781999802054,8207687512,16449279328,999224316992,8207651840,2462.1520710002187,2463.751857999796
openmarcie_bicycle,cpu,no_usage,openmarcie_bicycle__only_temperature__qwen3_8b,qwen3_8b,only_temperature,35672,142688,848064,81,28600,7072,0.2281510001012066,2.528722000108141,2.528722000108141,8207687512,16449279328,999224316992,8207651840,2462.1520710002187,2463.7283879997085
openmarcie_bicycle,cpu,tcn,openmarcie_bicycle__only_temperature__qwen3_8b,qwen3_8b,only_temperature,13648,54592,821184,524,13648,0,0.34675199958655867,2.7816019987000793,2.7816019987000793,8207665488,16449191232,1335683495744,8207651840,2532.1091860000706,2534.2580960000305
openmarcie_bicycle,cpu,ts_transformer,openmarcie_bicycle__only_temperature__qwen3_8b,qwen3_8b,only_temperature,26512,106048,1869760,524,26512,0,0.38411199966503773,2.8188919999735838,2.8188919999735838,8207678352,16449242688,1335684544320,8207651840,2532.1091860000706,2534.259175999523
openmarcie_bicycle,cpu,patchtst,openmarcie_bicycle__only_temperature__qwen3_8b,qwen3_8b,only_temperature,26640,106560,1087936,524,26640,0,0.4180720002295857,2.8525520005275204,2.8525520005275204,8207678480,16449243200,985220168896,8207651840,2466.0282720001305,2467.5108689998524
openmarcie_bicycle,cpu,distrixsense,openmarcie_bicycle__only_thermal__qwen3_8b,qwen3_8b,only_thermal,72672,290688,3200064,81,28600,44072,0.22764100003769272,2.5354619997705274,2.5354619997705274,8207724512,16449427328,999226668992,8207651840,2462.1520710002187,2463.7646080000195
openmarcie_bicycle,cpu,dense,openmarcie_bicycle__only_thermal__qwen3_8b,qwen3_8b,only_thermal,68216,272864,4578368,4324,27576,40640,0.22104099980424508,5.865201999635919,5.865201999635919,8207720056,16449409504,1335687252928,8207651840,2532.1091860000706,2534.396495999772
openmarcie_bicycle,cpu,dense_tokens,openmarcie_bicycle__only_thermal__qwen3_8b,qwen3_8b,only_thermal,70592,282368,3183680,1100,27576,43016,0.1996109999709006,3.31457199990371,3.31457199990371,8207722432,16449419008,999226652608,8207651840,2462.1520710002187,2463.6493390003125
openmarcie_bicycle,cpu,raw,openmarcie_bicycle__only_thermal__qwen3_8b,qwen3_8b,only_thermal,68216,272864,4578368,15804,68216,0,0.45009199993728544,15.110881999907654,15.110881999907654,8207720056,16449409504,1335687252928,8207651840,2532.1091860000706,2534.3469670006016
openmarcie_bicycle,cpu,early_fusion,openmarcie_bicycle__only_thermal__qwen3_8b,qwen3_8b,only_thermal,48760,195040,3335232,15804,48760,0,0.4373810002107348,15.098351000096521,15.098351000096521,8207700600,16449331680,1335686009792,8207651840,2532.1091860000706,2534.335214999828
openmarcie_bicycle,cpu,late_fusion,openmarcie_bicycle__only_thermal__qwen3_8b,qwen3_8b,only_thermal,41036,164144,2581248,96,0,41036,0.023770000098011224,2.3852019999732845,2.3852019999732845,8190776396,16381634864,1124743744256,8190735360,2531.34547100035,2531.8275630002063
openmarcie_bicycle,cpu,local_only,openmarcie_bicycle__only_thermal__qwen3_8b,qwen3_8b,only_thermal,41036,164144,2581248,52,0,41036,0.029149999591027154,2.2752900001864704,2.2752900001864704,8190776396,16381634864,1124743744256,8190735360,2531.34547100035,2531.8069429999923
openmarcie_bicycle,cpu,bottleneck,openmarcie_bicycle__only_thermal__qwen3_8b,qwen3_8b,only_thermal,68508,274032,4594752,684,27736,40772,0.21223100020506536,2.9508420000375075,2.9508420000375075,8207720348,16449410672,1335687269312,8207651840,2532.1091860000706,2534.4439870000315
openmarcie_bicycle,cpu,tokenlearner,openmarcie_bicycle__only_thermal__qwen3_8b,qwen3_8b,only_thermal,69536,278144,3167296,1100,27576,41960,0.20007100010843715,3.3117920006542407,3.3117920006542407,8207721376,16449414784,999226636224,8207651840,2462.1520710002187,2463.6521480001647
openmarcie_bicycle,cpu,posthoc_vq,openmarcie_bicycle__only_thermal__qwen3_8b,qwen3_8b,only_thermal,70264,281056,4643904,192,28600,41664,0.24588099995526136,2.6829220001476584,2.6829220001476584,8207722104,16449417696,1335687318464,8207651840,2532.1091860000706,2534.498636000535
openmarcie_bicycle,cpu,joint_vq,openmarcie_bicycle__only_thermal__qwen3_8b,qwen3_8b,only_thermal,72640,290560,3200064,81,28600,44040,0.22857099975226447,2.6211929994423233,2.6211929994423233,8207724480,16449427200,999226668992,8207651840,2462.1520710002187,2463.795518000552
openmarcie_bicycle,cpu,deepconvlstm,openmarcie_bicycle__only_thermal__qwen3_8b,qwen3_8b,only_thermal,70284,281136,4416256,15804,70284,0,0.3498420001051272,15.010661999303487,15.010661999303487,8207722124,16449417776,1335687090816,8207651840,2532.1091860000706,2534.238964999986
openmarcie_bicycle,cpu,unrestricted_bank,openmarcie_bicycle__only_thermal__qwen3_8b,qwen3_8b,only_thermal,72672,290688,3200064,81,28600,44072,0.21346099993024836,2.536871999865875,2.536871999865875,8207724512,16449427328,999226668992,8207651840,2462.1520710002187,2463.7221480002154
openmarcie_bicycle,cpu,separate_banks,openmarcie_bicycle__only_thermal__qwen3_8b,qwen3_8b,only_thermal,72672,290688,3200064,81,28600,44072,0.22998100030235946,2.544942000469641,2.544942000469641,8207724512,16449427328,999226668992,8207651840,2462.1520710002187,2463.7556090001453
openmarcie_bicycle,cpu,fixed_resampling,openmarcie_bicycle__only_thermal__qwen3_8b,qwen3_8b,only_thermal,72672,290688,2126912,81,28600,44072,0.22713099997417885,2.4617720000895904,2.4617720000895904,8207724512,16449427328,999225595840,8207651840,2462.1520710002187,2463.6753470003896
openmarcie_bicycle,cpu,finetune_encoders,openmarcie_bicycle__only_thermal__qwen3_8b,qwen3_8b,only_thermal,72672,290688,3200064,81,28600,44072,0.355831999968359,2.6699830000615155,2.6699830000615155,8207724512,16449427328,999226668992,8207651840,2462.1520710002187,2463.7458180000067
openmarcie_bicycle,cpu,no_alignment,openmarcie_bicycle__only_thermal__qwen3_8b,qwen3_8b,only_thermal,72672,290688,3200064,81,28600,44072,0.22638100017502438,2.542963000934728,2.542963000934728,8207724512,16449427328,999226668992,8207651840,2462.1520710002187,2463.739627999985
openmarcie_bicycle,cpu,no_usage,openmarcie_bicycle__only_thermal__qwen3_8b,qwen3_8b,only_thermal,72672,290688,3200064,81,28600,44072,0.23228100008054753,2.5495620002692565,2.5495620002692565,8207724512,16449427328,999226668992,8207651840,2462.1520710002187,2463.7511580003775
openmarcie_bicycle,cpu,tcn,openmarcie_bicycle__only_thermal__qwen3_8b,qwen3_8b,only_thermal,34648,138592,2149184,15804,34648,0,0.35151099973518285,15.012200999853597,15.012200999853597,8207686488,16449275232,1335684823744,8207651840,2532.1091860000706,2534.2479559999447
openmarcie_bicycle,cpu,ts_transformer,openmarcie_bicycle__only_thermal__qwen3_8b,qwen3_8b,only_thermal,47512,190048,3197760,15804,47512,0,0.3966620001847332,15.057322000165662,15.057322000165662,8207699352,16449326688,1335685872320,8207651840,2532.1091860000706,2534.3077760003325
openmarcie_bicycle,cpu,patchtst,openmarcie_bicycle__only_thermal__qwen3_8b,qwen3_8b,only_thermal,43640,174560,47183936,15804,43640,0,0.7100130001163052,15.370913000287622,15.370913000287622,8207695480,16449311200,985266264896,8207651840,2466.0282720001305,2467.8221700000904
openmarcie_printer,cpu,distrixsense,openmarcie_printer__all__qwen3_8b,qwen3_8b,all,1379624,5518496,97098432,1634,48184,1331440,0.9421740001016587,3.6718169999712496,32.6562059995056,8209031464,16454655136,3538109470784,8207651840,3057.4444849999054,3069.3504900000335
openmarcie_printer,cpu,dense,openmarcie_printer__all__qwen3_8b,qwen3_8b,all,1294960,5179840,207336128,82156,28728,1266232,2.3312809998969897,11.699172999813053,97.41356799934515,8208946800,16454316480,10143960732736,8207651840,5068.111889000193,5093.730786999913
openmarcie_printer,cpu,dense_tokens,openmarcie_printer__all__qwen3_8b,qwen3_8b,all,1340104,5360416,96787136,20900,28728,1311376,0.7513939999626018,5.039058000363875,47.703707999144825,8208991944,16454497056,3538109159488,8207651840,3057.4444849999054,3068.301359999623
openmarcie_printer,cpu,raw,openmarcie_printer__all__qwen3_8b,qwen3_8b,all,1294960,5179840,207336128,965612,1294960,0,5.082935999780602,319.668696999487,803.9648279979766,8208946800,16454316480,10143960732736,8207651840,5068.111889000193,5093.451937000282
openmarcie_printer,cpu,early_fusion,openmarcie_printer__all__qwen3_8b,qwen3_8b,all,901168,3604672,57498304,965612,901168,0,2.5328030001219304,317.12395399967033,801.4254850001699,8208553008,16452741312,1840485604416,8207651840,2639.4097849997706,2644.352178999725
openmarcie_printer,cpu,late_fusion,openmarcie_printer__all__qwen3_8b,qwen3_8b,all,1273756,5095024,80640768,1824,0,1273756,0.12121999998271349,2.73079200003703,31.117925001059792,8192009116,16386565744,1628930225408,8190735360,2603.7416199997097,2607.9408689997763
openmarcie_printer,cpu,local_only,openmarcie_printer__all__qwen3_8b,qwen3_8b,all,1273756,5095024,80640768,988,0,1273756,0.18631100010679802,2.8311549994968694,31.08244799911531,8192009116,16386565744,1628930225408,8190735360,2603.7416199997097,2608.133608999651
openmarcie_printer,cpu,bottleneck,openmarcie_printer__all__qwen3_8b,qwen3_8b,all,1300508,5202032,207647424,12996,31768,1268740,2.2600099996452627,5.8602529998007,42.593019000230484,8208952348,16454338672,10143961044032,8207651840,5068.111889000193,5094.819776999884
openmarcie_printer,cpu,tokenlearner,openmarcie_printer__all__qwen3_8b,qwen3_8b,all,1320040,5280160,96475840,20900,28728,1291312,0.7487130001209152,5.022765000319632,47.58105099980705,8208971880,16454416800,3538108848192,8207651840,3057.4444849999054,3068.458434999684
openmarcie_printer,cpu,posthoc_vq,openmarcie_printer__all__qwen3_8b,qwen3_8b,all,1567344,6269376,208581312,4028,48184,1519160,2.3972300000423274,5.404322999942105,36.80086399937989,8209219184,16455406016,10143961977920,8207651840,5068.111889000193,5096.4471950005645
openmarcie_printer,cpu,joint_vq,openmarcie_printer__all__qwen3_8b,qwen3_8b,all,1612488,6449952,97098432,1634,48184,1564304,0.9590839999873424,3.816857999967376,33.92377900081991,8209264328,16455586592,3538109470784,8207651840,3057.4444849999054,3070.425353000246
openmarcie_printer,cpu,deepconvlstm,openmarcie_printer__all__qwen3_8b,qwen3_8b,all,1239428,4957712,78923008,965612,1239428,0,2.5109610000981775,317.09939099977316,801.4003520017533,8208891268,16454094352,1840507029120,8207651840,2639.4097849997706,2644.262995999725
openmarcie_printer,cpu,unrestricted_bank,openmarcie_printer__all__qwen3_8b,qwen3_8b,all,1740776,6963104,102701760,1634,48184,1692592,0.8044440000958275,3.5468779997554316,32.61541799884506,8209392616,16456099744,3538115074112,8207651840,3057.4444849999054,3069.132537999849
openmarcie_printer,cpu,separate_banks,openmarcie_printer__all__qwen3_8b,qwen3_8b,all,1379624,5518496,97098432,1634,48184,1331440,0.9762550002960779,3.703437999805808,32.70759699990302,8209031464,16454655136,3538109470784,8207651840,3057.4444849999054,3069.1672960001597
openmarcie_printer,cpu,fixed_resampling,openmarcie_printer__all__qwen3_8b,qwen3_8b,all,1379624,5518496,46995648,1634,48184,1331440,0.9483839999120391,3.5462760002101072,31.256544999455205,8209031464,16454655136,3538059368000,8207651840,3057.4444849999054,3067.64013899965
openmarcie_printer,cpu,finetune_encoders,openmarcie_printer__all__qwen3_8b,qwen3_8b,all,1379624,5518496,97098432,1634,48184,1331440,0.9414440000909963,3.6747970007436175,32.68165399959324,8209031464,16454655136,3538109470784,8207651840,3057.4444849999054,3069.1814270003306
openmarcie_printer,cpu,no_alignment,openmarcie_printer__all__qwen3_8b,qwen3_8b,all,1379624,5518496,97098432,1634,48184,1331440,0.9444040001653775,3.675717000109196,32.68330600213156,8209031464,16454655136,3538109470784,8207651840,3057.4444849999054,3069.2307279996385
openmarcie_printer,cpu,no_usage,openmarcie_printer__all__qwen3_8b,qwen3_8b,all,1379624,5518496,97098432,1634,48184,1331440,0.9518940000816656,3.6881360001952794,32.71090400040046,8209031464,16454655136,3538109470784,8207651840,3057.4444849999054,3070.0502199997572
openmarcie_printer,cpu,tcn,openmarcie_printer__all__qwen3_8b,qwen3_8b,all,886480,3545920,56312256,965612,886480,0,2.420821000214346,317.0010409998566,801.295562000366,8208538320,16452682560,1840484418368,8207651840,2639.4097849997706,2644.211986999835
openmarcie_printer,cpu,ts_transformer,openmarcie_printer__all__qwen3_8b,qwen3_8b,all,899344,3597376,57360832,965612,899344,0,2.444831000047998,317.0277819999127,801.3264919997774,8208551184,16452734016,1840485466944,8207651840,2639.4097849997706,2644.263726999725
openmarcie_printer,cpu,patchtst,openmarcie_printer__all__qwen3_8b,qwen3_8b,all,815280,3261120,992372416,965612,815280,0,6.858289999854605,321.4411309999731,805.7296519993607,8208467120,16452397760,1489895201728,8207651840,2564.8529459999736,2573.3934549998594
openmarcie_printer,cpu,distrixsense,openmarcie_printer__only_audio__qwen3_8b,qwen3_8b,only_audio,740836,2963344,46156160,164,29688,711148,0.2717009997468267,2.6855919994287483,5.079003000144631,8208392676,16452099984,1139310752256,8207651840,2491.7344820000835,2494.148034000318
openmarcie_printer,cpu,dense,openmarcie_printer__only_audio__qwen3_8b,qwen3_8b,only_audio,731924,2927696,49404288,8648,27640,704284,0.2606709999781742,5.994062000222347,11.709043000073033,8208383764,16452064336,1813478119936,8207651840,2646.493525999631,2650.3693330000715
openmarcie_printer,cpu,dense_tokens,openmarcie_printer__only_audio__qwen3_8b,qwen3_8b,only_audio,736676,2946704,46123392,2200,27640,709036,0.28997200024605263,3.8537660002429037,7.141947000481887,8208388516,16452083344,1139310719488,8207651840,2491.7344820000835,2495.1786369997535
openmarcie_printer,cpu,raw,openmarcie_printer__only_audio__qwen3_8b,qwen3_8b,only_audio,731924,2927696,49404288,780968,731924,0,0.8564140002818021,315.3294560005987,629.7514370006663,8208383764,16452064336,1813478119936,8207651840,2646.493525999631,2652.003080999293
openmarcie_printer,cpu,early_fusion,openmarcie_printer__only_audio__qwen3_8b,qwen3_8b,only_audio,594164,2376656,38121856,780968,594164,0,0.7646629996997945,315.23897399932946,629.6593539995026,8208246004,16451513296,1363722101248,8207651840,2552.962512999784,2555.755096000212
openmarcie_printer,cpu,late_fusion,openmarcie_printer__only_audio__qwen3_8b,qwen3_8b,only_audio,705076,2820304,44935936,192,0,705076,0.029770000310236355,2.408771000377962,4.765582000464195,8191440436,16384291024,1152752014336,8190735360,2535.1087139997617,2535.9977579996666
openmarcie_printer,cpu,local_only,openmarcie_printer__only_audio__qwen3_8b,qwen3_8b,only_audio,705076,2820304,44935936,104,0,705076,0.0370699999621138,2.4072020003290904,4.747233000248309,8191440436,16384291024,1152752014336,8190735360,2535.1087139997617,2536.0607089996847
openmarcie_printer,cpu,bottleneck,openmarcie_printer__only_audio__qwen3_8b,qwen3_8b,only_audio,732508,2930032,49437056,1368,27960,704548,0.3726509999069094,3.340692999946466,6.277573999834253,8208384348,16452066672,1813478152704,8207651840,2646.493525999631,2652.1392219997324
openmarcie_printer,cpu,tokenlearner,openmarcie_printer__only_audio__qwen3_8b,qwen3_8b,only_audio,734564,2938256,46090624,2200,27640,706924,0.2327009997316054,3.8593640001589664,7.0620259998484105,8208386404,16452074896,1139310686720,8207651840,2491.7344820000835,2493.985972000246
openmarcie_printer,cpu,posthoc_vq,openmarcie_printer__only_audio__qwen3_8b,qwen3_8b,only_audio,738068,2952272,49535360,392,29688,708380,0.31187200011117966,2.858142999946064,5.384144999947742,8208389908,16452088912,1813478251008,8207651840,2646.493525999631,2651.129555999887
openmarcie_printer,cpu,joint_vq,openmarcie_printer__only_audio__qwen3_8b,qwen3_8b,only_audio,742820,2971280,46156160,164,29688,713132,0.2673220001270238,2.749713000261277,5.209394000456278,8208394660,16452107920,1139310752256,8207651840,2491.7344820000835,2494.253292999474
openmarcie_printer,cpu,deepconvlstm,openmarcie_printer__only_audio__qwen3_8b,qwen3_8b,only_audio,730792,2923168,46573568,780968,730792,0,0.6609429997297411,315.1275629997498,629.5449229995736,8208382632,16452059808,1363730552960,8207651840,2552.962512999784,2556.630909999967
openmarcie_printer,cpu,unrestricted_bank,openmarcie_printer__only_audio__qwen3_8b,qwen3_8b,only_audio,742948,2971792,46188928,164,29688,713260,0.23616099997525453,2.656882999721443,5.0484949999083355,8208394788,16452108432,1139310785024,8207651840,2491.7344820000835,2494.116782999754
openmarcie_printer,cpu,separate_banks,openmarcie_printer__only_audio__qwen3_8b,qwen3_8b,only_audio,740836,2963344,46156160,164,29688,711148,0.2744510002230527,2.68715200066627,5.072234000334184,8208392676,16452099984,1139310752256,8207651840,2491.7344820000835,2494.1245840000192
openmarcie_printer,cpu,fixed_resampling,openmarcie_printer__only_audio__qwen3_8b,qwen3_8b,only_audio,740836,2963344,12141696,164,29688,711148,0.2710809999371122,2.5576119999951565,4.814432999563188,8208392676,16452099984,1139276737792,8207651840,2491.7344820000835,2493.8291419998677
openmarcie_printer,cpu,finetune_encoders,openmarcie_printer__only_audio__qwen3_8b,qwen3_8b,only_audio,740836,2963344,46156160,164,29688,711148,0.33014100017680903,2.7550029997965844,5.139284999739367,8208392676,16452099984,1139310752256,8207651840,2491.7344820000835,2494.1319120002845
openmarcie_printer,cpu,no_alignment,openmarcie_printer__only_audio__qwen3_8b,qwen3_8b,only_audio,740836,2963344,46156160,164,29688,711148,0.29661200005648425,2.711143000246107,5.095794000379293,8208392676,16452099984,1139310752256,8207651840,2491.7344820000835,2495.041137000044
openmarcie_printer,cpu,no_usage,openmarcie_printer__only_audio__qwen3_8b,qwen3_8b,only_audio,740836,2963344,46156160,164,29688,711148,0.2717410002333054,2.7335130001430166,5.139475000003777,8208392676,16452099984,1139310752256,8207651840,2491.7344820000835,2494.092503000047
openmarcie_printer,cpu,tcn,openmarcie_printer__only_audio__qwen3_8b,qwen3_8b,only_audio,580020,2320080,36935808,780968,580020,0,0.6404330001714698,315.10928300025523,629.5290730003014,8208231860,16451456720,1363720915200,8207651840,2552.962512999784,2555.4905439998947
openmarcie_printer,cpu,ts_transformer,openmarcie_printer__only_audio__qwen3_8b,qwen3_8b,only_audio,592884,2371536,37984384,780968,592884,0,0.6862830000500253,315.15394400042976,629.5746040003703,8208244724,16451508176,1363721963776,8207651840,2552.962512999784,2555.5059840003196
openmarcie_printer,cpu,patchtst,openmarcie_printer__only_audio__qwen3_8b,qwen3_8b,only_audio,560180,2240720,404298112,780968,560180,0,2.420281000013347,316.89224100040417,631.3134020000487,8208212020,16451377360,1013565701504,8207651840,2533.5387370000717,2537.2792250000202
openmarcie_printer,cpu,distrixsense,openmarcie_printer__only_barometer__qwen3_8b,qwen3_8b,only_barometer,35502,142008,837312,81,28600,6902,0.22629100021731574,2.532591999653855,2.532591999653855,8207687342,16449278648,999224306240,8207651840,2462.1520710002187,2463.781329000085
openmarcie_printer,cpu,dense,openmarcie_printer__only_barometer__qwen3_8b,qwen3_8b,only_barometer,31046,124184,2215616,4324,27576,3470,0.21389099993029959,5.837322000256553,5.837322000256553,8207682886,16449260824,1335684890176,8207651840,2532.1091860000706,2534.3993060000685
openmarcie_printer,cpu,dense_tokens,openmarcie_printer__only_barometer__qwen3_8b,qwen3_8b,only_barometer,33422,133688,820928,1100,27576,5846,0.19250100012868643,3.2903420001229096,3.2903420001229096,8207685262,16449270328,999224289856,8207651840,2462.1520710002187,2463.6950780000006
openmarcie_printer,cpu,raw,openmarcie_printer__only_barometer__qwen3_8b,qwen3_8b,only_barometer,31046,124184,2215616,404,31046,0,0.43264200030534994,2.7711620001802686,2.7711620001802686,8207682886,16449260824,1335684890176,8207651840,2532.1091860000706,2534.4105670001227
openmarcie_printer,cpu,early_fusion,openmarcie_printer__only_barometer__qwen3_8b,qwen3_8b,only_barometer,27718,110872,2004672,404,27718,0,0.45958200007589767,2.8002619998453184,2.8002619998453184,8207679558,16449247512,1335684679232,8207651840,2532.1091860000706,2534.3849569999293
openmarcie_printer,cpu,late_fusion,openmarcie_printer__only_barometer__qwen3_8b,qwen3_8b,only_barometer,3866,15464,218496,96,0,3866,0.023909999981697183,2.281160999759956,2.281160999759956,8190739226,16381486184,1124741381504,8190735360,2531.34547100035,2531.798863000404
openmarcie_printer,cpu,local_only,openmarcie_printer__only_barometer__qwen3_8b,qwen3_8b,only_barometer,3866,15464,218496,52,0,3866,0.027999999929306796,2.2468719996754603,2.2468719996754603,8190739226,16381486184,1124741381504,8190735360,2531.34547100035,2531.8128039998555
openmarcie_printer,cpu,bottleneck,openmarcie_printer__only_barometer__qwen3_8b,qwen3_8b,only_barometer,31338,125352,2232000,684,27736,3602,0.2602810000098543,2.9819320000306355,2.9819320000306355,8207683178,16449261992,1335684906560,8207651840,2532.1091860000706,2534.527998000158
openmarcie_printer,cpu,tokenlearner,openmarcie_printer__only_barometer__qwen3_8b,qwen3_8b,only_barometer,32366,129464,804544,1100,27576,4790,0.19164099967383663,3.2897920000276644,3.2897920000276644,8207684206,16449266104,999224273472,8207651840,2462.1520710002187,2463.7946980005836
openmarcie_printer,cpu,posthoc_vq,openmarcie_printer__only_barometer__qwen3_8b,qwen3_8b,only_barometer,33094,132376,2281152,192,28600,4494,0.24144100007106317,2.6689420001988706,2.6689420001988706,8207684934,16449269016,1335684955712,8207651840,2532.1091860000706,2534.578326999963
openmarcie_printer,cpu,joint_vq,openmarcie_printer__only_barometer__qwen3_8b,qwen3_8b,only_barometer,35470,141880,837312,81,28600,6870,0.25646099993537064,2.6550829998376546,2.6550829998376546,8207687310,16449278520,999224306240,8207651840,2462.1520710002187,2463.8731280001593
openmarcie_printer,cpu,deepconvlstm,openmarcie_printer__only_barometer__qwen3_8b,qwen3_8b,only_barometer,33114,132456,2053504,404,33114,0,0.44812200030719396,2.7863720003089867,2.7863720003089867,8207684954,16449269096,1335684728064,8207651840,2532.1091860000706,2534.692017999987
openmarcie_printer,cpu,unrestricted_bank,openmarcie_printer__only_barometer__qwen3_8b,qwen3_8b,only_barometer,35502,142008,837312,81,28600,6902,0.23978100034582894,2.554732000164117,2.554732000164117,8207687342,16449278648,999224306240,8207651840,2462.1520710002187,2464.8549829998956
openmarcie_printer,cpu,separate_banks,openmarcie_printer__only_barometer__qwen3_8b,qwen3_8b,only_barometer,35502,142008,837312,81,28600,6902,0.2852609995898092,2.6175819994313176,2.6175819994313176,8207687342,16449278648,999224306240,8207651840,2462.1520710002187,2463.9437390005696
openmarcie_printer,cpu,fixed_resampling,openmarcie_printer__only_barometer__qwen3_8b,qwen3_8b,only_barometer,35502,142008,836672,81,28600,6902,0.2556409999669995,2.500161999734596,2.500161999734596,8207687342,16449278648,999224305600,8207651840,2462.1520710002187,2463.7589480003044
openmarcie_printer,cpu,finetune_encoders,openmarcie_printer__only_barometer__qwen3_8b,qwen3_8b,only_barometer,35502,142008,837312,81,28600,6902,0.2320220000910922,2.5328230003941687,2.5328230003941687,8207687342,16449278648,999224306240,8207651840,2462.1520710002187,2463.851008000347
openmarcie_printer,cpu,no_alignment,openmarcie_printer__only_barometer__qwen3_8b,qwen3_8b,only_barometer,35502,142008,837312,81,28600,6902,0.2270310001222242,2.5409730001519026,2.5409730001519026,8207687342,16449278648,999224306240,8207651840,2462.1520710002187,2463.8210180005444
openmarcie_printer,cpu,no_usage,openmarcie_printer__only_barometer__qwen3_8b,qwen3_8b,only_barometer,35502,142008,837312,81,28600,6902,0.24027099971135613,2.539941999686457,2.539941999686457,8207687342,16449278648,999224306240,8207651840,2462.1520710002187,2463.8020390002566
openmarcie_printer,cpu,tcn,openmarcie_printer__only_barometer__qwen3_8b,qwen3_8b,only_barometer,13606,54424,818624,404,13606,0,0.34336099997744896,2.6818809998523676,2.6818809998523676,8207665446,16449191064,1335683493184,8207651840,2532.1091860000706,2534.3694660000438
openmarcie_printer,cpu,ts_transformer,openmarcie_printer__only_barometer__qwen3_8b,qwen3_8b,only_barometer,26470,105880,1867200,404,26470,0,0.398772000153258,2.7370520007472834,2.7370520007472834,8207678310,16449242520,1335684541760,8207651840,2532.1091860000706,2534.432546000062
openmarcie_printer,cpu,patchtst,openmarcie_printer__only_barometer__qwen3_8b,qwen3_8b,only_barometer,26630,106520,727232,404,26630,0,0.41373200019734213,2.752202000601031,2.752202000601031,8207678470,16449243160,985219808192,8207651840,2466.0282720001305,2467.5633379997635
openmarcie_printer,cpu,distrixsense,openmarcie_printer__only_depth__qwen3_8b,qwen3_8b,only_depth,161384,645536,10716544,504,34040,127344,0.4369009998299589,2.7967129998965423,14.252778000019394,8207813224,16449782176,1700619469312,8207651840,2620.595711000078,2625.247201000093
openmarcie_printer,cpu,dense,openmarcie_printer__only_depth__qwen3_8b,qwen3_8b,only_depth,134648,538592,26359168,25944,27896,106752,0.5285430002004432,6.19573400022522,34.292306999876416,8207786488,16449675232,3738075970048,8207651840,3224.635591000151,3233.2201690005604
openmarcie_printer,cpu,dense_tokens,openmarcie_printer__only_depth__qwen3_8b,qwen3_8b,only_depth,148904,595616,10618240,6600,27896,121008,0.3447220001362439,3.484313000167167,18.94620800018791,8207800744,16449732256,1700619371008,8207651840,2620.595711000078,2625.24976099985
openmarcie_printer,cpu,raw,openmarcie_printer__only_depth__qwen3_8b,qwen3_8b,only_depth,134648,538592,26359168,38376,134648,0,1.4949259998502384,8.657895999982644,44.28682599958613,8207786488,16449675232,3738075970048,8207651840,3224.635591000151,3233.0241380004736
openmarcie_printer,cpu,early_fusion,openmarcie_printer__only_depth__qwen3_8b,qwen3_8b,only_depth,66904,267616,4443520,38376,66904,0,0.9611139998924045,8.128513999560015,43.75787500051722,8207718744,16449404256,1475740828160,8207651840,2575.5095930003336,2578.4898160009107
openmarcie_printer,cpu,late_fusion,openmarcie_printer__only_depth__qwen3_8b,qwen3_8b,only_depth,109128,436512,6763008,576,0,109128,0.05083999985799892,2.3526999999059597,13.611353999650582,8190844488,16381907232,1264624688896,8190735360,2519.029462999697,2520.5112499997995
openmarcie_printer,cpu,local_only,openmarcie_printer__only_depth__qwen3_8b,qwen3_8b,only_depth,109128,436512,6763008,312,0,109128,0.07360100016740034,2.356101999582717,13.454007000386708,8190844488,16381907232,1264624688896,8190735360,2519.029462999697,2520.557178999752
openmarcie_printer,cpu,bottleneck,openmarcie_printer__only_depth__qwen3_8b,qwen3_8b,only_depth,136400,545600,26457472,4104,28856,107544,0.7124129997464479,3.513963999713294,17.25822900073232,8207788240,16449682240,3738076068352,8207651840,3224.635591000151,3234.382055000424
openmarcie_printer,cpu,tokenlearner,openmarcie_printer__only_depth__qwen3_8b,qwen3_8b,only_depth,142568,570272,10519936,6600,27896,114672,0.34510099976614583,3.482112000251509,18.908708000225744,8207794408,16449706912,1700619272704,8207651840,2620.595711000078,2624.828838999747
openmarcie_printer,cpu,posthoc_vq,openmarcie_printer__only_depth__qwen3_8b,qwen3_8b,only_depth,177656,710624,26752384,1224,34040,143616,0.6059529996491619,3.0928539997194484,15.21303999946236,8207829496,16449847264,3738076363264,8207651840,3224.635591000151,3234.203053999863
openmarcie_printer,cpu,joint_vq,openmarcie_printer__only_depth__qwen3_8b,qwen3_8b,only_depth,191912,767648,10716544,504,34040,157872,0.42329200005042367,2.8556930000727765,14.649920999664833,8207843752,16449904288,1700619469312,8207651840,2620.595711000078,2625.6034330003786
openmarcie_printer,cpu,deepconvlstm,openmarcie_printer__only_depth__qwen3_8b,qwen3_8b,only_depth,120716,482864,7611136,38376,120716,0,0.882853999883082,8.047594999476347,43.67811499954534,8207772556,16449619504,1475743995776,8207651840,2575.5095930003336,2578.436177000185
openmarcie_printer,cpu,unrestricted_bank,openmarcie_printer__only_depth__qwen3_8b,qwen3_8b,only_depth,193064,772256,11208064,504,34040,159024,0.4740620001939533,2.9015530003003254,14.617177999872442,8207844904,16449908896,1700619960832,8207651840,2620.595711000078,2625.1004010000543
openmarcie_printer,cpu,separate_banks,openmarcie_printer__only_depth__qwen3_8b,qwen3_8b,only_depth,161384,645536,10716544,504,34040,127344,0.43585200000961777,2.785823000011576,14.237799999256172,8207813224,16449782176,1700619469312,8207651840,2620.595711000078,2625.2017500000875
openmarcie_printer,cpu,fixed_resampling,openmarcie_printer__only_depth__qwen3_8b,qwen3_8b,only_depth,161384,645536,9069952,504,34040,127344,0.4282119998606504,2.7020030001390727,13.779215999994708,8207813224,16449782176,1700617822720,8207651840,2620.595711000078,2624.6573379999063
openmarcie_printer,cpu,finetune_encoders,openmarcie_printer__only_depth__qwen3_8b,qwen3_8b,only_depth,161384,645536,10716544,504,34040,127344,0.4211820000818989,2.7787839998732555,14.257809000019993,8207813224,16449782176,1700619469312,8207651840,2620.595711000078,2625.176050999926
openmarcie_printer,cpu,no_alignment,openmarcie_printer__only_depth__qwen3_8b,qwen3_8b,only_depth,161384,645536,10716544,504,34040,127344,0.41825200014500297,2.769533000390354,14.219108000025958,8207813224,16449782176,1700619469312,8207651840,2620.595711000078,2625.155930999881
openmarcie_printer,cpu,no_usage,openmarcie_printer__only_depth__qwen3_8b,qwen3_8b,only_depth,161384,645536,10716544,504,34040,127344,0.42264200010322384,2.7788920000953543,14.228996999582964,8207813224,16449782176,1700619469312,8207651840,2620.595711000078,2625.1712019993647
openmarcie_printer,cpu,tcn,openmarcie_printer__only_depth__qwen3_8b,qwen3_8b,only_depth,52632,210528,3257472,38376,52632,0,0.8921740000005229,8.055194000058906,43.68478499994801,8207704472,16449347168,1475739642112,8207651840,2575.5095930003336,2578.3631260005677
openmarcie_printer,cpu,ts_transformer,openmarcie_printer__only_depth__qwen3_8b,qwen3_8b,only_depth,65496,261984,4306048,38376,65496,0,0.9175139998660597,8.079993999268696,43.70926399936927,8207717336,16449398624,1475740690688,8207651840,2575.5095930003336,2578.3913660006874
openmarcie_printer,cpu,patchtst,openmarcie_printer__only_depth__qwen3_8b,qwen3_8b,only_depth,53272,213088,139966848,38376,53272,0,1.6278969997074455,8.791176999289961,44.42015800017309,8207705112,16449349728,1125117845888,8207651840,2531.34547100035,2534.1764440008774
openmarcie_printer,cpu,distrixsense,openmarcie_printer__only_imu__qwen3_8b,qwen3_8b,only_imu,50224,200896,2083456,164,29688,20536,0.2763409997896815,2.588891999797948,4.8790029992853405,8207702064,16449337536,1139266679552,8207651840,2491.7344820000835,2493.961591000243
openmarcie_printer,cpu,dense,openmarcie_printer__only_imu__qwen3_8b,qwen3_8b,only_imu,41312,165248,5331584,8648,27640,13672,0.2617220002321119,5.900803000126634,11.526783000326285,8207693152,16449301888,1813434047232,8207651840,2646.493525999631,2649.9629219997587
openmarcie_printer,cpu,dense_tokens,openmarcie_printer__only_imu__qwen3_8b,qwen3_8b,only_imu,46064,184256,2050688,2200,27640,18424,0.22662099991066498,3.3526120005216216,6.4446530009170235,8207697904,16449320896,1139266646784,8207651840,2491.7344820000835,2493.788312000106
openmarcie_printer,cpu,raw,openmarcie_printer__only_imu__qwen3_8b,qwen3_8b,only_imu,41312,165248,5331584,30888,41312,0,0.6284430000960128,15.00776300058536,29.37386300081932,8207693152,16449301888,1813434047232,8207651840,2646.493525999631,2649.952661000043
openmarcie_printer,cpu,early_fusion,openmarcie_printer__only_imu__qwen3_8b,qwen3_8b,only_imu,30016,120064,2142848,30888,30016,0,0.5690019997928175,14.949141999795788,29.31619199998756,8207681856,16449256704,1363686122240,8207651840,2552.962512999784,2555.3627639997103
openmarcie_printer,cpu,late_fusion,openmarcie_printer__only_imu__qwen3_8b,qwen3_8b,only_imu,14464,57856,863232,192,0,14464,0.029750000066997018,2.301601000513253,4.555092000491999,8190749824,16381528576,1152707941632,8190735360,2535.1087139997617,2535.7761870000104
openmarcie_printer,cpu,local_only,openmarcie_printer__only_imu__qwen3_8b,qwen3_8b,only_imu,14464,57856,863232,104,0,14464,0.037179999708314426,2.2716809996995666,4.485100999804638,8190749824,16381528576,1152707941632,8190735360,2535.1087139997617,2535.8102769992
openmarcie_printer,cpu,bottleneck,openmarcie_printer__only_imu__qwen3_8b,qwen3_8b,only_imu,41896,167584,5364352,1368,27960,13936,0.2826509999067639,3.0263120004483675,5.752092000459065,8207693736,16449304224,1813434080000,8207651840,2646.493525999631,2650.0152109992996
openmarcie_printer,cpu,tokenlearner,openmarcie_printer__only_imu__qwen3_8b,qwen3_8b,only_imu,43952,175808,2017920,2200,27640,16312,0.22249099993132404,3.335622000117728,6.427843000428547,8207695792,16449312448,1139266614016,8207651840,2491.7344820000835,2493.79035200036
openmarcie_printer,cpu,posthoc_vq,openmarcie_printer__only_imu__qwen3_8b,qwen3_8b,only_imu,47456,189824,5462656,392,29688,17768,0.3059210002902546,2.757331999680243,5.183912999268208,8207699296,16449326464,1813434178304,8207651840,2646.493525999631,2650.314302999959
openmarcie_printer,cpu,joint_vq,openmarcie_printer__only_imu__qwen3_8b,qwen3_8b,only_imu,52208,208832,2083456,164,29688,22520,0.26520099982008105,2.6694819997229438,5.040772999262309,8207704048,16449345472,1139266679552,8207651840,2491.7344820000835,2494.014461000006
openmarcie_printer,cpu,deepconvlstm,openmarcie_printer__only_imu__qwen3_8b,qwen3_8b,only_imu,40180,160720,2500864,30888,40180,0,0.4496520000429882,14.828511999940051,29.19445199959234,8207692020,16449297360,1363686480256,8207651840,2552.962512999784,2555.255892999867
openmarcie_printer,cpu,unrestricted_bank,openmarcie_printer__only_imu__qwen3_8b,qwen3_8b,only_imu,52336,209344,2116224,164,29688,22648,0.24355100003958796,2.5610920000272976,4.857602999589481,8207704176,16449345984,1139266712320,8207651840,2491.7344820000835,2493.872571000338
openmarcie_printer,cpu,separate_banks,openmarcie_printer__only_imu__qwen3_8b,qwen3_8b,only_imu,50224,200896,2083456,164,29688,20536,0.27172099999006605,2.5883120000199646,4.884612999983993,8207702064,16449337536,1139266679552,8207651840,2491.7344820000835,2493.909440999687
openmarcie_printer,cpu,fixed_resampling,openmarcie_printer__only_imu__qwen3_8b,qwen3_8b,only_imu,50224,200896,2024576,164,29688,20536,0.26589100025375956,2.5121410002012503,4.740140999882179,8207702064,16449337536,1139266620672,8207651840,2491.7344820000835,2493.7292910003634
openmarcie_printer,cpu,finetune_encoders,openmarcie_printer__only_imu__qwen3_8b,qwen3_8b,only_imu,50224,200896,2083456,164,29688,20536,0.2643409998199786,2.577451999817736,4.873162999654788,8207702064,16449337536,1139266679552,8207651840,2491.7344820000835,2493.893172999833
openmarcie_printer,cpu,no_alignment,openmarcie_printer__only_imu__qwen3_8b,qwen3_8b,only_imu,50224,200896,2083456,164,29688,20536,0.27403200010667206,2.685683000285376,4.98188400039745,8207702064,16449337536,1139266679552,8207651840,2491.7344820000835,2493.8501910000923
openmarcie_printer,cpu,no_usage,openmarcie_printer__only_imu__qwen3_8b,qwen3_8b,only_imu,50224,200896,2083456,164,29688,20536,0.2650210003594111,2.578682000452414,4.874153000553825,8207702064,16449337536,1139266679552,8207651840,2491.7344820000835,2493.856502000199
openmarcie_printer,cpu,tcn,openmarcie_printer__only_imu__qwen3_8b,qwen3_8b,only_imu,15872,63488,956800,30888,15872,0,0.5033319998801744,14.883372000485938,29.250482000497932,8207667712,16449200128,1363684936192,8207651840,2552.962512999784,2555.255653000131
openmarcie_printer,cpu,ts_transformer,openmarcie_printer__only_imu__qwen3_8b,qwen3_8b,only_imu,28736,114944,2005376,30888,28736,0,0.5073930001344706,14.88756299982018,29.25455299973698,8207680576,16449251584,1363685984768,8207651840,2552.962512999784,2555.271472999266
openmarcie_printer,cpu,patchtst,openmarcie_printer__only_imu__qwen3_8b,qwen3_8b,only_imu,27648,110592,14472832,30888,27648,0,1.0112240001944883,15.400255000304274,29.771615000390803,8207679488,16449247232,1013175876224,8207651840,2533.5387370000717,2535.688125999968
openmarcie_printer,cpu,distrixsense,openmarcie_printer__only_magnetometer__qwen3_8b,qwen3_8b,only_magnetometer,36194,144776,881088,81,28600,7594,0.22848100024930318,2.5283420000340673,2.5283420000340673,8207688034,16449281416,999224350016,8207651840,2462.1520710002187,2463.77345899964
openmarcie_printer,cpu,dense,openmarcie_printer__only_magnetometer__qwen3_8b,qwen3_8b,only_magnetometer,31738,126952,2259392,4324,27576,4162,0.21030100015195785,5.834831999759207,5.834831999759207,8207683578,16449263592,1335684933952,8207651840,2532.1091860000706,2534.3764560002455
openmarcie_printer,cpu,dense_tokens,openmarcie_printer__only_magnetometer__qwen3_8b,qwen3_8b,only_magnetometer,34114,136456,864704,1100,27576,6538,0.19833099986499292,3.299462000081694,3.299462000081694,8207685954,16449273096,999224333632,8207651840,2462.1520710002187,2463.6502680000376
openmarcie_printer,cpu,raw,openmarcie_printer__only_magnetometer__qwen3_8b,qwen3_8b,only_magnetometer,31738,126952,2259392,884,31738,0,0.43696200009435415,3.159342000085587,3.159342000085587,8207683578,16449263592,1335684933952,8207651840,2532.1091860000706,2534.340916000019
openmarcie_printer,cpu,early_fusion,openmarcie_printer__only_magnetometer__qwen3_8b,qwen3_8b,only_magnetometer,27898,111592,2015680,884,27898,0,0.43160199993508286,3.154252000254189,3.154252000254189,8207679738,16449248232,1335684690240,8207651840,2532.1091860000706,2534.324765999827
openmarcie_printer,cpu,late_fusion,openmarcie_printer__only_magnetometer__qwen3_8b,qwen3_8b,only_magnetometer,4558,18232,262272,96,0,4558,0.0239599999076745,2.287360999221343,2.287360999221343,8190739918,16381488952,1124741425280,8190735360,2531.34547100035,2531.8038630002775
openmarcie_printer,cpu,local_only,openmarcie_printer__only_magnetometer__qwen3_8b,qwen3_8b,only_magnetometer,4558,18232,262272,52,0,4558,0.02792999976009014,2.2453809999819727,2.2453809999819727,8190739918,16381488952,1124741425280,8190735360,2531.34547100035,2531.794853000065
openmarcie_printer,cpu,bottleneck,openmarcie_printer__only_magnetometer__qwen3_8b,qwen3_8b,only_magnetometer,32030,128120,2275776,684,27736,4294,0.21771100000478327,2.9470019997197845,2.9470019997197845,8207683870,16449264760,1335684950336,8207651840,2532.1091860000706,2534.3608660000427
openmarcie_printer,cpu,tokenlearner,openmarcie_printer__only_magnetometer__qwen3_8b,qwen3_8b,only_magnetometer,33058,132232,848320,1100,27576,5482,0.22367100018527708,3.3168820000308914,3.3168820000308914,8207684898,16449268872,999224317248,8207651840,2462.1520710002187,2463.6708070006534
openmarcie_printer,cpu,posthoc_vq,openmarcie_printer__only_magnetometer__qwen3_8b,qwen3_8b,only_magnetometer,33786,135144,2324928,192,28600,5186,0.24009099979593884,2.6790919997241813,2.6790919997241813,8207685626,16449271784,1335684999488,8207651840,2532.1091860000706,2534.6026069996697
openmarcie_printer,cpu,joint_vq,openmarcie_printer__only_magnetometer__qwen3_8b,qwen3_8b,only_magnetometer,36162,144648,881088,81,28600,7562,0.2272010001433955,2.6055330004345567,2.6055330004345567,8207688002,16449281288,999224350016,8207651840,2462.1520710002187,2464.1931999999542
openmarcie_printer,cpu,deepconvlstm,openmarcie_printer__only_magnetometer__qwen3_8b,qwen3_8b,only_magnetometer,33806,135224,2097280,884,33806,0,0.3969920003328298,3.1195920007259588,3.1195920007259588,8207685646,16449271864,1335684771840,8207651840,2532.1091860000706,2534.2173750000256
openmarcie_printer,cpu,unrestricted_bank,openmarcie_printer__only_magnetometer__qwen3_8b,qwen3_8b,only_magnetometer,36194,144776,881088,81,28600,7594,0.2523010002732917,2.610852000572672,2.610852000572672,8207688034,16449281416,999224350016,8207651840,2462.1520710002187,2463.839800000642
openmarcie_printer,cpu,separate_banks,openmarcie_printer__only_magnetometer__qwen3_8b,qwen3_8b,only_magnetometer,36194,144776,881088,81,28600,7594,0.25031199993463815,2.5508730000473268,2.5508730000473268,8207688034,16449281416,999224350016,8207651840,2462.1520710002187,2463.7269079998987
openmarcie_printer,cpu,fixed_resampling,openmarcie_printer__only_magnetometer__qwen3_8b,qwen3_8b,only_magnetometer,36194,144776,877632,81,28600,7594,0.22767100017517805,2.450581000204588,2.450581000204588,8207688034,16449281416,999224346560,8207651840,2462.1520710002187,2463.6606179997216
openmarcie_printer,cpu,finetune_encoders,openmarcie_printer__only_magnetometer__qwen3_8b,qwen3_8b,only_magnetometer,36194,144776,881088,81,28600,7594,0.22940100006962894,2.549662000121211,2.549662000121211,8207688034,16449281416,999224350016,8207651840,2462.1520710002187,2463.7582080003995
openmarcie_printer,cpu,no_alignment,openmarcie_printer__only_magnetometer__qwen3_8b,qwen3_8b,only_magnetometer,36194,144776,881088,81,28600,7594,0.22604099967793445,2.5308919989873946,2.5308919989873946,8207688034,16449281416,999224350016,8207651840,2462.1520710002187,2463.7711279997347
openmarcie_printer,cpu,no_usage,openmarcie_printer__only_magnetometer__qwen3_8b,qwen3_8b,only_magnetometer,36194,144776,881088,81,28600,7594,0.22640099996351637,2.5374719998870976,2.5374719998870976,8207688034,16449281416,999224350016,8207651840,2462.1520710002187,2463.73826800027
openmarcie_printer,cpu,tcn,openmarcie_printer__only_magnetometer__qwen3_8b,qwen3_8b,only_magnetometer,13786,55144,829632,884,13786,0,0.35743199987336993,3.079922000065551,3.079922000065551,8207665626,16449191784,1335683504192,8207651840,2532.1091860000706,2534.257284999967
openmarcie_printer,cpu,ts_transformer,openmarcie_printer__only_magnetometer__qwen3_8b,qwen3_8b,only_magnetometer,26650,106600,1878208,884,26650,0,0.38735099997211364,3.115360999995744,3.115360999995744,8207678490,16449243240,1335684552768,8207651840,2532.1091860000706,2534.338026000114
openmarcie_printer,cpu,patchtst,openmarcie_printer__only_magnetometer__qwen3_8b,qwen3_8b,only_magnetometer,26682,106728,2170816,884,26682,0,0.446662000285869,3.1690620009750887,3.1690620009750887,8207678522,16449243368,985221251776,8207651840,2466.0282720001305,2467.5288080002247
openmarcie_printer,cpu,distrixsense,openmarcie_printer__only_rgb__qwen3_8b,qwen3_8b,only_rgb,484712,1938848,31311232,504,34040,450672,0.4162019999967015,2.780812999788893,14.314369000322845,8208136552,16451075488,1700640064000,8207651840,2620.595711000078,2625.1425710001968
openmarcie_printer,cpu,dense,openmarcie_printer__only_rgb__qwen3_8b,qwen3_8b,only_rgb,457976,1831904,46953856,25944,27896,430080,0.5165619995750603,6.198432999421802,34.373356999029454,8208109816,16450968544,3738096564736,8207651840,3224.635591000151,3233.2621390000895
openmarcie_printer,cpu,dense_tokens,openmarcie_printer__only_rgb__qwen3_8b,qwen3_8b,only_rgb,472232,1888928,31212928,6600,27896,444336,0.34502200014685513,3.5046330003705224,19.054888999989345,8208124072,16451025568,1700639965696,8207651840,2620.595711000078,2624.8198590001266
openmarcie_printer,cpu,raw,openmarcie_printer__only_rgb__qwen3_8b,qwen3_8b,only_rgb,457976,1831904,46953856,113448,457976,0,1.5126170001167338,18.69002700045065,104.3758890001821,8208109816,16450968544,3738096564736,8207651840,3224.635591000151,3232.9930480000257
openmarcie_printer,cpu,early_fusion,openmarcie_printer__only_rgb__qwen3_8b,qwen3_8b,only_rgb,291928,1167712,18746752,113448,291928,0,1.060674000200379,18.2391640000268,103.92563400014961,8207943768,16450304352,1475755131392,8207651840,2575.5095930003336,2578.472025999872
openmarcie_printer,cpu,late_fusion,openmarcie_printer__only_rgb__qwen3_8b,qwen3_8b,only_rgb,432456,1729824,27357696,576,0,432456,0.05074999990029028,2.3645709998756472,13.723147000647423,8191167816,16383200544,1264645283584,8190735360,2519.029462999697,2520.5879589998403
openmarcie_printer,cpu,local_only,openmarcie_printer__only_rgb__qwen3_8b,qwen3_8b,only_rgb,432456,1729824,27357696,312,0,432456,0.07216000039989012,2.3572810003019926,13.533924000607739,8191167816,16383200544,1264645283584,8190735360,2519.029462999697,2520.7070399997065
openmarcie_printer,cpu,bottleneck,openmarcie_printer__only_rgb__qwen3_8b,qwen3_8b,only_rgb,459728,1838912,47052160,4104,28856,430872,0.5398929997681989,3.3216239997009573,17.03509799983855,8208111568,16450975552,3738096663040,8207651840,3224.635591000151,3233.424190000278
openmarcie_printer,cpu,tokenlearner,openmarcie_printer__only_rgb__qwen3_8b,qwen3_8b,only_rgb,465896,1863584,31114624,6600,27896,438000,0.3385810000509082,3.4903619998611974,19.007997001580662,8208117736,16451000224,1700639867392,8207651840,2620.595711000078,2624.9286610004674
openmarcie_printer,cpu,posthoc_vq,openmarcie_printer__only_rgb__qwen3_8b,qwen3_8b,only_rgb,500984,2003936,47347072,1224,34040,466944,0.599243000124261,3.1178040000714127,15.32811899890499,8208152824,16451140576,3738096957952,8207651840,3224.635591000151,3234.1044240001793
openmarcie_printer,cpu,joint_vq,openmarcie_printer__only_rgb__qwen3_8b,qwen3_8b,only_rgb,515240,2060960,31311232,504,34040,481200,0.4244920000928687,2.864154000634287,14.774233001054458,8208167080,16451197600,1700640064000,8207651840,2620.595711000078,2625.7107030000952
openmarcie_printer,cpu,deepconvlstm,openmarcie_printer__only_rgb__qwen3_8b,qwen3_8b,only_rgb,444044,1776176,28205824,113448,444044,0,0.9961949999706121,18.173916000198812,103.86088700048032,8208095884,16450912816,1475764590464,8207651840,2575.5095930003336,2578.5005960005947
openmarcie_printer,cpu,unrestricted_bank,openmarcie_printer__only_rgb__qwen3_8b,qwen3_8b,only_rgb,516392,2065568,31802752,504,34040,482352,0.36338200015961775,2.7331040004706186,14.281898999917107,8208168232,16451202208,1700640555520,8207651840,2620.595711000078,2625.2198310003223
openmarcie_printer,cpu,separate_banks,openmarcie_printer__only_rgb__qwen3_8b,qwen3_8b,only_rgb,484712,1938848,31311232,504,34040,450672,0.44261199991524336,2.8145129999198137,14.354566999492167,8208136552,16451075488,1700640064000,8207651840,2620.595711000078,2625.2197419998993
openmarcie_printer,cpu,fixed_resampling,openmarcie_printer__only_rgb__qwen3_8b,qwen3_8b,only_rgb,484712,1938848,16934272,504,34040,450672,0.4264720000719535,2.713184000129829,13.853527000384279,8208136552,16451075488,1700625687040,8207651840,2620.595711000078,2625.77572400005
openmarcie_printer,cpu,finetune_encoders,openmarcie_printer__only_rgb__qwen3_8b,qwen3_8b,only_rgb,484712,1938848,31311232,504,34040,450672,0.428532000114501,2.838133000239893,14.546108999758221,8208136552,16451075488,1700640064000,8207651840,2620.595711000078,2625.2067220002573
openmarcie_printer,cpu,no_alignment,openmarcie_printer__only_rgb__qwen3_8b,qwen3_8b,only_rgb,484712,1938848,31311232,504,34040,450672,0.42238199966959655,2.7967129998965423,14.377309000457249,8208136552,16451075488,1700640064000,8207651840,2620.595711000078,2625.524433999999
openmarcie_printer,cpu,no_usage,openmarcie_printer__only_rgb__qwen3_8b,qwen3_8b,only_rgb,484712,1938848,31311232,504,34040,450672,0.4677920001086022,2.863674000253511,14.501930000852813,8208136552,16451075488,1700640064000,8207651840,2620.595711000078,2625.1400320002176
openmarcie_printer,cpu,tcn,openmarcie_printer__only_rgb__qwen3_8b,qwen3_8b,only_rgb,277656,1110624,17560704,113448,277656,0,0.9688350000942592,18.14581499997338,103.83090499968358,8207929496,16450247264,1475753945344,8207651840,2575.5095930003336,2578.39914600072
openmarcie_printer,cpu,ts_transformer,openmarcie_printer__only_rgb__qwen3_8b,qwen3_8b,only_rgb,290520,1162080,18609280,113448,290520,0,0.9926639995683217,18.169993999838777,103.85867400023682,8207942360,16450298720,1475754993920,8207651840,2575.5095930003336,2578.4265250003955
openmarcie_printer,cpu,patchtst,openmarcie_printer__only_rgb__qwen3_8b,qwen3_8b,only_rgb,253720,1014880,429324672,113448,253720,0,2.9413830002340546,20.118183000197757,105.80482300079649,8207905560,16450151520,1125407203712,8207651840,2531.34547100035,2535.487029000251
openmarcie_printer,cpu,distrixsense,openmarcie_printer__only_temperature__qwen3_8b,qwen3_8b,only_temperature,35844,143376,858944,81,28600,7244,0.22514100010084803,2.5283420000340673,2.5283420000340673,8207687684,16449280016,999224327872,8207651840,2462.1520710002187,2463.7616889999663
openmarcie_printer,cpu,dense,openmarcie_printer__only_temperature__qwen3_8b,qwen3_8b,only_temperature,31388,125552,2237248,4324,27576,3812,0.2086909998979536,5.8379020000345365,5.8379020000345365,8207683228,16449262192,1335684911808,8207651840,2532.1091860000706,2534.4326460003685
openmarcie_printer,cpu,dense_tokens,openmarcie_printer__only_temperature__qwen3_8b,qwen3_8b,only_temperature,33764,135056,842560,1100,27576,6188,0.2176109996980813,3.330751999778731,3.330751999778731,8207685604,16449271696,999224311488,8207651840,2462.1520710002187,2463.704259000224
openmarcie_printer,cpu,raw,openmarcie_printer__only_temperature__qwen3_8b,qwen3_8b,only_temperature,31388,125552,2237248,644,31388,0,0.4401820001476153,2.9710519999591227,2.9710519999591227,8207683228,16449262192,1335684911808,8207651840,2532.1091860000706,2534.327055999711
openmarcie_printer,cpu,early_fusion,openmarcie_printer__only_temperature__qwen3_8b,qwen3_8b,only_temperature,27804,111216,2009920,644,27804,0,0.4423020000103861,2.9732620002343495,2.9732620002343495,8207679644,16449247856,1335684684480,8207651840,2532.1091860000706,2534.3098350003856
openmarcie_printer,cpu,late_fusion,openmarcie_printer__only_temperature__qwen3_8b,qwen3_8b,only_temperature,4208,16832,240128,96,0,4208,0.023659999897063244,2.289840999824443,2.289840999824443,8190739568,16381487552,1124741403136,8190735360,2531.34547100035,2531.806613000299
openmarcie_printer,cpu,local_only,openmarcie_printer__only_temperature__qwen3_8b,qwen3_8b,only_temperature,4208,16832,240128,52,0,4208,0.027459999728307594,2.255279999433225,2.255279999433225,8190739568,16381487552,1124741403136,8190735360,2531.34547100035,2531.8130330001622
openmarcie_printer,cpu,bottleneck,openmarcie_printer__only_temperature__qwen3_8b,qwen3_8b,only_temperature,31680,126720,2253632,684,27736,3944,0.21444100002554478,2.943132000174071,2.943132000174071,8207683520,16449263360,1335684928192,8207651840,2532.1091860000706,2534.383515999707
openmarcie_printer,cpu,tokenlearner,openmarcie_printer__only_temperature__qwen3_8b,qwen3_8b,only_temperature,32708,130832,826176,1100,27576,5132,0.19671099971674266,3.2922519999327777,3.2922519999327777,8207684548,16449267472,999224295104,8207651840,2462.1520710002187,2463.6462870003015
openmarcie_printer,cpu,posthoc_vq,openmarcie_printer__only_temperature__qwen3_8b,qwen3_8b,only_temperature,33436,133744,2302784,192,28600,4836,0.2508409997972194,2.6850119994181965,2.6850119994181965,8207685276,16449270384,1335684977344,8207651840,2532.1091860000706,2534.573956999793
openmarcie_printer,cpu,joint_vq,openmarcie_printer__only_temperature__qwen3_8b,qwen3_8b,only_temperature,35812,143248,858944,81,28600,7212,0.23039100005917135,2.6058130002019286,2.6058130002019286,8207687652,16449279888,999224327872,8207651840,2462.1520710002187,2464.446981000492
openmarcie_printer,cpu,deepconvlstm,openmarcie_printer__only_temperature__qwen3_8b,qwen3_8b,only_temperature,33456,133824,2075136,644,33456,0,0.4445219997251115,2.97707199995984,2.97707199995984,8207685296,16449270464,1335684749696,8207651840,2532.1091860000706,2534.2466149995744
openmarcie_printer,cpu,unrestricted_bank,openmarcie_printer__only_temperature__qwen3_8b,qwen3_8b,only_temperature,35844,143376,858944,81,28600,7244,0.20526100024653715,2.508482000877743,2.508482000877743,8207687684,16449280016,999224327872,8207651840,2462.1520710002187,2463.7762269999257
openmarcie_printer,cpu,separate_banks,openmarcie_printer__only_temperature__qwen3_8b,qwen3_8b,only_temperature,35844,143376,858944,81,28600,7244,0.23825100015528733,2.5451720003110356,2.5451720003110356,8207687684,16449280016,999224327872,8207651840,2462.1520710002187,2463.7842289998844
openmarcie_printer,cpu,fixed_resampling,openmarcie_printer__only_temperature__qwen3_8b,qwen3_8b,only_temperature,35844,143376,857152,81,28600,7244,0.23229099997479352,2.4545919996234122,2.4545919996234122,8207687684,16449280016,999224326080,8207651840,2462.1520710002187,2463.7085090002984
openmarcie_printer,cpu,finetune_encoders,openmarcie_printer__only_temperature__qwen3_8b,qwen3_8b,only_temperature,35844,143376,858944,81,28600,7244,0.22735099992132746,2.525362000171194,2.525362000171194,8207687684,16449280016,999224327872,8207651840,2462.1520710002187,2463.9484690001154
openmarcie_printer,cpu,no_alignment,openmarcie_printer__only_temperature__qwen3_8b,qwen3_8b,only_temperature,35844,143376,858944,81,28600,7244,0.23896100037745782,2.5550520004179678,2.5550520004179678,8207687684,16449280016,999224327872,8207651840,2462.1520710002187,2464.8150729999543
openmarcie_printer,cpu,no_usage,openmarcie_printer__only_temperature__qwen3_8b,qwen3_8b,only_temperature,35844,143376,858944,81,28600,7244,0.27564099991650437,2.5864730000938696,2.5864730000938696,8207687684,16449280016,999224327872,8207651840,2462.1520710002187,2463.8602590002847
openmarcie_printer,cpu,tcn,openmarcie_printer__only_temperature__qwen3_8b,qwen3_8b,only_temperature,13692,54768,823872,644,13692,0,0.3627910000432166,2.8931119997489034,2.8931119997489034,8207665532,16449191408,1335683498432,8207651840,2532.1091860000706,2534.2689650005923
openmarcie_printer,cpu,ts_transformer,openmarcie_printer__only_temperature__qwen3_8b,qwen3_8b,only_temperature,26556,106224,1872448,644,26556,0,0.4000409999207477,2.930540999552427,2.930540999552427,8207678396,16449242864,1335684547008,8207651840,2532.1091860000706,2534.297014999993
openmarcie_printer,cpu,patchtst,openmarcie_printer__only_temperature__qwen3_8b,qwen3_8b,only_temperature,26652,106608,1448768,644,26652,0,0.5257430002529873,3.056363000434608,3.056363000434608,8207678492,16449243248,985220529728,8207651840,2466.0282720001305,2467.5323780002145
nymeria,cpu,distrixsense,nymeria__all__qwen3_8b,qwen3_8b,all,7934884,31739536,543573952,3567,71988,7862896,2.0102889998270257,7.737061999502935,26.2962100003584,8215586724,16480876176,6693424673600,8207651840,4012.2528119995877,4041.816753999683
nymeria,cpu,dense,nymeria__all__qwen3_8b,qwen3_8b,all,7752188,31008752,1003004864,177284,30004,7722184,13.323039000169956,55.82105000065179,174.8009239997594,8215404028,16480145392,21510192331584,8207651840,8625.655810999888,8693.659894999655
nymeria,cpu,dense_tokens,nymeria__all__qwen3_8b,qwen3_8b,all,7849604,31398416,542902208,45100,30004,7819600,1.641380999899411,16.392722999556717,59.05321500037652,8215501444,16480535056,6693424001856,8207651840,4012.2528119995877,4034.6991639999032
nymeria,cpu,raw,nymeria__all__qwen3_8b,qwen3_8b,all,7752188,31008752,1003004864,10718368,7752188,0,15.882679000242206,3616.619287000712,8604.47390100086,8215404028,16480145392,21510192331584,8207651840,8625.655810999888,8685.803890999523
nymeria,cpu,early_fusion,nymeria__all__qwen3_8b,qwen3_8b,all,6923516,27694064,442477504,10718368,6923516,0,5.842489999849931,3606.567547999684,8594.459592999614,8214575356,16476830704,2459857847104,8207651840,2813.302761000159,2823.3701990002373
nymeria,cpu,late_fusion,nymeria__all__qwen3_8b,qwen3_8b,all,7735714,30942856,493376640,3608,0,7735714,0.25123100022028666,5.688910000209702,23.25535799966442,8198471074,16412413576,2247551657088,8190735360,2733.567756999946,2742.567658000098
nymeria,cpu,local_only,nymeria__all__qwen3_8b,qwen3_8b,all,7735714,30942856,493376640,2132,0,7735714,0.3949230003854609,5.377260000770819,22.119117000008142,8198471074,16412413576,2247551657088,8190735360,2733.567756999946,2742.5980480011276
nymeria,cpu,bottleneck,nymeria__all__qwen3_8b,qwen3_8b,all,7764160,31056640,1003676608,28044,36564,7727596,8.254946999841195,18.767052998974847,50.61239000023499,8215416000,16480193280,21510193003328,8207651840,8625.655810999888,8690.828384999804
nymeria,cpu,tokenlearner,nymeria__all__qwen3_8b,qwen3_8b,all,7806308,31225232,542230464,45100,30004,7776304,1.6251609995379113,15.998169999351084,58.46256399897364,8215458148,16480361872,6693423330112,8207651840,4012.2528119995877,4034.501695000017
nymeria,cpu,posthoc_vq,nymeria__all__qwen3_8b,qwen3_8b,all,8046076,32184304,1005691840,8856,71988,7974088,14.382577999640489,21.660930999704416,43.906989001497465,8215697916,16481320944,21510195018560,8207651840,8625.655810999888,8702.654747000452
nymeria,cpu,joint_vq,nymeria__all__qwen3_8b,qwen3_8b,all,8143492,32573968,543573952,3567,71988,8071504,2.0626039995477186,8.328907999182142,28.283334000965255,8215795332,16481710608,6693424673600,8207651840,4012.2528119995877,4037.711995999871
nymeria,cpu,deepconvlstm,nymeria__all__qwen3_8b,qwen3_8b,all,7626322,30505288,487321728,10718368,7626322,0,6.0579910004889825,3606.748848999568,8594.638075000206,8215278162,16479641928,2459902691328,8207651840,2813.302761000159,2823.538541000744
nymeria,cpu,unrestricted_bank,nymeria__all__qwen3_8b,qwen3_8b,all,9666724,38666896,570443712,3567,71988,9594736,1.7371220001223264,7.566842999747046,26.389979998688062,8217318564,16487803536,6693451543360,8207651840,4012.2528119995877,4035.7246709995707
nymeria,cpu,separate_banks,nymeria__all__qwen3_8b,qwen3_8b,all,7934884,31739536,543573952,3567,71988,7862896,2.0534839995889342,7.76878500053254,26.362997001645994,8215586724,16480876176,6693424673600,8207651840,4012.2528119995877,4035.7622629994694
nymeria,cpu,fixed_resampling,nymeria__all__qwen3_8b,qwen3_8b,all,7934884,31739536,114399680,3567,71988,7862896,2.040223999756563,6.920148000769864,23.527718999806524,8215586724,16480876176,6692995499328,8207651840,4012.2528119995877,4032.434839999496
nymeria,cpu,finetune_encoders,nymeria__all__qwen3_8b,qwen3_8b,all,7934884,31739536,543573952,3567,71988,7862896,2.016413000092143,7.739372000084864,26.355727000312612,8215586724,16480876176,6693424673600,8207651840,4012.2528119995877,4035.6224119991566
nymeria,cpu,no_alignment,nymeria__all__qwen3_8b,qwen3_8b,all,7934884,31739536,543573952,3567,71988,7862896,2.00052299987874,7.712163999510545,26.290698002716084,8215586724,16480876176,6693424673600,8207651840,4012.2528119995877,4035.5814109993844
nymeria,cpu,no_usage,nymeria__all__qwen3_8b,qwen3_8b,all,7934884,31739536,543573952,3567,71988,7862896,2.0128930000282708,7.741854000212066,26.344886000818946,8215586724,16480876176,6693424673600,8207651840,4012.2528119995877,4035.4612699998142
nymeria,cpu,tcn,nymeria__all__qwen3_8b,qwen3_8b,all,6908124,27632496,441291456,10718368,6908124,0,5.805798999972467,3606.495586000828,8594.390189999162,8214559964,16476769136,2459856661056,8207651840,2813.302761000159,2823.068818000138
nymeria,cpu,ts_transformer,nymeria__all__qwen3_8b,qwen3_8b,all,6920988,27683952,442340032,10718368,6920988,0,5.838889999722596,3606.5254889988223,8594.408833998445,8214572828,16476820592,2459857709632,8207651840,2813.302761000159,2823.7468019997323
nymeria,cpu,patchtst,nymeria__all__qwen3_8b,qwen3_8b,all,6744572,26978288,2403034176,10718368,6744572,0,21.312535000106436,3622.05119300027,8609.937727001183,8214396412,16476114928,2108995514176,8207651840,2727.082151999639,2752.6374569988548
nymeria,cpu,distrixsense,nymeria__only_audio__qwen3_8b,qwen3_8b,only_audio,7109164,28436656,453406464,164,29556,7079608,0.27781199969467707,3.0898369999104993,5.8527620000570195,8214761004,16477573296,1139718002560,8207651840,2491.7344820000835,2494.9316839997664
nymeria,cpu,dense,nymeria__only_audio__qwen3_8b,qwen3_8b,only_audio,7100252,28401008,456648448,8648,27508,7072744,0.3567019994079601,6.798267999651888,12.989912999464176,8214752092,16477537648,1813885364096,8207651840,2646.493525999631,2651.9644329987386
nymeria,cpu,dense_tokens,nymeria__only_audio__qwen3_8b,qwen3_8b,only_audio,7105004,28420016,453373696,2200,27508,7077496,0.23123099981603445,3.834056000409764,7.395241000258247,8214756844,16477556656,1139717969792,8207651840,2491.7344820000835,2494.75072299947
nymeria,cpu,raw,nymeria__only_audio__qwen3_8b,qwen3_8b,only_audio,7100252,28401008,456648448,8232152,7100252,0,2.3966360004124,3297.855130000547,6592.950300999898,8214752092,16477537648,1813885364096,8207651840,2646.493525999631,2653.9241559999027
nymeria,cpu,early_fusion,nymeria__only_audio__qwen3_8b,qwen3_8b,only_audio,6633532,26534128,424316672,8232152,6633532,0,1.756820999617048,3297.1838849992614,6592.234615999284,8214285372,16475670768,1364108296064,8207651840,2552.962512999784,2557.002989999546
nymeria,cpu,late_fusion,nymeria__only_audio__qwen3_8b,qwen3_8b,only_audio,7073404,28293616,452188160,176,0,7073404,0.030719999813300092,3.107015999510104,5.79700999996463,8197808764,16409764336,1153159266560,8190735360,2535.1087139997617,2536.7369750010766
nymeria,cpu,local_only,nymeria__only_audio__qwen3_8b,qwen3_8b,only_audio,7073404,28293616,452188160,104,0,7073404,0.04313000044930959,3.1035270005918223,6.143275001281802,8197808764,16409764336,1153159266560,8190735360,2535.1087139997617,2536.7369349996807
nymeria,cpu,bottleneck,nymeria__only_audio__qwen3_8b,qwen3_8b,only_audio,7100836,28403344,456681216,1368,27828,7073008,0.27940199925069464,3.4606969986916987,6.630210998575471,8214752676,16477539984,1813885396864,8207651840,2646.493525999631,2651.825832000668
nymeria,cpu,tokenlearner,nymeria__only_audio__qwen3_8b,qwen3_8b,only_audio,7102892,28411568,453340928,2200,27508,7075384,0.23362100000667851,4.16400799985684,7.707442000528099,8214754732,16477548208,1139717937024,8207651840,2491.7344820000835,2494.699751999633
nymeria,cpu,posthoc_vq,nymeria__only_audio__qwen3_8b,qwen3_8b,only_audio,7106396,28425584,456779520,392,29556,7076840,0.3117619999102317,3.427469000405178,6.284073001165374,8214758236,16477562224,1813885495168,8207651840,2646.493525999631,2651.7449629986913
nymeria,cpu,joint_vq,nymeria__only_audio__qwen3_8b,qwen3_8b,only_audio,7111148,28444592,453406464,164,29556,7081592,0.36489200010692,3.6666800000003654,6.649476000046171,8214762988,16477581232,1139718002560,8207651840,2491.7344820000835,2496.005260000402
nymeria,cpu,deepconvlstm,nymeria__only_audio__qwen3_8b,qwen3_8b,only_audio,7099186,28396744,453825920,8232152,7099186,0,1.5521099994657561,3296.963873999933,6592.0539360001085,8214751026,16477533384,1364137805312,8207651840,2552.962512999784,2557.3487529995873
nymeria,cpu,unrestricted_bank,nymeria__only_audio__qwen3_8b,qwen3_8b,only_audio,7111276,28445104,453439232,164,29556,7081720,0.23674200019740965,3.0247259995431754,5.75922099930559,8214763116,16477581744,1139718035328,8207651840,2491.7344820000835,2495.6141890002073
nymeria,cpu,separate_banks,nymeria__only_audio__qwen3_8b,qwen3_8b,only_audio,7109164,28436656,453406464,164,29556,7079608,0.33355199957441073,3.2799779995312797,6.089402999048808,8214761004,16477573296,1139718002560,8207651840,2491.7344820000835,2494.976473999941
nymeria,cpu,fixed_resampling,nymeria__only_audio__qwen3_8b,qwen3_8b,only_audio,7109164,28436656,38456320,164,29556,7079608,0.2809919997162069,2.856314998402109,5.4127389982279155,8214761004,16477573296,1139303052416,8207651840,2491.7344820000835,2494.197387999975
nymeria,cpu,finetune_encoders,nymeria__only_audio__qwen3_8b,qwen3_8b,only_audio,7109164,28436656,453406464,164,29556,7079608,0.32608199944661465,3.272387999763037,6.173413999629894,8214761004,16477573296,1139718002560,8207651840,2491.7344820000835,2495.0921040003777
nymeria,cpu,no_alignment,nymeria__only_audio__qwen3_8b,qwen3_8b,only_audio,7109164,28436656,453406464,164,29556,7079608,0.3398319995540078,3.2628979991696774,6.141793999330012,8214761004,16477573296,1139718002560,8207651840,2491.7344820000835,2495.9561210002903
nymeria,cpu,no_usage,nymeria__only_audio__qwen3_8b,qwen3_8b,only_audio,7109164,28436656,453406464,164,29556,7079608,0.32257300063065486,3.2647590008619822,6.181145001090236,8214761004,16477573296,1139718002560,8207651840,2491.7344820000835,2494.976313999814
nymeria,cpu,tcn,nymeria__only_audio__qwen3_8b,qwen3_8b,only_audio,6619388,26477552,423130624,8232152,6619388,0,1.6901319995668018,3297.157756999089,6592.206868999408,8214271228,16475614192,1364107110016,8207651840,2552.962512999784,2556.9775310000296
nymeria,cpu,ts_transformer,nymeria__only_audio__qwen3_8b,qwen3_8b,only_audio,6632252,26529008,424179200,8232152,6632252,0,2.0040429999426124,3297.4256969985922,6592.519598998176,8214284092,16475665648,1364108158592,8207651840,2552.962512999784,2556.8592399999943
nymeria,cpu,patchtst,nymeria__only_audio__qwen3_8b,qwen3_8b,only_audio,6517308,26069232,1710926208,8232152,6517308,0,7.2493689995098975,3302.7136339990952,6597.796765998889,8214169148,16475205872,1014872329600,8207651840,2533.5387370000717,2543.097743000999
nymeria,cpu,distrixsense,nymeria__only_barometer__qwen3_8b,qwen3_8b,only_barometer,43024,172096,1633792,164,29556,13468,0.2672219998203218,2.5259629995472146,4.759103999884438,8207694864,16449308736,1139266229888,8207651840,2491.7344820000835,2493.8110150001194
nymeria,cpu,dense,nymeria__only_barometer__qwen3_8b,qwen3_8b,only_barometer,34112,136448,4875776,8648,27508,6604,0.2694020004128106,5.860161999730498,11.436703000717424,8207685952,16449273088,1813433591424,8207651840,2646.493525999631,2649.9827999991794
nymeria,cpu,dense_tokens,nymeria__only_barometer__qwen3_8b,qwen3_8b,only_barometer,38864,155456,1601024,2200,27508,11356,0.23276199954125332,3.2984430008535854,6.332464000470063,8207690704,16449292096,1139266197120,8207651840,2491.7344820000835,2493.695774999196
nymeria,cpu,raw,nymeria__only_barometer__qwen3_8b,qwen3_8b,only_barometer,34112,136448,4875776,2488,34112,0,0.5231039995123865,3.539924000064889,6.544744000192941,8207685952,16449273088,1813433591424,8207651840,2646.493525999631,2649.8581289993126
nymeria,cpu,early_fusion,nymeria__only_barometer__qwen3_8b,qwen3_8b,only_barometer,27680,110720,2002432,2488,27680,0,0.4538240000329097,3.4728040004799143,6.477423999994563,8207679520,16449247360,1363685981824,8207651840,2552.962512999784,2555.3374289988824
nymeria,cpu,late_fusion,nymeria__only_barometer__qwen3_8b,qwen3_8b,only_barometer,7264,29056,415488,176,0,7264,0.0296199996228097,2.2455009995132333,4.444261999465071,8190742624,16381499776,1152707493888,8190735360,2535.1087139997617,2535.672727000019
nymeria,cpu,local_only,nymeria__only_barometer__qwen3_8b,qwen3_8b,only_barometer,7264,29056,415488,104,0,7264,0.0378400000045076,2.2217909993446314,4.392690999825357,8190742624,16381499776,1152707493888,8190735360,2535.1087139997617,2535.694797999895
nymeria,cpu,bottleneck,nymeria__only_barometer__qwen3_8b,qwen3_8b,only_barometer,34696,138784,4908544,1368,27828,6868,0.3151820001221495,3.0132329996113434,5.697183999056556,8207686536,16449275424,1813433624192,8207651840,2646.493525999631,2650.36104300043
nymeria,cpu,tokenlearner,nymeria__only_barometer__qwen3_8b,qwen3_8b,only_barometer,36752,147008,1568256,2200,27508,9244,0.22470200019597542,3.2717830008504096,6.302433001101017,8207688592,16449283648,1139266164352,8207651840,2491.7344820000835,2493.6742550003146
nymeria,cpu,posthoc_vq,nymeria__only_barometer__qwen3_8b,qwen3_8b,only_barometer,40256,161024,5006848,392,29556,10700,0.30594199961342383,2.6864339995766175,5.039634999388503,8207692096,16449297664,1813433722496,8207651840,2646.493525999631,2650.1580510007443
nymeria,cpu,joint_vq,nymeria__only_barometer__qwen3_8b,qwen3_8b,only_barometer,45008,180032,1633792,164,29556,15452,0.26262199935445096,2.586855000421661,4.887517001105344,8207696848,16449316672,1139266229888,8207651840,2491.7344820000835,2493.8967260000027
nymeria,cpu,deepconvlstm,nymeria__only_barometer__qwen3_8b,qwen3_8b,only_barometer,33046,132184,2053248,2488,33046,0,0.3720320000866195,3.388342000575608,6.392962000999751,8207684886,16449268824,1363686032640,8207651840,2552.962512999784,2555.204757999036
nymeria,cpu,unrestricted_bank,nymeria__only_barometer__qwen3_8b,qwen3_8b,only_barometer,45136,180544,1666560,164,29556,15580,0.2355619999434566,2.4933029993318137,4.729423999986658,8207696976,16449317184,1139266262656,8207651840,2491.7344820000835,2493.757345999711
nymeria,cpu,separate_banks,nymeria__only_barometer__qwen3_8b,qwen3_8b,only_barometer,43024,172096,1633792,164,29556,13468,0.3181020001647994,2.569533000800316,4.799164000967913,8207694864,16449308736,1139266229888,8207651840,2491.7344820000835,2494.172758998957
nymeria,cpu,fixed_resampling,nymeria__only_barometer__qwen3_8b,qwen3_8b,only_barometer,43024,172096,1633280,164,29556,13468,0.2675220002856804,2.5037839999041402,4.716424999667844,8207694864,16449308736,1139266229376,8207651840,2491.7344820000835,2493.7315959991793
nymeria,cpu,finetune_encoders,nymeria__only_barometer__qwen3_8b,qwen3_8b,only_barometer,43024,172096,1633792,164,29556,13468,0.2689619996090187,2.539682999062375,4.771175998637965,8207694864,16449308736,1139266229888,8207651840,2491.7344820000835,2494.892952999635
nymeria,cpu,no_alignment,nymeria__only_barometer__qwen3_8b,qwen3_8b,only_barometer,43024,172096,1633792,164,29556,13468,0.30330199933814583,2.580793999490293,4.840524998751981,8207694864,16449308736,1139266229888,8207651840,2491.7344820000835,2493.784876000518
nymeria,cpu,no_usage,nymeria__only_barometer__qwen3_8b,qwen3_8b,only_barometer,43024,172096,1633792,164,29556,13468,0.26836200049729086,2.5273430004145716,4.763484000857908,8207694864,16449308736,1139266229888,8207651840,2491.7344820000835,2493.7674270008756
nymeria,cpu,tcn,nymeria__only_barometer__qwen3_8b,qwen3_8b,only_barometer,13536,54144,816384,2488,13536,0,0.3999229993496556,3.4165839984004154,6.42116399833808,8207665376,16449190784,1363684795776,8207651840,2552.962512999784,2555.1307470009306
nymeria,cpu,ts_transformer,nymeria__only_barometer__qwen3_8b,qwen3_8b,only_barometer,26400,105600,1864960,2488,26400,0,0.40317200000572484,3.4198019998390694,6.42471199992483,8207678240,16449242240,1363685844352,8207651840,2552.962512999784,2555.1727079996454
nymeria,cpu,patchtst,nymeria__only_barometer__qwen3_8b,qwen3_8b,only_barometer,26528,106112,726144,2488,26528,0,0.43577300039032707,3.452563000350597,6.457193000668986,8207678368,16449242752,1013162129536,8207651840,2533.5387370000717,2535.0692669994714
nymeria,cpu,distrixsense,nymeria__only_body_acceleration__qwen3_8b,qwen3_8b,only_body_acceleration,51182,204728,1839552,81,28468,22714,0.22656100009044167,2.561093000651349,2.561093000651349,8207703022,16449341368,999225308480,8207651840,2462.1520710002187,2463.792552000541
nymeria,cpu,dense,nymeria__only_body_acceleration__qwen3_8b,qwen3_8b,only_body_acceleration,46726,186904,3214784,4324,27444,19282,0.2237819999209023,5.8794030004307745,5.8794030004307745,8207698566,16449323544,1335685889344,8207651840,2532.1091860000706,2534.5078630002718
nymeria,cpu,dense_tokens,nymeria__only_body_acceleration__qwen3_8b,qwen3_8b,only_body_acceleration,49102,196408,1823168,1100,27444,21658,0.19880099989677547,3.3272130003705387,3.3272130003705387,8207700942,16449333048,999225292096,8207651840,2462.1520710002187,2463.728731000174
nymeria,cpu,raw,nymeria__only_body_acceleration__qwen3_8b,qwen3_8b,only_body_acceleration,46726,186904,3214784,205452,46726,0,0.46756299980188487,166.8666930003563,166.8666930003563,8207698566,16449323544,1335685889344,8207651840,2532.1091860000706,2534.408762000112
nymeria,cpu,early_fusion,nymeria__only_body_acceleration__qwen3_8b,qwen3_8b,only_body_acceleration,34822,139288,2454976,205452,34822,0,0.4741929997180705,166.87454300010342,166.87454300010342,8207686662,16449275928,1335685129536,8207651840,2532.1091860000706,2534.3881019994114
nymeria,cpu,late_fusion,nymeria__only_body_acceleration__qwen3_8b,qwen3_8b,only_body_acceleration,19612,78448,1221760,88,0,19612,0.023749999854771886,2.3042109998163416,2.3042109998163416,8190754972,16381549168,1124742384768,8190735360,2531.34547100035,2531.8322450002597
nymeria,cpu,local_only,nymeria__only_body_acceleration__qwen3_8b,qwen3_8b,only_body_acceleration,19612,78448,1221760,52,0,19612,0.027889999728358816,2.290880999014445,2.290880999014445,8190754972,16381549168,1124742384768,8190735360,2531.34547100035,2531.856244001574
nymeria,cpu,bottleneck,nymeria__only_body_acceleration__qwen3_8b,qwen3_8b,only_body_acceleration,47018,188072,3231168,684,27604,19414,0.268110999968485,3.04188299948785,3.04188299948785,8207698858,16449324712,1335685905728,8207651840,2532.1091860000706,2534.676972999023
nymeria,cpu,tokenlearner,nymeria__only_body_acceleration__qwen3_8b,qwen3_8b,only_body_acceleration,48046,192184,1806784,1100,27444,20602,0.26385199998912867,3.4148540007616974,3.4148540007616974,8207699886,16449328824,999225275712,8207651840,2462.1520710002187,2463.74058200081
nymeria,cpu,posthoc_vq,nymeria__only_body_acceleration__qwen3_8b,qwen3_8b,only_body_acceleration,48774,195096,3280320,192,28468,20306,0.2886219999709283,2.7801540014283033,2.7801540014283033,8207700614,16449331736,1335685954880,8207651840,2532.1091860000706,2534.8245740001403
nymeria,cpu,joint_vq,nymeria__only_body_acceleration__qwen3_8b,qwen3_8b,only_body_acceleration,51150,204600,1839552,81,28468,22682,0.26434200026415056,2.710815000711486,2.710815000711486,8207702990,16449341240,999225308480,8207651840,2462.1520710002187,2463.949853000031
nymeria,cpu,deepconvlstm,nymeria__only_body_acceleration__qwen3_8b,qwen3_8b,only_body_acceleration,48860,195440,3056768,205452,48860,0,0.4947829993398045,166.89925299799125,166.89925299799125,8207700700,16449332080,1335685731328,8207651840,2532.1091860000706,2534.4053019994135
nymeria,cpu,unrestricted_bank,nymeria__only_body_acceleration__qwen3_8b,qwen3_8b,only_body_acceleration,51182,204728,1839552,81,28468,22714,0.20702100027847337,2.5319430006055743,2.5319430006055743,8207703022,16449341368,999225308480,8207651840,2462.1520710002187,2463.7365810008305
nymeria,cpu,separate_banks,nymeria__only_body_acceleration__qwen3_8b,qwen3_8b,only_body_acceleration,51182,204728,1839552,81,28468,22714,0.23771199994371273,2.568944999467826,2.568944999467826,8207703022,16449341368,999225308480,8207651840,2462.1520710002187,2463.746013000218
nymeria,cpu,fixed_resampling,nymeria__only_body_acceleration__qwen3_8b,qwen3_8b,only_body_acceleration,51182,204728,1521600,81,28468,22714,0.2331119994778419,2.479872999203403,2.479872999203403,8207703022,16449341368,999224990528,8207651840,2462.1520710002187,2463.6564310008
nymeria,cpu,finetune_encoders,nymeria__only_body_acceleration__qwen3_8b,qwen3_8b,only_body_acceleration,51182,204728,1839552,81,28468,22714,0.22807200002716854,2.5534040005658287,2.5534040005658287,8207703022,16449341368,999225308480,8207651840,2462.1520710002187,2463.782651999736
nymeria,cpu,no_alignment,nymeria__only_body_acceleration__qwen3_8b,qwen3_8b,only_body_acceleration,51182,204728,1839552,81,28468,22714,0.22416199954022886,2.547672997963568,2.547672997963568,8207703022,16449341368,999225308480,8207651840,2462.1520710002187,2463.7476009997954
nymeria,cpu,no_usage,nymeria__only_body_acceleration__qwen3_8b,qwen3_8b,only_body_acceleration,51182,204728,1839552,81,28468,22714,0.22907099992153235,2.5550429991489043,2.5550429991489043,8207703022,16449341368,999225308480,8207651840,2462.1520710002187,2463.7547919996905
nymeria,cpu,tcn,nymeria__only_body_acceleration__qwen3_8b,qwen3_8b,only_body_acceleration,20710,82840,1268928,205452,20710,0,0.3753320006580907,166.7768620012974,166.7768620012974,8207672550,16449219480,1335683943488,8207651840,2532.1091860000706,2534.339541000463
nymeria,cpu,ts_transformer,nymeria__only_body_acceleration__qwen3_8b,qwen3_8b,only_body_acceleration,33574,134296,2317504,205452,33574,0,0.4534640002020751,166.8537839999952,166.8537839999952,8207685414,16449270936,1335684992064,8207651840,2532.1091860000706,2534.33743100004
nymeria,cpu,patchtst,nymeria__only_body_acceleration__qwen3_8b,qwen3_8b,only_body_acceleration,31590,126360,25176384,205452,31590,0,0.6304449998424388,167.03062499929712,167.03062499929712,8207683430,16449263000,985244257344,8207651840,2466.0282720001305,2467.947274999915
nymeria,cpu,distrixsense,nymeria__only_body_orientation__qwen3_8b,qwen3_8b,only_body_orientation,58680,234720,2316480,81,28468,30212,0.2293620000273222,2.5679740001868456,2.5679740001868456,8207710520,16449371360,999225785408,8207651840,2462.1520710002187,2463.7993819992516
nymeria,cpu,dense,nymeria__only_body_orientation__qwen3_8b,qwen3_8b,only_body_orientation,54224,216896,3691712,4324,27444,26780,0.2097409997077193,5.866273000133096,5.866273000133096,8207706064,16449353536,1335686366272,8207651840,2532.1091860000706,2534.3841910002993
nymeria,cpu,dense_tokens,nymeria__only_body_orientation__qwen3_8b,qwen3_8b,only_body_orientation,56600,226400,2300096,1100,27444,29156,0.19458200040389784,3.3233240010257576,3.3233240010257576,8207708440,16449363040,999225769024,8207651840,2462.1520710002187,2463.722682000025
nymeria,cpu,raw,nymeria__only_body_orientation__qwen3_8b,qwen3_8b,only_body_orientation,54224,216896,3691712,272952,54224,0,0.4615130001184298,220.86890299972202,220.86890299972202,8207706064,16449353536,1335686366272,8207651840,2532.1091860000706,2534.4446320000316
nymeria,cpu,early_fusion,nymeria__only_body_orientation__qwen3_8b,qwen3_8b,only_body_orientation,39376,157504,2743488,272952,39376,0,0.46632299927296117,220.87385399874967,220.87385399874967,8207691216,16449294144,1335685418048,8207651840,2532.1091860000706,2534.4068720000905
nymeria,cpu,late_fusion,nymeria__only_body_orientation__qwen3_8b,qwen3_8b,only_body_orientation,27110,108440,1698688,88,0,27110,0.024230000235547777,2.3136010005577465,2.3136010005577465,8190762470,16381579160,1124742861696,8190735360,2531.34547100035,2531.8367040008525
nymeria,cpu,local_only,nymeria__only_body_orientation__qwen3_8b,qwen3_8b,only_body_orientation,27110,108440,1698688,52,0,27110,0.02857999970728997,2.2737409992873667,2.2737409992873667,8190762470,16381579160,1124742861696,8190735360,2531.34547100035,2531.835184000556
nymeria,cpu,bottleneck,nymeria__only_body_orientation__qwen3_8b,qwen3_8b,only_body_orientation,54516,218064,3708096,684,27604,26912,0.2096110001730267,2.9706620018905845,2.9706620018905845,8207706356,16449354704,1335686382656,8207651840,2532.1091860000706,2534.4094930010215
nymeria,cpu,tokenlearner,nymeria__only_body_orientation__qwen3_8b,qwen3_8b,only_body_orientation,55544,222176,2283712,1100,27444,28100,0.1944109999385546,3.3259329993551363,3.3259329993551363,8207707384,16449358816,999225752640,8207651840,2462.1520710002187,2463.668372000484
nymeria,cpu,posthoc_vq,nymeria__only_body_orientation__qwen3_8b,qwen3_8b,only_body_orientation,56272,225088,3757248,192,28468,27804,0.24436200055788504,2.7022740001288126,2.7022740001288126,8207708112,16449361728,1335686431808,8207651840,2532.1091860000706,2534.5546419998755
nymeria,cpu,joint_vq,nymeria__only_body_orientation__qwen3_8b,qwen3_8b,only_body_orientation,58648,234592,2316480,81,28468,30180,0.22830099987913854,2.6382129990742076,2.6382129990742076,8207710488,16449371232,999225785408,8207651840,2462.1520710002187,2463.8322420000804
nymeria,cpu,deepconvlstm,nymeria__only_body_orientation__qwen3_8b,qwen3_8b,only_body_orientation,56358,225432,3533696,272952,56358,0,0.3972529993916396,220.80489299998936,220.80489299998936,8207708198,16449362072,1335686208256,8207651840,2532.1091860000706,2534.289061000436
nymeria,cpu,unrestricted_bank,nymeria__only_body_orientation__qwen3_8b,qwen3_8b,only_body_orientation,58680,234720,2316480,81,28468,30212,0.2332519998162752,2.565703999636648,2.565703999636648,8207710520,16449371360,999225785408,8207651840,2462.1520710002187,2463.7707220003904
nymeria,cpu,separate_banks,nymeria__only_body_orientation__qwen3_8b,qwen3_8b,only_body_orientation,58680,234720,2316480,81,28468,30212,0.23466099992219824,2.5646220001652953,2.5646220001652953,8207710520,16449371360,999225785408,8207651840,2462.1520710002187,2463.774681000814
nymeria,cpu,fixed_resampling,nymeria__only_body_orientation__qwen3_8b,qwen3_8b,only_body_orientation,58680,234720,1757120,81,28468,30212,0.22747099956177408,2.4864319994156947,2.4864319994156947,8207710520,16449371360,999225226048,8207651840,2462.1520710002187,2463.653731999784
nymeria,cpu,finetune_encoders,nymeria__only_body_orientation__qwen3_8b,qwen3_8b,only_body_orientation,58680,234720,2316480,81,28468,30212,0.2308309994987212,2.56639199963673,2.56639199963673,8207710520,16449371360,999225785408,8207651840,2462.1520710002187,2463.7651009993533
nymeria,cpu,no_alignment,nymeria__only_body_orientation__qwen3_8b,qwen3_8b,only_body_orientation,58680,234720,2316480,81,28468,30212,0.23043199962557992,2.582263998221501,2.582263998221501,8207710520,16449371360,999225785408,8207651840,2462.1520710002187,2463.764983000601
nymeria,cpu,no_usage,nymeria__only_body_orientation__qwen3_8b,qwen3_8b,only_body_orientation,58680,234720,2316480,81,28468,30212,0.23000100009085145,2.5612019999533775,2.5612019999533775,8207710520,16449371360,999225785408,8207651840,2462.1520710002187,2463.745621999351
nymeria,cpu,tcn,nymeria__only_body_orientation__qwen3_8b,qwen3_8b,only_body_orientation,25264,101056,1557440,272952,25264,0,0.3841519992420217,220.79132199935322,220.79132199935322,8207677104,16449237696,1335684232000,8207651840,2532.1091860000706,2534.308200999021
nymeria,cpu,ts_transformer,nymeria__only_body_orientation__qwen3_8b,qwen3_8b,only_body_orientation,38128,152512,2606016,272952,38128,0,0.4104829995412729,220.8183030000544,220.8183030000544,8207689968,16449289152,1335685280576,8207651840,2532.1091860000706,2534.333391000928
nymeria,cpu,patchtst,nymeria__only_body_orientation__qwen3_8b,qwen3_8b,only_body_orientation,35408,141632,33702208,272952,35408,0,0.7037949999357807,221.11102500032194,221.11102500032194,8207687248,16449278272,985252783168,8207651840,2466.0282720001305,2467.762073999893
nymeria,cpu,distrixsense,nymeria__only_body_position__qwen3_8b,qwen3_8b,only_body_position,51182,204728,1839552,81,28468,22714,0.2282209998156759,2.5608320011377916,2.5608320011377916,8207703022,16449341368,999225308480,8207651840,2462.1520710002187,2463.762702000622
nymeria,cpu,dense,nymeria__only_body_position__qwen3_8b,qwen3_8b,only_body_position,46726,186904,3214784,4324,27444,19282,0.20949099962308537,5.861181999857526,5.861181999857526,8207698566,16449323544,1335685889344,8207651840,2532.1091860000706,2534.3720920013766
nymeria,cpu,dense_tokens,nymeria__only_body_position__qwen3_8b,qwen3_8b,only_body_position,49102,196408,1823168,1100,27444,21658,0.20195100023556734,3.3285629997361683,3.3285629997361683,8207700942,16449333048,999225292096,8207651840,2462.1520710002187,2463.7007420001282
nymeria,cpu,raw,nymeria__only_body_position__qwen3_8b,qwen3_8b,only_body_position,46726,186904,3214784,205452,46726,0,0.4599430003509042,166.85978300067273,166.85978300067273,8207698566,16449323544,1335685889344,8207651840,2532.1091860000706,2534.4062310009576
nymeria,cpu,early_fusion,nymeria__only_body_position__qwen3_8b,qwen3_8b,only_body_position,34822,139288,2454976,205452,34822,0,0.4517419993135263,166.8519530007141,166.8519530007141,8207686662,16449275928,1335685129536,8207651840,2532.1091860000706,2534.372091000023
nymeria,cpu,late_fusion,nymeria__only_body_position__qwen3_8b,qwen3_8b,only_body_position,19612,78448,1221760,88,0,19612,0.02441099968564231,2.3038119990337056,2.3038119990337056,8190754972,16381549168,1124742384768,8190735360,2531.34547100035,2531.832743999985
nymeria,cpu,local_only,nymeria__only_body_position__qwen3_8b,qwen3_8b,only_body_position,19612,78448,1221760,52,0,19612,0.027979999686067458,2.275860999604885,2.275860999604885,8190754972,16381549168,1124742384768,8190735360,2531.34547100035,2531.8288249991383
nymeria,cpu,bottleneck,nymeria__only_body_position__qwen3_8b,qwen3_8b,only_body_position,47018,188072,3231168,684,27604,19414,0.21096199998282827,2.9643629998381833,2.9643629998381833,8207698858,16449324712,1335685905728,8207651840,2532.1091860000706,2534.376762001102
nymeria,cpu,tokenlearner,nymeria__only_body_position__qwen3_8b,qwen3_8b,only_body_position,48046,192184,1806784,1100,27444,20602,0.20911200044793077,3.3270640005820313,3.3270640005820313,8207699886,16449328824,999225275712,8207651840,2462.1520710002187,2463.648342000397
nymeria,cpu,posthoc_vq,nymeria__only_body_position__qwen3_8b,qwen3_8b,only_body_position,48774,195096,3280320,192,28468,20306,0.24424099956377177,2.6991629998323274,2.6991629998323274,8207700614,16449331736,1335685954880,8207651840,2532.1091860000706,2534.5372509996196
nymeria,cpu,joint_vq,nymeria__only_body_position__qwen3_8b,qwen3_8b,only_body_position,51150,204600,1839552,81,28468,22682,0.22747200000594603,2.6272740006169304,2.6272740006169304,8207702990,16449341240,999225308480,8207651840,2462.1520710002187,2464.3579059998046
nymeria,cpu,deepconvlstm,nymeria__only_body_position__qwen3_8b,qwen3_8b,only_body_position,48860,195440,3056768,205452,48860,0,0.38207200032047695,166.78523200009278,166.78523200009278,8207700700,16449332080,1335685731328,8207651840,2532.1091860000706,2534.648512000331
nymeria,cpu,unrestricted_bank,nymeria__only_body_position__qwen3_8b,qwen3_8b,only_body_position,51182,204728,1839552,81,28468,22714,0.23119100023905048,2.5829730002732365,2.5829730002732365,8207703022,16449341368,999225308480,8207651840,2462.1520710002187,2463.8027420010076
nymeria,cpu,separate_banks,nymeria__only_body_position__qwen3_8b,qwen3_8b,only_body_position,51182,204728,1839552,81,28468,22714,0.26313199941796483,2.621434999156813,2.621434999156813,8207703022,16449341368,999225308480,8207651840,2462.1520710002187,2463.7760519995027
nymeria,cpu,fixed_resampling,nymeria__only_body_position__qwen3_8b,qwen3_8b,only_body_position,51182,204728,1521600,81,28468,22714,0.26390199946035864,2.528062998891878,2.528062998891878,8207703022,16449341368,999224990528,8207651840,2462.1520710002187,2463.733932001105
nymeria,cpu,finetune_encoders,nymeria__only_body_position__qwen3_8b,qwen3_8b,only_body_position,51182,204728,1839552,81,28468,22714,0.25911200009431923,2.6153750004886067,2.6153750004886067,8207703022,16449341368,999225308480,8207651840,2462.1520710002187,2463.780033000603
nymeria,cpu,no_alignment,nymeria__only_body_position__qwen3_8b,qwen3_8b,only_body_position,51182,204728,1839552,81,28468,22714,0.2543320006225258,2.6022730017138063,2.6022730017138063,8207703022,16449341368,999225308480,8207651840,2462.1520710002187,2463.8411829996585
nymeria,cpu,no_usage,nymeria__only_body_position__qwen3_8b,qwen3_8b,only_body_position,51182,204728,1839552,81,28468,22714,0.2559120002842974,2.6102840002130367,2.6102840002130367,8207703022,16449341368,999225308480,8207651840,2462.1520710002187,2463.8696330007406
nymeria,cpu,tcn,nymeria__only_body_position__qwen3_8b,qwen3_8b,only_body_position,20710,82840,1268928,205452,20710,0,0.4111830003239447,166.81546300098472,166.81546300098472,8207672550,16449219480,1335683943488,8207651840,2532.1091860000706,2534.3909010011885
nymeria,cpu,ts_transformer,nymeria__only_body_position__qwen3_8b,qwen3_8b,only_body_position,33574,134296,2317504,205452,33574,0,0.4112329997951747,166.8111630000747,166.8111630000747,8207685414,16449270936,1335684992064,8207651840,2532.1091860000706,2534.3443709994062
nymeria,cpu,patchtst,nymeria__only_body_position__qwen3_8b,qwen3_8b,only_body_position,31590,126360,25176384,205452,31590,0,0.6250249998629442,167.02539500003678,167.02539500003678,8207683430,16449263000,985244257344,8207651840,2466.0282720001305,2467.7538730006745
nymeria,cpu,distrixsense,nymeria__only_body_velocity__qwen3_8b,qwen3_8b,only_body_velocity,51182,204728,1839552,81,28468,22714,0.2314020002813777,2.563263999974774,2.563263999974774,8207703022,16449341368,999225308480,8207651840,2462.1520710002187,2463.7322710000262
nymeria,cpu,dense,nymeria__only_body_velocity__qwen3_8b,qwen3_8b,only_body_velocity,46726,186904,3214784,4324,27444,19282,0.2104519999193144,5.859932998969033,5.859932998969033,8207698566,16449323544,1335685889344,8207651840,2532.1091860000706,2534.366062000572
nymeria,cpu,dense_tokens,nymeria__only_body_velocity__qwen3_8b,qwen3_8b,only_body_velocity,49102,196408,1823168,1100,27444,21658,0.19495099968480645,3.318812999163929,3.318812999163929,8207700942,16449333048,999225292096,8207651840,2462.1520710002187,2463.681151000401
nymeria,cpu,raw,nymeria__only_body_velocity__qwen3_8b,qwen3_8b,only_body_velocity,46726,186904,3214784,205452,46726,0,0.46712299990758765,166.8670929997641,166.8670929997641,8207698566,16449323544,1335685889344,8207651840,2532.1091860000706,2534.4049119999
nymeria,cpu,early_fusion,nymeria__only_body_velocity__qwen3_8b,qwen3_8b,only_body_velocity,34822,139288,2454976,205452,34822,0,0.45244400007504737,166.85219400043917,166.85219400043917,8207686662,16449275928,1335685129536,8207651840,2532.1091860000706,2534.3681919998744
nymeria,cpu,late_fusion,nymeria__only_body_velocity__qwen3_8b,qwen3_8b,only_body_velocity,19612,78448,1221760,88,0,19612,0.023889999283710495,2.305342000133742,2.305342000133742,8190754972,16381549168,1124742384768,8190735360,2531.34547100035,2531.828074999794
nymeria,cpu,local_only,nymeria__only_body_velocity__qwen3_8b,qwen3_8b,only_body_velocity,19612,78448,1221760,52,0,19612,0.028229999770701397,2.272760998737323,2.272760998737323,8190754972,16381549168,1124742384768,8190735360,2531.34547100035,2531.8282140005977
nymeria,cpu,bottleneck,nymeria__only_body_velocity__qwen3_8b,qwen3_8b,only_body_velocity,47018,188072,3231168,684,27604,19414,0.20906099962303415,2.9594020000068006,2.9594020000068006,8207698858,16449324712,1335685905728,8207651840,2532.1091860000706,2534.497592000207
nymeria,cpu,tokenlearner,nymeria__only_body_velocity__qwen3_8b,qwen3_8b,only_body_velocity,48046,192184,1806784,1100,27444,20602,0.19864099976985017,3.3188540000945794,3.3188540000945794,8207699886,16449328824,999225275712,8207651840,2462.1520710002187,2463.744291000239
nymeria,cpu,posthoc_vq,nymeria__only_body_velocity__qwen3_8b,qwen3_8b,only_body_velocity,48774,195096,3280320,192,28468,20306,0.24894200032576919,2.708674000658351,2.708674000658351,8207700614,16449331736,1335685954880,8207651840,2532.1091860000706,2534.8067850004554
nymeria,cpu,joint_vq,nymeria__only_body_velocity__qwen3_8b,qwen3_8b,only_body_velocity,51150,204600,1839552,81,28468,22682,0.2609719995234627,2.6970739991446724,2.6970739991446724,8207702990,16449341240,999225308480,8207651840,2462.1520710002187,2463.854463000189
nymeria,cpu,deepconvlstm,nymeria__only_body_velocity__qwen3_8b,qwen3_8b,only_body_velocity,48860,195440,3056768,205452,48860,0,0.3704629998537712,166.769953000239,166.769953000239,8207700700,16449332080,1335685731328,8207651840,2532.1091860000706,2534.2764200008787
nymeria,cpu,unrestricted_bank,nymeria__only_body_velocity__qwen3_8b,qwen3_8b,only_body_velocity,51182,204728,1839552,81,28468,22714,0.2059419994111522,2.53554299891392,2.53554299891392,8207703022,16449341368,999225308480,8207651840,2462.1520710002187,2463.74335200062
nymeria,cpu,separate_banks,nymeria__only_body_velocity__qwen3_8b,qwen3_8b,only_body_velocity,51182,204728,1839552,81,28468,22714,0.2334119999432005,2.5584349996569333,2.5584349996569333,8207703022,16449341368,999225308480,8207651840,2462.1520710002187,2463.7570510008118
nymeria,cpu,fixed_resampling,nymeria__only_body_velocity__qwen3_8b,qwen3_8b,only_body_velocity,51182,204728,1521600,81,28468,22714,0.22850100049254252,2.4729720016984036,2.4729720016984036,8207703022,16449341368,999224990528,8207651840,2462.1520710002187,2464.032884000062
nymeria,cpu,finetune_encoders,nymeria__only_body_velocity__qwen3_8b,qwen3_8b,only_body_velocity,51182,204728,1839552,81,28468,22714,0.25815199933276745,2.626943999559339,2.626943999559339,8207703022,16449341368,999225308480,8207651840,2462.1520710002187,2463.985154000966
nymeria,cpu,no_alignment,nymeria__only_body_velocity__qwen3_8b,qwen3_8b,only_body_velocity,51182,204728,1839552,81,28468,22714,0.22808199992141454,2.628923999538424,2.628923999538424,8207703022,16449341368,999225308480,8207651840,2462.1520710002187,2463.832153000567
nymeria,cpu,no_usage,nymeria__only_body_velocity__qwen3_8b,qwen3_8b,only_body_velocity,51182,204728,1839552,81,28468,22714,0.22585199985769577,2.550255000671209,2.550255000671209,8207703022,16449341368,999225308480,8207651840,2462.1520710002187,2464.6098779999193
nymeria,cpu,tcn,nymeria__only_body_velocity__qwen3_8b,qwen3_8b,only_body_velocity,20710,82840,1268928,205452,20710,0,0.3887129996655858,166.79062299901472,166.79062299901472,8207672550,16449219480,1335683943488,8207651840,2532.1091860000706,2534.303072000057
nymeria,cpu,ts_transformer,nymeria__only_body_velocity__qwen3_8b,qwen3_8b,only_body_velocity,33574,134296,2317504,205452,33574,0,0.40973300019686576,166.81042400015923,166.81042400015923,8207685414,16449270936,1335684992064,8207651840,2532.1091860000706,2534.36807099979
nymeria,cpu,patchtst,nymeria__only_body_velocity__qwen3_8b,qwen3_8b,only_body_velocity,31590,126360,25176384,205452,31590,0,0.6348339993564878,167.03484399879,167.03484399879,8207683430,16449263000,985244257344,8207651840,2466.0282720001305,2467.798244000278
nymeria,cpu,distrixsense,nymeria__only_eye_images__qwen3_8b,qwen3_8b,only_eye_images,72004,288016,3472384,164,29556,42448,0.2661320004335721,2.5857240001042605,4.8760960004694525,8207723844,16449424656,1139268068480,8207651840,2491.7344820000835,2493.894275999537
nymeria,cpu,dense,nymeria__only_eye_images__qwen3_8b,qwen3_8b,only_eye_images,63092,252368,6714368,8648,27508,35584,0.26132099992537405,5.912013001174945,11.531544001363253,8207714932,16449389008,1813435430016,8207651840,2646.493525999631,2650.040721000096
nymeria,cpu,dense_tokens,nymeria__only_eye_images__qwen3_8b,qwen3_8b,only_eye_images,67844,271376,3439616,2200,27508,40336,0.22863200047140708,3.3540829999718698,6.460794999829668,8207719684,16449408016,1139268035712,8207651840,2491.7344820000835,2493.904346999898
nymeria,cpu,raw,nymeria__only_eye_images__qwen3_8b,qwen3_8b,only_eye_images,63092,252368,6714368,15968,63092,0,0.6397139995897305,9.048564000734466,17.444924000270234,8207714932,16449389008,1813435430016,8207651840,2646.493525999631,2649.9485079989427
nymeria,cpu,early_fusion,nymeria__only_eye_images__qwen3_8b,qwen3_8b,only_eye_images,40532,162128,2808832,15968,40532,0,0.5709439992642729,8.980344000049506,17.376854000727448,8207692372,16449298768,1363686788224,8207651840,2552.962512999784,2555.394380999587
nymeria,cpu,late_fusion,nymeria__only_eye_images__qwen3_8b,qwen3_8b,only_eye_images,36244,144976,2254080,176,0,36244,0.030450999474851415,2.2917019997725494,4.539173000280116,8190771604,16381615696,1152709332480,8190735360,2535.1087139997617,2535.773528999016
nymeria,cpu,local_only,nymeria__only_eye_images__qwen3_8b,qwen3_8b,only_eye_images,36244,144976,2254080,104,0,36244,0.03735999962373171,2.2853909997752284,4.49991300004964,8190771604,16381615696,1152709332480,8190735360,2535.1087139997617,2535.799447999125
nymeria,cpu,bottleneck,nymeria__only_eye_images__qwen3_8b,qwen3_8b,only_eye_images,63676,254704,6747136,1368,27828,35848,0.2791220003928174,3.0153529999288615,5.736904001007183,8207715516,16449391344,1813435462784,8207651840,2646.493525999631,2650.0604500001828
nymeria,cpu,tokenlearner,nymeria__only_eye_images__qwen3_8b,qwen3_8b,only_eye_images,65732,262928,3406848,2200,27508,38224,0.22221099970920477,3.327682999947574,6.4217549988732205,8207717572,16449399568,1139268002944,8207651840,2491.7344820000835,2493.802045999928
nymeria,cpu,posthoc_vq,nymeria__only_eye_images__qwen3_8b,qwen3_8b,only_eye_images,69236,276944,6845440,392,29556,39680,0.3070519996981602,2.764344000558846,5.1817260005687364,8207721076,16449413584,1813435561088,8207651840,2646.493525999631,2650.35078199935
nymeria,cpu,joint_vq,nymeria__only_eye_images__qwen3_8b,qwen3_8b,only_eye_images,73988,295952,3472384,164,29556,44432,0.2667919998202706,2.665993999775406,5.031756000487995,8207725828,16449432592,1139268068480,8207651840,2491.7344820000835,2494.075709000299
nymeria,cpu,deepconvlstm,nymeria__only_eye_images__qwen3_8b,qwen3_8b,only_eye_images,62026,248104,3891840,15968,62026,0,0.45861299986427184,8.867752998851635,17.264152998873882,8207713866,16449384744,1363687871232,8207651840,2552.962512999784,2555.220778999228
nymeria,cpu,unrestricted_bank,nymeria__only_eye_images__qwen3_8b,qwen3_8b,only_eye_images,74116,296464,3505152,164,29556,44560,0.23925200002850033,2.5550339999736984,4.849895999239571,8207725956,16449433104,1139268101248,8207651840,2491.7344820000835,2493.965168000159
nymeria,cpu,separate_banks,nymeria__only_eye_images__qwen3_8b,qwen3_8b,only_eye_images,72004,288016,3472384,164,29556,42448,0.2800920001391205,2.5987340016709872,4.891835000915499,8207723844,16449424656,1139268068480,8207651840,2491.7344820000835,2493.8973459998124
nymeria,cpu,fixed_resampling,nymeria__only_eye_images__qwen3_8b,qwen3_8b,only_eye_images,72004,288016,2923520,164,29556,42448,0.26511200030654436,2.501103000517201,4.715794000429206,8207723844,16449424656,1139267519616,8207651840,2491.7344820000835,2493.7469149995195
nymeria,cpu,finetune_encoders,nymeria__only_eye_images__qwen3_8b,qwen3_8b,only_eye_images,72004,288016,3472384,164,29556,42448,0.2799519998006872,2.594072999576479,4.884413999814761,8207723844,16449424656,1139268068480,8207651840,2491.7344820000835,2493.908046999877
nymeria,cpu,no_alignment,nymeria__only_eye_images__qwen3_8b,qwen3_8b,only_eye_images,72004,288016,3472384,164,29556,42448,0.26882200018008007,2.5922939997454755,4.884975999328354,8207723844,16449424656,1139268068480,8207651840,2491.7344820000835,2493.9112780007235
nymeria,cpu,no_usage,nymeria__only_eye_images__qwen3_8b,qwen3_8b,only_eye_images,72004,288016,3472384,164,29556,42448,0.2815020006892155,2.600943001502042,4.896515001444833,8207723844,16449424656,1139268068480,8207651840,2491.7344820000835,2493.900406999728
nymeria,cpu,tcn,nymeria__only_eye_images__qwen3_8b,qwen3_8b,only_eye_images,26388,105552,1622784,15968,26388,0,0.4910540001219488,8.899903999447695,17.296143999343016,8207678228,16449242192,1363685602176,8207651840,2552.962512999784,2555.235487999653
nymeria,cpu,ts_transformer,nymeria__only_eye_images__qwen3_8b,qwen3_8b,only_eye_images,39252,157008,2671360,15968,39252,0,0.5118929993841448,8.921223000000161,17.31759300033967,8207691092,16449293648,1363686650752,8207651840,2552.962512999784,2555.257468999571
nymeria,cpu,patchtst,nymeria__only_eye_images__qwen3_8b,qwen3_8b,only_eye_images,35348,141392,46658688,15968,35348,0,0.8335450002050493,9.242674999298167,17.639054998622427,8207687188,16449278032,1013208062080,8207651840,2533.5387370000717,2535.4506200005744
nymeria,cpu,distrixsense,nymeria__only_foot_contacts__qwen3_8b,qwen3_8b,only_foot_contacts,35712,142848,857792,81,28468,7244,0.23290200078918133,2.5516530013482086,2.5516530013482086,8207687552,16449279488,999224326720,8207651840,2462.1520710002187,2463.7450010000066
nymeria,cpu,dense,nymeria__only_foot_contacts__qwen3_8b,qwen3_8b,only_foot_contacts,31256,125024,2233024,4324,27444,3812,0.21345099958125502,5.862671999561589,5.862671999561589,8207683096,16449261664,1335684907584,8207651840,2532.1091860000706,2534.372352000446
nymeria,cpu,dense_tokens,nymeria__only_foot_contacts__qwen3_8b,qwen3_8b,only_foot_contacts,33632,134528,841408,1100,27444,6188,0.19622200034064008,3.312054001066717,3.312054001066717,8207685472,16449271168,999224310336,8207651840,2462.1520710002187,2463.674002000971
nymeria,cpu,raw,nymeria__only_foot_contacts__qwen3_8b,qwen3_8b,only_foot_contacts,31256,125024,2233024,14696,31256,0,0.46153299990692176,14.240922999296233,14.240922999296233,8207683096,16449261664,1335684907584,8207651840,2532.1091860000706,2534.3464420006967
nymeria,cpu,early_fusion,nymeria__only_foot_contacts__qwen3_8b,qwen3_8b,only_foot_contacts,27672,110688,2005696,14696,27672,0,0.48431300001539057,14.2633730001661,14.2633730001661,8207679512,16449247328,1335684680256,8207651840,2532.1091860000706,2534.352920999936
nymeria,cpu,late_fusion,nymeria__only_foot_contacts__qwen3_8b,qwen3_8b,only_foot_contacts,4142,16568,240000,88,0,4142,0.024250000024039764,2.323521998866845,2.323521998866845,8190739502,16381487288,1124741403008,8190735360,2531.34547100035,2531.826703999286
nymeria,cpu,local_only,nymeria__only_foot_contacts__qwen3_8b,qwen3_8b,only_foot_contacts,4142,16568,240000,52,0,4142,0.02773100004560547,2.268482000788464,2.268482000788464,8190739502,16381487288,1124741403008,8190735360,2531.34547100035,2531.8296440009362
nymeria,cpu,bottleneck,nymeria__only_foot_contacts__qwen3_8b,qwen3_8b,only_foot_contacts,31548,126192,2249408,684,27604,3944,0.2136309994966723,2.956092001360073,2.956092001360073,8207683388,16449262832,1335684923968,8207651840,2532.1091860000706,2534.383890999834
nymeria,cpu,tokenlearner,nymeria__only_foot_contacts__qwen3_8b,qwen3_8b,only_foot_contacts,32576,130304,825024,1100,27444,5132,0.1958719994945568,3.3198939991006045,3.3198939991006045,8207684416,16449266944,999224293952,8207651840,2462.1520710002187,2463.701320999917
nymeria,cpu,posthoc_vq,nymeria__only_foot_contacts__qwen3_8b,qwen3_8b,only_foot_contacts,33304,133216,2298560,192,28468,4836,0.2534519999244367,2.7017740008690394,2.7017740008690394,8207685144,16449269856,1335684973120,8207651840,2532.1091860000706,2534.5390329998736
nymeria,cpu,joint_vq,nymeria__only_foot_contacts__qwen3_8b,qwen3_8b,only_foot_contacts,35680,142720,857792,81,28468,7212,0.23627199971087975,2.64117500049168,2.64117500049168,8207687520,16449279360,999224326720,8207651840,2462.1520710002187,2463.8176630001
nymeria,cpu,deepconvlstm,nymeria__only_foot_contacts__qwen3_8b,qwen3_8b,only_foot_contacts,33390,133560,2075008,14696,33390,0,0.3810520001934492,14.159962999646156,14.159962999646156,8207685230,16449270200,1335684749568,8207651840,2532.1091860000706,2534.2485500000294
nymeria,cpu,unrestricted_bank,nymeria__only_foot_contacts__qwen3_8b,qwen3_8b,only_foot_contacts,35712,142848,857792,81,28468,7244,0.20959199991921196,2.531633999780647,2.531633999780647,8207687552,16449279488,999224326720,8207651840,2462.1520710002187,2463.7234609995176
nymeria,cpu,separate_banks,nymeria__only_foot_contacts__qwen3_8b,qwen3_8b,only_foot_contacts,35712,142848,857792,81,28468,7244,0.23798199981683865,2.562552999763179,2.562552999763179,8207687552,16449279488,999224326720,8207651840,2462.1520710002187,2463.7448409998797
nymeria,cpu,fixed_resampling,nymeria__only_foot_contacts__qwen3_8b,qwen3_8b,only_foot_contacts,35712,142848,856000,81,28468,7244,0.23300199973164126,2.475422999879706,2.475422999879706,8207687552,16449279488,999224324928,8207651840,2462.1520710002187,2463.6739910006327
nymeria,cpu,finetune_encoders,nymeria__only_foot_contacts__qwen3_8b,qwen3_8b,only_foot_contacts,35712,142848,857792,81,28468,7244,0.22566099960386055,2.5486630002268473,2.5486630002268473,8207687552,16449279488,999224326720,8207651840,2462.1520710002187,2463.755062000473
nymeria,cpu,no_alignment,nymeria__only_foot_contacts__qwen3_8b,qwen3_8b,only_foot_contacts,35712,142848,857792,81,28468,7244,0.2286119997734204,2.563052999932447,2.563052999932447,8207687552,16449279488,999224326720,8207651840,2462.1520710002187,2463.744523000514
nymeria,cpu,no_usage,nymeria__only_foot_contacts__qwen3_8b,qwen3_8b,only_foot_contacts,35712,142848,857792,81,28468,7244,0.2285110003867885,2.5567530010738526,2.5567530010738526,8207687552,16449279488,999224326720,8207651840,2462.1520710002187,2463.7806120003916
nymeria,cpu,tcn,nymeria__only_foot_contacts__qwen3_8b,qwen3_8b,only_foot_contacts,13560,54240,819648,14696,13560,0,0.3721429993674974,14.15102299960279,14.15102299960279,8207665400,16449190880,1335683494208,8207651840,2532.1091860000706,2534.249209999416
nymeria,cpu,ts_transformer,nymeria__only_foot_contacts__qwen3_8b,qwen3_8b,only_foot_contacts,26424,105696,1868224,14696,26424,0,0.4111830003239447,14.18999300039002,14.18999300039002,8207678264,16449242336,1335684542784,8207651840,2532.1091860000706,2534.288940999886
nymeria,cpu,patchtst,nymeria__only_foot_contacts__qwen3_8b,qwen3_8b,only_foot_contacts,26520,106080,1447744,14696,26520,0,0.4677030001403182,14.246763000291027,14.246763000291027,8207678360,16449242720,985220528704,8207651840,2466.0282720001305,2467.514352001217
nymeria,cpu,distrixsense,nymeria__only_gaze__qwen3_8b,qwen3_8b,only_gaze,43700,174800,1676544,164,29556,14144,0.2697119998629205,2.580954000526713,4.863276000531378,8207695540,16449311440,1139266272640,8207651840,2491.7344820000835,2493.85448700059
nymeria,cpu,dense,nymeria__only_gaze__qwen3_8b,qwen3_8b,only_gaze,34788,139152,4918528,8648,27508,7280,0.2617210002426873,5.908712001068797,11.521343000558298,8207686628,16449275792,1813433634176,8207651840,2646.493525999631,2649.957809999705
nymeria,cpu,dense_tokens,nymeria__only_gaze__qwen3_8b,qwen3_8b,only_gaze,39540,158160,1643776,2200,27508,12032,0.22655100019619567,3.3384329999488545,6.42125400007877,8207691380,16449294800,1139266239872,8207651840,2491.7344820000835,2493.7517149996893
nymeria,cpu,raw,nymeria__only_gaze__qwen3_8b,qwen3_8b,only_gaze,34788,139152,4918528,1048,34788,0,0.6307249996098108,3.0712650003949413,5.499176000586338,8207686628,16449275792,1813433634176,8207651840,2646.493525999631,2649.925947999236
nymeria,cpu,early_fusion,nymeria__only_gaze__qwen3_8b,qwen3_8b,only_gaze,27844,111376,2012416,1048,27844,0,0.5789639999420615,3.019024000346416,5.4473350008551265,8207679684,16449248016,1363685991808,8207651840,2552.962512999784,2555.308389000402
nymeria,cpu,late_fusion,nymeria__only_gaze__qwen3_8b,qwen3_8b,only_gaze,7940,31760,458240,176,0,7940,0.03665999975055456,2.291390998968773,4.531481998396758,8190743300,16381502480,1152707536640,8190735360,2535.1087139997617,2535.7631779997973
nymeria,cpu,local_only,nymeria__only_gaze__qwen3_8b,qwen3_8b,only_gaze,7940,31760,458240,104,0,7940,0.03819999983534217,2.2640809995823306,4.468881999432563,8190743300,16381502480,1152707536640,8190735360,2535.1087139997617,2535.7781379998414
nymeria,cpu,bottleneck,nymeria__only_gaze__qwen3_8b,qwen3_8b,only_gaze,35372,141488,4951296,1368,27828,7544,0.2678219998415443,2.9981629998210586,5.712404999523692,8207687212,16449278128,1813433666944,8207651840,2646.493525999631,2650.0449709997156
nymeria,cpu,tokenlearner,nymeria__only_gaze__qwen3_8b,qwen3_8b,only_gaze,37428,149712,1611008,2200,27508,9920,0.22724100017512683,3.3352820000753853,6.4315729996358275,8207689268,16449286352,1139266207104,8207651840,2491.7344820000835,2493.769946000157
nymeria,cpu,posthoc_vq,nymeria__only_gaze__qwen3_8b,qwen3_8b,only_gaze,40932,163728,5049600,392,29556,11376,0.31350199969892856,2.7588430009812117,5.177475000504777,8207692772,16449300368,1813433765248,8207651840,2646.493525999631,2650.29983300019
nymeria,cpu,joint_vq,nymeria__only_gaze__qwen3_8b,qwen3_8b,only_gaze,45684,182736,1676544,164,29556,16128,0.27367199982109014,2.6648739997964235,5.0208159997675565,8207697524,16449319376,1139266272640,8207651840,2491.7344820000835,2494.010267000249
nymeria,cpu,deepconvlstm,nymeria__only_gaze__qwen3_8b,qwen3_8b,only_gaze,33722,134888,2096000,1048,33722,0,0.4526130005615414,2.8925330006274628,5.320363000311225,8207685562,16449271528,1363686075392,8207651840,2552.962512999784,2555.284587999722
nymeria,cpu,unrestricted_bank,nymeria__only_gaze__qwen3_8b,qwen3_8b,only_gaze,45812,183248,1709312,164,29556,16256,0.23735200011287816,2.5520840002483105,4.844266000571416,8207697652,16449319888,1139266305408,8207651840,2491.7344820000835,2493.844746999912
nymeria,cpu,separate_banks,nymeria__only_gaze__qwen3_8b,qwen3_8b,only_gaze,43700,174800,1676544,164,29556,14144,0.2797520000967779,2.5904430006759007,4.871945000257448,8207695540,16449311440,1139266272640,8207651840,2491.7344820000835,2494.0247079989604
nymeria,cpu,fixed_resampling,nymeria__only_gaze__qwen3_8b,qwen3_8b,only_gaze,43700,174800,1674240,164,29556,14144,0.2904519997173338,2.52377299906048,4.736873999416467,8207695540,16449311440,1139266270336,8207651840,2491.7344820000835,2493.7279649998345
nymeria,cpu,finetune_encoders,nymeria__only_gaze__qwen3_8b,qwen3_8b,only_gaze,43700,174800,1676544,164,29556,14144,0.27286200020171236,2.6121329995786304,4.895624000408326,8207695540,16449311440,1139266272640,8207651840,2491.7344820000835,2493.89237800051
nymeria,cpu,no_alignment,nymeria__only_gaze__qwen3_8b,qwen3_8b,only_gaze,43700,174800,1676544,164,29556,14144,0.2907819998654304,2.6087440004031173,4.892405000344489,8207695540,16449311440,1139266272640,8207651840,2491.7344820000835,2493.8890770004036
nymeria,cpu,no_usage,nymeria__only_gaze__qwen3_8b,qwen3_8b,only_gaze,43700,174800,1676544,164,29556,14144,0.2633019994391361,2.581062998919247,4.8732449992423525,8207695540,16449311440,1139266272640,8207651840,2491.7344820000835,2494.709862000036
nymeria,cpu,tcn,nymeria__only_gaze__qwen3_8b,qwen3_8b,only_gaze,13700,54800,826368,1048,13700,0,0.4718139998658444,2.911903999952937,5.339903999657871,8207665540,16449191440,1363684805760,8207651840,2552.962512999784,2555.210208999142
nymeria,cpu,ts_transformer,nymeria__only_gaze__qwen3_8b,qwen3_8b,only_gaze,26564,106256,1874944,1048,26564,0,0.49443300031271065,2.934343000484386,5.362122999787424,8207678404,16449242896,1363685854336,8207651840,2552.962512999784,2555.446829999255
nymeria,cpu,patchtst,nymeria__only_gaze__qwen3_8b,qwen3_8b,only_gaze,26564,106256,2168704,1048,26564,0,0.5661739996867254,3.006063999160414,5.433973999817134,8207678404,16449242896,1013163572096,8207651840,2533.5387370000717,2535.148067999671
nymeria,cpu,distrixsense,nymeria__only_imu__qwen3_8b,qwen3_8b,only_imu,96836,387344,7606656,672,36084,60752,0.49813300029200036,3.187046999596618,11.006628000632533,8207748676,16449523984,1981996226560,8207651840,2677.45124799967,2683.1472249996295
nymeria,cpu,dense,nymeria__only_imu__qwen3_8b,qwen3_8b,only_imu,61188,244752,32371072,34592,27892,33296,0.703723999322392,10.058637000072375,37.94545299991106,8207713028,16449381392,4708574468096,8207651840,3452.3431319994415,3463.6431669996455
nymeria,cpu,dense_tokens,nymeria__only_imu__qwen3_8b,qwen3_8b,only_imu,80196,320784,7475584,8800,27892,52304,0.4906530002699583,4.824687000507547,17.62329600092111,8207732036,16449457424,1981996095488,8207651840,2677.45124799967,2683.13998099984
nymeria,cpu,raw,nymeria__only_imu__qwen3_8b,qwen3_8b,only_imu,61188,244752,32371072,616576,61188,0,3.2262189997709356,128.70949999985442,504.9115310005618,8207713028,16449381392,4708574468096,8207651840,3452.3431319994415,3465.050585999961
nymeria,cpu,early_fusion,nymeria__only_imu__qwen3_8b,qwen3_8b,only_imu,30244,120976,2136448,616576,30244,0,1.7194490001202212,127.18444999979965,503.3437730001424,8207682084,16449257616,1531793035264,8207651840,2577.665574999628,2581.7431880004733
nymeria,cpu,late_fusion,nymeria__only_imu__qwen3_8b,qwen3_8b,only_imu,35936,143744,2097152,704,0,35936,0.06411100002878811,2.6749640007827664,10.350111001545377,8190771296,16381614464,1320603758336,8190735360,2585.7234379996044,2587.857191999774
nymeria,cpu,local_only,nymeria__only_imu__qwen3_8b,qwen3_8b,only_imu,35936,143744,2097152,416,0,35936,0.09077100003196392,2.635433000234992,10.116588999091485,8190771296,16381614464,1320603758336,8190735360,2585.7234379996044,2587.8872199996295
nymeria,cpu,bottleneck,nymeria__only_imu__qwen3_8b,qwen3_8b,only_imu,63524,254096,32502144,5472,29172,34352,0.8924350004235748,4.623298000287882,15.213245000232035,8207715364,16449390736,4708574599168,8207651840,3452.3431319994415,3464.086689999931
nymeria,cpu,tokenlearner,nymeria__only_imu__qwen3_8b,qwen3_8b,only_imu,71748,286992,7344512,8800,27892,43856,0.3998120000687777,4.680744000723061,17.312540999911143,8207723588,16449423632,1981995964416,8207651840,2677.45124799967,2682.746548999603
nymeria,cpu,posthoc_vq,nymeria__only_imu__qwen3_8b,qwen3_8b,only_imu,102148,408592,32895360,1632,36084,66064,0.7941450003272621,3.7484189996194677,12.357827999432944,8207753988,16449545232,4708574992384,8207651840,3452.3431319994415,3464.483641998413
nymeria,cpu,joint_vq,nymeria__only_imu__qwen3_8b,qwen3_8b,only_imu,121156,484624,7606656,672,36084,85072,0.5092530000183615,3.3390259998896856,11.561255998731555,8207772996,16449621264,1981996226560,8207651840,2677.45124799967,2683.697104998828
nymeria,cpu,deepconvlstm,nymeria__only_imu__qwen3_8b,qwen3_8b,only_imu,40922,163688,2551424,616576,40922,0,1.359658000183117,126.80636800093907,502.9122990020369,8207692762,16449300328,1531793450240,8207651840,2577.665574999628,2581.2333049998415
nymeria,cpu,unrestricted_bank,nymeria__only_imu__qwen3_8b,qwen3_8b,only_imu,155972,623888,8524160,672,36084,119888,0.44999199963058345,3.1489339992959633,11.00208199959559,8207807812,16449760528,1981997144064,8207651840,2677.45124799967,2683.0646999997043
nymeria,cpu,separate_banks,nymeria__only_imu__qwen3_8b,qwen3_8b,only_imu,96836,387344,7606656,672,36084,60752,0.5187329998079804,3.2227159993682055,11.072103998504078,8207748676,16449523984,1981996226560,8207651840,2677.45124799967,2683.3360909995463
nymeria,cpu,fixed_resampling,nymeria__only_imu__qwen3_8b,qwen3_8b,only_imu,96836,387344,7579008,672,36084,60752,0.4988029995729448,3.0717249986310837,10.517329996492096,8207748676,16449523984,1981996198912,8207651840,2677.45124799967,2682.629947999885
nymeria,cpu,finetune_encoders,nymeria__only_imu__qwen3_8b,qwen3_8b,only_imu,96836,387344,7606656,672,36084,60752,0.4976030004399945,3.2069669999374075,11.032032999810669,8207748676,16449523984,1981996226560,8207651840,2677.45124799967,2683.1874409999728
nymeria,cpu,no_alignment,nymeria__only_imu__qwen3_8b,qwen3_8b,only_imu,96836,387344,7606656,672,36084,60752,0.548602999515424,3.28008600019993,11.107075999735004,8207748676,16449523984,1981996226560,8207651840,2677.45124799967,2683.141299999079
nymeria,cpu,no_usage,nymeria__only_imu__qwen3_8b,qwen3_8b,only_imu,96836,387344,7606656,672,36084,60752,0.4992829999537207,3.197005999322841,11.045064998416253,8207748676,16449523984,1981996226560,8207651840,2677.45124799967,2683.8974249994862
nymeria,cpu,tcn,nymeria__only_imu__qwen3_8b,qwen3_8b,only_imu,15908,63632,950400,616576,15908,0,1.4398479997907998,126.88941899893962,502.99672099872623,8207667748,16449200272,1531791849216,8207651840,2577.665574999628,2581.4733079996586
nymeria,cpu,ts_transformer,nymeria__only_imu__qwen3_8b,qwen3_8b,only_imu,28772,115088,1998976,616576,28772,0,1.4635480001743417,126.90905799997836,503.0160790004629,8207680612,16449251728,1531792897792,8207651840,2577.665574999628,2581.483365999702
nymeria,cpu,patchtst,nymeria__only_imu__qwen3_8b,qwen3_8b,only_imu,27236,108944,17322496,616576,27236,0,1.6393089999837684,127.10219899970525,503.20747899995695,8207679076,16449245584,1180931750912,8207651840,2493.555767000089,2496.624093999799
nymeria,cpu,distrixsense,nymeria__only_joint_angles__qwen3_8b,qwen3_8b,only_joint_angles,51182,204728,1839552,81,28468,22714,0.2244810002594022,2.54647200111493,2.54647200111493,8207703022,16449341368,999225308480,8207651840,2462.1520710002187,2463.859861000401
nymeria,cpu,dense,nymeria__only_joint_angles__qwen3_8b,qwen3_8b,only_joint_angles,46726,186904,3214784,4324,27444,19282,0.2111409994540736,5.862381999899971,5.862381999899971,8207698566,16449323544,1335685889344,8207651840,2532.1091860000706,2534.4236099995214
nymeria,cpu,dense_tokens,nymeria__only_joint_angles__qwen3_8b,qwen3_8b,only_joint_angles,49102,196408,1823168,1100,27444,21658,0.19405100010772003,3.3188929992273914,3.3188929992273914,8207700942,16449333048,999225292096,8207651840,2462.1520710002187,2463.7261499997294
nymeria,cpu,raw,nymeria__only_joint_angles__qwen3_8b,qwen3_8b,only_joint_angles,46726,186904,3214784,205452,46726,0,0.4570029996102676,166.85778299908617,166.85778299908617,8207698566,16449323544,1335685889344,8207651840,2532.1091860000706,2534.416708999288
nymeria,cpu,early_fusion,nymeria__only_joint_angles__qwen3_8b,qwen3_8b,only_joint_angles,34822,139288,2454976,205452,34822,0,0.45996300013939617,166.8612649995519,166.8612649995519,8207686662,16449275928,1335685129536,8207651840,2532.1091860000706,2534.402289000809
nymeria,cpu,late_fusion,nymeria__only_joint_angles__qwen3_8b,qwen3_8b,only_joint_angles,19612,78448,1221760,88,0,19612,0.0237300000662799,2.3040909992664003,2.3040909992664003,8190754972,16381549168,1124742384768,8190735360,2531.34547100035,2531.83323400026
nymeria,cpu,local_only,nymeria__only_joint_angles__qwen3_8b,qwen3_8b,only_joint_angles,19612,78448,1221760,52,0,19612,0.028050000764778815,2.2706410002387942,2.2706410002387942,8190754972,16381549168,1124742384768,8190735360,2531.34547100035,2531.8482140000924
nymeria,cpu,bottleneck,nymeria__only_joint_angles__qwen3_8b,qwen3_8b,only_joint_angles,47018,188072,3231168,684,27604,19414,0.21479099996213336,2.9732420000719024,2.9732420000719024,8207698858,16449324712,1335685905728,8207651840,2532.1091860000706,2534.4035590010208
nymeria,cpu,tokenlearner,nymeria__only_joint_angles__qwen3_8b,qwen3_8b,only_joint_angles,48046,192184,1806784,1100,27444,20602,0.19428099949436728,3.3245129980013006,3.3245129980013006,8207699886,16449328824,999225275712,8207651840,2462.1520710002187,2463.755880000008
nymeria,cpu,posthoc_vq,nymeria__only_joint_angles__qwen3_8b,qwen3_8b,only_joint_angles,48774,195096,3280320,192,28468,20306,0.24516200028301682,2.709013999791199,2.709013999791199,8207700614,16449331736,1335685954880,8207651840,2532.1091860000706,2534.5902100002604
nymeria,cpu,joint_vq,nymeria__only_joint_angles__qwen3_8b,qwen3_8b,only_joint_angles,51150,204600,1839552,81,28468,22682,0.22374099989974638,2.6441530008304515,2.6441530008304515,8207702990,16449341240,999225308480,8207651840,2462.1520710002187,2463.8466910005263
nymeria,cpu,deepconvlstm,nymeria__only_joint_angles__qwen3_8b,qwen3_8b,only_joint_angles,48860,195440,3056768,205452,48860,0,0.3748120007003308,166.77537199977434,166.77537199977434,8207700700,16449332080,1335685731328,8207651840,2532.1091860000706,2534.3172000007144
nymeria,cpu,unrestricted_bank,nymeria__only_joint_angles__qwen3_8b,qwen3_8b,only_joint_angles,51182,204728,1839552,81,28468,22714,0.20765099998243386,2.548493000205676,2.548493000205676,8207703022,16449341368,999225308480,8207651840,2462.1520710002187,2463.7647200001993
nymeria,cpu,separate_banks,nymeria__only_joint_angles__qwen3_8b,qwen3_8b,only_joint_angles,51182,204728,1839552,81,28468,22714,0.2314509993084357,2.5644219995518913,2.5644219995518913,8207703022,16449341368,999225308480,8207651840,2462.1520710002187,2463.7833300007514
nymeria,cpu,fixed_resampling,nymeria__only_joint_angles__qwen3_8b,qwen3_8b,only_joint_angles,51182,204728,1521600,81,28468,22714,0.2416120005364064,2.4917629998816526,2.4917629998816526,8207703022,16449341368,999224990528,8207651840,2462.1520710002187,2463.6741100007384
nymeria,cpu,finetune_encoders,nymeria__only_joint_angles__qwen3_8b,qwen3_8b,only_joint_angles,51182,204728,1839552,81,28468,22714,0.361022000106459,2.694212999842316,2.694212999842316,8207703022,16449341368,999225308480,8207651840,2462.1520710002187,2464.4213030001083
nymeria,cpu,no_alignment,nymeria__only_joint_angles__qwen3_8b,qwen3_8b,only_joint_angles,51182,204728,1839552,81,28468,22714,0.2843310003299848,2.680063000327104,2.680063000327104,8207703022,16449341368,999225308480,8207651840,2462.1520710002187,2463.9041710001948
nymeria,cpu,no_usage,nymeria__only_joint_angles__qwen3_8b,qwen3_8b,only_joint_angles,51182,204728,1839552,81,28468,22714,0.2546519999668817,2.606344000043359,2.606344000043359,8207703022,16449341368,999225308480,8207651840,2462.1520710002187,2463.7988300014513
nymeria,cpu,tcn,nymeria__only_joint_angles__qwen3_8b,qwen3_8b,only_joint_angles,20710,82840,1268928,205452,20710,0,0.40999199973157374,166.81471299982132,166.81471299982132,8207672550,16449219480,1335683943488,8207651840,2532.1091860000706,2534.591370000726
nymeria,cpu,ts_transformer,nymeria__only_joint_angles__qwen3_8b,qwen3_8b,only_joint_angles,33574,134296,2317504,205452,33574,0,0.46076299986452796,166.86531300039843,166.86531300039843,8207685414,16449270936,1335684992064,8207651840,2532.1091860000706,2534.3781690003198
nymeria,cpu,patchtst,nymeria__only_joint_angles__qwen3_8b,qwen3_8b,only_joint_angles,31590,126360,25176384,205452,31590,0,0.6251630002225284,167.02636299980423,167.02636299980423,8207683430,16449263000,985244257344,8207651840,2466.0282720001305,2467.7459629988334
nymeria,cpu,distrixsense,nymeria__only_magnetometer__qwen3_8b,qwen3_8b,only_magnetometer,43700,174800,1676544,164,29556,14144,0.26755099952424644,2.5744129992145695,4.8608539997696525,8207695540,16449311440,1139266272640,8207651840,2491.7344820000835,2493.87764300036
nymeria,cpu,dense,nymeria__only_magnetometer__qwen3_8b,qwen3_8b,only_magnetometer,34788,139152,4918528,8648,27508,7280,0.2605320005386602,5.8938720006651595,11.510943001403101,8207686628,16449275792,1813433634176,8207651840,2646.493525999631,2650.004416999309
nymeria,cpu,dense_tokens,nymeria__only_magnetometer__qwen3_8b,qwen3_8b,only_magnetometer,39540,158160,1643776,2200,27508,12032,0.2254110004287213,3.334512999567669,6.419283999084437,8207691380,16449294800,1139266239872,8207651840,2491.7344820000835,2493.7394229996244
nymeria,cpu,raw,nymeria__only_magnetometer__qwen3_8b,qwen3_8b,only_magnetometer,34788,139152,4918528,1048,34788,0,0.6292429998211446,3.069584000437043,5.4979140002900735,8207686628,16449275792,1813433634176,8207651840,2646.493525999631,2649.9286149996806
nymeria,cpu,early_fusion,nymeria__only_magnetometer__qwen3_8b,qwen3_8b,only_magnetometer,27844,111376,2012416,1048,27844,0,0.5588340000031167,2.9994549994768924,5.428355000577902,8207679684,16449248016,1363685991808,8207651840,2552.962512999784,2555.3027660002954
nymeria,cpu,late_fusion,nymeria__only_magnetometer__qwen3_8b,qwen3_8b,only_magnetometer,7940,31760,458240,176,0,7940,0.029549999453593045,2.287860999920149,4.526301999517146,8190743300,16381502480,1152707536640,8190735360,2535.1087139997617,2535.766567999417
nymeria,cpu,local_only,nymeria__only_magnetometer__qwen3_8b,qwen3_8b,only_magnetometer,7940,31760,458240,104,0,7940,0.03711000044859247,2.26085100190856,4.47350200241541,8190743300,16381502480,1152707536640,8190735360,2535.1087139997617,2535.804358999485
nymeria,cpu,bottleneck,nymeria__only_magnetometer__qwen3_8b,qwen3_8b,only_magnetometer,35372,141488,4951296,1368,27828,7544,0.35165200006304076,3.130823001148226,5.888114001702029,8207687212,16449278128,1813433666944,8207651840,2646.493525999631,2649.97291499958
nymeria,cpu,tokenlearner,nymeria__only_magnetometer__qwen3_8b,qwen3_8b,only_magnetometer,37428,149712,1611008,2200,27508,9920,0.22617100057686912,3.3323420002442434,6.418072999613068,8207689268,16449286352,1139266207104,8207651840,2491.7344820000835,2493.785064000349
nymeria,cpu,posthoc_vq,nymeria__only_magnetometer__qwen3_8b,qwen3_8b,only_magnetometer,40932,163728,5049600,392,29556,11376,0.314532000629697,2.7649740011723014,5.175135001604352,8207692772,16449300368,1813433765248,8207651840,2646.493525999631,2650.2540189990214
nymeria,cpu,joint_vq,nymeria__only_magnetometer__qwen3_8b,qwen3_8b,only_magnetometer,45684,182736,1676544,164,29556,16128,0.26662099935492733,2.651272998568043,5.005324997608305,8207697524,16449319376,1139266272640,8207651840,2491.7344820000835,2494.7846290001507
nymeria,cpu,deepconvlstm,nymeria__only_magnetometer__qwen3_8b,qwen3_8b,only_magnetometer,33722,134888,2096000,1048,33722,0,0.5586130000665435,3.0032129997523036,5.4318729997534305,8207685562,16449271528,1363686075392,8207651840,2552.962512999784,2555.2121149989944
nymeria,cpu,unrestricted_bank,nymeria__only_magnetometer__qwen3_8b,qwen3_8b,only_magnetometer,45812,183248,1709312,164,29556,16256,0.23482100004912354,2.549782999571203,4.847403999218123,8207697652,16449319888,1139266305408,8207651840,2491.7344820000835,2494.649839999056
nymeria,cpu,separate_banks,nymeria__only_magnetometer__qwen3_8b,qwen3_8b,only_magnetometer,43700,174800,1676544,164,29556,14144,0.3404019998924923,2.704604000731802,5.044406000404898,8207695540,16449311440,1139266272640,8207651840,2491.7344820000835,2494.739700000082
nymeria,cpu,fixed_resampling,nymeria__only_magnetometer__qwen3_8b,qwen3_8b,only_magnetometer,43700,174800,1674240,164,29556,14144,0.2769619995888206,2.5381829985545714,4.758744999588281,8207695540,16449311440,1139266270336,8207651840,2491.7344820000835,2493.817974000649
nymeria,cpu,finetune_encoders,nymeria__only_magnetometer__qwen3_8b,qwen3_8b,only_magnetometer,43700,174800,1676544,164,29556,14144,0.2649810003276798,2.5745940004836534,4.864585000785347,8207695540,16449311440,1139266272640,8207651840,2491.7344820000835,2494.653670000389
nymeria,cpu,no_alignment,nymeria__only_magnetometer__qwen3_8b,qwen3_8b,only_magnetometer,43700,174800,1676544,164,29556,14144,0.33895199976541335,2.7072649994207545,5.042096998902899,8207695540,16449311440,1139266272640,8207651840,2491.7344820000835,2494.0547060000426
nymeria,cpu,no_usage,nymeria__only_magnetometer__qwen3_8b,qwen3_8b,only_magnetometer,43700,174800,1676544,164,29556,14144,0.27174099977855803,2.5935130000417352,4.8815740007450685,8207695540,16449311440,1139266272640,8207651840,2491.7344820000835,2494.6912880000127
nymeria,cpu,tcn,nymeria__only_magnetometer__qwen3_8b,qwen3_8b,only_magnetometer,13700,54800,826368,1048,13700,0,0.5809029998999904,3.0264129999665776,5.45544300060228,8207665540,16449191440,1363684805760,8207651840,2552.962512999784,2555.2419649989133
nymeria,cpu,ts_transformer,nymeria__only_magnetometer__qwen3_8b,qwen3_8b,only_magnetometer,26564,106256,1874944,1048,26564,0,0.5091530001664069,2.9495329999151174,5.377683999387408,8207678404,16449242896,1363685854336,8207651840,2552.962512999784,2555.290275999596
nymeria,cpu,patchtst,nymeria__only_magnetometer__qwen3_8b,qwen3_8b,only_magnetometer,26564,106256,2168704,1048,26564,0,0.5518239995581098,2.992133998228109,5.42062399729857,8207678404,16449242896,1013163572096,8207651840,2533.5387370000717,2535.1827370000137
nymeria,cpu,distrixsense,nymeria__only_pointcloud__qwen3_8b,qwen3_8b,only_pointcloud,37160,148640,949440,81,28468,8692,0.22794100004830398,2.497261999480438,2.497261999480438,8207689000,16449285280,999224418368,8207651840,2462.1520710002187,2463.7066390000655
nymeria,cpu,dense,nymeria__only_pointcloud__qwen3_8b,qwen3_8b,only_pointcloud,32704,130816,2324672,4324,27444,5260,0.2186009996876237,5.8171019985409105,5.8171019985409105,8207684544,16449267456,1335684999232,8207651840,2532.1091860000706,2534.3299490009485
nymeria,cpu,dense_tokens,nymeria__only_pointcloud__qwen3_8b,qwen3_8b,only_pointcloud,35080,140320,933056,1100,27444,7636,0.19636100023490144,3.275152000237431,3.275152000237431,8207686920,16449276960,999224401984,8207651840,2462.1520710002187,2463.626100000056
nymeria,cpu,raw,nymeria__only_pointcloud__qwen3_8b,qwen3_8b,only_pointcloud,32704,130816,2324672,96,32704,0,0.4007620000265888,2.4926219999226276,2.4926219999226276,8207684544,16449267456,1335684999232,8207651840,2532.1091860000706,2535.2931339998577
nymeria,cpu,early_fusion,nymeria__only_pointcloud__qwen3_8b,qwen3_8b,only_pointcloud,28096,112384,2031808,96,28096,0,0.44489200081443414,2.53709200166231,2.53709200166231,8207679936,16449249024,1335684706368,8207651840,2532.1091860000706,2534.3640189989856
nymeria,cpu,late_fusion,nymeria__only_pointcloud__qwen3_8b,qwen3_8b,only_pointcloud,5590,22360,331648,88,0,5590,0.02429000051051844,2.2499300004232556,2.2499300004232556,8190740950,16381493080,1124741494656,8190735360,2531.34547100035,2531.771944000866
nymeria,cpu,local_only,nymeria__only_pointcloud__qwen3_8b,qwen3_8b,only_pointcloud,5590,22360,331648,52,0,5590,0.028200000087963417,2.2202010016076033,2.2202010016076033,8190740950,16381493080,1124741494656,8190735360,2531.34547100035,2531.7759540002953
nymeria,cpu,bottleneck,nymeria__only_pointcloud__qwen3_8b,qwen3_8b,only_pointcloud,32996,131984,2341056,684,27604,5392,0.21061100051156245,2.9077319989219426,2.9077319989219426,8207684836,16449268624,1335685015616,8207651840,2532.1091860000706,2534.3217889999323
nymeria,cpu,tokenlearner,nymeria__only_pointcloud__qwen3_8b,qwen3_8b,only_pointcloud,34024,136096,916672,1100,27444,6580,0.19669099947350333,3.2626519996437127,3.2626519996437127,8207685864,16449272736,999224385600,8207651840,2462.1520710002187,2463.612439999906
nymeria,cpu,posthoc_vq,nymeria__only_pointcloud__qwen3_8b,qwen3_8b,only_pointcloud,34752,139008,2390208,192,28468,6284,0.24374200074817054,2.6490140003974316,2.6490140003974316,8207686592,16449275648,1335685064768,8207651840,2532.1091860000706,2534.5244510003795
nymeria,cpu,joint_vq,nymeria__only_pointcloud__qwen3_8b,qwen3_8b,only_pointcloud,37128,148512,949440,81,28468,8660,0.22487100068246946,2.575153000208852,2.575153000208852,8207688968,16449285152,999224418368,8207651840,2462.1520710002187,2463.7749910011735
nymeria,cpu,deepconvlstm,nymeria__only_pointcloud__qwen3_8b,qwen3_8b,only_pointcloud,34838,139352,2166656,96,34838,0,0.3234019995943527,2.4148820007805596,2.4148820007805596,8207686678,16449275992,1335684841216,8207651840,2532.1091860000706,2534.212078001019
nymeria,cpu,unrestricted_bank,nymeria__only_pointcloud__qwen3_8b,qwen3_8b,only_pointcloud,37160,148640,949440,81,28468,8692,0.20474199936870718,2.485333998294559,2.485333998294559,8207689000,16449285280,999224418368,8207651840,2462.1520710002187,2463.6757700004637
nymeria,cpu,separate_banks,nymeria__only_pointcloud__qwen3_8b,qwen3_8b,only_pointcloud,37160,148640,949440,81,28468,8692,0.2321819993085228,2.500303000517201,2.500303000517201,8207689000,16449285280,999224418368,8207651840,2462.1520710002187,2463.6933389997466
nymeria,cpu,fixed_resampling,nymeria__only_pointcloud__qwen3_8b,qwen3_8b,only_pointcloud,37160,148640,937920,81,28468,8692,0.23651099945709575,2.4387709991350537,2.4387709991350537,8207689000,16449285280,999224406848,8207651840,2462.1520710002187,2463.6431390003963
nymeria,cpu,finetune_encoders,nymeria__only_pointcloud__qwen3_8b,qwen3_8b,only_pointcloud,37160,148640,949440,81,28468,8692,0.2218710005763569,2.4961220006224583,2.4961220006224583,8207689000,16449285280,999224418368,8207651840,2462.1520710002187,2464.322923999589
nymeria,cpu,no_alignment,nymeria__only_pointcloud__qwen3_8b,qwen3_8b,only_pointcloud,37160,148640,949440,81,28468,8692,0.2766210000118008,2.600001999809942,2.600001999809942,8207689000,16449285280,999224418368,8207651840,2462.1520710002187,2463.8474719999977
nymeria,cpu,no_usage,nymeria__only_pointcloud__qwen3_8b,qwen3_8b,only_pointcloud,37160,148640,949440,81,28468,8692,0.2327109996258514,2.5100529983609565,2.5100529983609565,8207689000,16449285280,999224418368,8207651840,2462.1520710002187,2463.6804490014583
nymeria,cpu,tcn,nymeria__only_pointcloud__qwen3_8b,qwen3_8b,only_pointcloud,13984,55936,845760,96,13984,0,0.3222719997211243,2.4137819996805745,2.4137819996805745,8207665824,16449192576,1335683520320,8207651840,2532.1091860000706,2535.2753739994114
nymeria,cpu,ts_transformer,nymeria__only_pointcloud__qwen3_8b,qwen3_8b,only_pointcloud,26848,107392,1894336,96,26848,0,0.43008299962821184,2.524052999038028,2.524052999038028,8207678688,16449244032,1335684568896,8207651840,2532.1091860000706,2534.408259000429
nymeria,cpu,patchtst,nymeria__only_pointcloud__qwen3_8b,qwen3_8b,only_pointcloud,26688,106752,4339008,96,26688,0,0.45906299965281505,2.553562998914637,2.553562998914637,8207678528,16449243392,985223419968,8207651840,2466.0282720001305,2468.184805000874
nymeria,cpu,distrixsense,nymeria__only_rgb__qwen3_8b,qwen3_8b,only_rgb,332180,1328720,20755584,332,31732,300448,0.34982200031663524,2.7783540005078304,9.925139001593656,8207984020,16450465360,1419721500416,8207651840,2550.10776600011,2553.6954870003683
nymeria,cpu,dense,nymeria__only_rgb__qwen3_8b,qwen3_8b,only_rgb,314356,1257424,29205632,17296,27636,286720,0.3880320000462234,6.0775830000736635,23.019125000627316,8207966196,16450394064,2773041022720,8207651840,2866.202388000602,2872.3245590008446
nymeria,cpu,dense_tokens,nymeria__only_rgb__qwen3_8b,qwen3_8b,only_rgb,323860,1295440,20690048,4400,27636,296224,0.2886020001824363,3.4383530000876634,12.789306999347463,8207975700,16450432080,1419721434880,8207651840,2550.10776600011,2553.377201999865
nymeria,cpu,raw,nymeria__only_rgb__qwen3_8b,qwen3_8b,only_rgb,314356,1257424,29205632,188928,314356,0,1.122024999858695,59.8392050004563,160.34517500082012,8207966196,16450394064,2773041022720,8207651840,2866.202388000602,2872.130037001625
nymeria,cpu,early_fusion,nymeria__only_rgb__qwen3_8b,qwen3_8b,only_rgb,203668,814672,13159552,188928,203668,0,0.8531240000593243,59.56936399968387,160.0752940004707,8207855508,16449951312,1419713904384,8207651840,2550.10776600011,2552.8568999998242
nymeria,cpu,late_fusion,nymeria__only_rgb__qwen3_8b,qwen3_8b,only_rgb,288040,1152160,18237952,352,0,288040,0.039880000258563086,2.3393309994821085,9.144303999700897,8191023400,16382622880,1208671302912,8190735360,2502.944566000224,2504.117022000173
nymeria,cpu,local_only,nymeria__only_rgb__qwen3_8b,qwen3_8b,only_rgb,288040,1152160,18237952,208,0,288040,0.05616099952021614,2.3406529983435407,9.068616997928917,8191023400,16382622880,1208671302912,8190735360,2502.944566000224,2504.1407919998164
nymeria,cpu,bottleneck,nymeria__only_rgb__qwen3_8b,qwen3_8b,only_rgb,315524,1262096,29271168,2736,28276,287248,0.3955219999625115,3.1769939999058145,11.418966999448557,8207967364,16450398736,2773041088256,8207651840,2866.202388000602,2872.4066890008544
nymeria,cpu,tokenlearner,nymeria__only_rgb__qwen3_8b,qwen3_8b,only_rgb,319636,1278544,20624512,4400,27636,292000,0.28569099958986044,3.432972998775658,12.76942599904898,8207971476,16450415184,1419721369344,8207651840,2550.10776600011,2553.387183000268
nymeria,cpu,posthoc_vq,nymeria__only_rgb__qwen3_8b,qwen3_8b,only_rgb,334836,1339344,29467776,800,31732,303104,0.4623119993993896,2.9550729996082374,10.287506998779136,8207986676,16450475984,2773041284864,8207651840,2866.202388000602,2873.1506020012603
nymeria,cpu,joint_vq,nymeria__only_rgb__qwen3_8b,qwen3_8b,only_rgb,344340,1377360,20755584,332,31732,312608,0.3543620005075354,2.796874000192771,9.970249000203061,8207996180,16450514000,1419721500416,8207651840,2550.10776600011,2553.925435000565
nymeria,cpu,deepconvlstm,nymeria__only_rgb__qwen3_8b,qwen3_8b,only_rgb,306890,1227560,19481216,188928,306890,0,0.7958340002005571,59.51194400119991,160.01710399921586,8207958730,16450364200,1419720226048,8207651840,2550.10776600011,2553.13076100083
nymeria,cpu,unrestricted_bank,nymeria__only_rgb__qwen3_8b,qwen3_8b,only_rgb,344852,1379408,20952192,332,31732,313120,0.30187199990905356,2.67176300043168,9.62710600064866,8207996692,16450516048,1419721697024,8207651840,2550.10776600011,2553.802555000402
nymeria,cpu,separate_banks,nymeria__only_rgb__qwen3_8b,qwen3_8b,only_rgb,332180,1328720,20755584,332,31732,300448,0.36130199987383094,2.7196030001835663,9.669585999786527,8207984020,16450465360,1419721500416,8207651840,2550.10776600011,2553.5305329995026
nymeria,cpu,fixed_resampling,nymeria__only_rgb__qwen3_8b,qwen3_8b,only_rgb,332180,1328720,11170944,332,31732,300448,0.347211000189418,2.6341119997926636,9.342222998880338,8207984020,16450465360,1419711915776,8207651840,2550.10776600011,2553.2741710012488
nymeria,cpu,finetune_encoders,nymeria__only_rgb__qwen3_8b,qwen3_8b,only_rgb,332180,1328720,20755584,332,31732,300448,0.35012199987249915,2.7070639995475414,9.644057998725934,8207984020,16450465360,1419721500416,8207651840,2550.10776600011,2553.5206520007705
nymeria,cpu,no_alignment,nymeria__only_rgb__qwen3_8b,qwen3_8b,only_rgb,332180,1328720,20755584,332,31732,300448,0.3378809997229837,2.6930029995458664,9.627116999168088,8207984020,16450465360,1419721500416,8207651840,2550.10776600011,2554.7134090002146
nymeria,cpu,no_usage,nymeria__only_rgb__qwen3_8b,qwen3_8b,only_rgb,332180,1328720,20755584,332,31732,300448,0.44322299982013647,2.8807850000124073,10.005428999234304,8207984020,16450465360,1419721500416,8207651840,2550.10776600011,2553.913155000373
nymeria,cpu,tcn,nymeria__only_rgb__qwen3_8b,qwen3_8b,only_rgb,189460,757840,11973504,188928,189460,0,0.7884840006227023,59.506813999972536,160.01242400050552,8207841300,16449894480,1419712718336,8207651840,2550.10776600011,2552.745699999832
nymeria,cpu,ts_transformer,nymeria__only_rgb__qwen3_8b,qwen3_8b,only_rgb,202324,809296,13022080,188928,202324,0,0.8113140002024011,59.5285140005885,160.03418400139645,8207854164,16449945936,1419713766912,8207651840,2550.10776600011,2552.768869999454
nymeria,cpu,patchtst,nymeria__only_rgb__qwen3_8b,qwen3_8b,only_rgb,177876,711504,286217472,188928,177876,0,2.5420620004297234,61.25882200001203,161.76494199969903,8207829716,16449848144,1069346421504,8207651840,2476.706295999975,2480.560355000307
nymeria,cpu,distrixsense,nymeria__only_slam__qwen3_8b,qwen3_8b,only_slam,205876,823504,14525824,672,36084,169792,0.5141330002516042,3.178567000145535,10.876843999813333,8207857716,16449960144,1982003145728,8207651840,2677.45124799967,2684.8816259998785
nymeria,cpu,dense,nymeria__only_slam__qwen3_8b,qwen3_8b,only_slam,170228,680912,39290240,34592,27892,142336,0.6987529995967634,9.990954999154818,37.683357998166606,8207822068,16449817552,4708581387264,8207651840,3452.3431319994415,3463.415407998582
nymeria,cpu,dense_tokens,nymeria__only_slam__qwen3_8b,qwen3_8b,only_slam,189236,756944,14394752,8800,27892,161344,0.41072200019698357,4.621774000441073,17.076699000200314,8207841076,16449893584,1982003014656,8207651840,2677.45124799967,2683.035247000589
nymeria,cpu,raw,nymeria__only_slam__qwen3_8b,qwen3_8b,only_slam,170228,680912,39290240,159152,170228,0,2.1055410006738384,42.36392100114821,137.56450100140933,8207822068,16449817552,4708581387264,8207651840,3452.3431319994415,3463.111267999011
nymeria,cpu,early_fusion,nymeria__only_slam__qwen3_8b,qwen3_8b,only_slam,79892,319568,5254528,159152,79892,0,1.1927360001209308,41.45203600087038,136.65248700204097,8207731732,16449456208,1531796153344,8207651840,2577.665574999628,2580.8991410003728
nymeria,cpu,late_fusion,nymeria__only_slam__qwen3_8b,qwen3_8b,only_slam,144976,579904,9016320,704,0,144976,0.06392999966919888,2.588341000539786,9.987585000063921,8190880336,16382050624,1320610677504,8190735360,2585.7234379996044,2587.4854569997296
nymeria,cpu,local_only,nymeria__only_slam__qwen3_8b,qwen3_8b,only_slam,144976,579904,9016320,416,0,144976,0.09140099973592442,2.5568930004582975,9.796068001316465,8190880336,16382050624,1320610677504,8190735360,2585.7234379996044,2587.547146999441
nymeria,cpu,bottleneck,nymeria__only_slam__qwen3_8b,qwen3_8b,only_slam,172564,690256,39421312,5472,29172,143392,0.7208329998320551,4.25052499848794,14.525080998246466,8207824404,16449826896,4708581518336,8207651840,3452.3431319994415,3463.413568998476
nymeria,cpu,tokenlearner,nymeria__only_slam__qwen3_8b,qwen3_8b,only_slam,180788,723152,14263680,8800,27892,152896,0.3970219995608204,4.604735000100627,17.029061000131186,8207832628,16449859792,1982002883584,8207651840,2677.45124799967,2684.3576139990546
nymeria,cpu,posthoc_vq,nymeria__only_slam__qwen3_8b,qwen3_8b,only_slam,211188,844752,39814528,1632,36084,175104,0.798474000475835,3.6917959995281184,12.082992999632866,8207863028,16449981392,4708581911552,8207651840,3452.3431319994415,3464.243552998596
nymeria,cpu,joint_vq,nymeria__only_slam__qwen3_8b,qwen3_8b,only_slam,230196,920784,14525824,672,36084,194112,0.5001230001653312,3.2661270009385537,11.268485999881138,8207882036,16450057424,1982003145728,8207651840,2677.45124799967,2685.054095999476
nymeria,cpu,deepconvlstm,nymeria__only_slam__qwen3_8b,qwen3_8b,only_slam,149962,599848,9470592,159152,149962,0,1.3176270003896207,41.58606699997685,136.80515699911916,8207801802,16449736488,1531800369408,8207651840,2577.665574999628,2581.3061929993637
nymeria,cpu,unrestricted_bank,nymeria__only_slam__qwen3_8b,qwen3_8b,only_slam,265012,1060048,15443328,672,36084,228928,0.4265020006641862,3.169587000525184,11.008415000378934,8207916852,16450196688,1982004063232,8207651840,2677.45124799967,2682.80093499925
nymeria,cpu,separate_banks,nymeria__only_slam__qwen3_8b,qwen3_8b,only_slam,205876,823504,14525824,672,36084,169792,0.5155629996806965,3.1464750002897692,10.775731001831788,8207857716,16449960144,1982003145728,8207651840,2677.45124799967,2682.9641059994174
nymeria,cpu,fixed_resampling,nymeria__only_slam__qwen3_8b,qwen3_8b,only_slam,205876,823504,12330368,672,36084,169792,0.5079129996374832,3.001504001372354,10.255027001494797,8207857716,16449960144,1982000950272,8207651840,2677.45124799967,2684.578223999779
nymeria,cpu,finetune_encoders,nymeria__only_slam__qwen3_8b,qwen3_8b,only_slam,205876,823504,14525824,672,36084,169792,0.6167930005176459,3.4326460011699003,11.433575001592887,8207857716,16449960144,1982003145728,8207651840,2677.45124799967,2683.7806899993666
nymeria,cpu,no_alignment,nymeria__only_slam__qwen3_8b,qwen3_8b,only_slam,205876,823504,14525824,672,36084,169792,0.5025919999752659,3.1595839994452892,10.82311999953197,8207857716,16449960144,1982003145728,8207651840,2677.45124799967,2683.370267999635
nymeria,cpu,no_usage,nymeria__only_slam__qwen3_8b,qwen3_8b,only_slam,205876,823504,14525824,672,36084,169792,0.498442000207433,3.1950539999571395,11.03721000008625,8207857716,16449960144,1982003145728,8207651840,2677.45124799967,2682.8479049991074
nymeria,cpu,tcn,nymeria__only_slam__qwen3_8b,qwen3_8b,only_slam,65556,262224,4068480,159152,65556,0,1.1011560000042664,41.36020699929426,136.56060699963996,8207717396,16449398864,1531794967296,8207651840,2577.665574999628,2580.7350610002686
nymeria,cpu,ts_transformer,nymeria__only_slam__qwen3_8b,qwen3_8b,only_slam,78420,313680,5117056,159152,78420,0,1.1265360008110292,41.38547700126432,136.58471700205405,8207730260,16449450320,1531796015872,8207651840,2577.665574999628,2580.7753110002523
nymeria,cpu,patchtst,nymeria__only_slam__qwen3_8b,qwen3_8b,only_slam,62036,248144,186619392,159152,62036,0,2.1517909999602125,42.41237199944075,137.61326200006147,8207713876,16449384784,1181101047808,8207651840,2493.555767000089,2496.8694739995954
nymeria,cpu,distrixsense,nymeria__only_trajectory__qwen3_8b,qwen3_8b,only_trajectory,62820,251280,3611264,332,31732,31088,0.339221000103862,2.711701999611547,9.698405000149528,8207714660,16449387920,1419704356096,8207651840,2550.10776600011,2553.626054000233
nymeria,cpu,dense,nymeria__only_trajectory__qwen3_8b,qwen3_8b,only_trajectory,44996,179984,12061312,17296,27636,17360,0.37680199966416694,6.1398229994253954,23.12943599865226,8207696836,16449316624,2773023878400,8207651840,2866.202388000602,2872.36127900087
nymeria,cpu,dense_tokens,nymeria__only_trajectory__qwen3_8b,qwen3_8b,only_trajectory,54500,218000,3545728,4400,27636,26864,0.28503100020316197,3.4503220012946985,12.856866001111047,8207706340,16449354640,1419704290560,8207651840,2550.10776600011,2553.5549140013245
nymeria,cpu,raw,nymeria__only_trajectory__qwen3_8b,qwen3_8b,only_trajectory,44996,179984,12061312,391456,44996,0,1.3837970000167843,81.7506969989048,322.72966699688686,8207696836,16449316624,2773023878400,8207651840,2866.202388000602,2873.3511339996767
nymeria,cpu,early_fusion,nymeria__only_trajectory__qwen3_8b,qwen3_8b,only_trajectory,29028,116112,2077312,391456,29028,0,0.9566750004523783,81.31665600020676,322.27565700063997,8207680868,16449252752,1419702822144,8207651840,2550.10776600011,2553.0358010009877
nymeria,cpu,late_fusion,nymeria__only_trajectory__qwen3_8b,qwen3_8b,only_trajectory,18680,74720,1093632,352,0,18680,0.040380000427830964,2.3648610005215507,9.236894000959838,8190754040,16381545440,1208654158592,8190735360,2502.944566000224,2504.152901999987
nymeria,cpu,local_only,nymeria__only_trajectory__qwen3_8b,qwen3_8b,only_trajectory,18680,74720,1093632,208,0,18680,0.05514999975275714,2.3390010003526926,9.09676500038579,8190754040,16381545440,1208654158592,8190735360,2502.944566000224,2504.198653000458
nymeria,cpu,bottleneck,nymeria__only_trajectory__qwen3_8b,qwen3_8b,only_trajectory,46164,184656,12126848,2736,28276,17888,0.39588199979334604,3.19694299948517,11.486085999498854,8207698004,16449321296,2773023943936,8207651840,2866.202388000602,2874.0704780011583
nymeria,cpu,tokenlearner,nymeria__only_trajectory__qwen3_8b,qwen3_8b,only_trajectory,50276,201104,3480192,4400,27636,22640,0.28582100003404776,3.4544529989897272,12.854635998318845,8207702116,16449337744,1419704225024,8207651840,2550.10776600011,2553.371681999124
nymeria,cpu,posthoc_vq,nymeria__only_trajectory__qwen3_8b,qwen3_8b,only_trajectory,65476,261904,12323456,800,31732,33744,0.44123299994680565,2.9526850003059373,10.344700999653142,8207717316,16449398544,2773024140544,8207651840,2866.202388000602,2873.0682940004044
nymeria,cpu,joint_vq,nymeria__only_trajectory__qwen3_8b,qwen3_8b,only_trajectory,74980,299920,3611264,332,31732,43248,0.3485509996608016,2.803462999178306,10.011686000821378,8207726820,16449436560,1419704356096,8207651840,2550.10776600011,2553.892474999884
nymeria,cpu,deepconvlstm,nymeria__only_trajectory__qwen3_8b,qwen3_8b,only_trajectory,37530,150120,2336896,391456,37530,0,0.8396140001423191,81.20325400076433,322.1645540009863,8207689370,16449286760,1419703081728,8207651840,2550.10776600011,2552.901920000295
nymeria,cpu,unrestricted_bank,nymeria__only_trajectory__qwen3_8b,qwen3_8b,only_trajectory,75492,301968,3807872,332,31732,43760,0.29771199933747994,2.676772998380626,9.66754800133031,8207727332,16449438608,1419704552704,8207651840,2550.10776600011,2553.573733000121
nymeria,cpu,separate_banks,nymeria__only_trajectory__qwen3_8b,qwen3_8b,only_trajectory,62820,251280,3611264,332,31732,31088,0.3599820001909393,2.744123999615409,9.735796999434847,8207714660,16449387920,1419704356096,8207651840,2550.10776600011,2553.613113999745
nymeria,cpu,fixed_resampling,nymeria__only_trajectory__qwen3_8b,qwen3_8b,only_trajectory,62820,251280,3593344,332,31732,31088,0.34557100025267573,2.6407519996030953,9.409685999840171,8207714660,16449387920,1419704338176,8207651840,2550.10776600011,2553.3382319999873
nymeria,cpu,finetune_encoders,nymeria__only_trajectory__qwen3_8b,qwen3_8b,only_trajectory,62820,251280,3611264,332,31732,31088,0.34207200042146724,2.7193740003315963,9.713046999009116,8207714660,16449387920,1419704356096,8207651840,2550.10776600011,2553.646645000299
nymeria,cpu,no_alignment,nymeria__only_trajectory__qwen3_8b,qwen3_8b,only_trajectory,62820,251280,3611264,332,31732,31088,0.33845199959614547,2.727722999803815,9.717055998903838,8207714660,16449387920,1419704356096,8207651840,2550.10776600011,2553.6047039995537
nymeria,cpu,no_usage,nymeria__only_trajectory__qwen3_8b,qwen3_8b,only_trajectory,62820,251280,3611264,332,31732,31088,0.34391200006211875,2.7153630004580247,9.694877001079753,8207714660,16449387920,1419704356096,8207651840,2550.10776600011,2553.6325540006146
nymeria,cpu,tcn,nymeria__only_trajectory__qwen3_8b,qwen3_8b,only_trajectory,14820,59280,891264,391456,14820,0,0.8558740000808029,81.21600500006787,322.17481500024724,8207666660,16449195920,1419701636096,8207651840,2550.10776600011,2552.9076599987093
nymeria,cpu,ts_transformer,nymeria__only_trajectory__qwen3_8b,qwen3_8b,only_trajectory,27684,110736,1939840,391456,27684,0,0.8656939999127644,81.22900400129618,322.1895150030409,8207679524,16449247376,1419702684672,8207651840,2550.10776600011,2553.0041419988265
nymeria,cpu,patchtst,nymeria__only_trajectory__qwen3_8b,qwen3_8b,only_trajectory,26916,107664,10108672,391456,26916,0,1.0064050002256408,81.36637600008578,322.32483600123805,8207678756,16449244304,1069070312704,8207651840,2476.706295999975,2478.969467000752
