dataset,target,method,scenario_id,core_name,modality_set,parameters,weight_bytes,counted_flops,wire_bytes,core_parameters,edge_parameters,core_median_ms,parallel_estimate_ms,sequential_estimate_ms,full_parameters,full_weight_bytes,full_counted_flops,lm_parameters,lm_generation_ms,full_pipeline_estimate_ms
opportunity++,cuda,distrixsense,opportunity++__all__qwen3_8b,qwen3_8b,all,218128,872512,13895488,420,32820,185308,1.0348549994887435,4.164660000537964,11.843709001496551,8207869968,16450009152,1560109661888,8207651840,109.90176600080304,113.9944970018405
opportunity++,cuda,dense,opportunity++__all__qwen3_8b,qwen3_8b,all,195848,783392,25686848,21620,27700,168148,0.711663999936718,10.39381799924511,27.840232999753148,8207847688,16449920032,3254874564288,8207651840,114.08495800060336,117.24118400070438
opportunity++,cuda,dense_tokens,opportunity++__all__qwen3_8b,qwen3_8b,all,207728,830912,13813568,5500,27700,180028,0.6955640001251595,5.392019000680884,15.447608001907064,8207859568,16449967552,1560109579968,8207651840,109.90176600080304,113.475844000277
opportunity++,cuda,raw,opportunity++__all__qwen3_8b,qwen3_8b,all,195848,783392,25686848,122912,195848,0,2.05054999969434,47.09600199908104,108.8095829998301,8207847688,16449920032,3254874564288,8207651840,114.08495800060336,117.00501300038013
opportunity++,cuda,early_fusion,opportunity++__all__qwen3_8b,qwen3_8b,all,115208,460832,7527232,122912,115208,0,1.6676590003044112,46.73434000028587,108.4466499994696,8207767048,16449597472,1447723732672,8207651840,109.56544599957851,112.0989479995842
opportunity++,cuda,late_fusion,opportunity++__all__qwen3_8b,qwen3_8b,all,169798,679192,10679040,440,0,169798,0.1465010000174516,3.1021659995011404,10.465911001288216,8190905158,16382149912,1236643815168,8190735360,109.73972600004345,112.2410289990512
opportunity++,cuda,local_only,opportunity++__all__qwen3_8b,qwen3_8b,all,169798,679192,10679040,260,0,169798,0.2103910001096665,3.113325000397675,10.415968999755394,8190905158,16382149912,1236643815168,8190735360,109.73972600004345,112.32656799984397
opportunity++,cuda,bottleneck,opportunity++__all__qwen3_8b,qwen3_8b,all,197308,789232,25768768,3420,28500,168808,0.7493040002373164,4.658097001074616,13.473603001151002,8207849148,16449925872,3254874646208,8207651840,114.08495800060336,117.40891400131659
opportunity++,cuda,tokenlearner,opportunity++__all__qwen3_8b,qwen3_8b,all,202448,809792,13731648,5500,27700,174748,0.6906839998919168,5.377910000277334,15.406737000760039,8207854288,16449946432,1560109498048,8207651840,109.90176600080304,113.44827399989299
opportunity++,cuda,posthoc_vq,opportunity++__all__qwen3_8b,qwen3_8b,all,221448,885792,26014528,1020,32820,188628,1.046784999743977,4.544642000708414,12.877750000801111,8207873288,16450022432,3254874891968,8207651840,114.08495800060336,118.71419100134517
opportunity++,cuda,joint_vq,opportunity++__all__qwen3_8b,qwen3_8b,all,233328,933312,13895488,420,32820,200508,1.057665000189445,4.47782200019455,12.61504300067894,8207885168,16450069952,1560109661888,8207651840,109.90176600080304,114.85741000160488
opportunity++,cuda,deepconvlstm,opportunity++__all__qwen3_8b,qwen3_8b,all,185182,740728,11725056,122912,185182,0,1.3465470001392532,46.409379000352914,108.12218000116533,8207837022,16449877368,1447727930496,8207651840,109.56544599957851,111.7303359997095
opportunity++,cuda,unrestricted_bank,opportunity++__all__qwen3_8b,qwen3_8b,all,239248,956992,14223168,420,32820,206428,0.7324130001507001,3.873116000545537,11.604803999162629,8207891088,16450093632,1560109989568,8207651840,109.90176600080304,113.79027700149891
opportunity++,cuda,separate_banks,opportunity++__all__qwen3_8b,qwen3_8b,all,218128,872512,13895488,420,32820,185308,1.0787750006784336,4.2306110002074035,11.906887000932999,8207869968,16450009152,1560109661888,8207651840,109.90176600080304,114.0795170013007
opportunity++,cuda,fixed_resampling,opportunity++__all__qwen3_8b,qwen3_8b,all,218128,872512,9414848,420,32820,185308,1.045555000018794,4.1960010006051505,11.774648000155809,8207869968,16450009152,1560105181248,8207651840,109.90176600080304,113.97321600088617
opportunity++,cuda,finetune_encoders,opportunity++__all__qwen3_8b,qwen3_8b,all,218128,872512,13895488,420,32820,185308,1.0566959999778192,4.505432000155537,12.17368900155701,8207869968,16450009152,1560109661888,8207651840,109.90176600080304,114.14602800050488
opportunity++,cuda,no_alignment,opportunity++__all__qwen3_8b,qwen3_8b,all,218128,872512,13895488,420,32820,185308,1.0237549995508743,4.176920999566477,11.872837997671683,8207869968,16450009152,1560109661888,8207651840,109.90176600080304,114.0254570009347
opportunity++,cuda,no_usage,opportunity++__all__qwen3_8b,qwen3_8b,all,218128,872512,13895488,420,32820,185308,1.0323250007786555,4.170730000919406,11.84334600215219,8207869968,16450009152,1560109661888,8207651840,109.90176600080304,114.03909600085171
opportunity++,cuda,tcn,opportunity++__all__qwen3_8b,qwen3_8b,all,100968,403872,6341184,122912,100968,0,1.628029000130482,46.68778900190895,108.39566900246697,8207752808,16449540512,1447722546624,8207651840,109.56544599957851,111.85305799972411
opportunity++,cuda,ts_transformer,opportunity++__all__qwen3_8b,qwen3_8b,all,113832,455328,7389760,122912,113832,0,1.5411670001412858,46.60421800031267,108.31293000025741,8207765672,16449591968,1447723595200,8207651840,109.56544599957851,112.07311799898889
opportunity++,cuda,patchtst,opportunity++__all__qwen3_8b,qwen3_8b,all,97640,390560,187823808,122912,97640,0,1.6159979995791218,46.6790179987141,108.39726999690444,8207749480,16449527200,1097204506048,8207651840,109.20295399955648,111.65152699868486
opportunity++,mixed,distrixsense,opportunity++__all__qwen3_8b,qwen3_8b,all,218128,872512,13895488,420,32820,185308,1.0453049999341602,3.728556999090046,10.693990998461901,8207869968,16450009152,1560109661888,8207651840,109.90176600080304,113.07698100063135
opportunity++,mixed,dense,opportunity++__all__qwen3_8b,qwen3_8b,all,195848,783392,25686848,21620,27700,168148,0.7237930003611837,10.067735000263818,26.946667001740657,8207847688,16449920032,3254874564288,8207651840,114.08495800060336,116.554379000263
opportunity++,mixed,dense_tokens,opportunity++__all__qwen3_8b,qwen3_8b,all,207728,830912,13813568,5500,27700,180028,0.6902240002091276,4.963277000968228,14.276850000371631,8207859568,16449967552,1560109579968,8207651840,109.90176600080304,112.55099900063215
opportunity++,mixed,raw,opportunity++__all__qwen3_8b,qwen3_8b,all,195848,783392,25686848,122912,195848,0,2.0704899998236215,47.07426999971298,108.58075200009895,8207847688,16449920032,3254874564288,8207651840,114.08495800060336,116.84874200091144
opportunity++,mixed,early_fusion,opportunity++__all__qwen3_8b,qwen3_8b,all,115208,460832,7527232,122912,115208,0,1.6750490003687446,46.66784999949536,108.17194000244032,8207767048,16449597472,1447723732672,8207651840,109.56544599957851,111.81780799961416
opportunity++,mixed,late_fusion,opportunity++__all__qwen3_8b,qwen3_8b,all,169798,679192,10679040,440,0,169798,0.1489809992563096,2.749723999607214,9.523036999039643,8190905158,16382149912,1236643815168,8190735360,109.73972600004345,111.49204399953305
opportunity++,mixed,local_only,opportunity++__all__qwen3_8b,qwen3_8b,all,169798,679192,10679040,260,0,169798,0.20529099947452778,2.7474839989581263,9.44211699769349,8190905158,16382149912,1236643815168,8190735360,109.73972600004345,111.5834949996497
opportunity++,mixed,bottleneck,opportunity++__all__qwen3_8b,qwen3_8b,all,197308,789232,25768768,3420,28500,168808,0.8058539997364278,4.361356999643299,12.570561000578106,8207849148,16449925872,3254874646208,8207651840,114.08495800060336,116.7279220007913
opportunity++,mixed,tokenlearner,opportunity++__all__qwen3_8b,qwen3_8b,all,202448,809792,13731648,5500,27700,174748,0.6912629996804753,4.952746000015177,14.24232900119241,8207854288,16449946432,1560109498048,8207651840,109.90176600080304,112.53357000077813
opportunity++,mixed,posthoc_vq,opportunity++__all__qwen3_8b,qwen3_8b,all,221448,885792,26014528,1020,32820,188628,1.0718160001488286,4.012919000031694,11.360842999668616,8207873288,16450022432,3254874891968,8207651840,114.08495800060336,117.67688700092549
opportunity++,mixed,joint_vq,opportunity++__all__qwen3_8b,qwen3_8b,all,233328,933312,13895488,420,32820,200508,1.046305000272696,3.863449999084964,11.037054999306507,8207885168,16450069952,1560109661888,8207651840,109.90176600080304,113.43780400147807
opportunity++,mixed,deepconvlstm,opportunity++__all__qwen3_8b,qwen3_8b,all,185182,740728,11725056,122912,185182,0,1.3164459996914957,46.33533799983647,107.83921800045479,8207837022,16449877368,1447727930496,8207651840,109.56544599957851,111.51827600042452
opportunity++,mixed,unrestricted_bank,opportunity++__all__qwen3_8b,qwen3_8b,all,239248,956992,14223168,420,32820,206428,0.7409540003209258,3.4351269999434355,10.342732002882927,8207891088,16450093632,1560109989568,8207651840,109.90176600080304,112.76762100078486
opportunity++,mixed,separate_banks,opportunity++__all__qwen3_8b,qwen3_8b,all,218128,872512,13895488,420,32820,185308,1.098814999750175,3.7992979999445144,10.703701999901329,8207869968,16450009152,1560109661888,8207651840,109.90176600080304,113.11235100129124
opportunity++,mixed,fixed_resampling,opportunity++__all__qwen3_8b,qwen3_8b,all,218128,872512,9414848,420,32820,185308,1.0399550001238822,3.586987000130734,10.26621799896087,8207869968,16450009152,1560105181248,8207651840,109.90176600080304,112.64846999984002
opportunity++,mixed,finetune_encoders,opportunity++__all__qwen3_8b,qwen3_8b,all,218128,872512,13895488,420,32820,185308,1.0481560002517654,3.7451289993669836,10.649533998858475,8207869968,16450009152,1560109661888,8207651840,109.90176600080304,113.07412300084252
opportunity++,mixed,no_alignment,opportunity++__all__qwen3_8b,qwen3_8b,all,218128,872512,13895488,420,32820,185308,1.1331759997119661,3.827468999884417,10.728283000517637,8207869968,16450009152,1560109661888,8207651840,109.90176600080304,113.07755200050451
opportunity++,mixed,no_usage,opportunity++__all__qwen3_8b,qwen3_8b,all,218128,872512,13895488,420,32820,185308,1.0539059994698619,3.759408998416888,10.670862997486198,8207869968,16450009152,1560109661888,8207651840,109.90176600080304,113.08106300020881
opportunity++,mixed,tcn,opportunity++__all__qwen3_8b,qwen3_8b,all,100968,403872,6341184,122912,100968,0,1.4309979997051414,46.435568998960065,107.93941899898616,8207752808,16449540512,1447722546624,8207651840,109.56544599957851,111.62148699986574
opportunity++,mixed,ts_transformer,opportunity++__all__qwen3_8b,qwen3_8b,all,113832,455328,7389760,122912,113832,0,1.5314970005420037,46.538338000347125,108.0422790007751,8207765672,16449591968,1447723595200,8207651840,109.56544599957851,111.6972870004247
opportunity++,mixed,patchtst,opportunity++__all__qwen3_8b,qwen3_8b,all,97640,390560,187823808,122912,97640,0,1.6220480001720716,46.62869799881386,108.13210899848033,8207749480,16449527200,1097204506048,8207651840,109.20295399955648,111.42098500022257
opportunity++,cuda,distrixsense,opportunity++__only_ambient_sensors__qwen3_8b,qwen3_8b,only_ambient_sensors,42510,170040,1288640,81,28468,14042,0.5764830002590315,3.159706000616902,3.159706000616902,8207694350,16449306680,999224757568,8207651840,109.46943500039197,110.94936199970107
opportunity++,cuda,dense,opportunity++__only_ambient_sensors__qwen3_8b,qwen3_8b,only_ambient_sensors,38054,152216,2663872,4324,27444,10610,0.4637219999494846,6.313482999171119,6.313482999171119,8207689894,16449288856,1335685338432,8207651840,109.57651500029897,110.8681819996491
opportunity++,cuda,dense_tokens,opportunity++__only_ambient_sensors__qwen3_8b,qwen3_8b,only_ambient_sensors,40430,161720,1272256,1100,27444,12986,0.4349119999460527,3.8127849993496783,3.8127849993496783,8207692270,16449298360,999224741184,8207651840,109.46943500039197,110.82101200008765
opportunity++,cuda,raw,opportunity++__only_ambient_sensors__qwen3_8b,qwen3_8b,only_ambient_sensors,38054,152216,2663872,13976,38054,0,0.8168340000338503,14.092013999643223,14.092013999643223,8207689894,16449288856,1335685338432,8207651840,109.57651500029897,110.83846100063965
opportunity++,cuda,early_fusion,opportunity++__only_ambient_sensors__qwen3_8b,qwen3_8b,only_ambient_sensors,30246,120984,2166208,13976,30246,0,0.8106239993139752,14.086583999769482,14.086583999769482,8207682086,16449257624,1335684840768,8207651840,109.57651500029897,110.8384320004916
opportunity++,cuda,late_fusion,opportunity++__only_ambient_sensors__qwen3_8b,qwen3_8b,only_ambient_sensors,10940,43760,670848,88,0,10940,0.07466999977623345,2.5564519993599153,2.5564519993599153,8190746300,16381514480,1124741833856,8190735360,109.45729400009441,110.27452800044557
opportunity++,cuda,local_only,opportunity++__only_ambient_sensors__qwen3_8b,qwen3_8b,only_ambient_sensors,10940,43760,670848,52,0,10940,0.09030099954543402,2.5591229989617945,2.5591229989617945,8190746300,16381514480,1124741833856,8190735360,109.45729400009441,110.31897799966828
opportunity++,cuda,bottleneck,opportunity++__only_ambient_sensors__qwen3_8b,qwen3_8b,only_ambient_sensors,38346,153384,2680256,684,27604,10742,0.4653229998439201,3.436114999450208,3.436114999450208,8207690186,16449290024,1335685354816,8207651840,109.57651500029897,110.8822220003276
opportunity++,cuda,tokenlearner,opportunity++__only_ambient_sensors__qwen3_8b,qwen3_8b,only_ambient_sensors,39374,157496,1255872,1100,27444,11930,0.44254200020077405,3.8094850015066912,3.8094850015066912,8207691214,16449294136,999224724800,8207651840,109.46943500039197,110.79199200048606
opportunity++,cuda,posthoc_vq,opportunity++__only_ambient_sensors__qwen3_8b,qwen3_8b,only_ambient_sensors,40102,160408,2729408,192,28468,11634,0.5777629994554445,3.342684999168699,3.342684999168699,8207691942,16449297048,1335685403968,8207651840,109.57651500029897,111.17874399951688
opportunity++,cuda,joint_vq,opportunity++__only_ambient_sensors__qwen3_8b,qwen3_8b,only_ambient_sensors,42478,169912,1288640,81,28468,14010,0.5414629995357245,3.3004879997241776,3.3004879997241776,8207694318,16449306552,999224757568,8207651840,109.46943500039197,111.10848299995268
opportunity++,cuda,deepconvlstm,opportunity++__only_ambient_sensors__qwen3_8b,qwen3_8b,only_ambient_sensors,40188,160752,2505856,13976,40188,0,0.49261200001637917,13.772441999562853,13.772441999562853,8207692028,16449297392,1335685180416,8207651840,109.57651500029897,110.51514900009352
opportunity++,cuda,unrestricted_bank,opportunity++__only_ambient_sensors__qwen3_8b,qwen3_8b,only_ambient_sensors,42510,170040,1288640,81,28468,14042,0.4559620001600706,3.043343999735848,3.043343999735848,8207694350,16449306680,999224757568,8207651840,109.46943500039197,110.89882200030843
opportunity++,cuda,separate_banks,opportunity++__only_ambient_sensors__qwen3_8b,qwen3_8b,only_ambient_sensors,42510,170040,1288640,81,28468,14042,0.5612330005533295,3.155285001441266,3.155285001441266,8207694350,16449306680,999224757568,8207651840,109.46943500039197,110.95379200014577
opportunity++,cuda,fixed_resampling,opportunity++__only_ambient_sensors__qwen3_8b,qwen3_8b,only_ambient_sensors,42510,170040,1193920,81,28468,14042,0.5460129996208707,3.104094999827689,3.104094999827689,8207694350,16449306680,999224662848,8207651840,109.46943500039197,110.90817199965386
opportunity++,cuda,finetune_encoders,opportunity++__only_ambient_sensors__qwen3_8b,qwen3_8b,only_ambient_sensors,42510,170040,1288640,81,28468,14042,0.5477819995576283,3.155383999939554,3.155383999939554,8207694350,16449306680,999224757568,8207651840,109.46943500039197,110.94777300058922
opportunity++,cuda,no_alignment,opportunity++__only_ambient_sensors__qwen3_8b,qwen3_8b,only_ambient_sensors,42510,170040,1288640,81,28468,14042,0.5580630004260456,3.1448469999594497,3.1448469999594497,8207694350,16449306680,999224757568,8207651840,109.46943500039197,110.94877199957409
opportunity++,cuda,no_usage,opportunity++__only_ambient_sensors__qwen3_8b,qwen3_8b,only_ambient_sensors,42510,170040,1288640,81,28468,14042,0.5503930005943403,3.154185999875958,3.154185999875958,8207694350,16449306680,999224757568,8207651840,109.46943500039197,110.95163299978594
opportunity++,cuda,tcn,opportunity++__only_ambient_sensors__qwen3_8b,qwen3_8b,only_ambient_sensors,16134,64536,980160,13976,16134,0,0.6008529999235179,13.874892998855922,13.874892998855922,8207667974,16449201176,1335683654720,8207651840,109.57651500029897,110.62127100012731
opportunity++,cuda,ts_transformer,opportunity++__only_ambient_sensors__qwen3_8b,qwen3_8b,only_ambient_sensors,28998,115992,2028736,13976,28998,0,0.6906429998707608,13.968593000199599,13.968593000199599,8207680838,16449252632,1335684703296,8207651840,109.57651500029897,110.70386099981988
opportunity++,cuda,patchtst,opportunity++__only_ambient_sensors__qwen3_8b,qwen3_8b,only_ambient_sensors,28038,112152,13427008,13976,28038,0,0.7576340003652149,14.03336600050343,14.03336600050343,8207679878,16449248792,985232507968,8207651840,108.97103200022684,110.16492799990374
opportunity++,mixed,distrixsense,opportunity++__only_ambient_sensors__qwen3_8b,qwen3_8b,only_ambient_sensors,42510,170040,1288640,81,28468,14042,0.55145199985418,2.8910629999080673,2.8910629999080673,8207694350,16449306680,999224757568,8207651840,109.46943500039197,110.76928100101213
opportunity++,mixed,dense,opportunity++__only_ambient_sensors__qwen3_8b,qwen3_8b,only_ambient_sensors,38054,152216,2663872,4324,27444,10610,0.4680219999499968,6.1256330003332,6.1256330003332,8207689894,16449288856,1335685338432,8207651840,109.57651500029897,110.738389999824
opportunity++,mixed,dense_tokens,opportunity++__only_ambient_sensors__qwen3_8b,qwen3_8b,only_ambient_sensors,40430,161720,1272256,1100,27444,12986,0.46130200007610256,3.582153000020189,3.582153000020189,8207692270,16449298360,999224741184,8207651840,109.46943500039197,110.6319420005093
opportunity++,mixed,raw,opportunity++__only_ambient_sensors__qwen3_8b,qwen3_8b,only_ambient_sensors,38054,152216,2663872,13976,38054,0,0.8361839991266606,14.053483997840795,14.053483997840795,8207689894,16449288856,1335685338432,8207651840,109.57651500029897,110.80961199968442
opportunity++,mixed,early_fusion,opportunity++__only_ambient_sensors__qwen3_8b,qwen3_8b,only_ambient_sensors,30246,120984,2166208,13976,30246,0,0.8160340003087185,14.039185000356065,14.039185000356065,8207682086,16449257624,1335684840768,8207651840,109.57651500029897,110.80358200069895
opportunity++,mixed,late_fusion,opportunity++__only_ambient_sensors__qwen3_8b,qwen3_8b,only_ambient_sensors,10940,43760,670848,88,0,10940,0.0749099999666214,2.3529709989338063,2.3529709989338063,8190746300,16381514480,1124741833856,8190735360,109.45729400009441,110.12876699987828
opportunity++,mixed,local_only,opportunity++__only_ambient_sensors__qwen3_8b,qwen3_8b,only_ambient_sensors,10940,43760,670848,52,0,10940,0.09141999998973915,2.338080999168125,2.338080999168125,8190746300,16381514480,1124741833856,8190735360,109.45729400009441,110.14419800085307
opportunity++,mixed,bottleneck,opportunity++__only_ambient_sensors__qwen3_8b,qwen3_8b,only_ambient_sensors,38346,153384,2680256,684,27604,10742,0.476461999824096,3.243482999342657,3.243482999342657,8207690186,16449290024,1335685354816,8207651840,109.57651500029897,110.77504100103397
opportunity++,mixed,tokenlearner,opportunity++__only_ambient_sensors__qwen3_8b,qwen3_8b,only_ambient_sensors,39374,157496,1255872,1100,27444,11930,0.44016300034854794,3.5599640004828688,3.5599640004828688,8207691214,16449294136,999224724800,8207651840,109.46943500039197,110.63607100004447
opportunity++,mixed,posthoc_vq,opportunity++__only_ambient_sensors__qwen3_8b,qwen3_8b,only_ambient_sensors,40102,160408,2729408,192,28468,11634,0.5743730007452541,3.030276001098531,3.030276001098531,8207691942,16449297048,1335685403968,8207651840,109.57651500029897,110.95402200044191
opportunity++,mixed,joint_vq,opportunity++__only_ambient_sensors__qwen3_8b,qwen3_8b,only_ambient_sensors,42478,169912,1288640,81,28468,14010,0.5383819998314721,2.9386639999137376,2.9386639999137376,8207694318,16449306552,999224757568,8207651840,109.46943500039197,110.92298299899994
opportunity++,mixed,deepconvlstm,opportunity++__only_ambient_sensors__qwen3_8b,qwen3_8b,only_ambient_sensors,40188,160752,2505856,13976,40188,0,0.4797729998244904,13.69703299896164,13.69703299896164,8207692028,16449297392,1335685180416,8207651840,109.57651500029897,110.47749900080817
opportunity++,mixed,unrestricted_bank,opportunity++__only_ambient_sensors__qwen3_8b,qwen3_8b,only_ambient_sensors,42510,170040,1288640,81,28468,14042,0.46187299994926434,2.7841749997895793,2.7841749997895793,8207694350,16449306680,999224757568,8207651840,109.46943500039197,110.68832999990263
opportunity++,mixed,separate_banks,opportunity++__only_ambient_sensors__qwen3_8b,qwen3_8b,only_ambient_sensors,42510,170040,1288640,81,28468,14042,0.5589130005319021,2.8873240007959655,2.8873240007959655,8207694350,16449306680,999224757568,8207651840,109.46943500039197,110.78134100080206
opportunity++,mixed,fixed_resampling,opportunity++__only_ambient_sensors__qwen3_8b,qwen3_8b,only_ambient_sensors,42510,170040,1193920,81,28468,14042,0.5468930003189598,2.799364000595128,2.799364000595128,8207694350,16449306680,999224662848,8207651840,109.46943500039197,110.68356000032509
opportunity++,mixed,finetune_encoders,opportunity++__only_ambient_sensors__qwen3_8b,qwen3_8b,only_ambient_sensors,42510,170040,1288640,81,28468,14042,0.5419620001703152,2.881914000710717,2.881914000710717,8207694350,16449306680,999224757568,8207651840,109.46943500039197,110.77435199968022
opportunity++,mixed,no_alignment,opportunity++__only_ambient_sensors__qwen3_8b,qwen3_8b,only_ambient_sensors,42510,170040,1288640,81,28468,14042,0.5482330006998382,2.870584000476706,2.870584000476706,8207694350,16449306680,999224757568,8207651840,109.46943500039197,110.7677509999121
opportunity++,mixed,no_usage,opportunity++__only_ambient_sensors__qwen3_8b,qwen3_8b,only_ambient_sensors,42510,170040,1288640,81,28468,14042,0.5444620001071598,2.868073001110938,2.868073001110938,8207694350,16449306680,999224757568,8207651840,109.46943500039197,110.77778100025171
opportunity++,mixed,tcn,opportunity++__only_ambient_sensors__qwen3_8b,qwen3_8b,only_ambient_sensors,16134,64536,980160,13976,16134,0,0.5890230004297337,13.810374002232402,13.810374002232402,8207667974,16449201176,1335683654720,8207651840,109.57651500029897,110.57464000077744
opportunity++,mixed,ts_transformer,opportunity++__only_ambient_sensors__qwen3_8b,qwen3_8b,only_ambient_sensors,28998,115992,2028736,13976,28998,0,0.6709330000376212,13.893382999767619,13.893382999767619,8207680838,16449252632,1335684703296,8207651840,109.57651500029897,110.66977100017539
opportunity++,mixed,patchtst,opportunity++__only_ambient_sensors__qwen3_8b,qwen3_8b,only_ambient_sensors,28038,112152,13427008,13976,28038,0,0.7471440003428143,13.968714001193712,13.968714001193712,8207679878,16449248792,985232507968,8207651840,108.97103200022684,110.12563700114697
opportunity++,cuda,distrixsense,opportunity++__only_body25__qwen3_8b,qwen3_8b,only_body25,53036,212144,1957440,81,28468,24568,0.5361220000850153,3.1301560002538142,3.1301560002538142,8207704876,16449348784,999225426368,8207651840,109.46943500039197,110.93824300041888
opportunity++,cuda,dense,opportunity++__only_body25__qwen3_8b,qwen3_8b,only_body25,48580,194320,3332672,4324,27444,21136,0.4642119993150118,6.3186029995947495,6.3186029995947495,8207700420,16449330960,1335686007232,8207651840,109.57651500029897,110.84833199947752
opportunity++,cuda,dense_tokens,opportunity++__only_body25__qwen3_8b,qwen3_8b,only_body25,50956,203824,1941056,1100,27444,23512,0.43653199918480823,3.804143999327498,3.804143999327498,8207702796,16449340464,999225409984,8207651840,109.46943500039197,110.78555200037954
opportunity++,cuda,raw,opportunity++__only_body25__qwen3_8b,qwen3_8b,only_body25,48580,194320,3332672,9332,48580,0,0.8261140001195599,10.384564999982564,10.384564999982564,8207700420,16449330960,1335686007232,8207651840,109.57651500029897,110.8216420007011
opportunity++,cuda,early_fusion,opportunity++__only_body25__qwen3_8b,qwen3_8b,only_body25,35908,143632,2523712,9332,35908,0,0.8105739998427453,10.368774999621115,10.368774999621115,8207687748,16449280272,1335685198272,8207651840,109.57651500029897,110.82381199958036
opportunity++,cuda,late_fusion,opportunity++__only_body25__qwen3_8b,qwen3_8b,only_body25,21466,85864,1339648,88,0,21466,0.07439999990310753,2.559343000163999,2.559343000163999,8190756826,16381556584,1124742502656,8190735360,109.45729400009441,110.25463799978752
opportunity++,cuda,local_only,opportunity++__only_body25__qwen3_8b,qwen3_8b,only_body25,21466,85864,1339648,52,0,21466,0.09012000009533949,2.5482129997430834,2.5482129997430834,8190756826,16381556584,1124742502656,8190735360,109.45729400009441,110.29418799989799
opportunity++,cuda,bottleneck,opportunity++__only_body25__qwen3_8b,qwen3_8b,only_body25,48872,195488,3349056,684,27604,21268,0.463153000055172,3.422916001246474,3.422916001246474,8207700712,16449332128,1335686023616,8207651840,109.57651500029897,111.0144920003222
opportunity++,cuda,tokenlearner,opportunity++__only_body25__qwen3_8b,qwen3_8b,only_body25,49900,199600,1924672,1100,27444,22456,0.43961199935438344,3.800934000532725,3.800934000532725,8207701740,16449336240,999225393600,8207651840,109.46943500039197,110.81866200038348
opportunity++,cuda,posthoc_vq,opportunity++__only_body25__qwen3_8b,qwen3_8b,only_body25,50628,202512,3398208,192,28468,22160,0.5685630003426922,3.3510660001214942,3.3510660001214942,8207702468,16449339152,1335686072768,8207651840,109.57651500029897,111.33714400057215
opportunity++,cuda,joint_vq,opportunity++__only_body25__qwen3_8b,qwen3_8b,only_body25,53004,212016,1957440,81,28468,24536,0.5407030002970714,3.2954079997870256,3.2954079997870256,8207704844,16449348656,999225426368,8207651840,109.46943500039197,111.0889239998869
opportunity++,cuda,deepconvlstm,opportunity++__only_body25__qwen3_8b,qwen3_8b,only_body25,50714,202856,3174656,9332,50714,0,0.4821919992537005,10.042962999138132,10.042962999138132,8207702554,16449339496,1335685849216,8207651840,109.57651500029897,110.51786099960736
opportunity++,cuda,unrestricted_bank,opportunity++__only_body25__qwen3_8b,qwen3_8b,only_body25,53036,212144,1957440,81,28468,24568,0.4544019993772963,3.037784999862092,3.037784999862092,8207704876,16449348784,999225426368,8207651840,109.46943500039197,110.87055200096074
opportunity++,cuda,separate_banks,opportunity++__only_body25__qwen3_8b,qwen3_8b,only_body25,53036,212144,1957440,81,28468,24568,0.5578430000241497,3.154754998860776,3.154754998860776,8207704876,16449348784,999225426368,8207651840,109.46943500039197,110.94578199936223
opportunity++,cuda,fixed_resampling,opportunity++__only_body25__qwen3_8b,qwen3_8b,only_body25,53036,212144,1583040,81,28468,24568,0.5567019998125033,3.106364998558897,3.106364998558897,8207704876,16449348784,999225051968,8207651840,109.46943500039197,110.9103420003521
opportunity++,cuda,finetune_encoders,opportunity++__only_body25__qwen3_8b,qwen3_8b,only_body25,53036,212144,1957440,81,28468,24568,0.5453530002341722,3.132867001142481,3.132867001142481,8207704876,16449348784,999225426368,8207651840,109.46943500039197,110.92993300098897
opportunity++,cuda,no_alignment,opportunity++__only_body25__qwen3_8b,qwen3_8b,only_body25,53036,212144,1957440,81,28468,24568,0.6708939999953145,3.2691970009472104,3.2691970009472104,8207704876,16449348784,999225426368,8207651840,109.46943500039197,110.93322200031253
opportunity++,cuda,no_usage,opportunity++__only_body25__qwen3_8b,qwen3_8b,only_body25,53036,212144,1957440,81,28468,24568,0.548813000023074,3.130065999386611,3.130065999386611,8207704876,16449348784,999225426368,8207651840,109.46943500039197,110.92831200039655
opportunity++,cuda,tcn,opportunity++__only_body25__qwen3_8b,qwen3_8b,only_body25,21796,87184,1337664,9332,21796,0,0.6282140002440428,10.182613999746996,10.182613999746996,8207673636,16449223824,1335684012224,8207651840,109.57651500029897,110.61986000004254
opportunity++,cuda,ts_transformer,opportunity++__only_body25__qwen3_8b,qwen3_8b,only_body25,34660,138640,2386240,9332,34660,0,0.6757330002074013,10.235293000620464,10.235293000620464,8207686500,16449275280,1335685060800,8207651840,109.57651500029897,110.7034400001794
opportunity++,cuda,patchtst,opportunity++__only_body25__qwen3_8b,qwen3_8b,only_body25,32484,129936,27393984,9332,32484,0,0.7639430004928727,10.323204000884749,10.323204000884749,8207684324,16449266576,985246474944,8207651840,108.97103200022684,110.39888000050269
opportunity++,mixed,distrixsense,opportunity++__only_body25__qwen3_8b,qwen3_8b,only_body25,53036,212144,1957440,81,28468,24568,0.5474729996421956,2.8826139996743994,2.8826139996743994,8207704876,16449348784,999225426368,8207651840,109.46943500039197,110.78805200122588
opportunity++,mixed,dense,opportunity++__only_body25__qwen3_8b,qwen3_8b,only_body25,48580,194320,3332672,4324,27444,21136,0.4635219993360806,6.114511998343677,6.114511998343677,8207700420,16449330960,1335686007232,8207651840,109.57651500029897,110.72875000081694
opportunity++,mixed,dense_tokens,opportunity++__only_body25__qwen3_8b,qwen3_8b,only_body25,50956,203824,1941056,1100,27444,23512,0.4460019999896758,3.5696929999129496,3.5696929999129496,8207702796,16449340464,999225409984,8207651840,109.46943500039197,110.6230619998314
opportunity++,mixed,raw,opportunity++__only_body25__qwen3_8b,qwen3_8b,only_body25,48580,194320,3332672,9332,48580,0,0.816933999885805,10.317284000735986,10.317284000735986,8207700420,16449330960,1335686007232,8207651840,109.57651500029897,110.78974199972436
opportunity++,mixed,early_fusion,opportunity++__only_body25__qwen3_8b,qwen3_8b,only_body25,35908,143632,2523712,9332,35908,0,0.8320540000568144,10.333663998495927,10.333663998495927,8207687748,16449280272,1335685198272,8207651840,109.57651500029897,110.79627200069808
opportunity++,mixed,late_fusion,opportunity++__only_body25__qwen3_8b,qwen3_8b,only_body25,21466,85864,1339648,88,0,21466,0.0825910001367447,2.3552720005204084,2.3552720005204084,8190756826,16381556584,1124742502656,8190735360,109.45729400009441,110.12373700032185
opportunity++,mixed,local_only,opportunity++__only_body25__qwen3_8b,qwen3_8b,only_body25,21466,85864,1339648,52,0,21466,0.09259099988412345,2.3474029997191623,2.3474029997191623,8190756826,16381556584,1124742502656,8190735360,109.45729400009441,110.2101379992746
opportunity++,mixed,bottleneck,opportunity++__only_body25__qwen3_8b,qwen3_8b,only_body25,48872,195488,3349056,684,27604,21268,0.47708300007798243,3.250615001225949,3.250615001225949,8207700712,16449332128,1335686023616,8207651840,109.57651500029897,110.7639410010961
opportunity++,mixed,tokenlearner,opportunity++__only_body25__qwen3_8b,qwen3_8b,only_body25,49900,199600,1924672,1100,27444,22456,0.43647199981933227,3.5809139999354374,3.5809139999354374,8207701740,16449336240,999225393600,8207651840,109.46943500039197,110.81178200038266
opportunity++,mixed,posthoc_vq,opportunity++__only_body25__qwen3_8b,qwen3_8b,only_body25,50628,202512,3398208,192,28468,22160,0.5706930005544564,3.0555050012284424,3.0555050012284424,8207702468,16449339152,1335686072768,8207651840,109.57651500029897,110.9917529993254
opportunity++,mixed,joint_vq,opportunity++__only_body25__qwen3_8b,qwen3_8b,only_body25,53004,212016,1957440,81,28468,24536,0.5453530002341722,2.972595000784972,2.972595000784972,8207704844,16449348656,999225426368,8207651840,109.46943500039197,110.85674200057838
opportunity++,mixed,deepconvlstm,opportunity++__only_body25__qwen3_8b,qwen3_8b,only_body25,50714,202856,3174656,9332,50714,0,0.4894919993603253,9.993991999068845,9.993991999068845,8207702554,16449339496,1335685849216,8207651840,109.57651500029897,110.47448900080781
opportunity++,mixed,unrestricted_bank,opportunity++__only_body25__qwen3_8b,qwen3_8b,only_body25,53036,212144,1957440,81,28468,24568,0.45772199973725947,2.827752999139088,2.827752999139088,8207704876,16449348784,999225426368,8207651840,109.46943500039197,110.7107409998207
opportunity++,mixed,separate_banks,opportunity++__only_body25__qwen3_8b,qwen3_8b,only_body25,53036,212144,1957440,81,28468,24568,0.5530819998966763,2.9031029999095015,2.9031029999095015,8207704876,16449348784,999225426368,8207651840,109.46943500039197,110.80479100019147
opportunity++,mixed,fixed_resampling,opportunity++__only_body25__qwen3_8b,qwen3_8b,only_body25,53036,212144,1583040,81,28468,24568,0.5404619996625115,2.817412999349367,2.817412999349367,8207704876,16449348784,999225051968,8207651840,109.46943500039197,110.69162100102403
opportunity++,mixed,finetune_encoders,opportunity++__only_body25__qwen3_8b,qwen3_8b,only_body25,53036,212144,1957440,81,28468,24568,0.5440629993245238,2.900203999190021,2.900203999190021,8207704876,16449348784,999225426368,8207651840,109.46943500039197,110.78273199927935
opportunity++,mixed,no_alignment,opportunity++__only_body25__qwen3_8b,qwen3_8b,only_body25,53036,212144,1957440,81,28468,24568,0.5434619997686241,2.8999229998879716,2.8999229998879716,8207704876,16449348784,999225426368,8207651840,109.46943500039197,110.79708200031746
opportunity++,mixed,no_usage,opportunity++__only_body25__qwen3_8b,qwen3_8b,only_body25,53036,212144,1957440,81,28468,24568,0.5512830002771807,2.894716000839148,2.894716000839148,8207704876,16449348784,999225426368,8207651840,109.46943500039197,110.7786809998288
opportunity++,mixed,tcn,opportunity++__only_body25__qwen3_8b,qwen3_8b,only_body25,21796,87184,1337664,9332,21796,0,0.5931429996053339,10.09404399963069,10.09404399963069,8207673636,16449223824,1335684012224,8207651840,109.57651500029897,110.56226099935884
opportunity++,mixed,ts_transformer,opportunity++__only_body25__qwen3_8b,qwen3_8b,only_body25,34660,138640,2386240,9332,34660,0,0.6778529996154248,10.177862999513769,10.177862999513769,8207686500,16449275280,1335685060800,8207651840,109.57651500029897,110.65128000063851
opportunity++,mixed,patchtst,opportunity++__only_body25__qwen3_8b,qwen3_8b,only_body25,32484,129936,27393984,9332,32484,0,0.817654999991646,10.324045000631036,10.324045000631036,8207684324,16449266576,985246474944,8207651840,108.97103200022684,110.13495900078851
opportunity++,cuda,distrixsense,opportunity++__only_body_sensors__qwen3_8b,qwen3_8b,only_body_sensors,79986,319944,3673280,81,28468,51518,0.5480029994942015,3.1548649995164713,3.1548649995164713,8207731826,16449456584,999227142208,8207651840,109.46943500039197,110.9618220016273
opportunity++,cuda,dense,opportunity++__only_body_sensors__qwen3_8b,qwen3_8b,only_body_sensors,75530,302120,5048512,4324,27444,48086,0.4623220002031303,6.3465750011844095,6.3465750011844095,8207727370,16449438760,1335687723072,8207651840,109.57651500029897,110.85805200036702
opportunity++,cuda,dense_tokens,opportunity++__only_body_sensors__qwen3_8b,qwen3_8b,only_body_sensors,77906,311624,3656896,1100,27444,50462,0.4433820004123845,3.8368760006004594,3.8368760006004594,8207729746,16449448264,999227125824,8207651840,109.46943500039197,110.78562200054876
opportunity++,cuda,raw,opportunity++__only_body_sensors__qwen3_8b,qwen3_8b,only_body_sensors,75530,302120,5048512,53584,75530,0,0.8151340007316321,45.790524000723366,45.790524000723366,8207727370,16449438760,1335687723072,8207651840,109.57651500029897,110.84923100042943
opportunity++,cuda,early_fusion,opportunity++__only_body_sensors__qwen3_8b,qwen3_8b,only_body_sensors,53898,215592,3666112,53584,53898,0,0.8142750002662069,45.783915001039844,45.783915001039844,8207705738,16449352232,1335686340672,8207651840,109.57651500029897,110.85307200028183
opportunity++,cuda,late_fusion,opportunity++__only_body_sensors__qwen3_8b,qwen3_8b,only_body_sensors,48416,193664,3055488,88,0,48416,0.07399999958579428,2.547790999549243,2.547790999549243,8190783776,16381664384,1124744218496,8190735360,109.45729400009441,110.56685900075536
opportunity++,cuda,local_only,opportunity++__only_body_sensors__qwen3_8b,qwen3_8b,only_body_sensors,48416,193664,3055488,52,0,48416,0.089339999249205,2.560070999850251,2.560070999850251,8190783776,16381664384,1124744218496,8190735360,109.45729400009441,110.28992800129345
opportunity++,cuda,bottleneck,opportunity++__only_body_sensors__qwen3_8b,qwen3_8b,only_body_sensors,75822,303288,5064896,684,27604,48218,0.4824620000363211,3.4606840011029156,3.4606840011029156,8207727662,16449439928,1335687739456,8207651840,109.57651500029897,110.89153099965188
opportunity++,cuda,tokenlearner,opportunity++__only_body_sensors__qwen3_8b,qwen3_8b,only_body_sensors,76850,307400,3640512,1100,27444,49406,0.43998299952363595,3.8042749993063625,3.8042749993063625,8207728690,16449444040,999227109440,8207651840,109.46943500039197,110.79151100057061
opportunity++,cuda,posthoc_vq,opportunity++__only_body_sensors__qwen3_8b,qwen3_8b,only_body_sensors,77578,310312,5114048,192,28468,49110,0.5714429998988635,3.3336370002674753,3.3336370002674753,8207729418,16449446952,1335687788608,8207651840,109.57651500029897,111.1760330004472
opportunity++,cuda,joint_vq,opportunity++__only_body_sensors__qwen3_8b,qwen3_8b,only_body_sensors,79954,319816,3673280,81,28468,51486,0.5345919998944737,3.2988149996816762,3.2988149996816762,8207731794,16449456456,999227142208,8207651840,109.46943500039197,111.08737300037319
opportunity++,cuda,deepconvlstm,opportunity++__only_body_sensors__qwen3_8b,qwen3_8b,only_body_sensors,77664,310656,4890496,53584,77664,0,0.47642299978178926,45.45214299992162,45.45214299992162,8207729504,16449447296,1335687565056,8207651840,109.57651500029897,110.5244690006657
opportunity++,cuda,unrestricted_bank,opportunity++__only_body_sensors__qwen3_8b,qwen3_8b,only_body_sensors,79986,319944,3673280,81,28468,51518,0.4563729999063071,3.0395460007929476,3.0395460007929476,8207731826,16449456584,999227142208,8207651840,109.46943500039197,110.87815200062323
opportunity++,cuda,separate_banks,opportunity++__only_body_sensors__qwen3_8b,qwen3_8b,only_body_sensors,79986,319944,3673280,81,28468,51518,0.5595230004473706,3.1554670004260377,3.1554670004260377,8207731826,16449456584,999227142208,8207651840,109.46943500039197,110.95222200037824
opportunity++,cuda,fixed_resampling,opportunity++__only_body_sensors__qwen3_8b,qwen3_8b,only_body_sensors,79986,319944,2299840,81,28468,51518,0.5365429997254978,3.0973449984520673,3.0973449984520673,8207731826,16449456584,999225768768,8207651840,109.46943500039197,110.8948410001176
opportunity++,cuda,finetune_encoders,opportunity++__only_body_sensors__qwen3_8b,qwen3_8b,only_body_sensors,79986,319944,3673280,81,28468,51518,0.5431929994301754,3.124005998899415,3.124005998899415,8207731826,16449456584,999227142208,8207651840,109.46943500039197,110.91939200014167
opportunity++,cuda,no_alignment,opportunity++__only_body_sensors__qwen3_8b,qwen3_8b,only_body_sensors,79986,319944,3673280,81,28468,51518,0.5422229996838723,3.1252449998936616,3.1252449998936616,8207731826,16449456584,999227142208,8207651840,109.46943500039197,110.93997300031333
opportunity++,cuda,no_usage,opportunity++__only_body_sensors__qwen3_8b,qwen3_8b,only_body_sensors,79986,319944,3673280,81,28468,51518,0.5454029997054022,3.1325150003175484,3.1325150003175484,8207731826,16449456584,999227142208,8207651840,109.46943500039197,110.92159200052265
opportunity++,cuda,tcn,opportunity++__only_body_sensors__qwen3_8b,qwen3_8b,only_body_sensors,39786,159144,2480064,53584,39786,0,0.5901229997107293,45.565103999935076,45.565103999935076,8207691626,16449295784,1335685154624,8207651840,109.57651500029897,110.63473100148258
opportunity++,cuda,ts_transformer,opportunity++__only_body_sensors__qwen3_8b,qwen3_8b,only_body_sensors,52650,210600,3528640,53584,52650,0,0.6762339999113465,45.653754000114844,45.653754000114844,8207704490,16449347240,1335686203200,8207651840,109.57651500029897,110.71535999963089
opportunity++,cuda,patchtst,opportunity++__only_body_sensors__qwen3_8b,qwen3_8b,only_body_sensors,48234,192936,53606464,53584,48234,0,0.7561039992651786,45.72831399832589,45.72831399832589,8207700074,16449329576,985272687424,8207651840,108.97103200022684,110.17589699986274
opportunity++,mixed,distrixsense,opportunity++__only_body_sensors__qwen3_8b,qwen3_8b,only_body_sensors,79986,319944,3673280,81,28468,51518,0.5365730003177305,2.907093999994581,2.907093999994581,8207731826,16449456584,999227142208,8207651840,109.46943500039197,110.8071619992188
opportunity++,mixed,dense,opportunity++__only_body_sensors__qwen3_8b,qwen3_8b,only_body_sensors,75530,302120,5048512,4324,27444,48086,0.46388300052058185,6.159593999977678,6.159593999977678,8207727370,16449438760,1335687723072,8207651840,109.57651500029897,110.76350100029231
opportunity++,mixed,dense_tokens,opportunity++__only_body_sensors__qwen3_8b,qwen3_8b,only_body_sensors,77906,311624,3656896,1100,27444,50462,0.4347120002421434,3.596673000169976,3.596673000169976,8207729746,16449448264,999227125824,8207651840,109.46943500039197,110.67618200013385
opportunity++,mixed,raw,opportunity++__only_body_sensors__qwen3_8b,qwen3_8b,only_body_sensors,75530,302120,5048512,53584,75530,0,0.8206739994420786,45.737563999638354,45.737563999638354,8207727370,16449438760,1335687723072,8207651840,109.57651500029897,110.80788100116479
opportunity++,mixed,early_fusion,opportunity++__only_body_sensors__qwen3_8b,qwen3_8b,only_body_sensors,53898,215592,3666112,53584,53898,0,0.8058240000536898,45.72174400050366,45.72174400050366,8207705738,16449352232,1335686340672,8207651840,109.57651500029897,111.06470300001092
opportunity++,mixed,late_fusion,opportunity++__only_body_sensors__qwen3_8b,qwen3_8b,only_body_sensors,48416,193664,3055488,88,0,48416,0.07526999979745597,2.3640210003099402,2.3640210003099402,8190783776,16381664384,1124744218496,8190735360,109.45729400009441,110.14921800051525
opportunity++,mixed,local_only,opportunity++__only_body_sensors__qwen3_8b,qwen3_8b,only_body_sensors,48416,193664,3055488,52,0,48416,0.0927400005821255,2.355881000100891,2.355881000100891,8190783776,16381664384,1124744218496,8190735360,109.45729400009441,110.17103700032749
opportunity++,mixed,bottleneck,opportunity++__only_body_sensors__qwen3_8b,qwen3_8b,only_body_sensors,75822,303288,5064896,684,27604,48218,0.4753319999508676,3.2531230010781904,3.2531230010781904,8207727662,16449439928,1335687739456,8207651840,109.57651500029897,110.80104200027563
opportunity++,mixed,tokenlearner,opportunity++__only_body_sensors__qwen3_8b,qwen3_8b,only_body_sensors,76850,307400,3640512,1100,27444,49406,0.43879199984075967,3.569933999638015,3.569933999638015,8207728690,16449444040,999227109440,8207651840,109.46943500039197,110.75660200094717
opportunity++,mixed,posthoc_vq,opportunity++__only_body_sensors__qwen3_8b,qwen3_8b,only_body_sensors,77578,310312,5114048,192,28468,49110,0.5763230001321062,3.043164999852155,3.043164999852155,8207729418,16449446952,1335687788608,8207651840,109.57651500029897,110.99058200034051
opportunity++,mixed,joint_vq,opportunity++__only_body_sensors__qwen3_8b,qwen3_8b,only_body_sensors,79954,319816,3673280,81,28468,51486,0.5542230001083226,2.968506000826787,2.968506000826787,8207731794,16449456456,999227142208,8207651840,109.46943500039197,110.84957200091594
opportunity++,mixed,deepconvlstm,opportunity++__only_body_sensors__qwen3_8b,qwen3_8b,only_body_sensors,77664,310656,4890496,53584,77664,0,0.5697030001101666,45.492152999714875,45.492152999714875,8207729504,16449447296,1335687565056,8207651840,109.57651500029897,110.67057100081001
opportunity++,mixed,unrestricted_bank,opportunity++__only_body_sensors__qwen3_8b,qwen3_8b,only_body_sensors,79986,319944,3673280,81,28468,51518,0.4563229995255824,2.797623998077947,2.797623998077947,8207731826,16449456584,999227142208,8207651840,109.46943500039197,110.70295199988323
opportunity++,mixed,separate_banks,opportunity++__only_body_sensors__qwen3_8b,qwen3_8b,only_body_sensors,79986,319944,3673280,81,28468,51518,0.6700029998683021,3.016013999542233,3.016013999542233,8207731826,16449456584,999227142208,8207651840,109.46943500039197,110.80270200091036
opportunity++,mixed,fixed_resampling,opportunity++__only_body_sensors__qwen3_8b,qwen3_8b,only_body_sensors,79986,319944,2299840,81,28468,51518,0.5426230000011856,2.8247840000693802,2.8247840000693802,8207731826,16449456584,999225768768,8207651840,109.46943500039197,110.6913710000299
opportunity++,mixed,finetune_encoders,opportunity++__only_body_sensors__qwen3_8b,qwen3_8b,only_body_sensors,79986,319944,3673280,81,28468,51518,0.6515940003737342,3.06144500066865,3.06144500066865,8207731826,16449456584,999227142208,8207651840,109.46943500039197,110.98015200059308
opportunity++,mixed,no_alignment,opportunity++__only_body_sensors__qwen3_8b,qwen3_8b,only_body_sensors,79986,319944,3673280,81,28468,51518,0.5370529997890117,2.878025000456441,2.878025000456441,8207731826,16449456584,999227142208,8207651840,109.46943500039197,110.77533099978609
opportunity++,mixed,no_usage,opportunity++__only_body_sensors__qwen3_8b,qwen3_8b,only_body_sensors,79986,319944,3673280,81,28468,51518,0.6834639998487546,3.0173449995635426,3.0173449995635426,8207731826,16449456584,999227142208,8207651840,109.46943500039197,110.77210099938384
opportunity++,mixed,tcn,opportunity++__only_body_sensors__qwen3_8b,qwen3_8b,only_body_sensors,39786,159144,2480064,53584,39786,0,0.7199030005722307,45.64035400176303,45.64035400176303,8207691626,16449295784,1335685154624,8207651840,109.57651500029897,110.7257200010281
opportunity++,mixed,ts_transformer,opportunity++__only_body_sensors__qwen3_8b,qwen3_8b,only_body_sensors,52650,210600,3528640,53584,52650,0,0.7980840000527678,45.71849499984759,45.71849499984759,8207704490,16449347240,1335686203200,8207651840,109.57651500029897,110.87251200024184
opportunity++,mixed,patchtst,opportunity++__only_body_sensors__qwen3_8b,qwen3_8b,only_body_sensors,48234,192936,53606464,53584,48234,0,0.7897639998191153,45.71147399906417,45.71147399906417,8207700074,16449329576,985272687424,8207651840,108.97103200022684,110.19228700024541
opportunity++,cuda,distrixsense,opportunity++__only_object_sensors__qwen3_8b,qwen3_8b,only_object_sensors,48536,194144,1671360,81,28468,20068,0.5379619997256668,3.111754000230471,3.111754000230471,8207700376,16449330784,999225140288,8207651840,109.46943500039197,110.93719300060911
opportunity++,cuda,dense,opportunity++__only_object_sensors__qwen3_8b,qwen3_8b,only_object_sensors,44080,176320,3046592,4324,27444,16636,0.4674120000345283,6.332233000971191,6.332233000971191,8207695920,16449312960,1335685721152,8207651840,109.57651500029897,110.84227100036514
opportunity++,cuda,dense_tokens,opportunity++__only_object_sensors__qwen3_8b,qwen3_8b,only_object_sensors,46456,185824,1654976,1100,27444,19012,0.44340299973555375,3.8245550003874813,3.8245550003874813,8207698296,16449322464,999225123904,8207651840,109.46943500039197,110.80958200091118
opportunity++,cuda,raw,opportunity++__only_object_sensors__qwen3_8b,qwen3_8b,only_object_sensors,44080,176320,3046592,22396,44080,0,1.0128650001206552,21.025795000322464,21.025795000322464,8207695920,16449312960,1335685721152,8207651840,109.57651500029897,110.8462120000695
opportunity++,cuda,early_fusion,opportunity++__only_object_sensors__qwen3_8b,qwen3_8b,only_object_sensors,33328,133312,2360512,22396,33328,0,0.8161140003721812,20.827764000468083,20.827764000468083,8207685168,16449269952,1335685035072,8207651840,109.57651500029897,110.85431100036658
opportunity++,cuda,late_fusion,opportunity++__only_object_sensors__qwen3_8b,qwen3_8b,only_object_sensors,16966,67864,1053568,88,0,16966,0.07565000032627722,2.548071999760787,2.548071999760787,8190752326,16381538584,1124742216576,8190735360,109.45729400009441,110.27914799979044
opportunity++,cuda,local_only,opportunity++__only_object_sensors__qwen3_8b,qwen3_8b,only_object_sensors,16966,67864,1053568,52,0,16966,0.09766999937710352,2.5570720001883105,2.5570720001883105,8190752326,16381538584,1124742216576,8190735360,109.45729400009441,110.28879799960123
opportunity++,cuda,bottleneck,opportunity++__only_object_sensors__qwen3_8b,qwen3_8b,only_object_sensors,44372,177488,3062976,684,27604,16768,0.4702420001194696,3.428993999724323,3.428993999724323,8207696212,16449314128,1335685737536,8207651840,109.57651500029897,110.88439099967218
opportunity++,cuda,tokenlearner,opportunity++__only_object_sensors__qwen3_8b,qwen3_8b,only_object_sensors,45400,181600,1638592,1100,27444,17956,0.43665199973474955,3.7991339995595625,3.7991339995595625,8207697240,16449318240,999225107520,8207651840,109.46943500039197,110.78645200086612
opportunity++,cuda,posthoc_vq,opportunity++__only_object_sensors__qwen3_8b,qwen3_8b,only_object_sensors,46128,184512,3112128,192,28468,17660,0.5717329995604814,3.340234999612579,3.340234999612579,8207697968,16449321152,1335685786688,8207651840,109.57651500029897,111.16372299966315
opportunity++,cuda,joint_vq,opportunity++__only_object_sensors__qwen3_8b,qwen3_8b,only_object_sensors,48504,194016,1671360,81,28468,20036,0.5400529998951242,3.2823479996585636,3.2823479996585636,8207700344,16449330656,999225140288,8207651840,109.46943500039197,111.09229400062759
opportunity++,cuda,deepconvlstm,opportunity++__only_object_sensors__qwen3_8b,qwen3_8b,only_object_sensors,46214,184856,2888576,22396,46214,0,0.4785629998877994,20.495974999074893,20.495974999074893,8207698054,16449321496,1335685563136,8207651840,109.57651500029897,110.50272900047275
opportunity++,cuda,unrestricted_bank,opportunity++__only_object_sensors__qwen3_8b,qwen3_8b,only_object_sensors,48536,194144,1671360,81,28468,20068,0.4572219995679916,3.0366650007926044,3.0366650007926044,8207700376,16449330784,999225140288,8207651840,109.46943500039197,110.85614199964766
opportunity++,cuda,separate_banks,opportunity++__only_object_sensors__qwen3_8b,qwen3_8b,only_object_sensors,48536,194144,1671360,81,28468,20068,0.5632230004266603,3.154686000045226,3.154686000045226,8207700376,16449330784,999225140288,8207651840,109.46943500039197,110.9416120007154
opportunity++,cuda,fixed_resampling,opportunity++__only_object_sensors__qwen3_8b,qwen3_8b,only_object_sensors,48536,194144,1429440,81,28468,20068,0.5527020002773497,3.10491400071613,3.10491400071613,8207700376,16449330784,999224898368,8207651840,109.46943500039197,110.89432300013868
opportunity++,cuda,finetune_encoders,opportunity++__only_object_sensors__qwen3_8b,qwen3_8b,only_object_sensors,48536,194144,1671360,81,28468,20068,0.5452329996842309,3.130006000021135,3.130006000021135,8207700376,16449330784,999225140288,8207651840,109.46943500039197,110.93106300177169
opportunity++,cuda,no_alignment,opportunity++__only_object_sensors__qwen3_8b,qwen3_8b,only_object_sensors,48536,194144,1671360,81,28468,20068,0.5439829992610612,3.130195000296121,3.130195000296121,8207700376,16449330784,999225140288,8207651840,109.46943500039197,110.9350020005877
opportunity++,cuda,no_usage,opportunity++__only_object_sensors__qwen3_8b,qwen3_8b,only_object_sensors,48536,194144,1671360,81,28468,20068,0.5419129993242677,3.127444998455653,3.127444998455653,8207700376,16449330784,999225140288,8207651840,109.46943500039197,110.92807200020616
opportunity++,cuda,tcn,opportunity++__only_object_sensors__qwen3_8b,qwen3_8b,only_object_sensors,19216,76864,1174464,22396,19216,0,0.7227240002976032,20.741385999907866,20.741385999907866,8207671056,16449213504,1335683849024,8207651840,109.57651500029897,110.62135900010617
opportunity++,cuda,ts_transformer,opportunity++__only_object_sensors__qwen3_8b,qwen3_8b,only_object_sensors,32080,128320,2223040,22396,32080,0,0.6739340005879058,20.693134000875066,20.693134000875066,8207683920,16449264960,1335684897600,8207651840,109.57651500029897,110.71624999931373
opportunity++,cuda,patchtst,opportunity++__only_object_sensors__qwen3_8b,qwen3_8b,only_object_sensors,30384,121536,21858624,22396,30384,0,0.7789540004523587,20.792314001563714,20.792314001563714,8207682224,16449258176,985240939584,8207651840,108.97103200022684,110.16216900043219
opportunity++,mixed,distrixsense,opportunity++__only_object_sensors__qwen3_8b,qwen3_8b,only_object_sensors,48536,194144,1671360,81,28468,20068,0.6588629994439543,3.0570839990395005,3.0570839990395005,8207700376,16449330784,999225140288,8207651840,109.46943500039197,110.8378110011472
opportunity++,mixed,dense,opportunity++__only_object_sensors__qwen3_8b,qwen3_8b,only_object_sensors,44080,176320,3046592,4324,27444,16636,0.4591819997585844,6.110702999971854,6.110702999971854,8207695920,16449312960,1335685721152,8207651840,109.57651500029897,110.7253000000128
opportunity++,mixed,dense_tokens,opportunity++__only_object_sensors__qwen3_8b,qwen3_8b,only_object_sensors,46456,185824,1654976,1100,27444,19012,0.4429420005180873,3.5707130000399774,3.5707130000399774,8207698296,16449322464,999225123904,8207651840,109.46943500039197,110.63515000023472
opportunity++,mixed,raw,opportunity++__only_object_sensors__qwen3_8b,qwen3_8b,only_object_sensors,44080,176320,3046592,22396,44080,0,0.8043249999900581,20.760995000354374,20.760995000354374,8207695920,16449312960,1335685721152,8207651840,109.57651500029897,110.80219199993735
opportunity++,mixed,early_fusion,opportunity++__only_object_sensors__qwen3_8b,qwen3_8b,only_object_sensors,33328,133312,2360512,22396,33328,0,0.8232540003518807,20.783703999849454,20.783703999849454,8207685168,16449269952,1335685035072,8207651840,109.57651500029897,110.80226000012772
opportunity++,mixed,late_fusion,opportunity++__only_object_sensors__qwen3_8b,qwen3_8b,only_object_sensors,16966,67864,1053568,88,0,16966,0.07585000003018649,2.350752001027495,2.350752001027495,8190752326,16381538584,1124742216576,8190735360,109.45729400009441,110.14275700017606
opportunity++,mixed,local_only,opportunity++__only_object_sensors__qwen3_8b,qwen3_8b,only_object_sensors,16966,67864,1053568,52,0,16966,0.10414000007585855,2.356581000883563,2.356581000883563,8190752326,16381538584,1124742216576,8190735360,109.45729400009441,110.15481800041016
opportunity++,mixed,bottleneck,opportunity++__only_object_sensors__qwen3_8b,qwen3_8b,only_object_sensors,44372,177488,3062976,684,27604,16768,0.4770929999722284,3.245094000040833,3.245094000040833,8207696212,16449314128,1335685737536,8207651840,109.57651500029897,110.7738109994898
opportunity++,mixed,tokenlearner,opportunity++__only_object_sensors__qwen3_8b,qwen3_8b,only_object_sensors,45400,181600,1638592,1100,27444,17956,0.4418319995238562,3.5648840002930955,3.5648840002930955,8207697240,16449318240,999225107520,8207651840,109.46943500039197,110.64824100049009
opportunity++,mixed,posthoc_vq,opportunity++__only_object_sensors__qwen3_8b,qwen3_8b,only_object_sensors,46128,184512,3112128,192,28468,17660,0.5940119999650051,3.115553998739773,3.115553998739773,8207697968,16449321152,1335685786688,8207651840,109.57651500029897,111.04355299994495
opportunity++,mixed,joint_vq,opportunity++__only_object_sensors__qwen3_8b,qwen3_8b,only_object_sensors,48504,194016,1671360,81,28468,20036,0.6557329998031491,3.1352449996410403,3.1352449996410403,8207700344,16449330656,999225140288,8207651840,109.46943500039197,110.87985300036962
opportunity++,mixed,deepconvlstm,opportunity++__only_object_sensors__qwen3_8b,qwen3_8b,only_object_sensors,46214,184856,2888576,22396,46214,0,0.4766319998452673,20.4329519993635,20.4329519993635,8207698054,16449321496,1335685563136,8207651840,109.57651500029897,110.48583899992082
opportunity++,mixed,unrestricted_bank,opportunity++__only_object_sensors__qwen3_8b,qwen3_8b,only_object_sensors,48536,194144,1671360,81,28468,20068,0.466032000076666,2.848843999374262,2.848843999374262,8207700376,16449330784,999225140288,8207651840,109.46943500039197,110.76129100092658
opportunity++,mixed,separate_banks,opportunity++__only_object_sensors__qwen3_8b,qwen3_8b,only_object_sensors,48536,194144,1671360,81,28468,20068,0.5738529998779995,2.9583040004871552,2.9583040004871552,8207700376,16449330784,999225140288,8207651840,109.46943500039197,110.85575299966877
opportunity++,mixed,fixed_resampling,opportunity++__only_object_sensors__qwen3_8b,qwen3_8b,only_object_sensors,48536,194144,1429440,81,28468,20068,0.55414300004486,2.8566540004538954,2.8566540004538954,8207700376,16449330784,999224898368,8207651840,109.46943500039197,110.72731200056296
opportunity++,mixed,finetune_encoders,opportunity++__only_object_sensors__qwen3_8b,qwen3_8b,only_object_sensors,48536,194144,1671360,81,28468,20068,0.5444130001706071,2.918344001074624,2.918344001074624,8207700376,16449330784,999225140288,8207651840,109.46943500039197,110.81402100080595
opportunity++,mixed,no_alignment,opportunity++__only_object_sensors__qwen3_8b,qwen3_8b,only_object_sensors,48536,194144,1671360,81,28468,20068,0.560721999136149,3.0742539984493167,3.0742539984493167,8207700376,16449330784,999225140288,8207651840,109.46943500039197,111.02127199956158
opportunity++,mixed,no_usage,opportunity++__only_object_sensors__qwen3_8b,qwen3_8b,only_object_sensors,48536,194144,1671360,81,28468,20068,0.6503129998236545,3.0807639996345504,3.0807639996345504,8207700376,16449330784,999225140288,8207651840,109.46943500039197,110.98113200023363
opportunity++,mixed,tcn,opportunity++__only_object_sensors__qwen3_8b,qwen3_8b,only_object_sensors,19216,76864,1174464,22396,19216,0,0.5886919998374651,20.557111999632102,20.557111999632102,8207671056,16449213504,1335683849024,8207651840,109.57651500029897,110.7277110004361
opportunity++,mixed,ts_transformer,opportunity++__only_object_sensors__qwen3_8b,qwen3_8b,only_object_sensors,32080,128320,2223040,22396,32080,0,0.9536050001770491,20.91876500079619,20.91876500079619,8207683920,16449264960,1335684897600,8207651840,109.57651500029897,110.81642100089084
opportunity++,mixed,patchtst,opportunity++__only_object_sensors__qwen3_8b,qwen3_8b,only_object_sensors,30384,121536,21858624,22396,30384,0,0.8602950001659337,20.828025000891135,20.828025000891135,8207682224,16449258176,985240939584,8207651840,108.97103200022684,110.36459899969486
opportunity++,cuda,distrixsense,opportunity++__only_rgb__qwen3_8b,qwen3_8b,only_rgb,103580,414320,5177280,81,28468,75112,0.5429330003607902,3.136545999979612,3.136545999979612,8207755420,16449550960,999228646208,8207651840,109.46943500039197,110.91193300035229
opportunity++,cuda,dense,opportunity++__only_rgb__qwen3_8b,qwen3_8b,only_rgb,99124,396496,6552512,4324,27444,71680,0.46769199980190024,6.307362998408952,6.307362998408952,8207750964,16449533136,1335689227072,8207651840,109.57651500029897,110.84294200099976
opportunity++,cuda,dense_tokens,opportunity++__only_rgb__qwen3_8b,qwen3_8b,only_rgb,101500,406000,5160896,1100,27444,74056,0.44670199986285297,3.816133999857702,3.816133999857702,8207753340,16449542640,999228629824,8207651840,109.46943500039197,110.7918609995977
opportunity++,cuda,raw,opportunity++__only_rgb__qwen3_8b,qwen3_8b,only_rgb,99124,396496,6552512,23624,99124,0,0.8220249992518802,21.81648599909402,21.81648599909402,8207750964,16449533136,1335689227072,8207651840,109.57651500029897,110.84778100030235
opportunity++,cuda,early_fusion,opportunity++__only_rgb__qwen3_8b,qwen3_8b,only_rgb,71476,285904,4785088,23624,71476,0,0.8130840005833306,21.807844999981334,21.807844999981334,8207723316,16449422544,1335687459648,8207651840,109.57651500029897,110.84680200110597
opportunity++,cuda,late_fusion,opportunity++__only_rgb__qwen3_8b,qwen3_8b,only_rgb,72010,288040,4559488,88,0,72010,0.07372099935309961,2.5451039993162614,2.5451039993162614,8190807370,16381758760,1124745722496,8190735360,109.45729400009441,110.26595699968311
opportunity++,cuda,local_only,opportunity++__only_rgb__qwen3_8b,qwen3_8b,only_rgb,72010,288040,4559488,52,0,72010,0.18008099959843094,2.7761340000028953,2.7761340000028953,8190807370,16381758760,1124745722496,8190735360,109.45729400009441,110.28937799983396
opportunity++,cuda,bottleneck,opportunity++__only_rgb__qwen3_8b,qwen3_8b,only_rgb,99416,397664,6568896,684,27604,71812,0.5266630005280604,3.4970940007688363,3.4970940007688363,8207751256,16449534304,1335689243456,8207651840,109.57651500029897,110.89167200043448
opportunity++,cuda,tokenlearner,opportunity++__only_rgb__qwen3_8b,qwen3_8b,only_rgb,100444,401776,5144512,1100,27444,73000,0.4497820000324282,3.816014999751933,3.816014999751933,8207752284,16449538416,999228613440,8207651840,109.46943500039197,110.7814220004002
opportunity++,cuda,posthoc_vq,opportunity++__only_rgb__qwen3_8b,qwen3_8b,only_rgb,101172,404688,6618048,192,28468,72704,0.5656129997078096,3.3137450005400693,3.3137450005400693,8207753012,16449541328,1335689292608,8207651840,109.57651500029897,111.16734300048847
opportunity++,cuda,joint_vq,opportunity++__only_rgb__qwen3_8b,qwen3_8b,only_rgb,103548,414192,5177280,81,28468,75080,0.5392129996835138,3.315426998626103,3.315426998626103,8207755388,16449550832,999228646208,8207651840,109.46943500039197,111.09042299995053
opportunity++,cuda,deepconvlstm,opportunity++__only_rgb__qwen3_8b,qwen3_8b,only_rgb,101258,405032,6394496,23624,101258,0,0.47790200005692896,21.47485200040699,21.47485200040699,8207753098,16449541672,1335689069056,8207651840,109.57651500029897,110.49876900051459
opportunity++,cuda,unrestricted_bank,opportunity++__only_rgb__qwen3_8b,qwen3_8b,only_rgb,103580,414320,5177280,81,28468,75112,0.45602200043504126,3.048595001047838,3.048595001047838,8207755420,16449550960,999228646208,8207651840,109.46943500039197,111.11427300056675
opportunity++,cuda,separate_banks,opportunity++__only_rgb__qwen3_8b,qwen3_8b,only_rgb,103580,414320,5177280,81,28468,75112,0.5626230004054378,3.152216000700614,3.152216000700614,8207755420,16449550960,999228646208,8207651840,109.46943500039197,110.95115199987049
opportunity++,cuda,fixed_resampling,opportunity++__only_rgb__qwen3_8b,qwen3_8b,only_rgb,103580,414320,2781120,81,28468,75112,0.5471129998113611,3.100255999954138,3.100255999954138,8207755420,16449550960,999226250048,8207651840,109.46943500039197,110.88846200073021
opportunity++,cuda,finetune_encoders,opportunity++__only_rgb__qwen3_8b,qwen3_8b,only_rgb,103580,414320,5177280,81,28468,75112,0.5919630002608756,3.170724999137642,3.170724999137642,8207755420,16449550960,999228646208,8207651840,109.46943500039197,110.92763300075603
opportunity++,cuda,no_alignment,opportunity++__only_rgb__qwen3_8b,qwen3_8b,only_rgb,103580,414320,5177280,81,28468,75112,0.5376519993660622,3.1250549991745036,3.1250549991745036,8207755420,16449550960,999228646208,8207651840,109.46943500039197,111.22988300030556
opportunity++,cuda,no_usage,opportunity++__only_rgb__qwen3_8b,qwen3_8b,only_rgb,103580,414320,5177280,81,28468,75112,0.542722000318463,3.1239750005914946,3.1239750005914946,8207755420,16449550960,999228646208,8207651840,109.46943500039197,110.93245200027013
opportunity++,cuda,tcn,opportunity++__only_rgb__qwen3_8b,qwen3_8b,only_rgb,57364,229456,3599040,23624,57364,0,0.600793000558042,21.598093000844692,21.598093000844692,8207709204,16449366096,1335686273600,8207651840,109.57651500029897,110.63227000067855
opportunity++,cuda,ts_transformer,opportunity++__only_rgb__qwen3_8b,qwen3_8b,only_rgb,70228,280912,4647616,23624,70228,0,0.6810229997427086,21.678613999225654,21.678613999225654,8207722068,16449417552,1335687322176,8207651840,109.57651500029897,110.71288000130153
opportunity++,cuda,patchtst,opportunity++__only_rgb__qwen3_8b,qwen3_8b,only_rgb,64308,257232,71558208,23624,64308,0,0.7793839995429153,21.773593999765744,21.773593999765744,8207716148,16449393872,985290639168,8207651840,108.97103200022684,110.5181499997343
opportunity++,mixed,distrixsense,opportunity++__only_rgb__qwen3_8b,qwen3_8b,only_rgb,103580,414320,5177280,81,28468,75112,0.5422619997261791,2.9326739995957585,2.9326739995957585,8207755420,16449550960,999228646208,8207651840,109.46943500039197,110.82481200082839
opportunity++,mixed,dense,opportunity++__only_rgb__qwen3_8b,qwen3_8b,only_rgb,99124,396496,6552512,4324,27444,71680,0.4688930002885172,6.173084000106191,6.173084000106191,8207750964,16449533136,1335689227072,8207651840,109.57651500029897,110.76352200052497
opportunity++,mixed,dense_tokens,opportunity++__only_rgb__qwen3_8b,qwen3_8b,only_rgb,101500,406000,5160896,1100,27444,74056,0.4398020000735414,3.616773000426183,3.616773000426183,8207753340,16449542640,999228629824,8207651840,109.46943500039197,110.69127200062212
opportunity++,mixed,raw,opportunity++__only_rgb__qwen3_8b,qwen3_8b,only_rgb,99124,396496,6552512,23624,99124,0,0.8187149996956578,21.76227499987015,21.76227499987015,8207750964,16449533136,1335689227072,8207651840,109.57651500029897,110.81073099921923
opportunity++,mixed,early_fusion,opportunity++__only_rgb__qwen3_8b,qwen3_8b,only_rgb,71476,285904,4785088,23624,71476,0,0.8437840006081387,21.791204000888847,21.791204000888847,8207723316,16449422544,1335687459648,8207651840,109.57651500029897,110.98089200095274
opportunity++,mixed,late_fusion,opportunity++__only_rgb__qwen3_8b,qwen3_8b,only_rgb,72010,288040,4559488,88,0,72010,0.09649099956732243,2.4753230001328395,2.4753230001328395,8190807370,16381758760,1124745722496,8190735360,109.45729400009441,110.24759900010395
opportunity++,mixed,local_only,opportunity++__only_rgb__qwen3_8b,qwen3_8b,only_rgb,72010,288040,4559488,52,0,72010,0.12381099986669142,2.4821229992698877,2.4821229992698877,8190807370,16381758760,1124745722496,8190735360,109.45729400009441,110.2119479992325
opportunity++,mixed,bottleneck,opportunity++__only_rgb__qwen3_8b,qwen3_8b,only_rgb,99416,397664,6568896,684,27604,71812,0.4792419995283126,3.296012998608628,3.296012998608628,8207751256,16449534304,1335689243456,8207651840,109.57651500029897,110.82295200048975
opportunity++,mixed,tokenlearner,opportunity++__only_rgb__qwen3_8b,qwen3_8b,only_rgb,100444,401776,5144512,1100,27444,73000,0.4439229996933136,3.618853998882405,3.618853998882405,8207752284,16449538416,999228613440,8207651840,109.46943500039197,110.69291200055886
opportunity++,mixed,posthoc_vq,opportunity++__only_rgb__qwen3_8b,qwen3_8b,only_rgb,101172,404688,6618048,192,28468,72704,0.5693029997928534,3.0888650004075258,3.0888650004075258,8207753012,16449541328,1335689292608,8207651840,109.57651500029897,111.03363300026103
opportunity++,mixed,joint_vq,opportunity++__only_rgb__qwen3_8b,qwen3_8b,only_rgb,103548,414192,5177280,81,28468,75080,0.5536329999813461,3.031485000094003,3.031485000094003,8207755388,16449550832,999228646208,8207651840,109.46943500039197,110.91188299997157
opportunity++,mixed,deepconvlstm,opportunity++__only_rgb__qwen3_8b,qwen3_8b,only_rgb,101258,405032,6394496,23624,101258,0,0.48183299986703787,21.423933000020206,21.423933000020206,8207753098,16449541672,1335689069056,8207651840,109.57651500029897,110.50609900030395
opportunity++,mixed,unrestricted_bank,opportunity++__only_rgb__qwen3_8b,qwen3_8b,only_rgb,103580,414320,5177280,81,28468,75112,0.45928200052003376,2.847093000156642,2.847093000156642,8207755420,16449550960,999228646208,8207651840,109.46943500039197,110.74124199967628
opportunity++,mixed,separate_banks,opportunity++__only_rgb__qwen3_8b,qwen3_8b,only_rgb,103580,414320,5177280,81,28468,75112,0.5681129996446543,2.9552149999580113,2.9552149999580113,8207755420,16449550960,999228646208,8207651840,109.46943500039197,110.83794299975125
opportunity++,mixed,fixed_resampling,opportunity++__only_rgb__qwen3_8b,qwen3_8b,only_rgb,103580,414320,2781120,81,28468,75112,0.546343000678462,2.842904001255997,2.842904001255997,8207755420,16449550960,999226250048,8207651840,109.46943500039197,110.73724200014112
opportunity++,mixed,finetune_encoders,opportunity++__only_rgb__qwen3_8b,qwen3_8b,only_rgb,103580,414320,5177280,81,28468,75112,0.5452619998322916,2.9388030007174937,2.9388030007174937,8207755420,16449550960,999228646208,8207651840,109.46943500039197,110.84741200011194
opportunity++,mixed,no_alignment,opportunity++__only_rgb__qwen3_8b,qwen3_8b,only_rgb,103580,414320,5177280,81,28468,75112,0.5534029996852041,2.9378950003155158,2.9378950003155158,8207755420,16449550960,999228646208,8207651840,109.46943500039197,110.83444200085069
opportunity++,mixed,no_usage,opportunity++__only_rgb__qwen3_8b,qwen3_8b,only_rgb,103580,414320,5177280,81,28468,75112,0.5473329993037623,2.9356349987500696,2.9356349987500696,8207755420,16449550960,999228646208,8207651840,109.46943500039197,110.82677200010949
opportunity++,mixed,tcn,opportunity++__only_rgb__qwen3_8b,qwen3_8b,only_rgb,57364,229456,3599040,23624,57364,0,0.5891130003874423,21.53195300180976,21.53195300180976,8207709204,16449366096,1335686273600,8207651840,109.57651500029897,110.58429999957298
opportunity++,mixed,ts_transformer,opportunity++__only_rgb__qwen3_8b,qwen3_8b,only_rgb,70228,280912,4647616,23624,70228,0,0.6816339991928544,21.625464999684645,21.625464999684645,8207722068,16449417552,1335687322176,8207651840,109.57651500029897,110.66819099960412
opportunity++,mixed,patchtst,opportunity++__only_rgb__qwen3_8b,qwen3_8b,only_rgb,64308,257232,71558208,23624,64308,0,0.7692940007473226,21.71017400016006,21.71017400016006,8207716148,16449393872,985290639168,8207651840,108.97103200022684,110.13148900019587
openmarcie_bicycle,cuda,distrixsense,openmarcie_bicycle__all__qwen3_8b,qwen3_8b,all,774166,3096664,53792192,1105,41656,732510,1.9568800007618847,5.286016000290634,29.188652001243085,8208426006,16452233304,2687556463936,8207651840,112.32531899986498,121.73722699935752
openmarcie_bicycle,cuda,dense,openmarcie_bicycle__all__qwen3_8b,qwen3_8b,all,716238,2864952,110048704,56212,28344,687894,1.213045999975293,11.08230199966554,70.86630000226761,8208368078,16452001592,7158747640128,8207651840,128.56595100038248,135.34383600017463
openmarcie_bicycle,cuda,dense_tokens,openmarcie_bicycle__all__qwen3_8b,qwen3_8b,all,747126,2988504,53579200,14300,28344,718782,1.148215999819513,6.003241000542184,38.541815001078646,8208398966,16452125144,2687556250944,8207651840,112.32531899986498,120.24891900000512
openmarcie_bicycle,cuda,raw,openmarcie_bicycle__all__qwen3_8b,qwen3_8b,all,716238,2864952,110048704,503756,716238,0,4.456571999980952,319.2772939991654,428.6183689992516,8208368078,16452001592,7158747640128,8207651840,128.56595100038248,134.8074830002588
openmarcie_bicycle,cuda,early_fusion,openmarcie_bicycle__all__qwen3_8b,qwen3_8b,all,487758,1951032,31210944,503756,487758,0,3.314886999760347,318.13440900072135,427.48743300131656,8208139598,16451087672,1672040970560,8207651840,109.68012500052282,114.57660000087344
openmarcie_bicycle,cuda,late_fusion,openmarcie_bicycle__all__qwen3_8b,qwen3_8b,all,693042,2772168,43793792,1248,0,693042,0.27996100016025594,3.3876750008661416,26.223658000791655,8191428402,16384242888,1460687368576,8190735360,109.8790160003773,115.64810600066266
openmarcie_bicycle,cuda,local_only,openmarcie_bicycle__all__qwen3_8b,qwen3_8b,all,693042,2772168,43793792,676,0,693042,0.43889299922739156,3.71544799962336,26.317157999820903,8191428402,16384242888,1460687368576,8190735360,109.8790160003773,115.8696559996315
openmarcie_bicycle,cuda,bottleneck,openmarcie_bicycle__all__qwen3_8b,qwen3_8b,all,720034,2880136,110261696,8892,30424,689610,1.3239370000519557,5.389841999194736,33.472675000546005,8208371874,16452016776,7158747853120,8207651840,128.56595100038248,135.81979800073896
openmarcie_bicycle,cuda,tokenlearner,openmarcie_bicycle__all__qwen3_8b,qwen3_8b,all,733398,2933592,53366208,14300,28344,705054,1.163855000413605,6.0082809999928575,38.44413499816932,8208385238,16452070232,2687556037952,8207651840,112.32531899986498,120.07619900032296
openmarcie_bicycle,cuda,posthoc_vq,openmarcie_bicycle__all__qwen3_8b,qwen3_8b,all,862670,3450680,110900672,2704,41656,821014,2.0162999999229214,5.725846999917715,31.606695003324642,8208514510,16452587320,7158748492096,8207651840,128.56595100038248,139.63072600017767
openmarcie_bicycle,cuda,joint_vq,openmarcie_bicycle__all__qwen3_8b,qwen3_8b,all,893558,3574232,53792192,1105,41656,851902,1.9551499999579391,5.589757000897895,31.34292200090748,8208545398,16452710872,2687556463936,8207651840,112.32531899986498,123.58267699983116
openmarcie_bicycle,cuda,deepconvlstm,openmarcie_bicycle__all__qwen3_8b,qwen3_8b,all,679906,2719624,43260288,503756,679906,0,2.9493549991457257,317.77458699974784,427.108651999389,8208331746,16451856264,1672053019904,8207651840,109.68012500052282,114.23544800163654
openmarcie_bicycle,cuda,unrestricted_bank,openmarcie_bicycle__all__qwen3_8b,qwen3_8b,all,938902,3755608,56348096,1105,41656,897246,1.207406000503397,4.8161239991982585,28.954021997809818,8208590742,16452892248,2687559019840,8207651840,112.32531899986498,121.38981499992951
openmarcie_bicycle,cuda,separate_banks,openmarcie_bicycle__all__qwen3_8b,qwen3_8b,all,774166,3096664,53792192,1105,41656,732510,2.0608599998013233,5.397315000600007,29.292509003857035,8208426006,16452233304,2687556463936,8207651840,112.32531899986498,122.19196899968665
openmarcie_bicycle,cuda,fixed_resampling,openmarcie_bicycle__all__qwen3_8b,qwen3_8b,all,774166,3096664,27617088,1105,41656,732510,1.9670900001074187,5.232895999988192,28.7432829995614,8208426006,16452233304,2687530288832,8207651840,112.32531899986498,121.12865399922157
openmarcie_bicycle,cuda,finetune_encoders,openmarcie_bicycle__all__qwen3_8b,qwen3_8b,all,774166,3096664,53792192,1105,41656,732510,1.951809999809484,5.54302700032125,29.61626500061719,8208426006,16452233304,2687556463936,8207651840,112.32531899986498,121.5971459987486
openmarcie_bicycle,cuda,no_alignment,openmarcie_bicycle__all__qwen3_8b,qwen3_8b,all,774166,3096664,53792192,1105,41656,732510,1.9652500004667672,5.300065000419214,29.267351997508726,8208426006,16452233304,2687556463936,8207651840,112.32531899986498,121.56461599988688
openmarcie_bicycle,cuda,no_usage,openmarcie_bicycle__all__qwen3_8b,qwen3_8b,all,774166,3096664,53792192,1105,41656,732510,1.9968699998571537,5.3373169993661,29.25260700019315,8208426006,16452233304,2687556463936,8207651840,112.32531899986498,121.5588459990613
openmarcie_bicycle,cuda,tcn,openmarcie_bicycle__all__qwen3_8b,qwen3_8b,all,473262,1893048,30024896,503756,473262,0,3.078845000345609,317.9048590008632,427.24877199822123,8208125102,16451029688,1672039784512,8207651840,109.68012500052282,114.32246700042015
openmarcie_bicycle,cuda,ts_transformer,openmarcie_bicycle__all__qwen3_8b,qwen3_8b,all,486126,1944504,31073472,503756,486126,0,3.1787959997018334,318.0095989991413,427.3516619978739,8208137966,16451081144,1672040833088,8207651840,109.68012500052282,114.38720900059707
openmarcie_bicycle,cuda,patchtst,openmarcie_bicycle__all__qwen3_8b,qwen3_8b,all,438926,1755704,555664320,503756,438926,0,3.2742960001996835,318.09354900082224,427.443382000148,8208090766,16450892344,1321394041536,8207651840,109.3874850002976,114.18738999964262
openmarcie_bicycle,mixed,distrixsense,openmarcie_bicycle__all__qwen3_8b,qwen3_8b,all,774166,3096664,53792192,1105,41656,732510,1.9151599999531754,4.789483998983575,26.070244997275935,8208426006,16452233304,2687556463936,8207651840,112.32531899986498,119.06667299990659
openmarcie_bicycle,mixed,dense,openmarcie_bicycle__all__qwen3_8b,qwen3_8b,all,716238,2864952,110048704,56212,28344,687894,1.224836000801588,10.736890000005113,68.66003000318925,8208368078,16452001592,7158747640128,8207651840,128.56595100038248,133.63352700071118
openmarcie_bicycle,mixed,dense_tokens,openmarcie_bicycle__all__qwen3_8b,qwen3_8b,all,747126,2988504,53579200,14300,28344,718782,1.1463860000731074,5.586510000682901,35.74117100040661,8208398966,16452125144,2687556250944,8207651840,112.32531899986498,118.51830900013738
openmarcie_bicycle,mixed,raw,openmarcie_bicycle__all__qwen3_8b,qwen3_8b,all,716238,2864952,110048704,503756,716238,0,4.467873000066902,319.2123239995807,427.950303998897,8208368078,16452001592,7158747640128,8207651840,128.56595100038248,134.2187999998714
openmarcie_bicycle,mixed,early_fusion,openmarcie_bicycle__all__qwen3_8b,qwen3_8b,all,487758,1951032,31210944,503756,487758,0,3.371447000063199,318.12543900008575,426.85553899815324,8208139598,16451087672,1672040970560,8207651840,109.68012500052282,113.97865600065415
openmarcie_bicycle,mixed,late_fusion,openmarcie_bicycle__all__qwen3_8b,qwen3_8b,all,693042,2772168,43793792,1248,0,693042,0.27747100011765724,3.0397250007612397,23.939586001407914,8191428402,16384242888,1460687368576,8190735360,109.8790160003773,113.74244499984343
openmarcie_bicycle,mixed,local_only,openmarcie_bicycle__all__qwen3_8b,qwen3_8b,all,693042,2772168,43793792,676,0,693042,0.44072200034861453,3.1234349998912543,23.6192769969614,8191428402,16384242888,1460687368576,8190735360,109.8790160003773,113.95465599980525
openmarcie_bicycle,mixed,bottleneck,openmarcie_bicycle__all__qwen3_8b,qwen3_8b,all,720034,2880136,110261696,8892,30424,689610,1.327007000327285,5.043160000232142,31.12768299967443,8208371874,16452016776,7158747853120,8207651840,128.56595100038248,133.9926180007751
openmarcie_bicycle,mixed,tokenlearner,openmarcie_bicycle__all__qwen3_8b,qwen3_8b,all,733398,2933592,53366208,14300,28344,705054,1.1470760000520386,5.583089000936306,35.64018200020422,8208385238,16452070232,2687556037952,8207651840,112.32531899986498,117.70236699976522
openmarcie_bicycle,mixed,posthoc_vq,openmarcie_bicycle__all__qwen3_8b,qwen3_8b,all,862670,3450680,110900672,2704,41656,821014,2.080971000395948,5.240325000409805,28.047371999241516,8208514510,16452587320,7158748492096,8207651840,128.56595100038248,136.17697899917403
openmarcie_bicycle,mixed,joint_vq,openmarcie_bicycle__all__qwen3_8b,qwen3_8b,all,893558,3574232,53792192,1105,41656,851902,1.9766499999605003,5.116864000164729,28.019597999877064,8208545398,16452710872,2687556463936,8207651840,112.32531899986498,120.10966900015774
openmarcie_bicycle,mixed,deepconvlstm,openmarcie_bicycle__all__qwen3_8b,qwen3_8b,all,679906,2719624,43260288,503756,679906,0,2.9885049998483737,317.7361469988126,426.46536800299265,8208331746,16451856264,1672053019904,8207651840,109.68012500052282,113.6412450005082
openmarcie_bicycle,mixed,unrestricted_bank,openmarcie_bicycle__all__qwen3_8b,qwen3_8b,all,938902,3755608,56348096,1105,41656,897246,1.2170370000603725,4.097089998985699,25.42552299789712,8208590742,16452892248,2687559019840,8207651840,112.32531899986498,118.38953000005858
openmarcie_bicycle,mixed,separate_banks,openmarcie_bicycle__all__qwen3_8b,qwen3_8b,all,774166,3096664,53792192,1105,41656,732510,2.008949999435572,4.883284000179207,26.19541600004048,8208426006,16452233304,2687556463936,8207651840,112.32531899986498,119.13965399980952
openmarcie_bicycle,mixed,fixed_resampling,openmarcie_bicycle__all__qwen3_8b,qwen3_8b,all,774166,3096664,27617088,1105,41656,732510,1.9121899995298008,4.641992999431328,25.08341999916773,8208426006,16452233304,2687530288832,8207651840,112.32531899986498,117.90750799991656
openmarcie_bicycle,mixed,finetune_encoders,openmarcie_bicycle__all__qwen3_8b,qwen3_8b,all,774166,3096664,53792192,1105,41656,732510,1.9338199999765493,4.806306001164136,26.08852900309465,8208426006,16452233304,2687556463936,8207651840,112.32531899986498,119.30038399987097
openmarcie_bicycle,mixed,no_alignment,openmarcie_bicycle__all__qwen3_8b,qwen3_8b,all,774166,3096664,53792192,1105,41656,732510,1.9432199997027055,4.8450240009783885,26.135216000942805,8208426006,16452233304,2687556463936,8207651840,112.32531899986498,119.09332300001552
openmarcie_bicycle,mixed,no_usage,openmarcie_bicycle__all__qwen3_8b,qwen3_8b,all,774166,3096664,53792192,1105,41656,732510,1.950849999957427,4.819652998712205,26.107454999395472,8208426006,16452233304,2687556463936,8207651840,112.32531899986498,119.07063299986476
openmarcie_bicycle,mixed,tcn,openmarcie_bicycle__all__qwen3_8b,qwen3_8b,all,473262,1893048,30024896,503756,473262,0,3.118425999673491,317.87417799927323,426.60344799975184,8208125102,16451029688,1672039784512,8207651840,109.68012500052282,113.71687600149016
openmarcie_bicycle,mixed,ts_transformer,openmarcie_bicycle__all__qwen3_8b,qwen3_8b,all,486126,1944504,31073472,503756,486126,0,3.1927260006341385,317.9323780004223,426.66160800132394,8208137966,16451081144,1672040833088,8207651840,109.68012500052282,113.78682600116008
openmarcie_bicycle,mixed,patchtst,openmarcie_bicycle__all__qwen3_8b,qwen3_8b,all,438926,1755704,555664320,503756,438926,0,3.261306000240438,318.01253899988194,426.74361900031846,8208090766,16450892344,1321394041536,8207651840,109.3874850002976,113.54428499998903
openmarcie_bicycle,cuda,distrixsense,openmarcie_bicycle__only_audio__qwen3_8b,qwen3_8b,only_audio,384174,1536696,23086784,81,28600,355574,0.5440429995360319,3.143085999028594,3.143085999028594,8208036014,16450673336,999246555712,8207651840,109.46943500039197,110.96664200067607
openmarcie_bicycle,cuda,dense,openmarcie_bicycle__only_audio__qwen3_8b,qwen3_8b,only_audio,379718,1518872,24465088,4324,27576,352142,0.46754199956922093,6.32756399987078,6.32756399987078,8208031558,16450655512,1335707139648,8207651840,109.57651500029897,110.87200100064365
openmarcie_bicycle,cuda,dense_tokens,openmarcie_bicycle__only_audio__qwen3_8b,qwen3_8b,only_audio,382094,1528376,23070400,1100,27576,354518,0.44078300015826244,3.833876000494347,3.833876000494347,8208033934,16450665016,999246539328,8207651840,109.46943500039197,110.8392210007878
openmarcie_bicycle,cuda,raw,openmarcie_bicycle__only_audio__qwen3_8b,qwen3_8b,only_audio,379718,1518872,24465088,390484,379718,0,0.8435439995082561,315.4137739983879,315.4137739983879,8208031558,16450655512,1335707139648,8207651840,109.57651500029897,111.25936199914577
openmarcie_bicycle,cuda,early_fusion,openmarcie_bicycle__only_audio__qwen3_8b,qwen3_8b,only_audio,310854,1243416,20059840,390484,310854,0,0.8339650003108545,315.4107659992759,315.4107659992759,8207962694,16450380056,1335702734400,8207651840,109.57651500029897,110.94719100128714
openmarcie_bicycle,cuda,late_fusion,openmarcie_bicycle__only_audio__qwen3_8b,qwen3_8b,only_audio,352538,1410152,22467968,96,0,352538,0.07654000000911765,2.582212000165961,2.582212000165961,8191087898,16382880872,1124763630976,8190735360,109.45729400009441,110.34676800045418
openmarcie_bicycle,cuda,local_only,openmarcie_bicycle__only_audio__qwen3_8b,qwen3_8b,only_audio,352538,1410152,22467968,52,0,352538,0.08935000005294569,2.566032000929664,2.566032000929664,8191087898,16382880872,1124763630976,8190735360,109.45729400009441,110.32894799973292
openmarcie_bicycle,cuda,bottleneck,openmarcie_bicycle__only_audio__qwen3_8b,qwen3_8b,only_audio,380010,1520040,24481472,684,27736,352274,0.46940199990785914,3.4473849984997536,3.4473849984997536,8208031850,16450656680,1335707156032,8207651840,109.57651500029897,110.91041199961182
openmarcie_bicycle,cuda,tokenlearner,openmarcie_bicycle__only_audio__qwen3_8b,qwen3_8b,only_audio,381038,1524152,23054016,1100,27576,353462,0.4447029996299534,3.829355999182444,3.829355999182444,8208032878,16450660792,999246522944,8207651840,109.46943500039197,110.91764200045873
openmarcie_bicycle,cuda,posthoc_vq,openmarcie_bicycle__only_audio__qwen3_8b,qwen3_8b,only_audio,381766,1527064,24530624,192,28600,353166,0.5728720007027732,3.358735001328017,3.358735001328017,8208033606,16450663704,1335707205184,8207651840,109.57651500029897,111.18841300049098
openmarcie_bicycle,cuda,joint_vq,openmarcie_bicycle__only_audio__qwen3_8b,qwen3_8b,only_audio,384142,1536568,23086784,81,28600,355542,0.5441720004455419,3.3107750005291425,3.3107750005291425,8208035982,16450673208,999246555712,8207651840,109.46943500039197,111.11075400003756
openmarcie_bicycle,cuda,deepconvlstm,openmarcie_bicycle__only_audio__qwen3_8b,qwen3_8b,only_audio,381786,1527144,24302976,390484,381786,0,0.4898229999525938,315.05931399982626,315.05931399982626,8208033626,16450663784,1335706977536,8207651840,109.57651500029897,110.6193310006347
openmarcie_bicycle,cuda,unrestricted_bank,openmarcie_bicycle__only_audio__qwen3_8b,qwen3_8b,only_audio,384174,1536696,23086784,81,28600,355574,0.4541529997368343,3.0744060004798346,3.0744060004798346,8208036014,16450673336,999246555712,8207651840,109.46943500039197,110.90222300026653
openmarcie_bicycle,cuda,separate_banks,openmarcie_bicycle__only_audio__qwen3_8b,qwen3_8b,only_audio,384174,1536696,23086784,81,28600,355574,0.5600929998763604,3.1715950008509797,3.1715950008509797,8208036014,16450673336,999246555712,8207651840,109.46943500039197,110.99249200015038
openmarcie_bicycle,cuda,fixed_resampling,openmarcie_bicycle__only_audio__qwen3_8b,qwen3_8b,only_audio,384174,1536696,6079552,81,28600,355574,0.5444729995360831,3.088945999508619,3.088945999508619,8208036014,16450673336,999229548480,8207651840,109.46943500039197,110.90094300016062
openmarcie_bicycle,cuda,finetune_encoders,openmarcie_bicycle__only_audio__qwen3_8b,qwen3_8b,only_audio,384174,1536696,23086784,81,28600,355574,0.5392320008468232,3.1407550004877383,3.1407550004877383,8208036014,16450673336,999246555712,8207651840,109.46943500039197,110.99333299898717
openmarcie_bicycle,cuda,no_alignment,openmarcie_bicycle__only_audio__qwen3_8b,qwen3_8b,only_audio,384174,1536696,23086784,81,28600,355574,0.5634830004055402,3.1776450005344348,3.1776450005344348,8208036014,16450673336,999246555712,8207651840,109.46943500039197,111.00331400029972
openmarcie_bicycle,cuda,no_usage,openmarcie_bicycle__only_audio__qwen3_8b,qwen3_8b,only_audio,384174,1536696,23086784,81,28600,355574,0.5387020000853227,3.158614998966991,3.158614998966991,8208036014,16450673336,999246555712,8207651840,109.46943500039197,110.96660300154326
openmarcie_bicycle,cuda,tcn,openmarcie_bicycle__only_audio__qwen3_8b,qwen3_8b,only_audio,296742,1186968,18873792,390484,296742,0,0.6572829997821827,315.22767400014243,315.22767400014243,8207948582,16450323608,1335701548352,8207651840,109.57651500029897,110.74853100035398
openmarcie_bicycle,cuda,ts_transformer,openmarcie_bicycle__only_audio__qwen3_8b,qwen3_8b,only_audio,309606,1238424,19922368,390484,309606,0,0.7452139998349594,315.3232350004499,315.3232350004499,8207961446,16450375064,1335702596928,8207651840,109.57651500029897,110.86619200159475
openmarcie_bicycle,cuda,patchtst,openmarcie_bicycle__only_audio__qwen3_8b,qwen3_8b,only_audio,293382,1173528,202152128,390484,293382,0,0.7770539996272419,315.34814499895117,315.34814499895117,8207945222,16450310168,985421233088,8207651840,108.97103200022684,110.27443799957837
openmarcie_bicycle,mixed,distrixsense,openmarcie_bicycle__only_audio__qwen3_8b,qwen3_8b,only_audio,384174,1536696,23086784,81,28600,355574,0.5538320001505781,2.9832029995594755,2.9832029995594755,8208036014,16450673336,999246555712,8207651840,109.46943500039197,110.85827200076892
openmarcie_bicycle,mixed,dense,openmarcie_bicycle__only_audio__qwen3_8b,qwen3_8b,only_audio,379718,1518872,24465088,4324,27576,352142,0.4727120003735763,6.213293000978173,6.213293000978173,8208031558,16450655512,1335707139648,8207651840,109.57651500029897,110.8303809996869
openmarcie_bicycle,mixed,dense_tokens,openmarcie_bicycle__only_audio__qwen3_8b,qwen3_8b,only_audio,382094,1528376,23070400,1100,27576,354518,0.4545330002656556,3.66726400170126,3.66726400170126,8208033934,16450665016,999246539328,8207651840,109.46943500039197,110.72781000075338
openmarcie_bicycle,mixed,raw,openmarcie_bicycle__only_audio__qwen3_8b,qwen3_8b,only_audio,379718,1518872,24465088,390484,379718,0,0.8410939999521361,315.3262649993293,315.3262649993293,8208031558,16450655512,1335707139648,8207651840,109.57651500029897,110.93776199959393
openmarcie_bicycle,mixed,early_fusion,openmarcie_bicycle__only_audio__qwen3_8b,qwen3_8b,only_audio,310854,1243416,20059840,390484,310854,0,0.8520840001438046,315.33923400087485,315.33923400087485,8207962694,16450380056,1335702734400,8207651840,109.57651500029897,110.90671100009786
openmarcie_bicycle,mixed,late_fusion,openmarcie_bicycle__only_audio__qwen3_8b,qwen3_8b,only_audio,352538,1410152,22467968,96,0,352538,0.07592000019940315,2.4679920002792612,2.4679920002792612,8191087898,16382880872,1124763630976,8190735360,109.45729400009441,110.2283880009054
openmarcie_bicycle,mixed,local_only,openmarcie_bicycle__only_audio__qwen3_8b,qwen3_8b,only_audio,352538,1410152,22467968,52,0,352538,0.11908099986612797,2.597692999431712,2.597692999431712,8191087898,16382880872,1124763630976,8190735360,109.45729400009441,110.40929800128652
openmarcie_bicycle,mixed,bottleneck,openmarcie_bicycle__only_audio__qwen3_8b,qwen3_8b,only_audio,380010,1520040,24481472,684,27736,352274,0.5876630002603633,3.562485000903532,3.562485000903532,8208031850,16450656680,1335707156032,8207651840,109.57651500029897,111.1009220003325
openmarcie_bicycle,mixed,tokenlearner,openmarcie_bicycle__only_audio__qwen3_8b,qwen3_8b,only_audio,381038,1524152,23054016,1100,27576,353462,0.45017200045549544,3.7262040004815207,3.7262040004815207,8208032878,16450660792,999246522944,8207651840,109.46943500039197,110.78326100141567
openmarcie_bicycle,mixed,posthoc_vq,openmarcie_bicycle__only_audio__qwen3_8b,qwen3_8b,only_audio,381766,1527064,24530624,192,28600,353166,0.5835930005559931,3.206335000484972,3.206335000484972,8208033606,16450663704,1335707205184,8207651840,109.57651500029897,111.1281430003146
openmarcie_bicycle,mixed,joint_vq,openmarcie_bicycle__only_audio__qwen3_8b,qwen3_8b,only_audio,384142,1536568,23086784,81,28600,355542,0.5591529998127953,3.1261850008667214,3.1261850008667214,8208035982,16450673208,999246555712,8207651840,109.46943500039197,111.01440300080867
openmarcie_bicycle,mixed,deepconvlstm,openmarcie_bicycle__only_audio__qwen3_8b,qwen3_8b,only_audio,381786,1527144,24302976,390484,381786,0,0.4958120007358957,314.9864820006213,314.9864820006213,8208033626,16450663784,1335706977536,8207651840,109.57651500029897,110.5599490001623
openmarcie_bicycle,mixed,unrestricted_bank,openmarcie_bicycle__only_audio__qwen3_8b,qwen3_8b,only_audio,384174,1536696,23086784,81,28600,355574,0.4681629998231074,2.895745999950927,2.895745999950927,8208036014,16450673336,999246555712,8207651840,109.46943500039197,110.80492299970501
openmarcie_bicycle,mixed,separate_banks,openmarcie_bicycle__only_audio__qwen3_8b,qwen3_8b,only_audio,384174,1536696,23086784,81,28600,355574,0.5827929999213666,3.00143400002697,3.00143400002697,8208036014,16450673336,999246555712,8207651840,109.46943500039197,110.90332300045702
openmarcie_bicycle,mixed,fixed_resampling,openmarcie_bicycle__only_audio__qwen3_8b,qwen3_8b,only_audio,384174,1536696,6079552,81,28600,355574,0.5591330000243033,2.8877649993154453,2.8877649993154453,8208036014,16450673336,999229548480,8207651840,109.46943500039197,110.76294099984807
openmarcie_bicycle,mixed,finetune_encoders,openmarcie_bicycle__only_audio__qwen3_8b,qwen3_8b,only_audio,384174,1536696,23086784,81,28600,355574,0.5558729999393108,3.0242540006219176,3.0242540006219176,8208036014,16450673336,999246555712,8207651840,109.46943500039197,110.91800200028956
openmarcie_bicycle,mixed,no_alignment,openmarcie_bicycle__only_audio__qwen3_8b,qwen3_8b,only_audio,384174,1536696,23086784,81,28600,355574,0.5490830008056946,3.014363999711245,3.014363999711245,8208036014,16450673336,999246555712,8207651840,109.46943500039197,110.92982300033327
openmarcie_bicycle,mixed,no_usage,openmarcie_bicycle__only_audio__qwen3_8b,qwen3_8b,only_audio,384174,1536696,23086784,81,28600,355574,0.5497729998751311,2.9758350010814727,2.9758350010814727,8208036014,16450673336,999246555712,8207651840,109.46943500039197,110.89803200138704
openmarcie_bicycle,mixed,tcn,openmarcie_bicycle__only_audio__qwen3_8b,qwen3_8b,only_audio,296742,1186968,18873792,390484,296742,0,0.6213229999048053,315.1118529985423,315.1118529985423,8207948582,16450323608,1335701548352,8207651840,109.57651500029897,110.67788100081088
openmarcie_bicycle,mixed,ts_transformer,openmarcie_bicycle__only_audio__qwen3_8b,qwen3_8b,only_audio,309606,1238424,19922368,390484,309606,0,0.8293640003103064,315.316635001126,315.316635001126,8207961446,16450375064,1335702596928,8207651840,109.57651500029897,110.75939200054563
openmarcie_bicycle,mixed,patchtst,openmarcie_bicycle__only_audio__qwen3_8b,qwen3_8b,only_audio,293382,1173528,202152128,390484,293382,0,0.8044139995035948,315.2909840000019,315.2909840000019,8207945222,16450310168,985421233088,8207651840,108.97103200022684,110.2069290000145
openmarcie_bicycle,cuda,distrixsense,openmarcie_bicycle__only_barometer__qwen3_8b,qwen3_8b,only_barometer,35672,142688,848064,81,28600,7072,0.5516230003195233,3.1177359979045693,3.1177359979045693,8207687512,16449279328,999224316992,8207651840,109.46943500039197,110.93874300149764
openmarcie_bicycle,cuda,dense,openmarcie_bicycle__only_barometer__qwen3_8b,qwen3_8b,only_barometer,31216,124864,2226368,4324,27576,3640,0.4661919992940966,6.29037400026822,6.29037400026822,8207683056,16449261504,1335684900928,8207651840,109.57651500029897,110.84126200057653
openmarcie_bicycle,cuda,dense_tokens,openmarcie_bicycle__only_barometer__qwen3_8b,qwen3_8b,only_barometer,33592,134368,831680,1100,27576,6016,0.4379619995233952,3.792694999897212,3.792694999897212,8207685432,16449271008,999224300608,8207651840,109.46943500039197,110.77317200124526
openmarcie_bicycle,cuda,raw,openmarcie_bicycle__only_barometer__qwen3_8b,qwen3_8b,only_barometer,31216,124864,2226368,524,31216,0,0.7940739997138735,3.2967850001256913,3.2967850001256913,8207683056,16449261504,1335684900928,8207651840,109.57651500029897,110.80403100004332
openmarcie_bicycle,cuda,early_fusion,openmarcie_bicycle__only_barometer__qwen3_8b,qwen3_8b,only_barometer,27760,111040,2007232,524,27760,0,0.9646349999457016,3.467495999680704,3.467495999680704,8207679600,16449247680,1335684681792,8207651840,109.57651500029897,110.93308200088359
openmarcie_bicycle,cuda,late_fusion,openmarcie_bicycle__only_barometer__qwen3_8b,qwen3_8b,only_barometer,4036,16144,229248,96,0,4036,0.07574000028398586,2.5908020002727397,2.5908020002727397,8190739396,16381486864,1138723760128,8190735360,109.0865419992042,109.8846559998492
openmarcie_bicycle,cuda,local_only,openmarcie_bicycle__only_barometer__qwen3_8b,qwen3_8b,only_barometer,4036,16144,229248,52,0,4036,0.0900209997780621,2.535293001772044,2.535293001772044,8190739396,16381486864,1138723760128,8190735360,109.0865419992042,109.95685599937133
openmarcie_bicycle,cuda,bottleneck,openmarcie_bicycle__only_barometer__qwen3_8b,qwen3_8b,only_barometer,31508,126032,2242752,684,27736,3772,0.4745719998027198,3.415704000209214,3.415704000209214,8207683348,16449262672,1335684917312,8207651840,109.57651500029897,110.88167100024293
openmarcie_bicycle,cuda,tokenlearner,openmarcie_bicycle__only_barometer__qwen3_8b,qwen3_8b,only_barometer,32536,130144,815296,1100,27576,4960,0.4458519997569965,3.7943039997070445,3.7943039997070445,8207684376,16449266784,999224284224,8207651840,109.46943500039197,110.76684199997544
openmarcie_bicycle,cuda,posthoc_vq,openmarcie_bicycle__only_barometer__qwen3_8b,qwen3_8b,only_barometer,33264,133056,2291904,192,28600,4664,0.5823430001328234,3.3264069994205725,3.3264069994205725,8207685104,16449269696,1335684966464,8207651840,109.57651500029897,111.1568440001065
openmarcie_bicycle,cuda,joint_vq,openmarcie_bicycle__only_barometer__qwen3_8b,qwen3_8b,only_barometer,35640,142560,848064,81,28600,7040,0.5553129994950723,3.2736359999324893,3.2736359999324893,8207687480,16449279200,999224316992,8207651840,109.46943500039197,111.06973400001152
openmarcie_bicycle,cuda,deepconvlstm,openmarcie_bicycle__only_barometer__qwen3_8b,qwen3_8b,only_barometer,33284,133136,2064256,524,33284,0,0.46687199937878177,2.9711519991139532,2.9711519991139532,8207685124,16449269776,1335684738816,8207651840,109.57651500029897,110.47169999983453
openmarcie_bicycle,cuda,unrestricted_bank,openmarcie_bicycle__only_barometer__qwen3_8b,qwen3_8b,only_barometer,35672,142688,848064,81,28600,7072,0.4509229993345798,3.0304160000304226,3.0304160000304226,8207687512,16449279328,999224316992,8207651840,109.46943500039197,110.83430200142175
openmarcie_bicycle,cuda,separate_banks,openmarcie_bicycle__only_barometer__qwen3_8b,qwen3_8b,only_barometer,35672,142688,848064,81,28600,7072,0.5532029999812949,3.116167000400205,3.116167000400205,8207687512,16449279328,999224316992,8207651840,109.46943500039197,110.93557200001669
openmarcie_bicycle,cuda,fixed_resampling,openmarcie_bicycle__only_barometer__qwen3_8b,qwen3_8b,only_barometer,35672,142688,846912,81,28600,7072,0.5494419992828625,3.1059649991510785,3.1059649991510785,8207687512,16449279328,999224315840,8207651840,109.46943500039197,110.89121300028637
openmarcie_bicycle,cuda,finetune_encoders,openmarcie_bicycle__only_barometer__qwen3_8b,qwen3_8b,only_barometer,35672,142688,848064,81,28600,7072,0.5459730000438867,3.1170250004214584,3.1170250004214584,8207687512,16449279328,999224316992,8207651840,109.46943500039197,110.92446299971925
openmarcie_bicycle,cuda,no_alignment,openmarcie_bicycle__only_barometer__qwen3_8b,qwen3_8b,only_barometer,35672,142688,848064,81,28600,7072,0.5392629991547437,3.108605000335851,3.108605000335851,8207687512,16449279328,999224316992,8207651840,109.46943500039197,110.92191300031118
openmarcie_bicycle,cuda,no_usage,openmarcie_bicycle__only_barometer__qwen3_8b,qwen3_8b,only_barometer,35672,142688,848064,81,28600,7072,0.5532629993467708,3.124684999449423,3.124684999449423,8207687512,16449279328,999224316992,8207651840,109.46943500039197,110.92696300056559
openmarcie_bicycle,cuda,tcn,openmarcie_bicycle__only_barometer__qwen3_8b,qwen3_8b,only_barometer,13648,54592,821184,524,13648,0,0.5964530000710511,3.0997729999541654,3.0997729999541654,8207665488,16449191232,1335683495744,8207651840,109.57651500029897,110.63380100040376
openmarcie_bicycle,cuda,ts_transformer,openmarcie_bicycle__only_barometer__qwen3_8b,qwen3_8b,only_barometer,26512,106048,1869760,524,26512,0,0.6721429999743123,3.1733539989688317,3.1733539989688317,8207678352,16449242688,1335684544320,8207651840,109.57651500029897,110.72857200088038
openmarcie_bicycle,cuda,patchtst,openmarcie_bicycle__only_barometer__qwen3_8b,qwen3_8b,only_barometer,26640,106560,1087936,524,26640,0,0.7650239995200536,3.2723839994248003,3.2723839994248003,8207678480,16449243200,985220168896,8207651840,108.97103200022684,110.16831900087709
openmarcie_bicycle,mixed,distrixsense,openmarcie_bicycle__only_barometer__qwen3_8b,qwen3_8b,only_barometer,35672,142688,848064,81,28600,7072,0.5424929995569983,2.855095000115293,2.855095000115293,8207687512,16449279328,999224316992,8207651840,109.46943500039197,110.7568010002069
openmarcie_bicycle,mixed,dense,openmarcie_bicycle__only_barometer__qwen3_8b,qwen3_8b,only_barometer,31216,124864,2226368,4324,27576,3640,0.45917200077383313,6.10049300062632,6.10049300062632,8207683056,16449261504,1335684900928,8207651840,109.57651500029897,110.73367100016185
openmarcie_bicycle,mixed,dense_tokens,openmarcie_bicycle__only_barometer__qwen3_8b,qwen3_8b,only_barometer,33592,134368,831680,1100,27576,6016,0.44533199979923666,3.5566830001652123,3.5566830001652123,8207685432,16449271008,999224300608,8207651840,109.46943500039197,110.63465100141912
openmarcie_bicycle,mixed,raw,openmarcie_bicycle__only_barometer__qwen3_8b,qwen3_8b,only_barometer,31216,124864,2226368,524,31216,0,0.8017339996513329,3.2539749990207376,3.2539749990207376,8207683056,16449261504,1335684900928,8207651840,109.57651500029897,110.77582100097061
openmarcie_bicycle,mixed,early_fusion,openmarcie_bicycle__only_barometer__qwen3_8b,qwen3_8b,only_barometer,27760,111040,2007232,524,27760,0,0.8528650005246163,3.305606000063289,3.305606000063289,8207679600,16449247680,1335684681792,8207651840,109.57651500029897,110.78598099993542
openmarcie_bicycle,mixed,late_fusion,openmarcie_bicycle__only_barometer__qwen3_8b,qwen3_8b,only_barometer,4036,16144,229248,96,0,4036,0.07558000015706057,2.3550910005407757,2.3550910005407757,8190739396,16381486864,1138723760128,8190735360,109.0865419992042,109.75912599860749
openmarcie_bicycle,mixed,local_only,openmarcie_bicycle__only_barometer__qwen3_8b,qwen3_8b,only_barometer,4036,16144,229248,52,0,4036,0.09099100043385988,2.337502999823738,2.337502999823738,8190739396,16381486864,1138723760128,8190735360,109.0865419992042,109.77970599833498
openmarcie_bicycle,mixed,bottleneck,openmarcie_bicycle__only_barometer__qwen3_8b,qwen3_8b,only_barometer,31508,126032,2242752,684,27736,3772,0.47452199942199513,3.223112999213324,3.223112999213324,8207683348,16449262672,1335684917312,8207651840,109.57651500029897,110.75775100016472
openmarcie_bicycle,mixed,tokenlearner,openmarcie_bicycle__only_barometer__qwen3_8b,qwen3_8b,only_barometer,32536,130144,815296,1100,27576,4960,0.5347229998733383,3.695723999949114,3.695723999949114,8207684376,16449266784,999224284224,8207651840,109.46943500039197,110.76018200037652
openmarcie_bicycle,mixed,posthoc_vq,openmarcie_bicycle__only_barometer__qwen3_8b,qwen3_8b,only_barometer,33264,133056,2291904,192,28600,4664,0.5633929995383369,3.0081840000806492,3.0081840000806492,8207685104,16449269696,1335684966464,8207651840,109.57651500029897,110.95086200020887
openmarcie_bicycle,mixed,joint_vq,openmarcie_bicycle__only_barometer__qwen3_8b,qwen3_8b,only_barometer,35640,142560,848064,81,28600,7040,0.8947139995143516,3.287294999638002,3.287294999638002,8207687480,16449279200,999224316992,8207651840,109.46943500039197,110.84058100095717
openmarcie_bicycle,mixed,deepconvlstm,openmarcie_bicycle__only_barometer__qwen3_8b,qwen3_8b,only_barometer,33284,133136,2064256,524,33284,0,0.5335329997251392,2.986192999665672,2.986192999665672,8207685124,16449269776,1335684738816,8207651840,109.57651500029897,110.4627700005949
openmarcie_bicycle,mixed,unrestricted_bank,openmarcie_bicycle__only_barometer__qwen3_8b,qwen3_8b,only_barometer,35672,142688,848064,81,28600,7072,0.5491930005518952,2.919415001117054,2.919415001117054,8207687512,16449279328,999224316992,8207651840,109.46943500039197,111.25322499992762
openmarcie_bicycle,mixed,separate_banks,openmarcie_bicycle__only_barometer__qwen3_8b,qwen3_8b,only_barometer,35672,142688,848064,81,28600,7072,0.5806129993288778,2.954304999577184,2.954304999577184,8207687512,16449279328,999224316992,8207651840,109.46943500039197,110.98170399964147
openmarcie_bicycle,mixed,fixed_resampling,openmarcie_bicycle__only_barometer__qwen3_8b,qwen3_8b,only_barometer,35672,142688,846912,81,28600,7072,0.6628030005231267,2.954833999894513,2.954833999894513,8207687512,16449279328,999224315840,8207651840,109.46943500039197,110.83278100068128
openmarcie_bicycle,mixed,finetune_encoders,openmarcie_bicycle__only_barometer__qwen3_8b,qwen3_8b,only_barometer,35672,142688,848064,81,28600,7072,0.6218129992703325,2.9941749999415013,2.9941749999415013,8207687512,16449279328,999224316992,8207651840,109.46943500039197,111.07802400056244
openmarcie_bicycle,mixed,no_alignment,openmarcie_bicycle__only_barometer__qwen3_8b,qwen3_8b,only_barometer,35672,142688,848064,81,28600,7072,0.5831129992657225,2.937763998517662,2.937763998517662,8207687512,16449279328,999224316992,8207651840,109.46943500039197,110.81233300046733
openmarcie_bicycle,mixed,no_usage,openmarcie_bicycle__only_barometer__qwen3_8b,qwen3_8b,only_barometer,35672,142688,848064,81,28600,7072,0.6592230001842836,3.1017140009061084,3.1017140009061084,8207687512,16449279328,999224316992,8207651840,109.46943500039197,110.77986100099224
openmarcie_bicycle,mixed,tcn,openmarcie_bicycle__only_barometer__qwen3_8b,qwen3_8b,only_barometer,13648,54592,821184,524,13648,0,0.599142999817559,3.0518829998215544,3.0518829998215544,8207665488,16449191232,1335683495744,8207651840,109.57651500029897,110.61442000027455
openmarcie_bicycle,mixed,ts_transformer,openmarcie_bicycle__only_barometer__qwen3_8b,qwen3_8b,only_barometer,26512,106048,1869760,524,26512,0,0.6761430004189606,3.1331330000427435,3.1331330000427435,8207678352,16449242688,1335684544320,8207651840,109.57651500029897,110.68739999973332
openmarcie_bicycle,mixed,patchtst,openmarcie_bicycle__only_barometer__qwen3_8b,qwen3_8b,only_barometer,26640,106560,1087936,524,26640,0,0.7463639994966798,3.199113999394921,3.199113999394921,8207678480,16449243200,985220168896,8207651840,108.97103200022684,110.10024900042481
openmarcie_bicycle,cuda,distrixsense,openmarcie_bicycle__only_depth__qwen3_8b,qwen3_8b,only_depth,94448,377792,5235904,249,30776,63672,0.8013639999262523,3.4297569997182347,8.525391000065591,8207746288,16449514432,1279428923968,8207651840,109.4543449999037,112.3140189993137
openmarcie_bicycle,cuda,dense,openmarcie_bicycle__only_depth__qwen3_8b,qwen3_8b,only_depth,81080,324320,10845376,12972,27704,53376,0.5905930001972592,6.4785859998253175,18.08957899908293,8207732920,16449460960,2292549275200,8207651840,112.63365000013437,114.9297710007886
openmarcie_bicycle,cuda,dense_tokens,openmarcie_bicycle__only_depth__qwen3_8b,qwen3_8b,only_depth,88208,352832,5186752,3300,27704,60504,0.580992999857699,3.989504999476485,10.676849999967672,8207740048,16449489472,1279428874816,8207651840,109.4543449999037,111.94101799992495
openmarcie_bicycle,cuda,raw,openmarcie_bicycle__only_depth__qwen3_8b,qwen3_8b,only_depth,81080,324320,10845376,19188,81080,0,1.4389470006790361,8.68451700039826,23.03744699990485,8207732920,16449460960,2292549275200,8207651840,112.63365000013437,114.7287799994956
openmarcie_bicycle,cuda,early_fusion,openmarcie_bicycle__only_depth__qwen3_8b,qwen3_8b,only_depth,47224,188896,3220672,19188,47224,0,1.2414559996614116,8.499297000122384,22.86681699994798,8207699064,16449325536,1391693223488,8207651840,111.22428399994533,113.09619300027407
openmarcie_bicycle,cuda,late_fusion,openmarcie_bicycle__only_depth__qwen3_8b,qwen3_8b,only_depth,54564,218256,3381504,288,0,54564,0.10904099963227054,2.6315419996219105,7.54767600000886,8190789924,16381688976,1180681093888,8190735360,109.63268599971343,111.35252399981255
openmarcie_bicycle,cuda,local_only,openmarcie_bicycle__only_depth__qwen3_8b,qwen3_8b,only_depth,54564,218256,3381504,156,0,54564,0.14766100048291264,2.9497160005735,7.81405100024353,8190789924,16381688976,1180681093888,8190735360,109.63268599971343,111.36336500021571
openmarcie_bicycle,cuda,bottleneck,openmarcie_bicycle__only_depth__qwen3_8b,qwen3_8b,only_depth,81956,327824,10894528,2052,28184,53772,0.6148329994175583,3.6124939990905,9.473758997785882,8207733796,16449464464,2292549324352,8207651840,112.63365000013437,115.03049200109672
openmarcie_bicycle,cuda,tokenlearner,openmarcie_bicycle__only_depth__qwen3_8b,qwen3_8b,only_depth,85040,340160,5137600,3300,27704,57336,0.5684330008079996,3.973996000236075,10.647491000767914,8207736880,16449476800,1279428825664,8207651840,109.4543449999037,111.92211699926702
openmarcie_bicycle,cuda,posthoc_vq,openmarcie_bicycle__only_depth__qwen3_8b,qwen3_8b,only_depth,93368,373472,11041984,600,30776,62592,0.8182640003724373,3.6280579997730094,9.080404999611783,8207745208,16449510112,2292549471808,8207651840,112.63365000013437,115.81791600019642
openmarcie_bicycle,cuda,joint_vq,openmarcie_bicycle__only_depth__qwen3_8b,qwen3_8b,only_depth,100496,401984,5235904,249,30776,69720,0.8041439996304689,3.593636998299486,9.010882998981268,8207752336,16449538624,1279428923968,8207651840,109.4543449999037,112.78236199905223
openmarcie_bicycle,cuda,deepconvlstm,openmarcie_bicycle__only_depth__qwen3_8b,qwen3_8b,only_depth,76748,306992,4821760,19188,76748,0,0.8934150000641239,8.136936000079219,22.496045999713452,8207728588,16449443632,1391694824576,8207651840,111.22428399994533,112.7676119995158
openmarcie_bicycle,cuda,unrestricted_bank,openmarcie_bicycle__only_depth__qwen3_8b,qwen3_8b,only_depth,100784,403136,5334208,249,30776,70008,0.5960429998594918,3.232644999694754,8.329059999513428,8207752624,16449539776,1279429022272,8207651840,109.4543449999037,112.13706900070974
openmarcie_bicycle,cuda,separate_banks,openmarcie_bicycle__only_depth__qwen3_8b,qwen3_8b,only_depth,94448,377792,5235904,249,30776,63672,0.8316540006489959,3.7366870007065938,8.843842999257484,8207746288,16449514432,1279428923968,8207651840,109.4543449999037,112.34243900071306
openmarcie_bicycle,cuda,fixed_resampling,openmarcie_bicycle__only_depth__qwen3_8b,qwen3_8b,only_depth,94448,377792,4412608,249,30776,63672,0.7896739998614066,3.3771579989082294,8.400621998506702,8207746288,16449514432,1279428100672,8207651840,109.4543449999037,112.1929889995954
openmarcie_bicycle,cuda,finetune_encoders,openmarcie_bicycle__only_depth__qwen3_8b,qwen3_8b,only_depth,94448,377792,5235904,249,30776,63672,0.8220839999921736,3.4534770007997633,8.555352000174915,8207746288,16449514432,1279428923968,8207651840,109.4543449999037,112.29799999910028
openmarcie_bicycle,cuda,no_alignment,openmarcie_bicycle__only_depth__qwen3_8b,qwen3_8b,only_depth,94448,377792,5235904,249,30776,63672,0.7990739995875629,3.4389360004173124,8.540570999602076,8207746288,16449514432,1279428923968,8207651840,109.4543449999037,112.31692000092153
openmarcie_bicycle,cuda,no_usage,openmarcie_bicycle__only_depth__qwen3_8b,qwen3_8b,only_depth,94448,377792,5235904,249,30776,63672,0.8004139999684412,3.430368000077875,8.527303000763803,8207746288,16449514432,1279428923968,8207651840,109.4543449999037,112.30453899952408
openmarcie_bicycle,cuda,tcn,openmarcie_bicycle__only_depth__qwen3_8b,qwen3_8b,only_depth,33048,132192,2034624,19188,33048,0,1.0054849999505677,8.24682599846368,22.60385599735738,8207684888,16449268832,1391692037440,8207651840,111.22428399994533,112.86959199969715
openmarcie_bicycle,cuda,ts_transformer,openmarcie_bicycle__only_depth__qwen3_8b,qwen3_8b,only_depth,45912,183648,3083200,19188,45912,0,1.2428560003172606,8.488325999275036,22.846927000199422,8207697752,16449320288,1391693086016,8207651840,111.22428399994533,112.94311300025583
openmarcie_bicycle,cuda,patchtst,openmarcie_bicycle__only_depth__qwen3_8b,qwen3_8b,only_depth,39928,159712,69986496,19188,39928,0,1.183016000140924,8.428936999331414,22.790257999685046,8207691768,16449296352,1041178430912,8207651840,109.04191299960075,110.8359929994549
openmarcie_bicycle,mixed,distrixsense,openmarcie_bicycle__only_depth__qwen3_8b,qwen3_8b,only_depth,94448,377792,5235904,249,30776,63672,0.8075539999481407,3.178956000407494,7.757478000629797,8207746288,16449514432,1279428923968,8207651840,109.4543449999037,111.76129700015736
openmarcie_bicycle,mixed,dense,openmarcie_bicycle__only_depth__qwen3_8b,qwen3_8b,only_depth,81080,324320,10845376,12972,27704,53376,0.595473000430502,6.286005001452158,17.525947000707873,8207732920,16449460960,2292549275200,8207651840,112.63365000013437,114.50179000075877
openmarcie_bicycle,mixed,dense_tokens,openmarcie_bicycle__only_depth__qwen3_8b,qwen3_8b,only_depth,88208,352832,5186752,3300,27704,60504,0.5786629999420256,3.7457840007799676,9.93396600095788,8207740048,16449489472,1279428874816,8207651840,109.4543449999037,111.46263600039674
openmarcie_bicycle,mixed,raw,openmarcie_bicycle__only_depth__qwen3_8b,qwen3_8b,only_depth,81080,324320,10845376,19188,81080,0,1.4432680000027176,8.639747999546886,22.891247999422113,8207732920,16449460960,2292549275200,8207651840,112.63365000013437,114.64862000138965
openmarcie_bicycle,mixed,early_fusion,openmarcie_bicycle__only_depth__qwen3_8b,qwen3_8b,only_depth,47224,188896,3220672,19188,47224,0,1.2970660000064527,8.494656000544852,22.746486000568176,8207699064,16449325536,1391693223488,8207651840,111.22428399994533,112.96731299989915
openmarcie_bicycle,mixed,late_fusion,openmarcie_bicycle__only_depth__qwen3_8b,qwen3_8b,only_depth,54564,218256,3381504,288,0,54564,0.11734999952750513,2.4459620004246942,6.945252000783139,8190789924,16381688976,1180681093888,8190735360,109.63268599971343,110.85497200019745
openmarcie_bicycle,mixed,local_only,openmarcie_bicycle__only_depth__qwen3_8b,qwen3_8b,only_depth,54564,218256,3381504,156,0,54564,0.1499800000601681,2.437221999814466,6.873414000258385,8190789924,16381688976,1180681093888,8190735360,109.63268599971343,110.91156199927354
openmarcie_bicycle,mixed,bottleneck,openmarcie_bicycle__only_depth__qwen3_8b,qwen3_8b,only_depth,81956,327824,10894528,2052,28184,53772,0.6238930000108667,3.4180830009709346,8.874376001415914,8207733796,16449464464,2292549324352,8207651840,112.63365000013437,114.5558100006383
openmarcie_bicycle,mixed,tokenlearner,openmarcie_bicycle__only_depth__qwen3_8b,qwen3_8b,only_depth,85040,340160,5137600,3300,27704,57336,0.5820830001539434,3.7570949998506693,9.976106998678588,8207736880,16449476800,1279428825664,8207651840,109.4543449999037,111.45887400016363
openmarcie_bicycle,mixed,posthoc_vq,openmarcie_bicycle__only_depth__qwen3_8b,qwen3_8b,only_depth,93368,373472,11041984,600,30776,62592,0.8625140008007293,3.394556000781595,8.298837999962853,8207745208,16449510112,2292549471808,8207651840,112.63365000013437,115.10639200059813
openmarcie_bicycle,mixed,joint_vq,openmarcie_bicycle__only_depth__qwen3_8b,qwen3_8b,only_depth,100496,401984,5235904,249,30776,69720,0.8165640001607244,3.2661669998891067,7.991320000573049,8207752336,16449538624,1279428923968,8207651840,109.4543449999037,111.96611799914535
openmarcie_bicycle,mixed,deepconvlstm,openmarcie_bicycle__only_depth__qwen3_8b,qwen3_8b,only_depth,76748,306992,4821760,19188,76748,0,0.913933999981964,8.10849500026619,22.360245001135546,8207728588,16449443632,1391694824576,8207651840,111.22428399994533,112.64630100049544
openmarcie_bicycle,mixed,unrestricted_bank,openmarcie_bicycle__only_depth__qwen3_8b,qwen3_8b,only_depth,100784,403136,5334208,249,30776,70008,0.608573000135948,2.986244998861663,7.571296999148197,8207752624,16449539776,1279429022272,8207651840,109.4543449999037,111.57268599890813
openmarcie_bicycle,mixed,separate_banks,openmarcie_bicycle__only_depth__qwen3_8b,qwen3_8b,only_depth,94448,377792,5235904,249,30776,63672,0.8407140003328095,3.2216260002645196,7.80991799993806,8207746288,16449514432,1279428923968,8207651840,109.4543449999037,111.7661260004752
openmarcie_bicycle,mixed,fixed_resampling,openmarcie_bicycle__only_depth__qwen3_8b,qwen3_8b,only_depth,94448,377792,4412608,249,30776,63672,0.8108940000965958,3.108055000335595,7.553235999611369,8207746288,16449514432,1279428100672,8207651840,109.4543449999037,111.5091140009099
openmarcie_bicycle,mixed,finetune_encoders,openmarcie_bicycle__only_depth__qwen3_8b,qwen3_8b,only_depth,94448,377792,5235904,249,30776,63672,0.8203239995054901,3.18709599890674,7.772167998981766,8207746288,16449514432,1279428923968,8207651840,109.4543449999037,111.7327550000482
openmarcie_bicycle,mixed,no_alignment,openmarcie_bicycle__only_depth__qwen3_8b,qwen3_8b,only_depth,94448,377792,5235904,249,30776,63672,0.8123249999698601,3.18369700165597,7.766809001540404,8207746288,16449514432,1279428923968,8207651840,109.4543449999037,111.73624699949869
openmarcie_bicycle,mixed,no_usage,openmarcie_bicycle__only_depth__qwen3_8b,qwen3_8b,only_depth,94448,377792,5235904,249,30776,63672,0.8151839992933674,3.1875749997528384,7.7703569994891755,8207746288,16449514432,1279428923968,8207651840,109.4543449999037,111.76397700000962
openmarcie_bicycle,mixed,tcn,openmarcie_bicycle__only_depth__qwen3_8b,qwen3_8b,only_depth,33048,132192,2034624,19188,33048,0,1.0154960000363644,8.205736999622092,22.45720699981458,8207684888,16449268832,1391692037440,8207651840,111.22428399994533,112.73397199965984
openmarcie_bicycle,mixed,ts_transformer,openmarcie_bicycle__only_depth__qwen3_8b,qwen3_8b,only_depth,45912,183648,3083200,19188,45912,0,1.1081060001743026,8.303177000522043,22.55488700090492,8207697752,16449320288,1391693086016,8207651840,111.22428399994533,112.83345199990436
openmarcie_bicycle,mixed,patchtst,openmarcie_bicycle__only_depth__qwen3_8b,qwen3_8b,only_depth,39928,159712,69986496,19188,39928,0,1.213755999742716,8.402246000110823,22.654656000366877,8207691768,16449296352,1041178430912,8207651840,109.04191299960075,110.76205199879041
openmarcie_bicycle,cuda,distrixsense,openmarcie_bicycle__only_imu__qwen3_8b,qwen3_8b,only_imu,39074,156296,1063488,81,28600,10474,0.5452129998957389,3.115925000230968,3.115925000230968,8207690914,16449292936,999224532416,8207651840,109.46943500039197,110.93167300077766
openmarcie_bicycle,cuda,dense,openmarcie_bicycle__only_imu__qwen3_8b,qwen3_8b,only_imu,34618,138472,2441792,4324,27576,7042,0.4657720000977861,6.279602999124781,6.279602999124781,8207686458,16449275112,1335685116352,8207651840,109.57651500029897,110.93661199993221
openmarcie_bicycle,cuda,dense_tokens,openmarcie_bicycle__only_imu__qwen3_8b,qwen3_8b,only_imu,36994,147976,1047104,1100,27576,9418,0.446262999503233,3.795204999728303,3.795204999728303,8207688834,16449284616,999224516032,8207651840,109.46943500039197,110.7973710004444
openmarcie_bicycle,cuda,raw,openmarcie_bicycle__only_imu__qwen3_8b,qwen3_8b,only_imu,34618,138472,2441792,16164,34618,0,0.7985039992490783,15.828704998647492,15.828704998647492,8207686458,16449275112,1335685116352,8207651840,109.57651500029897,110.81473200010805
openmarcie_bicycle,cuda,early_fusion,openmarcie_bicycle__only_imu__qwen3_8b,qwen3_8b,only_imu,28858,115432,2075200,16164,28858,0,0.8237350002673338,15.849625000236312,15.849625000236312,8207680698,16449252072,1335684749760,8207651840,109.57651500029897,110.84924200076784
openmarcie_bicycle,cuda,late_fusion,openmarcie_bicycle__only_imu__qwen3_8b,qwen3_8b,only_imu,7438,29752,444672,96,0,7438,0.07508999988203868,2.538682000308833,2.538682000308833,8190742798,16381500472,1124741607680,8190735360,109.45729400009441,110.23502799980633
openmarcie_bicycle,cuda,local_only,openmarcie_bicycle__only_imu__qwen3_8b,qwen3_8b,only_imu,7438,29752,444672,52,0,7438,0.09680000039224979,2.536341000693466,2.536341000693466,8190742798,16381500472,1124741607680,8190735360,109.45729400009441,110.27794900019217
openmarcie_bicycle,cuda,bottleneck,openmarcie_bicycle__only_imu__qwen3_8b,qwen3_8b,only_imu,34910,139640,2458176,684,27736,7174,0.4787919997397694,3.4284339992800845,3.4284339992800845,8207686750,16449276280,1335685132736,8207651840,109.57651500029897,110.88588299935509
openmarcie_bicycle,cuda,tokenlearner,openmarcie_bicycle__only_imu__qwen3_8b,qwen3_8b,only_imu,35938,143752,1030720,1100,27576,8362,0.43836200075020315,3.7958840011878054,3.7958840011878054,8207687778,16449280392,999224499648,8207651840,109.46943500039197,110.76081200098997
openmarcie_bicycle,cuda,posthoc_vq,openmarcie_bicycle__only_imu__qwen3_8b,qwen3_8b,only_imu,36666,146664,2507328,192,28600,8066,0.5663330002789735,3.3174060004770523,3.3174060004770523,8207688506,16449283304,1335685181888,8207651840,109.57651500029897,111.16898400086939
openmarcie_bicycle,cuda,joint_vq,openmarcie_bicycle__only_imu__qwen3_8b,qwen3_8b,only_imu,39042,156168,1063488,81,28600,10442,0.5397329996412736,3.2626669999734847,3.2626669999734847,8207690882,16449292808,999224532416,8207651840,109.46943500039197,111.1321840007804
openmarcie_bicycle,cuda,deepconvlstm,openmarcie_bicycle__only_imu__qwen3_8b,qwen3_8b,only_imu,36686,146744,2279680,16164,36686,0,0.4779430000780849,15.501962998904684,15.501962998904684,8207688526,16449283384,1335684954240,8207651840,109.57651500029897,110.50178000004962
openmarcie_bicycle,cuda,unrestricted_bank,openmarcie_bicycle__only_imu__qwen3_8b,qwen3_8b,only_imu,39074,156296,1063488,81,28600,10474,0.458272000287252,3.0401149997777654,3.0401149997777654,8207690914,16449292936,999224532416,8207651840,109.46943500039197,110.8574720001343
openmarcie_bicycle,cuda,separate_banks,openmarcie_bicycle__only_imu__qwen3_8b,qwen3_8b,only_imu,39074,156296,1063488,81,28600,10474,0.5614129995592521,3.141874999557226,3.141874999557226,8207690914,16449292936,999224532416,8207651840,109.46943500039197,110.95278299944766
openmarcie_bicycle,cuda,fixed_resampling,openmarcie_bicycle__only_imu__qwen3_8b,qwen3_8b,only_imu,39074,156296,1031232,81,28600,10474,0.5490430003192159,3.08901600058733,3.08901600058733,8207690914,16449292936,999224500160,8207651840,109.46943500039197,110.92555200048082
openmarcie_bicycle,cuda,finetune_encoders,openmarcie_bicycle__only_imu__qwen3_8b,qwen3_8b,only_imu,39074,156296,1063488,81,28600,10474,0.5491929996424005,3.1260159994707326,3.1260159994707326,8207690914,16449292936,999224532416,8207651840,109.46943500039197,110.93069300022762
openmarcie_bicycle,cuda,no_alignment,openmarcie_bicycle__only_imu__qwen3_8b,qwen3_8b,only_imu,39074,156296,1063488,81,28600,10474,0.5546330003198818,3.139325001058646,3.139325001058646,8207690914,16449292936,999224532416,8207651840,109.46943500039197,110.9255020001001
openmarcie_bicycle,cuda,no_usage,openmarcie_bicycle__only_imu__qwen3_8b,qwen3_8b,only_imu,39074,156296,1063488,81,28600,10474,0.5479629999172175,3.1139259990885737,3.1139259990885737,8207690914,16449292936,999224532416,8207651840,109.46943500039197,110.9147210008814
openmarcie_bicycle,cuda,tcn,openmarcie_bicycle__only_imu__qwen3_8b,qwen3_8b,only_imu,14746,58984,889152,16164,14746,0,0.5908430002818932,15.624393001097825,15.624393001097825,8207666586,16449195624,1335683563712,8207651840,109.57651500029897,110.6377310006792
openmarcie_bicycle,cuda,ts_transformer,openmarcie_bicycle__only_imu__qwen3_8b,qwen3_8b,only_imu,27610,110440,1937728,16164,27610,0,0.6775930005460395,15.704033000155516,15.704033000155516,8207679450,16449247080,1335684612288,8207651840,109.57651500029897,110.86446100034664
openmarcie_bicycle,cuda,patchtst,openmarcie_bicycle__only_imu__qwen3_8b,qwen3_8b,only_imu,27162,108648,7602496,16164,27162,0,0.7478540001102374,15.769653999676859,15.769653999676859,8207679002,16449245288,985226683456,8207651840,108.97103200022684,110.18514700026572
openmarcie_bicycle,mixed,distrixsense,openmarcie_bicycle__only_imu__qwen3_8b,qwen3_8b,only_imu,39074,156296,1063488,81,28600,10474,0.5504930004462949,2.874894000371464,2.874894000371464,8207690914,16449292936,999224532416,8207651840,109.46943500039197,110.80891199981124
openmarcie_bicycle,mixed,dense,openmarcie_bicycle__only_imu__qwen3_8b,qwen3_8b,only_imu,34618,138472,2441792,4324,27576,7042,0.4637729998648865,6.111293999633507,6.111293999633507,8207686458,16449275112,1335685116352,8207651840,109.57651500029897,110.79073099972447
openmarcie_bicycle,mixed,dense_tokens,openmarcie_bicycle__only_imu__qwen3_8b,qwen3_8b,only_imu,36994,147976,1047104,1100,27576,9418,0.4443420002644416,3.5636540005679125,3.5636540005679125,8207688834,16449284616,999224516032,8207651840,109.46943500039197,110.63429100067879
openmarcie_bicycle,mixed,raw,openmarcie_bicycle__only_imu__qwen3_8b,qwen3_8b,only_imu,34618,138472,2441792,16164,34618,0,0.798563999524049,15.768185999740137,15.768185999740137,8207686458,16449275112,1335685116352,8207651840,109.57651500029897,110.82901100053277
openmarcie_bicycle,mixed,early_fusion,openmarcie_bicycle__only_imu__qwen3_8b,qwen3_8b,only_imu,28858,115432,2075200,16164,28858,0,0.8177539993994287,15.791453999235284,15.791453999235284,8207680698,16449252072,1335684749760,8207651840,109.57651500029897,110.80906100050925
openmarcie_bicycle,mixed,late_fusion,openmarcie_bicycle__only_imu__qwen3_8b,qwen3_8b,only_imu,7438,29752,444672,96,0,7438,0.08200999945984222,2.3632210000552702,2.3632210000552702,8190742798,16381500472,1124741607680,8190735360,109.45729400009441,110.15862699969148
openmarcie_bicycle,mixed,local_only,openmarcie_bicycle__only_imu__qwen3_8b,qwen3_8b,only_imu,7438,29752,444672,52,0,7438,0.0915099999474478,2.345790999486309,2.345790999486309,8190742798,16381500472,1124741607680,8190735360,109.45729400009441,110.16057699998782
openmarcie_bicycle,mixed,bottleneck,openmarcie_bicycle__only_imu__qwen3_8b,qwen3_8b,only_imu,34910,139640,2458176,684,27736,7174,0.4853330001424183,3.2577839995347198,3.2577839995347198,8207686750,16449276280,1335685132736,8207651840,109.57651500029897,110.77709099936328
openmarcie_bicycle,mixed,tokenlearner,openmarcie_bicycle__only_imu__qwen3_8b,qwen3_8b,only_imu,35938,143752,1030720,1100,27576,8362,0.4420320001372602,3.556552999721025,3.556552999721025,8207687778,16449280392,999224499648,8207651840,109.46943500039197,110.63575200114428
openmarcie_bicycle,mixed,posthoc_vq,openmarcie_bicycle__only_imu__qwen3_8b,qwen3_8b,only_imu,36666,146664,2507328,192,28600,8066,0.5767630000264035,3.0402839998518116,3.0402839998518116,8207688506,16449283304,1335685181888,8207651840,109.57651500029897,110.9716130004017
openmarcie_bicycle,mixed,joint_vq,openmarcie_bicycle__only_imu__qwen3_8b,qwen3_8b,only_imu,39042,156168,1063488,81,28600,10442,0.5452830000649556,2.9446249991741613,2.9446249991741613,8207690882,16449292808,999224532416,8207651840,109.46943500039197,110.86004200024036
openmarcie_bicycle,mixed,deepconvlstm,openmarcie_bicycle__only_imu__qwen3_8b,qwen3_8b,only_imu,36686,146744,2279680,16164,36686,0,0.47141200047917664,15.44014200012408,15.44014200012408,8207688526,16449283384,1335684954240,8207651840,109.57651500029897,110.46522800006642
openmarcie_bicycle,mixed,unrestricted_bank,openmarcie_bicycle__only_imu__qwen3_8b,qwen3_8b,only_imu,39074,156296,1063488,81,28600,10474,0.46438199933618307,2.789772999705642,2.789772999705642,8207690914,16449292936,999224532416,8207651840,109.46943500039197,110.6948899996496
openmarcie_bicycle,mixed,separate_banks,openmarcie_bicycle__only_imu__qwen3_8b,qwen3_8b,only_imu,39074,156296,1063488,81,28600,10474,0.5610030002571875,2.884844000647613,2.884844000647613,8207690914,16449292936,999224532416,8207651840,109.46943500039197,110.78666200046428
openmarcie_bicycle,mixed,fixed_resampling,openmarcie_bicycle__only_imu__qwen3_8b,qwen3_8b,only_imu,39074,156296,1031232,81,28600,10474,0.5619229996227659,2.8148749989048927,2.8148749989048927,8207690914,16449292936,999224500160,8207651840,109.46943500039197,110.7083410015548
openmarcie_bicycle,mixed,finetune_encoders,openmarcie_bicycle__only_imu__qwen3_8b,qwen3_8b,only_imu,39074,156296,1063488,81,28600,10474,0.5562530004681321,2.8841340008801897,2.8841340008801897,8207690914,16449292936,999224532416,8207651840,109.46943500039197,110.79026200059161
openmarcie_bicycle,mixed,no_alignment,openmarcie_bicycle__only_imu__qwen3_8b,qwen3_8b,only_imu,39074,156296,1063488,81,28600,10474,0.5938730000707437,2.917714000461169,2.917714000461169,8207690914,16449292936,999224532416,8207651840,109.46943500039197,110.79108100148005
openmarcie_bicycle,mixed,no_usage,openmarcie_bicycle__only_imu__qwen3_8b,qwen3_8b,only_imu,39074,156296,1063488,81,28600,10474,0.5489229997692746,2.872973999757855,2.872973999757855,8207690914,16449292936,999224532416,8207651840,109.46943500039197,110.77781099993445
openmarcie_bicycle,mixed,tcn,openmarcie_bicycle__only_imu__qwen3_8b,qwen3_8b,only_imu,14746,58984,889152,16164,14746,0,0.5893629995625815,15.564212999060157,15.564212999060157,8207666586,16449195624,1335683563712,8207651840,109.57651500029897,110.58459000105358
openmarcie_bicycle,mixed,ts_transformer,openmarcie_bicycle__only_imu__qwen3_8b,qwen3_8b,only_imu,27610,110440,1937728,16164,27610,0,0.6744339998476789,15.64783400012767,15.64783400012767,8207679450,16449247080,1335684612288,8207651840,109.57651500029897,110.67247100072564
openmarcie_bicycle,mixed,patchtst,openmarcie_bicycle__only_imu__qwen3_8b,qwen3_8b,only_imu,27162,108648,7602496,16164,27162,0,0.7543439996879897,15.724103999354167,15.724103999354167,8207679002,16449245288,985226683456,8207651840,108.97103200022684,110.13457700119034
openmarcie_bicycle,cuda,distrixsense,openmarcie_bicycle__only_magnetometer__qwen3_8b,qwen3_8b,only_magnetometer,36734,146936,915264,81,28600,8134,0.5410229996414273,3.1080150002088747,3.1080150002088747,8207688574,16449283576,999224384192,8207651840,109.46943500039197,110.93168300067191
openmarcie_bicycle,cuda,dense,openmarcie_bicycle__only_magnetometer__qwen3_8b,qwen3_8b,only_magnetometer,32278,129112,2293568,4324,27576,4702,0.46862199997121934,6.299132999951998,6.299132999951998,8207684118,16449265752,1335684968128,8207651840,109.57651500029897,110.85035199994309
openmarcie_bicycle,cuda,dense_tokens,openmarcie_bicycle__only_magnetometer__qwen3_8b,qwen3_8b,only_magnetometer,34654,138616,898880,1100,27576,7078,0.4730220007331809,3.825434001550893,3.825434001550893,8207686494,16449275256,999224367808,8207651840,109.46943500039197,110.86667300151021
openmarcie_bicycle,cuda,raw,openmarcie_bicycle__only_magnetometer__qwen3_8b,qwen3_8b,only_magnetometer,32278,129112,2293568,1244,32278,0,0.8149950008373708,3.895055001080141,3.895055001080141,8207684118,16449265752,1335684968128,8207651840,109.57651500029897,110.96475300109887
openmarcie_bicycle,cuda,early_fusion,openmarcie_bicycle__only_magnetometer__qwen3_8b,qwen3_8b,only_magnetometer,28054,112216,2025280,1244,28054,0,0.821743999949831,3.9096059995378485,3.9096059995378485,8207679894,16449248856,1335684699840,8207651840,109.57651500029897,110.85691200059955
openmarcie_bicycle,cuda,late_fusion,openmarcie_bicycle__only_magnetometer__qwen3_8b,qwen3_8b,only_magnetometer,5098,20392,296448,96,0,5098,0.07525000000896398,2.5523909994855756,2.5523909994855756,8190740458,16381491112,1124741459456,8190735360,109.45729400009441,110.25659799997811
openmarcie_bicycle,cuda,local_only,openmarcie_bicycle__only_magnetometer__qwen3_8b,qwen3_8b,only_magnetometer,5098,20392,296448,52,0,5098,0.09078999937628396,2.527041998534952,2.527041998534952,8190740458,16381491112,1124741459456,8190735360,109.45729400009441,110.57389100005821
openmarcie_bicycle,cuda,bottleneck,openmarcie_bicycle__only_magnetometer__qwen3_8b,qwen3_8b,only_magnetometer,32570,130280,2309952,684,27736,4834,0.47004299995023757,3.4112140003990383,3.4112140003990383,8207684410,16449266920,1335684984512,8207651840,109.57651500029897,110.87395200047467
openmarcie_bicycle,cuda,tokenlearner,openmarcie_bicycle__only_magnetometer__qwen3_8b,qwen3_8b,only_magnetometer,33598,134392,882496,1100,27576,6022,0.4519119993346976,3.8286839999226503,3.8286839999226503,8207685438,16449271032,999224351424,8207651840,109.46943500039197,110.76632300046185
openmarcie_bicycle,cuda,posthoc_vq,openmarcie_bicycle__only_magnetometer__qwen3_8b,qwen3_8b,only_magnetometer,34326,137304,2359104,192,28600,5726,0.5871229996046168,3.3246449998645344,3.3246449998645344,8207686166,16449273944,1335685033664,8207651840,109.57651500029897,111.20297200068308
openmarcie_bicycle,cuda,joint_vq,openmarcie_bicycle__only_magnetometer__qwen3_8b,qwen3_8b,only_magnetometer,36702,146808,915264,81,28600,8102,0.5444519993034191,3.274894999805733,3.274894999805733,8207688542,16449283448,999224384192,8207651840,109.46943500039197,111.07517299933534
openmarcie_bicycle,cuda,deepconvlstm,openmarcie_bicycle__only_magnetometer__qwen3_8b,qwen3_8b,only_magnetometer,34346,137384,2131456,1244,34346,0,0.45878299988544313,3.546432999896456,3.546432999896456,8207686186,16449274024,1335684806016,8207651840,109.57651500029897,110.47941900051228
openmarcie_bicycle,cuda,unrestricted_bank,openmarcie_bicycle__only_magnetometer__qwen3_8b,qwen3_8b,only_magnetometer,36734,146936,915264,81,28600,8134,0.45713200051977765,3.027124000283843,3.027124000283843,8207688574,16449283576,999224384192,8207651840,109.46943500039197,110.88378099975671
openmarcie_bicycle,cuda,separate_banks,openmarcie_bicycle__only_magnetometer__qwen3_8b,qwen3_8b,only_magnetometer,36734,146936,915264,81,28600,8134,0.5609529998764629,3.134915999027621,3.134915999027621,8207688574,16449283576,999224384192,8207651840,109.46943500039197,110.93688199980534
openmarcie_bicycle,cuda,fixed_resampling,openmarcie_bicycle__only_magnetometer__qwen3_8b,qwen3_8b,only_magnetometer,36734,146936,908352,81,28600,8134,0.5367630001273938,3.0793360001843073,3.0793360001843073,8207688574,16449283576,999224377280,8207651840,109.46943500039197,110.87378100000933
openmarcie_bicycle,cuda,finetune_encoders,openmarcie_bicycle__only_magnetometer__qwen3_8b,qwen3_8b,only_magnetometer,36734,146936,915264,81,28600,8134,0.5503330003193696,3.135525999852584,3.135525999852584,8207688574,16449283576,999224384192,8207651840,109.46943500039197,110.91398100052174
openmarcie_bicycle,cuda,no_alignment,openmarcie_bicycle__only_magnetometer__qwen3_8b,qwen3_8b,only_magnetometer,36734,146936,915264,81,28600,8134,0.5482420001499122,3.124354000676144,3.124354000676144,8207688574,16449283576,999224384192,8207651840,109.46943500039197,110.93557200001669
openmarcie_bicycle,cuda,no_usage,openmarcie_bicycle__only_magnetometer__qwen3_8b,qwen3_8b,only_magnetometer,36734,146936,915264,81,28600,8134,0.5590829996435787,3.1340449986891006,3.1340449986891006,8207688574,16449283576,999224384192,8207651840,109.46943500039197,110.92192199976125
openmarcie_bicycle,cuda,tcn,openmarcie_bicycle__only_magnetometer__qwen3_8b,qwen3_8b,only_magnetometer,13942,55768,839232,1244,13942,0,0.5942130001130863,3.6762940003560973,3.6762940003560973,8207665782,16449192408,1335683513792,8207651840,109.57651500029897,110.619389999556
openmarcie_bicycle,cuda,ts_transformer,openmarcie_bicycle__only_magnetometer__qwen3_8b,qwen3_8b,only_magnetometer,26806,107224,1887808,1244,26806,0,0.6787129996155272,3.759644000196818,3.759644000196818,8207678646,16449243864,1335684562368,8207651840,109.57651500029897,110.70154900062334
openmarcie_bicycle,cuda,patchtst,openmarcie_bicycle__only_magnetometer__qwen3_8b,qwen3_8b,only_magnetometer,26742,106968,3254848,1244,26742,0,0.7426040001519141,3.8281139991474222,3.8281139991474222,8207678582,16449243608,985222335808,8207651840,108.97103200022684,110.31136900055571
openmarcie_bicycle,mixed,distrixsense,openmarcie_bicycle__only_magnetometer__qwen3_8b,qwen3_8b,only_magnetometer,36734,146936,915264,81,28600,8134,0.5478029997902922,2.870363999165315,2.870363999165315,8207688574,16449283576,999224384192,8207651840,109.46943500039197,110.7775810005478
openmarcie_bicycle,mixed,dense,openmarcie_bicycle__only_magnetometer__qwen3_8b,qwen3_8b,only_magnetometer,32278,129112,2293568,4324,27576,4702,0.4649519996746676,6.105362999146327,6.105362999146327,8207684118,16449265752,1335684968128,8207651840,109.57651500029897,110.7210620002661
openmarcie_bicycle,mixed,dense_tokens,openmarcie_bicycle__only_magnetometer__qwen3_8b,qwen3_8b,only_magnetometer,34654,138616,898880,1100,27576,7078,0.46176200066838646,3.5769429996388498,3.5769429996388498,8207686494,16449275256,999224367808,8207651840,109.46943500039197,110.62787200171442
openmarcie_bicycle,mixed,raw,openmarcie_bicycle__only_magnetometer__qwen3_8b,qwen3_8b,only_magnetometer,32278,129112,2293568,1244,32278,0,0.7978240000738879,3.831204000120738,3.831204000120738,8207684118,16449265752,1335684968128,8207651840,109.57651500029897,110.77850099991338
openmarcie_bicycle,mixed,early_fusion,openmarcie_bicycle__only_magnetometer__qwen3_8b,qwen3_8b,only_magnetometer,28054,112216,2025280,1244,28054,0,0.8228839997173054,3.8511939997212497,3.8511939997212497,8207679894,16449248856,1335684699840,8207651840,109.57651500029897,110.8078809993458
openmarcie_bicycle,mixed,late_fusion,openmarcie_bicycle__only_magnetometer__qwen3_8b,qwen3_8b,only_magnetometer,5098,20392,296448,96,0,5098,0.07624999943800503,2.3489319997363025,2.3489319997363025,8190740458,16381491112,1124741459456,8190735360,109.45729400009441,110.11989700000413
openmarcie_bicycle,mixed,local_only,openmarcie_bicycle__only_magnetometer__qwen3_8b,qwen3_8b,only_magnetometer,5098,20392,296448,52,0,5098,0.09827999929257203,2.345530999507429,2.345530999507429,8190740458,16381491112,1124741459456,8190735360,109.45729400009441,110.20559700045851
openmarcie_bicycle,mixed,bottleneck,openmarcie_bicycle__only_magnetometer__qwen3_8b,qwen3_8b,only_magnetometer,32570,130280,2309952,684,27736,4834,0.4699520004578517,3.218153000735608,3.218153000735608,8207684410,16449266920,1335684984512,8207651840,109.57651500029897,110.75626099955116
openmarcie_bicycle,mixed,tokenlearner,openmarcie_bicycle__only_magnetometer__qwen3_8b,qwen3_8b,only_magnetometer,33598,134392,882496,1100,27576,6022,0.4475819996514474,3.5700929984112735,3.5700929984112735,8207685438,16449271032,999224351424,8207651840,109.46943500039197,110.6462610014205
openmarcie_bicycle,mixed,posthoc_vq,openmarcie_bicycle__only_magnetometer__qwen3_8b,qwen3_8b,only_magnetometer,34326,137304,2359104,192,28600,5726,0.5758729994340683,3.0382649989209254,3.0382649989209254,8207686166,16449273944,1335685033664,8207651840,109.57651500029897,111.05483100072888
openmarcie_bicycle,mixed,joint_vq,openmarcie_bicycle__only_magnetometer__qwen3_8b,qwen3_8b,only_magnetometer,36702,146808,915264,81,28600,8102,0.554133000150614,2.9425250004641246,2.9425250004641246,8207688542,16449283448,999224384192,8207651840,109.46943500039197,110.82990100021561
openmarcie_bicycle,mixed,deepconvlstm,openmarcie_bicycle__only_magnetometer__qwen3_8b,qwen3_8b,only_magnetometer,34346,137384,2131456,1244,34346,0,0.4647630003091763,3.4936040006092983,3.4936040006092983,8207686186,16449274024,1335684806016,8207651840,109.57651500029897,110.46014899966394
openmarcie_bicycle,mixed,unrestricted_bank,openmarcie_bicycle__only_magnetometer__qwen3_8b,qwen3_8b,only_magnetometer,36734,146936,915264,81,28600,8134,0.4691620006269659,2.7861730004878016,2.7861730004878016,8207688574,16449283576,999224384192,8207651840,109.46943500039197,110.6903620002413
openmarcie_bicycle,mixed,separate_banks,openmarcie_bicycle__only_magnetometer__qwen3_8b,qwen3_8b,only_magnetometer,36734,146936,915264,81,28600,8134,0.7474639996871701,3.069714999612083,3.069714999612083,8207688574,16449283576,999224384192,8207651840,109.46943500039197,110.77480199946876
openmarcie_bicycle,mixed,fixed_resampling,openmarcie_bicycle__only_magnetometer__qwen3_8b,qwen3_8b,only_magnetometer,36734,146936,908352,81,28600,8134,0.5499629996847943,2.7997330007855314,2.7997330007855314,8207688574,16449283576,999224377280,8207651840,109.46943500039197,110.67826099952072
openmarcie_bicycle,mixed,finetune_encoders,openmarcie_bicycle__only_magnetometer__qwen3_8b,qwen3_8b,only_magnetometer,36734,146936,915264,81,28600,8134,0.5612330005533295,2.886434001113125,2.886434001113125,8207688574,16449283576,999224384192,8207651840,109.46943500039197,110.77592200035724
openmarcie_bicycle,mixed,no_alignment,openmarcie_bicycle__only_magnetometer__qwen3_8b,qwen3_8b,only_magnetometer,36734,146936,915264,81,28600,8134,0.5444419994091731,2.8574230000521172,2.8574230000521172,8207688574,16449283576,999224384192,8207651840,109.46943500039197,110.79747100029635
openmarcie_bicycle,mixed,no_usage,openmarcie_bicycle__only_magnetometer__qwen3_8b,qwen3_8b,only_magnetometer,36734,146936,915264,81,28600,8134,0.54329299928213,2.8653249983398243,2.8653249983398243,8207688574,16449283576,999224384192,8207651840,109.46943500039197,110.98663299981126
openmarcie_bicycle,mixed,tcn,openmarcie_bicycle__only_magnetometer__qwen3_8b,qwen3_8b,only_magnetometer,13942,55768,839232,1244,13942,0,0.592803000472486,3.6215430004764815,3.6215430004764815,8207665782,16449192408,1335683513792,8207651840,109.57651500029897,110.57821000122203
openmarcie_bicycle,mixed,ts_transformer,openmarcie_bicycle__only_magnetometer__qwen3_8b,qwen3_8b,only_magnetometer,26806,107224,1887808,1244,26806,0,0.6817330004196265,3.7119630010371796,3.7119630010371796,8207678646,16449243864,1335684562368,8207651840,109.57651500029897,110.64910999994026
openmarcie_bicycle,mixed,patchtst,openmarcie_bicycle__only_magnetometer__qwen3_8b,qwen3_8b,only_magnetometer,26742,106968,3254848,1244,26742,0,0.7553140003437875,3.788394000834774,3.788394000834774,8207678582,16449243608,985222335808,8207651840,108.97103200022684,110.21389800043835
openmarcie_bicycle,cuda,distrixsense,openmarcie_bicycle__only_rgb__qwen3_8b,qwen3_8b,only_rgb,256112,1024448,15533248,249,30776,225336,0.7977340001161792,3.4261979996120555,8.535622998268972,8207907952,16450161088,1279439221312,8207651840,109.4543449999037,112.32291899978009
openmarcie_bicycle,cuda,dense,openmarcie_bicycle__only_rgb__qwen3_8b,qwen3_8b,only_rgb,242744,970976,21142720,12972,27704,215040,0.5801520001114113,6.470284000310802,18.08147700018182,8207894584,16450107616,2292559572544,8207651840,112.63365000013437,114.85671100035688
openmarcie_bicycle,cuda,dense_tokens,openmarcie_bicycle__only_rgb__qwen3_8b,qwen3_8b,only_rgb,249872,999488,15484096,3300,27704,222168,0.5723129997932119,3.9954059993714326,10.684839999143733,8207901712,16450136128,1279439172160,8207651840,109.4543449999037,111.92513700007112
openmarcie_bicycle,cuda,raw,openmarcie_bicycle__only_rgb__qwen3_8b,qwen3_8b,only_rgb,242744,970976,21142720,56724,242744,0,1.422537000507873,18.69230800088452,53.072129000455476,8207894584,16450107616,2292559572544,8207651840,112.63365000013437,114.73070100055338
openmarcie_bicycle,cuda,early_fusion,openmarcie_bicycle__only_rgb__qwen3_8b,qwen3_8b,only_rgb,159736,638944,10372288,56724,159736,0,1.241126999957487,18.511496999911184,52.88875900062399,8207811576,16449775584,1391700375104,8207651840,111.22428399994533,113.08068300058949
openmarcie_bicycle,cuda,late_fusion,openmarcie_bicycle__only_rgb__qwen3_8b,qwen3_8b,only_rgb,216228,864912,13678848,288,0,216228,0.10819999988598283,2.6295029989025323,7.548437999226362,8190951588,16382335632,1180691391232,8190735360,109.63268599971343,111.29901399908704
openmarcie_bicycle,cuda,local_only,openmarcie_bicycle__only_rgb__qwen3_8b,qwen3_8b,only_rgb,216228,864912,13678848,156,0,216228,0.14744099917152198,2.644894999564241,7.497969999169476,8190951588,16382335632,1180691391232,8190735360,109.63268599971343,111.37833599968872
openmarcie_bicycle,cuda,bottleneck,openmarcie_bicycle__only_rgb__qwen3_8b,qwen3_8b,only_rgb,243620,974480,21191872,2052,28184,215436,0.6147630001578364,3.6400950005109074,9.510388001047506,8207895460,16450111120,2292559621696,8207651840,112.63365000013437,114.96936200001073
openmarcie_bicycle,cuda,tokenlearner,openmarcie_bicycle__only_rgb__qwen3_8b,qwen3_8b,only_rgb,246704,986816,15434944,3300,27704,219000,0.5725629998778459,3.976085000426683,10.64339999901189,8207898544,16450123456,1279439123008,8207651840,109.4543449999037,111.90458700002637
openmarcie_bicycle,cuda,posthoc_vq,openmarcie_bicycle__only_rgb__qwen3_8b,qwen3_8b,only_rgb,255032,1020128,21339328,600,30776,224256,0.8202940007322468,3.64125799933041,9.101331999762333,8207906872,16450156768,2292559769152,8207651840,112.63365000013437,115.82262600040849
openmarcie_bicycle,cuda,joint_vq,openmarcie_bicycle__only_rgb__qwen3_8b,qwen3_8b,only_rgb,262160,1048640,15533248,249,30776,231384,0.8075640007518814,3.6044470003947264,9.025053001013456,8207914000,16450185280,1279439221312,8207651840,109.4543449999037,112.8103530008957
openmarcie_bicycle,cuda,deepconvlstm,openmarcie_bicycle__only_rgb__qwen3_8b,qwen3_8b,only_rgb,238412,953648,15119104,56724,238412,0,0.9104350001507555,18.18249600086609,52.56849600193951,8207890252,16450090288,1391705121920,8207651840,111.22428399994533,112.80019299920241
openmarcie_bicycle,cuda,unrestricted_bank,openmarcie_bicycle__only_rgb__qwen3_8b,qwen3_8b,only_rgb,262448,1049792,15631552,249,30776,231672,0.5957430003036279,3.2380450007952515,8.358079000489832,8207914288,16450186432,1279439319616,8207651840,109.4543449999037,112.1709090002696
openmarcie_bicycle,cuda,separate_banks,openmarcie_bicycle__only_rgb__qwen3_8b,qwen3_8b,only_rgb,256112,1024448,15533248,249,30776,225336,0.8124750002025394,3.446027000460459,8.55615100218436,8207907952,16450161088,1279439221312,8207651840,109.4543449999037,112.32427899994946
openmarcie_bicycle,cuda,fixed_resampling,openmarcie_bicycle__only_rgb__qwen3_8b,qwen3_8b,only_rgb,256112,1024448,8344768,249,30776,225336,0.8025839997571893,3.4065880005403653,8.444202000563545,8207907952,16450161088,1279432032832,8207651840,109.4543449999037,112.18831899896031
openmarcie_bicycle,cuda,finetune_encoders,openmarcie_bicycle__only_rgb__qwen3_8b,qwen3_8b,only_rgb,256112,1024448,15533248,249,30776,225336,0.7894740001574974,3.4243660007962955,8.526891000573395,8207907952,16450161088,1279439221312,8207651840,109.4543449999037,112.33132000052137
openmarcie_bicycle,cuda,no_alignment,openmarcie_bicycle__only_rgb__qwen3_8b,qwen3_8b,only_rgb,256112,1024448,15533248,249,30776,225336,0.7834240004740423,3.409557000519568,8.510622001184837,8207907952,16450161088,1279439221312,8207651840,109.4543449999037,112.30727899965132
openmarcie_bicycle,cuda,no_usage,openmarcie_bicycle__only_rgb__qwen3_8b,qwen3_8b,only_rgb,256112,1024448,15533248,249,30776,225336,0.7902139996076585,3.41181699935653,8.50887199877341,8207907952,16450161088,1279439221312,8207651840,109.4543449999037,112.329618998956
openmarcie_bicycle,cuda,tcn,openmarcie_bicycle__only_rgb__qwen3_8b,qwen3_8b,only_rgb,145560,582240,9186240,56724,145560,0,1.008094999633613,18.284234999503393,52.66474699949745,8207797400,16449718880,1391699189056,8207651840,111.22428399994533,112.89868299991213
openmarcie_bicycle,cuda,ts_transformer,openmarcie_bicycle__only_rgb__qwen3_8b,qwen3_8b,only_rgb,158424,633696,10234816,56724,158424,0,1.0974859997077147,18.36792599983063,52.74405800067021,8207810264,16449770336,1391700237632,8207651840,111.22428399994533,112.97395300061908
openmarcie_bicycle,cuda,patchtst,openmarcie_bicycle__only_rgb__qwen3_8b,qwen3_8b,only_rgb,140152,560608,214665408,56724,140152,0,1.1652060002234066,18.443427001277893,52.82486700055293,8207791992,16449697248,1041323109824,8207651840,109.04191299960075,110.85016199922393
openmarcie_bicycle,mixed,distrixsense,openmarcie_bicycle__only_rgb__qwen3_8b,qwen3_8b,only_rgb,256112,1024448,15533248,249,30776,225336,0.8064040002864203,3.2433750008170374,7.8729870018914685,8207907952,16450161088,1279439221312,8207651840,109.4543449999037,111.78996699982235
openmarcie_bicycle,mixed,dense,openmarcie_bicycle__only_rgb__qwen3_8b,qwen3_8b,only_rgb,242744,970976,21142720,12972,27704,215040,0.7265739996000775,6.505774999236327,17.909696999653733,8207894584,16450107616,2292559572544,8207651840,112.63365000013437,114.52960000042367
openmarcie_bicycle,mixed,dense_tokens,openmarcie_bicycle__only_rgb__qwen3_8b,qwen3_8b,only_rgb,249872,999488,15484096,3300,27704,222168,0.746984000215889,3.9929050017189,10.341577001767874,8207901712,16450136128,1279439172160,8207651840,109.4543449999037,111.45672600014223
openmarcie_bicycle,mixed,raw,openmarcie_bicycle__only_rgb__qwen3_8b,qwen3_8b,only_rgb,242744,970976,21142720,56724,242744,0,1.4469180005107773,18.665328000627493,52.939618002554795,8207894584,16450107616,2292559572544,8207651840,112.63365000013437,114.60101900047448
openmarcie_bicycle,mixed,early_fusion,openmarcie_bicycle__only_rgb__qwen3_8b,qwen3_8b,only_rgb,159736,638944,10372288,56724,159736,0,1.2436160004654084,18.461585999778332,52.736096001198035,8207811576,16449775584,1391700375104,8207651840,111.22428399994533,112.97288299920183
openmarcie_bicycle,mixed,late_fusion,openmarcie_bicycle__only_rgb__qwen3_8b,qwen3_8b,only_rgb,216228,864912,13678848,288,0,216228,0.11089100007666275,2.44889200036159,6.990123999181005,8190951588,16382335632,1180691391232,8190735360,109.63268599971343,110.90275200058386
openmarcie_bicycle,mixed,local_only,openmarcie_bicycle__only_rgb__qwen3_8b,qwen3_8b,only_rgb,216228,864912,13678848,156,0,216228,0.15167099991231225,2.511622998342756,7.025564997822989,8190951588,16382335632,1180691391232,8190735360,109.63268599971343,111.008832999687
openmarcie_bicycle,mixed,bottleneck,openmarcie_bicycle__only_rgb__qwen3_8b,qwen3_8b,only_rgb,243620,974480,21191872,2052,28184,215436,0.6220529994607205,3.438044999048568,8.938626999054652,8207895460,16450111120,2292559621696,8207651840,112.63365000013437,114.60903999977745
openmarcie_bicycle,mixed,tokenlearner,openmarcie_bicycle__only_rgb__qwen3_8b,qwen3_8b,only_rgb,246704,986816,15434944,3300,27704,219000,0.696164000146382,3.943446000443946,10.297649001572282,8207898544,16450123456,1279439123008,8207651840,109.4543449999037,111.46626499976264
openmarcie_bicycle,mixed,posthoc_vq,openmarcie_bicycle__only_rgb__qwen3_8b,qwen3_8b,only_rgb,255032,1020128,21339328,600,30776,224256,1.1313750001136214,3.6630569993541577,8.558879001601309,8207906872,16450156768,2292559769152,8207651840,112.63365000013437,115.31611200098268
openmarcie_bicycle,mixed,joint_vq,openmarcie_bicycle__only_rgb__qwen3_8b,qwen3_8b,only_rgb,262160,1048640,15533248,249,30776,231384,0.8299040000565583,3.2950459996175834,8.062847999925888,8207914000,16450185280,1279439221312,8207651840,109.4543449999037,112.03674699936528
openmarcie_bicycle,mixed,deepconvlstm,openmarcie_bicycle__only_rgb__qwen3_8b,qwen3_8b,only_rgb,238412,953648,15119104,56724,238412,0,0.9122150004259311,18.122966999674542,52.397258000227026,8207890252,16450090288,1391705121920,8207651840,111.22428399994533,112.63829200015607
openmarcie_bicycle,mixed,unrestricted_bank,openmarcie_bicycle__only_rgb__qwen3_8b,qwen3_8b,only_rgb,262448,1049792,15631552,249,30776,231672,0.6017230007273611,2.9959650015701538,7.618117003320529,8207914288,16450186432,1279439319616,8207651840,109.4543449999037,111.59292499996809
openmarcie_bicycle,mixed,separate_banks,openmarcie_bicycle__only_rgb__qwen3_8b,qwen3_8b,only_rgb,256112,1024448,15533248,249,30776,225336,0.840364000396221,3.2266760005189337,7.850640000387083,8207907952,16450161088,1279439221312,8207651840,109.4543449999037,111.81680699974095
openmarcie_bicycle,mixed,fixed_resampling,openmarcie_bicycle__only_rgb__qwen3_8b,qwen3_8b,only_rgb,256112,1024448,8344768,249,30776,225336,0.8131840004352853,3.1138260016053447,7.5691580013053485,8207907952,16450161088,1279432032832,8207651840,109.4543449999037,111.49933499928011
openmarcie_bicycle,mixed,finetune_encoders,openmarcie_bicycle__only_rgb__qwen3_8b,qwen3_8b,only_rgb,256112,1024448,15533248,249,30776,225336,0.8461839997835341,3.242334999992023,7.866468000346666,8207907952,16450161088,1279439221312,8207651840,109.4543449999037,111.77965699971537
openmarcie_bicycle,mixed,no_alignment,openmarcie_bicycle__only_rgb__qwen3_8b,qwen3_8b,only_rgb,256112,1024448,15533248,249,30776,225336,0.8055039997998392,3.193284999393951,7.815496999600308,8207907952,16450161088,1279439221312,8207651840,109.4543449999037,111.82760599967878
openmarcie_bicycle,mixed,no_usage,openmarcie_bicycle__only_rgb__qwen3_8b,qwen3_8b,only_rgb,256112,1024448,15533248,249,30776,225336,0.8141540001815883,3.1978059993310364,7.817069999790855,8207907952,16450161088,1279439221312,8207651840,109.4543449999037,111.77497700009553
openmarcie_bicycle,mixed,tcn,openmarcie_bicycle__only_rgb__qwen3_8b,qwen3_8b,only_rgb,145560,582240,9186240,56724,145560,0,1.0152149998248206,18.226266000004113,52.499755998568304,8207797400,16449718880,1391699189056,8207651840,111.22428399994533,112.74374200002057
openmarcie_bicycle,mixed,ts_transformer,openmarcie_bicycle__only_rgb__qwen3_8b,qwen3_8b,only_rgb,158424,633696,10234816,56724,158424,0,1.1084660000051372,18.318795999169094,52.592225999277304,8207810264,16449770336,1391700237632,8207651840,111.22428399994533,112.88583299938182
openmarcie_bicycle,mixed,patchtst,openmarcie_bicycle__only_rgb__qwen3_8b,qwen3_8b,only_rgb,140152,560608,214665408,56724,140152,0,1.184245999866107,18.394806999770378,52.66847699915948,8207791992,16449697248,1041323109824,8207651840,109.04191299960075,110.99956299949554
openmarcie_bicycle,cuda,distrixsense,openmarcie_bicycle__only_spectrometer__qwen3_8b,qwen3_8b,only_spectrometer,39704,158816,1103424,81,28600,11104,0.5446429995572544,3.1082960004204185,3.1082960004204185,8207691544,16449295456,999224572352,8207651840,109.46943500039197,110.91686199961259
openmarcie_bicycle,cuda,dense,openmarcie_bicycle__only_spectrometer__qwen3_8b,qwen3_8b,only_spectrometer,35248,140992,2481728,4324,27576,7672,0.46161199952621246,6.290433999633696,6.290433999633696,8207687088,16449277632,1335685156288,8207651840,109.57651500029897,110.83814200082998
openmarcie_bicycle,cuda,dense_tokens,openmarcie_bicycle__only_spectrometer__qwen3_8b,qwen3_8b,only_spectrometer,37624,150496,1087040,1100,27576,10048,0.43450199973449344,3.7899839999180402,3.7899839999180402,8207689464,16449287136,999224555968,8207651840,109.46943500039197,110.80151100031799
openmarcie_bicycle,cuda,raw,openmarcie_bicycle__only_spectrometer__qwen3_8b,qwen3_8b,only_spectrometer,35248,140992,2481728,3100,35248,0,0.7917140001154621,5.357754000612186,5.357754000612186,8207687088,16449277632,1335685156288,8207651840,109.57651500029897,111.13067299993418
openmarcie_bicycle,cuda,early_fusion,openmarcie_bicycle__only_spectrometer__qwen3_8b,qwen3_8b,only_spectrometer,29104,116416,2090560,3100,29104,0,0.8215039997594431,5.3900240004045195,5.3900240004045195,8207680944,16449253056,1335684765120,8207651840,109.57651500029897,110.84351099998457
openmarcie_bicycle,cuda,late_fusion,openmarcie_bicycle__only_spectrometer__qwen3_8b,qwen3_8b,only_spectrometer,8068,32272,484608,96,0,8068,0.1181799998448696,2.5904819991093944,2.5904819991093944,8190743428,16381502992,1124741647616,8190735360,109.45729400009441,110.25505799989332
openmarcie_bicycle,cuda,local_only,openmarcie_bicycle__only_spectrometer__qwen3_8b,qwen3_8b,only_spectrometer,8068,32272,484608,52,0,8068,0.09051999950315803,2.534940999128122,2.534940999128122,8190743428,16381502992,1124741647616,8190735360,109.45729400009441,110.28259800059459
openmarcie_bicycle,cuda,bottleneck,openmarcie_bicycle__only_spectrometer__qwen3_8b,qwen3_8b,only_spectrometer,35540,142160,2498112,684,27736,7804,0.48134200005733874,3.437993999133166,3.437993999133166,8207687380,16449278800,1335685172672,8207651840,109.57651500029897,110.88380200089887
openmarcie_bicycle,cuda,tokenlearner,openmarcie_bicycle__only_spectrometer__qwen3_8b,qwen3_8b,only_spectrometer,36568,146272,1070656,1100,27576,8992,0.4376619999675313,3.7903540005526155,3.7903540005526155,8207688408,16449282912,999224539584,8207651840,109.46943500039197,110.76485100056743
openmarcie_bicycle,cuda,posthoc_vq,openmarcie_bicycle__only_spectrometer__qwen3_8b,qwen3_8b,only_spectrometer,37296,149184,2547264,192,28600,8696,0.5718929996874067,3.3101959994186414,3.3101959994186414,8207689136,16449285824,1335685221824,8207651840,109.57651500029897,111.17882299913617
openmarcie_bicycle,cuda,joint_vq,openmarcie_bicycle__only_spectrometer__qwen3_8b,qwen3_8b,only_spectrometer,39672,158688,1103424,81,28600,11072,0.5457629995362367,3.271806000186084,3.271806000186084,8207691512,16449295328,999224572352,8207651840,109.46943500039197,111.14192300010473
openmarcie_bicycle,cuda,deepconvlstm,openmarcie_bicycle__only_spectrometer__qwen3_8b,qwen3_8b,only_spectrometer,37316,149264,2319616,3100,37316,0,0.4679419998865342,5.038482000087679,5.038482000087679,8207689156,16449285904,1335684994176,8207651840,109.57651500029897,110.51357900123548
openmarcie_bicycle,cuda,unrestricted_bank,openmarcie_bicycle__only_spectrometer__qwen3_8b,qwen3_8b,only_spectrometer,39704,158816,1103424,81,28600,11104,0.4645219996746164,3.0396249995027436,3.0396249995027436,8207691544,16449295456,999224572352,8207651840,109.46943500039197,110.90177300047799
openmarcie_bicycle,cuda,separate_banks,openmarcie_bicycle__only_spectrometer__qwen3_8b,qwen3_8b,only_spectrometer,39704,158816,1103424,81,28600,11104,0.5542429998968146,3.126724998793984,3.126724998793984,8207691544,16449295456,999224572352,8207651840,109.46943500039197,111.1419630005912
openmarcie_bicycle,cuda,fixed_resampling,openmarcie_bicycle__only_spectrometer__qwen3_8b,qwen3_8b,only_spectrometer,39704,158816,1061952,81,28600,11104,0.5485419997057761,3.11646499997722,3.11646499997722,8207691544,16449295456,999224530880,8207651840,109.46943500039197,110.88468300022214
openmarcie_bicycle,cuda,finetune_encoders,openmarcie_bicycle__only_spectrometer__qwen3_8b,qwen3_8b,only_spectrometer,39704,158816,1103424,81,28600,11104,0.5382730005294434,3.1022050007158075,3.1022050007158075,8207691544,16449295456,999224572352,8207651840,109.46943500039197,110.9250619992963
openmarcie_bicycle,cuda,no_alignment,openmarcie_bicycle__only_spectrometer__qwen3_8b,qwen3_8b,only_spectrometer,39704,158816,1103424,81,28600,11104,0.5520529994100798,3.124954999322549,3.124954999322549,8207691544,16449295456,999224572352,8207651840,109.46943500039197,111.21277500024007
openmarcie_bicycle,cuda,no_usage,openmarcie_bicycle__only_spectrometer__qwen3_8b,qwen3_8b,only_spectrometer,39704,158816,1103424,81,28600,11104,0.5457620000015595,3.1087839998070965,3.1087839998070965,8207691544,16449295456,999224572352,8207651840,109.46943500039197,110.9207929994227
openmarcie_bicycle,cuda,tcn,openmarcie_bicycle__only_spectrometer__qwen3_8b,qwen3_8b,only_spectrometer,14992,59968,904512,3100,14992,0,0.5975029998808168,5.168713001181896,5.168713001181896,8207666832,16449196608,1335683579072,8207651840,109.57651500029897,110.61085000073945
openmarcie_bicycle,cuda,ts_transformer,openmarcie_bicycle__only_spectrometer__qwen3_8b,qwen3_8b,only_spectrometer,27856,111424,1953088,3100,27856,0,0.6867339998279931,5.251626000641846,5.251626000641846,8207679696,16449248064,1335684627648,8207651840,109.57651500029897,110.72053100087942
openmarcie_bicycle,cuda,patchtst,openmarcie_bicycle__only_spectrometer__qwen3_8b,qwen3_8b,only_spectrometer,27312,109248,8692288,3100,27312,0,0.7456540006387513,5.315044999803359,5.315044999803359,8207679152,16449245888,985227773248,8207651840,108.97103200022684,110.45512900000176
openmarcie_bicycle,mixed,distrixsense,openmarcie_bicycle__only_spectrometer__qwen3_8b,qwen3_8b,only_spectrometer,39704,158816,1103424,81,28600,11104,0.5501919995367643,2.869903999482526,2.869903999482526,8207691544,16449295456,999224572352,8207651840,109.46943500039197,110.78026100040006
openmarcie_bicycle,mixed,dense,openmarcie_bicycle__only_spectrometer__qwen3_8b,qwen3_8b,only_spectrometer,35248,140992,2481728,4324,27576,7672,0.5055629999333178,6.177904000064463,6.177904000064463,8207687088,16449277632,1335685156288,8207651840,109.57651500029897,110.72610999963217
openmarcie_bicycle,mixed,dense_tokens,openmarcie_bicycle__only_spectrometer__qwen3_8b,qwen3_8b,only_spectrometer,37624,150496,1087040,1100,27576,10048,0.44563199935510056,3.560712999383104,3.560712999383104,8207689464,16449287136,999224555968,8207651840,109.46943500039197,110.63616100091167
openmarcie_bicycle,mixed,raw,openmarcie_bicycle__only_spectrometer__qwen3_8b,qwen3_8b,only_spectrometer,35248,140992,2481728,3100,35248,0,0.7894039999882807,5.3118840000356435,5.3118840000356435,8207687088,16449277632,1335685156288,8207651840,109.57651500029897,110.7986710003388
openmarcie_bicycle,mixed,early_fusion,openmarcie_bicycle__only_spectrometer__qwen3_8b,qwen3_8b,only_spectrometer,29104,116416,2090560,3100,29104,0,0.8238139998866245,5.3378349998060735,5.3378349998060735,8207680944,16449253056,1335684765120,8207651840,109.57651500029897,110.81266200108075
openmarcie_bicycle,mixed,late_fusion,openmarcie_bicycle__only_spectrometer__qwen3_8b,qwen3_8b,only_spectrometer,8068,32272,484608,96,0,8068,0.08152000009431504,2.358191000498843,2.358191000498843,8190743428,16381502992,1124741647616,8190735360,109.45729400009441,110.12920700068207
openmarcie_bicycle,mixed,local_only,openmarcie_bicycle__only_spectrometer__qwen3_8b,qwen3_8b,only_spectrometer,8068,32272,484608,52,0,8068,0.14299099984782515,2.3923319997879675,2.3923319997879675,8190743428,16381502992,1124741647616,8190735360,109.45729400009441,110.15406800015626
openmarcie_bicycle,mixed,bottleneck,openmarcie_bicycle__only_spectrometer__qwen3_8b,qwen3_8b,only_spectrometer,35540,142160,2498112,684,27736,7804,0.4780629997185315,3.2464250000621426,3.2464250000621426,8207687380,16449278800,1335685172672,8207651840,109.57651500029897,110.75919099948806
openmarcie_bicycle,mixed,tokenlearner,openmarcie_bicycle__only_spectrometer__qwen3_8b,qwen3_8b,only_spectrometer,36568,146272,1070656,1100,27576,8992,0.5368320007619332,3.653253001170815,3.653253001170815,8207688408,16449282912,999224539584,8207651840,109.46943500039197,110.62651100110088
openmarcie_bicycle,mixed,posthoc_vq,openmarcie_bicycle__only_spectrometer__qwen3_8b,qwen3_8b,only_spectrometer,37296,149184,2547264,192,28600,8696,0.5676829996446031,3.0142239998698583,3.0142239998698583,8207689136,16449285824,1335685221824,8207651840,109.57651500029897,110.9925620003196
openmarcie_bicycle,mixed,joint_vq,openmarcie_bicycle__only_spectrometer__qwen3_8b,qwen3_8b,only_spectrometer,39672,158688,1103424,81,28600,11072,0.5503319998751977,2.979682999495603,2.979682999495603,8207691512,16449295328,999224572352,8207651840,109.46943500039197,110.87903099996765
openmarcie_bicycle,mixed,deepconvlstm,openmarcie_bicycle__only_spectrometer__qwen3_8b,qwen3_8b,only_spectrometer,37316,149264,2319616,3100,37316,0,0.4669720001402311,4.980911999552045,4.980911999552045,8207689156,16449285904,1335684994176,8207651840,109.57651500029897,110.45791900050972
openmarcie_bicycle,mixed,unrestricted_bank,openmarcie_bicycle__only_spectrometer__qwen3_8b,qwen3_8b,only_spectrometer,39704,158816,1103424,81,28600,11104,0.4665219994421932,2.8101730004272074,2.8101730004272074,8207691544,16449295456,999224572352,8207651840,109.46943500039197,110.71446200185164
openmarcie_bicycle,mixed,separate_banks,openmarcie_bicycle__only_spectrometer__qwen3_8b,qwen3_8b,only_spectrometer,39704,158816,1103424,81,28600,11104,0.5603919998975471,2.903232999444194,2.903232999444194,8207691544,16449295456,999224572352,8207651840,109.46943500039197,110.79869100012729
openmarcie_bicycle,mixed,fixed_resampling,openmarcie_bicycle__only_spectrometer__qwen3_8b,qwen3_8b,only_spectrometer,39704,158816,1061952,81,28600,11104,0.5480129993884475,2.8151239985453547,2.8151239985453547,8207691544,16449295456,999224530880,8207651840,109.46943500039197,110.70928200024355
openmarcie_bicycle,mixed,finetune_encoders,openmarcie_bicycle__only_spectrometer__qwen3_8b,qwen3_8b,only_spectrometer,39704,158816,1103424,81,28600,11104,0.5560019999393262,2.9011629995074006,2.9011629995074006,8207691544,16449295456,999224572352,8207651840,109.46943500039197,110.79168200012646
openmarcie_bicycle,mixed,no_alignment,openmarcie_bicycle__only_spectrometer__qwen3_8b,qwen3_8b,only_spectrometer,39704,158816,1103424,81,28600,11104,0.5532830000447575,2.89853400138953,2.89853400138953,8207691544,16449295456,999224572352,8207651840,109.46943500039197,110.7950930008883
openmarcie_bicycle,mixed,no_usage,openmarcie_bicycle__only_spectrometer__qwen3_8b,qwen3_8b,only_spectrometer,39704,158816,1103424,81,28600,11104,0.5463729994517053,2.889503999569465,2.889503999569465,8207691544,16449295456,999224572352,8207651840,109.46943500039197,110.79162200076098
openmarcie_bicycle,mixed,tcn,openmarcie_bicycle__only_spectrometer__qwen3_8b,qwen3_8b,only_spectrometer,14992,59968,904512,3100,14992,0,0.5950929999016807,5.10913299916545,5.10913299916545,8207666832,16449196608,1335683579072,8207651840,109.57651500029897,110.57932099993195
openmarcie_bicycle,mixed,ts_transformer,openmarcie_bicycle__only_spectrometer__qwen3_8b,qwen3_8b,only_spectrometer,27856,111424,1953088,3100,27856,0,0.7103039997673477,5.226583999898576,5.226583999898576,8207679696,16449248064,1335684627648,8207651840,109.57651500029897,110.66862999996374
openmarcie_bicycle,mixed,patchtst,openmarcie_bicycle__only_spectrometer__qwen3_8b,qwen3_8b,only_spectrometer,27312,109248,8692288,3100,27312,0,0.7485139994969359,5.266293999226473,5.266293999226473,8207679152,16449245888,985227773248,8207651840,108.97103200022684,110.10660800093319
openmarcie_bicycle,cuda,distrixsense,openmarcie_bicycle__only_temperature__qwen3_8b,qwen3_8b,only_temperature,35672,142688,848064,81,28600,7072,0.5477430004248163,3.109385000272491,3.109385000272491,8207687512,16449279328,999224316992,8207651840,109.46943500039197,110.91416199997184
openmarcie_bicycle,cuda,dense,openmarcie_bicycle__only_temperature__qwen3_8b,qwen3_8b,only_temperature,31216,124864,2226368,4324,27576,3640,0.46733199997106567,6.286383998808323,6.286383998808323,8207683056,16449261504,1335684900928,8207651840,109.57651500029897,110.82592099955946
openmarcie_bicycle,cuda,dense_tokens,openmarcie_bicycle__only_temperature__qwen3_8b,qwen3_8b,only_temperature,33592,134368,831680,1100,27576,6016,0.43807199926959584,3.7807539993035606,3.7807539993035606,8207685432,16449271008,999224300608,8207651840,109.46943500039197,110.76669200065226
openmarcie_bicycle,cuda,raw,openmarcie_bicycle__only_temperature__qwen3_8b,qwen3_8b,only_temperature,31216,124864,2226368,524,31216,0,0.7805240002198843,3.284664001435612,3.284664001435612,8207683056,16449261504,1335684900928,8207651840,109.57651500029897,110.80419100017025
openmarcie_bicycle,cuda,early_fusion,openmarcie_bicycle__only_temperature__qwen3_8b,qwen3_8b,only_temperature,27760,111040,2007232,524,27760,0,0.8096040000964422,3.3150540001913207,3.3150540001913207,8207679600,16449247680,1335684681792,8207651840,109.57651500029897,110.823299999538
openmarcie_bicycle,cuda,late_fusion,openmarcie_bicycle__only_temperature__qwen3_8b,qwen3_8b,only_temperature,4036,16144,229248,96,0,4036,0.07611999990331242,2.5413929993785103,2.5413929993785103,8190739396,16381486864,1138723760128,8190735360,109.0865419992042,109.87412499889615
openmarcie_bicycle,cuda,local_only,openmarcie_bicycle__only_temperature__qwen3_8b,qwen3_8b,only_temperature,4036,16144,229248,52,0,4036,0.10044100054074079,2.5391430010745184,2.5391430010745184,8190739396,16381486864,1138723760128,8190735360,109.0865419992042,109.89921599866648
openmarcie_bicycle,cuda,bottleneck,openmarcie_bicycle__only_temperature__qwen3_8b,qwen3_8b,only_temperature,31508,126032,2242752,684,27736,3772,0.47751300007803366,3.4243160000833335,3.4243160000833335,8207683348,16449262672,1335684917312,8207651840,109.57651500029897,110.86858199996641
openmarcie_bicycle,cuda,tokenlearner,openmarcie_bicycle__only_temperature__qwen3_8b,qwen3_8b,only_temperature,32536,130144,815296,1100,27576,4960,0.43700200058083283,3.7828240001498488,3.7828240001498488,8207684376,16449266784,999224284224,8207651840,109.46943500039197,110.75352100124292
openmarcie_bicycle,cuda,posthoc_vq,openmarcie_bicycle__only_temperature__qwen3_8b,qwen3_8b,only_temperature,33264,133056,2291904,192,28600,4664,0.5756529999416671,3.3280769999495474,3.3280769999495474,8207685104,16449269696,1335684966464,8207651840,109.57651500029897,111.17625299903011
openmarcie_bicycle,cuda,joint_vq,openmarcie_bicycle__only_temperature__qwen3_8b,qwen3_8b,only_temperature,35640,142560,848064,81,28600,7040,0.5452730001707096,3.2691059987263404,3.2691059987263404,8207687480,16449279200,999224316992,8207651840,109.46943500039197,111.0758929999065
openmarcie_bicycle,cuda,deepconvlstm,openmarcie_bicycle__only_temperature__qwen3_8b,qwen3_8b,only_temperature,33284,133136,2064256,524,33284,0,0.46673199994984316,2.9782119999396848,2.9782119999396848,8207685124,16449269776,1335684738816,8207651840,109.57651500029897,110.48456999924383
openmarcie_bicycle,cuda,unrestricted_bank,openmarcie_bicycle__only_temperature__qwen3_8b,qwen3_8b,only_temperature,35672,142688,848064,81,28600,7072,0.47054300011950545,3.0403949995451374,3.0403949995451374,8207687512,16449279328,999224316992,8207651840,109.46943500039197,110.85269300110667
openmarcie_bicycle,cuda,separate_banks,openmarcie_bicycle__only_temperature__qwen3_8b,qwen3_8b,only_temperature,35672,142688,848064,81,28600,7072,0.5603330000667484,3.1395759997684625,3.1395759997684625,8207687512,16449279328,999224316992,8207651840,109.46943500039197,110.92289200041705
openmarcie_bicycle,cuda,fixed_resampling,openmarcie_bicycle__only_temperature__qwen3_8b,qwen3_8b,only_temperature,35672,142688,846912,81,28600,7072,0.539662999472057,3.0717450008813874,3.0717450008813874,8207687512,16449279328,999224315840,8207651840,109.46943500039197,110.90625100041507
openmarcie_bicycle,cuda,finetune_encoders,openmarcie_bicycle__only_temperature__qwen3_8b,qwen3_8b,only_temperature,35672,142688,848064,81,28600,7072,0.5487030002768734,3.108456000547344,3.108456000547344,8207687512,16449279328,999224316992,8207651840,109.46943500039197,110.91691300043749
openmarcie_bicycle,cuda,no_alignment,openmarcie_bicycle__only_temperature__qwen3_8b,qwen3_8b,only_temperature,35672,142688,848064,81,28600,7072,0.5460229995151167,3.1130559991942253,3.1130559991942253,8207687512,16449279328,999224316992,8207651840,109.46943500039197,110.91259200020431
openmarcie_bicycle,cuda,no_usage,openmarcie_bicycle__only_temperature__qwen3_8b,qwen3_8b,only_temperature,35672,142688,848064,81,28600,7072,0.546192999536288,3.110355000018794,3.110355000018794,8207687512,16449279328,999224316992,8207651840,109.46943500039197,110.92226300115726
openmarcie_bicycle,cuda,tcn,openmarcie_bicycle__only_temperature__qwen3_8b,qwen3_8b,only_temperature,13648,54592,821184,524,13648,0,0.5912529995839577,3.0966729999960982,3.0966729999960982,8207665488,16449191232,1335683495744,8207651840,109.57651500029897,110.61268000048585
openmarcie_bicycle,cuda,ts_transformer,openmarcie_bicycle__only_temperature__qwen3_8b,qwen3_8b,only_temperature,26512,106048,1869760,524,26512,0,0.671712999974261,3.1752240010207053,3.1752240010207053,8207678352,16449242688,1335684544320,8207651840,109.57651500029897,110.70949000077235
openmarcie_bicycle,cuda,patchtst,openmarcie_bicycle__only_temperature__qwen3_8b,qwen3_8b,only_temperature,26640,106560,1087936,524,26640,0,0.7411139995383564,3.2464639988717856,3.2464639988717856,8207678480,16449243200,985220168896,8207651840,108.97103200022684,110.1451669992457
openmarcie_bicycle,mixed,distrixsense,openmarcie_bicycle__only_temperature__qwen3_8b,qwen3_8b,only_temperature,35672,142688,848064,81,28600,7072,0.557762999960687,2.8930649996544933,2.8930649996544933,8207687512,16449279328,999224316992,8207651840,109.46943500039197,110.79031200097234
openmarcie_bicycle,mixed,dense,openmarcie_bicycle__only_temperature__qwen3_8b,qwen3_8b,only_temperature,31216,124864,2226368,4324,27576,3640,0.46836299952701665,6.118922998534562,6.118922998534562,8207683056,16449261504,1335684900928,8207651840,109.57651500029897,110.73670000041602
openmarcie_bicycle,mixed,dense_tokens,openmarcie_bicycle__only_temperature__qwen3_8b,qwen3_8b,only_temperature,33592,134368,831680,1100,27576,6016,0.45023300026514335,3.587745000909199,3.587745000909199,8207685432,16449271008,999224300608,8207651840,109.46943500039197,110.63626100076362
openmarcie_bicycle,mixed,raw,openmarcie_bicycle__only_temperature__qwen3_8b,qwen3_8b,only_temperature,31216,124864,2226368,524,31216,0,0.7938340004329802,3.2525940004376928,3.2525940004376928,8207683056,16449261504,1335684900928,8207651840,109.57651500029897,110.78781100059132
openmarcie_bicycle,mixed,early_fusion,openmarcie_bicycle__only_temperature__qwen3_8b,qwen3_8b,only_temperature,27760,111040,2007232,524,27760,0,0.8122839999487041,3.2645939999526483,3.2645939999526483,8207679600,16449247680,1335684681792,8207651840,109.57651500029897,110.79575000076147
openmarcie_bicycle,mixed,late_fusion,openmarcie_bicycle__only_temperature__qwen3_8b,qwen3_8b,only_temperature,4036,16144,229248,96,0,4036,0.07591999928990845,2.3622809990822105,2.3622809990822105,8190739396,16381486864,1138723760128,8190735360,109.0865419992042,109.74828500002332
openmarcie_bicycle,mixed,local_only,openmarcie_bicycle__only_temperature__qwen3_8b,qwen3_8b,only_temperature,4036,16144,229248,52,0,4036,0.09078099992620992,2.3470120006709125,2.3470120006709125,8190739396,16381486864,1138723760128,8190735360,109.0865419992042,109.77648500011128
openmarcie_bicycle,mixed,bottleneck,openmarcie_bicycle__only_temperature__qwen3_8b,qwen3_8b,only_temperature,31508,126032,2242752,684,27736,3772,0.47696199999336386,3.227782998938917,3.227782998938917,8207683348,16449262672,1335684917312,8207651840,109.57651500029897,110.79766000057134
openmarcie_bicycle,mixed,tokenlearner,openmarcie_bicycle__only_temperature__qwen3_8b,qwen3_8b,only_temperature,32536,130144,815296,1100,27576,4960,0.4484630007937085,3.568764001097297,3.568764001097297,8207684376,16449266784,999224284224,8207651840,109.46943500039197,110.63426100008655
openmarcie_bicycle,mixed,posthoc_vq,openmarcie_bicycle__only_temperature__qwen3_8b,qwen3_8b,only_temperature,33264,133056,2291904,192,28600,4664,0.5820329997732188,3.0287439991101506,3.0287439991101506,8207685104,16449269696,1335684966464,8207651840,109.57651500029897,110.98861300069984
openmarcie_bicycle,mixed,joint_vq,openmarcie_bicycle__only_temperature__qwen3_8b,qwen3_8b,only_temperature,35640,142560,848064,81,28600,7040,0.5452030000014929,2.942135000950552,2.942135000950552,8207687480,16449279200,999224316992,8207651840,109.46943500039197,110.83843100004742
openmarcie_bicycle,mixed,deepconvlstm,openmarcie_bicycle__only_temperature__qwen3_8b,qwen3_8b,only_temperature,33284,133136,2064256,524,33284,0,0.46694299999217037,2.925173000144877,2.925173000144877,8207685124,16449269776,1335684738816,8207651840,109.57651500029897,110.44897000101628
openmarcie_bicycle,mixed,unrestricted_bank,openmarcie_bicycle__only_temperature__qwen3_8b,qwen3_8b,only_temperature,35672,142688,848064,81,28600,7072,0.46581199967477005,2.7834329985415796,2.7834329985415796,8207687512,16449279328,999224316992,8207651840,109.46943500039197,110.89222300051915
openmarcie_bicycle,mixed,separate_banks,openmarcie_bicycle__only_temperature__qwen3_8b,qwen3_8b,only_temperature,35672,142688,848064,81,28600,7072,0.5635730003632489,2.8934040001621586,2.8934040001621586,8207687512,16449279328,999224316992,8207651840,109.46943500039197,110.76980100096989
openmarcie_bicycle,mixed,fixed_resampling,openmarcie_bicycle__only_temperature__qwen3_8b,qwen3_8b,only_temperature,35672,142688,846912,81,28600,7072,0.5500029992617783,2.7964229994103196,2.7964229994103196,8207687512,16449279328,999224315840,8207651840,109.46943500039197,110.67730099966866
openmarcie_bicycle,mixed,finetune_encoders,openmarcie_bicycle__only_temperature__qwen3_8b,qwen3_8b,only_temperature,35672,142688,848064,81,28600,7072,0.5698830000255839,2.888236000246147,2.888236000246147,8207687512,16449279328,999224316992,8207651840,109.46943500039197,110.75640100170858
openmarcie_bicycle,mixed,no_alignment,openmarcie_bicycle__only_temperature__qwen3_8b,qwen3_8b,only_temperature,35672,142688,848064,81,28600,7072,0.5441120001705713,2.90606300043863,2.90606300043863,8207687512,16449279328,999224316992,8207651840,109.46943500039197,110.76115099967865
openmarcie_bicycle,mixed,no_usage,openmarcie_bicycle__only_temperature__qwen3_8b,qwen3_8b,only_temperature,35672,142688,848064,81,28600,7072,0.5587129999184981,2.8733750005193404,2.8733750005193404,8207687512,16449279328,999224316992,8207651840,109.46943500039197,110.99601200021425
openmarcie_bicycle,mixed,tcn,openmarcie_bicycle__only_temperature__qwen3_8b,qwen3_8b,only_temperature,13648,54592,821184,524,13648,0,0.5986230007692939,3.0515930001599365,3.0515930001599365,8207665488,16449191232,1335683495744,8207651840,109.57651500029897,110.5929199993625
openmarcie_bicycle,mixed,ts_transformer,openmarcie_bicycle__only_temperature__qwen3_8b,qwen3_8b,only_temperature,26512,106048,1869760,524,26512,0,0.709273999746074,3.1625039991155965,3.1625039991155965,8207678352,16449242688,1335684544320,8207651840,109.57651500029897,110.66771099922335
openmarcie_bicycle,mixed,patchtst,openmarcie_bicycle__only_temperature__qwen3_8b,qwen3_8b,only_temperature,26640,106560,1087936,524,26640,0,1.0224250008832314,3.474865000421868,3.474865000421868,8207678480,16449243200,985220168896,8207651840,108.97103200022684,110.10740699930466
openmarcie_bicycle,cuda,distrixsense,openmarcie_bicycle__only_thermal__qwen3_8b,qwen3_8b,only_thermal,72672,290688,3200064,81,28600,44072,0.5446030008897651,3.1375550006777164,3.1375550006777164,8207724512,16449427328,999226668992,8207651840,109.46943500039197,110.92147199997271
openmarcie_bicycle,cuda,dense,openmarcie_bicycle__only_thermal__qwen3_8b,qwen3_8b,only_thermal,68216,272864,4578368,4324,27576,40640,0.469722999696387,6.380987000152108,6.380987000152108,8207720056,16449409504,1335687252928,8207651840,109.57651500029897,110.85665200062067
openmarcie_bicycle,cuda,dense_tokens,openmarcie_bicycle__only_thermal__qwen3_8b,qwen3_8b,only_thermal,70592,282368,3183680,1100,27576,43016,0.4392629998619668,3.7979170001516467,3.7979170001516467,8207722432,16449419008,999226652608,8207651840,109.46943500039197,110.79675200016936
openmarcie_bicycle,cuda,raw,openmarcie_bicycle__only_thermal__qwen3_8b,qwen3_8b,only_thermal,68216,272864,4578368,15804,68216,0,0.8040639995670062,15.551723999896716,15.551723999896716,8207720056,16449409504,1335687252928,8207651840,109.57651500029897,110.85435100085306
openmarcie_bicycle,cuda,early_fusion,openmarcie_bicycle__only_thermal__qwen3_8b,qwen3_8b,only_thermal,48760,195040,3335232,15804,48760,0,0.8162240001183818,15.555834999622242,15.555834999622242,8207700600,16449331680,1335686009792,8207651840,109.57651500029897,110.849601001064
openmarcie_bicycle,cuda,late_fusion,openmarcie_bicycle__only_thermal__qwen3_8b,qwen3_8b,only_thermal,41036,164144,2581248,96,0,41036,0.07471000026271213,2.5552120010299375,2.5552120010299375,8190776396,16381634864,1124743744256,8190735360,109.45729400009441,110.2614880001056
openmarcie_bicycle,cuda,local_only,openmarcie_bicycle__only_thermal__qwen3_8b,qwen3_8b,only_thermal,41036,164144,2581248,52,0,41036,0.09021000005304813,2.5576910013728424,2.5576910013728424,8190776396,16381634864,1124743744256,8190735360,109.45729400009441,110.28480799905083
openmarcie_bicycle,cuda,bottleneck,openmarcie_bicycle__only_thermal__qwen3_8b,qwen3_8b,only_thermal,68508,274032,4594752,684,27736,40772,0.4709819995696307,3.424672999491147,3.424672999491147,8207720348,16449410672,1335687269312,8207651840,109.57651500029897,110.89990199980093
openmarcie_bicycle,cuda,tokenlearner,openmarcie_bicycle__only_thermal__qwen3_8b,qwen3_8b,only_thermal,69536,278144,3167296,1100,27576,41960,0.4403020002428093,3.808144000681641,3.808144000681641,8207721376,16449414784,999226636224,8207651840,109.46943500039197,110.78334100056964
openmarcie_bicycle,cuda,posthoc_vq,openmarcie_bicycle__only_thermal__qwen3_8b,qwen3_8b,only_thermal,70264,281056,4643904,192,28600,41664,0.5619229996227659,3.3106460001166793,3.3106460001166793,8207722104,16449417696,1335687318464,8207651840,109.57651500029897,111.16838399993867
openmarcie_bicycle,cuda,joint_vq,openmarcie_bicycle__only_thermal__qwen3_8b,qwen3_8b,only_thermal,72640,290560,3200064,81,28600,44040,0.5450329999803216,3.284126999489567,3.284126999489567,8207724480,16449427200,999226668992,8207651840,109.46943500039197,111.11198200069339
openmarcie_bicycle,cuda,deepconvlstm,openmarcie_bicycle__only_thermal__qwen3_8b,qwen3_8b,only_thermal,70284,281136,4416256,15804,70284,0,0.4772019992742571,15.215662999116397,15.215662999116397,8207722124,16449417776,1335687090816,8207651840,109.57651500029897,110.51674999998795
openmarcie_bicycle,cuda,unrestricted_bank,openmarcie_bicycle__only_thermal__qwen3_8b,qwen3_8b,only_thermal,72672,290688,3200064,81,28600,44072,0.4584819998854073,3.039675000792963,3.039675000792963,8207724512,16449427328,999226668992,8207651840,109.46943500039197,110.85047199958353
openmarcie_bicycle,cuda,separate_banks,openmarcie_bicycle__only_thermal__qwen3_8b,qwen3_8b,only_thermal,72672,290688,3200064,81,28600,44072,0.5572930003836518,3.1511849993256735,3.1511849993256735,8207724512,16449427328,999226668992,8207651840,109.46943500039197,110.97326199978852
openmarcie_bicycle,cuda,fixed_resampling,openmarcie_bicycle__only_thermal__qwen3_8b,qwen3_8b,only_thermal,72672,290688,2126912,81,28600,44072,0.5385129998103366,3.0904060004394385,3.0904060004394385,8207724512,16449427328,999225595840,8207651840,109.46943500039197,110.99769300017215
openmarcie_bicycle,cuda,finetune_encoders,openmarcie_bicycle__only_thermal__qwen3_8b,qwen3_8b,only_thermal,72672,290688,3200064,81,28600,44072,0.548632999198162,3.140297999408981,3.140297999408981,8207724512,16449427328,999226668992,8207651840,109.46943500039197,110.94462200162525
openmarcie_bicycle,cuda,no_alignment,openmarcie_bicycle__only_thermal__qwen3_8b,qwen3_8b,only_thermal,72672,290688,3200064,81,28600,44072,0.6652230003965087,3.255045000543655,3.255045000543655,8207724512,16449427328,999226668992,8207651840,109.46943500039197,110.94171300010203
openmarcie_bicycle,cuda,no_usage,openmarcie_bicycle__only_thermal__qwen3_8b,qwen3_8b,only_thermal,72672,290688,3200064,81,28600,44072,0.5459520007207175,3.1369050002757692,3.1369050002757692,8207724512,16449427328,999226668992,8207651840,109.46943500039197,110.96435300078156
openmarcie_bicycle,cuda,tcn,openmarcie_bicycle__only_thermal__qwen3_8b,qwen3_8b,only_thermal,34648,138592,2149184,15804,34648,0,0.5987829999867245,15.336692999744194,15.336692999744194,8207686488,16449275232,1335684823744,8207651840,109.57651500029897,110.62904099981097
openmarcie_bicycle,cuda,ts_transformer,openmarcie_bicycle__only_thermal__qwen3_8b,qwen3_8b,only_thermal,47512,190048,3197760,15804,47512,0,0.6765230000382871,15.421103001107916,15.421103001107916,8207699352,16449326688,1335685872320,8207651840,109.57651500029897,110.70832099994732
openmarcie_bicycle,cuda,patchtst,openmarcie_bicycle__only_thermal__qwen3_8b,qwen3_8b,only_thermal,43640,174560,47183936,15804,43640,0,0.7733539996479522,15.511754999215121,15.511754999215121,8207695480,16449311200,985266264896,8207651840,108.97103200022684,110.19446900081675
openmarcie_bicycle,mixed,distrixsense,openmarcie_bicycle__only_thermal__qwen3_8b,qwen3_8b,only_thermal,72672,290688,3200064,81,28600,44072,0.6635330000790418,3.063154999865114,3.063154999865114,8207724512,16449427328,999226668992,8207651840,109.46943500039197,110.81205200025579
openmarcie_bicycle,mixed,dense,openmarcie_bicycle__only_thermal__qwen3_8b,qwen3_8b,only_thermal,68216,272864,4578368,4324,27576,40640,0.46086199927231064,6.139942998156347,6.139942998156347,8207720056,16449409504,1335687252928,8207651840,109.57651500029897,110.76230100024986
openmarcie_bicycle,mixed,dense_tokens,openmarcie_bicycle__only_thermal__qwen3_8b,qwen3_8b,only_thermal,70592,282368,3183680,1100,27576,43016,0.4423320006026188,3.5995540001703192,3.5995540001703192,8207722432,16449419008,999226652608,8207651840,109.46943500039197,110.67320200072572
openmarcie_bicycle,mixed,raw,openmarcie_bicycle__only_thermal__qwen3_8b,qwen3_8b,only_thermal,68216,272864,4578368,15804,68216,0,0.8067139997365302,15.491393999445357,15.491393999445357,8207720056,16449409504,1335687252928,8207651840,109.57651500029897,110.8123109997905
openmarcie_bicycle,mixed,early_fusion,openmarcie_bicycle__only_thermal__qwen3_8b,qwen3_8b,only_thermal,48760,195040,3335232,15804,48760,0,0.8350940006494056,15.520294000315992,15.520294000315992,8207700600,16449331680,1335686009792,8207651840,109.57651500029897,110.81689099955838
openmarcie_bicycle,mixed,late_fusion,openmarcie_bicycle__only_thermal__qwen3_8b,qwen3_8b,only_thermal,41036,164144,2581248,96,0,41036,0.0746810001146514,2.3961219990862417,2.3961219990862417,8190776396,16381634864,1124743744256,8190735360,109.45729400009441,110.15488799966988
openmarcie_bicycle,mixed,local_only,openmarcie_bicycle__only_thermal__qwen3_8b,qwen3_8b,only_thermal,41036,164144,2581248,52,0,41036,0.09051999950315803,2.35613099927603,2.35613099927603,8190776396,16381634864,1124743744256,8190735360,109.45729400009441,110.1732670003912
openmarcie_bicycle,mixed,bottleneck,openmarcie_bicycle__only_thermal__qwen3_8b,qwen3_8b,only_thermal,68508,274032,4594752,684,27736,40772,0.472142999569769,3.24446499987155,3.24446499987155,8207720348,16449410672,1335687269312,8207651840,109.57651500029897,110.77405000014551
openmarcie_bicycle,mixed,tokenlearner,openmarcie_bicycle__only_thermal__qwen3_8b,qwen3_8b,only_thermal,69536,278144,3167296,1100,27576,41960,0.45245199999044416,3.575864000590518,3.575864000590518,8207721376,16449414784,999226636224,8207651840,109.46943500039197,110.63879999983328
openmarcie_bicycle,mixed,posthoc_vq,openmarcie_bicycle__only_thermal__qwen3_8b,qwen3_8b,only_thermal,70264,281056,4643904,192,28600,41664,0.5882329996893532,3.0575149999807705,3.0575149999807705,8207722104,16449417696,1335687318464,8207651840,109.57651500029897,111.05033300100331
openmarcie_bicycle,mixed,joint_vq,openmarcie_bicycle__only_thermal__qwen3_8b,qwen3_8b,only_thermal,72640,290560,3200064,81,28600,44040,0.5452420000437996,2.965933999832382,2.965933999832382,8207724480,16449427200,999226668992,8207651840,109.46943500039197,110.87620200032688
openmarcie_bicycle,mixed,deepconvlstm,openmarcie_bicycle__only_thermal__qwen3_8b,qwen3_8b,only_thermal,70284,281136,4416256,15804,70284,0,0.4766629999721772,15.160152999532805,15.160152999532805,8207722124,16449417776,1335687090816,8207651840,109.57651500029897,110.48936899987893
openmarcie_bicycle,mixed,unrestricted_bank,openmarcie_bicycle__only_thermal__qwen3_8b,qwen3_8b,only_thermal,72672,290688,3200064,81,28600,44072,0.46873199971741997,2.80451299934783,2.80451299934783,8207724512,16449427328,999226668992,8207651840,109.46943500039197,110.70886100060306
openmarcie_bicycle,mixed,separate_banks,openmarcie_bicycle__only_thermal__qwen3_8b,qwen3_8b,only_thermal,72672,290688,3200064,81,28600,44072,0.5946930004938622,2.9265140010755974,2.9265140010755974,8207724512,16449427328,999226668992,8207651840,109.46943500039197,110.82028200053173
openmarcie_bicycle,mixed,fixed_resampling,openmarcie_bicycle__only_thermal__qwen3_8b,qwen3_8b,only_thermal,72672,290688,2126912,81,28600,44072,0.5593930000031833,2.818322999730194,2.818322999730194,8207724512,16449427328,999225595840,8207651840,109.46943500039197,110.6925299991417
openmarcie_bicycle,mixed,finetune_encoders,openmarcie_bicycle__only_thermal__qwen3_8b,qwen3_8b,only_thermal,72672,290688,3200064,81,28600,44072,0.5488929991770419,2.8834869990822742,2.8834869990822742,8207724512,16449427328,999226668992,8207651840,109.46943500039197,110.79497100035951
openmarcie_bicycle,mixed,no_alignment,openmarcie_bicycle__only_thermal__qwen3_8b,qwen3_8b,only_thermal,72672,290688,3200064,81,28600,44072,0.5505730005097575,2.8866340008170344,2.8866340008170344,8207724512,16449427328,999226668992,8207651840,109.46943500039197,110.77628200109757
openmarcie_bicycle,mixed,no_usage,openmarcie_bicycle__only_thermal__qwen3_8b,qwen3_8b,only_thermal,72672,290688,3200064,81,28600,44072,0.5504130003828323,2.8971449992531095,2.8971449992531095,8207724512,16449427328,999226668992,8207651840,109.46943500039197,110.78298200118297
openmarcie_bicycle,mixed,tcn,openmarcie_bicycle__only_thermal__qwen3_8b,qwen3_8b,only_thermal,34648,138592,2149184,15804,34648,0,0.590163000197208,15.270593000286247,15.270593000286247,8207686488,16449275232,1335684823744,8207651840,109.57651500029897,110.65074000089226
openmarcie_bicycle,mixed,ts_transformer,openmarcie_bicycle__only_thermal__qwen3_8b,qwen3_8b,only_thermal,47512,190048,3197760,15804,47512,0,0.6915040003150352,15.371594001271227,15.371594001271227,8207699352,16449326688,1335685872320,8207651840,109.57651500029897,110.67603100036649
openmarcie_bicycle,mixed,patchtst,openmarcie_bicycle__only_thermal__qwen3_8b,qwen3_8b,only_thermal,43640,174560,47183936,15804,43640,0,0.7693930001551053,15.454563001048449,15.454563001048449,8207695480,16449311200,985266264896,8207651840,108.97103200022684,110.12661700078752
openmarcie_printer,cuda,distrixsense,openmarcie_printer__all__qwen3_8b,qwen3_8b,all,1379624,5518496,97098432,1634,48184,1331440,2.60490300024685,6.0983189992239,39.04702900400006,8209031464,16454655136,3538109470784,8207651840,115.6655459999456,128.62907300041115
openmarcie_printer,cuda,dense,openmarcie_printer__all__qwen3_8b,qwen3_8b,all,1294960,5179840,207336128,82156,28728,1266232,1.5639680004824186,11.535724000311783,100.04068900018687,8208946800,16454316480,10143960732736,8207651840,135.83843800006434,145.69852800013905
openmarcie_printer,cuda,dense_tokens,openmarcie_printer__all__qwen3_8b,qwen3_8b,all,1340104,5360416,96787136,20900,28728,1311376,1.4672270008304622,6.717453000817622,53.18895300169126,8208991944,16454497056,3538109159488,8207651840,115.6655459999456,126.62710199947469
openmarcie_printer,cuda,raw,openmarcie_printer__all__qwen3_8b,qwen3_8b,all,1294960,5179840,207336128,965612,1294960,0,6.309041999884357,321.3091939987306,806.5211080003857,8208946800,16454316480,10143960732736,8207651840,135.83843800006434,145.38765599991166
openmarcie_printer,cuda,early_fusion,openmarcie_printer__all__qwen3_8b,qwen3_8b,all,901168,3604672,57498304,965612,901168,0,4.624014000000898,319.64047699961054,804.8565850014776,8208553008,16452741312,1840485604416,8207651840,110.21002800043789,116.94654300026741
openmarcie_printer,cuda,late_fusion,openmarcie_printer__all__qwen3_8b,qwen3_8b,all,1273756,5095024,80640768,1824,0,1273756,0.3669019997687428,3.592616999938758,35.024158998955265,8192009116,16386565744,1628930225408,8190735360,110.19549899992853,118.24377999982971
openmarcie_printer,cuda,local_only,openmarcie_printer__all__qwen3_8b,qwen3_8b,all,1273756,5095024,80640768,988,0,1273756,0.6271929996728431,3.7951389995059466,34.738361997160744,8192009116,16386565744,1628930225408,8190735360,110.19549899992853,119.14229399917531
openmarcie_printer,cuda,bottleneck,openmarcie_printer__all__qwen3_8b,qwen3_8b,all,1300508,5202032,207647424,12996,31768,1268740,1.7099480000979383,5.899593998938194,45.451373999492276,8208952348,16454338672,10143961044032,8207651840,135.83843800006434,145.8537789994807
openmarcie_printer,cuda,tokenlearner,openmarcie_printer__all__qwen3_8b,qwen3_8b,all,1320040,5280160,96475840,20900,28728,1291312,1.4932670001144288,6.473842000048316,52.660926997842324,8208971880,16454416800,3538108848192,8207651840,115.6655459999456,126.77500199970382
openmarcie_printer,cuda,posthoc_vq,openmarcie_printer__all__qwen3_8b,qwen3_8b,all,1567344,6269376,208581312,4028,48184,1519160,2.8188240003146348,6.783481999894883,42.84520300145358,8209219184,16455406016,10143961977920,8207651840,135.83843800006434,150.95909500087146
openmarcie_printer,cuda,joint_vq,openmarcie_printer__all__qwen3_8b,qwen3_8b,all,1612488,6449952,97098432,1634,48184,1564304,2.611863000311132,6.6193420002800645,42.2409419998119,8209264328,16455586592,3538109470784,8207651840,115.6655459999456,132.02027999886923
openmarcie_printer,cuda,deepconvlstm,openmarcie_printer__all__qwen3_8b,qwen3_8b,all,1239428,4957712,78923008,965612,1239428,0,4.235031000462186,319.2423330010014,804.4885150022375,8208891268,16454094352,1840507029120,8207651840,110.21002800043789,116.83664200063504
openmarcie_printer,cuda,unrestricted_bank,openmarcie_printer__all__qwen3_8b,qwen3_8b,all,1740776,6963104,102701760,1634,48184,1692592,1.6251380002358928,5.085945000731933,38.164636998776395,8209392616,16456099744,3538115074112,8207651840,115.6655459999456,127.97253799999453
openmarcie_printer,cuda,separate_banks,openmarcie_printer__all__qwen3_8b,qwen3_8b,all,1379624,5518496,97098432,1634,48184,1331440,2.781464000690903,6.286440000198106,39.30973900151438,8209031464,16454655136,3538109470784,8207651840,115.6655459999456,129.1856950001602
openmarcie_printer,cuda,fixed_resampling,openmarcie_printer__all__qwen3_8b,qwen3_8b,all,1379624,5518496,46995648,1634,48184,1331440,2.662904000317212,6.087340000280144,38.504766001101224,8209031464,16454655136,3538059368000,8207651840,115.6655459999456,128.75126200015075
openmarcie_printer,cuda,finetune_encoders,openmarcie_printer__all__qwen3_8b,qwen3_8b,all,1379624,5518496,97098432,1634,48184,1331440,2.657922999787843,6.148938999589498,39.220988001038485,8209031464,16454655136,3538109470784,8207651840,115.6655459999456,129.19540400071128
openmarcie_printer,cuda,no_alignment,openmarcie_printer__all__qwen3_8b,qwen3_8b,all,1379624,5518496,97098432,1634,48184,1331440,2.7741339999920456,6.276990998716408,39.28901999552617,8209031464,16454655136,3538109470784,8207651840,115.6655459999456,128.96865400034585
openmarcie_printer,cuda,no_usage,openmarcie_printer__all__qwen3_8b,qwen3_8b,all,1379624,5518496,97098432,1634,48184,1331440,2.6855529995373217,6.179008999910345,39.193855997841446,8209031464,16454655136,3538109470784,8207651840,115.6655459999456,129.01839400001336
openmarcie_printer,cuda,tcn,openmarcie_printer__all__qwen3_8b,qwen3_8b,all,886480,3545920,56312256,965612,886480,0,4.361271999187011,319.35975499885797,804.5864899988438,8208538320,16452682560,1840484418368,8207651840,110.21002800043789,116.75807200026611
openmarcie_printer,cuda,ts_transformer,openmarcie_printer__all__qwen3_8b,qwen3_8b,all,899344,3597376,57360832,965612,899344,0,4.421591999744123,319.42475399859075,804.624665995295,8208551184,16452734016,1840485466944,8207651840,110.21002800043789,116.7836710001211
openmarcie_printer,cuda,patchtst,openmarcie_printer__all__qwen3_8b,qwen3_8b,all,815280,3261120,992372416,965612,815280,0,4.667453999900317,319.6829579991926,804.901843997147,8208467120,16452397760,1489895201728,8207651840,112.51244000050065,119.21959499977675
openmarcie_printer,mixed,distrixsense,openmarcie_printer__all__qwen3_8b,qwen3_8b,all,1379624,5518496,97098432,1634,48184,1331440,2.5963829993997933,5.626977999358112,34.87847899851184,8209031464,16454655136,3538109470784,8207651840,115.6655459999456,125.05983299979562
openmarcie_printer,mixed,dense,openmarcie_printer__all__qwen3_8b,qwen3_8b,all,1294960,5179840,207336128,82156,28728,1266232,1.6160389996002777,11.240772998605715,96.96396800011648,8208946800,16454316480,10143960732736,8207651840,135.83843800006434,142.82994299992424
openmarcie_printer,mixed,dense_tokens,openmarcie_printer__all__qwen3_8b,qwen3_8b,all,1340104,5360416,96787136,20900,28728,1311376,1.4793170003031264,6.030850999593676,48.70373100001481,8208991944,16454497056,3538109159488,8207651840,115.6655459999456,123.1582829996114
openmarcie_printer,mixed,raw,openmarcie_printer__all__qwen3_8b,qwen3_8b,all,1294960,5179840,207336128,965612,1294960,0,6.226131999937934,321.1452549994091,805.4356260010601,8208946800,16454316480,10143960732736,8207651840,135.83843800006434,143.7200179998399
openmarcie_printer,mixed,early_fusion,openmarcie_printer__all__qwen3_8b,qwen3_8b,all,901168,3604672,57498304,965612,901168,0,4.544022999652952,319.4636449997587,803.7556749997813,8208553008,16452741312,1840485604416,8207651840,110.21002800043789,116.03301800005283
openmarcie_printer,mixed,late_fusion,openmarcie_printer__all__qwen3_8b,qwen3_8b,all,1273756,5095024,80640768,1824,0,1273756,0.3696310004670522,3.2404149993257247,31.66514300248922,8192009116,16386565744,1628930225408,8190735360,110.19549899992853,115.62995700023748
openmarcie_printer,mixed,local_only,openmarcie_printer__all__qwen3_8b,qwen3_8b,all,1273756,5095024,80640768,988,0,1273756,0.6049130006431369,3.4128470015120578,31.340465003968482,8192009116,16386565744,1628930225408,8190735360,110.19549899992853,115.96237800040399
openmarcie_printer,mixed,bottleneck,openmarcie_printer__all__qwen3_8b,qwen3_8b,all,1300508,5202032,207647424,12996,31768,1268740,1.7180790000566049,5.539932999445277,42.05157899908728,8208952348,16454338672,10143961044032,8207651840,135.83843800006434,143.18694500070706
openmarcie_printer,mixed,tokenlearner,openmarcie_printer__all__qwen3_8b,qwen3_8b,all,1320040,5280160,96475840,20900,28728,1291312,1.478407000831794,6.036841001730645,48.66322900087718,8208971880,16454416800,3538108848192,8207651840,115.6655459999456,123.12740399920585
openmarcie_printer,mixed,posthoc_vq,openmarcie_printer__all__qwen3_8b,qwen3_8b,all,1567344,6269376,208581312,4028,48184,1519160,2.724693999880401,6.011879999908723,37.44340500136003,8209219184,16455406016,10143961977920,8207651840,135.83843800006434,146.28132099915092
openmarcie_printer,mixed,joint_vq,openmarcie_printer__all__qwen3_8b,qwen3_8b,all,1612488,6449952,97098432,1634,48184,1564304,2.581673000349838,5.7299680015912395,36.010515002094316,8209264328,16455586592,3538109470784,8207651840,115.6655459999456,126.44035100038309
openmarcie_printer,mixed,deepconvlstm,openmarcie_printer__all__qwen3_8b,qwen3_8b,all,1239428,4957712,78923008,965612,1239428,0,4.33357200017781,319.2588350001996,803.5524780018087,8208891268,16454094352,1840507029120,8207651840,110.21002800043789,115.75581600027363
openmarcie_printer,mixed,unrestricted_bank,openmarcie_printer__all__qwen3_8b,qwen3_8b,all,1740776,6963104,102701760,1634,48184,1692592,1.5921169997454854,4.614700999385584,33.868649999026076,8209392616,16456099744,3538115074112,8207651840,115.6655459999456,124.16531899998517
openmarcie_printer,mixed,separate_banks,openmarcie_printer__all__qwen3_8b,qwen3_8b,all,1379624,5518496,97098432,1634,48184,1331440,2.7672530004565488,5.8207470006291055,34.95874700093262,8209031464,16454655136,3538109470784,8207651840,115.6655459999456,125.20456499987631
openmarcie_printer,mixed,fixed_resampling,openmarcie_printer__all__qwen3_8b,qwen3_8b,all,1379624,5518496,46995648,1634,48184,1331440,2.6597339992804336,5.62194799889219,33.3974499990334,8209031464,16454655136,3538059368000,8207651840,115.6655459999456,123.52094600009877
openmarcie_printer,mixed,finetune_encoders,openmarcie_printer__all__qwen3_8b,qwen3_8b,all,1379624,5518496,97098432,1634,48184,1331440,2.828044999660051,5.842878999404982,34.976669000575185,8209031464,16454655136,3538109470784,8207651840,115.6655459999456,125.1300239991906
openmarcie_printer,mixed,no_alignment,openmarcie_printer__all__qwen3_8b,qwen3_8b,all,1379624,5518496,97098432,1634,48184,1331440,2.5670529994386015,5.5991869999470305,34.747008002345666,8209031464,16454655136,3538109470784,8207651840,115.6655459999456,125.08558300032746
openmarcie_printer,mixed,no_usage,openmarcie_printer__all__qwen3_8b,qwen3_8b,all,1379624,5518496,97098432,1634,48184,1331440,2.6600539995342842,5.674767999638768,34.81507700144428,8209031464,16454655136,3538109470784,8207651840,115.6655459999456,125.01970399989659
openmarcie_printer,mixed,tcn,openmarcie_printer__all__qwen3_8b,qwen3_8b,all,886480,3545920,56312256,965612,886480,0,4.3118820003655856,319.2364650003027,803.5290449990563,8208538320,16452682560,1840484418368,8207651840,110.21002800043789,115.81488700085174
openmarcie_printer,mixed,ts_transformer,openmarcie_printer__all__qwen3_8b,qwen3_8b,all,899344,3597376,57360832,965612,899344,0,4.39136199929635,319.3245749998267,803.619785998496,8208551184,16452734016,1840485466944,8207651840,110.21002800043789,117.31833400062897
openmarcie_printer,mixed,patchtst,openmarcie_printer__all__qwen3_8b,qwen3_8b,all,815280,3261120,992372416,965612,815280,0,4.692213999987871,319.618386999481,803.9176980011754,8208467120,16452397760,1489895201728,8207651840,112.51244000050065,118.43840900019131
openmarcie_printer,cuda,distrixsense,openmarcie_printer__only_audio__qwen3_8b,qwen3_8b,only_audio,740836,2963344,46156160,164,29688,711148,0.6830130005255342,3.3139460013754665,5.889708000420988,8208392676,16452099984,1139310752256,8207651840,109.0865419992042,111.31914399902598
openmarcie_printer,cuda,dense,openmarcie_printer__only_audio__qwen3_8b,qwen3_8b,only_audio,731924,2927696,49404288,8648,27640,704284,0.5247929993856815,6.3995049989487045,12.222496998865134,8208383764,16452064336,1813478119936,8207651840,112.04884800008585,113.86025700085156
openmarcie_printer,cuda,dense_tokens,openmarcie_printer__only_audio__qwen3_8b,qwen3_8b,only_audio,736676,2946704,46123392,2200,27640,709036,0.5149819999132887,3.91970600048342,7.278928001132735,8208388516,16452083344,1139310719488,8207651840,109.0865419992042,111.0521719983808
openmarcie_printer,cuda,raw,openmarcie_printer__only_audio__qwen3_8b,qwen3_8b,only_audio,731924,2927696,49404288,780968,731924,0,1.1526660000527045,315.7891179998286,630.2827179996509,8208383764,16452064336,1813478119936,8207651840,112.04884800008585,113.947847999043
openmarcie_printer,cuda,early_fusion,openmarcie_printer__only_audio__qwen3_8b,qwen3_8b,only_audio,594164,2376656,38121856,780968,594164,0,1.0648950001268531,315.6926259998171,630.1908670001264,8208246004,16451513296,1363722101248,8207651840,109.40757400021539,111.20258299979469
openmarcie_printer,cuda,late_fusion,openmarcie_printer__only_audio__qwen3_8b,qwen3_8b,only_audio,705076,2820304,44935936,192,0,705076,0.099490999673435,2.6243929992826422,5.093935999985109,8191440436,16384291024,1152752014336,8190735360,109.5203249997212,110.82302199974947
openmarcie_printer,cuda,local_only,openmarcie_printer__only_audio__qwen3_8b,qwen3_8b,only_audio,705076,2820304,44935936,104,0,705076,0.1281810000364203,2.6199620008514843,5.064365000666806,8191440436,16384291024,1152752014336,8190735360,109.5203249997212,110.8487609990334
openmarcie_printer,cuda,bottleneck,openmarcie_printer__only_audio__qwen3_8b,qwen3_8b,only_audio,732508,2930032,49437056,1368,27960,704548,0.5456219996631262,3.552073000965745,6.508096001691278,8208384348,16452066672,1813478152704,8207651840,112.04884800008585,113.92997799976001
openmarcie_printer,cuda,tokenlearner,openmarcie_printer__only_audio__qwen3_8b,qwen3_8b,only_audio,734564,2938256,46090624,2200,27640,706924,0.5132129999765311,3.9138149995732237,7.264316999671573,8208386404,16452074896,1139310686720,8207651840,109.0865419992042,111.21991299842193
openmarcie_printer,cuda,posthoc_vq,openmarcie_printer__only_audio__qwen3_8b,qwen3_8b,only_audio,738068,2952272,49535360,392,29688,708380,0.6933240001671948,3.4950970000748174,6.231771000397706,8208389908,16452088912,1813478251008,8207651840,112.04884800008585,114.46426000020438
openmarcie_printer,cuda,joint_vq,openmarcie_printer__only_audio__qwen3_8b,qwen3_8b,only_audio,742820,2971280,46156160,164,29688,713132,0.6788840000808705,3.6061189997181877,6.331862000177544,8208394660,16452107920,1139310752256,8207651840,109.0865419992042,111.65765499936242
openmarcie_printer,cuda,deepconvlstm,openmarcie_printer__only_audio__qwen3_8b,qwen3_8b,only_audio,730792,2923168,46573568,780968,730792,0,0.7126639993657591,315.3532659989095,629.8523059984998,8208382632,16452059808,1363730552960,8207651840,109.40757400021539,110.87322100138408
openmarcie_printer,cuda,unrestricted_bank,openmarcie_printer__only_audio__qwen3_8b,qwen3_8b,only_audio,742948,2971792,46188928,164,29688,713260,0.532351999936509,3.1697350007872096,5.746977001461538,8208394788,16452108432,1139310785024,8207651840,109.0865419992042,111.20063300040783
openmarcie_printer,cuda,separate_banks,openmarcie_printer__only_audio__qwen3_8b,qwen3_8b,only_audio,740836,2963344,46156160,164,29688,711148,0.7003430000622757,3.330255998966191,5.901598998814926,8208392676,16452099984,1139310752256,8207651840,109.0865419992042,111.32772399923851
openmarcie_printer,cuda,fixed_resampling,openmarcie_printer__only_audio__qwen3_8b,qwen3_8b,only_audio,740836,2963344,12141696,164,29688,711148,0.6768840003132937,3.2519960007758577,5.775798000893893,8208392676,16452099984,1139276737792,8207651840,109.0865419992042,111.19923299975198
openmarcie_printer,cuda,finetune_encoders,openmarcie_printer__only_audio__qwen3_8b,qwen3_8b,only_audio,740836,2963344,46156160,164,29688,711148,0.684804000229633,3.3161580007200477,5.887571000737999,8208392676,16452099984,1139310752256,8207651840,109.0865419992042,111.30664199936291
openmarcie_printer,cuda,no_alignment,openmarcie_printer__only_audio__qwen3_8b,qwen3_8b,only_audio,740836,2963344,46156160,164,29688,711148,0.6738040001437184,3.305217999999609,5.874441999974998,8208392676,16452099984,1139310752256,8207651840,109.0865419992042,111.30565399980696
openmarcie_printer,cuda,no_usage,openmarcie_printer__only_audio__qwen3_8b,qwen3_8b,only_audio,740836,2963344,46156160,164,29688,711148,0.6863739999971585,3.3985869998415232,5.961728999562375,8208392676,16452099984,1139310752256,8207651840,109.0865419992042,111.3227719988572
openmarcie_printer,cuda,tcn,openmarcie_printer__only_audio__qwen3_8b,qwen3_8b,only_audio,580020,2320080,36935808,780968,580020,0,0.8438650002062786,315.47352699993905,629.9680970004172,8208231860,16451456720,1363720915200,8207651840,109.40757400021539,110.97121200054971
openmarcie_printer,cuda,ts_transformer,openmarcie_printer__only_audio__qwen3_8b,qwen3_8b,only_audio,592884,2371536,37984384,780968,592884,0,0.9214149995386833,315.5519859992081,630.0497969986079,8208244724,16451508176,1363721963776,8207651840,109.40757400021539,111.08053199950518
openmarcie_printer,cuda,patchtst,openmarcie_printer__only_audio__qwen3_8b,qwen3_8b,only_audio,560180,2240720,404298112,780968,560180,0,0.9956650001186063,315.62670600027457,630.1268770001823,8208212020,16451377360,1013565701504,8207651840,108.77114100003382,110.5120000001989
openmarcie_printer,mixed,distrixsense,openmarcie_printer__only_audio__qwen3_8b,qwen3_8b,only_audio,740836,2963344,46156160,164,29688,711148,0.6905829995957902,3.1393249995145247,5.5315759997649465,8208392676,16452099984,1139310752256,8207651840,109.0865419992042,111.08822299866006
openmarcie_printer,mixed,dense,openmarcie_printer__only_audio__qwen3_8b,qwen3_8b,only_audio,731924,2927696,49404288,8648,27640,704284,0.5296429999361862,6.290304999633681,12.0028869993889,8208383764,16452064336,1813478119936,8207651840,112.04884800008585,113.72675699931278
openmarcie_printer,mixed,dense_tokens,openmarcie_printer__only_audio__qwen3_8b,qwen3_8b,only_audio,736676,2946704,46123392,2200,27640,709036,0.5176619997655507,3.7552439998716,6.940655999633018,8208388516,16452083344,1139310719488,8207651840,109.0865419992042,110.8370809988628
openmarcie_printer,mixed,raw,openmarcie_printer__only_audio__qwen3_8b,qwen3_8b,only_audio,731924,2927696,49404288,780968,731924,0,1.1679359995468985,315.724606998573,630.144226998598,8208383764,16452064336,1813478119936,8207651840,112.04884800008585,113.8315660009539
openmarcie_printer,mixed,early_fusion,openmarcie_printer__only_audio__qwen3_8b,qwen3_8b,only_audio,594164,2376656,38121856,780968,594164,0,1.0654259995135362,315.61848700033704,630.0379470002351,8208246004,16451513296,1363722101248,8207651840,109.40757400021539,111.1082429997623
openmarcie_printer,mixed,late_fusion,openmarcie_printer__only_audio__qwen3_8b,qwen3_8b,only_audio,705076,2820304,44935936,192,0,705076,0.09207000039168634,2.4864029997526784,4.8322739995732205,8191440436,16384291024,1152752014336,8190735360,109.5203249997212,110.6586799987781
openmarcie_printer,mixed,local_only,openmarcie_printer__only_audio__qwen3_8b,qwen3_8b,only_audio,705076,2820304,44935936,104,0,705076,0.1291210000999854,2.487131999503146,4.802292999133863,8191440436,16384291024,1152752014336,8190735360,109.5203249997212,110.71562099914445
openmarcie_printer,mixed,bottleneck,openmarcie_printer__only_audio__qwen3_8b,qwen3_8b,only_audio,732508,2930032,49437056,1368,27960,704548,0.5612229997495888,3.432834000042046,6.251195000497368,8208384348,16452066672,1813478152704,8207651840,112.04884800008585,113.90317699988373
openmarcie_printer,mixed,tokenlearner,openmarcie_printer__only_audio__qwen3_8b,qwen3_8b,only_audio,734564,2938256,46090624,2200,27640,706924,0.5212420001043938,3.750524000674777,6.932275001408707,8208386404,16452074896,1139310686720,8207651840,109.0865419992042,110.83711099945504
openmarcie_printer,mixed,posthoc_vq,openmarcie_printer__only_audio__qwen3_8b,qwen3_8b,only_audio,738068,2952272,49535360,392,29688,708380,0.7057040002109716,3.525188000628329,6.20130100066904,8208389908,16452088912,1813478251008,8207651840,112.04884800008585,114.20632900080818
openmarcie_printer,mixed,joint_vq,openmarcie_printer__only_audio__qwen3_8b,qwen3_8b,only_audio,742820,2971280,46156160,164,29688,713132,0.7037340001261327,3.2348869993567,5.700948998008435,8208394660,16452107920,1139310752256,8207651840,109.0865419992042,111.25707299925125
openmarcie_printer,mixed,deepconvlstm,openmarcie_printer__only_audio__qwen3_8b,qwen3_8b,only_audio,730792,2923168,46573568,780968,730792,0,0.7226540001283865,315.2722750009515,629.6920850007862,8208382632,16452059808,1363730552960,8207651840,109.40757400021539,110.72389100081637
openmarcie_printer,mixed,unrestricted_bank,openmarcie_printer__only_audio__qwen3_8b,qwen3_8b,only_audio,742948,2971792,46188928,164,29688,713260,0.5432529997051461,3.138286000043177,5.609708000218426,8208394788,16452108432,1139310785024,8207651840,109.0865419992042,111.13307299910957
openmarcie_printer,mixed,separate_banks,openmarcie_printer__only_audio__qwen3_8b,qwen3_8b,only_audio,740836,2963344,46156160,164,29688,711148,0.714534000508138,3.2255950012168846,5.619867000558052,8208392676,16452099984,1139310752256,8207651840,109.0865419992042,111.12379199948919
openmarcie_printer,mixed,fixed_resampling,openmarcie_printer__only_audio__qwen3_8b,qwen3_8b,only_audio,740836,2963344,12141696,164,29688,711148,0.6872939993627369,3.081485998640442,5.414366999201057,8208392676,16452099984,1139276737792,8207651840,109.0865419992042,110.84277099962492
openmarcie_printer,mixed,finetune_encoders,openmarcie_printer__only_audio__qwen3_8b,qwen3_8b,only_audio,740836,2963344,46156160,164,29688,711148,0.6811129997004173,3.118574000231188,5.503794999338616,8208392676,16452099984,1139310752256,8207651840,109.0865419992042,111.0887829991043
openmarcie_printer,mixed,no_alignment,openmarcie_printer__only_audio__qwen3_8b,qwen3_8b,only_audio,740836,2963344,46156160,164,29688,711148,0.9822850006457884,3.4281870005853357,5.814489000538934,8208392676,16452099984,1139310752256,8207651840,109.0865419992042,111.08933199921012
openmarcie_printer,mixed,no_usage,openmarcie_printer__only_audio__qwen3_8b,qwen3_8b,only_audio,740836,2963344,46156160,164,29688,711148,0.7061229998726049,3.1564049989666323,5.55026699991523,8208392676,16452099984,1139310752256,8207651840,109.0865419992042,111.10223299874633
openmarcie_printer,mixed,tcn,openmarcie_printer__only_audio__qwen3_8b,qwen3_8b,only_audio,580020,2320080,36935808,780968,580020,0,1.104245999158593,315.66209699934814,630.0898770003894,8208231860,16451456720,1363720915200,8207651840,109.40757400021539,111.04279200117162
openmarcie_printer,mixed,ts_transformer,openmarcie_printer__only_audio__qwen3_8b,qwen3_8b,only_audio,592884,2371536,37984384,780968,592884,0,0.9167050002361066,315.4776950013355,629.9058960020172,8208244724,16451508176,1363721963776,8207651840,109.40757400021539,111.18284300027881
openmarcie_printer,mixed,patchtst,openmarcie_printer__only_audio__qwen3_8b,qwen3_8b,only_audio,560180,2240720,404298112,780968,560180,0,0.9998449995691772,315.5542359999698,629.9789359990225,8208212020,16451377360,1013565701504,8207651840,108.77114100003382,110.36577799950464
openmarcie_printer,cuda,distrixsense,openmarcie_printer__only_barometer__qwen3_8b,qwen3_8b,only_barometer,35502,142008,837312,81,28600,6902,0.538613000571786,3.1004350012443727,3.1004350012443727,8207687342,16449278648,999224306240,8207651840,109.46943500039197,110.90297299961094
openmarcie_printer,cuda,dense,openmarcie_printer__only_barometer__qwen3_8b,qwen3_8b,only_barometer,31046,124184,2215616,4324,27576,3470,0.4681919999711681,6.287384999591031,6.287384999591031,8207682886,16449260824,1335684890176,8207651840,109.57651500029897,110.84775099971012
openmarcie_printer,cuda,dense_tokens,openmarcie_printer__only_barometer__qwen3_8b,qwen3_8b,only_barometer,33422,133688,820928,1100,27576,5846,0.4419429997142288,3.803865000004298,3.803865000004298,8207685262,16449270328,999224289856,8207651840,109.46943500039197,110.77719100103423
openmarcie_printer,cuda,raw,openmarcie_printer__only_barometer__qwen3_8b,qwen3_8b,only_barometer,31046,124184,2215616,404,31046,0,0.966954999967129,3.3756250001253676,3.3756250001253676,8207682886,16449260824,1335684890176,8207651840,109.57651500029897,110.80503100038186
openmarcie_printer,cuda,early_fusion,openmarcie_printer__only_barometer__qwen3_8b,qwen3_8b,only_barometer,27718,110872,2004672,404,27718,0,0.8180349996109726,3.226294999557652,3.226294999557652,8207679558,16449247512,1335684679232,8207651840,109.57651500029897,110.83394200068142
openmarcie_printer,cuda,late_fusion,openmarcie_printer__only_barometer__qwen3_8b,qwen3_8b,only_barometer,3866,15464,218496,96,0,3866,0.07438100055878749,2.5356820002027205,2.5356820002027205,8190739226,16381486184,1124741381504,8190735360,109.45729400009441,110.24434800037852
openmarcie_printer,cuda,local_only,openmarcie_printer__only_barometer__qwen3_8b,qwen3_8b,only_barometer,3866,15464,218496,52,0,3866,0.10087100054079201,2.53563200046072,2.53563200046072,8190739226,16381486184,1124741381504,8190735360,109.45729400009441,110.29423800027871
openmarcie_printer,cuda,bottleneck,openmarcie_printer__only_barometer__qwen3_8b,qwen3_8b,only_barometer,31338,125352,2232000,684,27736,3602,0.47832299969741143,3.4196349982003333,3.4196349982003333,8207683178,16449261992,1335684906560,8207651840,109.57651500029897,110.93836200052465
openmarcie_printer,cuda,tokenlearner,openmarcie_printer__only_barometer__qwen3_8b,qwen3_8b,only_barometer,32366,129464,804544,1100,27576,4790,0.4392419996293029,3.7748039985625654,3.7748039985625654,8207684206,16449266104,999224273472,8207651840,109.46943500039197,110.7805620004001
openmarcie_printer,cuda,posthoc_vq,openmarcie_printer__only_barometer__qwen3_8b,qwen3_8b,only_barometer,33094,132376,2281152,192,28600,4494,0.5815129998154589,3.3248350005836924,3.3248350005836924,8207684934,16449269016,1335684955712,8207651840,109.57651500029897,111.17390399977012
openmarcie_printer,cuda,joint_vq,openmarcie_printer__only_barometer__qwen3_8b,qwen3_8b,only_barometer,35470,141880,837312,81,28600,6870,0.5427630003396189,3.2569060004169703,3.2569060004169703,8207687310,16449278520,999224306240,8207651840,109.46943500039197,111.07694300062576
openmarcie_printer,cuda,deepconvlstm,openmarcie_printer__only_barometer__qwen3_8b,qwen3_8b,only_barometer,33114,132456,2053504,404,33114,0,0.4574020003929036,2.8703030008266097,2.8703030008266097,8207684954,16449269096,1335684728064,8207651840,109.57651500029897,110.4972489993088
openmarcie_printer,cuda,unrestricted_bank,openmarcie_printer__only_barometer__qwen3_8b,qwen3_8b,only_barometer,35502,142008,837312,81,28600,6902,0.49133299944514874,3.054537000054447,3.054537000054447,8207687342,16449278648,999224306240,8207651840,109.46943500039197,110.84862200095813
openmarcie_printer,cuda,separate_banks,openmarcie_printer__only_barometer__qwen3_8b,qwen3_8b,only_barometer,35502,142008,837312,81,28600,6902,0.6747429997631116,3.2382749996321625,3.2382749996321625,8207687342,16449278648,999224306240,8207651840,109.46943500039197,110.91530199973931
openmarcie_printer,cuda,fixed_resampling,openmarcie_printer__only_barometer__qwen3_8b,qwen3_8b,only_barometer,35502,142008,836672,81,28600,6902,0.5428320000646636,3.0720340000988333,3.0720340000988333,8207687342,16449278648,999224305600,8207651840,109.46943500039197,110.89781200007565
openmarcie_printer,cuda,finetune_encoders,openmarcie_printer__only_barometer__qwen3_8b,qwen3_8b,only_barometer,35502,142008,837312,81,28600,6902,0.5393730007199338,3.1152470010346267,3.1152470010346267,8207687342,16449278648,999224306240,8207651840,109.46943500039197,110.91806300009921
openmarcie_printer,cuda,no_alignment,openmarcie_printer__only_barometer__qwen3_8b,qwen3_8b,only_barometer,35502,142008,837312,81,28600,6902,0.5400930003816029,3.1185059997659526,3.1185059997659526,8207687342,16449278648,999224306240,8207651840,109.46943500039197,110.90478200094367
openmarcie_printer,cuda,no_usage,openmarcie_printer__only_barometer__qwen3_8b,qwen3_8b,only_barometer,35502,142008,837312,81,28600,6902,0.5409129998952267,3.1019360012868535,3.1019360012868535,8207687342,16449278648,999224306240,8207651840,109.46943500039197,110.90679200060549
openmarcie_printer,cuda,tcn,openmarcie_printer__only_barometer__qwen3_8b,qwen3_8b,only_barometer,13606,54424,818624,404,13606,0,0.6002330001138034,3.00917400058934,3.00917400058934,8207665446,16449191064,1335683493184,8207651840,109.57651500029897,110.66004999975121
openmarcie_printer,cuda,ts_transformer,openmarcie_printer__only_barometer__qwen3_8b,qwen3_8b,only_barometer,26470,105880,1867200,404,26470,0,0.6763239998690551,3.083203999857872,3.083203999857872,8207678310,16449242520,1335684541760,8207651840,109.57651500029897,110.69525000038993
openmarcie_printer,cuda,patchtst,openmarcie_printer__only_barometer__qwen3_8b,qwen3_8b,only_barometer,26630,106520,727232,404,26630,0,0.7336329999816371,3.1400129988916916,3.1400129988916916,8207678470,16449243160,985219808192,8207651840,108.97103200022684,110.11883700030012
openmarcie_printer,mixed,distrixsense,openmarcie_printer__only_barometer__qwen3_8b,qwen3_8b,only_barometer,35502,142008,837312,81,28600,6902,0.5840929998157662,2.9608740005932166,2.9608740005932166,8207687342,16449278648,999224306240,8207651840,109.46943500039197,110.82340200027829
openmarcie_printer,mixed,dense,openmarcie_printer__only_barometer__qwen3_8b,qwen3_8b,only_barometer,31046,124184,2215616,4324,27576,3470,0.46314199971675407,6.105443000119284,6.105443000119284,8207682886,16449260824,1335684890176,8207651840,109.57651500029897,110.74084200117795
openmarcie_printer,mixed,dense_tokens,openmarcie_printer__only_barometer__qwen3_8b,qwen3_8b,only_barometer,33422,133688,820928,1100,27576,5846,0.44185300066601485,3.556843999826815,3.556843999826815,8207685262,16449270328,999224289856,8207651840,109.46943500039197,110.65844100085087
openmarcie_printer,mixed,raw,openmarcie_printer__only_barometer__qwen3_8b,qwen3_8b,only_barometer,31046,124184,2215616,404,31046,0,0.8113240000966471,3.1680140006294124,3.1680140006294124,8207682886,16449260824,1335684890176,8207651840,109.57651500029897,110.78564099989308
openmarcie_printer,mixed,early_fusion,openmarcie_printer__only_barometer__qwen3_8b,qwen3_8b,only_barometer,27718,110872,2004672,404,27718,0,0.8158240007105633,3.172675000904931,3.172675000904931,8207679558,16449247512,1335684679232,8207651840,109.57651500029897,110.79774100107898
openmarcie_printer,mixed,late_fusion,openmarcie_printer__only_barometer__qwen3_8b,qwen3_8b,only_barometer,3866,15464,218496,96,0,3866,0.07563999952253653,2.352960999419517,2.352960999419517,8190739226,16381486184,1124741381504,8190735360,109.45729400009441,110.1476769990768
openmarcie_printer,mixed,local_only,openmarcie_printer__only_barometer__qwen3_8b,qwen3_8b,only_barometer,3866,15464,218496,52,0,3866,0.0909610007511219,2.331452000605606,2.331452000605606,8190739226,16381486184,1124741381504,8190735360,109.45729400009441,110.1609469997129
openmarcie_printer,mixed,bottleneck,openmarcie_printer__only_barometer__qwen3_8b,qwen3_8b,only_barometer,31338,125352,2232000,684,27736,3602,0.4714130000138539,3.2213749984939817,3.2213749984939817,8207683178,16449261992,1335684906560,8207651840,109.57651500029897,110.76687000058882
openmarcie_printer,mixed,tokenlearner,openmarcie_printer__only_barometer__qwen3_8b,qwen3_8b,only_barometer,32366,129464,804544,1100,27576,4790,0.44009199973515933,3.5482329994873725,3.5482329994873725,8207684206,16449266104,999224273472,8207651840,109.46943500039197,110.62228100036009
openmarcie_printer,mixed,posthoc_vq,openmarcie_printer__only_barometer__qwen3_8b,qwen3_8b,only_barometer,33094,132376,2281152,192,28600,4494,0.5704830000468064,3.017274999891373,3.017274999891373,8207684934,16449269016,1335684955712,8207651840,109.57651500029897,110.96193100092933
openmarcie_printer,mixed,joint_vq,openmarcie_printer__only_barometer__qwen3_8b,qwen3_8b,only_barometer,35470,141880,837312,81,28600,6870,0.5550320001930231,2.94481299991447,2.94481299991447,8207687310,16449278520,999224306240,8207651840,109.46943500039197,110.83855200104153
openmarcie_printer,mixed,deepconvlstm,openmarcie_printer__only_barometer__qwen3_8b,qwen3_8b,only_barometer,33114,132456,2053504,404,33114,0,0.4664719999709632,2.8229519999960786,2.8229519999960786,8207684954,16449269096,1335684728064,8207651840,109.57651500029897,110.44905000017025
openmarcie_printer,mixed,unrestricted_bank,openmarcie_printer__only_barometer__qwen3_8b,qwen3_8b,only_barometer,35502,142008,837312,81,28600,6902,0.458321999758482,2.778793000317714,2.778793000317714,8207687342,16449278648,999224306240,8207651840,109.46943500039197,110.68219100070564
openmarcie_printer,mixed,separate_banks,openmarcie_printer__only_barometer__qwen3_8b,qwen3_8b,only_barometer,35502,142008,837312,81,28600,6902,0.5642229998557013,2.8802540009854827,2.8802540009854827,8207687342,16449278648,999224306240,8207651840,109.46943500039197,110.80241200033925
openmarcie_printer,mixed,fixed_resampling,openmarcie_printer__only_barometer__qwen3_8b,qwen3_8b,only_barometer,35502,142008,836672,81,28600,6902,0.5479929995999555,2.792502999029134,2.792502999029134,8207687342,16449278648,999224305600,8207651840,109.46943500039197,110.68334999981744
openmarcie_printer,mixed,finetune_encoders,openmarcie_printer__only_barometer__qwen3_8b,qwen3_8b,only_barometer,35502,142008,837312,81,28600,6902,0.5405319998317282,2.8697129992286907,2.8697129992286907,8207687342,16449278648,999224306240,8207651840,109.46943500039197,110.77269300039916
openmarcie_printer,mixed,no_alignment,openmarcie_printer__only_barometer__qwen3_8b,qwen3_8b,only_barometer,35502,142008,837312,81,28600,6902,0.5475130001286743,2.8618139995450154,2.8618139995450154,8207687342,16449278648,999224306240,8207651840,109.46943500039197,110.78348100090807
openmarcie_printer,mixed,no_usage,openmarcie_printer__only_barometer__qwen3_8b,qwen3_8b,only_barometer,35502,142008,837312,81,28600,6902,0.5803530002594925,2.9021240007131244,2.9021240007131244,8207687342,16449278648,999224306240,8207651840,109.46943500039197,110.76679100006004
openmarcie_printer,mixed,tcn,openmarcie_printer__only_barometer__qwen3_8b,qwen3_8b,only_barometer,13606,54424,818624,404,13606,0,0.5944130007264903,2.9505630015130038,2.9505630015130038,8207665446,16449191064,1335683493184,8207651840,109.57651500029897,110.58369999955175
openmarcie_printer,mixed,ts_transformer,openmarcie_printer__only_barometer__qwen3_8b,qwen3_8b,only_barometer,26470,105880,1867200,404,26470,0,0.6824339998274809,3.0410749992817756,3.0410749992817756,8207678310,16449242520,1335684541760,8207651840,109.57651500029897,110.66794999987906
openmarcie_printer,mixed,patchtst,openmarcie_printer__only_barometer__qwen3_8b,qwen3_8b,only_barometer,26630,106520,727232,404,26630,0,0.7315630000448436,3.088783000429615,3.088783000429615,8207678470,16449243160,985219808192,8207651840,108.97103200022684,110.08363700057089
openmarcie_printer,cuda,distrixsense,openmarcie_printer__only_depth__qwen3_8b,qwen3_8b,only_depth,161384,645536,10716544,504,34040,127344,1.1492859994177707,3.8442100002962865,16.59130399969516,8207813224,16449782176,1700619469312,8207651840,109.59731599996303,114.50494099972275
openmarcie_printer,cuda,dense,openmarcie_printer__only_depth__qwen3_8b,qwen3_8b,only_depth,134648,538592,26359168,25944,27896,106752,0.7673840000279597,6.710646999958716,35.74388400113861,8207786488,16449675232,3738075970048,8207651840,117.88422700010415,121.54706599994825
openmarcie_printer,cuda,dense_tokens,openmarcie_printer__only_depth__qwen3_8b,qwen3_8b,only_depth,148904,595616,10618240,6600,27896,121008,0.7408239998767385,4.209075999819906,20.91601699973515,8207800744,16449732256,1700619371008,8207651840,109.59731599996303,113.78977699951065
openmarcie_printer,cuda,raw,openmarcie_printer__only_depth__qwen3_8b,qwen3_8b,only_depth,134648,538592,26359168,38376,134648,0,2.3177519997261697,9.632372999982396,45.52604400154216,8207786488,16449675232,3738075970048,8207651840,117.88422700010415,121.18877400007477
openmarcie_printer,cuda,early_fusion,openmarcie_printer__only_depth__qwen3_8b,qwen3_8b,only_depth,66904,267616,4443520,38376,66904,0,1.8340689994147397,9.138359998865996,45.03062299894502,8207718744,16449404256,1475740828160,8207651840,109.41897399970912,112.15662899940071
openmarcie_printer,cuda,late_fusion,openmarcie_printer__only_depth__qwen3_8b,qwen3_8b,only_depth,109128,436512,6763008,576,0,109128,0.156799999786017,2.734402000501356,14.97517299993995,8190844488,16381907232,1264624688896,8190735360,109.35894400063262,112.28544900041015
openmarcie_printer,cuda,local_only,openmarcie_printer__only_depth__qwen3_8b,qwen3_8b,only_depth,109128,436512,6763008,312,0,109128,0.24039099935180275,2.9523349997066193,15.063874000229488,8190844488,16381907232,1264624688896,8190735360,109.35894400063262,112.38770900035888
openmarcie_printer,cuda,bottleneck,openmarcie_printer__only_depth__qwen3_8b,qwen3_8b,only_depth,136400,545600,26457472,4104,28856,107544,0.8133350002026418,3.8773479993970135,18.515216998481414,8207788240,16449682240,3738076068352,8207651840,117.88422700010415,121.75112699969759
openmarcie_printer,cuda,tokenlearner,openmarcie_printer__only_depth__qwen3_8b,qwen3_8b,only_depth,142568,570272,10519936,6600,27896,114672,0.7425440007864381,4.202836999861465,20.873368000110787,8207794408,16449706912,1700619272704,8207651840,109.59731599996303,113.75658699944324
openmarcie_printer,cuda,posthoc_vq,openmarcie_printer__only_depth__qwen3_8b,qwen3_8b,only_depth,177656,710624,26752384,1224,34040,143616,1.2583770003402606,4.169642000492825,17.8255780003658,8207829496,16449847264,3738076363264,8207651840,117.88422700010415,123.38624499989237
openmarcie_printer,cuda,joint_vq,openmarcie_printer__only_depth__qwen3_8b,qwen3_8b,only_depth,191912,767648,10716544,504,34040,157872,1.1607259993979824,4.028880999556847,17.559637000550797,8207843752,16449904288,1700619469312,8207651840,109.59731599996303,115.47977600002923
openmarcie_printer,cuda,deepconvlstm,openmarcie_printer__only_depth__qwen3_8b,qwen3_8b,only_depth,120716,482864,7611136,38376,120716,0,1.493688000664406,8.798168999925325,44.68982200008888,8207772556,16449619504,1475743995776,8207651840,109.41897399970912,111.8028549999508
openmarcie_printer,cuda,unrestricted_bank,openmarcie_printer__only_depth__qwen3_8b,qwen3_8b,only_depth,193064,772256,11208064,504,34040,159024,0.7933340002637124,3.5255669999410633,16.320677999493714,8207844904,16449908896,1700619960832,8207651840,109.59731599996303,114.10757799967541
openmarcie_printer,cuda,separate_banks,openmarcie_printer__only_depth__qwen3_8b,qwen3_8b,only_depth,161384,645536,10716544,504,34040,127344,1.1804860005213413,3.8924880008731155,16.64236000090685,8207813224,16449782176,1700619469312,8207651840,109.59731599996303,114.55020100038382
openmarcie_printer,cuda,fixed_resampling,openmarcie_printer__only_depth__qwen3_8b,qwen3_8b,only_depth,161384,645536,9069952,504,34040,127344,1.2253260001671151,4.166370999827038,16.767784000541074,8207813224,16449782176,1700617822720,8207651840,109.59731599996303,114.24986999918474
openmarcie_printer,cuda,finetune_encoders,openmarcie_printer__only_depth__qwen3_8b,qwen3_8b,only_depth,161384,645536,10716544,504,34040,127344,1.1439350000728155,3.8632989998755396,16.645893000378496,8207813224,16449782176,1700619469312,8207651840,109.59731599996303,114.48532099984732
openmarcie_printer,cuda,no_alignment,openmarcie_printer__only_depth__qwen3_8b,qwen3_8b,only_depth,161384,645536,10716544,504,34040,127344,1.1423659998399671,3.8497189997893178,16.611621000839737,8207813224,16449782176,1700619469312,8207651840,109.59731599996303,114.56557099972997
openmarcie_printer,cuda,no_usage,openmarcie_printer__only_depth__qwen3_8b,qwen3_8b,only_depth,161384,645536,10716544,504,34040,127344,1.151536000179476,3.863560001208086,16.613401002024407,8207813224,16449782176,1700619469312,8207651840,109.59731599996303,114.46746999990864
openmarcie_printer,cuda,tcn,openmarcie_printer__only_depth__qwen3_8b,qwen3_8b,only_depth,52632,210528,3257472,38376,52632,0,1.6175379996639094,8.929098998629557,44.817159996762186,8207704472,16449347168,1475739642112,8207651840,109.41897399970912,111.89649700008886
openmarcie_printer,cuda,ts_transformer,openmarcie_printer__only_depth__qwen3_8b,qwen3_8b,only_depth,65496,261984,4306048,38376,65496,0,1.7491590006102342,9.059860000485275,44.947401999104315,8207717336,16449398624,1475740690688,8207651840,109.41897399970912,112.0415769992178
openmarcie_printer,cuda,patchtst,openmarcie_printer__only_depth__qwen3_8b,qwen3_8b,only_depth,53272,213088,139966848,38376,53272,0,1.8173589996877126,9.122138999879313,45.007589998328896,8207705112,16449349728,1125117845888,8207651840,109.45729400009441,112.15259700111346
openmarcie_printer,mixed,distrixsense,openmarcie_printer__only_depth__qwen3_8b,qwen3_8b,only_depth,161384,645536,10716544,504,34040,127344,1.1519549998411094,3.5995580000767835,15.058484000866233,8207813224,16449782176,1700619469312,8207651840,109.59731599996303,113.21815500014054
openmarcie_printer,mixed,dense,openmarcie_printer__only_depth__qwen3_8b,qwen3_8b,only_depth,134648,538592,26359168,25944,27896,106752,0.7851140007915092,6.533125999662606,34.62635900007484,8207786488,16449675232,3738075970048,8207651840,117.88422700010415,120.6632309995257
openmarcie_printer,mixed,dense_tokens,openmarcie_printer__only_depth__qwen3_8b,qwen3_8b,only_depth,148904,595616,10618240,6600,27896,121008,0.7545930002379464,3.981445000131207,19.452170002268105,8207800744,16449732256,1700619371008,8207651840,109.59731599996303,112.59496099955868
openmarcie_printer,mixed,raw,openmarcie_printer__only_depth__qwen3_8b,qwen3_8b,only_depth,134648,538592,26359168,38376,134648,0,2.335052000489668,9.589463001753971,45.21759300163232,8207786488,16449675232,3738075970048,8207651840,117.88422700010415,120.92655299966282
openmarcie_printer,mixed,early_fusion,openmarcie_printer__only_depth__qwen3_8b,qwen3_8b,only_depth,66904,267616,4443520,38376,66904,0,1.8643590001374832,9.118368999730807,44.74704899743067,8207718744,16449404256,1475740828160,8207651840,109.41897399970912,111.86336599985225
openmarcie_printer,mixed,late_fusion,openmarcie_printer__only_depth__qwen3_8b,qwen3_8b,only_depth,109128,436512,6763008,576,0,109128,0.16351099930034252,2.5458029982157284,13.803208000709837,8190844488,16381907232,1264624688896,8190735360,109.35894400063262,111.48040599982778
openmarcie_printer,mixed,local_only,openmarcie_printer__only_depth__qwen3_8b,qwen3_8b,only_depth,109128,436512,6763008,312,0,109128,0.23838100059947465,2.6080620011884834,13.751908000453922,8190844488,16381907232,1264624688896,8190735360,109.35894400063262,111.47955500109674
openmarcie_printer,mixed,bottleneck,openmarcie_printer__only_depth__qwen3_8b,qwen3_8b,only_depth,136400,545600,26457472,4104,28856,107544,0.8254340000348748,3.6892859991631006,17.344022999737867,8207788240,16449682240,3738076068352,8207651840,117.88422700010415,120.87139199957164
openmarcie_printer,mixed,tokenlearner,openmarcie_printer__only_depth__qwen3_8b,qwen3_8b,only_depth,142568,570272,10519936,6600,27896,114672,0.7508129992856993,3.9673649998757172,19.402749996487984,8207794408,16449706912,1700619272704,8207651840,109.59731599996303,112.57675200067752
openmarcie_printer,mixed,posthoc_vq,openmarcie_printer__only_depth__qwen3_8b,qwen3_8b,only_depth,177656,710624,26752384,1224,34040,143616,1.1960259998886613,3.774957000318903,15.9156420024649,8207829496,16449847264,3738076363264,8207651840,117.88422700010415,121.9322379993173
openmarcie_printer,mixed,joint_vq,openmarcie_printer__only_depth__qwen3_8b,qwen3_8b,only_depth,191912,767648,10716544,504,34040,157872,1.1566060002223821,3.676017999112944,15.510626000497073,8207843752,16449904288,1700619469312,8207651840,109.59731599996303,113.70735699892975
openmarcie_printer,mixed,deepconvlstm,openmarcie_printer__only_depth__qwen3_8b,qwen3_8b,only_depth,120716,482864,7611136,38376,120716,0,1.5056580004966236,8.754437999920116,44.38366800089845,8207772556,16449619504,1475743995776,8207651840,109.41897399970912,111.54151499977161
openmarcie_printer,mixed,unrestricted_bank,openmarcie_printer__only_depth__qwen3_8b,qwen3_8b,only_depth,193064,772256,11208064,504,34040,159024,0.7886739995228709,3.2308469998848044,14.708794998688322,8207844904,16449908896,1700619960832,8207651840,109.59731599996303,112.91482200067549
openmarcie_printer,mixed,separate_banks,openmarcie_printer__only_depth__qwen3_8b,qwen3_8b,only_depth,161384,645536,10716544,504,34040,127344,1.2409959999786224,3.6817380004672917,15.147223002378528,8207813224,16449782176,1700619469312,8207651840,109.59731599996303,113.34367500057851
openmarcie_printer,mixed,fixed_resampling,openmarcie_printer__only_depth__qwen3_8b,qwen3_8b,only_depth,161384,645536,9069952,504,34040,127344,1.160284999969008,3.5268169994547383,14.61466099829639,8207813224,16449782176,1700617822720,8207651840,109.59731599996303,112.72029200063116
openmarcie_printer,mixed,finetune_encoders,openmarcie_printer__only_depth__qwen3_8b,qwen3_8b,only_depth,161384,645536,10716544,504,34040,127344,1.147886000580911,3.5934590013662704,15.0626050013955,8207813224,16449782176,1700619469312,8207651840,109.59731599996303,113.25706400020863
openmarcie_printer,mixed,no_alignment,openmarcie_printer__only_depth__qwen3_8b,qwen3_8b,only_depth,161384,645536,10716544,504,34040,127344,1.1482959998829756,3.5896379994833727,15.050494998496365,8207813224,16449782176,1700619469312,8207651840,109.59731599996303,113.23452499982523
openmarcie_printer,mixed,no_usage,openmarcie_printer__only_depth__qwen3_8b,qwen3_8b,only_depth,161384,645536,10716544,504,34040,127344,1.1560659995666356,3.6044070001831163,15.072082001671593,8207813224,16449782176,1700619469312,8207651840,109.59731599996303,113.26545499923668
openmarcie_printer,mixed,tcn,openmarcie_printer__only_depth__qwen3_8b,qwen3_8b,only_depth,52632,210528,3257472,38376,52632,0,1.6326880004271516,8.889787999174802,44.51874899981469,8207704472,16449347168,1475739642112,8207651840,109.41897399970912,111.70157600008679
openmarcie_printer,mixed,ts_transformer,openmarcie_printer__only_depth__qwen3_8b,qwen3_8b,only_depth,65496,261984,4306048,38376,65496,0,1.7265579999730107,8.981018998889555,44.60979900098884,8207717336,16449398624,1475740690688,8207651840,109.41897399970912,111.75123599969083
openmarcie_printer,mixed,patchtst,openmarcie_printer__only_depth__qwen3_8b,qwen3_8b,only_depth,53272,213088,139966848,38376,53272,0,1.796188999833248,9.048428999045642,44.67654900084874,8207705112,16449349728,1125117845888,8207651840,109.45729400009441,111.863906000508
openmarcie_printer,cuda,distrixsense,openmarcie_printer__only_imu__qwen3_8b,qwen3_8b,only_imu,50224,200896,2083456,164,29688,20536,0.6842729999334551,3.3021250004222615,5.842357000499952,8207702064,16449337536,1139266679552,8207651840,109.0865419992042,111.22740299924772
openmarcie_printer,cuda,dense,openmarcie_printer__only_imu__qwen3_8b,qwen3_8b,only_imu,41312,165248,5331584,8648,27640,13672,0.5184629999348545,6.350824999894702,12.134875999171962,8207693152,16449301888,1813434047232,8207651840,112.04884800008585,113.77179699957196
openmarcie_printer,cuda,dense_tokens,openmarcie_printer__only_imu__qwen3_8b,qwen3_8b,only_imu,46064,184256,2050688,2200,27640,18424,0.5089429996587569,3.878694998997962,7.203056998141401,8207697904,16449320896,1139266646784,8207651840,109.0865419992042,111.01618099928601
openmarcie_printer,cuda,raw,openmarcie_printer__only_imu__qwen3_8b,qwen3_8b,only_imu,41312,165248,5331584,30888,41312,0,1.0986550005327445,15.569985000229313,29.988504999983043,8207693152,16449301888,1813434047232,8207651840,112.04884800008585,113.70653599988145
openmarcie_printer,cuda,early_fusion,openmarcie_printer__only_imu__qwen3_8b,qwen3_8b,only_imu,30016,120064,2142848,30888,30016,0,1.1715760001607123,15.647778001084621,30.065069000647846,8207681856,16449256704,1363686122240,8207651840,109.40757400021539,111.00753100072325
openmarcie_printer,cuda,late_fusion,openmarcie_printer__only_imu__qwen3_8b,qwen3_8b,only_imu,14464,57856,863232,192,0,14464,0.09798100018088007,2.5811230003138887,5.020864000589785,8190749824,16381528576,1152707941632,8190735360,109.5203249997212,110.71970100056205
openmarcie_printer,cuda,local_only,openmarcie_printer__only_imu__qwen3_8b,qwen3_8b,only_imu,14464,57856,863232,104,0,14464,0.11815099969680887,2.5822440004662726,4.991416000425454,8190749824,16381528576,1152707941632,8190735360,109.5203249997212,110.77429200031474
openmarcie_printer,cuda,bottleneck,openmarcie_printer__only_imu__qwen3_8b,qwen3_8b,only_imu,41896,167584,5364352,1368,27960,13936,0.5369919999793638,3.5056849995007973,6.417975999776949,8207693736,16449304224,1813434080000,8207651840,112.04884800008585,113.84442699909414
openmarcie_printer,cuda,tokenlearner,openmarcie_printer__only_imu__qwen3_8b,qwen3_8b,only_imu,43952,175808,2017920,2200,27640,16312,0.513703000251553,4.160995999877632,7.485747999444138,8207695792,16449312448,1139266614016,8207651840,109.0865419992042,110.97807199894305
openmarcie_printer,cuda,posthoc_vq,openmarcie_printer__only_imu__qwen3_8b,qwen3_8b,only_imu,47456,189824,5462656,392,29688,17768,0.7003740001891856,3.4645580006211065,6.1708600010884345,8207699296,16449326464,1813434178304,8207651840,112.04884800008585,114.3865089989049
openmarcie_printer,cuda,joint_vq,openmarcie_printer__only_imu__qwen3_8b,qwen3_8b,only_imu,52208,208832,2083456,164,29688,22520,0.676623999424919,3.4334869991053942,6.109329999770317,8207704048,16449345472,1139266679552,8207651840,109.0865419992042,111.54653399898962
openmarcie_printer,cuda,deepconvlstm,openmarcie_printer__only_imu__qwen3_8b,qwen3_8b,only_imu,40180,160720,2500864,30888,40180,0,0.6966440005271579,15.167114001133118,29.58258400040001,8207692020,16449297360,1363686480256,8207651840,109.40757400021539,110.64044999966427
openmarcie_printer,cuda,unrestricted_bank,openmarcie_printer__only_imu__qwen3_8b,qwen3_8b,only_imu,52336,209344,2116224,164,29688,22648,0.5366730001696851,3.130415000972885,5.662057000943797,8207704176,16449345984,1139266712320,8207651840,109.0865419992042,111.11196099955123
openmarcie_printer,cuda,separate_banks,openmarcie_printer__only_imu__qwen3_8b,qwen3_8b,only_imu,50224,200896,2083456,164,29688,20536,0.6968839998080512,3.2890769992574,5.812998999015882,8207702064,16449337536,1139266679552,8207651840,109.0865419992042,111.24725199988461
openmarcie_printer,cuda,fixed_resampling,openmarcie_printer__only_imu__qwen3_8b,qwen3_8b,only_imu,50224,200896,2024576,164,29688,20536,0.676883999403799,3.226405999461445,5.723057998391788,8207702064,16449337536,1139266620672,8207651840,109.0865419992042,111.15387199879478
openmarcie_printer,cuda,finetune_encoders,openmarcie_printer__only_imu__qwen3_8b,qwen3_8b,only_imu,50224,200896,2083456,164,29688,20536,0.688203999743564,3.2797659990447805,5.81242799914272,8207702064,16449337536,1139266679552,8207651840,109.0865419992042,111.25390299821447
openmarcie_printer,cuda,no_alignment,openmarcie_printer__only_imu__qwen3_8b,qwen3_8b,only_imu,50224,200896,2083456,164,29688,20536,0.6842239999969024,3.5364169992445618,6.074519998645165,8207702064,16449337536,1139266679552,8207651840,109.0865419992042,111.2629739991462
openmarcie_printer,cuda,no_usage,openmarcie_printer__only_imu__qwen3_8b,qwen3_8b,only_imu,50224,200896,2083456,164,29688,20536,0.687202999870351,3.280985999785212,5.8238790003708445,8207702064,16449337536,1139266679552,8207651840,109.0865419992042,111.22250199878181
openmarcie_printer,cuda,tcn,openmarcie_printer__only_imu__qwen3_8b,qwen3_8b,only_imu,15872,63488,956800,30888,15872,0,0.7936140000310843,15.262385000869504,29.680535000898153,8207667712,16449200128,1363684936192,8207651840,109.40757400021539,110.78952099978778
openmarcie_printer,cuda,ts_transformer,openmarcie_printer__only_imu__qwen3_8b,qwen3_8b,only_imu,28736,114944,2005376,30888,28736,0,0.8803649998299079,15.35982499904097,29.774744998667366,8207680576,16449251584,1363685984768,8207651840,109.40757400021539,110.85494100007054
openmarcie_printer,cuda,patchtst,openmarcie_printer__only_imu__qwen3_8b,qwen3_8b,only_imu,27648,110592,14472832,30888,27648,0,0.961605000156851,15.437976000657759,29.857557000559673,8207679488,16449247232,1013175876224,8207651840,108.77114100003382,110.25928900016879
openmarcie_printer,mixed,distrixsense,openmarcie_printer__only_imu__qwen3_8b,qwen3_8b,only_imu,50224,200896,2083456,164,29688,20536,0.6960640002944274,3.0426059996299095,5.33733799936109,8207702064,16449337536,1139266679552,8207651840,109.0865419992042,110.90281099859567
openmarcie_printer,mixed,dense,openmarcie_printer__only_imu__qwen3_8b,qwen3_8b,only_imu,41312,165248,5331584,8648,27640,13672,0.5317729992384557,6.209183999412507,11.833934000341722,8207693152,16449301888,1813434047232,8207651840,112.04884800008585,113.54857600053947
openmarcie_printer,mixed,dense_tokens,openmarcie_printer__only_imu__qwen3_8b,qwen3_8b,only_imu,46064,184256,2050688,2200,27640,18424,0.517772000421246,3.6577130003887577,6.754254000033834,8207697904,16449320896,1139266646784,8207651840,109.0865419992042,110.71518999960972
openmarcie_printer,mixed,raw,openmarcie_printer__only_imu__qwen3_8b,qwen3_8b,only_imu,41312,165248,5331584,30888,41312,0,1.0974750002787914,15.657677001445368,30.02414700140441,8207693152,16449301888,1813434047232,8207651840,112.04884800008585,113.61861500063242
openmarcie_printer,mixed,early_fusion,openmarcie_printer__only_imu__qwen3_8b,qwen3_8b,only_imu,30016,120064,2142848,30888,30016,0,1.0430060001453967,15.461936000110686,29.828466001254192,8207681856,16449256704,1363686122240,8207651840,109.40757400021539,110.90969100041548
openmarcie_printer,mixed,late_fusion,openmarcie_printer__only_imu__qwen3_8b,qwen3_8b,only_imu,14464,57856,863232,192,0,14464,0.09144999967247713,2.3863299998676637,4.637591000692185,8190749824,16381528576,1152707941632,8190735360,109.5203249997212,110.48207999829174
openmarcie_printer,mixed,local_only,openmarcie_printer__only_imu__qwen3_8b,qwen3_8b,only_imu,14464,57856,863232,104,0,14464,0.12346999938017689,2.3984009997252373,4.627022000508953,8190749824,16381528576,1152707941632,8190735360,109.5203249997212,110.53510000056121
openmarcie_printer,mixed,bottleneck,openmarcie_printer__only_imu__qwen3_8b,qwen3_8b,only_imu,41896,167584,5364352,1368,27960,13936,0.5568220003624447,3.3419420008349583,6.071733001173975,8207693736,16449304224,1813434080000,8207651840,112.04884800008585,113.61110599955282
openmarcie_printer,mixed,tokenlearner,openmarcie_printer__only_imu__qwen3_8b,qwen3_8b,only_imu,43952,175808,2017920,2200,27640,16312,0.5272329999570502,3.6611650011717574,6.752206000773876,8207695792,16449312448,1139266614016,8207651840,109.0865419992042,110.65247899932729
openmarcie_printer,mixed,posthoc_vq,openmarcie_printer__only_imu__qwen3_8b,qwen3_8b,only_imu,47456,189824,5462656,392,29688,17768,0.695013999575167,3.1796449982605526,5.604507997827162,8207699296,16449326464,1813434178304,8207651840,112.04884800008585,113.99801800143905
openmarcie_printer,mixed,joint_vq,openmarcie_printer__only_imu__qwen3_8b,qwen3_8b,only_imu,52208,208832,2083456,164,29688,22520,0.6946940002308111,3.1151670003365375,5.481779001154983,8207704048,16449345472,1139266679552,8207651840,109.0865419992042,111.06869199920766
openmarcie_printer,mixed,deepconvlstm,openmarcie_printer__only_imu__qwen3_8b,qwen3_8b,only_imu,40180,160720,2500864,30888,40180,0,0.690913999278564,15.109083999095706,29.475783999350888,8207692020,16449297360,1363686480256,8207651840,109.40757400021539,110.59335100071621
openmarcie_printer,mixed,unrestricted_bank,openmarcie_printer__only_imu__qwen3_8b,qwen3_8b,only_imu,52336,209344,2116224,164,29688,22648,0.5469830002766685,2.9033550002478528,5.198305999936757,8207704176,16449345984,1139266712320,8207651840,109.0865419992042,110.78940999868792
openmarcie_printer,mixed,separate_banks,openmarcie_printer__only_imu__qwen3_8b,qwen3_8b,only_imu,50224,200896,2083456,164,29688,20536,0.6988940003793687,3.0566250000757513,5.348285999996925,8207702064,16449337536,1139266679552,8207651840,109.0865419992042,110.94113199942512
openmarcie_printer,mixed,fixed_resampling,openmarcie_printer__only_imu__qwen3_8b,qwen3_8b,only_imu,50224,200896,2024576,164,29688,20536,0.6926539999767556,2.9668749997054924,5.1880559991952495,8207702064,16449337536,1139266620672,8207651840,109.0865419992042,110.75559099936072
openmarcie_printer,mixed,finetune_encoders,openmarcie_printer__only_imu__qwen3_8b,qwen3_8b,only_imu,50224,200896,2083456,164,29688,20536,0.6934330003787181,3.0467440013436367,5.337755001772358,8207702064,16449337536,1139266679552,8207651840,109.0865419992042,110.92598199957138
openmarcie_printer,mixed,no_alignment,openmarcie_printer__only_imu__qwen3_8b,qwen3_8b,only_imu,50224,200896,2083456,164,29688,20536,0.7023440002740244,3.0565959999276906,5.347677000525628,8207702064,16449337536,1139266679552,8207651840,109.0865419992042,110.92813099912746
openmarcie_printer,mixed,no_usage,openmarcie_printer__only_imu__qwen3_8b,qwen3_8b,only_imu,50224,200896,2083456,164,29688,20536,0.6875429999126936,3.0384049999466747,5.3317859989585585,8207702064,16449337536,1139266679552,8207651840,109.0865419992042,110.90744200009794
openmarcie_printer,mixed,tcn,openmarcie_printer__only_imu__qwen3_8b,qwen3_8b,only_imu,15872,63488,956800,30888,15872,0,0.7993139997779508,15.218573999891337,29.585663999660092,8207667712,16449200128,1363684936192,8207651840,109.40757400021539,110.67688000002818
openmarcie_printer,mixed,ts_transformer,openmarcie_printer__only_imu__qwen3_8b,qwen3_8b,only_imu,28736,114944,2005376,30888,28736,0,0.8913539995774045,15.311215000156185,29.677635000643996,8207680576,16449251584,1363685984768,8207651840,109.40757400021539,110.76558000058867
openmarcie_printer,mixed,patchtst,openmarcie_printer__only_imu__qwen3_8b,qwen3_8b,only_imu,27648,110592,14472832,30888,27648,0,0.9808249997149687,15.398144999426254,29.764944998623896,8207679488,16449247232,1013175876224,8207651840,108.77114100003382,110.18328799946175
openmarcie_printer,cuda,distrixsense,openmarcie_printer__only_magnetometer__qwen3_8b,qwen3_8b,only_magnetometer,36194,144776,881088,81,28600,7594,0.5389930001911125,3.108606000780023,3.108606000780023,8207688034,16449281416,999224350016,8207651840,109.46943500039197,110.91507200126216
openmarcie_printer,cuda,dense,openmarcie_printer__only_magnetometer__qwen3_8b,qwen3_8b,only_magnetometer,31738,126952,2259392,4324,27576,4162,0.4576029996314901,6.288984999041294,6.288984999041294,8207683578,16449263592,1335684933952,8207651840,109.57651500029897,110.82669200004602
openmarcie_printer,cuda,dense_tokens,openmarcie_printer__only_magnetometer__qwen3_8b,qwen3_8b,only_magnetometer,34114,136456,864704,1100,27576,6538,0.43896199986193096,3.786154000404058,3.786154000404058,8207685954,16449273096,999224333632,8207651840,109.46943500039197,110.77665199991316
openmarcie_printer,cuda,raw,openmarcie_printer__only_magnetometer__qwen3_8b,qwen3_8b,only_magnetometer,31738,126952,2259392,884,31738,0,0.7923230004962534,3.5839730005274646,3.5839730005274646,8207683578,16449263592,1335684933952,8207651840,109.57651500029897,110.80915100046695
openmarcie_printer,cuda,early_fusion,openmarcie_printer__only_magnetometer__qwen3_8b,qwen3_8b,only_magnetometer,27898,111592,2015680,884,27898,0,0.8265039996331325,3.6165339986065987,3.6165339986065987,8207679738,16449248232,1335684690240,8207651840,109.57651500029897,110.83490199962398
openmarcie_printer,cuda,late_fusion,openmarcie_printer__only_magnetometer__qwen3_8b,qwen3_8b,only_magnetometer,4558,18232,262272,96,0,4558,0.07392099996650359,2.5371739998856326,2.5371739998856326,8190739918,16381488952,1124741425280,8190735360,109.45729400009441,110.25501800031634
openmarcie_printer,cuda,local_only,openmarcie_printer__only_magnetometer__qwen3_8b,qwen3_8b,only_magnetometer,4558,18232,262272,52,0,4558,0.09594099992682459,2.5467729995102504,2.5467729995102504,8190739918,16381488952,1124741425280,8190735360,109.45729400009441,110.27458799981105
openmarcie_printer,cuda,bottleneck,openmarcie_printer__only_magnetometer__qwen3_8b,qwen3_8b,only_magnetometer,32030,128120,2275776,684,27736,4294,0.49579300048208097,3.4554140004466056,3.4554140004466056,8207683870,16449264760,1335684950336,8207651840,109.57651500029897,110.90316100126074
openmarcie_printer,cuda,tokenlearner,openmarcie_printer__only_magnetometer__qwen3_8b,qwen3_8b,only_magnetometer,33058,132232,848320,1100,27576,5482,0.45341199984250125,3.7930739990723668,3.7930739990723668,8207684898,16449268872,999224317248,8207651840,109.46943500039197,110.78378100046393
openmarcie_printer,cuda,posthoc_vq,openmarcie_printer__only_magnetometer__qwen3_8b,qwen3_8b,only_magnetometer,33786,135144,2324928,192,28600,5186,0.8490549998896313,3.5846469987321994,3.5846469987321994,8207685626,16449271784,1335684999488,8207651840,109.57651500029897,111.1770230008915
openmarcie_printer,cuda,joint_vq,openmarcie_printer__only_magnetometer__qwen3_8b,qwen3_8b,only_magnetometer,36162,144648,881088,81,28600,7562,0.5380429993238067,3.269115999530081,3.269115999530081,8207688002,16449281288,999224350016,8207651840,109.46943500039197,111.07382199952553
openmarcie_printer,cuda,deepconvlstm,openmarcie_printer__only_magnetometer__qwen3_8b,qwen3_8b,only_magnetometer,33806,135224,2097280,884,33806,0,0.4561319992717472,3.2517739980132205,3.2517739980132205,8207685646,16449271864,1335684771840,8207651840,109.57651500029897,110.50746999990224
openmarcie_printer,cuda,unrestricted_bank,openmarcie_printer__only_magnetometer__qwen3_8b,qwen3_8b,only_magnetometer,36194,144776,881088,81,28600,7594,0.45935300022392767,3.1365269988163025,3.1365269988163025,8207688034,16449281416,999224350016,8207651840,109.46943500039197,110.85879200072668
openmarcie_printer,cuda,separate_banks,openmarcie_printer__only_magnetometer__qwen3_8b,qwen3_8b,only_magnetometer,36194,144776,881088,81,28600,7594,0.557943000785599,3.1367350011640927,3.1367350011640927,8207688034,16449281416,999224350016,8207651840,109.46943500039197,110.9266330004175
openmarcie_printer,cuda,fixed_resampling,openmarcie_printer__only_magnetometer__qwen3_8b,qwen3_8b,only_magnetometer,36194,144776,877632,81,28600,7594,0.5434029999378254,3.0736450007970095,3.0736450007970095,8207688034,16449281416,999224346560,8207651840,109.46943500039197,110.99075299989636
openmarcie_printer,cuda,finetune_encoders,openmarcie_printer__only_magnetometer__qwen3_8b,qwen3_8b,only_magnetometer,36194,144776,881088,81,28600,7594,0.540832999831764,3.1036260006948257,3.1036260006948257,8207688034,16449281416,999224350016,8207651840,109.46943500039197,110.92913300126384
openmarcie_printer,cuda,no_alignment,openmarcie_printer__only_magnetometer__qwen3_8b,qwen3_8b,only_magnetometer,36194,144776,881088,81,28600,7594,0.5442430001494358,3.1171860009925556,3.1171860009925556,8207688034,16449281416,999224350016,8207651840,109.46943500039197,110.91836299965507
openmarcie_printer,cuda,no_usage,openmarcie_printer__only_magnetometer__qwen3_8b,qwen3_8b,only_magnetometer,36194,144776,881088,81,28600,7594,0.5380530001275474,3.1088660016683978,3.1088660016683978,8207688034,16449281416,999224350016,8207651840,109.46943500039197,110.92482300045958
openmarcie_printer,cuda,tcn,openmarcie_printer__only_magnetometer__qwen3_8b,qwen3_8b,only_magnetometer,13786,55144,829632,884,13786,0,0.5958629999440745,3.392102999637416,3.392102999637416,8207665626,16449191784,1335683504192,8207651840,109.57651500029897,110.61206100021082
openmarcie_printer,cuda,ts_transformer,openmarcie_printer__only_magnetometer__qwen3_8b,qwen3_8b,only_magnetometer,26650,106600,1878208,884,26650,0,0.6691729995509377,3.459123999814608,3.459123999814608,8207678490,16449243240,1335684552768,8207651840,109.57651500029897,110.72911200062663
openmarcie_printer,cuda,patchtst,openmarcie_printer__only_magnetometer__qwen3_8b,qwen3_8b,only_magnetometer,26682,106728,2170816,884,26682,0,0.7447640000464162,3.537745000098937,3.537745000098937,8207678522,16449243368,985221251776,8207651840,108.97103200022684,110.44884999955684
openmarcie_printer,mixed,distrixsense,openmarcie_printer__only_magnetometer__qwen3_8b,qwen3_8b,only_magnetometer,36194,144776,881088,81,28600,7594,0.5426319994512596,2.8590239999465528,2.8590239999465528,8207688034,16449281416,999224350016,8207651840,109.46943500039197,110.76173299989023
openmarcie_printer,mixed,dense,openmarcie_printer__only_magnetometer__qwen3_8b,qwen3_8b,only_magnetometer,31738,126952,2259392,4324,27576,4162,0.4641329996957211,6.1039850000768086,6.1039850000768086,8207683578,16449263592,1335684933952,8207651840,109.57651500029897,110.72474100001273
openmarcie_printer,mixed,dense_tokens,openmarcie_printer__only_magnetometer__qwen3_8b,qwen3_8b,only_magnetometer,34114,136456,864704,1100,27576,6538,0.4421419998834608,3.5524430004396708,3.5524430004396708,8207685954,16449273096,999224333632,8207651840,109.46943500039197,110.63862100036204
openmarcie_printer,mixed,raw,openmarcie_printer__only_magnetometer__qwen3_8b,qwen3_8b,only_magnetometer,31738,126952,2259392,884,31738,0,0.7941240000945982,3.5339240000350287,3.5339240000350287,8207683578,16449263592,1335684933952,8207651840,109.57651500029897,110.77316200135101
openmarcie_printer,mixed,early_fusion,openmarcie_printer__only_magnetometer__qwen3_8b,qwen3_8b,only_magnetometer,27898,111592,2015680,884,27898,0,0.8116839999274816,3.551964001158183,3.551964001158183,8207679738,16449248232,1335684690240,8207651840,109.57651500029897,110.7965110004443
openmarcie_printer,mixed,late_fusion,openmarcie_printer__only_magnetometer__qwen3_8b,qwen3_8b,only_magnetometer,4558,18232,262272,96,0,4558,0.07500999981857603,2.34664999931301,2.34664999931301,8190739918,16381488952,1124741425280,8190735360,109.45729400009441,110.1339580000058
openmarcie_printer,mixed,local_only,openmarcie_printer__only_magnetometer__qwen3_8b,qwen3_8b,only_magnetometer,4558,18232,262272,52,0,4558,0.09107000005315058,2.3293909992093917,2.3293909992093917,8190739918,16381488952,1124741425280,8190735360,109.45729400009441,110.14510700078972
openmarcie_printer,mixed,bottleneck,openmarcie_printer__only_magnetometer__qwen3_8b,qwen3_8b,only_magnetometer,32030,128120,2275776,684,27736,4294,0.47343200003524544,3.2270730000809884,3.2270730000809884,8207683870,16449264760,1335684950336,8207651840,109.57651500029897,110.83088099985616
openmarcie_printer,mixed,tokenlearner,openmarcie_printer__only_magnetometer__qwen3_8b,qwen3_8b,only_magnetometer,33058,132232,848320,1100,27576,5482,0.43805199948110385,3.55029299952992,3.55029299952992,8207684898,16449268872,999224317248,8207651840,109.46943500039197,110.64040200017189
openmarcie_printer,mixed,posthoc_vq,openmarcie_printer__only_magnetometer__qwen3_8b,qwen3_8b,only_magnetometer,33786,135144,2324928,192,28600,5186,0.6397529996320372,3.1489650005627423,3.1489650005627423,8207685626,16449271784,1335684999488,8207651840,109.57651500029897,111.16345299979002
openmarcie_printer,mixed,joint_vq,openmarcie_printer__only_magnetometer__qwen3_8b,qwen3_8b,only_magnetometer,36162,144648,881088,81,28600,7562,0.5753030000050785,3.026324000558711,3.026324000558711,8207688002,16449281288,999224350016,8207651840,109.46943500039197,110.92372300026909
openmarcie_printer,mixed,deepconvlstm,openmarcie_printer__only_magnetometer__qwen3_8b,qwen3_8b,only_magnetometer,33806,135224,2097280,884,33806,0,0.5320529999153223,3.273494000236667,3.273494000236667,8207685646,16449271864,1335684771840,8207651840,109.57651500029897,110.44960000072024
openmarcie_printer,mixed,unrestricted_bank,openmarcie_printer__only_magnetometer__qwen3_8b,qwen3_8b,only_magnetometer,36194,144776,881088,81,28600,7594,0.47268300022551557,2.8402549997116555,2.8402549997116555,8207688034,16449281416,999224350016,8207651840,109.46943500039197,110.74509200079774
openmarcie_printer,mixed,separate_banks,openmarcie_printer__only_magnetometer__qwen3_8b,qwen3_8b,only_magnetometer,36194,144776,881088,81,28600,7594,0.625253000180237,2.996334000301326,2.996334000301326,8207688034,16449281416,999224350016,8207651840,109.46943500039197,111.14772400014772
openmarcie_printer,mixed,fixed_resampling,openmarcie_printer__only_magnetometer__qwen3_8b,qwen3_8b,only_magnetometer,36194,144776,877632,81,28600,7594,0.6451939998441958,2.939345999977272,2.939345999977272,8207688034,16449281416,999224346560,8207651840,109.46943500039197,110.84389200004807
openmarcie_printer,mixed,finetune_encoders,openmarcie_printer__only_magnetometer__qwen3_8b,qwen3_8b,only_magnetometer,36194,144776,881088,81,28600,7594,0.6493340006272774,3.0214959997755475,3.0214959997755475,8207688034,16449281416,999224350016,8207651840,109.46943500039197,110.9593129995119
openmarcie_printer,mixed,no_alignment,openmarcie_printer__only_magnetometer__qwen3_8b,qwen3_8b,only_magnetometer,36194,144776,881088,81,28600,7594,0.6848940001873416,3.060795000266703,3.060795000266703,8207688034,16449281416,999224350016,8207651840,109.46943500039197,110.93189200073539
openmarcie_printer,mixed,no_usage,openmarcie_printer__only_magnetometer__qwen3_8b,qwen3_8b,only_magnetometer,36194,144776,881088,81,28600,7594,0.5775730005552759,2.982854999601736,2.982854999601736,8207688034,16449281416,999224350016,8207651840,109.46943500039197,111.06770300011704
openmarcie_printer,mixed,tcn,openmarcie_printer__only_magnetometer__qwen3_8b,qwen3_8b,only_magnetometer,13786,55144,829632,884,13786,0,0.6273830003920011,3.372202999994613,3.372202999994613,8207665626,16449191784,1335683504192,8207651840,109.57651500029897,110.67841100066289
openmarcie_printer,mixed,ts_transformer,openmarcie_printer__only_magnetometer__qwen3_8b,qwen3_8b,only_magnetometer,26650,106600,1878208,884,26650,0,0.6757030005246634,3.416932999894186,3.416932999894186,8207678490,16449243240,1335684552768,8207651840,109.57651500029897,110.68267100108642
openmarcie_printer,mixed,patchtst,openmarcie_printer__only_magnetometer__qwen3_8b,qwen3_8b,only_magnetometer,26682,106728,2170816,884,26682,0,0.7650739999007783,3.50582399979902,3.50582399979902,8207678522,16449243368,985221251776,8207651840,108.97103200022684,110.1143370005957
openmarcie_printer,cuda,distrixsense,openmarcie_printer__only_rgb__qwen3_8b,qwen3_8b,only_rgb,484712,1938848,31311232,504,34040,450672,1.1505859993121703,4.082369998230703,16.879702997022182,8208136552,16451075488,1700640064000,8207651840,109.59731599996303,114.60610199992516
openmarcie_printer,cuda,dense,openmarcie_printer__only_rgb__qwen3_8b,qwen3_8b,only_rgb,457976,1831904,46953856,25944,27896,430080,0.7703040000706096,6.7168470007843455,35.774025999788535,8208109816,16450968544,3738096564736,8207651840,117.88422700010415,121.55754500054172
openmarcie_printer,cuda,dense_tokens,openmarcie_printer__only_rgb__qwen3_8b,qwen3_8b,only_rgb,472232,1888928,31212928,6600,27896,444336,0.7527429997935542,4.224285000413947,20.929017002317124,8208124072,16451025568,1700639965696,8207651840,109.59731599996303,113.80905700025323
openmarcie_printer,cuda,raw,openmarcie_printer__only_rgb__qwen3_8b,qwen3_8b,only_rgb,457976,1831904,46953856,113448,457976,0,2.3314219997701002,19.68035299882366,105.62275399902984,8208109816,16450968544,3738096564736,8207651840,117.88422700010415,121.2416829994254
openmarcie_printer,cuda,early_fusion,openmarcie_printer__only_rgb__qwen3_8b,qwen3_8b,only_rgb,291928,1167712,18746752,113448,291928,0,1.8723590001172852,19.22034000012253,105.16528100075203,8207943768,16450304352,1475755131392,8207651840,109.41897399970912,112.23804800010839
openmarcie_printer,cuda,late_fusion,openmarcie_printer__only_rgb__qwen3_8b,qwen3_8b,only_rgb,432456,1729824,27357696,576,0,432456,0.15528099993389333,2.7427449991275323,15.046642999906162,8191167816,16383200544,1264645283584,8190735360,109.35894400063262,112.40918900057295
openmarcie_printer,cuda,local_only,openmarcie_printer__only_rgb__qwen3_8b,qwen3_8b,only_rgb,432456,1729824,27357696,312,0,432456,0.2345610000702436,2.7963530003648716,14.931623000488697,8191167816,16383200544,1264645283584,8190735360,109.35894400063262,112.45573900032468
openmarcie_printer,cuda,bottleneck,openmarcie_printer__only_rgb__qwen3_8b,qwen3_8b,only_rgb,459728,1838912,47052160,4104,28856,430872,0.8182539995686966,3.8809359996512534,18.546546000494494,8208111568,16450975552,3738096663040,8207651840,117.88422700010415,121.7803970002933
openmarcie_printer,cuda,tokenlearner,openmarcie_printer__only_rgb__qwen3_8b,qwen3_8b,only_rgb,465896,1863584,31114624,6600,27896,438000,0.7386239994957577,4.20179700085544,20.865260002182623,8208117736,16451000224,1700639867392,8207651840,109.59731599996303,113.72437699992588
openmarcie_printer,cuda,posthoc_vq,openmarcie_printer__only_rgb__qwen3_8b,qwen3_8b,only_rgb,500984,2003936,47347072,1224,34040,466944,1.1771159997806535,4.075809999635606,17.745695999319885,8208152824,16451140576,3738096957952,8207651840,117.88422700010415,123.4110649993454
openmarcie_printer,cuda,joint_vq,openmarcie_printer__only_rgb__qwen3_8b,qwen3_8b,only_rgb,515240,2060960,31311232,504,34040,481200,1.1499860002004425,4.041710000763985,17.63236900172277,8208167080,16451197600,1700640064000,8207651840,109.59731599996303,115.438646000257
openmarcie_printer,cuda,deepconvlstm,openmarcie_printer__only_rgb__qwen3_8b,qwen3_8b,only_rgb,444044,1776176,28205824,113448,444044,0,1.5239680005834089,18.869688999932702,104.81041000062515,8208095884,16450912816,1475764590464,8207651840,109.41897399970912,111.86300699955609
openmarcie_printer,cuda,unrestricted_bank,openmarcie_printer__only_rgb__qwen3_8b,qwen3_8b,only_rgb,516392,2065568,31802752,504,34040,482352,0.7853040006011724,3.498966000678181,16.288699000716665,8208168232,16451202208,1700640555520,8207651840,109.59731599996303,114.11365899948578
openmarcie_printer,cuda,separate_banks,openmarcie_printer__only_rgb__qwen3_8b,qwen3_8b,only_rgb,484712,1938848,31311232,504,34040,450672,1.1756160001823446,3.8933499990330778,16.685752999939073,8208136552,16451075488,1700640064000,8207651840,109.59731599996303,114.49473100037721
openmarcie_printer,cuda,fixed_resampling,openmarcie_printer__only_rgb__qwen3_8b,qwen3_8b,only_rgb,484712,1938848,16934272,504,34040,450672,1.1277559997324715,3.8034780008625124,16.43415900128392,8208136552,16451075488,1700625687040,8207651840,109.59731599996303,114.25287000020035
openmarcie_printer,cuda,finetune_encoders,openmarcie_printer__only_rgb__qwen3_8b,qwen3_8b,only_rgb,484712,1938848,31311232,504,34040,450672,1.1578459998418111,3.8606580000655843,16.61334000039577,8208136552,16451075488,1700640064000,8207651840,109.59731599996303,114.63896100030979
openmarcie_printer,cuda,no_alignment,openmarcie_printer__only_rgb__qwen3_8b,qwen3_8b,only_rgb,484712,1938848,31311232,504,34040,450672,1.1599359995670966,3.924830998529203,16.768811997855014,8208136552,16451075488,1700640064000,8207651840,109.59731599996303,114.8443430001862
openmarcie_printer,cuda,no_usage,openmarcie_printer__only_rgb__qwen3_8b,qwen3_8b,only_rgb,484712,1938848,31311232,504,34040,450672,1.1804659998233547,3.913088999923773,16.72262900104332,8208136552,16451075488,1700640064000,8207651840,109.59731599996303,114.84207199919183
openmarcie_printer,cuda,tcn,openmarcie_printer__only_rgb__qwen3_8b,qwen3_8b,only_rgb,277656,1110624,17560704,113448,277656,0,1.644528999349859,18.98610999973506,104.9383039986945,8207929496,16450247264,1475753945344,8207651840,109.41897399970912,112.13509699973656
openmarcie_printer,cuda,ts_transformer,openmarcie_printer__only_rgb__qwen3_8b,qwen3_8b,only_rgb,290520,1162080,18609280,113448,290520,0,1.7309980003119563,19.07115799889915,105.02572899864145,8207942360,16450298720,1475754993920,8207651840,109.41897399970912,112.06685799970728
openmarcie_printer,cuda,patchtst,openmarcie_printer__only_rgb__qwen3_8b,qwen3_8b,only_rgb,253720,1014880,429324672,113448,253720,0,1.8066789998556487,19.14364000089598,105.08703100154645,8207905560,16450151520,1125407203712,8207651840,109.45729400009441,112.18873800135043
openmarcie_printer,mixed,distrixsense,openmarcie_printer__only_rgb__qwen3_8b,qwen3_8b,only_rgb,484712,1938848,31311232,504,34040,450672,1.2755870002365555,3.804338000862615,15.703675001196903,8208136552,16451075488,1700640064000,8207651840,109.59731599996303,113.7899870000183
openmarcie_printer,mixed,dense,openmarcie_printer__only_rgb__qwen3_8b,qwen3_8b,only_rgb,457976,1831904,46953856,25944,27896,430080,0.7865739999033394,6.558485999771382,34.759120999413824,8208109816,16450968544,3738096564736,8207651840,117.88422700010415,120.80628199964849
openmarcie_printer,mixed,dense_tokens,openmarcie_printer__only_rgb__qwen3_8b,qwen3_8b,only_rgb,472232,1888928,31212928,6600,27896,444336,0.7497540000258596,3.999915999879595,19.560491002238706,8208124072,16451025568,1700639965696,8207651840,109.59731599996303,112.72052199910831
openmarcie_printer,mixed,raw,openmarcie_printer__only_rgb__qwen3_8b,qwen3_8b,only_rgb,457976,1831904,46953856,113448,457976,0,2.341061000151967,19.610801999026886,105.29517199816593,8208109816,16450968544,3738096564736,8207651840,117.88422700010415,120.96181300057651
openmarcie_printer,mixed,early_fusion,openmarcie_printer__only_rgb__qwen3_8b,qwen3_8b,only_rgb,291928,1167712,18746752,113448,291928,0,1.8686889998207334,19.153700000008836,104.84104100092492,8207943768,16450304352,1475755131392,8207651840,109.41897399970912,111.90812699896924
openmarcie_printer,mixed,late_fusion,openmarcie_printer__only_rgb__qwen3_8b,qwen3_8b,only_rgb,432456,1729824,27357696,576,0,432456,0.15857000016694656,2.55909200001515,13.924094999666686,8191167816,16383200544,1264645283584,8190735360,109.35894400063262,111.50970400103688
openmarcie_printer,mixed,local_only,openmarcie_printer__only_rgb__qwen3_8b,qwen3_8b,only_rgb,432456,1729824,27357696,312,0,432456,0.2371519994994742,2.59689299970658,13.800167999402118,8191167816,16383200544,1264645283584,8190735360,109.35894400063262,111.58719600007316
openmarcie_printer,mixed,bottleneck,openmarcie_printer__only_rgb__qwen3_8b,qwen3_8b,only_rgb,459728,1838912,47052160,4104,28856,430872,0.8387440002479707,3.7126549998638687,17.463561001592247,8208111568,16450975552,3738096663040,8207651840,117.88422700010415,120.96991399994295
openmarcie_printer,mixed,tokenlearner,openmarcie_printer__only_rgb__qwen3_8b,qwen3_8b,only_rgb,465896,1863584,31114624,6600,27896,438000,0.762184000450361,4.005696001508913,19.55817200084246,8208117736,16451000224,1700639867392,8207651840,109.59731599996303,112.69888200058631
openmarcie_printer,mixed,posthoc_vq,openmarcie_printer__only_rgb__qwen3_8b,qwen3_8b,only_rgb,500984,2003936,47347072,1224,34040,466944,1.1829260001832154,3.7999790003641856,16.082757000031286,8208152824,16451140576,3738096957952,8207651840,117.88422700010415,122.05071800053702
openmarcie_printer,mixed,joint_vq,openmarcie_printer__only_rgb__qwen3_8b,qwen3_8b,only_rgb,515240,2060960,31311232,504,34040,481200,1.2485760007621138,3.7825290000351264,15.711269000013349,8208167080,16451197600,1700640064000,8207651840,109.59731599996303,113.80210799961787
openmarcie_printer,mixed,deepconvlstm,openmarcie_printer__only_rgb__qwen3_8b,qwen3_8b,only_rgb,444044,1776176,28205824,113448,444044,0,1.5236569997796323,18.792656999669713,104.47559699665118,8208095884,16450912816,1475764590464,8207651840,109.41897399970912,111.56098499941436
openmarcie_printer,mixed,unrestricted_bank,openmarcie_printer__only_rgb__qwen3_8b,qwen3_8b,only_rgb,516392,2065568,31802752,504,34040,482352,0.8005639992916258,3.2697359992549058,14.832530997983927,8208168232,16451202208,1700640555520,8207651840,109.59731599996303,113.04895299963391
openmarcie_printer,mixed,separate_banks,openmarcie_printer__only_rgb__qwen3_8b,qwen3_8b,only_rgb,484712,1938848,31311232,504,34040,450672,1.2307560000408557,3.7004180002791576,15.29384499884262,8208136552,16451075488,1700640064000,8207651840,109.59731599996303,113.41415599963511
openmarcie_printer,mixed,fixed_resampling,openmarcie_printer__only_rgb__qwen3_8b,qwen3_8b,only_rgb,484712,1938848,16934272,504,34040,450672,1.1553559997992124,3.538766999498464,14.705092000105001,8208136552,16451075488,1700625687040,8207651840,109.59731599996303,112.79989100057719
openmarcie_printer,mixed,finetune_encoders,openmarcie_printer__only_rgb__qwen3_8b,qwen3_8b,only_rgb,484712,1938848,31311232,504,34040,450672,1.1419660004321486,3.6162170007979033,15.181512001282758,8208136552,16451075488,1700640064000,8207651840,109.59731599996303,113.35946499912097
openmarcie_printer,mixed,no_alignment,openmarcie_printer__only_rgb__qwen3_8b,qwen3_8b,only_rgb,484712,1938848,31311232,504,34040,450672,1.1915160002899938,3.664208001226641,15.241464999809327,8208136552,16451075488,1700640064000,8207651840,109.59731599996303,113.39690499971766
openmarcie_printer,mixed,no_usage,openmarcie_printer__only_rgb__qwen3_8b,qwen3_8b,only_rgb,484712,1938848,31311232,504,34040,450672,1.1560559996723896,3.6199380001003623,15.211564998600156,8208136552,16451075488,1700640064000,8207651840,109.59731599996303,113.42736499955208
openmarcie_printer,mixed,tcn,openmarcie_printer__only_rgb__qwen3_8b,qwen3_8b,only_rgb,277656,1110624,17560704,113448,277656,0,1.6340480005965219,18.902299000676873,104.58561999954082,8207929496,16450247264,1475753945344,8207651840,109.41897399970912,111.69643599987467
openmarcie_printer,mixed,ts_transformer,openmarcie_printer__only_rgb__qwen3_8b,qwen3_8b,only_rgb,290520,1162080,18609280,113448,290520,0,1.7391989995303447,19.013659999421076,104.69708299993482,8207942360,16450298720,1475754993920,8207651840,109.41897399970912,111.80133699872385
openmarcie_printer,mixed,patchtst,openmarcie_printer__only_rgb__qwen3_8b,qwen3_8b,only_rgb,253720,1014880,429324672,113448,253720,0,1.8371599999227328,19.11253100019429,104.79757100043327,8207905560,16450151520,1125407203712,8207651840,109.45729400009441,111.8929959993693
openmarcie_printer,cuda,distrixsense,openmarcie_printer__only_temperature__qwen3_8b,qwen3_8b,only_temperature,35844,143376,858944,81,28600,7244,0.547583000297891,3.1271960006341804,3.1271960006341804,8207687684,16449280016,999224327872,8207651840,109.46943500039197,110.93053200056602
openmarcie_printer,cuda,dense,openmarcie_printer__only_temperature__qwen3_8b,qwen3_8b,only_temperature,31388,125552,2237248,4324,27576,3812,0.4728719995910069,6.308163999487751,6.308163999487751,8207683228,16449262192,1335684911808,8207651840,109.57651500029897,110.86138199971174
openmarcie_printer,cuda,dense_tokens,openmarcie_printer__only_temperature__qwen3_8b,qwen3_8b,only_temperature,33764,135056,842560,1100,27576,6188,0.44703200001094956,3.804843999200675,3.804843999200675,8207685604,16449271696,999224311488,8207651840,109.46943500039197,110.77386299984937
openmarcie_printer,cuda,raw,openmarcie_printer__only_temperature__qwen3_8b,qwen3_8b,only_temperature,31388,125552,2237248,644,31388,0,0.7940539999253815,3.3947539997663583,3.3947539997663583,8207683228,16449262192,1335684911808,8207651840,109.57651500029897,110.82864200034237
openmarcie_printer,cuda,early_fusion,openmarcie_printer__only_temperature__qwen3_8b,qwen3_8b,only_temperature,27804,111216,2009920,644,27804,0,0.8264140005849185,3.427184000595112,3.427184000595112,8207679644,16449247856,1335684684480,8207651840,109.57651500029897,110.83953199977259
openmarcie_printer,cuda,late_fusion,openmarcie_printer__only_temperature__qwen3_8b,qwen3_8b,only_temperature,4208,16832,240128,96,0,4208,0.07484099933208199,2.5343539987854427,2.5343539987854427,8190739568,16381487552,1124741403136,8190735360,109.45729400009441,110.25060799966013
openmarcie_printer,cuda,local_only,openmarcie_printer__only_temperature__qwen3_8b,qwen3_8b,only_temperature,4208,16832,240128,52,0,4208,0.09393000073032454,2.535821000735706,2.535821000735706,8190739568,16381487552,1124741403136,8190735360,109.45729400009441,110.29467699972884
openmarcie_printer,cuda,bottleneck,openmarcie_printer__only_temperature__qwen3_8b,qwen3_8b,only_temperature,31680,126720,2253632,684,27736,3944,0.48184299976128386,3.435475000761496,3.435475000761496,8207683520,16449263360,1335684928192,8207651840,109.57651500029897,110.8826420013429
openmarcie_printer,cuda,tokenlearner,openmarcie_printer__only_temperature__qwen3_8b,qwen3_8b,only_temperature,32708,130832,826176,1100,27576,5132,0.44289200013736263,3.781573999726679,3.781573999726679,8207684548,16449267472,999224295104,8207651840,109.46943500039197,110.76773199965828
openmarcie_printer,cuda,posthoc_vq,openmarcie_printer__only_temperature__qwen3_8b,qwen3_8b,only_temperature,33436,133744,2302784,192,28600,4836,0.5680430003849324,3.3006460003693006,3.3006460003693006,8207685276,16449270384,1335684977344,8207651840,109.57651500029897,111.19396300000517
openmarcie_printer,cuda,joint_vq,openmarcie_printer__only_temperature__qwen3_8b,qwen3_8b,only_temperature,35812,143248,858944,81,28600,7212,0.5487130001711193,3.2792559987063985,3.2792559987063985,8207687652,16449279888,999224327872,8207651840,109.46943500039197,111.12354300075822
openmarcie_printer,cuda,deepconvlstm,openmarcie_printer__only_temperature__qwen3_8b,qwen3_8b,only_temperature,33456,133824,2075136,644,33456,0,0.4652819998227642,3.0685519997698023,3.0685519997698023,8207685296,16449270464,1335684749696,8207651840,109.57651500029897,110.4918600003657
openmarcie_printer,cuda,unrestricted_bank,openmarcie_printer__only_temperature__qwen3_8b,qwen3_8b,only_temperature,35844,143376,858944,81,28600,7244,0.4578520001814468,3.0199740004098974,3.0199740004098974,8207687684,16449280016,999224327872,8207651840,109.46943500039197,110.86941299981845
openmarcie_printer,cuda,separate_banks,openmarcie_printer__only_temperature__qwen3_8b,qwen3_8b,only_temperature,35844,143376,858944,81,28600,7244,0.5654130000039004,3.13829599875306,3.13829599875306,8207687684,16449280016,999224327872,8207651840,109.46943500039197,110.93119200086221
openmarcie_printer,cuda,fixed_resampling,openmarcie_printer__only_temperature__qwen3_8b,qwen3_8b,only_temperature,35844,143376,857152,81,28600,7244,0.5417530001068371,3.093697000651341,3.093697000651341,8207687684,16449280016,999224326080,8207651840,109.46943500039197,110.92301300050167
openmarcie_printer,cuda,finetune_encoders,openmarcie_printer__only_temperature__qwen3_8b,qwen3_8b,only_temperature,35844,143376,858944,81,28600,7244,0.5406030004451168,3.1085450009703752,3.1085450009703752,8207687684,16449280016,999224327872,8207651840,109.46943500039197,111.07575300047756
openmarcie_printer,cuda,no_alignment,openmarcie_printer__only_temperature__qwen3_8b,qwen3_8b,only_temperature,35844,143376,858944,81,28600,7244,0.5423230004453217,3.104094999827689,3.104094999827689,8207687684,16449280016,999224327872,8207651840,109.46943500039197,110.92046200064942
openmarcie_printer,cuda,no_usage,openmarcie_printer__only_temperature__qwen3_8b,qwen3_8b,only_temperature,35844,143376,858944,81,28600,7244,0.5454519996419549,3.1099940006532822,3.1099940006532822,8207687684,16449280016,999224327872,8207651840,109.46943500039197,110.92732300039643
openmarcie_printer,cuda,tcn,openmarcie_printer__only_temperature__qwen3_8b,qwen3_8b,only_temperature,13692,54768,823872,644,13692,0,0.5938430003880057,3.1966530006522547,3.1966530006522547,8207665532,16449191408,1335683498432,8207651840,109.57651500029897,110.62760900040303
openmarcie_printer,cuda,ts_transformer,openmarcie_printer__only_temperature__qwen3_8b,qwen3_8b,only_temperature,26556,106224,1872448,644,26556,0,0.6736730001648539,3.2741739998365986,3.2741739998365986,8207678396,16449242864,1335684547008,8207651840,109.57651500029897,110.71051099952456
openmarcie_printer,cuda,patchtst,openmarcie_printer__only_temperature__qwen3_8b,qwen3_8b,only_temperature,26652,106608,1448768,644,26652,0,0.7572839995191316,3.354803998429084,3.354803998429084,8207678492,16449243248,985220529728,8207651840,108.97103200022684,110.15068799952132
openmarcie_printer,mixed,distrixsense,openmarcie_printer__only_temperature__qwen3_8b,qwen3_8b,only_temperature,35844,143376,858944,81,28600,7244,0.5536130001928541,2.8812940009010024,2.8812940009010024,8207687684,16449280016,999224327872,8207651840,109.46943500039197,110.80347199913376
openmarcie_printer,mixed,dense,openmarcie_printer__only_temperature__qwen3_8b,qwen3_8b,only_temperature,31388,125552,2237248,4324,27576,3812,0.47354199978144607,6.123402999359986,6.123402999359986,8207683228,16449262192,1335684911808,8207651840,109.57651500029897,110.73915100041631
openmarcie_printer,mixed,dense_tokens,openmarcie_printer__only_temperature__qwen3_8b,qwen3_8b,only_temperature,33764,135056,842560,1100,27576,6188,0.45224299992696615,3.5688139996590325,3.5688139996590325,8207685604,16449271696,999224311488,8207651840,109.46943500039197,110.63434100015002
openmarcie_printer,mixed,raw,openmarcie_printer__only_temperature__qwen3_8b,qwen3_8b,only_temperature,31388,125552,2237248,644,31388,0,0.7930640003905864,3.349784000585892,3.349784000585892,8207683228,16449262192,1335684911808,8207651840,109.57651500029897,110.7788810004422
openmarcie_printer,mixed,early_fusion,openmarcie_printer__only_temperature__qwen3_8b,qwen3_8b,only_temperature,27804,111216,2009920,644,27804,0,0.835083999845665,3.3828639999976033,3.3828639999976033,8207679644,16449247856,1335684684480,8207651840,109.57651500029897,110.80025100000057
openmarcie_printer,mixed,late_fusion,openmarcie_printer__only_temperature__qwen3_8b,qwen3_8b,only_temperature,4208,16832,240128,96,0,4208,0.07607000043208245,2.35195100009623,2.35195100009623,8190739568,16381487552,1124741403136,8190735360,109.45729400009441,110.12849700000515
openmarcie_printer,mixed,local_only,openmarcie_printer__only_temperature__qwen3_8b,qwen3_8b,only_temperature,4208,16832,240128,52,0,4208,0.0916599992706324,2.347170999444171,2.347170999444171,8190739568,16381487552,1124741403136,8190735360,109.45729400009441,110.15360900091764
openmarcie_printer,mixed,bottleneck,openmarcie_printer__only_temperature__qwen3_8b,qwen3_8b,only_temperature,31680,126720,2253632,684,27736,3944,0.4856730001847609,3.2412149987713086,3.2412149987713086,8207683520,16449263360,1335684928192,8207651840,109.57651500029897,110.76637999940431
openmarcie_printer,mixed,tokenlearner,openmarcie_printer__only_temperature__qwen3_8b,qwen3_8b,only_temperature,32708,130832,826176,1100,27576,5132,0.44539299960888457,3.5571140006094355,3.5571140006094355,8207684548,16449267472,999224295104,8207651840,109.46943500039197,110.63531099989632
openmarcie_printer,mixed,posthoc_vq,openmarcie_printer__only_temperature__qwen3_8b,qwen3_8b,only_temperature,33436,133744,2302784,192,28600,4836,0.5729130007239291,3.0310440011620754,3.0310440011620754,8207685276,16449270384,1335684977344,8207651840,109.57651500029897,110.98414199932449
openmarcie_printer,mixed,joint_vq,openmarcie_printer__only_temperature__qwen3_8b,qwen3_8b,only_temperature,35812,143248,858944,81,28600,7212,0.5454629999803728,2.938404999469535,2.938404999469535,8207687652,16449279888,999224327872,8207651840,109.46943500039197,110.92283199923259
openmarcie_printer,mixed,deepconvlstm,openmarcie_printer__only_temperature__qwen3_8b,qwen3_8b,only_temperature,33456,133824,2075136,644,33456,0,0.47020300007716287,3.02042300080047,3.02042300080047,8207685296,16449270464,1335684749696,8207651840,109.57651500029897,110.47469999994064
openmarcie_printer,mixed,unrestricted_bank,openmarcie_printer__only_temperature__qwen3_8b,qwen3_8b,only_temperature,35844,143376,858944,81,28600,7244,0.4641519999495358,2.78170400091029,2.78170400091029,8207687684,16449280016,999224327872,8207651840,109.46943500039197,110.72846100069
openmarcie_printer,mixed,separate_banks,openmarcie_printer__only_temperature__qwen3_8b,qwen3_8b,only_temperature,35844,143376,858944,81,28600,7244,0.5619329995170119,2.9068539979852037,2.9068539979852037,8207687684,16449280016,999224327872,8207651840,109.46943500039197,110.80228200080455
openmarcie_printer,mixed,fixed_resampling,openmarcie_printer__only_temperature__qwen3_8b,qwen3_8b,only_temperature,35844,143376,857152,81,28600,7244,0.7919039999251254,3.0532550008791848,3.0532550008791848,8207687684,16449280016,999224326080,8207651840,109.46943500039197,110.69468099958613
openmarcie_printer,mixed,finetune_encoders,openmarcie_printer__only_temperature__qwen3_8b,qwen3_8b,only_temperature,35844,143376,858944,81,28600,7244,0.556312999833608,2.8985739991475246,2.8985739991475246,8207687684,16449280016,999224327872,8207651840,109.46943500039197,110.79478200008452
openmarcie_printer,mixed,no_alignment,openmarcie_printer__only_temperature__qwen3_8b,qwen3_8b,only_temperature,35844,143376,858944,81,28600,7244,0.6541030006701476,3.0254740013623493,3.0254740013623493,8207687684,16449280016,999224327872,8207651840,109.46943500039197,110.97861300095246
openmarcie_printer,mixed,no_usage,openmarcie_printer__only_temperature__qwen3_8b,qwen3_8b,only_temperature,35844,143376,858944,81,28600,7244,0.5461329992613173,2.865603998572519,2.865603998572519,8207687684,16449280016,999224327872,8207651840,109.46943500039197,110.75861100016482
openmarcie_printer,mixed,tcn,openmarcie_printer__only_temperature__qwen3_8b,qwen3_8b,only_temperature,13692,54768,823872,644,13692,0,0.6039129993951065,3.1577629999284866,3.1577629999284866,8207665532,16449191408,1335683498432,8207651840,109.57651500029897,110.57919099948776
openmarcie_printer,mixed,ts_transformer,openmarcie_printer__only_temperature__qwen3_8b,qwen3_8b,only_temperature,26556,106224,1872448,644,26556,0,0.6822229997851537,3.230542998773849,3.230542998773849,8207678396,16449242864,1335684547008,8207651840,109.57651500029897,110.68346000047313
openmarcie_printer,mixed,patchtst,openmarcie_printer__only_temperature__qwen3_8b,qwen3_8b,only_temperature,26652,106608,1448768,644,26652,0,0.7515540000895271,3.2999740007491667,3.2999740007491667,8207678492,16449243248,985220529728,8207651840,108.97103200022684,110.15037800007121
nymeria,cuda,distrixsense,nymeria__all__qwen3_8b,qwen3_8b,all,7934884,31739536,543573952,3567,71988,7862896,5.055786000411899,13.223194000399694,37.33730400047861,8215586724,16480876176,6693424673600,8207651840,124.95362299978297,149.1835759998139
nymeria,cuda,dense,nymeria__all__qwen3_8b,qwen3_8b,all,7752188,31008752,1003004864,177284,30004,7722184,2.8713850006170105,47.30223700096952,170.39952500201645,8215404028,16480145392,21510192331584,8207651840,177.69790999955148,196.2888539992491
nymeria,cuda,dense_tokens,nymeria__all__qwen3_8b,qwen3_8b,all,7849604,31398416,542902208,45100,30004,7819600,2.6822339996215305,19.425150000118883,67.45118800015015,8215501444,16480535056,6693424001856,8207651840,124.95362299978297,145.55521700003737
nymeria,cuda,raw,nymeria__all__qwen3_8b,qwen3_8b,all,7752188,31008752,1003004864,10718368,7752188,0,12.735713999973086,3615.4026399997106,8604.916244000437,8215404028,16480145392,21510192331584,8207651840,177.69790999955148,197.2573699995337
nymeria,cuda,early_fusion,nymeria__all__qwen3_8b,qwen3_8b,all,6923516,27694064,442477504,10718368,6923516,0,9.184315999846149,3611.8065219995783,8601.32958500077,8214575356,16476830704,2459857847104,8207651840,111.95676699935575,127.11360399953264
nymeria,cuda,late_fusion,nymeria__all__qwen3_8b,qwen3_8b,all,7735714,30942856,493376640,3608,0,7735714,0.7315830007428303,7.932345000064501,29.862214000536046,8198471074,16412413576,2247551657088,8190735360,112.15989799984527,127.83926800057088
nymeria,cuda,local_only,nymeria__all__qwen3_8b,qwen3_8b,all,7735714,30942856,493376640,2132,0,7735714,1.2094859994249418,8.172708000003965,29.409119999988203,8198471074,16412413576,2247551657088,8190735360,112.15989799984527,128.95542199930787
nymeria,cuda,bottleneck,nymeria__all__qwen3_8b,qwen3_8b,all,7764160,31056640,1003676608,28044,36564,7727596,3.2317169998350437,15.75810999971627,52.093942001003704,8215416000,16480193280,21510193003328,8207651840,177.69790999955148,197.21490800020547
nymeria,cuda,tokenlearner,nymeria__all__qwen3_8b,qwen3_8b,all,7806308,31225232,542230464,45100,30004,7776304,2.7071040003647795,19.49267000002117,67.01803800066963,8215458148,16480361872,6693423330112,8207651840,124.95362299978297,145.1913759992749
nymeria,cuda,posthoc_vq,nymeria__all__qwen3_8b,qwen3_8b,all,8046076,32184304,1005691840,8856,71988,7974088,5.296927000017604,15.378176000584627,44.75560600147165,8215697916,16481320944,21510195018560,8207651840,177.69790999955148,205.30186999894795
nymeria,cuda,joint_vq,nymeria__all__qwen3_8b,qwen3_8b,all,8143492,32573968,543573952,3567,71988,8071504,5.130605999511317,14.676149999811336,42.87785000118092,8215795332,16481710608,6693424673600,8207651840,124.95362299978297,154.10293100012495
nymeria,cuda,deepconvlstm,nymeria__all__qwen3_8b,qwen3_8b,all,7626322,30505288,487321728,10718368,7626322,0,8.69916400006332,3611.262209999704,8600.782611999479,8215278162,16479641928,2459902691328,8207651840,111.95676699935575,126.82302199937112
nymeria,cuda,unrestricted_bank,nymeria__all__qwen3_8b,qwen3_8b,all,9666724,38666896,570443712,3567,71988,9594736,2.9050339999230346,11.037310999906644,35.11551299864877,8217318564,16487803536,6693451543360,8207651840,124.95362299978297,146.55156299977534
nymeria,cuda,separate_banks,nymeria__all__qwen3_8b,qwen3_8b,all,7934884,31739536,543573952,3567,71988,7862896,5.225757000516751,13.349613999505259,37.437483999686805,8215586724,16480876176,6693424673600,8207651840,124.95362299978297,148.95367299959617
nymeria,cuda,fixed_resampling,nymeria__all__qwen3_8b,qwen3_8b,all,7934884,31739536,114399680,3567,71988,7862896,4.991985000742716,12.664770001517631,35.724138001872774,8215586724,16480876176,6692995499328,8207651840,124.95362299978297,147.66280799995002
nymeria,cuda,finetune_encoders,nymeria__all__qwen3_8b,qwen3_8b,all,7934884,31739536,543573952,3567,71988,7862896,5.113756000355352,13.289833999603893,37.43520399742337,8215586724,16480876176,6693424673600,8207651840,124.95362299978297,149.50710700031777
nymeria,cuda,no_alignment,nymeria__all__qwen3_8b,qwen3_8b,all,7934884,31739536,543573952,3567,71988,7862896,4.997365000235732,13.174411999695899,37.39151299972363,8215586724,16480876176,6693424673600,8207651840,124.95362299978297,148.99389400034124
nymeria,cuda,no_usage,nymeria__all__qwen3_8b,qwen3_8b,all,7934884,31739536,543573952,3567,71988,7862896,5.122426000525593,13.236532001226173,37.39311500097173,8215586724,16480876176,6693424673600,8207651840,124.95362299978297,149.32615699945018
nymeria,cuda,tcn,nymeria__all__qwen3_8b,qwen3_8b,all,6908124,27632496,441291456,10718368,6908124,0,8.970995000709081,3611.53791100035,8601.047762998918,8214559964,16476769136,2459856661056,8207651840,111.95676699935575,127.30014499993558
nymeria,cuda,ts_transformer,nymeria__all__qwen3_8b,qwen3_8b,all,6920988,27683952,442340032,10718368,6920988,0,9.068557000318833,3611.667783001148,8601.197104003462,8214572828,16476820592,2459857709632,8207651840,111.95676699935575,127.62124599885283
nymeria,cuda,patchtst,nymeria__all__qwen3_8b,qwen3_8b,all,6744572,26978288,2403034176,10718368,6744572,0,9.625128000152472,3612.208623000451,8601.73523600048,8214396412,16476114928,2108995514176,8207651840,112.07107799964433,127.7720580001187
nymeria,mixed,distrixsense,nymeria__all__qwen3_8b,qwen3_8b,all,7934884,31739536,543573952,3567,71988,7862896,5.072105999715859,11.441753999658708,30.27338899967944,8215586724,16480876176,6693424673600,8207651840,124.95362299978297,142.3455809999723
nymeria,mixed,dense,nymeria__all__qwen3_8b,qwen3_8b,all,7752188,31008752,1003004864,177284,30004,7722184,2.90762500026176,45.99351000013679,165.09643699939653,8215404028,16480145392,21510192331584,8207651840,177.69790999955148,191.09734700032277
nymeria,mixed,dense_tokens,nymeria__all__qwen3_8b,qwen3_8b,all,7849604,31398416,542902208,45100,30004,7819600,2.716414000133227,17.794599999818892,60.60372299859417,8215501444,16480535056,6693424001856,8207651840,124.95362299978297,139.01555400025245
nymeria,mixed,raw,nymeria__all__qwen3_8b,qwen3_8b,all,7752188,31008752,1003004864,10718368,7752188,0,12.77954499983025,3614.63275700019,8602.52548200066,8215404028,16480145392,21510192331584,8207651840,177.69790999955148,194.95269799972448
nymeria,mixed,early_fusion,nymeria__all__qwen3_8b,qwen3_8b,all,6923516,27694064,442477504,10718368,6923516,0,9.26113700006681,3611.1251590007028,8599.007223000684,8214575356,16476830704,2459857847104,8207651840,111.95676699935575,124.98511299963866
nymeria,mixed,late_fusion,nymeria__all__qwen3_8b,qwen3_8b,all,7735714,30942856,493376640,3608,0,7735714,0.7365439996647183,6.615179999336519,24.35625899918218,8198471074,16412413576,2247551657088,8190735360,112.15989799984527,122.9771130001609
nymeria,mixed,local_only,nymeria__all__qwen3_8b,qwen3_8b,all,7735714,30942856,493376640,2132,0,7735714,1.2330859999565291,6.799123000221059,23.726361000305356,8198471074,16412413576,2247551657088,8190735360,112.15989799984527,123.28915299985965
nymeria,mixed,bottleneck,nymeria__all__qwen3_8b,qwen3_8b,all,7764160,31056640,1003676608,28044,36564,7727596,3.219466000700777,14.360931001157313,46.432670001915646,8215416000,16480193280,21510193003328,8207651840,177.69790999955148,191.86866099880717
nymeria,mixed,tokenlearner,nymeria__all__qwen3_8b,qwen3_8b,all,7806308,31225232,542230464,45100,30004,7776304,2.7401630004533217,17.724560000191268,60.37810299992096,8215458148,16480361872,6693423330112,8207651840,124.95362299978297,138.84719399902679
nymeria,mixed,posthoc_vq,nymeria__all__qwen3_8b,qwen3_8b,all,8046076,32184304,1005691840,8856,71988,7974088,5.3516970001510344,13.075935999612394,35.523153000012286,8215697916,16481320944,21510195018560,8207651840,177.69790999955148,196.67703599952802
nymeria,mixed,joint_vq,nymeria__all__qwen3_8b,qwen3_8b,all,8143492,32573968,543573952,3567,71988,8071504,5.068024999673071,11.93219399990749,32.22468999896009,8215795332,16481710608,6693424673600,8207651840,124.95362299978297,144.3539009997039
nymeria,mixed,deepconvlstm,nymeria__all__qwen3_8b,qwen3_8b,all,7626322,30505288,487321728,10718368,7626322,0,8.841665000545618,3610.708057000674,8598.591682000064,8215278162,16479641928,2459902691328,8207651840,111.95676699935575,124.95086299986724
nymeria,mixed,unrestricted_bank,nymeria__all__qwen3_8b,qwen3_8b,all,9666724,38666896,570443712,3567,71988,9594736,2.9135550003047683,9.37970400061868,28.45378100240268,8217318564,16487803536,6693451543360,8207651840,124.95362299978297,140.5501519993777
nymeria,mixed,separate_banks,nymeria__all__qwen3_8b,qwen3_8b,all,7934884,31739536,543573952,3567,71988,7862896,5.303746999743453,11.666195999875804,30.445779999657674,8215586724,16480876176,6693424673600,8207651840,124.95362299978297,142.47433099990303
nymeria,mixed,fixed_resampling,nymeria__all__qwen3_8b,qwen3_8b,all,7934884,31739536,114399680,3567,71988,7862896,5.14586600002076,10.669780999503296,27.43637399938379,8215586724,16480876176,6692995499328,8207651840,124.95362299978297,139.2193749998114
nymeria,mixed,finetune_encoders,nymeria__all__qwen3_8b,qwen3_8b,all,7934884,31739536,543573952,3567,71988,7862896,5.120265999721596,11.49756500015183,30.325678999664518,8215586724,16480876176,6693424673600,8207651840,124.95362299978297,142.4774110009821
nymeria,mixed,no_alignment,nymeria__all__qwen3_8b,qwen3_8b,all,7934884,31739536,543573952,3567,71988,7862896,5.17953700000362,11.545835000813263,30.341728001379664,8215586724,16480876176,6693424673600,8207651840,124.95362299978297,142.44462200076669
nymeria,mixed,no_usage,nymeria__all__qwen3_8b,qwen3_8b,all,7934884,31739536,543573952,3567,71988,7862896,5.241906000264862,11.634205000316165,30.433590999867732,8215586724,16480876176,6693424673600,8207651840,124.95362299978297,143.046444999527
nymeria,mixed,tcn,nymeria__all__qwen3_8b,qwen3_8b,all,6908124,27632496,441291456,10718368,6908124,0,9.335728000223753,3611.275669000615,8599.392514001978,8214559964,16476769136,2459856661056,8207651840,111.95676699935575,126.06985799993708
nymeria,mixed,ts_transformer,nymeria__all__qwen3_8b,qwen3_8b,all,6920988,27683952,442340032,10718368,6920988,0,8.987535000414937,3610.9257760005944,8599.040972002571,8214572828,16476820592,2459857709632,8207651840,111.95676699935575,125.37198400059424
nymeria,mixed,patchtst,nymeria__all__qwen3_8b,qwen3_8b,all,6744572,26978288,2403034176,10718368,6744572,0,9.768269000232976,3611.650281000702,8599.59443500435,8214396412,16476114928,2108995514176,8207651840,112.07107799964433,125.83839699982491
nymeria,cuda,distrixsense,nymeria__only_audio__qwen3_8b,qwen3_8b,only_audio,7109164,28436656,453406464,164,29556,7079608,0.6955740000194055,3.3402960010190377,5.928598001144756,8214761004,16477573296,1139718002560,8207651840,109.0865419992042,111.32407299919578
nymeria,cuda,dense,nymeria__only_audio__qwen3_8b,qwen3_8b,only_audio,7100252,28401008,456648448,8648,27508,7072744,0.5305530003170134,6.6632080000588205,12.595050999797857,8214752092,16477537648,1813885364096,8207651840,112.04884800008585,114.04892900100094
nymeria,cuda,dense_tokens,nymeria__only_audio__qwen3_8b,qwen3_8b,only_audio,7105004,28420016,453373696,2200,27508,7077496,0.5222130002948688,4.129166999514273,7.521228998475417,8214756844,16477556656,1139717969792,8207651840,109.0865419992042,111.0829819990613
nymeria,cuda,raw,nymeria__only_audio__qwen3_8b,qwen3_8b,only_audio,7100252,28401008,456648448,8232152,7100252,0,1.2658760006161174,3297.453113000605,6592.836396000773,8214752092,16477537648,1813885364096,8207651840,112.04884800008585,115.60437599928264
nymeria,cuda,early_fusion,nymeria__only_audio__qwen3_8b,qwen3_8b,only_audio,6633532,26534128,424316672,8232152,6633532,0,1.1853060004796134,3297.396162999879,6592.78537599918,8214285372,16475670768,1364108296064,8207651840,109.40757400021539,112.82715200104576
nymeria,cuda,late_fusion,nymeria__only_audio__qwen3_8b,qwen3_8b,only_audio,7073404,28293616,452188160,176,0,7073404,0.09172099998977501,2.702193999673391,5.255907999794418,8197808764,16409764336,1153159266560,8190735360,109.5203249997212,110.96665199966083
nymeria,cuda,local_only,nymeria__only_audio__qwen3_8b,qwen3_8b,only_audio,7073404,28293616,452188160,104,0,7073404,0.11955099944316316,2.6857429986807633,5.206295998082135,8197808764,16409764336,1153159266560,8190735360,109.5203249997212,111.00578199966549
nymeria,cuda,bottleneck,nymeria__only_audio__qwen3_8b,qwen3_8b,only_audio,7100836,28403344,456681216,1368,27828,7073008,0.5509129996426054,3.6291570006788128,6.663121000694495,8214752676,16477539984,1813885396864,8207651840,112.04884800008585,114.08159799975692
nymeria,cuda,tokenlearner,nymeria__only_audio__qwen3_8b,qwen3_8b,only_audio,7102892,28411568,453340928,2200,27508,7075384,0.5210530007389025,3.9600770005516823,7.342869000230857,8214754732,16477548208,1139717937024,8207651840,109.0865419992042,111.07663299935666
nymeria,cuda,posthoc_vq,nymeria__only_audio__qwen3_8b,qwen3_8b,only_audio,7106396,28425584,456779520,392,29556,7076840,0.7084829994710162,3.626997000344342,6.490891999942099,8214758236,16477562224,1813885495168,8207651840,112.04884800008585,114.71420100042451
nymeria,cuda,joint_vq,nymeria__only_audio__qwen3_8b,qwen3_8b,only_audio,7111148,28444592,453406464,164,29556,7081592,0.6797240002924809,3.4754070005275075,6.208060000670422,8214762988,16477581232,1139718002560,8207651840,109.0865419992042,111.67189499974484
nymeria,cuda,deepconvlstm,nymeria__only_audio__qwen3_8b,qwen3_8b,only_audio,7099186,28396744,453825920,8232152,7099186,0,0.8295839998027077,3297.0541810003247,6592.446074000388,8214751026,16477533384,1364137805312,8207651840,109.40757400021539,112.50467999980174
nymeria,cuda,unrestricted_bank,nymeria__only_audio__qwen3_8b,qwen3_8b,only_audio,7111276,28445104,453439232,164,29556,7081720,0.5489329996635206,3.4793869984551797,6.067480998961592,8214763116,16477581744,1139718035328,8207651840,109.0865419992042,111.20901399863214
nymeria,cuda,separate_banks,nymeria__only_audio__qwen3_8b,qwen3_8b,only_audio,7109164,28436656,453406464,164,29556,7079608,0.7108739991963375,3.359337997912103,5.9482809980802,8214761004,16477573296,1139718002560,8207651840,109.0865419992042,111.34552299881761
nymeria,cuda,fixed_resampling,nymeria__only_audio__qwen3_8b,qwen3_8b,only_audio,7109164,28436656,38456320,164,29556,7079608,0.6895340002301964,3.2775270004404824,5.812190000750171,8214761004,16477573296,1139303052416,8207651840,109.0865419992042,111.2434429987843
nymeria,cuda,finetune_encoders,nymeria__only_audio__qwen3_8b,qwen3_8b,only_audio,7109164,28436656,453406464,164,29556,7079608,0.6992039998294786,3.3462059994545648,5.924528998246579,8214761004,16477573296,1139718002560,8207651840,109.0865419992042,111.33226199945057
nymeria,cuda,no_alignment,nymeria__only_audio__qwen3_8b,qwen3_8b,only_audio,7109164,28436656,453406464,164,29556,7079608,0.6820130001869984,3.327635000763717,5.909088000106031,8214761004,16477573296,1139718002560,8207651840,109.0865419992042,111.31942399970285
nymeria,cuda,no_usage,nymeria__only_audio__qwen3_8b,qwen3_8b,only_audio,7109164,28436656,453406464,164,29556,7079608,0.6864839997433592,3.3243469991558463,5.913089998710539,8214761004,16477573296,1139718002560,8207651840,109.0865419992042,111.32772399923851
nymeria,cuda,tcn,nymeria__only_audio__qwen3_8b,qwen3_8b,only_audio,6619388,26477552,423130624,8232152,6619388,0,0.9238839993486181,3297.1468899998704,6592.538663000293,8214271228,16475614192,1364107110016,8207651840,109.40757400021539,112.64597900026274
nymeria,cuda,ts_transformer,nymeria__only_audio__qwen3_8b,qwen3_8b,only_audio,6632252,26529008,424179200,8232152,6632252,0,1.0260850003760424,3297.224541001318,6592.6092430005765,8214284092,16475665648,1364108158592,8207651840,109.40757400021539,112.70509000041784
nymeria,cuda,patchtst,nymeria__only_audio__qwen3_8b,qwen3_8b,only_audio,6517308,26069232,1710926208,8232152,6517308,0,1.438047000192455,3297.638905001198,6593.030548001177,8214169148,16475205872,1014872329600,8207651840,108.77114100003382,112.43093899975065
nymeria,mixed,distrixsense,nymeria__only_audio__qwen3_8b,qwen3_8b,only_audio,7109164,28436656,453406464,164,29556,7079608,0.71163400025398,3.55343800068486,6.304132000576111,8214761004,16477573296,1139718002560,8207651840,109.0865419992042,111.94588699891028
nymeria,mixed,dense,nymeria__only_audio__qwen3_8b,qwen3_8b,only_audio,7100252,28401008,456648448,8648,27508,7072744,0.5457730003399774,6.705927000761894,12.796900000202621,8214752092,16477537648,1813885364096,8207651840,112.04884800008585,114.5162690008874
nymeria,mixed,dense_tokens,nymeria__only_audio__qwen3_8b,qwen3_8b,only_audio,7105004,28420016,453373696,2200,27508,7077496,0.5274919994917582,4.160356999814103,7.725329999620735,8214756844,16477556656,1139717969792,8207651840,109.0865419992042,111.62832399895706
nymeria,mixed,raw,nymeria__only_audio__qwen3_8b,qwen3_8b,only_audio,7100252,28401008,456648448,8232152,7100252,0,1.251726000191411,3297.129282000545,6592.202793000676,8214752092,16477537648,1813885364096,8207651840,112.04884800008585,114.95122199994512
nymeria,mixed,early_fusion,nymeria__only_audio__qwen3_8b,qwen3_8b,only_audio,6633532,26534128,424316672,8232152,6633532,0,1.1847860005218536,3297.078581001491,6592.157562001073,8214285372,16475670768,1364108296064,8207651840,109.40757400021539,112.2369089998756
nymeria,mixed,late_fusion,nymeria__only_audio__qwen3_8b,qwen3_8b,only_audio,7073404,28293616,452188160,176,0,7073404,0.0950009998632595,2.8879140001185353,5.6089169996038075,8197808764,16409764336,1153159266560,8190735360,109.5203249997212,111.4301349989546
nymeria,mixed,local_only,nymeria__only_audio__qwen3_8b,qwen3_8b,only_audio,7073404,28293616,452188160,104,0,7073404,0.12325100033194758,2.8732049998029483,5.5738280002833225,8197808764,16409764336,1153159266560,8190735360,109.5203249997212,111.6034659989964
nymeria,mixed,bottleneck,nymeria__only_audio__qwen3_8b,qwen3_8b,only_audio,7100836,28403344,456681216,1368,27828,7073008,0.5586030001722975,3.814995999410737,7.008028999318462,8214752676,16477539984,1813885396864,8207651840,112.04884800008585,114.53730000084761
nymeria,mixed,tokenlearner,nymeria__only_audio__qwen3_8b,qwen3_8b,only_audio,7102892,28411568,453340928,2200,27508,7075384,0.5235529997662525,4.186045999626804,7.7312089997483415,8214754732,16477548208,1139717937024,8207651840,109.0865419992042,111.6253139989567
nymeria,mixed,posthoc_vq,nymeria__only_audio__qwen3_8b,qwen3_8b,only_audio,7106396,28425584,456779520,392,29556,7076840,0.7158439993872889,3.674127998044493,6.5768419986621245,8214758236,16477562224,1813885495168,8207651840,112.04884800008585,115.01757299902238
nymeria,mixed,joint_vq,nymeria__only_audio__qwen3_8b,qwen3_8b,only_audio,7111148,28444592,453406464,164,29556,7081592,0.6919940005900571,3.6015889994215335,6.432312000168359,8214762988,16477581232,1139718002560,8207651840,109.0865419992042,112.01436699866463
nymeria,mixed,deepconvlstm,nymeria__only_audio__qwen3_8b,qwen3_8b,only_audio,7099186,28396744,453825920,8232152,7099186,0,0.821554999674845,3296.684539999054,6591.756130999481,8214751026,16477533384,1364137805312,8207651840,109.40757400021539,111.8963659992005
nymeria,mixed,unrestricted_bank,nymeria__only_audio__qwen3_8b,qwen3_8b,only_audio,7111276,28445104,453439232,164,29556,7081720,0.5480030004036962,3.3895380004961275,6.1428819996474076,8214763116,16477581744,1139718035328,8207651840,109.0865419992042,111.7127059997074
nymeria,mixed,separate_banks,nymeria__only_audio__qwen3_8b,qwen3_8b,only_audio,7109164,28436656,453406464,164,29556,7079608,0.9960150000551948,3.8426380009096697,6.604311000654171,8214761004,16477573296,1139718002560,8207651840,109.0865419992042,111.88596699867048
nymeria,mixed,fixed_resampling,nymeria__only_audio__qwen3_8b,qwen3_8b,only_audio,7109164,28436656,38456320,164,29556,7079608,0.7233939995785477,3.200834998400847,5.62358699759735,8214761004,16477573296,1139303052416,8207651840,109.0865419992042,111.30168399904505
nymeria,mixed,finetune_encoders,nymeria__only_audio__qwen3_8b,qwen3_8b,only_audio,7109164,28436656,453406464,164,29556,7079608,0.7180729999163304,3.585896999842685,6.367681000181811,8214761004,16477573296,1139718002560,8207651840,109.0865419992042,111.86528599955636
nymeria,mixed,no_alignment,nymeria__only_audio__qwen3_8b,qwen3_8b,only_audio,7109164,28436656,453406464,164,29556,7079608,0.6963129999348894,3.6114269999726325,6.416179999785719,8214761004,16477573296,1139718002560,8207651840,109.0865419992042,111.87271499784401
nymeria,mixed,no_usage,nymeria__only_audio__qwen3_8b,qwen3_8b,only_audio,7109164,28436656,453406464,164,29556,7079608,0.7025539998721797,3.5393580004293703,6.319652000154939,8214761004,16477573296,1139718002560,8207651840,109.0865419992042,111.8701269988378
nymeria,mixed,tcn,nymeria__only_audio__qwen3_8b,qwen3_8b,only_audio,6619388,26477552,423130624,8232152,6619388,0,0.9466850005992455,3296.9399900014955,6592.009061001288,8214271228,16475614192,1364107110016,8207651840,109.40757400021539,111.97564600115584
nymeria,mixed,ts_transformer,nymeria__only_audio__qwen3_8b,qwen3_8b,only_audio,6632252,26529008,424179200,8232152,6632252,0,1.0078049999719951,3296.893119999671,6591.9652819990615,8214284092,16475665648,1364108158592,8207651840,109.40757400021539,112.09004800002731
nymeria,mixed,patchtst,nymeria__only_audio__qwen3_8b,qwen3_8b,only_audio,6517308,26069232,1710926208,8232152,6517308,0,1.4371779998327838,3297.317822999806,6592.388264000571,8214169148,16475205872,1014872329600,8207651840,108.77114100003382,111.83843700109719
nymeria,cuda,distrixsense,nymeria__only_barometer__qwen3_8b,qwen3_8b,only_barometer,43024,172096,1633792,164,29556,13468,0.6872930007375544,3.2793150006310547,5.813618001109909,8207694864,16449308736,1139266229888,8207651840,109.0865419992042,111.24876299982134
nymeria,cuda,dense,nymeria__only_barometer__qwen3_8b,qwen3_8b,only_barometer,34112,136448,4875776,8648,27508,6604,0.5302130002746708,6.384824999581487,12.182245999346813,8207685952,16449273088,1813433591424,8207651840,112.04884800008585,113.77060699942376
nymeria,cuda,dense_tokens,nymeria__only_barometer__qwen3_8b,qwen3_8b,only_barometer,38864,155456,1601024,2200,27508,11356,0.5169830001250375,3.908065000355127,7.232946999456326,8207690704,16449292096,1139266197120,8207651840,109.0865419992042,111.00932099907368
nymeria,cuda,raw,nymeria__only_barometer__qwen3_8b,qwen3_8b,only_barometer,34112,136448,4875776,2488,34112,0,1.1406359999455162,4.239907000296331,7.295567000282381,8207685952,16449273088,1813433591424,8207651840,112.04884800008585,113.69893699975364
nymeria,cuda,early_fusion,nymeria__only_barometer__qwen3_8b,qwen3_8b,only_barometer,27680,110720,2002432,2488,27680,0,1.0426849994473741,4.145934999100678,7.201864998959855,8207679520,16449247360,1363685981824,8207651840,109.40757400021539,110.97498100025405
nymeria,cuda,late_fusion,nymeria__only_barometer__qwen3_8b,qwen3_8b,only_barometer,7264,29056,415488,176,0,7264,0.09210099960910156,2.577142999277776,5.0133249981580414,8190742624,16381499776,1152707493888,8190735360,109.5203249997212,110.73807999946439
nymeria,cuda,local_only,nymeria__only_barometer__qwen3_8b,qwen3_8b,only_barometer,7264,29056,415488,104,0,7264,0.12132000028941547,2.5883339997267116,5.00555600004642,8190742624,16381499776,1152707493888,8190735360,109.5203249997212,110.79447099928075
nymeria,cuda,bottleneck,nymeria__only_barometer__qwen3_8b,qwen3_8b,only_barometer,34696,138784,4908544,1368,27828,6868,0.551692000044568,3.516133999502042,6.426746999333822,8207686536,16449275424,1813433624192,8207651840,112.04884800008585,113.87820700019802
nymeria,cuda,tokenlearner,nymeria__only_barometer__qwen3_8b,qwen3_8b,only_barometer,36752,147008,1568256,2200,27508,9244,0.5210130002524238,3.8955349991691763,7.211196999369131,8207688592,16449283648,1139266164352,8207651840,109.0865419992042,110.97884099854127
nymeria,cuda,posthoc_vq,nymeria__only_barometer__qwen3_8b,qwen3_8b,only_barometer,40256,161024,5006848,392,29556,10700,0.7004640001468943,3.473117000600975,6.190210000181245,8207692096,16449297664,1813433722496,8207651840,112.04884800008585,114.40951100030361
nymeria,cuda,joint_vq,nymeria__only_barometer__qwen3_8b,qwen3_8b,only_barometer,45008,180032,1633792,164,29556,15452,0.6902029999764636,3.4490680003128595,6.141912000810599,8207696848,16449316672,1139266229888,8207651840,109.0865419992042,111.55770500045037
nymeria,cuda,deepconvlstm,nymeria__only_barometer__qwen3_8b,qwen3_8b,only_barometer,33046,132184,2053248,2488,33046,0,0.6764440004189964,3.7810150001993637,6.839225000502984,8207684886,16449268824,1363686032640,8207651840,109.40757400021539,110.62665000008565
nymeria,cuda,unrestricted_bank,nymeria__only_barometer__qwen3_8b,qwen3_8b,only_barometer,45136,180544,1666560,164,29556,15580,0.54882299991732,3.1529449991777305,5.687327998810552,8207696976,16449317184,1139266262656,8207651840,109.0865419992042,111.13373299940577
nymeria,cuda,separate_banks,nymeria__only_barometer__qwen3_8b,qwen3_8b,only_barometer,43024,172096,1633792,164,29556,13468,0.6976239992582123,3.319585999028373,5.848547998237528,8207694864,16449308736,1139266229888,8207651840,109.0865419992042,111.2646430001405
nymeria,cuda,fixed_resampling,nymeria__only_barometer__qwen3_8b,qwen3_8b,only_barometer,43024,172096,1633280,164,29556,13468,0.6869240005471511,3.2625160004809963,5.776627999392268,8207694864,16449308736,1139266229376,8207651840,109.0865419992042,111.20975299945712
nymeria,cuda,finetune_encoders,nymeria__only_barometer__qwen3_8b,qwen3_8b,only_barometer,43024,172096,1633792,164,29556,13468,0.7030829992800136,3.3022069995550787,5.8376800003936395,8207694864,16449308736,1139266229888,8207651840,109.0865419992042,111.278152999148
nymeria,cuda,no_alignment,nymeria__only_barometer__qwen3_8b,qwen3_8b,only_barometer,43024,172096,1633792,164,29556,13468,0.682132999827445,3.3030159987302845,5.842488998194504,8207694864,16449308736,1139266229888,8207651840,109.0865419992042,111.27450399817462
nymeria,cuda,no_usage,nymeria__only_barometer__qwen3_8b,qwen3_8b,only_barometer,43024,172096,1633792,164,29556,13468,0.6859140003143693,3.2802169992774957,5.817808999079908,8207694864,16449308736,1139266229888,8207651840,109.0865419992042,111.24503199880564
nymeria,cuda,tcn,nymeria__only_barometer__qwen3_8b,qwen3_8b,only_barometer,13536,54144,816384,2488,13536,0,0.816864000626083,3.9179950004060404,6.97301499988439,8207665376,16449190784,1363684795776,8207651840,109.40757400021539,110.74481000105152
nymeria,cuda,ts_transformer,nymeria__only_barometer__qwen3_8b,qwen3_8b,only_barometer,26400,105600,1864960,2488,26400,0,0.875945000188949,3.977425999905495,7.032237000229862,8207678240,16449242240,1363685844352,8207651840,109.40757400021539,110.83667200000491
nymeria,cuda,patchtst,nymeria__only_barometer__qwen3_8b,qwen3_8b,only_barometer,26528,106112,726144,2488,26528,0,0.9351140006401693,4.033765002090764,7.089276002288307,8207678368,16449242752,1013162129536,8207651840,108.77114100003382,110.22528800003784
nymeria,mixed,distrixsense,nymeria__only_barometer__qwen3_8b,qwen3_8b,only_barometer,43024,172096,1633792,164,29556,13468,0.6941130004634033,2.9869640014422707,5.220765000256698,8207694864,16449308736,1139266229888,8207651840,109.0865419992042,110.8115609995366
nymeria,mixed,dense,nymeria__only_barometer__qwen3_8b,qwen3_8b,only_barometer,34112,136448,4875776,8648,27508,6604,0.5445729993880377,6.169063998963556,11.740134998680768,8207685952,16449273088,1813433591424,8207651840,112.04884800008585,113.42859500018676
nymeria,mixed,dense_tokens,nymeria__only_barometer__qwen3_8b,qwen3_8b,only_barometer,38864,155456,1601024,2200,27508,11356,0.5266520001896424,3.61473200063745,6.650482000613701,8207690704,16449292096,1139266197120,8207651840,109.0865419992042,110.56062999978167
nymeria,mixed,raw,nymeria__only_barometer__qwen3_8b,qwen3_8b,only_barometer,34112,136448,4875776,2488,34112,0,1.1026859992853133,4.149885998699279,7.154675999144593,8207685952,16449273088,1813433591424,8207651840,112.04884800008585,113.62565699892002
nymeria,mixed,early_fusion,nymeria__only_barometer__qwen3_8b,qwen3_8b,only_barometer,27680,110720,2002432,2488,27680,0,1.032764999763458,4.079534999177373,7.084204999072745,8207679520,16449247360,1363685981824,8207651840,109.40757400021539,110.89279200041346
nymeria,mixed,late_fusion,nymeria__only_barometer__qwen3_8b,qwen3_8b,only_barometer,7264,29056,415488,176,0,7264,0.09426000087842112,2.334282000581361,4.528902001124934,8190742624,16381499776,1152707493888,8190735360,109.5203249997212,110.34929999914311
nymeria,mixed,local_only,nymeria__only_barometer__qwen3_8b,qwen3_8b,only_barometer,7264,29056,415488,104,0,7264,0.121739999485726,2.333880999929062,4.504340998696501,8190742624,16381499776,1152707493888,8190735360,109.5203249997212,110.40050000065094
nymeria,mixed,bottleneck,nymeria__only_barometer__qwen3_8b,qwen3_8b,only_barometer,34696,138784,4908544,1368,27828,6868,0.5726529998355545,3.296382999243203,5.974403999554902,8207686536,16449275424,1813433624192,8207651840,112.04884800008585,113.48745600025723
nymeria,mixed,tokenlearner,nymeria__only_barometer__qwen3_8b,qwen3_8b,only_barometer,36752,147008,1568256,2200,27508,9244,0.5208120001043426,3.598033998964529,6.6281749986862994,8207688592,16449283648,1139266164352,8207651840,109.0865419992042,110.53757999980007
nymeria,mixed,posthoc_vq,nymeria__only_barometer__qwen3_8b,qwen3_8b,only_barometer,40256,161024,5006848,392,29556,10700,0.7159729993873043,3.1411249990808545,5.501565998724394,8207692096,16449297664,1813433722496,8207651840,112.04884800008585,113.86560700066184
nymeria,mixed,joint_vq,nymeria__only_barometer__qwen3_8b,qwen3_8b,only_barometer,45008,180032,1633792,164,29556,15452,0.7037039995339001,3.0698049989351652,5.372937998498138,8207696848,16449316672,1139266229888,8207651840,109.0865419992042,110.92326099878846
nymeria,mixed,deepconvlstm,nymeria__only_barometer__qwen3_8b,qwen3_8b,only_barometer,33046,132184,2053248,2488,33046,0,0.6712229996992392,3.7187039993247484,6.723373999220121,8207684886,16449268824,1363686032640,8207651840,109.40757400021539,110.56164000092394
nymeria,mixed,unrestricted_bank,nymeria__only_barometer__qwen3_8b,qwen3_8b,only_barometer,45136,180544,1666560,164,29556,15580,0.5569329996433225,2.864153999629803,5.1003150007711255,8207696976,16449317184,1139266262656,8207651840,109.0865419992042,110.64661999898817
nymeria,mixed,separate_banks,nymeria__only_barometer__qwen3_8b,qwen3_8b,only_barometer,43024,172096,1633792,164,29556,13468,0.7090939998306567,3.0028550002808565,5.241986000026564,8207694864,16449308736,1139266229888,8207651840,109.0865419992042,110.79795999921771
nymeria,mixed,fixed_resampling,nymeria__only_barometer__qwen3_8b,qwen3_8b,only_barometer,43024,172096,1633280,164,29556,13468,0.6825529999332502,2.9537839994501205,5.169764999362279,8207694864,16449308736,1139266229376,8207651840,109.0865419992042,110.78686099790502
nymeria,mixed,finetune_encoders,nymeria__only_barometer__qwen3_8b,qwen3_8b,only_barometer,43024,172096,1633792,164,29556,13468,0.688633000208938,2.9800850009761284,5.220226000954618,8207694864,16449308736,1139266229888,8207651840,109.0865419992042,110.7849099989835
nymeria,mixed,no_alignment,nymeria__only_barometer__qwen3_8b,qwen3_8b,only_barometer,43024,172096,1633792,164,29556,13468,0.7071829995766166,3.0063340012330677,5.240155000745482,8207694864,16449308736,1139266229888,8207651840,109.0865419992042,110.78183099925809
nymeria,mixed,no_usage,nymeria__only_barometer__qwen3_8b,qwen3_8b,only_barometer,43024,172096,1633792,164,29556,13468,0.6807839999964926,2.9728849998119635,5.209765999705461,8207694864,16449308736,1139266229888,8207651840,109.0865419992042,110.78892099885707
nymeria,mixed,tcn,nymeria__only_barometer__qwen3_8b,qwen3_8b,only_barometer,13536,54144,816384,2488,13536,0,0.9164539997073007,3.9708839981491795,6.975663997790753,8207665376,16449190784,1363684795776,8207651840,109.40757400021539,110.66991099960433
nymeria,mixed,ts_transformer,nymeria__only_barometer__qwen3_8b,qwen3_8b,only_barometer,26400,105600,1864960,2488,26400,0,0.8726539999770466,3.925784000343515,6.930664000746538,8207678240,16449242240,1363685844352,8207651840,109.40757400021539,110.73854100050085
nymeria,mixed,patchtst,nymeria__only_barometer__qwen3_8b,qwen3_8b,only_barometer,26528,106112,726144,2488,26528,0,0.9516349991827155,3.998665000394499,7.003395000564843,8207678368,16449242752,1013162129536,8207651840,108.77114100003382,110.1435569989917
nymeria,cuda,distrixsense,nymeria__only_body_acceleration__qwen3_8b,qwen3_8b,only_body_acceleration,51182,204728,1839552,81,28468,22714,0.5400829995778622,3.143285999641998,3.143285999641998,8207703022,16449341368,999225308480,8207651840,109.46943500039197,110.96652200012613
nymeria,cuda,dense,nymeria__only_body_acceleration__qwen3_8b,qwen3_8b,only_body_acceleration,46726,186904,3214784,4324,27444,19282,0.47520299995085225,6.326805999701482,6.326805999701482,8207698566,16449323544,1335685889344,8207651840,109.57651500029897,110.86235199945804
nymeria,cuda,dense_tokens,nymeria__only_body_acceleration__qwen3_8b,qwen3_8b,only_body_acceleration,49102,196408,1823168,1100,27444,21658,0.45000200043432415,3.8198740003234706,3.8198740003234706,8207700942,16449333048,999225292096,8207651840,109.46943500039197,110.80995200063626
nymeria,cuda,raw,nymeria__only_body_acceleration__qwen3_8b,qwen3_8b,only_body_acceleration,46726,186904,3214784,205452,46726,0,0.8579350005675224,167.35670500058387,167.35670500058387,8207698566,16449323544,1335685889344,8207651840,109.57651500029897,110.8869820009204
nymeria,cuda,early_fusion,nymeria__only_body_acceleration__qwen3_8b,qwen3_8b,only_body_acceleration,34822,139288,2454976,205452,34822,0,0.8639239995318349,167.36182399965384,167.36182399965384,8207686662,16449275928,1335685129536,8207651840,109.57651500029897,110.89908200028731
nymeria,cuda,late_fusion,nymeria__only_body_acceleration__qwen3_8b,qwen3_8b,only_body_acceleration,19612,78448,1221760,88,0,19612,0.07528999958594795,2.5629619996356543,2.5629619996356543,8190754972,16381549168,1124742384768,8190735360,109.45729400009441,110.27166800067789
nymeria,cuda,local_only,nymeria__only_body_acceleration__qwen3_8b,qwen3_8b,only_body_acceleration,19612,78448,1221760,52,0,19612,0.09016000058181817,2.550782001223962,2.550782001223962,8190754972,16381549168,1124742384768,8190735360,109.45729400009441,110.30766800013225
nymeria,cuda,bottleneck,nymeria__only_body_acceleration__qwen3_8b,qwen3_8b,only_body_acceleration,47018,188072,3231168,684,27604,19414,0.4907729999104049,3.456804999833391,3.456804999833391,8207698858,16449324712,1335685905728,8207651840,109.57651500029897,110.90497100030916
nymeria,cuda,tokenlearner,nymeria__only_body_acceleration__qwen3_8b,qwen3_8b,only_body_acceleration,48046,192184,1806784,1100,27444,20602,0.4401019996294053,3.8115549996244953,3.8115549996244953,8207699886,16449328824,999225275712,8207651840,109.46943500039197,110.79826100103674
nymeria,cuda,posthoc_vq,nymeria__only_body_acceleration__qwen3_8b,qwen3_8b,only_body_acceleration,48774,195096,3280320,192,28468,20306,0.5734829992434243,3.3360359999081934,3.3360359999081934,8207700614,16449331736,1335685954880,8207651840,109.57651500029897,111.20162300085212
nymeria,cuda,joint_vq,nymeria__only_body_acceleration__qwen3_8b,qwen3_8b,only_body_acceleration,51150,204600,1839552,81,28468,22682,0.5442629999379278,3.2946270003157085,3.2946270003157085,8207702990,16449341240,999225308480,8207651840,109.46943500039197,111.14579399963986
nymeria,cuda,deepconvlstm,nymeria__only_body_acceleration__qwen3_8b,qwen3_8b,only_body_acceleration,48860,195440,3056768,205452,48860,0,0.49168199984706007,166.99838300011817,166.99838300011817,8207700700,16449332080,1335685731328,8207651840,109.57651500029897,110.57481100033328
nymeria,cuda,unrestricted_bank,nymeria__only_body_acceleration__qwen3_8b,qwen3_8b,only_body_acceleration,51182,204728,1839552,81,28468,22714,0.4860929993810714,3.0780749994227197,3.0780749994227197,8207703022,16449341368,999225308480,8207651840,109.46943500039197,110.90739300016139
nymeria,cuda,separate_banks,nymeria__only_body_acceleration__qwen3_8b,qwen3_8b,only_body_acceleration,51182,204728,1839552,81,28468,22714,0.5650829998558038,3.1611260001517483,3.1611260001517483,8207703022,16449341368,999225308480,8207651840,109.46943500039197,110.96438200002012
nymeria,cuda,fixed_resampling,nymeria__only_body_acceleration__qwen3_8b,qwen3_8b,only_body_acceleration,51182,204728,1521600,81,28468,22714,0.5442129995572031,3.095504998811416,3.095504998811416,8207703022,16449341368,999224990528,8207651840,109.46943500039197,110.92460300005769
nymeria,cuda,finetune_encoders,nymeria__only_body_acceleration__qwen3_8b,qwen3_8b,only_body_acceleration,51182,204728,1839552,81,28468,22714,0.5998130000079982,3.191775998886337,3.191775998886337,8207703022,16449341368,999225308480,8207651840,109.46943500039197,110.95737300001929
nymeria,cuda,no_alignment,nymeria__only_body_acceleration__qwen3_8b,qwen3_8b,only_body_acceleration,51182,204728,1839552,81,28468,22714,0.5419119997895905,3.1312450001058867,3.1312450001058867,8207703022,16449341368,999225308480,8207651840,109.46943500039197,110.95126300006086
nymeria,cuda,no_usage,nymeria__only_body_acceleration__qwen3_8b,qwen3_8b,only_body_acceleration,51182,204728,1839552,81,28468,22714,0.5483530003402848,3.1510050012292457,3.1510050012292457,8207703022,16449341368,999225308480,8207651840,109.46943500039197,110.9573330004423
nymeria,cuda,tcn,nymeria__only_body_acceleration__qwen3_8b,qwen3_8b,only_body_acceleration,20710,82840,1268928,205452,20710,0,0.5898529998376034,167.09638299964337,167.09638299964337,8207672550,16449219480,1335683943488,8207651840,109.57651500029897,110.68275000070571
nymeria,cuda,ts_transformer,nymeria__only_body_acceleration__qwen3_8b,qwen3_8b,only_body_acceleration,33574,134296,2317504,205452,33574,0,0.6891430002724519,167.18795400030996,167.18795400030996,8207685414,16449270936,1335684992064,8207651840,109.57651500029897,110.79073099972447
nymeria,cuda,patchtst,nymeria__only_body_acceleration__qwen3_8b,qwen3_8b,only_body_acceleration,31590,126360,25176384,205452,31590,0,0.7820740001989179,167.27694399962257,167.27694399962257,8207683430,16449263000,985244257344,8207651840,108.97103200022684,110.27005900086806
nymeria,mixed,distrixsense,nymeria__only_body_acceleration__qwen3_8b,qwen3_8b,only_body_acceleration,51182,204728,1839552,81,28468,22714,0.5447730000014417,2.8892740010923124,2.8892740010923124,8207703022,16449341368,999225308480,8207651840,109.46943500039197,110.79261200120527
nymeria,mixed,dense,nymeria__only_body_acceleration__qwen3_8b,qwen3_8b,only_body_acceleration,46726,186904,3214784,4324,27444,19282,0.4620930003511603,6.129823001497006,6.129823001497006,8207698566,16449323544,1335685889344,8207651840,109.57651500029897,110.75576100029139
nymeria,mixed,dense_tokens,nymeria__only_body_acceleration__qwen3_8b,qwen3_8b,only_body_acceleration,49102,196408,1823168,1100,27444,21658,0.44178200005262624,3.5842330007607233,3.5842330007607233,8207700942,16449333048,999225292096,8207651840,109.46943500039197,110.66368100000545
nymeria,mixed,raw,nymeria__only_body_acceleration__qwen3_8b,qwen3_8b,only_body_acceleration,46726,186904,3214784,205452,46726,0,0.8350939997399109,167.2743749990512,167.2743749990512,8207698566,16449323544,1335685889344,8207651840,109.57651500029897,110.85395100053574
nymeria,mixed,early_fusion,nymeria__only_body_acceleration__qwen3_8b,qwen3_8b,only_body_acceleration,34822,139288,2454976,205452,34822,0,0.820593999378616,167.25922499919744,167.25922499919744,8207686662,16449275928,1335685129536,8207651840,109.57651500029897,110.85668100167823
nymeria,mixed,late_fusion,nymeria__only_body_acceleration__qwen3_8b,qwen3_8b,only_body_acceleration,19612,78448,1221760,88,0,19612,0.07670000013604295,2.3702009986185932,2.3702009986185932,8190754972,16381549168,1124742384768,8190735360,109.45729400009441,110.1568470003258
nymeria,mixed,local_only,nymeria__only_body_acceleration__qwen3_8b,qwen3_8b,only_body_acceleration,19612,78448,1221760,52,0,19612,0.0915099999474478,2.3632609993614837,2.3632609993614837,8190754972,16381549168,1124742384768,8190735360,109.45729400009441,110.18754799988528
nymeria,mixed,bottleneck,nymeria__only_body_acceleration__qwen3_8b,qwen3_8b,only_body_acceleration,47018,188072,3231168,684,27604,19414,0.48783199963509105,3.262282999704464,3.262282999704464,8207698858,16449324712,1335685905728,8207651840,109.57651500029897,110.80663099983212
nymeria,mixed,tokenlearner,nymeria__only_body_acceleration__qwen3_8b,qwen3_8b,only_body_acceleration,48046,192184,1806784,1100,27444,20602,0.44590299967239844,3.5928840006771496,3.5928840006771496,8207699886,16449328824,999225275712,8207651840,109.46943500039197,110.66397200011124
nymeria,mixed,posthoc_vq,nymeria__only_body_acceleration__qwen3_8b,qwen3_8b,only_body_acceleration,48774,195096,3280320,192,28468,20306,0.5820730002596974,3.066584000024153,3.066584000024153,8207700614,16449331736,1335685954880,8207651840,109.57651500029897,111.00578100013081
nymeria,mixed,joint_vq,nymeria__only_body_acceleration__qwen3_8b,qwen3_8b,only_body_acceleration,51150,204600,1839552,81,28468,22682,0.5431319996205275,2.967343999472982,2.967343999472982,8207702990,16449341240,999225308480,8207651840,109.46943500039197,110.88249100066605
nymeria,mixed,deepconvlstm,nymeria__only_body_acceleration__qwen3_8b,qwen3_8b,only_body_acceleration,48860,195440,3056768,205452,48860,0,0.49091199980466627,166.92726299917905,166.92726299917905,8207700700,16449332080,1335685731328,8207651840,109.57651500029897,110.53772999912326
nymeria,mixed,unrestricted_bank,nymeria__only_body_acceleration__qwen3_8b,qwen3_8b,only_body_acceleration,51182,204728,1839552,81,28468,22714,0.4640220004148432,2.8202030016763135,2.8202030016763135,8207703022,16449341368,999225308480,8207651840,109.46943500039197,110.75867100043979
nymeria,mixed,separate_banks,nymeria__only_body_acceleration__qwen3_8b,qwen3_8b,only_body_acceleration,51182,204728,1839552,81,28468,22714,0.5703520000679418,2.913533000566426,2.913533000566426,8207703022,16449341368,999225308480,8207651840,109.46943500039197,110.8128530004251
nymeria,mixed,fixed_resampling,nymeria__only_body_acceleration__qwen3_8b,qwen3_8b,only_body_acceleration,51182,204728,1521600,81,28468,22714,0.5551730000661337,2.8199250000688014,2.8199250000688014,8207703022,16449341368,999224990528,8207651840,109.46943500039197,110.70562100121606
nymeria,mixed,finetune_encoders,nymeria__only_body_acceleration__qwen3_8b,qwen3_8b,only_body_acceleration,51182,204728,1839552,81,28468,22714,0.5857430005562492,2.9294440010124934,2.9294440010124934,8207703022,16449341368,999225308480,8207651840,109.46943500039197,110.79648200120573
nymeria,mixed,no_alignment,nymeria__only_body_acceleration__qwen3_8b,qwen3_8b,only_body_acceleration,51182,204728,1839552,81,28468,22714,0.541041999895242,2.8856729996113106,2.8856729996113106,8207703022,16449341368,999225308480,8207651840,109.46943500039197,110.81555300006585
nymeria,mixed,no_usage,nymeria__only_body_acceleration__qwen3_8b,qwen3_8b,only_body_acceleration,51182,204728,1839552,81,28468,22714,0.5438429998321226,2.8927739986392087,2.8927739986392087,8207703022,16449341368,999225308480,8207651840,109.46943500039197,110.79724100090971
nymeria,mixed,tcn,nymeria__only_body_acceleration__qwen3_8b,qwen3_8b,only_body_acceleration,20710,82840,1268928,205452,20710,0,0.6047430006219656,167.04333300132913,167.04333300132913,8207672550,16449219480,1335683943488,8207651840,109.57651500029897,110.63195099995937
nymeria,mixed,ts_transformer,nymeria__only_body_acceleration__qwen3_8b,qwen3_8b,only_body_acceleration,33574,134296,2317504,205452,33574,0,0.6828630002928548,167.12276299987917,167.12276299987917,8207685414,16449270936,1335684992064,8207651840,109.57651500029897,110.72435200003383
nymeria,mixed,patchtst,nymeria__only_body_acceleration__qwen3_8b,qwen3_8b,only_body_acceleration,31590,126360,25176384,205452,31590,0,0.7986040000105277,167.2330539999346,167.2330539999346,8207683430,16449263000,985244257344,8207651840,108.97103200022684,110.18592800064653
nymeria,cuda,distrixsense,nymeria__only_body_orientation__qwen3_8b,qwen3_8b,only_body_orientation,58680,234720,2316480,81,28468,30212,0.5545530002564192,3.1423350010590045,3.1423350010590045,8207710520,16449371360,999225785408,8207651840,109.46943500039197,110.95240200029366
nymeria,cuda,dense,nymeria__only_body_orientation__qwen3_8b,qwen3_8b,only_body_orientation,54224,216896,3691712,4324,27444,26780,0.4720919996543671,6.310452999382268,6.310452999382268,8207706064,16449353536,1335686366272,8207651840,109.57651500029897,110.86586200053716
nymeria,cuda,dense_tokens,nymeria__only_body_orientation__qwen3_8b,qwen3_8b,only_body_orientation,56600,226400,2300096,1100,27444,29156,0.4518020004979917,3.8170540001327753,3.8170540001327753,8207708440,16449363040,999225769024,8207651840,109.46943500039197,110.82275199987635
nymeria,cuda,raw,nymeria__only_body_orientation__qwen3_8b,qwen3_8b,only_body_orientation,54224,216896,3691712,272952,54224,0,0.8297239992316463,221.34199399927076,221.34199399927076,8207706064,16449353536,1335686366272,8207651840,109.57651500029897,110.90899200098647
nymeria,cuda,early_fusion,nymeria__only_body_orientation__qwen3_8b,qwen3_8b,only_body_orientation,39376,157504,2743488,272952,39376,0,0.8342740002262872,221.34636500079415,221.34636500079415,8207691216,16449294144,1335685418048,8207651840,109.57651500029897,110.94203299944638
nymeria,cuda,late_fusion,nymeria__only_body_orientation__qwen3_8b,qwen3_8b,only_body_orientation,27110,108440,1698688,88,0,27110,0.07513999935326865,2.546340999422164,2.546340999422164,8190762470,16381579160,1124742861696,8190735360,109.45729400009441,110.29307900025742
nymeria,cuda,local_only,nymeria__only_body_orientation__qwen3_8b,qwen3_8b,only_body_orientation,27110,108440,1698688,52,0,27110,0.09363000026496593,2.550081000906613,2.550081000906613,8190762470,16381579160,1124742861696,8190735360,109.45729400009441,110.30570799994166
nymeria,cuda,bottleneck,nymeria__only_body_orientation__qwen3_8b,qwen3_8b,only_body_orientation,54516,218064,3708096,684,27604,26912,0.48174299990932923,3.4559750004255214,3.4559750004255214,8207706356,16449354704,1335686382656,8207651840,109.57651500029897,110.91634200147382
nymeria,cuda,tokenlearner,nymeria__only_body_orientation__qwen3_8b,qwen3_8b,only_body_orientation,55544,222176,2283712,1100,27444,28100,0.4459430001588771,3.8154069998153135,3.8154069998153135,8207707384,16449358816,999225752640,8207651840,109.46943500039197,110.80724100065709
nymeria,cuda,posthoc_vq,nymeria__only_body_orientation__qwen3_8b,qwen3_8b,only_body_orientation,56272,225088,3757248,192,28468,27804,0.5802430005132919,3.3768460003360756,3.3768460003360756,8207708112,16449361728,1335686431808,8207651840,109.57651500029897,111.19203199996264
nymeria,cuda,joint_vq,nymeria__only_body_orientation__qwen3_8b,qwen3_8b,only_body_orientation,58648,234592,2316480,81,28468,30180,0.5534729998544208,3.305277001374529,3.305277001374529,8207710488,16449371232,999225785408,8207651840,109.46943500039197,111.10504300086177
nymeria,cuda,deepconvlstm,nymeria__only_body_orientation__qwen3_8b,qwen3_8b,only_body_orientation,56358,225432,3533696,272952,56358,0,0.4947319994244026,221.0070929989559,221.0070929989559,8207708198,16449362072,1335686208256,8207651840,109.57651500029897,110.59651100094925
nymeria,cuda,unrestricted_bank,nymeria__only_body_orientation__qwen3_8b,qwen3_8b,only_body_orientation,58680,234720,2316480,81,28468,30212,0.461943000118481,3.0664249998443527,3.0664249998443527,8207710520,16449371360,999225785408,8207651840,109.46943500039197,110.89817200081598
nymeria,cuda,separate_banks,nymeria__only_body_orientation__qwen3_8b,qwen3_8b,only_body_orientation,58680,234720,2316480,81,28468,30212,0.5774829996880726,3.179764999942458,3.179764999942458,8207710520,16449371360,999225785408,8207651840,109.46943500039197,110.9645520000413
nymeria,cuda,fixed_resampling,nymeria__only_body_orientation__qwen3_8b,qwen3_8b,only_body_orientation,58680,234720,1757120,81,28468,30212,0.5465929998536012,3.1081359993839985,3.1081359993839985,8207710520,16449371360,999225226048,8207651840,109.46943500039197,110.92162300155906
nymeria,cuda,finetune_encoders,nymeria__only_body_orientation__qwen3_8b,qwen3_8b,only_body_orientation,58680,234720,2316480,81,28468,30212,0.5459930007418734,3.147096000276983,3.147096000276983,8207710520,16449371360,999225785408,8207651840,109.46943500039197,110.95042300075875
nymeria,cuda,no_alignment,nymeria__only_body_orientation__qwen3_8b,qwen3_8b,only_body_orientation,58680,234720,2316480,81,28468,30212,0.5567829994106432,3.1362359987105126,3.1362359987105126,8207710520,16449371360,999225785408,8207651840,109.46943500039197,110.97836200042366
nymeria,cuda,no_usage,nymeria__only_body_orientation__qwen3_8b,qwen3_8b,only_body_orientation,58680,234720,2316480,81,28468,30212,0.5624529994747718,3.161454998946178,3.161454998946178,8207710520,16449371360,999225785408,8207651840,109.46943500039197,111.00979299953906
nymeria,cuda,tcn,nymeria__only_body_orientation__qwen3_8b,qwen3_8b,only_body_orientation,25264,101056,1557440,272952,25264,0,0.5981329995847773,221.1232330003657,221.1232330003657,8207677104,16449237696,1335684232000,8207651840,109.57651500029897,110.76038000010158
nymeria,cuda,ts_transformer,nymeria__only_body_orientation__qwen3_8b,qwen3_8b,only_body_orientation,38128,152512,2606016,272952,38128,0,0.6778730003134115,221.1991840016015,221.1991840016015,8207689968,16449289152,1335685280576,8207651840,109.57651500029897,111.09581200071261
nymeria,cuda,patchtst,nymeria__only_body_orientation__qwen3_8b,qwen3_8b,only_body_orientation,35408,141632,33702208,272952,35408,0,0.7737639998595114,221.28765600002572,221.28765600002572,8207687248,16449278272,985252783168,8207651840,108.97103200022684,110.49499999990076
nymeria,mixed,distrixsense,nymeria__only_body_orientation__qwen3_8b,qwen3_8b,only_body_orientation,58680,234720,2316480,81,28468,30212,0.5556630003411556,2.9107950004180427,2.9107950004180427,8207710520,16449371360,999225785408,8207651840,109.46943500039197,110.82364199955919
nymeria,mixed,dense,nymeria__only_body_orientation__qwen3_8b,qwen3_8b,only_body_orientation,54224,216896,3691712,4324,27444,26780,0.5043219998697168,6.1903529998332845,6.1903529998332845,8207706064,16449353536,1335686366272,8207651840,109.57651500029897,110.78695000105654
nymeria,mixed,dense_tokens,nymeria__only_body_orientation__qwen3_8b,qwen3_8b,only_body_orientation,56600,226400,2300096,1100,27444,29156,0.4538020002655685,3.596113000635232,3.596113000635232,8207708440,16449363040,999225769024,8207651840,109.46943500039197,110.67063100017549
nymeria,mixed,raw,nymeria__only_body_orientation__qwen3_8b,qwen3_8b,only_body_orientation,54224,216896,3691712,272952,54224,0,0.8414750000156346,221.29299500040707,221.29299500040707,8207706064,16449353536,1335686366272,8207651840,109.57651500029897,110.85676200036687
nymeria,mixed,early_fusion,nymeria__only_body_orientation__qwen3_8b,qwen3_8b,only_body_orientation,39376,157504,2743488,272952,39376,0,0.8316740004374878,221.2781440005745,221.2781440005745,8207691216,16449294144,1335685418048,8207651840,109.57651500029897,110.8729610004957
nymeria,mixed,late_fusion,nymeria__only_body_orientation__qwen3_8b,qwen3_8b,only_body_orientation,27110,108440,1698688,88,0,27110,0.07619000007252907,2.3763709988519897,2.3763709988519897,8190762470,16381579160,1124742861696,8190735360,109.45729400009441,110.16675699920597
nymeria,mixed,local_only,nymeria__only_body_orientation__qwen3_8b,qwen3_8b,only_body_orientation,27110,108440,1698688,52,0,27110,0.09445100022276165,2.3704720008640665,2.3704720008640665,8190762470,16381579160,1124742861696,8190735360,109.45729400009441,110.19359700094356
nymeria,mixed,bottleneck,nymeria__only_body_orientation__qwen3_8b,qwen3_8b,only_body_orientation,54516,218064,3708096,684,27604,26912,0.48178199995163595,3.2678330010376406,3.2678330010376406,8207706356,16449354704,1335686382656,8207651840,109.57651500029897,110.82434200034186
nymeria,mixed,tokenlearner,nymeria__only_body_orientation__qwen3_8b,qwen3_8b,only_body_orientation,55544,222176,2283712,1100,27444,28100,0.4687729997385759,3.645383999350888,3.645383999350888,8207707384,16449358816,999225752640,8207651840,109.46943500039197,110.69601199960744
nymeria,mixed,posthoc_vq,nymeria__only_body_orientation__qwen3_8b,qwen3_8b,only_body_orientation,56272,225088,3757248,192,28468,27804,0.5755230004069745,3.102574000493763,3.102574000493763,8207708112,16449361728,1335686431808,8207651840,109.57651500029897,111.039831999733
nymeria,mixed,joint_vq,nymeria__only_body_orientation__qwen3_8b,qwen3_8b,only_body_orientation,58648,234592,2316480,81,28468,30180,0.565902000744245,3.0368839998408337,3.0368839998408337,8207710488,16449371232,999225785408,8207651840,109.46943500039197,110.94515199965826
nymeria,mixed,deepconvlstm,nymeria__only_body_orientation__qwen3_8b,qwen3_8b,only_body_orientation,56358,225432,3533696,272952,56358,0,0.48242200045933714,220.9405830001959,220.9405830001959,8207708198,16449362072,1335686208256,8207651840,109.57651500029897,110.55701999976009
nymeria,mixed,unrestricted_bank,nymeria__only_body_orientation__qwen3_8b,qwen3_8b,only_body_orientation,58680,234720,2316480,81,28468,30212,0.4648730000553769,2.8583840003483463,2.8583840003483463,8207710520,16449371360,999225785408,8207651840,109.46943500039197,110.76563300048292
nymeria,mixed,separate_banks,nymeria__only_body_orientation__qwen3_8b,qwen3_8b,only_body_orientation,58680,234720,2316480,81,28468,30212,0.5711730000257376,2.957045999239094,2.957045999239094,8207710520,16449371360,999225785408,8207651840,109.46943500039197,110.84845200002746
nymeria,mixed,fixed_resampling,nymeria__only_body_orientation__qwen3_8b,qwen3_8b,only_body_orientation,58680,234720,1757120,81,28468,30212,0.5466929997055558,2.852184000432212,2.852184000432212,8207710520,16449371360,999225226048,8207651840,109.46943500039197,110.75205199995253
nymeria,mixed,finetune_encoders,nymeria__only_body_orientation__qwen3_8b,qwen3_8b,only_body_orientation,58680,234720,2316480,81,28468,30212,0.5548830004045158,2.902344999740203,2.902344999740203,8207710520,16449371360,999225785408,8207651840,109.46943500039197,110.8309620003638
nymeria,mixed,no_alignment,nymeria__only_body_orientation__qwen3_8b,qwen3_8b,only_body_orientation,58680,234720,2316480,81,28468,30212,0.5485020001287921,2.9009230002265074,2.9009230002265074,8207710520,16449371360,999225785408,8207651840,109.46943500039197,110.98078400118538
nymeria,mixed,no_usage,nymeria__only_body_orientation__qwen3_8b,qwen3_8b,only_body_orientation,58680,234720,2316480,81,28468,30212,0.5532530003620195,2.931115000166651,2.931115000166651,8207710520,16449371360,999225785408,8207651840,109.46943500039197,110.839181999836
nymeria,mixed,tcn,nymeria__only_body_orientation__qwen3_8b,qwen3_8b,only_body_orientation,25264,101056,1557440,272952,25264,0,0.5964230003883131,221.05032299925716,221.05032299925716,8207677104,16449237696,1335684232000,8207651840,109.57651500029897,110.64374100078567
nymeria,mixed,ts_transformer,nymeria__only_body_orientation__qwen3_8b,qwen3_8b,only_body_orientation,38128,152512,2606016,272952,38128,0,0.6864730003144359,221.1374740011923,221.1374740011923,8207689968,16449289152,1335685280576,8207651840,109.57651500029897,110.75504100062972
nymeria,mixed,patchtst,nymeria__only_body_orientation__qwen3_8b,qwen3_8b,only_body_orientation,35408,141632,33702208,272952,35408,0,0.7881240007918677,221.23938400120443,221.23938400120443,8207687248,16449278272,985252783168,8207651840,108.97103200022684,110.21609799990983
nymeria,cuda,distrixsense,nymeria__only_body_position__qwen3_8b,qwen3_8b,only_body_position,51182,204728,1839552,81,28468,22714,0.5529729996851529,3.1564759993051528,3.1564759993051528,8207703022,16449341368,999225308480,8207651840,109.46943500039197,110.9840629997052
nymeria,cuda,dense,nymeria__only_body_position__qwen3_8b,qwen3_8b,only_body_position,46726,186904,3214784,4324,27444,19282,0.47006299973872956,6.3336149999984075,6.3336149999984075,8207698566,16449323544,1335685889344,8207651840,109.57651500029897,110.87425100049586
nymeria,cuda,dense_tokens,nymeria__only_body_position__qwen3_8b,qwen3_8b,only_body_position,49102,196408,1823168,1100,27444,21658,0.4518229998211609,3.8370059992256573,3.8370059992256573,8207700942,16449333048,999225292096,8207651840,109.46943500039197,110.8093220009323
nymeria,cuda,raw,nymeria__only_body_position__qwen3_8b,qwen3_8b,only_body_position,46726,186904,3214784,205452,46726,0,0.8293849996334757,167.33107600013665,167.33107600013665,8207698566,16449323544,1335685889344,8207651840,109.57651500029897,110.92436100079794
nymeria,cuda,early_fusion,nymeria__only_body_position__qwen3_8b,qwen3_8b,only_body_position,34822,139288,2454976,205452,34822,0,0.83362399982434,167.32962400003072,167.32962400003072,8207686662,16449275928,1335685129536,8207651840,109.57651500029897,110.91762199976074
nymeria,cuda,late_fusion,nymeria__only_body_position__qwen3_8b,qwen3_8b,only_body_position,19612,78448,1221760,88,0,19612,0.08248099948104937,2.5681339985998695,2.5681339985998695,8190754972,16381549168,1124742384768,8190735360,109.45729400009441,110.27443799957837
nymeria,cuda,local_only,nymeria__only_body_position__qwen3_8b,qwen3_8b,only_body_position,19612,78448,1221760,52,0,19612,0.09090999992622528,2.584492000339634,2.584492000339634,8190754972,16381549168,1124742384768,8190735360,109.45729400009441,110.3050190004069
nymeria,cuda,bottleneck,nymeria__only_body_position__qwen3_8b,qwen3_8b,only_body_position,47018,188072,3231168,684,27604,19414,0.4767719992742059,3.6435849990730524,3.6435849990730524,8207698858,16449324712,1335685905728,8207651840,109.57651500029897,110.93098099991039
nymeria,cuda,tokenlearner,nymeria__only_body_position__qwen3_8b,qwen3_8b,only_body_position,48046,192184,1806784,1100,27444,20602,0.4579430005833274,3.8329950002615805,3.8329950002615805,8207699886,16449328824,999225275712,8207651840,109.46943500039197,110.8234130015262
nymeria,cuda,posthoc_vq,nymeria__only_body_position__qwen3_8b,qwen3_8b,only_body_position,48774,195096,3280320,192,28468,20306,0.5747130007875967,3.343885999655316,3.343885999655316,8207700614,16449331736,1335685954880,8207651840,109.57651500029897,111.21072300011292
nymeria,cuda,joint_vq,nymeria__only_body_position__qwen3_8b,qwen3_8b,only_body_position,51150,204600,1839552,81,28468,22682,0.5664519994752482,3.326014999431104,3.326014999431104,8207702990,16449341240,999225308480,8207651840,109.46943500039197,111.16951400072139
nymeria,cuda,deepconvlstm,nymeria__only_body_position__qwen3_8b,qwen3_8b,only_body_position,48860,195440,3056768,205452,48860,0,0.49177299933944596,166.99487399948322,166.99487399948322,8207700700,16449332080,1335685731328,8207651840,109.57651500029897,110.58351999963634
nymeria,cuda,unrestricted_bank,nymeria__only_body_position__qwen3_8b,qwen3_8b,only_body_position,51182,204728,1839552,81,28468,22714,0.4684229998019873,3.067055999992485,3.067055999992485,8207703022,16449341368,999225308480,8207651840,109.46943500039197,110.90123300073174
nymeria,cuda,separate_banks,nymeria__only_body_position__qwen3_8b,qwen3_8b,only_body_position,51182,204728,1839552,81,28468,22714,0.5598030002147425,3.1518150008486234,3.1518150008486234,8207703022,16449341368,999225308480,8207651840,109.46943500039197,110.96805300076085
nymeria,cuda,fixed_resampling,nymeria__only_body_position__qwen3_8b,qwen3_8b,only_body_position,51182,204728,1521600,81,28468,22714,0.551721999727306,3.1240060007184045,3.1240060007184045,8207703022,16449341368,999224990528,8207651840,109.46943500039197,110.93909200099006
nymeria,cuda,finetune_encoders,nymeria__only_body_position__qwen3_8b,qwen3_8b,only_body_position,51182,204728,1839552,81,28468,22714,0.5506529996637255,3.1553659992204164,3.1553659992204164,8207703022,16449341368,999225308480,8207651840,109.46943500039197,110.97186200095166
nymeria,cuda,no_alignment,nymeria__only_body_position__qwen3_8b,qwen3_8b,only_body_position,51182,204728,1839552,81,28468,22714,0.5659629996443982,3.1565159988821367,3.1565159988821367,8207703022,16449341368,999225308480,8207651840,109.46943500039197,111.01152399987768
nymeria,cuda,no_usage,nymeria__only_body_position__qwen3_8b,qwen3_8b,only_body_position,51182,204728,1839552,81,28468,22714,0.5586430006587761,3.145165001143946,3.145165001143946,8207703022,16449341368,999225308480,8207651840,109.46943500039197,110.98950199993851
nymeria,cuda,tcn,nymeria__only_body_position__qwen3_8b,qwen3_8b,only_body_position,20710,82840,1268928,205452,20710,0,0.5980830001135473,167.10266400097663,167.10266400097663,8207672550,16449219480,1335683943488,8207651840,109.57651500029897,110.68659000011394
nymeria,cuda,ts_transformer,nymeria__only_body_position__qwen3_8b,qwen3_8b,only_body_position,33574,134296,2317504,205452,33574,0,0.6698030001643929,167.1744539993777,167.1744539993777,8207685414,16449270936,1335684992064,8207651840,109.57651500029897,110.76370099999622
nymeria,cuda,patchtst,nymeria__only_body_position__qwen3_8b,qwen3_8b,only_body_position,31590,126360,25176384,205452,31590,0,0.8147050002662581,167.3171350006849,167.3171350006849,8207683430,16449263000,985244257344,8207651840,108.97103200022684,110.2377079996586
nymeria,mixed,distrixsense,nymeria__only_body_position__qwen3_8b,qwen3_8b,only_body_position,51182,204728,1839552,81,28468,22714,0.5614829997284687,2.9408939999774564,2.9408939999774564,8207703022,16449341368,999225308480,8207651840,109.46943500039197,110.8366920007029
nymeria,mixed,dense,nymeria__only_body_position__qwen3_8b,qwen3_8b,only_body_position,46726,186904,3214784,4324,27444,19282,0.470112000584777,6.165003000528249,6.165003000528249,8207698566,16449323544,1335685889344,8207651840,109.57651500029897,110.77754100097081
nymeria,mixed,dense_tokens,nymeria__only_body_position__qwen3_8b,qwen3_8b,only_body_position,49102,196408,1823168,1100,27444,21658,0.45155200041335775,3.6193129999400115,3.6193129999400115,8207700942,16449333048,999225292096,8207651840,109.46943500039197,110.68108200015558
nymeria,mixed,raw,nymeria__only_body_position__qwen3_8b,qwen3_8b,only_body_position,46726,186904,3214784,205452,46726,0,0.8425740006714477,167.28562500104073,167.28562500104073,8207698566,16449323544,1335685889344,8207651840,109.57651500029897,110.85720200026117
nymeria,mixed,early_fusion,nymeria__only_body_position__qwen3_8b,qwen3_8b,only_body_position,34822,139288,2454976,205452,34822,0,0.823215000309574,167.263255999769,167.263255999769,8207686662,16449275928,1335685129536,8207651840,109.57651500029897,110.87786099960795
nymeria,mixed,late_fusion,nymeria__only_body_position__qwen3_8b,qwen3_8b,only_body_position,19612,78448,1221760,88,0,19612,0.07488000028388342,2.392890999678848,2.392890999678848,8190754972,16381549168,1124742384768,8190735360,109.45729400009441,110.16926699994656
nymeria,mixed,local_only,nymeria__only_body_position__qwen3_8b,qwen3_8b,only_body_position,19612,78448,1221760,52,0,19612,0.09099100043385988,2.3766020006109843,2.3766020006109843,8190754972,16381549168,1124742384768,8190735360,109.45729400009441,110.34643900075025
nymeria,mixed,bottleneck,nymeria__only_body_position__qwen3_8b,qwen3_8b,only_body_position,47018,188072,3231168,684,27604,19414,0.4731720000563655,3.2793729999603123,3.2793729999603123,8207698858,16449324712,1335685905728,8207651840,109.57651500029897,110.80408099951455
nymeria,mixed,tokenlearner,nymeria__only_body_position__qwen3_8b,qwen3_8b,only_body_position,48046,192184,1806784,1100,27444,20602,0.47757199990883237,3.6407339994137873,3.6407339994137873,8207699886,16449328824,999225275712,8207651840,109.46943500039197,110.67708100017626
nymeria,mixed,posthoc_vq,nymeria__only_body_position__qwen3_8b,qwen3_8b,only_body_position,48774,195096,3280320,192,28468,20306,0.5840829999215202,3.0917840000060037,3.0917840000060037,8207700614,16449331736,1335685954880,8207651840,109.57651500029897,111.01812200104177
nymeria,mixed,joint_vq,nymeria__only_body_position__qwen3_8b,qwen3_8b,only_body_position,51150,204600,1839552,81,28468,22682,0.5489729992405046,3.0009639995404402,3.0009639995404402,8207702990,16449341240,999225308480,8207651840,109.46943500039197,110.92450200067105
nymeria,mixed,deepconvlstm,nymeria__only_body_position__qwen3_8b,qwen3_8b,only_body_position,48860,195440,3056768,205452,48860,0,0.48164199961320264,166.92591200027874,166.92591200027874,8207700700,16449332080,1335685731328,8207651840,109.57651500029897,110.54564000096434
nymeria,mixed,unrestricted_bank,nymeria__only_body_position__qwen3_8b,qwen3_8b,only_body_position,51182,204728,1839552,81,28468,22714,0.46537200068996754,2.8401740010230103,2.8401740010230103,8207703022,16449341368,999225308480,8207651840,109.46943500039197,110.75798099955136
nymeria,mixed,separate_banks,nymeria__only_body_position__qwen3_8b,qwen3_8b,only_body_position,51182,204728,1839552,81,28468,22714,0.5673630003002472,2.9375439999347552,2.9375439999347552,8207703022,16449341368,999225308480,8207651840,109.46943500039197,110.82445100055338
nymeria,mixed,fixed_resampling,nymeria__only_body_position__qwen3_8b,qwen3_8b,only_body_position,51182,204728,1521600,81,28468,22714,0.5433329997686087,2.8335339984840946,2.8335339984840946,8207703022,16449341368,999224990528,8207651840,109.46943500039197,110.73234200011939
nymeria,mixed,finetune_encoders,nymeria__only_body_position__qwen3_8b,qwen3_8b,only_body_position,51182,204728,1839552,81,28468,22714,0.547402999472979,2.9198239990654518,2.9198239990654518,8207703022,16449341368,999225308480,8207651840,109.46943500039197,110.8328510008505
nymeria,mixed,no_alignment,nymeria__only_body_position__qwen3_8b,qwen3_8b,only_body_position,51182,204728,1839552,81,28468,22714,0.5416929998318665,2.9129540007778676,2.9129540007778676,8207703022,16449341368,999225308480,8207651840,109.46943500039197,110.84512100023858
nymeria,mixed,no_usage,nymeria__only_body_position__qwen3_8b,qwen3_8b,only_body_position,51182,204728,1839552,81,28468,22714,0.5543229999602772,2.929684999828064,2.929684999828064,8207703022,16449341368,999225308480,8207651840,109.46943500039197,110.8276120003211
nymeria,mixed,tcn,nymeria__only_body_position__qwen3_8b,qwen3_8b,only_body_position,20710,82840,1268928,205452,20710,0,0.5980829992040526,167.0372629982192,167.0372629982192,8207672550,16449219480,1335683943488,8207651840,109.57651500029897,110.67366100087384
nymeria,mixed,ts_transformer,nymeria__only_body_position__qwen3_8b,qwen3_8b,only_body_position,33574,134296,2317504,205452,33574,0,0.6818929996370571,167.12518399837774,167.12518399837774,8207685414,16449270936,1335684992064,8207651840,109.57651500029897,110.7126810002228
nymeria,mixed,patchtst,nymeria__only_body_position__qwen3_8b,qwen3_8b,only_body_position,31590,126360,25176384,205452,31590,0,0.7809639992046868,167.22527499989138,167.22527499989138,8207683430,16449263000,985244257344,8207651840,108.97103200022684,110.19413799931499
nymeria,cuda,distrixsense,nymeria__only_body_velocity__qwen3_8b,qwen3_8b,only_body_velocity,51182,204728,1839552,81,28468,22714,0.5424330001915223,3.134995000465901,3.134995000465901,8207703022,16449341368,999225308480,8207651840,109.46943500039197,110.95928200029448
nymeria,cuda,dense,nymeria__only_body_velocity__qwen3_8b,qwen3_8b,only_body_velocity,46726,186904,3214784,4324,27444,19282,0.47518300016236026,6.327954999828525,6.327954999828525,8207698566,16449323544,1335685889344,8207651840,109.57651500029897,110.88077099975635
nymeria,cuda,dense_tokens,nymeria__only_body_velocity__qwen3_8b,qwen3_8b,only_body_velocity,49102,196408,1823168,1100,27444,21658,0.44407199948182097,3.8258259992243255,3.8258259992243255,8207700942,16449333048,999225292096,8207651840,109.46943500039197,110.81917100091232
nymeria,cuda,raw,nymeria__only_body_velocity__qwen3_8b,qwen3_8b,only_body_velocity,46726,186904,3214784,205452,46726,0,0.8256840001195087,167.3292050003691,167.3292050003691,8207698566,16449323544,1335685889344,8207651840,109.57651500029897,110.89740200077358
nymeria,cuda,early_fusion,nymeria__only_body_velocity__qwen3_8b,qwen3_8b,only_body_velocity,34822,139288,2454976,205452,34822,0,0.8291040003314265,167.32783500030547,167.32783500030547,8207686662,16449275928,1335685129536,8207651840,109.57651500029897,110.93108200020652
nymeria,cuda,late_fusion,nymeria__only_body_velocity__qwen3_8b,qwen3_8b,only_body_velocity,19612,78448,1221760,88,0,19612,0.07634000030520838,2.564890999699337,2.564890999699337,8190754972,16381549168,1124742384768,8190735360,109.45729400009441,110.27315900082613
nymeria,cuda,local_only,nymeria__only_body_velocity__qwen3_8b,qwen3_8b,only_body_velocity,19612,78448,1221760,52,0,19612,0.0908010006241966,2.5748320024535873,2.5748320024535873,8190754972,16381549168,1124742384768,8190735360,109.45729400009441,110.3079880003861
nymeria,cuda,bottleneck,nymeria__only_body_velocity__qwen3_8b,qwen3_8b,only_body_velocity,47018,188072,3231168,684,27604,19414,0.48926199997367803,3.4760740002375563,3.4760740002375563,8207698858,16449324712,1335685905728,8207651840,109.57651500029897,110.91324100107158
nymeria,cuda,tokenlearner,nymeria__only_body_velocity__qwen3_8b,qwen3_8b,only_body_velocity,48046,192184,1806784,1100,27444,20602,0.44318199979898054,3.817903999329137,3.817903999329137,8207699886,16449328824,999225275712,8207651840,109.46943500039197,110.80561200014927
nymeria,cuda,posthoc_vq,nymeria__only_body_velocity__qwen3_8b,qwen3_8b,only_body_velocity,48774,195096,3280320,192,28468,20306,0.6306129998847609,3.405205001925782,3.405205001925782,8207700614,16449331736,1335685954880,8207651840,109.57651500029897,111.20999400009168
nymeria,cuda,joint_vq,nymeria__only_body_velocity__qwen3_8b,qwen3_8b,only_body_velocity,51150,204600,1839552,81,28468,22682,0.5478729999595089,3.3040470007398515,3.3040470007398515,8207702990,16449341240,999225308480,8207651840,109.46943500039197,111.11161400003766
nymeria,cuda,deepconvlstm,nymeria__only_body_velocity__qwen3_8b,qwen3_8b,only_body_velocity,48860,195440,3056768,205452,48860,0,0.4936120003549149,166.99453400035037,166.99453400035037,8207700700,16449332080,1335685731328,8207651840,109.57651500029897,110.58355000022857
nymeria,cuda,unrestricted_bank,nymeria__only_body_velocity__qwen3_8b,qwen3_8b,only_body_velocity,51182,204728,1839552,81,28468,22714,0.4567020005197264,3.055385000181454,3.055385000181454,8207703022,16449341368,999225308480,8207651840,109.46943500039197,110.88390200075082
nymeria,cuda,separate_banks,nymeria__only_body_velocity__qwen3_8b,qwen3_8b,only_body_velocity,51182,204728,1839552,81,28468,22714,0.5574630004048231,3.1475260002770344,3.1475260002770344,8207703022,16449341368,999225308480,8207651840,109.46943500039197,111.00162200000341
nymeria,cuda,fixed_resampling,nymeria__only_body_velocity__qwen3_8b,qwen3_8b,only_body_velocity,51182,204728,1521600,81,28468,22714,0.543723000191676,3.096276001116971,3.096276001116971,8207703022,16449341368,999224990528,8207651840,109.46943500039197,110.93266300031246
nymeria,cuda,finetune_encoders,nymeria__only_body_velocity__qwen3_8b,qwen3_8b,only_body_velocity,51182,204728,1839552,81,28468,22714,0.5545330004679272,3.143435001249495,3.143435001249495,8207703022,16449341368,999225308480,8207651840,109.46943500039197,110.95665200082294
nymeria,cuda,no_alignment,nymeria__only_body_velocity__qwen3_8b,qwen3_8b,only_body_velocity,51182,204728,1839552,81,28468,22714,0.554131999706442,3.1475539990714285,3.1475539990714285,8207703022,16449341368,999225308480,8207651840,109.46943500039197,110.95998300061183
nymeria,cuda,no_usage,nymeria__only_body_velocity__qwen3_8b,qwen3_8b,only_body_velocity,51182,204728,1839552,81,28468,22714,0.5516430001080153,3.142036001037818,3.142036001037818,8207703022,16449341368,999225308480,8207651840,109.46943500039197,110.99305199968512
nymeria,cuda,tcn,nymeria__only_body_velocity__qwen3_8b,qwen3_8b,only_body_velocity,20710,82840,1268928,205452,20710,0,0.6034339994585025,167.1137449997512,167.1137449997512,8207672550,16449219480,1335683943488,8207651840,109.57651500029897,110.6835909995425
nymeria,cuda,ts_transformer,nymeria__only_body_velocity__qwen3_8b,qwen3_8b,only_body_velocity,33574,134296,2317504,205452,33574,0,0.675882999530586,167.1751729995047,167.1751729995047,8207685414,16449270936,1335684992064,8207651840,109.57651500029897,110.7875409998087
nymeria,cuda,patchtst,nymeria__only_body_velocity__qwen3_8b,qwen3_8b,only_body_velocity,31590,126360,25176384,205452,31590,0,0.8004139999684412,167.3006839995831,167.3006839995831,8207683430,16449263000,985244257344,8207651840,108.97103200022684,110.25760899974557
nymeria,mixed,distrixsense,nymeria__only_body_velocity__qwen3_8b,qwen3_8b,only_body_velocity,51182,204728,1839552,81,28468,22714,0.5429829998320201,2.9198039992769598,2.9198039992769598,8207703022,16449341368,999225308480,8207651840,109.46943500039197,110.84524100078852
nymeria,mixed,dense,nymeria__only_body_velocity__qwen3_8b,qwen3_8b,only_body_velocity,46726,186904,3214784,4324,27444,19282,0.46627200026705395,6.157443000442744,6.157443000442744,8207698566,16449323544,1335685889344,8207651840,109.57651500029897,110.77199200008181
nymeria,mixed,dense_tokens,nymeria__only_body_velocity__qwen3_8b,qwen3_8b,only_body_velocity,49102,196408,1823168,1100,27444,21658,0.44595199960895116,3.6126129998546093,3.6126129998546093,8207700942,16449333048,999225292096,8207651840,109.46943500039197,110.68421999971179
nymeria,mixed,raw,nymeria__only_body_velocity__qwen3_8b,qwen3_8b,only_body_velocity,46726,186904,3214784,205452,46726,0,0.829455000712187,167.26836600029839,167.26836600029839,8207698566,16449323544,1335685889344,8207651840,109.57651500029897,110.87831199984066
nymeria,mixed,early_fusion,nymeria__only_body_velocity__qwen3_8b,qwen3_8b,only_body_velocity,34822,139288,2454976,205452,34822,0,0.8228340002460754,167.2621640004034,167.2621640004034,8207686662,16449275928,1335685129536,8207651840,109.57651500029897,110.87153200060129
nymeria,mixed,late_fusion,nymeria__only_body_velocity__qwen3_8b,qwen3_8b,only_body_velocity,19612,78448,1221760,88,0,19612,0.07538099998782855,2.400051998981717,2.400051998981717,8190754972,16381549168,1124742384768,8190735360,109.45729400009441,110.19355700045708
nymeria,mixed,local_only,nymeria__only_body_velocity__qwen3_8b,qwen3_8b,only_body_velocity,19612,78448,1221760,52,0,19612,0.09313999998994404,2.381761000167427,2.381761000167427,8190754972,16381549168,1124742384768,8190735360,109.45729400009441,110.20100800033106
nymeria,mixed,bottleneck,nymeria__only_body_velocity__qwen3_8b,qwen3_8b,only_body_velocity,47018,188072,3231168,684,27604,19414,0.4828829996768036,3.2817539997913876,3.2817539997913876,8207698858,16449324712,1335685905728,8207651840,109.57651500029897,110.81332100002328
nymeria,mixed,tokenlearner,nymeria__only_body_velocity__qwen3_8b,qwen3_8b,only_body_velocity,48046,192184,1806784,1100,27444,20602,0.4457720006030286,3.6115240009120315,3.6115240009120315,8207699886,16449328824,999225275712,8207651840,109.46943500039197,110.67066100076772
nymeria,mixed,posthoc_vq,nymeria__only_body_velocity__qwen3_8b,qwen3_8b,only_body_velocity,48774,195096,3280320,192,28468,20306,0.5724230004489073,3.081484000702761,3.081484000702761,8207700614,16449331736,1335685954880,8207651840,109.57651500029897,111.02704200129665
nymeria,mixed,joint_vq,nymeria__only_body_velocity__qwen3_8b,qwen3_8b,only_body_velocity,51150,204600,1839552,81,28468,22682,0.5747530003645807,2.9921260002373717,2.9921260002373717,8207702990,16449341240,999225308480,8207651840,109.46943500039197,110.89164199984225
nymeria,mixed,deepconvlstm,nymeria__only_body_velocity__qwen3_8b,qwen3_8b,only_body_velocity,48860,195440,3056768,205452,48860,0,0.4804320005860063,166.916122001039,166.916122001039,8207700700,16449332080,1335685731328,8207651840,109.57651500029897,110.53188900041278
nymeria,mixed,unrestricted_bank,nymeria__only_body_velocity__qwen3_8b,qwen3_8b,only_body_velocity,51182,204728,1839552,81,28468,22714,0.46098199982225196,2.8096530004694475,2.8096530004694475,8207703022,16449341368,999225308480,8207651840,109.46943500039197,110.73215099986555
nymeria,mixed,separate_banks,nymeria__only_body_velocity__qwen3_8b,qwen3_8b,only_body_velocity,51182,204728,1839552,81,28468,22714,0.5703730003006058,2.9150340015184018,2.9150340015184018,8207703022,16449341368,999225308480,8207651840,109.46943500039197,110.81985300006636
nymeria,mixed,fixed_resampling,nymeria__only_body_velocity__qwen3_8b,qwen3_8b,only_body_velocity,51182,204728,1521600,81,28468,22714,0.5459829999381327,2.8137439985874924,2.8137439985874924,8207703022,16449341368,999224990528,8207651840,109.46943500039197,110.78162100056943
nymeria,mixed,finetune_encoders,nymeria__only_body_velocity__qwen3_8b,qwen3_8b,only_body_velocity,51182,204728,1839552,81,28468,22714,0.5566330000874586,2.9048349997828016,2.9048349997828016,8207703022,16449341368,999225308480,8207651840,109.46943500039197,110.80142100036028
nymeria,mixed,no_alignment,nymeria__only_body_velocity__qwen3_8b,qwen3_8b,only_body_velocity,51182,204728,1839552,81,28468,22714,0.5950029999439721,2.9371139990252093,2.9371139990252093,8207703022,16449341368,999225308480,8207651840,109.46943500039197,110.81919200023549
nymeria,mixed,no_usage,nymeria__only_body_velocity__qwen3_8b,qwen3_8b,only_body_velocity,51182,204728,1839552,81,28468,22714,0.5597029994532932,2.9048540000366163,2.9048540000366163,8207703022,16449341368,999225308480,8207651840,109.46943500039197,110.79645100016933
nymeria,mixed,tcn,nymeria__only_body_velocity__qwen3_8b,qwen3_8b,only_body_velocity,20710,82840,1268928,205452,20710,0,0.5977430000712047,167.03278300103176,167.03278300103176,8207672550,16449219480,1335683943488,8207651840,109.57651500029897,110.62485099955666
nymeria,mixed,ts_transformer,nymeria__only_body_velocity__qwen3_8b,qwen3_8b,only_body_velocity,33574,134296,2317504,205452,33574,0,0.6728529997417354,167.1088239994968,167.1088239994968,8207685414,16449270936,1335684992064,8207651840,109.57651500029897,110.7031609999467
nymeria,mixed,patchtst,nymeria__only_body_velocity__qwen3_8b,qwen3_8b,only_body_velocity,31590,126360,25176384,205452,31590,0,0.7786539999870001,167.2134139993612,167.2134139993612,8207683430,16449263000,985244257344,8207651840,108.97103200022684,110.19558800035156
nymeria,cuda,distrixsense,nymeria__only_eye_images__qwen3_8b,qwen3_8b,only_eye_images,72004,288016,3472384,164,29556,42448,0.6783030003134627,3.293596000125131,5.851887999295478,8207723844,16449424656,1139268068480,8207651840,109.0865419992042,111.28091199861956
nymeria,cuda,dense,nymeria__only_eye_images__qwen3_8b,qwen3_8b,only_eye_images,63092,252368,6714368,8648,27508,35584,0.5329730001903954,6.404407000768278,12.214728001444636,8207714932,16449389008,1813435430016,8207651840,112.04884800008585,113.81137700027466
nymeria,cuda,dense_tokens,nymeria__only_eye_images__qwen3_8b,qwen3_8b,only_eye_images,67844,271376,3439616,2200,27508,40336,0.5677529998138198,3.9601669995998963,7.29824900098698,8207719684,16449408016,1139268035712,8207651840,109.0865419992042,111.02494199894863
nymeria,cuda,raw,nymeria__only_eye_images__qwen3_8b,qwen3_8b,only_eye_images,63092,252368,6714368,15968,63092,0,1.1268360003668931,9.628197000422794,18.07497700062025,8207714932,16449389008,1813435430016,8207651840,112.04884800008585,113.73987700062571
nymeria,cuda,early_fusion,nymeria__only_eye_images__qwen3_8b,qwen3_8b,only_eye_images,40532,162128,2808832,15968,40532,0,1.0409360002086032,9.54172699992602,17.991778000546887,8207692372,16449298768,1363686788224,8207651840,109.40757400021539,110.9938420004255
nymeria,cuda,late_fusion,nymeria__only_eye_images__qwen3_8b,qwen3_8b,only_eye_images,36244,144976,2254080,176,0,36244,0.09341999975731596,2.5999219998515675,5.056632999453414,8190771604,16381615696,1152709332480,8190735360,109.5203249997212,110.77523199946882
nymeria,cuda,local_only,nymeria__only_eye_images__qwen3_8b,qwen3_8b,only_eye_images,36244,144976,2254080,104,0,36244,0.18949099921883317,2.6725229993348707,5.1043540002273975,8190771604,16381615696,1152709332480,8190735360,109.5203249997212,110.8249609997074
nymeria,cuda,bottleneck,nymeria__only_eye_images__qwen3_8b,qwen3_8b,only_eye_images,63676,254704,6747136,1368,27828,35848,0.5466430002343259,3.537584000033373,6.477726999530255,8207715516,16449391344,1813435462784,8207651840,112.04884800008585,113.86610699901212
nymeria,cuda,tokenlearner,nymeria__only_eye_images__qwen3_8b,qwen3_8b,only_eye_images,65732,262928,3406848,2200,27508,38224,0.517672999194474,3.8940649992536054,7.225416999963054,8207717572,16449399568,1139268002944,8207651840,109.0865419992042,110.99715099862806
nymeria,cuda,posthoc_vq,nymeria__only_eye_images__qwen3_8b,qwen3_8b,only_eye_images,69236,276944,6845440,392,29556,39680,0.6991340005697566,3.523398001368402,6.252821000611724,8207721076,16449413584,1813435561088,8207651840,112.04884800008585,114.46744099976058
nymeria,cuda,joint_vq,nymeria__only_eye_images__qwen3_8b,qwen3_8b,only_eye_images,73988,295952,3472384,164,29556,44432,0.6942829995750799,3.4683860006535774,6.188240000181587,8207725828,16449432592,1139268068480,8207651840,109.0865419992042,111.60499499874277
nymeria,cuda,deepconvlstm,nymeria__only_eye_images__qwen3_8b,qwen3_8b,only_eye_images,62026,248104,3891840,15968,62026,0,0.6933539998499327,9.201724000816164,17.648514000907866,8207713866,16449384744,1363687871232,8207651840,109.40757400021539,110.66074100017431
nymeria,cuda,unrestricted_bank,nymeria__only_eye_images__qwen3_8b,qwen3_8b,only_eye_images,74116,296464,3505152,164,29556,44560,0.5454729998746188,3.1736760004915645,5.733609000042826,8207725956,16449433104,1139268101248,8207651840,109.0865419992042,111.17082299915637
nymeria,cuda,separate_banks,nymeria__only_eye_images__qwen3_8b,qwen3_8b,only_eye_images,72004,288016,3472384,164,29556,42448,0.7178839996413444,3.340407999834593,5.888170998940232,8207723844,16449424656,1139268068480,8207651840,109.0865419992042,111.29068299942446
nymeria,cuda,fixed_resampling,nymeria__only_eye_images__qwen3_8b,qwen3_8b,only_eye_images,72004,288016,2923520,164,29556,42448,0.6837540004198672,3.2640960010522626,5.782568999773694,8207723844,16449424656,1139267519616,8207651840,109.0865419992042,111.24379299872089
nymeria,cuda,finetune_encoders,nymeria__only_eye_images__qwen3_8b,qwen3_8b,only_eye_images,72004,288016,3472384,164,29556,42448,0.6819340005677077,3.299465999893169,5.86124799944465,8207723844,16449424656,1139268068480,8207651840,109.0865419992042,111.28671299957205
nymeria,cuda,no_alignment,nymeria__only_eye_images__qwen3_8b,qwen3_8b,only_eye_images,72004,288016,3472384,164,29556,42448,0.6971939992581611,3.310666998308175,5.867038997774408,8207723844,16449424656,1139268068480,8207651840,109.0865419992042,111.29919399991195
nymeria,cuda,no_usage,nymeria__only_eye_images__qwen3_8b,qwen3_8b,only_eye_images,72004,288016,3472384,164,29556,42448,0.6919529996594065,3.3046170004437094,5.854309001432021,8207723844,16449424656,1139268068480,8207651840,109.0865419992042,111.29473300024983
nymeria,cuda,tcn,nymeria__only_eye_images__qwen3_8b,qwen3_8b,only_eye_images,26388,105552,1622784,15968,26388,0,0.8080440002231626,9.314864999835542,17.762676000498445,8207678228,16449242192,1363685602176,8207651840,109.40757400021539,110.84558099992137
nymeria,cuda,ts_transformer,nymeria__only_eye_images__qwen3_8b,qwen3_8b,only_eye_images,39252,157008,2671360,15968,39252,0,0.889204000486643,9.388613999802025,17.83704399983047,8207691092,16449293648,1363686650752,8207651840,109.40757400021539,110.85852100040938
nymeria,cuda,patchtst,nymeria__only_eye_images__qwen3_8b,qwen3_8b,only_eye_images,35348,141392,46658688,15968,35348,0,1.0002660001191543,9.496217000089807,17.944396999124123,8207687188,16449278032,1013208062080,8207651840,108.77114100003382,110.32957899988105
nymeria,mixed,distrixsense,nymeria__only_eye_images__qwen3_8b,qwen3_8b,only_eye_images,72004,288016,3472384,164,29556,42448,0.7412539998767897,3.0926250004396074,5.3904660004884235,8207723844,16449424656,1139268068480,8207651840,109.0865419992042,110.93317099948763
nymeria,mixed,dense,nymeria__only_eye_images__qwen3_8b,qwen3_8b,only_eye_images,63092,252368,6714368,8648,27508,35584,0.5354530003387481,6.221595000492688,11.847746000702935,8207714932,16449389008,1813435430016,8207651840,112.04884800008585,113.55641499994817
nymeria,mixed,dense_tokens,nymeria__only_eye_images__qwen3_8b,qwen3_8b,only_eye_images,67844,271376,3439616,2200,27508,40336,0.5230520000623073,3.6738139997349935,6.7676949993163,8207719684,16449408016,1139268035712,8207651840,109.0865419992042,110.66238899820746
nymeria,mixed,raw,nymeria__only_eye_images__qwen3_8b,qwen3_8b,only_eye_images,63092,252368,6714368,15968,63092,0,1.149346000602236,9.594546001137921,17.991406000842957,8207714932,16449389008,1813435430016,8207651840,112.04884800008585,113.65820499941037
nymeria,mixed,early_fusion,nymeria__only_eye_images__qwen3_8b,qwen3_8b,only_eye_images,40532,162128,2808832,15968,40532,0,1.0471859995959676,9.49045700006797,17.88669699996329,8207692372,16449298768,1363686788224,8207651840,109.40757400021539,110.92713100060791
nymeria,mixed,late_fusion,nymeria__only_eye_images__qwen3_8b,qwen3_8b,only_eye_images,36244,144976,2254080,176,0,36244,0.09382100051880116,2.3876510005242655,4.636202000524336,8190771604,16381615696,1152709332480,8190735360,109.5203249997212,110.4913809995196
nymeria,mixed,local_only,nymeria__only_eye_images__qwen3_8b,qwen3_8b,only_eye_images,36244,144976,2254080,104,0,36244,0.12035100007778965,2.3904620013740727,4.61497300014795,8190771604,16381615696,1152709332480,8190735360,109.5203249997212,110.52037999979802
nymeria,mixed,bottleneck,nymeria__only_eye_images__qwen3_8b,qwen3_8b,only_eye_images,63676,254704,6747136,1368,27828,35848,0.5458529994939454,3.331043999670353,6.068815000200679,8207715516,16449391344,1813435462784,8207651840,112.04884800008585,113.62451500008319
nymeria,mixed,tokenlearner,nymeria__only_eye_images__qwen3_8b,qwen3_8b,only_eye_images,65732,262928,3406848,2200,27508,38224,0.5231329996604472,3.6796439990165526,6.7694649987877344,8207717572,16449399568,1139268002944,8207651840,109.0865419992042,110.78464099955454
nymeria,mixed,posthoc_vq,nymeria__only_eye_images__qwen3_8b,qwen3_8b,only_eye_images,69236,276944,6845440,392,29556,39680,0.7082329993863823,3.195553997818276,5.619294997427054,8207721076,16449413584,1813435561088,8207651840,112.04884800008585,113.98639799972443
nymeria,mixed,joint_vq,nymeria__only_eye_images__qwen3_8b,qwen3_8b,only_eye_images,73988,295952,3472384,164,29556,44432,0.6995740004640538,3.128106000380381,5.498098000014771,8207725828,16449432592,1139268068480,8207651840,109.0865419992042,111.05075299838063
nymeria,mixed,deepconvlstm,nymeria__only_eye_images__qwen3_8b,qwen3_8b,only_eye_images,62026,248104,3891840,15968,62026,0,0.6972529999984545,9.14303299894788,17.53934299901242,8207713866,16449384744,1363687871232,8207651840,109.40757400021539,110.57366000022739
nymeria,mixed,unrestricted_bank,nymeria__only_eye_images__qwen3_8b,qwen3_8b,only_eye_images,74116,296464,3505152,164,29556,44560,0.5471829999805777,2.8988950001204152,5.194486001226515,8207725956,16449433104,1139268101248,8207651840,109.0865419992042,110.78294099843333
nymeria,mixed,separate_banks,nymeria__only_eye_images__qwen3_8b,qwen3_8b,only_eye_images,72004,288016,3472384,164,29556,42448,0.7176340004662052,3.064875001049682,5.3570460010343695,8207723844,16449424656,1139268068480,8207651840,109.0865419992042,110.9271709992754
nymeria,mixed,fixed_resampling,nymeria__only_eye_images__qwen3_8b,qwen3_8b,only_eye_images,72004,288016,2923520,164,29556,42448,0.6956239994906355,2.966735000276554,5.183516000823339,8207723844,16449424656,1139267519616,8207651840,109.0865419992042,110.74122099853412
nymeria,mixed,finetune_encoders,nymeria__only_eye_images__qwen3_8b,qwen3_8b,only_eye_images,72004,288016,3472384,164,29556,42448,0.6822839995948016,3.0256749999663093,5.317136000183574,8207723844,16449424656,1139268068480,8207651840,109.0865419992042,110.95152199959557
nymeria,mixed,no_alignment,nymeria__only_eye_images__qwen3_8b,qwen3_8b,only_eye_images,72004,288016,3472384,164,29556,42448,0.6929030005267123,3.0441640004338346,5.338315000397607,8207723844,16449424656,1139268068480,8207651840,109.0865419992042,110.95099099929939
nymeria,mixed,no_usage,nymeria__only_eye_images__qwen3_8b,qwen3_8b,only_eye_images,72004,288016,3472384,164,29556,42448,0.714564000190876,3.064615001070802,5.3583560026420045,8207723844,16449424656,1139268068480,8207651840,109.0865419992042,110.93542099843035
nymeria,mixed,tcn,nymeria__only_eye_images__qwen3_8b,qwen3_8b,only_eye_images,26388,105552,1622784,15968,26388,0,0.8057149998421664,9.2533759984534,17.649665998729446,8207678228,16449242192,1363685602176,8207651840,109.40757400021539,110.70660000041244
nymeria,mixed,ts_transformer,nymeria__only_eye_images__qwen3_8b,qwen3_8b,only_eye_images,39252,157008,2671360,15968,39252,0,0.89339399983146,9.340534000769246,17.737034000643447,8207691092,16449293648,1363686650752,8207651840,109.40757400021539,110.77877000025182
nymeria,mixed,patchtst,nymeria__only_eye_images__qwen3_8b,qwen3_8b,only_eye_images,35348,141392,46658688,15968,35348,0,1.0006550000980496,9.441184999998647,17.83760500071888,8207687188,16449278032,1013208062080,8207651840,108.77114100003382,110.23340900101175
nymeria,cuda,distrixsense,nymeria__only_foot_contacts__qwen3_8b,qwen3_8b,only_foot_contacts,35712,142848,857792,81,28468,7244,0.5647930001941859,3.1380050004662596,3.1380050004662596,8207687552,16449279488,999224326720,8207651840,109.46943500039197,110.99714200008748
nymeria,cuda,dense,nymeria__only_foot_contacts__qwen3_8b,qwen3_8b,only_foot_contacts,31256,125024,2233024,4324,27444,3812,0.49173200022778474,6.312353000207385,6.312353000207385,8207683096,16449261664,1335684907584,8207651840,109.57651500029897,111.1112630005664
nymeria,cuda,dense_tokens,nymeria__only_foot_contacts__qwen3_8b,qwen3_8b,only_foot_contacts,33632,134528,841408,1100,27444,6188,0.4449419993761694,3.8051339979527983,3.8051339979527983,8207685472,16449271168,999224310336,8207651840,109.46943500039197,110.93495200111647
nymeria,cuda,raw,nymeria__only_foot_contacts__qwen3_8b,qwen3_8b,only_foot_contacts,31256,125024,2233024,14696,31256,0,0.8217039994633524,14.678925000215601,14.678925000215601,8207683096,16449261664,1335684907584,8207651840,109.57651500029897,111.10453400124243
nymeria,cuda,early_fusion,nymeria__only_foot_contacts__qwen3_8b,qwen3_8b,only_foot_contacts,27672,110688,2005696,14696,27672,0,0.8249849997810088,14.679797000088799,14.679797000088799,8207679512,16449247328,1335684680256,8207651840,109.57651500029897,110.8837420006239
nymeria,cuda,late_fusion,nymeria__only_foot_contacts__qwen3_8b,qwen3_8b,only_foot_contacts,4142,16568,240000,88,0,4142,0.0829009995868546,2.5464829988299518,2.5464829988299518,8190739502,16381487288,1124741403008,8190735360,109.45729400009441,110.25358799997775
nymeria,cuda,local_only,nymeria__only_foot_contacts__qwen3_8b,qwen3_8b,only_foot_contacts,4142,16568,240000,52,0,4142,0.09167100051854504,2.5325230010525788,2.5325230010525788,8190739502,16381487288,1124741403008,8190735360,109.45729400009441,110.2838780007005
nymeria,cuda,bottleneck,nymeria__only_foot_contacts__qwen3_8b,qwen3_8b,only_foot_contacts,31548,126192,2249408,684,27604,3944,0.4924929999106098,3.441593999260501,3.441593999260501,8207683388,16449262832,1335684923968,8207651840,109.57651500029897,110.88478100100474
nymeria,cuda,tokenlearner,nymeria__only_foot_contacts__qwen3_8b,qwen3_8b,only_foot_contacts,32576,130304,825024,1100,27444,5132,0.4507219991864986,3.809283998630126,3.809283998630126,8207684416,16449266944,999224293952,8207651840,109.46943500039197,110.82691200044792
nymeria,cuda,posthoc_vq,nymeria__only_foot_contacts__qwen3_8b,qwen3_8b,only_foot_contacts,33304,133216,2298560,192,28468,4836,0.5777829992439365,3.33036599893457,3.33036599893457,8207685144,16449269856,1335684973120,8207651840,109.57651500029897,111.23867300011625
nymeria,cuda,joint_vq,nymeria__only_foot_contacts__qwen3_8b,qwen3_8b,only_foot_contacts,35680,142720,857792,81,28468,7212,0.5514529993888573,3.2869769993630005,3.2869769993630005,8207687520,16449279360,999224326720,8207651840,109.46943500039197,111.10924300101033
nymeria,cuda,deepconvlstm,nymeria__only_foot_contacts__qwen3_8b,qwen3_8b,only_foot_contacts,33390,133560,2075008,14696,33390,0,0.4692130005423678,14.31553300152598,14.31553300152598,8207685230,16449270200,1335684749568,8207651840,109.57651500029897,110.52319000009447
nymeria,cuda,unrestricted_bank,nymeria__only_foot_contacts__qwen3_8b,qwen3_8b,only_foot_contacts,35712,142848,857792,81,28468,7244,0.47354199978144607,3.0361240006021806,3.0361240006021806,8207687552,16449279488,999224326720,8207651840,109.46943500039197,110.86328300007153
nymeria,cuda,separate_banks,nymeria__only_foot_contacts__qwen3_8b,qwen3_8b,only_foot_contacts,35712,142848,857792,81,28468,7244,0.5735429995183949,3.155075000933616,3.155075000933616,8207687552,16449279488,999224326720,8207651840,109.46943500039197,110.95736300103454
nymeria,cuda,fixed_resampling,nymeria__only_foot_contacts__qwen3_8b,qwen3_8b,only_foot_contacts,35712,142848,856000,81,28468,7244,0.5515130005733226,3.1098250019857776,3.1098250019857776,8207687552,16449279488,999224324928,8207651840,109.46943500039197,110.88793100043404
nymeria,cuda,finetune_encoders,nymeria__only_foot_contacts__qwen3_8b,qwen3_8b,only_foot_contacts,35712,142848,857792,81,28468,7244,0.5526129998543183,3.204786999987741,3.204786999987741,8207687552,16449279488,999224326720,8207651840,109.46943500039197,110.95431200101302
nymeria,cuda,no_alignment,nymeria__only_foot_contacts__qwen3_8b,qwen3_8b,only_foot_contacts,35712,142848,857792,81,28468,7244,0.5842330001541995,3.160365000468923,3.160365000468923,8207687552,16449279488,999224326720,8207651840,109.46943500039197,111.02078200019605
nymeria,cuda,no_usage,nymeria__only_foot_contacts__qwen3_8b,qwen3_8b,only_foot_contacts,35712,142848,857792,81,28468,7244,0.5448420006359811,3.133474001544423,3.133474001544423,8207687552,16449279488,999224326720,8207651840,109.46943500039197,110.9341220007991
nymeria,cuda,tcn,nymeria__only_foot_contacts__qwen3_8b,qwen3_8b,only_foot_contacts,13560,54240,819648,14696,13560,0,0.6005129998811753,14.46269399911114,14.46269399911114,8207665400,16449190880,1335683494208,8207651840,109.57651500029897,110.66496100011136
nymeria,cuda,ts_transformer,nymeria__only_foot_contacts__qwen3_8b,qwen3_8b,only_foot_contacts,26424,105696,1868224,14696,26424,0,0.6751629998689168,14.521273000344879,14.521273000344879,8207678264,16449242336,1335684542784,8207651840,109.57651500029897,110.75623099986842
nymeria,cuda,patchtst,nymeria__only_foot_contacts__qwen3_8b,qwen3_8b,only_foot_contacts,26520,106080,1447744,14696,26520,0,0.7742939997115172,14.625653999236308,14.625653999236308,8207678360,16449242720,985220528704,8207651840,108.97103200022684,110.21356899982493
nymeria,mixed,distrixsense,nymeria__only_foot_contacts__qwen3_8b,qwen3_8b,only_foot_contacts,35712,142848,857792,81,28468,7244,0.5457520001073135,2.884422999188141,2.884422999188141,8207687552,16449279488,999224326720,8207651840,109.46943500039197,110.80398200010677
nymeria,mixed,dense,nymeria__only_foot_contacts__qwen3_8b,qwen3_8b,only_foot_contacts,31256,125024,2233024,4324,27444,3812,0.47463200007769046,6.138141999467497,6.138141999467497,8207683096,16449261664,1335684907584,8207651840,109.57651500029897,110.770830000547
nymeria,mixed,dense_tokens,nymeria__only_foot_contacts__qwen3_8b,qwen3_8b,only_foot_contacts,33632,134528,841408,1100,27444,6188,0.45064200003253063,3.597252999493212,3.597252999493212,8207685472,16449271168,999224310336,8207651840,109.46943500039197,110.67450100108545
nymeria,mixed,raw,nymeria__only_foot_contacts__qwen3_8b,qwen3_8b,only_foot_contacts,31256,125024,2233024,14696,31256,0,0.8003440007087192,14.604685001348914,14.604685001348914,8207683096,16449261664,1335684907584,8207651840,109.57651500029897,110.92781199931778
nymeria,mixed,early_fusion,nymeria__only_foot_contacts__qwen3_8b,qwen3_8b,only_foot_contacts,27672,110688,2005696,14696,27672,0,0.8461349998469814,14.649896999789123,14.649896999789123,8207679512,16449247328,1335684680256,8207651840,109.57651500029897,110.82882100072311
nymeria,mixed,late_fusion,nymeria__only_foot_contacts__qwen3_8b,qwen3_8b,only_foot_contacts,4142,16568,240000,88,0,4142,0.07586999981867848,2.3647809995485933,2.3647809995485933,8190739502,16381487288,1124741403008,8190735360,109.45729400009441,110.14650699962658
nymeria,mixed,local_only,nymeria__only_foot_contacts__qwen3_8b,qwen3_8b,only_foot_contacts,4142,16568,240000,52,0,4142,0.09206999948219163,2.359080999001418,2.359080999001418,8190739502,16381487288,1124741403008,8190735360,109.45729400009441,110.18133699963073
nymeria,mixed,bottleneck,nymeria__only_foot_contacts__qwen3_8b,qwen3_8b,only_foot_contacts,31548,126192,2249408,684,27604,3944,0.48441200033266796,3.257593001099874,3.257593001099874,8207683388,16449262832,1335684923968,8207651840,109.57651500029897,110.81206000017119
nymeria,mixed,tokenlearner,nymeria__only_foot_contacts__qwen3_8b,qwen3_8b,only_foot_contacts,32576,130304,825024,1100,27444,5132,0.44695299948216416,3.60905399974843,3.60905399974843,8207684416,16449266944,999224293952,8207651840,109.46943500039197,110.7008320004752
nymeria,mixed,posthoc_vq,nymeria__only_foot_contacts__qwen3_8b,qwen3_8b,only_foot_contacts,33304,133216,2298560,192,28468,4836,0.5693329994755914,3.062864000256371,3.062864000256371,8207685144,16449269856,1335684973120,8207651840,109.57651500029897,111.01048200089281
nymeria,mixed,joint_vq,nymeria__only_foot_contacts__qwen3_8b,qwen3_8b,only_foot_contacts,35680,142720,857792,81,28468,7212,0.5425129993454902,3.013044000028353,3.013044000028353,8207687520,16449279360,999224326720,8207651840,109.46943500039197,110.91199100064841
nymeria,mixed,deepconvlstm,nymeria__only_foot_contacts__qwen3_8b,qwen3_8b,only_foot_contacts,33390,133560,2075008,14696,33390,0,0.46539300001313677,14.27030299963815,14.27030299963815,8207685230,16449270200,1335684749568,8207651840,109.57651500029897,110.48129999926459
nymeria,mixed,unrestricted_bank,nymeria__only_foot_contacts__qwen3_8b,qwen3_8b,only_foot_contacts,35712,142848,857792,81,28468,7244,0.46027299958950607,2.8269649992870516,2.8269649992870516,8207687552,16449279488,999224326720,8207651840,109.46943500039197,110.75309100033337
nymeria,mixed,separate_banks,nymeria__only_foot_contacts__qwen3_8b,qwen3_8b,only_foot_contacts,35712,142848,857792,81,28468,7244,0.5802229998153052,2.963524999387923,2.963524999387923,8207687552,16449279488,999224326720,8207651840,109.46943500039197,110.95348300113983
nymeria,mixed,fixed_resampling,nymeria__only_foot_contacts__qwen3_8b,qwen3_8b,only_foot_contacts,35712,142848,856000,81,28468,7244,0.5482530004883301,2.857093999438698,2.857093999438698,8207687552,16449279488,999224324928,8207651840,109.46943500039197,110.72954200062668
nymeria,mixed,finetune_encoders,nymeria__only_foot_contacts__qwen3_8b,qwen3_8b,only_foot_contacts,35712,142848,857792,81,28468,7244,0.5545529993469245,2.928474998981878,2.928474998981878,8207687552,16449279488,999224326720,8207651840,109.46943500039197,110.81353099962143
nymeria,mixed,no_alignment,nymeria__only_foot_contacts__qwen3_8b,qwen3_8b,only_foot_contacts,35712,142848,857792,81,28468,7244,0.5566830004681833,2.9251539999967324,2.9251539999967324,8207687552,16449279488,999224326720,8207651840,109.46943500039197,110.83018200042716
nymeria,mixed,no_usage,nymeria__only_foot_contacts__qwen3_8b,qwen3_8b,only_foot_contacts,35712,142848,857792,81,28468,7244,0.5683130002580583,2.903964000353776,2.903964000353776,8207687552,16449279488,999224326720,8207651840,109.46943500039197,110.78647300018929
nymeria,mixed,tcn,nymeria__only_foot_contacts__qwen3_8b,qwen3_8b,only_foot_contacts,13560,54240,819648,14696,13560,0,0.6068029997550184,14.409822999358655,14.409822999358655,8207665400,16449190880,1335683494208,8207651840,109.57651500029897,110.59504900094907
nymeria,mixed,ts_transformer,nymeria__only_foot_contacts__qwen3_8b,qwen3_8b,only_foot_contacts,26424,105696,1868224,14696,26424,0,0.6853740005681175,14.489234000383364,14.489234000383364,8207678264,16449242336,1335684542784,8207651840,109.57651500029897,110.6830800008538
nymeria,mixed,patchtst,nymeria__only_foot_contacts__qwen3_8b,qwen3_8b,only_foot_contacts,26520,106080,1447744,14696,26520,0,0.7630940008311882,14.561995000793901,14.561995000793901,8207678360,16449242720,985220528704,8207651840,108.97103200022684,110.14121700009127
nymeria,cuda,distrixsense,nymeria__only_gaze__qwen3_8b,qwen3_8b,only_gaze,43700,174800,1676544,164,29556,14144,0.6801140007155482,3.2935470001885783,5.848701000712218,8207695540,16449311440,1139266272640,8207651840,109.0865419992042,111.24964299960993
nymeria,cuda,dense,nymeria__only_gaze__qwen3_8b,qwen3_8b,only_gaze,34788,139152,4918528,8648,27508,7280,0.5265620002319338,6.389183999412798,12.198555999666022,8207686628,16449275792,1813433634176,8207651840,112.04884800008585,113.86591700011195
nymeria,cuda,dense_tokens,nymeria__only_gaze__qwen3_8b,qwen3_8b,only_gaze,39540,158160,1643776,2200,27508,12032,0.5277820000628708,3.926684000357345,7.273756999884208,8207691380,16449294800,1139266239872,8207651840,109.0865419992042,111.10100299902115
nymeria,cuda,raw,nymeria__only_gaze__qwen3_8b,qwen3_8b,only_gaze,34788,139152,4918528,1048,34788,0,1.1182960006408393,3.6414170016684686,6.122758001612418,8207686628,16449275792,1813433634176,8207651840,112.04884800008585,113.69926600036706
nymeria,cuda,early_fusion,nymeria__only_gaze__qwen3_8b,qwen3_8b,only_gaze,27844,111376,2012416,1048,27844,0,1.0687559997677454,3.5996059986388893,6.081115999978827,8207679684,16449248016,1363685991808,8207651840,109.40757400021539,110.99411200029863
nymeria,cuda,late_fusion,nymeria__only_gaze__qwen3_8b,qwen3_8b,only_gaze,7940,31760,458240,176,0,7940,0.09176999992632773,2.5718519992982967,5.005803999933833,8190743300,16381502480,1152707536640,8190735360,109.5203249997212,110.782961998666
nymeria,cuda,local_only,nymeria__only_gaze__qwen3_8b,qwen3_8b,only_gaze,7940,31760,458240,104,0,7940,0.1264000002265675,2.595691999219963,5.016905000534246,8190743300,16381502480,1152707536640,8190735360,109.5203249997212,110.81598099917755
nymeria,cuda,bottleneck,nymeria__only_gaze__qwen3_8b,qwen3_8b,only_gaze,35372,141488,4951296,1368,27828,7544,0.5483330005517928,3.5358050002023695,6.45304800085983,8207687212,16449278128,1813433666944,8207651840,112.04884800008585,113.86306700114801
nymeria,cuda,tokenlearner,nymeria__only_gaze__qwen3_8b,qwen3_8b,only_gaze,37428,149712,1611008,2200,27508,9920,0.5208630000197445,3.8968250000788247,7.22034800036432,8207689268,16449286352,1139266207104,8207651840,109.0865419992042,110.99666199879721
nymeria,cuda,posthoc_vq,nymeria__only_gaze__qwen3_8b,qwen3_8b,only_gaze,40932,163728,5049600,392,29556,11376,0.7090939998306567,3.480087999184686,6.197861999293813,8207692772,16449300368,1813433765248,8207651840,112.04884800008585,114.40253000000666
nymeria,cuda,joint_vq,nymeria__only_gaze__qwen3_8b,qwen3_8b,only_gaze,45684,182736,1676544,164,29556,16128,0.6779029999961494,3.4315169990205554,6.134720000471326,8207697524,16449319376,1139266272640,8207651840,109.0865419992042,111.55927399977372
nymeria,cuda,deepconvlstm,nymeria__only_gaze__qwen3_8b,qwen3_8b,only_gaze,33722,134888,2096000,1048,33722,0,0.6840739997642231,3.207353999565111,5.686064999128028,8207685562,16449271528,1363686075392,8207651840,109.40757400021539,110.65825000059704
nymeria,cuda,unrestricted_bank,nymeria__only_gaze__qwen3_8b,qwen3_8b,only_gaze,45812,183248,1709312,164,29556,16256,0.5544220002775546,3.1596150013993842,5.704868001583428,8207697652,16449319888,1139266305408,8207651840,109.0865419992042,111.11945299944637
nymeria,cuda,separate_banks,nymeria__only_gaze__qwen3_8b,qwen3_8b,only_gaze,43700,174800,1676544,164,29556,14144,0.7024529995760531,3.2939850001040263,5.831637000181409,8207695540,16449311440,1139266272640,8207651840,109.0865419992042,111.27111399855494
nymeria,cuda,fixed_resampling,nymeria__only_gaze__qwen3_8b,qwen3_8b,only_gaze,43700,174800,1674240,164,29556,14144,0.7082339998305542,3.272878000038059,5.778080999942368,8207695540,16449311440,1139266270336,8207651840,109.0865419992042,111.20111299896962
nymeria,cuda,finetune_encoders,nymeria__only_gaze__qwen3_8b,qwen3_8b,only_gaze,43700,174800,1676544,164,29556,14144,0.693764000061492,3.2927969999346764,5.831209000160207,8207695540,16449311440,1139266272640,8207651840,109.0865419992042,111.24647299948265
nymeria,cuda,no_alignment,nymeria__only_gaze__qwen3_8b,qwen3_8b,only_gaze,43700,174800,1676544,164,29556,14144,0.6829339999967488,3.2644669975835363,5.795888998062047,8207695540,16449311440,1139266272640,8207651840,109.0865419992042,111.27591199874587
nymeria,cuda,no_usage,nymeria__only_gaze__qwen3_8b,qwen3_8b,only_gaze,43700,174800,1676544,164,29556,14144,0.6990140000198153,3.3095369993444415,5.847128999146854,8207695540,16449311440,1139266272640,8207651840,109.0865419992042,111.25821199948405
nymeria,cuda,tcn,nymeria__only_gaze__qwen3_8b,qwen3_8b,only_gaze,13700,54800,826368,1048,13700,0,0.8034740003495244,3.338963999263523,5.821963998488535,8207665540,16449191440,1363684805760,8207651840,109.40757400021539,110.76043999946705
nymeria,cuda,ts_transformer,nymeria__only_gaze__qwen3_8b,qwen3_8b,only_gaze,26564,106256,1874944,1048,26564,0,0.9004750008898554,3.4201750021708897,5.898305002875894,8207678404,16449242896,1363685854336,8207651840,109.40757400021539,110.83328000040638
nymeria,cuda,patchtst,nymeria__only_gaze__qwen3_8b,qwen3_8b,only_gaze,26564,106256,2168704,1048,26564,0,0.9841850005614106,3.506065001525439,5.984255001595919,8207678404,16449242896,1013163572096,8207651840,108.77114100003382,110.25702900042234
nymeria,mixed,distrixsense,nymeria__only_gaze__qwen3_8b,qwen3_8b,only_gaze,43700,174800,1676544,164,29556,14144,0.6862139998702332,3.023884998887393,5.309055999230814,8207695540,16449311440,1139266272640,8207651840,109.0865419992042,110.87929099903704
nymeria,mixed,dense,nymeria__only_gaze__qwen3_8b,qwen3_8b,only_gaze,34788,139152,4918528,8648,27508,7280,0.5300419998093275,6.199152000003541,11.8148519993242,8207686628,16449275792,1813433634176,8207651840,112.04884800008585,113.53752600007283
nymeria,mixed,dense_tokens,nymeria__only_gaze__qwen3_8b,qwen3_8b,only_gaze,39540,158160,1643776,2200,27508,12032,0.5423630000223056,3.676064000496699,6.7671050010083125,8207691380,16449294800,1139266239872,8207651840,109.0865419992042,110.65844099903188
nymeria,mixed,raw,nymeria__only_gaze__qwen3_8b,qwen3_8b,only_gaze,34788,139152,4918528,1048,34788,0,1.1131460005344707,3.5888359997586115,6.016827000013471,8207686628,16449275792,1813433634176,8207651840,112.04884800008585,113.66999700112501
nymeria,mixed,early_fusion,nymeria__only_gaze__qwen3_8b,qwen3_8b,only_gaze,27844,111376,2012416,1048,27844,0,1.0720460004449706,3.542017000577925,5.969947000113642,8207679684,16449248016,1363685991808,8207651840,109.40757400021539,110.90258100102801
nymeria,mixed,late_fusion,nymeria__only_gaze__qwen3_8b,qwen3_8b,only_gaze,7940,31760,458240,176,0,7940,0.09312100064562401,2.384472000037413,4.630112000354402,8190743300,16381502480,1152707536640,8190735360,109.5203249997212,110.47531899930618
nymeria,mixed,local_only,nymeria__only_gaze__qwen3_8b,qwen3_8b,only_gaze,7940,31760,458240,104,0,7940,0.12054099988745293,2.3857720000409985,4.602313000336801,8190743300,16381502480,1152707536640,8190735360,109.5203249997212,110.51962999954412
nymeria,mixed,bottleneck,nymeria__only_gaze__qwen3_8b,qwen3_8b,only_gaze,35372,141488,4951296,1368,27828,7544,0.5495430004884838,3.3205449992883835,6.0444359992671295,8207687212,16449278128,1813433666944,8207651840,112.04884800008585,113.65865700008726
nymeria,mixed,tokenlearner,nymeria__only_gaze__qwen3_8b,qwen3_8b,only_gaze,37428,149712,1611008,2200,27508,9920,0.5293229996823356,3.6668539987612165,6.755504998172691,8207689268,16449286352,1139266207104,8207651840,109.0865419992042,110.66300899983617
nymeria,mixed,posthoc_vq,nymeria__only_gaze__qwen3_8b,qwen3_8b,only_gaze,40932,163728,5049600,392,29556,11376,0.7023739999567624,3.190544999404007,5.61181699920285,8207692772,16449300368,1813433765248,8207651840,112.04884800008585,113.99664900000062
nymeria,mixed,joint_vq,nymeria__only_gaze__qwen3_8b,qwen3_8b,only_gaze,45684,182736,1676544,164,29556,16128,0.7081840003593243,3.133265999471501,5.495826999929896,8207697524,16449319376,1139266272640,8207651840,109.0865419992042,111.05493099967134
nymeria,mixed,deepconvlstm,nymeria__only_gaze__qwen3_8b,qwen3_8b,only_gaze,33722,134888,2096000,1048,33722,0,0.678213000355754,3.1478840009328444,5.5757840007858235,8207685562,16449271528,1363686075392,8207651840,109.40757400021539,110.53290000018023
nymeria,mixed,unrestricted_bank,nymeria__only_gaze__qwen3_8b,qwen3_8b,only_gaze,45812,183248,1709312,164,29556,16256,0.551282999367686,2.9015049998034605,5.187885999174078,8207697652,16449319888,1139266305408,8207651840,109.0865419992042,110.76607099948887
nymeria,mixed,separate_banks,nymeria__only_gaze__qwen3_8b,qwen3_8b,only_gaze,43700,174800,1676544,164,29556,14144,0.7132439995984896,3.085925000354205,5.374455999725079,8207695540,16449311440,1139266272640,8207651840,109.0865419992042,110.95770199881372
nymeria,mixed,fixed_resampling,nymeria__only_gaze__qwen3_8b,qwen3_8b,only_gaze,43700,174800,1674240,164,29556,14144,0.6823429994256003,2.9641539998320745,5.178865999976743,8207695540,16449311440,1139266270336,8207651840,109.0865419992042,110.73054099961155
nymeria,mixed,finetune_encoders,nymeria__only_gaze__qwen3_8b,qwen3_8b,only_gaze,43700,174800,1676544,164,29556,14144,0.6802239995522541,3.0297450005801743,5.31558600020454,8207695540,16449311440,1139266272640,8207651840,109.0865419992042,110.89417999937723
nymeria,mixed,no_alignment,nymeria__only_gaze__qwen3_8b,qwen3_8b,only_gaze,43700,174800,1676544,164,29556,14144,0.6975440001042443,3.039225000369793,5.327226000798156,8207695540,16449311440,1139266272640,8207651840,109.0865419992042,110.94547099855845
nymeria,mixed,no_usage,nymeria__only_gaze__qwen3_8b,qwen3_8b,only_gaze,43700,174800,1676544,164,29556,14144,0.6894240004839958,3.0362160008136065,5.326537001263397,8207695540,16449311440,1139266272640,8207651840,109.0865419992042,110.95394099993428
nymeria,mixed,tcn,nymeria__only_gaze__qwen3_8b,qwen3_8b,only_gaze,13700,54800,826368,1048,13700,0,0.8495550000588992,3.3200060005726293,5.74802600097555,8207665540,16449191440,1363684805760,8207651840,109.40757400021539,110.6704499998159
nymeria,mixed,ts_transformer,nymeria__only_gaze__qwen3_8b,qwen3_8b,only_gaze,26564,106256,1874944,1048,26564,0,0.9128649999183835,3.3836249994380516,5.811534999185277,8207678404,16449242896,1363685854336,8207651840,109.40757400021539,110.7638000003135
nymeria,mixed,patchtst,nymeria__only_gaze__qwen3_8b,qwen3_8b,only_gaze,26564,106256,2168704,1048,26564,0,0.9741550002217991,3.444274999233766,5.872184998980991,8207678404,16449242896,1013163572096,8207651840,108.77114100003382,110.17572699984157
nymeria,cuda,distrixsense,nymeria__only_imu__qwen3_8b,qwen3_8b,only_imu,96836,387344,7606656,672,36084,60752,1.4100669995968929,4.590392998875444,13.543842999115784,8207748676,16449523984,1981996226560,8207651840,111.61780600014026,117.38257600063662
nymeria,cuda,dense,nymeria__only_imu__qwen3_8b,qwen3_8b,only_imu,61188,244752,32371072,34592,27892,33296,0.891655000486935,10.636750000373903,39.2885600009594,8207713028,16449381392,4708574468096,8207651840,118.99848300072335,123.3223450008154
nymeria,cuda,dense_tokens,nymeria__only_imu__qwen3_8b,qwen3_8b,only_imu,80196,320784,7475584,8800,27892,52304,0.8571239995944779,5.628108999588003,19.324081998775945,8207732036,16449457424,1981996095488,8207651840,111.61780600014026,116.45943000075931
nymeria,cuda,raw,nymeria__only_imu__qwen3_8b,qwen3_8b,only_imu,61188,244752,32371072,616576,61188,0,2.862344999812194,128.59715699876233,504.9528479997207,8207713028,16449381392,4708574468096,8207651840,118.99848300072335,123.19789500088518
nymeria,cuda,early_fusion,nymeria__only_imu__qwen3_8b,qwen3_8b,only_imu,30244,120976,2136448,616576,30244,0,2.271652000672475,127.99910300061583,504.354134001278,8207682084,16449257616,1531793035264,8207651840,111.46995400031301,114.97471100028633
nymeria,cuda,late_fusion,nymeria__only_imu__qwen3_8b,qwen3_8b,only_imu,35936,143744,2097152,704,0,35936,0.1885309993667761,3.1566949980905163,11.588612997885724,8190771296,16381614464,1320603758336,8190735360,109.3874850002976,112.84695199901762
nymeria,cuda,local_only,nymeria__only_imu__qwen3_8b,qwen3_8b,only_imu,35936,143744,2097152,416,0,35936,0.2903320000768872,3.534838000617095,11.853259001265409,8190771296,16381614464,1320603758336,8190735360,109.3874850002976,113.0029440000726
nymeria,cuda,bottleneck,nymeria__only_imu__qwen3_8b,qwen3_8b,only_imu,63524,254096,32502144,5472,29172,34352,0.9577750006428687,4.9123090011472,16.252030000905705,8207715364,16449390736,4708574599168,8207651840,118.99848300072335,123.53906600128539
nymeria,cuda,tokenlearner,nymeria__only_imu__qwen3_8b,qwen3_8b,only_imu,71748,286992,7344512,8800,27892,43856,0.8576840000387165,5.5915080005777416,19.27243100158288,8207723588,16449423632,1981995964416,8207651840,111.61780600014026,116.55773100028455
nymeria,cuda,posthoc_vq,nymeria__only_imu__qwen3_8b,qwen3_8b,only_imu,102148,408592,32895360,1632,36084,66064,1.4058380002097692,4.930914000267954,14.931598001050903,8207753988,16449545232,4708574992384,8207651840,118.99848300072335,125.46738500077481
nymeria,cuda,joint_vq,nymeria__only_imu__qwen3_8b,qwen3_8b,only_imu,121156,484624,7606656,672,36084,85072,1.3942469995527063,4.874723999205429,14.71490999874766,8207772996,16449621264,1981996226560,8207651840,111.61780600014026,118.48506999922392
nymeria,cuda,deepconvlstm,nymeria__only_imu__qwen3_8b,qwen3_8b,only_imu,40922,163688,2551424,616576,40922,0,1.9284099998913007,127.66174300038529,504.0254759999698,8207692762,16449300328,1531793450240,8207651840,111.46995400031301,114.65213900009985
nymeria,cuda,unrestricted_bank,nymeria__only_imu__qwen3_8b,qwen3_8b,only_imu,155972,623888,8524160,672,36084,119888,0.9121140001298045,4.102319999515288,13.06142999992551,8207807812,16449760528,1981997144064,8207651840,111.61780600014026,116.87665300087247
nymeria,cuda,separate_banks,nymeria__only_imu__qwen3_8b,qwen3_8b,only_imu,96836,387344,7606656,672,36084,60752,1.4215169994713506,4.64967199816337,13.634682997963298,8207748676,16449523984,1981996226560,8207651840,111.61780600014026,117.41872500078898
nymeria,cuda,fixed_resampling,nymeria__only_imu__qwen3_8b,qwen3_8b,only_imu,96836,387344,7579008,672,36084,60752,1.3623370005007018,4.473383000299776,13.22878600085494,8207748676,16449523984,1981996198912,8207651840,111.61780600014026,117.03512400072213
nymeria,cuda,finetune_encoders,nymeria__only_imu__qwen3_8b,qwen3_8b,only_imu,96836,387344,7606656,672,36084,60752,1.3809080001010443,4.552072999399655,13.499566997143463,8207748676,16449523984,1981996226560,8207651840,111.61780600014026,117.33685499984858
nymeria,cuda,no_alignment,nymeria__only_imu__qwen3_8b,qwen3_8b,only_imu,96836,387344,7606656,672,36084,60752,1.3707170000998303,4.556502999844355,13.523545000044011,8207748676,16449523984,1981996226560,8207651840,111.61780600014026,117.2634750000725
nymeria,cuda,no_usage,nymeria__only_imu__qwen3_8b,qwen3_8b,only_imu,96836,387344,7606656,672,36084,60752,1.3764970008196542,4.576922000819735,13.55901400011169,8207748676,16449523984,1981996226560,8207651840,111.61780600014026,117.33234499934042
nymeria,cuda,tcn,nymeria__only_imu__qwen3_8b,qwen3_8b,only_imu,15908,63632,950400,616576,15908,0,2.0381009999255184,127.7746430005891,504.1324850001729,8207667748,16449200272,1531791849216,8207651840,111.46995400031301,114.71606000122847
nymeria,cuda,ts_transformer,nymeria__only_imu__qwen3_8b,qwen3_8b,only_imu,28772,115088,1998976,616576,28772,0,2.1352809999370947,127.86094299924571,504.2145829996116,8207680612,16449251728,1531792897792,8207651840,111.46995400031301,114.81413100045756
nymeria,cuda,patchtst,nymeria__only_imu__qwen3_8b,qwen3_8b,only_imu,27236,108944,17322496,616576,27236,0,2.232220999758283,127.95412200018745,504.30189400167365,8207679076,16449245584,1180931750912,8207651840,109.63268599971343,113.09664300006261
nymeria,mixed,distrixsense,nymeria__only_imu__qwen3_8b,qwen3_8b,only_imu,96836,387344,7606656,672,36084,60752,1.4280180002970155,4.239791999975836,12.114178998945478,8207748676,16449523984,1981996226560,8207651840,111.61780600014026,116.09485900044092
nymeria,mixed,dense,nymeria__only_imu__qwen3_8b,qwen3_8b,only_imu,61188,244752,32371072,34592,27892,33296,0.8987539995359839,10.37697799998339,38.243093000919465,8207713028,16449381392,4708574468096,8207651840,118.99848300072335,122.47963100071502
nymeria,mixed,dense_tokens,nymeria__only_imu__qwen3_8b,qwen3_8b,only_imu,80196,320784,7475584,8800,27892,52304,0.8844640005918336,5.268905998889531,17.931654000450216,8207732036,16449457424,1981996095488,8207651840,111.61780600014026,115.32022499977757
nymeria,mixed,raw,nymeria__only_imu__qwen3_8b,qwen3_8b,only_imu,61188,244752,32371072,616576,61188,0,2.886804999434389,128.5273960002769,504.6411359992817,8207713028,16449381392,4708574468096,8207651840,118.99848300072335,122.96091299958789
nymeria,mixed,early_fusion,nymeria__only_imu__qwen3_8b,qwen3_8b,only_imu,30244,120976,2136448,616576,30244,0,2.2706719992129365,127.91466399910405,504.02508500001204,8207682084,16449257616,1531793035264,8207651840,111.46995400031301,114.71570000048814
nymeria,mixed,late_fusion,nymeria__only_imu__qwen3_8b,qwen3_8b,only_imu,35936,143744,2097152,704,0,35936,0.1905209992401069,2.8978230000055745,10.528239999049623,8190771296,16381614464,1320603758336,8190735360,109.3874850002976,112.00620799991157
nymeria,mixed,local_only,nymeria__only_imu__qwen3_8b,qwen3_8b,only_imu,35936,143744,2097152,416,0,35936,0.29400199946394423,2.949765999785962,10.430372998536635,8190771296,16381614464,1320603758336,8190735360,109.3874850002976,112.14569000094343
nymeria,mixed,bottleneck,nymeria__only_imu__qwen3_8b,qwen3_8b,only_imu,63524,254096,32502144,5472,29172,34352,0.9644849997130223,4.630247000013746,15.142062999948593,8207715364,16449390736,4708574599168,8207651840,118.99848300072335,122.73302100038563
nymeria,mixed,tokenlearner,nymeria__only_imu__qwen3_8b,qwen3_8b,only_imu,71748,286992,7344512,8800,27892,43856,0.8730050003578071,5.251268000791024,17.882117000909638,8207723588,16449423632,1981995964416,8207651840,111.61780600014026,115.31379499956529
nymeria,mixed,posthoc_vq,nymeria__only_imu__qwen3_8b,qwen3_8b,only_imu,102148,408592,32895360,1632,36084,66064,1.48287799947866,4.540750000031117,13.154997001431498,8207753988,16449545232,4708574992384,8207651840,118.99848300072335,123.87456700071198
nymeria,mixed,joint_vq,nymeria__only_imu__qwen3_8b,qwen3_8b,only_imu,121156,484624,7606656,672,36084,85072,1.4067379997868557,4.3446020002421335,12.587180999890167,8207772996,16449621264,1981996226560,8207651840,111.61780600014026,116.64391199974489
nymeria,mixed,deepconvlstm,nymeria__only_imu__qwen3_8b,qwen3_8b,only_imu,40922,163688,2551424,616576,40922,0,1.909708999846771,127.54831000081595,503.66388000047664,8207692762,16449300328,1531793450240,8207651840,111.46995400031301,114.3349070007389
nymeria,mixed,unrestricted_bank,nymeria__only_imu__qwen3_8b,qwen3_8b,only_imu,155972,623888,8524160,672,36084,119888,0.9180349998132442,3.7429180004665743,11.61739500030342,8207807812,16449760528,1981997144064,8207651840,111.61780600014026,115.72892599997431
nymeria,mixed,separate_banks,nymeria__only_imu__qwen3_8b,qwen3_8b,only_imu,96836,387344,7606656,672,36084,60752,1.4544579998982954,4.271230999916128,12.137727999561664,8207748676,16449523984,1981996226560,8207651840,111.61780600014026,116.19617900032608
nymeria,mixed,fixed_resampling,nymeria__only_imu__qwen3_8b,qwen3_8b,only_imu,96836,387344,7579008,672,36084,60752,1.402937000420934,4.0863490006132395,11.553534000359265,8207748676,16449523984,1981996198912,8207651840,111.61780600014026,115.5540950003342
nymeria,mixed,finetune_encoders,nymeria__only_imu__qwen3_8b,qwen3_8b,only_imu,96836,387344,7606656,672,36084,60752,1.3698769998882199,4.175709999185614,12.034608000522327,8207748676,16449523984,1981996226560,8207651840,111.61780600014026,116.07326900139014
nymeria,mixed,no_alignment,nymeria__only_imu__qwen3_8b,qwen3_8b,only_imu,96836,387344,7606656,672,36084,60752,1.4082070001677494,4.219631000819476,12.081069000760523,8207748676,16449523984,1981996226560,8207651840,111.61780600014026,116.08465900008014
nymeria,mixed,no_usage,nymeria__only_imu__qwen3_8b,qwen3_8b,only_imu,96836,387344,7606656,672,36084,60752,1.3729070005865651,4.185150001217238,12.039356001242028,8207748676,16449523984,1981996226560,8207651840,111.61780600014026,116.1056089995327
nymeria,mixed,tcn,nymeria__only_imu__qwen3_8b,qwen3_8b,only_imu,15908,63632,950400,616576,15908,0,2.0803899997190456,127.72880199925112,503.8423029994192,8207667748,16449200272,1531791849216,8207651840,111.46995400031301,114.50231000071653
nymeria,mixed,ts_transformer,nymeria__only_imu__qwen3_8b,qwen3_8b,only_imu,28772,115088,1998976,616576,28772,0,2.174651000132144,127.80927199953567,503.92686400055027,8207680612,16449251728,1531792897792,8207651840,111.46995400031301,114.54394000065804
nymeria,mixed,patchtst,nymeria__only_imu__qwen3_8b,qwen3_8b,only_imu,27236,108944,17322496,616576,27236,0,2.227881000180787,127.86850300024071,503.98063300172,8207679076,16449245584,1180931750912,8207651840,109.63268599971343,112.79648299932887
nymeria,cuda,distrixsense,nymeria__only_joint_angles__qwen3_8b,qwen3_8b,only_joint_angles,51182,204728,1839552,81,28468,22714,0.5442120000225259,3.1338750004869187,3.1338750004869187,8207703022,16449341368,999225308480,8207651840,109.46943500039197,110.9655219997876
nymeria,cuda,dense,nymeria__only_joint_angles__qwen3_8b,qwen3_8b,only_joint_angles,46726,186904,3214784,4324,27444,19282,0.4731420003736275,6.311643999974639,6.311643999974639,8207698566,16449323544,1335685889344,8207651840,109.57651500029897,110.87877099998877
nymeria,cuda,dense_tokens,nymeria__only_joint_angles__qwen3_8b,qwen3_8b,only_joint_angles,49102,196408,1823168,1100,27444,21658,0.44860199977847515,3.834363999881025,3.834363999881025,8207700942,16449333048,999225292096,8207651840,109.46943500039197,110.82124299991847
nymeria,cuda,raw,nymeria__only_joint_angles__qwen3_8b,qwen3_8b,only_joint_angles,46726,186904,3214784,205452,46726,0,0.8214839999709511,167.319244000664,167.319244000664,8207698566,16449323544,1335685889344,8207651840,109.57651500029897,110.90508199959004
nymeria,cuda,early_fusion,nymeria__only_joint_angles__qwen3_8b,qwen3_8b,only_joint_angles,34822,139288,2454976,205452,34822,0,0.8293250002679997,167.34075600144917,167.34075600144917,8207686662,16449275928,1335685129536,8207651840,109.57651500029897,110.91030100033095
nymeria,cuda,late_fusion,nymeria__only_joint_angles__qwen3_8b,qwen3_8b,only_joint_angles,19612,78448,1221760,88,0,19612,0.07555000047432259,2.550431999359198,2.550431999359198,8190754972,16381549168,1124742384768,8190735360,109.45729400009441,110.40792899984808
nymeria,cuda,local_only,nymeria__only_joint_angles__qwen3_8b,qwen3_8b,only_joint_angles,19612,78448,1221760,52,0,19612,0.08983000043372158,2.544551001180918,2.544551001180918,8190754972,16381549168,1124742384768,8190735360,109.45729400009441,110.31026899945573
nymeria,cuda,bottleneck,nymeria__only_joint_angles__qwen3_8b,qwen3_8b,only_joint_angles,47018,188072,3231168,684,27604,19414,0.48605299980408745,3.4623539989034064,3.4623539989034064,8207698858,16449324712,1335685905728,8207651840,109.57651500029897,110.90352200062625
nymeria,cuda,tokenlearner,nymeria__only_joint_angles__qwen3_8b,qwen3_8b,only_joint_angles,48046,192184,1806784,1100,27444,20602,0.44488200001069345,3.819984000069671,3.819984000069671,8207699886,16449328824,999225275712,8207651840,109.46943500039197,110.81378100061556
nymeria,cuda,posthoc_vq,nymeria__only_joint_angles__qwen3_8b,qwen3_8b,only_joint_angles,48774,195096,3280320,192,28468,20306,0.5703630004063598,3.3468970010093413,3.3468970010093413,8207700614,16449331736,1335685954880,8207651840,109.57651500029897,111.20143400057714
nymeria,cuda,joint_vq,nymeria__only_joint_angles__qwen3_8b,qwen3_8b,only_joint_angles,51150,204600,1839552,81,28468,22682,0.5496430003404384,3.316276000106777,3.316276000106777,8207702990,16449341240,999225308480,8207651840,109.46943500039197,111.12474400033534
nymeria,cuda,deepconvlstm,nymeria__only_joint_angles__qwen3_8b,qwen3_8b,only_joint_angles,48860,195440,3056768,205452,48860,0,0.4869229996984359,166.98594499977827,166.98594499977827,8207700700,16449332080,1335685731328,8207651840,109.57651500029897,110.60476900001959
nymeria,cuda,unrestricted_bank,nymeria__only_joint_angles__qwen3_8b,qwen3_8b,only_joint_angles,51182,204728,1839552,81,28468,22714,0.48116199923242675,3.066785000584682,3.066785000584682,8207703022,16449341368,999225308480,8207651840,109.46943500039197,110.89224199986347
nymeria,cuda,separate_banks,nymeria__only_joint_angles__qwen3_8b,qwen3_8b,only_joint_angles,51182,204728,1839552,81,28468,22714,0.5769730005340534,3.1843560000487603,3.1843560000487603,8207703022,16449341368,999225308480,8207651840,109.46943500039197,110.96797300069738
nymeria,cuda,fixed_resampling,nymeria__only_joint_angles__qwen3_8b,qwen3_8b,only_joint_angles,51182,204728,1521600,81,28468,22714,0.5564929997490253,3.1087650004627765,3.1087650004627765,8207703022,16449341368,999224990528,8207651840,109.46943500039197,110.93343200082018
nymeria,cuda,finetune_encoders,nymeria__only_joint_angles__qwen3_8b,qwen3_8b,only_joint_angles,51182,204728,1839552,81,28468,22714,0.550062999536749,3.144575998732657,3.144575998732657,8207703022,16449341368,999225308480,8207651840,109.46943500039197,110.96558300050674
nymeria,cuda,no_alignment,nymeria__only_joint_angles__qwen3_8b,qwen3_8b,only_joint_angles,51182,204728,1839552,81,28468,22714,0.5563929998970707,3.1696850010411115,3.1696850010411115,8207703022,16449341368,999225308480,8207651840,109.46943500039197,111.21411500153044
nymeria,cuda,no_usage,nymeria__only_joint_angles__qwen3_8b,qwen3_8b,only_joint_angles,51182,204728,1839552,81,28468,22714,0.5444429998533451,3.1416860001917346,3.1416860001917346,8207703022,16449341368,999225308480,8207651840,109.46943500039197,110.96690200065495
nymeria,cuda,tcn,nymeria__only_joint_angles__qwen3_8b,qwen3_8b,only_joint_angles,20710,82840,1268928,205452,20710,0,0.5986429996482912,167.10735299913705,167.10735299913705,8207672550,16449219480,1335683943488,8207651840,109.57651500029897,110.6859510009599
nymeria,cuda,ts_transformer,nymeria__only_joint_angles__qwen3_8b,qwen3_8b,only_joint_angles,33574,134296,2317504,205452,33574,0,0.6788740001866245,167.1782639991032,167.1782639991032,8207685414,16449270936,1335684992064,8207651840,109.57651500029897,110.80574100014928
nymeria,cuda,patchtst,nymeria__only_joint_angles__qwen3_8b,qwen3_8b,only_joint_angles,31590,126360,25176384,205452,31590,0,0.7790240006215754,167.27588400082806,167.27588400082806,8207683430,16449263000,985244257344,8207651840,108.97103200022684,110.51953000151116
nymeria,mixed,distrixsense,nymeria__only_joint_angles__qwen3_8b,qwen3_8b,only_joint_angles,51182,204728,1839552,81,28468,22714,0.5530230000658776,2.900815999993833,2.900815999993833,8207703022,16449341368,999225308480,8207651840,109.46943500039197,110.82861100021546
nymeria,mixed,dense,nymeria__only_joint_angles__qwen3_8b,qwen3_8b,only_joint_angles,46726,186904,3214784,4324,27444,19282,0.4698429993368336,6.14662399889743,6.14662399889743,8207698566,16449323544,1335685889344,8207651840,109.57651500029897,110.76275200048258
nymeria,mixed,dense_tokens,nymeria__only_joint_angles__qwen3_8b,qwen3_8b,only_joint_angles,49102,196408,1823168,1100,27444,21658,0.4508619995249319,3.5924829990061697,3.5924829990061697,8207700942,16449333048,999225292096,8207651840,109.46943500039197,110.65728999983548
nymeria,mixed,raw,nymeria__only_joint_angles__qwen3_8b,qwen3_8b,only_joint_angles,46726,186904,3214784,205452,46726,0,0.854604000778636,167.29187400089342,167.29187400089342,8207698566,16449323544,1335685889344,8207651840,109.57651500029897,110.85300100057793
nymeria,mixed,early_fusion,nymeria__only_joint_angles__qwen3_8b,qwen3_8b,only_joint_angles,34822,139288,2454976,205452,34822,0,0.8285150006486219,167.26455500012872,167.26455500012872,8207686662,16449275928,1335685129536,8207651840,109.57651500029897,110.86193100072705
nymeria,mixed,late_fusion,nymeria__only_joint_angles__qwen3_8b,qwen3_8b,only_joint_angles,19612,78448,1221760,88,0,19612,0.07575000017823186,2.3704110009452326,2.3704110009452326,8190754972,16381549168,1124742384768,8190735360,109.45729400009441,110.1560970000719
nymeria,mixed,local_only,nymeria__only_joint_angles__qwen3_8b,qwen3_8b,only_joint_angles,19612,78448,1221760,52,0,19612,0.10066100003314205,2.3722020007585174,2.3722020007585174,8190754972,16381549168,1124742384768,8190735360,109.45729400009441,110.2182670010734
nymeria,mixed,bottleneck,nymeria__only_joint_angles__qwen3_8b,qwen3_8b,only_joint_angles,47018,188072,3231168,684,27604,19414,0.47720299971842906,3.263874001523643,3.263874001523643,8207698858,16449324712,1335685905728,8207651840,109.57651500029897,110.83494200011046
nymeria,mixed,tokenlearner,nymeria__only_joint_angles__qwen3_8b,qwen3_8b,only_joint_angles,48046,192184,1806784,1100,27444,20602,0.45013199996901676,3.5866429998303646,3.5866429998303646,8207699886,16449328824,999225275712,8207651840,109.46943500039197,110.6651400004921
nymeria,mixed,posthoc_vq,nymeria__only_joint_angles__qwen3_8b,qwen3_8b,only_joint_angles,48774,195096,3280320,192,28468,20306,0.58262300080969,3.0591050004462828,3.0591050004462828,8207700614,16449331736,1335685954880,8207651840,109.57651500029897,110.9885129999384
nymeria,mixed,joint_vq,nymeria__only_joint_angles__qwen3_8b,qwen3_8b,only_joint_angles,51150,204600,1839552,81,28468,22682,0.5429929997262661,2.9754939996854635,2.9754939996854635,8207702990,16449341240,999225308480,8207651840,109.46943500039197,110.87105200022052
nymeria,mixed,deepconvlstm,nymeria__only_joint_angles__qwen3_8b,qwen3_8b,only_joint_angles,48860,195440,3056768,205452,48860,0,0.4903429999103537,166.92457399896722,166.92457399896722,8207700700,16449332080,1335685731328,8207651840,109.57651500029897,110.54481900100654
nymeria,mixed,unrestricted_bank,nymeria__only_joint_angles__qwen3_8b,qwen3_8b,only_joint_angles,51182,204728,1839552,81,28468,22714,0.4631219999282621,2.8150529997509555,2.8150529997509555,8207703022,16449341368,999225308480,8207651840,109.46943500039197,110.70762200051831
nymeria,mixed,separate_banks,nymeria__only_joint_angles__qwen3_8b,qwen3_8b,only_joint_angles,51182,204728,1839552,81,28468,22714,0.5714230001103715,2.9210359998904867,2.9210359998904867,8207703022,16449341368,999225308480,8207651840,109.46943500039197,110.81202200057305
nymeria,mixed,fixed_resampling,nymeria__only_joint_angles__qwen3_8b,qwen3_8b,only_joint_angles,51182,204728,1521600,81,28468,22714,0.5443129994091578,2.8196639996457495,2.8196639996457495,8207703022,16449341368,999224990528,8207651840,109.46943500039197,110.70072099937533
nymeria,mixed,finetune_encoders,nymeria__only_joint_angles__qwen3_8b,qwen3_8b,only_joint_angles,51182,204728,1839552,81,28468,22714,0.5433330006781034,2.8892940008808043,2.8892940008808043,8207703022,16449341368,999225308480,8207651840,109.46943500039197,110.80213300010655
nymeria,mixed,no_alignment,nymeria__only_joint_angles__qwen3_8b,qwen3_8b,only_joint_angles,51182,204728,1839552,81,28468,22714,0.5485430001499481,2.9052940008404082,2.9052940008404082,8207703022,16449341368,999225308480,8207651840,109.46943500039197,110.79256100038037
nymeria,mixed,no_usage,nymeria__only_joint_angles__qwen3_8b,qwen3_8b,only_joint_angles,51182,204728,1839552,81,28468,22714,0.5464530004246626,2.8926249988507013,2.8926249988507013,8207703022,16449341368,999225308480,8207651840,109.46943500039197,110.8373830002165
nymeria,mixed,tcn,nymeria__only_joint_angles__qwen3_8b,qwen3_8b,only_joint_angles,20710,82840,1268928,205452,20710,0,0.5914130006203777,167.02571500029063,167.02571500029063,8207672550,16449219480,1335683943488,8207651840,109.57651500029897,110.62981000031868
nymeria,mixed,ts_transformer,nymeria__only_joint_angles__qwen3_8b,qwen3_8b,only_joint_angles,33574,134296,2317504,205452,33574,0,0.6732430001648027,167.112343000026,167.112343000026,8207685414,16449270936,1335684992064,8207651840,109.57651500029897,110.7258809997802
nymeria,mixed,patchtst,nymeria__only_joint_angles__qwen3_8b,qwen3_8b,only_joint_angles,31590,126360,25176384,205452,31590,0,0.7886539997343789,167.51559500009517,167.51559500009517,8207683430,16449263000,985244257344,8207651840,108.97103200022684,110.19936699995014
nymeria,cuda,distrixsense,nymeria__only_magnetometer__qwen3_8b,qwen3_8b,only_magnetometer,43700,174800,1676544,164,29556,14144,0.6787439997424372,3.5289090004281256,6.072500999533268,8207695540,16449311440,1139266272640,8207651840,109.0865419992042,111.35888399894611
nymeria,cuda,dense,nymeria__only_magnetometer__qwen3_8b,qwen3_8b,only_magnetometer,34788,139152,4918528,8648,27508,7280,0.5178420005904627,6.358885000149475,12.150315999596822,8207686628,16449275792,1813433634176,8207651840,112.04884800008585,113.76193700016302
nymeria,cuda,dense_tokens,nymeria__only_magnetometer__qwen3_8b,qwen3_8b,only_magnetometer,39540,158160,1643776,2200,27508,12032,0.5211920006331638,3.9025940004602306,7.23760600066249,8207691380,16449294800,1139266239872,8207651840,109.0865419992042,110.9914309981832
nymeria,cuda,raw,nymeria__only_magnetometer__qwen3_8b,qwen3_8b,only_magnetometer,34788,139152,4918528,1048,34788,0,1.1053950001951307,3.6354550001448835,6.116194999623438,8207686628,16449275792,1813433634176,8207651840,112.04884800008585,113.83076599940978
nymeria,cuda,early_fusion,nymeria__only_magnetometer__qwen3_8b,qwen3_8b,only_magnetometer,27844,111376,2012416,1048,27844,0,1.035635000334878,3.5590150008972152,6.035805000311846,8207679684,16449248016,1363685991808,8207651840,109.40757400021539,110.97844200048712
nymeria,cuda,late_fusion,nymeria__only_magnetometer__qwen3_8b,qwen3_8b,only_magnetometer,7940,31760,458240,176,0,7940,0.0922700000955956,2.56952300073629,4.997134000673086,8190743300,16381502480,1152707536640,8190735360,109.5203249997212,110.73070100064797
nymeria,cuda,local_only,nymeria__only_magnetometer__qwen3_8b,qwen3_8b,only_magnetometer,7940,31760,458240,104,0,7940,0.19764100034080911,2.6542150001364293,5.0695969999059916,8190743300,16381502480,1152707536640,8190735360,109.5203249997212,110.78567099957581
nymeria,cuda,bottleneck,nymeria__only_magnetometer__qwen3_8b,qwen3_8b,only_magnetometer,35372,141488,4951296,1368,27828,7544,0.5469030002132058,3.5263750007934753,6.4411660000969775,8207687212,16449278128,1813433666944,8207651840,112.04884800008585,113.83877800017217
nymeria,cuda,tokenlearner,nymeria__only_magnetometer__qwen3_8b,qwen3_8b,only_magnetometer,37428,149712,1611008,2200,27508,9920,0.5196620004426222,3.8889349998452234,7.211697000447893,8207689268,16449286352,1139266207104,8207651840,109.0865419992042,111.10075199849234
nymeria,cuda,posthoc_vq,nymeria__only_magnetometer__qwen3_8b,qwen3_8b,only_magnetometer,40932,163728,5049600,392,29556,11376,0.6842039992989157,3.4668559990562033,6.170147998613678,8207692772,16449300368,1813433765248,8207651840,112.04884800008585,114.38099999941187
nymeria,cuda,joint_vq,nymeria__only_magnetometer__qwen3_8b,qwen3_8b,only_magnetometer,45684,182736,1676544,164,29556,16128,0.6707539996568812,3.4136469988280673,6.105510999685258,8207697524,16449319376,1139266272640,8207651840,109.0865419992042,111.58429399893066
nymeria,cuda,deepconvlstm,nymeria__only_magnetometer__qwen3_8b,qwen3_8b,only_magnetometer,33722,134888,2096000,1048,33722,0,0.6783329999962007,3.2041539988455945,5.687994997816894,8207685562,16449271528,1363686075392,8207651840,109.40757400021539,110.62079899966193
nymeria,cuda,unrestricted_bank,nymeria__only_magnetometer__qwen3_8b,qwen3_8b,only_magnetometer,45812,183248,1709312,164,29556,16256,0.5346419993657037,3.134305000761838,5.664787000267289,8207697652,16449319888,1139266305408,8207651840,109.0865419992042,111.09102299906226
nymeria,cuda,separate_banks,nymeria__only_magnetometer__qwen3_8b,qwen3_8b,only_magnetometer,43700,174800,1676544,164,29556,14144,0.691112999447796,3.2921549985386314,5.8242569981923324,8207695540,16449311440,1139266272640,8207651840,109.0865419992042,111.25370199897588
nymeria,cuda,fixed_resampling,nymeria__only_magnetometer__qwen3_8b,qwen3_8b,only_magnetometer,43700,174800,1674240,164,29556,14144,0.6782139998904313,3.229305999715603,5.728277998667373,8207695540,16449311440,1139266270336,8207651840,109.0865419992042,111.15798199898563
nymeria,cuda,finetune_encoders,nymeria__only_magnetometer__qwen3_8b,qwen3_8b,only_magnetometer,43700,174800,1676544,164,29556,14144,0.6727540003339527,3.5503670008748536,6.1091390004259765,8207695540,16449311440,1139266272640,8207651840,109.0865419992042,111.2310129992693
nymeria,cuda,no_alignment,nymeria__only_magnetometer__qwen3_8b,qwen3_8b,only_magnetometer,43700,174800,1676544,164,29556,14144,0.6744729998899857,3.282697000335343,5.833890000456641,8207695540,16449311440,1139266272640,8207651840,109.0865419992042,111.21161299888627
nymeria,cuda,no_usage,nymeria__only_magnetometer__qwen3_8b,qwen3_8b,only_magnetometer,43700,174800,1676544,164,29556,14144,0.6715629997415817,3.256966000966809,5.789769000937859,8207695540,16449311440,1139266272640,8207651840,109.0865419992042,111.22421299933194
nymeria,cuda,tcn,nymeria__only_magnetometer__qwen3_8b,qwen3_8b,only_magnetometer,13700,54800,826368,1048,13700,0,0.8070740004768595,3.329124001462059,5.808555002505635,8207665540,16449191440,1363684805760,8207651840,109.40757400021539,110.74873199959256
nymeria,cuda,ts_transformer,nymeria__only_magnetometer__qwen3_8b,qwen3_8b,only_magnetometer,26564,106256,1874944,1048,26564,0,0.8781050000834512,3.4089759982777643,5.888955998517666,8207678404,16449242896,1363685854336,8207651840,109.40757400021539,110.82539000017277
nymeria,cuda,patchtst,nymeria__only_magnetometer__qwen3_8b,qwen3_8b,only_magnetometer,26564,106256,2168704,1048,26564,0,0.970805000179098,3.504514999727416,5.986814999988745,8207678404,16449242896,1013163572096,8207651840,108.77114100003382,110.25772799985134
nymeria,mixed,distrixsense,nymeria__only_magnetometer__qwen3_8b,qwen3_8b,only_magnetometer,43700,174800,1676544,164,29556,14144,0.6758839999747579,3.0161049983999924,5.305175999336107,8207695540,16449311440,1139266272640,8207651840,109.0865419992042,110.89390099914453
nymeria,mixed,dense,nymeria__only_magnetometer__qwen3_8b,qwen3_8b,only_magnetometer,34788,139152,4918528,8648,27508,7280,0.5193329998292029,6.177912999514537,11.791422999257955,8207686628,16449275792,1813433634176,8207651840,112.04884800008585,113.51536600068357
nymeria,mixed,dense_tokens,nymeria__only_magnetometer__qwen3_8b,qwen3_8b,only_magnetometer,39540,158160,1643776,2200,27508,12032,0.514201999976649,3.64866300059919,6.730524000877049,8207691380,16449294800,1139266239872,8207651840,109.0865419992042,110.63778900006582
nymeria,mixed,raw,nymeria__only_magnetometer__qwen3_8b,qwen3_8b,only_magnetometer,34788,139152,4918528,1048,34788,0,1.1017059996447642,3.5749460002222797,6.002836000181013,8207686628,16449275792,1813433634176,8207651840,112.04884800008585,113.59714599984727
nymeria,mixed,early_fusion,nymeria__only_magnetometer__qwen3_8b,qwen3_8b,only_magnetometer,27844,111376,2012416,1048,27844,0,1.0294860003341455,3.499576000572869,5.927456000637356,8207679684,16449248016,1363685991808,8207651840,109.40757400021539,110.88656200081459
nymeria,mixed,late_fusion,nymeria__only_magnetometer__qwen3_8b,qwen3_8b,only_magnetometer,7940,31760,458240,176,0,7940,0.09442999999009771,2.376679999676917,4.6178409987031594,8190743300,16381502480,1152707536640,8190735360,109.5203249997212,110.46778000036284
nymeria,mixed,local_only,nymeria__only_magnetometer__qwen3_8b,qwen3_8b,only_magnetometer,7940,31760,458240,104,0,7940,0.12138100009906339,2.379401999194198,4.594672999278339,8190743300,16381502480,1152707536640,8190735360,109.5203249997212,110.51076999956422
nymeria,mixed,bottleneck,nymeria__only_magnetometer__qwen3_8b,qwen3_8b,only_magnetometer,35372,141488,4951296,1368,27828,7544,0.5409129998952267,3.307424001169263,6.029475000597863,8207687212,16449278128,1813433666944,8207651840,112.04884800008585,113.574095000331
nymeria,mixed,tokenlearner,nymeria__only_magnetometer__qwen3_8b,qwen3_8b,only_magnetometer,37428,149712,1611008,2200,27508,9920,0.5192729995542322,3.6452049998796427,6.724276000559039,8207689268,16449286352,1139266207104,8207651840,109.0865419992042,110.63527999885991
nymeria,mixed,posthoc_vq,nymeria__only_magnetometer__qwen3_8b,qwen3_8b,only_magnetometer,40932,163728,5049600,392,29556,11376,0.6951140003366163,3.181786000629724,5.600089000449365,8207692772,16449300368,1813433765248,8207651840,112.04884800008585,113.9673080006105
nymeria,mixed,joint_vq,nymeria__only_magnetometer__qwen3_8b,qwen3_8b,only_magnetometer,45684,182736,1676544,164,29556,16128,0.6815940005253651,3.0978350008209468,5.464147001174034,8207697524,16449319376,1139266272640,8207651840,109.0865419992042,111.01449099896854
nymeria,mixed,deepconvlstm,nymeria__only_magnetometer__qwen3_8b,qwen3_8b,only_magnetometer,33722,134888,2096000,1048,33722,0,0.6774940002287622,3.1471640003616805,5.5753839995590155,8207685562,16449271528,1363686075392,8207651840,109.40757400021539,110.59145000126591
nymeria,mixed,unrestricted_bank,nymeria__only_magnetometer__qwen3_8b,qwen3_8b,only_magnetometer,45812,183248,1709312,164,29556,16256,0.5330629992386093,2.8732639987848465,5.162024998451862,8207697652,16449319888,1139266305408,8207651840,109.0865419992042,110.74415099938051
nymeria,mixed,separate_banks,nymeria__only_magnetometer__qwen3_8b,qwen3_8b,only_magnetometer,43700,174800,1676544,164,29556,14144,0.7083929995133076,3.0472339988901744,5.3346749988742985,8207695540,16449311440,1139266272640,8207651840,109.0865419992042,110.89921099937783
nymeria,mixed,fixed_resampling,nymeria__only_magnetometer__qwen3_8b,qwen3_8b,only_magnetometer,43700,174800,1674240,164,29556,14144,0.6811329994889093,2.958923999662243,5.178574999870953,8207695540,16449311440,1139266270336,8207651840,109.0865419992042,110.70903999916482
nymeria,mixed,finetune_encoders,nymeria__only_magnetometer__qwen3_8b,qwen3_8b,only_magnetometer,43700,174800,1676544,164,29556,14144,0.8086639991233824,3.1535869978452915,5.440417997913947,8207695540,16449311440,1139266272640,8207651840,109.0865419992042,110.8764409991636
nymeria,mixed,no_alignment,nymeria__only_magnetometer__qwen3_8b,qwen3_8b,only_magnetometer,43700,174800,1676544,164,29556,14144,0.6754229998477967,3.0156040005150366,5.303984999653231,8207695540,16449311440,1139266272640,8207651840,109.0865419992042,110.89773999992758
nymeria,mixed,no_usage,nymeria__only_magnetometer__qwen3_8b,qwen3_8b,only_magnetometer,43700,174800,1676544,164,29556,14144,0.678004000292276,3.0207850007483152,5.305676001324365,8207695540,16449311440,1139266272640,8207651840,109.0865419992042,110.89691999950446
nymeria,mixed,tcn,nymeria__only_magnetometer__qwen3_8b,qwen3_8b,only_magnetometer,13700,54800,826368,1048,13700,0,0.8073050003076787,3.2774150003348943,5.705225000230165,8207665540,16449191440,1363684805760,8207651840,109.40757400021539,110.68417999922531
nymeria,mixed,ts_transformer,nymeria__only_magnetometer__qwen3_8b,qwen3_8b,only_magnetometer,26564,106256,1874944,1048,26564,0,0.8922050001274329,3.3625149998585577,5.790924999775051,8207678404,16449242896,1363685854336,8207651840,109.40757400021539,110.74643099982495
nymeria,mixed,patchtst,nymeria__only_magnetometer__qwen3_8b,qwen3_8b,only_magnetometer,26564,106256,2168704,1048,26564,0,0.9698249996290542,3.439435999931174,5.867265999614936,8207678404,16449242896,1013163572096,8207651840,108.77114100003382,110.17208799967193
nymeria,cuda,distrixsense,nymeria__only_pointcloud__qwen3_8b,qwen3_8b,only_pointcloud,37160,148640,949440,81,28468,8692,0.5472829998325324,3.029076000559039,3.029076000559039,8207689000,16449285280,999224418368,8207651840,109.46943500039197,110.84221200053435
nymeria,cuda,dense,nymeria__only_pointcloud__qwen3_8b,qwen3_8b,only_pointcloud,32704,130816,2324672,4324,27444,5260,0.4685120002250187,6.21398300004761,6.21398300004761,8207684544,16449267456,1335684999232,8207651840,109.57651500029897,110.76351100018655
nymeria,cuda,dense_tokens,nymeria__only_pointcloud__qwen3_8b,qwen3_8b,only_pointcloud,35080,140320,933056,1100,27444,7636,0.44674200034933165,3.7037539996116537,3.7037539996116537,8207686920,16449276960,999224401984,8207651840,109.46943500039197,110.71449100018071
nymeria,cuda,raw,nymeria__only_pointcloud__qwen3_8b,qwen3_8b,only_pointcloud,32704,130816,2324672,96,32704,0,0.7099439999365131,2.8681640001788735,2.8681640001788735,8207684544,16449267456,1335684999232,8207651840,109.57651500029897,110.71498000092106
nymeria,cuda,early_fusion,nymeria__only_pointcloud__qwen3_8b,qwen3_8b,only_pointcloud,28096,112384,2031808,96,28096,0,0.7405040005323826,2.8993750007113674,2.8993750007113674,8207679936,16449249024,1335684706368,8207651840,109.57651500029897,110.75540099955106
nymeria,cuda,late_fusion,nymeria__only_pointcloud__qwen3_8b,qwen3_8b,only_pointcloud,5590,22360,331648,88,0,5590,0.0742900001569069,2.4536409984170224,2.4536409984170224,8190740950,16381493080,1124741494656,8190735360,109.45729400009441,110.19337699963216
nymeria,cuda,local_only,nymeria__only_pointcloud__qwen3_8b,qwen3_8b,only_pointcloud,5590,22360,331648,52,0,5590,0.09992100058298092,2.447604000069515,2.447604000069515,8190740950,16381493080,1124741494656,8190735360,109.45729400009441,110.18972799956828
nymeria,cuda,bottleneck,nymeria__only_pointcloud__qwen3_8b,qwen3_8b,only_pointcloud,32996,131984,2341056,684,27604,5392,0.4821129996344098,3.345864998910681,3.345864998910681,8207684836,16449268624,1335685015616,8207651840,109.57651500029897,110.79530999995768
nymeria,cuda,tokenlearner,nymeria__only_pointcloud__qwen3_8b,qwen3_8b,only_pointcloud,34024,136096,916672,1100,27444,6580,0.44943300054001156,3.7380150015404796,3.7380150015404796,8207685864,16449272736,999224385600,8207651840,109.46943500039197,110.68697100017744
nymeria,cuda,posthoc_vq,nymeria__only_pointcloud__qwen3_8b,qwen3_8b,only_pointcloud,34752,139008,2390208,192,28468,6284,0.5659629996443982,3.222775998964056,3.222775998964056,8207686592,16449275648,1335685064768,8207651840,109.57651500029897,111.07591300060449
nymeria,cuda,joint_vq,nymeria__only_pointcloud__qwen3_8b,qwen3_8b,only_pointcloud,37128,148512,949440,81,28468,8660,0.5443219997687265,3.2099239997768425,3.2099239997768425,8207688968,16449285152,999224418368,8207651840,109.46943500039197,111.009383000237
nymeria,cuda,deepconvlstm,nymeria__only_pointcloud__qwen3_8b,qwen3_8b,only_pointcloud,34838,139352,2166656,96,34838,0,0.37255099960020743,2.532730999123666,2.532730999123666,8207686678,16449275992,1335684841216,8207651840,109.57651500029897,110.39166800037492
nymeria,cuda,unrestricted_bank,nymeria__only_pointcloud__qwen3_8b,qwen3_8b,only_pointcloud,37160,148640,949440,81,28468,8692,0.46273200041468954,2.9486650001052883,2.9486650001052883,8207689000,16449285280,999224418368,8207651840,109.46943500039197,110.76718099957361
nymeria,cuda,separate_banks,nymeria__only_pointcloud__qwen3_8b,qwen3_8b,only_pointcloud,37160,148640,949440,81,28468,8692,0.5570729999817559,3.0351059995445073,3.0351059995445073,8207689000,16449285280,999224418368,8207651840,109.46943500039197,110.84416300036537
nymeria,cuda,fixed_resampling,nymeria__only_pointcloud__qwen3_8b,qwen3_8b,only_pointcloud,37160,148640,937920,81,28468,8692,0.6621930006076582,3.112904000801686,3.112904000801686,8207689000,16449285280,999224406848,8207651840,109.46943500039197,110.81518200080609
nymeria,cuda,finetune_encoders,nymeria__only_pointcloud__qwen3_8b,qwen3_8b,only_pointcloud,37160,148640,949440,81,28468,8692,0.5499330000020564,3.0413259992491337,3.0413259992491337,8207689000,16449285280,999224418368,8207651840,109.46943500039197,110.84188199947675
nymeria,cuda,no_alignment,nymeria__only_pointcloud__qwen3_8b,qwen3_8b,only_pointcloud,37160,148640,949440,81,28468,8692,0.5471329995998531,3.024536999902816,3.024536999902816,8207689000,16449285280,999224418368,8207651840,109.46943500039197,110.83347300154855
nymeria,cuda,no_usage,nymeria__only_pointcloud__qwen3_8b,qwen3_8b,only_pointcloud,37160,148640,949440,81,28468,8692,0.5396730002757977,3.0189240006001317,3.0189240006001317,8207689000,16449285280,999224418368,8207651840,109.46943500039197,110.83762200087222
nymeria,cuda,tcn,nymeria__only_pointcloud__qwen3_8b,qwen3_8b,only_pointcloud,13984,55936,845760,96,13984,0,0.5157429995961138,2.6761029999444843,2.6761029999444843,8207665824,16449192576,1335683520320,8207651840,109.57651500029897,110.53008099952422
nymeria,cuda,ts_transformer,nymeria__only_pointcloud__qwen3_8b,qwen3_8b,only_pointcloud,26848,107392,1894336,96,26848,0,0.6004130000292207,2.764032999553089,2.764032999553089,8207678688,16449244032,1335684568896,8207651840,109.57651500029897,110.61547000099381
nymeria,cuda,patchtst,nymeria__only_pointcloud__qwen3_8b,qwen3_8b,only_pointcloud,26688,106752,4339008,96,26688,0,0.6730040004185867,2.842143999773904,2.842143999773904,8207678528,16449243392,985223419968,8207651840,108.97103200022684,110.10989800070092
nymeria,mixed,distrixsense,nymeria__only_pointcloud__qwen3_8b,qwen3_8b,only_pointcloud,37160,148640,949440,81,28468,8692,0.5537729994102847,2.8456239988662535,2.8456239988662535,8207689000,16449285280,999224418368,8207651840,109.46943500039197,110.743982000713
nymeria,mixed,dense,nymeria__only_pointcloud__qwen3_8b,qwen3_8b,only_pointcloud,32704,130816,2324672,4324,27444,5260,0.4614830004356918,6.085694999778515,6.085694999778515,8207684544,16449267456,1335684999232,8207651840,109.57651500029897,110.71659000026557
nymeria,mixed,dense_tokens,nymeria__only_pointcloud__qwen3_8b,qwen3_8b,only_pointcloud,35080,140320,933056,1100,27444,7636,0.4512229997999384,3.548073999804619,3.548073999804619,8207686920,16449276960,999224401984,8207651840,109.46943500039197,110.6211220003388
nymeria,mixed,raw,nymeria__only_pointcloud__qwen3_8b,qwen3_8b,only_pointcloud,32704,130816,2324672,96,32704,0,0.6985140007600421,2.807534001081146,2.807534001081146,8207684544,16449267456,1335684999232,8207651840,109.57651500029897,110.70625100092002
nymeria,mixed,early_fusion,nymeria__only_pointcloud__qwen3_8b,qwen3_8b,only_pointcloud,28096,112384,2031808,96,28096,0,0.7357540007433272,2.8447940017624176,2.8447940017624176,8207679936,16449249024,1335684706368,8207651840,109.57651500029897,110.72427100043569
nymeria,mixed,late_fusion,nymeria__only_pointcloud__qwen3_8b,qwen3_8b,only_pointcloud,5590,22360,331648,88,0,5590,0.07533000007242663,2.3181900006851994,2.3181900006851994,8190740950,16381493080,1124741494656,8190735360,109.45729400009441,110.0964360002763
nymeria,mixed,local_only,nymeria__only_pointcloud__qwen3_8b,qwen3_8b,only_pointcloud,5590,22360,331648,52,0,5590,0.09087000034924131,2.317131000625051,2.317131000625051,8190740950,16381493080,1124741494656,8190735360,109.45729400009441,110.11818700080767
nymeria,mixed,bottleneck,nymeria__only_pointcloud__qwen3_8b,qwen3_8b,only_pointcloud,32996,131984,2341056,684,27604,5392,0.48520200016355375,3.212873000185052,3.212873000185052,8207684836,16449268624,1335685015616,8207651840,109.57651500029897,110.7348199993794
nymeria,mixed,tokenlearner,nymeria__only_pointcloud__qwen3_8b,qwen3_8b,only_pointcloud,34024,136096,916672,1100,27444,6580,0.4567719997794484,3.5486239976261276,3.5486239976261276,8207685864,16449272736,999224385600,8207651840,109.46943500039197,110.61028200037981
nymeria,mixed,posthoc_vq,nymeria__only_pointcloud__qwen3_8b,qwen3_8b,only_pointcloud,34752,139008,2390208,192,28468,6284,0.5649229997288785,2.993834999486711,2.993834999486711,8207686592,16449275648,1335685064768,8207651840,109.57651500029897,110.92690300029062
nymeria,mixed,joint_vq,nymeria__only_pointcloud__qwen3_8b,qwen3_8b,only_pointcloud,37128,148512,949440,81,28468,8660,0.5495430004884838,2.9070349992542877,2.9070349992542877,8207688968,16449285152,999224418368,8207651840,109.46943500039197,110.80369100091048
nymeria,mixed,deepconvlstm,nymeria__only_pointcloud__qwen3_8b,qwen3_8b,only_pointcloud,34838,139352,2166656,96,34838,0,0.37199199960014084,2.4817919989483896,2.4817919989483896,8207686678,16449275992,1335684841216,8207651840,109.57651500029897,110.36603000047762
nymeria,mixed,unrestricted_bank,nymeria__only_pointcloud__qwen3_8b,qwen3_8b,only_pointcloud,37160,148640,949440,81,28468,8692,0.45408300047711236,2.743344000038528,2.743344000038528,8207689000,16449285280,999224418368,8207651840,109.46943500039197,110.64724999960163
nymeria,mixed,separate_banks,nymeria__only_pointcloud__qwen3_8b,qwen3_8b,only_pointcloud,37160,148640,949440,81,28468,8692,0.564293000024918,2.8539230006862315,2.8539230006862315,8207689000,16449285280,999224418368,8207651840,109.46943500039197,110.74559100052284
nymeria,mixed,fixed_resampling,nymeria__only_pointcloud__qwen3_8b,qwen3_8b,only_pointcloud,37160,148640,937920,81,28468,8692,0.5562329997701454,2.776684999873291,2.776684999873291,8207689000,16449285280,999224406848,8207651840,109.46943500039197,110.67604199979542
nymeria,mixed,finetune_encoders,nymeria__only_pointcloud__qwen3_8b,qwen3_8b,only_pointcloud,37160,148640,949440,81,28468,8692,0.5536219996429281,2.8411929988868767,2.8411929988868767,8207689000,16449285280,999224418368,8207651840,109.46943500039197,110.7464920005441
nymeria,mixed,no_alignment,nymeria__only_pointcloud__qwen3_8b,qwen3_8b,only_pointcloud,37160,148640,949440,81,28468,8692,0.5446229997687624,2.834284000556986,2.834284000556986,8207689000,16449285280,999224418368,8207651840,109.46943500039197,110.73634199965454
nymeria,mixed,no_usage,nymeria__only_pointcloud__qwen3_8b,qwen3_8b,only_pointcloud,37160,148640,949440,81,28468,8692,0.5599830001301598,2.855124000263354,2.855124000263354,8207689000,16449285280,999224418368,8207651840,109.46943500039197,110.75362099927588
nymeria,mixed,tcn,nymeria__only_pointcloud__qwen3_8b,qwen3_8b,only_pointcloud,13984,55936,845760,96,13984,0,0.5079030006527319,2.6174930004028254,2.6174930004028254,8207665824,16449192576,1335683520320,8207651840,109.57651500029897,110.49085000013292
nymeria,mixed,ts_transformer,nymeria__only_pointcloud__qwen3_8b,qwen3_8b,only_pointcloud,26848,107392,1894336,96,26848,0,0.6079229997340008,2.7171540000974317,2.7171540000974317,8207678688,16449244032,1335684568896,8207651840,109.57651500029897,110.58875000071566
nymeria,mixed,patchtst,nymeria__only_pointcloud__qwen3_8b,qwen3_8b,only_pointcloud,26688,106752,4339008,96,26688,0,0.6822539999120636,2.791633999154507,2.791633999154507,8207678528,16449243392,985223419968,8207651840,108.97103200022684,110.03505700045935
nymeria,cuda,distrixsense,nymeria__only_rgb__qwen3_8b,qwen3_8b,only_rgb,332180,1328720,20755584,332,31732,300448,0.9158049997495255,3.570887000602239,11.242395999529712,8207984020,16450465360,1419721500416,8207651840,109.65809600020293,113.19717400056106
nymeria,cuda,dense,nymeria__only_rgb__qwen3_8b,qwen3_8b,only_rgb,314356,1257424,29205632,17296,27636,286720,0.6551229998876806,6.57574499960423,23.99866899888271,8207966196,16450394064,2773041022720,8207651840,112.13595800018084,114.8445119997632
nymeria,cuda,dense_tokens,nymeria__only_rgb__qwen3_8b,qwen3_8b,only_rgb,323860,1295440,20690048,4400,27636,296224,0.6319230005829013,4.053346001451136,14.066593002080044,8207975700,16450432080,1419721434880,8207651840,109.65809600020293,112.76346199974796
nymeria,cuda,raw,nymeria__only_rgb__qwen3_8b,qwen3_8b,only_rgb,314356,1257424,29205632,188928,314356,0,1.7497590006314567,60.60590000004001,161.28094199864728,8207966196,16450394064,2773041022720,8207651840,112.13595800018084,114.69944100008433
nymeria,cuda,early_fusion,nymeria__only_rgb__qwen3_8b,qwen3_8b,only_rgb,203668,814672,13159552,188928,203668,0,1.452297000469116,60.30805800025834,160.9811710015304,8207855508,16449951312,1419713904384,8207651840,109.65809600020293,111.87835700093274
nymeria,cuda,late_fusion,nymeria__only_rgb__qwen3_8b,qwen3_8b,only_rgb,288040,1152160,18237952,352,0,288040,0.12203999995108461,2.798261999621382,10.146398999122285,8191023400,16382622880,1208671302912,8190735360,109.59371499939152,111.7043049998756
nymeria,cuda,local_only,nymeria__only_rgb__qwen3_8b,qwen3_8b,only_rgb,288040,1152160,18237952,208,0,288040,0.19105100000160746,2.7074639995293923,10.000307998843642,8191023400,16382622880,1208671302912,8190735360,109.59371499939152,111.80675599916867
nymeria,cuda,bottleneck,nymeria__only_rgb__qwen3_8b,qwen3_8b,only_rgb,315524,1262096,29271168,2736,28276,287248,0.6826240005466389,3.718156999885675,12.506214001481666,8207967364,16450398736,2773041088256,8207651840,112.13595800018084,115.01188300007925
nymeria,cuda,tokenlearner,nymeria__only_rgb__qwen3_8b,qwen3_8b,only_rgb,319636,1278544,20624512,4400,27636,292000,0.6422830001611146,4.094197000081185,14.107316000244754,8207971476,16450415184,1419721369344,8207651840,109.65809600020293,112.66692099979991
nymeria,cuda,posthoc_vq,nymeria__only_rgb__qwen3_8b,qwen3_8b,only_rgb,334836,1339344,29467776,800,31732,303104,0.9405249993506004,3.7821069990933758,11.961335000691761,8207986676,16450475984,2773041284864,8207651840,112.13595800018084,116.06905799999367
nymeria,cuda,joint_vq,nymeria__only_rgb__qwen3_8b,qwen3_8b,only_rgb,344340,1377360,20755584,332,31732,312608,0.9044749995155144,3.8233399988133225,11.94642999921171,8207996180,16450514000,1419721500416,8207651840,109.65809600020293,113.80504799944902
nymeria,cuda,deepconvlstm,nymeria__only_rgb__qwen3_8b,qwen3_8b,only_rgb,306890,1227560,19481216,188928,306890,0,1.1271860003034817,59.990737000474354,160.66227700064638,8207958730,16450364200,1419720226048,8207651840,109.65809600020293,111.76411700034805
nymeria,cuda,unrestricted_bank,nymeria__only_rgb__qwen3_8b,qwen3_8b,only_rgb,344852,1379408,20952192,332,31732,313120,0.6689729998470284,3.344145001061703,11.01280300330955,8207996692,16450516048,1419721697024,8207651840,109.65809600020293,112.98440300106449
nymeria,cuda,separate_banks,nymeria__only_rgb__qwen3_8b,qwen3_8b,only_rgb,332180,1328720,20755584,332,31732,300448,0.9508950006420491,3.605737001304375,11.265625001711037,8207984020,16450465360,1419721500416,8207651840,109.65809600020293,113.23267500029033
nymeria,cuda,fixed_resampling,nymeria__only_rgb__qwen3_8b,qwen3_8b,only_rgb,332180,1328720,11170944,332,31732,300448,0.9144539999397239,3.558145999373961,11.108692000148316,8207984020,16450465360,1419711915776,8207651840,109.65809600020293,113.03591300020344
nymeria,cuda,finetune_encoders,nymeria__only_rgb__qwen3_8b,qwen3_8b,only_rgb,332180,1328720,20755584,332,31732,300448,1.0078250006699818,3.6704080017774015,11.353184000240894,8207984020,16450465360,1419721500416,8207651840,109.65809600020293,113.165022999965
nymeria,cuda,no_alignment,nymeria__only_rgb__qwen3_8b,qwen3_8b,only_rgb,332180,1328720,20755584,332,31732,300448,0.9148639992417884,3.5833779999268938,11.239945000438915,8207984020,16450465360,1419721500416,8207651840,109.65809600020293,113.2118650002667
nymeria,cuda,no_usage,nymeria__only_rgb__qwen3_8b,qwen3_8b,only_rgb,332180,1328720,20755584,332,31732,300448,0.9248649994333391,3.5820879990172454,11.23162599973994,8207984020,16450465360,1419721500416,8207651840,109.65809600020293,113.20825399889145
nymeria,cuda,tcn,nymeria__only_rgb__qwen3_8b,qwen3_8b,only_rgb,189460,757840,11973504,188928,189460,0,1.205286000185879,60.06531599984871,160.73449900175484,8207841300,16449894480,1419712718336,8207651840,109.65809600020293,111.62675600007788
nymeria,cuda,ts_transformer,nymeria__only_rgb__qwen3_8b,qwen3_8b,only_rgb,202324,809296,13022080,188928,202324,0,1.3588069996330887,60.21679899902071,160.8861099995732,8207854164,16449945936,1419713766912,8207651840,109.65809600020293,111.73705700002756
nymeria,cuda,patchtst,nymeria__only_rgb__qwen3_8b,qwen3_8b,only_rgb,177876,711504,286217472,188928,177876,0,1.3864370002920623,60.24077700010227,160.92313800179846,8207829716,16449848144,1069346421504,8207651840,108.977171999868,111.13119299989194
nymeria,mixed,distrixsense,nymeria__only_rgb__qwen3_8b,qwen3_8b,only_rgb,332180,1328720,20755584,332,31732,300448,0.9154350000244449,3.329285999494756,10.272230001233133,8207984020,16450465360,1419721500416,8207651840,109.65809600020293,112.68065099920932
nymeria,mixed,dense,nymeria__only_rgb__qwen3_8b,qwen3_8b,only_rgb,314356,1257424,29205632,17296,27636,286720,0.649683000119694,6.380944000152103,23.305027000259503,8207966196,16450394064,2773041022720,8207651840,112.13595800018084,114.36560799938889
nymeria,mixed,dense_tokens,nymeria__only_rgb__qwen3_8b,qwen3_8b,only_rgb,323860,1295440,20690048,4400,27636,296224,0.6345330002659466,3.834353999986779,13.162656999138125,8207975700,16450432080,1419721434880,8207651840,109.65809600020293,112.045119000868
nymeria,mixed,raw,nymeria__only_rgb__qwen3_8b,qwen3_8b,only_rgb,314356,1257424,29205632,188928,314356,0,1.7647389995545382,60.566109999739155,161.07103999927796,8207966196,16450394064,2773041022720,8207651840,112.13595800018084,114.53165000057197
nymeria,mixed,early_fusion,nymeria__only_rgb__qwen3_8b,qwen3_8b,only_rgb,203668,814672,13159552,188928,203668,0,1.5269880004780134,60.326178000535464,160.83217800058202,8207855508,16449951312,1419713904384,8207651840,109.65809600020293,111.7718169998625
nymeria,mixed,late_fusion,nymeria__only_rgb__qwen3_8b,qwen3_8b,only_rgb,288040,1152160,18237952,352,0,288040,0.1821710002332111,2.623202000129304,9.62346500145006,8191023400,16382622880,1208671302912,8190735360,109.59371499939152,111.1853529992004
nymeria,mixed,local_only,nymeria__only_rgb__qwen3_8b,qwen3_8b,only_rgb,288040,1152160,18237952,208,0,288040,0.177341000380693,2.515172999908356,9.259167000045569,8191023400,16382622880,1208671302912,8190735360,109.59371499939152,111.26864199923148
nymeria,mixed,bottleneck,nymeria__only_rgb__qwen3_8b,qwen3_8b,only_rgb,315524,1262096,29271168,2736,28276,287248,0.703153000358725,3.551664000288863,11.814047002266406,8207967364,16450398736,2773041088256,8207651840,112.13595800018084,114.52105999978812
nymeria,mixed,tokenlearner,nymeria__only_rgb__qwen3_8b,qwen3_8b,only_rgb,319636,1278544,20624512,4400,27636,292000,0.635413000054541,3.837223999648704,13.17079699945636,8207971476,16450415184,1419721369344,8207651840,109.65809600020293,112.09650800083182
nymeria,mixed,posthoc_vq,nymeria__only_rgb__qwen3_8b,qwen3_8b,only_rgb,334836,1339344,29467776,800,31732,303104,0.9436450000066543,3.4960859993554187,10.860749999651162,8207986676,16450475984,2773041284864,8207651840,112.13595800018084,115.34924399984448
nymeria,mixed,joint_vq,nymeria__only_rgb__qwen3_8b,qwen3_8b,only_rgb,344340,1377360,20755584,332,31732,312608,0.9456150000914931,3.4383169992327804,10.611661000025656,8207996180,16450514000,1419721500416,8207651840,109.65809600020293,112.84295200130146
nymeria,mixed,deepconvlstm,nymeria__only_rgb__qwen3_8b,qwen3_8b,only_rgb,306890,1227560,19481216,188928,306890,0,1.1474360007923678,59.94740599987696,160.45393600068502,8207958730,16450364200,1419720226048,8207651840,109.65809600020293,111.36669500046992
nymeria,mixed,unrestricted_bank,nymeria__only_rgb__qwen3_8b,qwen3_8b,only_rgb,344852,1379408,20952192,332,31732,313120,0.6732030005878187,3.0911850013911373,10.046650000317918,8207996692,16450516048,1419721697024,8207651840,109.65809600020293,112.31640000005427
nymeria,mixed,separate_banks,nymeria__only_rgb__qwen3_8b,qwen3_8b,only_rgb,332180,1328720,20755584,332,31732,300448,0.9895749999486725,3.472407000696263,10.406681001354904,8207984020,16450465360,1419721500416,8207651840,109.65809600020293,112.55780099963886
nymeria,mixed,fixed_resampling,nymeria__only_rgb__qwen3_8b,qwen3_8b,only_rgb,332180,1328720,11170944,332,31732,300448,0.9186649995172047,3.246705999696429,9.942518999692133,8207984020,16450465360,1419711915776,8207651840,109.65809600020293,112.12583799988352
nymeria,mixed,finetune_encoders,nymeria__only_rgb__qwen3_8b,qwen3_8b,only_rgb,332180,1328720,20755584,332,31732,300448,0.9157150007013115,3.353286001253151,10.296739001701376,8207984020,16450465360,1419721500416,8207651840,109.65809600020293,112.62981100117031
nymeria,mixed,no_alignment,nymeria__only_rgb__qwen3_8b,qwen3_8b,only_rgb,332180,1328720,20755584,332,31732,300448,1.0032950003733276,3.4881679990906616,10.628660998504806,8207984020,16450465360,1419721500416,8207651840,109.65809600020293,113.17940399931103
nymeria,mixed,no_usage,nymeria__only_rgb__qwen3_8b,qwen3_8b,only_rgb,332180,1328720,20755584,332,31732,300448,0.9362850005345535,3.3636559998161157,10.308740998466696,8207984020,16450465360,1419721500416,8207651840,109.65809600020293,112.50648100030958
nymeria,mixed,tcn,nymeria__only_rgb__qwen3_8b,qwen3_8b,only_rgb,189460,757840,11973504,188928,189460,0,1.2270170000192593,60.02857699865987,160.53533899792393,8207841300,16449894480,1419712718336,8207651840,109.65809600020293,111.45961599959264
nymeria,mixed,ts_transformer,nymeria__only_rgb__qwen3_8b,qwen3_8b,only_rgb,202324,809296,13022080,188928,202324,0,1.3152869996702066,60.114626999960336,160.62057699871667,8207854164,16449945936,1419713766912,8207651840,109.65809600020293,111.56195599960483
nymeria,mixed,patchtst,nymeria__only_rgb__qwen3_8b,qwen3_8b,only_rgb,177876,711504,286217472,188928,177876,0,1.4061570000194479,60.20528699980193,160.7110269989601,8207829716,16449848144,1069346421504,8207651840,108.977171999868,110.9378419987479
nymeria,cuda,distrixsense,nymeria__only_slam__qwen3_8b,qwen3_8b,only_slam,205876,823504,14525824,672,36084,169792,1.3601269993159804,4.589961998431221,13.6437159974779,8207857716,16449960144,1982003145728,8207651840,111.61780600014026,117.6115469997967
nymeria,cuda,dense,nymeria__only_slam__qwen3_8b,qwen3_8b,only_slam,170228,680912,39290240,34592,27892,142336,0.8927039998525288,10.663848000292527,39.3765100003565,8207822068,16449817552,4708581387264,8207651840,118.99848300072335,123.40342500101542
nymeria,cuda,dense_tokens,nymeria__only_slam__qwen3_8b,qwen3_8b,only_slam,189236,756944,14394752,8800,27892,161344,0.8530949999112636,5.625019000433676,19.431603000840404,8207841076,16449893584,1982003014656,8207651840,111.61780600014026,116.56460100039112
nymeria,cuda,raw,nymeria__only_slam__qwen3_8b,qwen3_8b,only_slam,170228,680912,39290240,159152,170228,0,2.919673999713268,43.41027600089214,138.90098800061674,8207822068,16449817552,4708581387264,8207651840,118.99848300072335,123.15062400102761
nymeria,cuda,early_fusion,nymeria__only_slam__qwen3_8b,qwen3_8b,only_slam,79892,319568,5254528,159152,79892,0,2.2316619997582166,42.74185399931079,138.23366399924703,8207731732,16449456208,1531796153344,8207651840,111.46995400031301,114.86667100052728
nymeria,cuda,late_fusion,nymeria__only_slam__qwen3_8b,qwen3_8b,only_slam,144976,579904,9016320,704,0,144976,0.18994099991687108,3.224625000023353,11.736575999722339,8190880336,16382050624,1320610677504,8190735360,109.3874850002976,112.95033400074317
nymeria,cuda,local_only,nymeria__only_slam__qwen3_8b,qwen3_8b,only_slam,144976,579904,9016320,416,0,144976,0.28532200030895183,3.2499370008581203,11.63489900130285,8190880336,16382050624,1320610677504,8190735360,109.3874850002976,113.123392999114
nymeria,cuda,bottleneck,nymeria__only_slam__qwen3_8b,qwen3_8b,only_slam,172564,690256,39421312,5472,29172,143392,0.9503450000920566,4.92943999869572,16.33802100055638,8207824404,16449826896,4708581518336,8207651840,118.99848300072335,123.63256800108502
nymeria,cuda,tokenlearner,nymeria__only_slam__qwen3_8b,qwen3_8b,only_slam,180788,723152,14263680,8800,27892,152896,0.8505550003974349,5.630050999968953,19.37639399943786,8207832628,16449859792,1982002883584,8207651840,111.61780600014026,116.52544000025955
nymeria,cuda,posthoc_vq,nymeria__only_slam__qwen3_8b,qwen3_8b,only_slam,211188,844752,39814528,1632,36084,175104,1.395506999870122,4.977293999089021,15.090680999885395,8207863028,16449981392,4708581911552,8207651840,118.99848300072335,125.53675700019085
nymeria,cuda,joint_vq,nymeria__only_slam__qwen3_8b,qwen3_8b,only_slam,230196,920784,14525824,672,36084,194112,1.3742770006501814,5.012155000554316,14.93782300194687,8207882036,16450057424,1982003145728,8207651840,111.61780600014026,118.57048200090503
nymeria,cuda,deepconvlstm,nymeria__only_slam__qwen3_8b,qwen3_8b,only_slam,149962,599848,9470592,159152,149962,0,1.9098700004178681,42.38623099986066,137.88125199812634,8207801802,16449736488,1531800369408,8207651840,111.46995400031301,114.44504900100583
nymeria,cuda,unrestricted_bank,nymeria__only_slam__qwen3_8b,qwen3_8b,only_slam,265012,1060048,15443328,672,36084,228928,0.9027940004671109,4.148760000430315,13.215353998294065,8207916852,16450196688,1982004063232,8207651840,111.61780600014026,117.02369400063617
nymeria,cuda,separate_banks,nymeria__only_slam__qwen3_8b,qwen3_8b,only_slam,205876,823504,14525824,672,36084,169792,1.4090269996813731,4.616272000316798,13.662973998453142,8207857716,16449960144,1982003145728,8207651840,111.61780600014026,117.42895499992301
nymeria,cuda,fixed_resampling,nymeria__only_slam__qwen3_8b,qwen3_8b,only_slam,205876,823504,12330368,672,36084,169792,1.3931369994679699,4.533151999862724,13.381574999857891,8207857716,16449960144,1982000950272,8207651840,111.61780600014026,117.1172940003089
nymeria,cuda,finetune_encoders,nymeria__only_slam__qwen3_8b,qwen3_8b,only_slam,205876,823504,14525824,672,36084,169792,1.3779269993392518,4.597152998326322,13.652425999044114,8207857716,16449960144,1982003145728,8207651840,111.61780600014026,117.38220500046737
nymeria,cuda,no_alignment,nymeria__only_slam__qwen3_8b,qwen3_8b,only_slam,205876,823504,14525824,672,36084,169792,1.3759170005869237,4.593663001583167,13.642175001496414,8207857716,16449960144,1982003145728,8207651840,111.61780600014026,117.44969600022159
nymeria,cuda,no_usage,nymeria__only_slam__qwen3_8b,qwen3_8b,only_slam,205876,823504,14525824,672,36084,169792,1.3933069994891412,4.607902999237098,13.666736998220928,8207857716,16449960144,1982003145728,8207651840,111.61780600014026,117.36986600044474
nymeria,cuda,tcn,nymeria__only_slam__qwen3_8b,qwen3_8b,only_slam,65556,262224,4068480,159152,65556,0,2.0025409994559595,42.49807299942981,137.98868599974662,8207717396,16449398864,1531794967296,8207651840,111.46995400031301,114.60791900026379
nymeria,cuda,ts_transformer,nymeria__only_slam__qwen3_8b,qwen3_8b,only_slam,78420,313680,5117056,159152,78420,0,2.123080999808735,42.627433001095,138.12179500041816,8207730260,16449450320,1531796015872,8207651840,111.46995400031301,114.66226900029142
nymeria,cuda,patchtst,nymeria__only_slam__qwen3_8b,qwen3_8b,only_slam,62036,248144,186619392,159152,62036,0,2.2582419996979297,42.757153000772036,138.24787499948138,8207713876,16449384784,1181101047808,8207651840,109.63268599971343,112.9184620003798
nymeria,mixed,distrixsense,nymeria__only_slam__qwen3_8b,qwen3_8b,only_slam,205876,823504,14525824,672,36084,169792,1.3787369998681243,4.139070000133046,11.803705997681734,8207857716,16449960144,1982003145728,8207651840,111.61780600014026,115.83002799943642
nymeria,mixed,dense,nymeria__only_slam__qwen3_8b,qwen3_8b,only_slam,170228,680912,39290240,34592,27892,142336,0.9080849995370954,10.316827998537955,37.9905619971668,8207822068,16449817552,4708581387264,8207651840,118.99848300072335,122.2022489992014
nymeria,mixed,dense_tokens,nymeria__only_slam__qwen3_8b,qwen3_8b,only_slam,189236,756944,14394752,8800,27892,161344,0.8699840000190306,5.1995170010175205,17.66407300124323,8207841076,16449893584,1982003014656,8207651840,111.61780600014026,115.15058300028613
nymeria,mixed,raw,nymeria__only_slam__qwen3_8b,qwen3_8b,only_slam,170228,680912,39290240,159152,170228,0,2.975084999889077,43.37852600014807,138.5780769999226,8207822068,16449817552,4708581387264,8207651840,118.99848300072335,122.73889300013252
nymeria,mixed,early_fusion,nymeria__only_slam__qwen3_8b,qwen3_8b,only_slam,79892,319568,5254528,159152,79892,0,2.2829619992990047,42.67382300071981,137.87361300205953,8207731732,16449456208,1531796153344,8207651840,111.46995400031301,114.4842690000587
nymeria,mixed,late_fusion,nymeria__only_slam__qwen3_8b,qwen3_8b,only_slam,144976,579904,9016320,704,0,144976,0.1962810001714388,2.841802999448974,10.274427998384857,8190880336,16382050624,1320610677504,8190735360,109.3874850002976,111.74217600000702
nymeria,mixed,local_only,nymeria__only_slam__qwen3_8b,qwen3_8b,only_slam,144976,579904,9016320,416,0,144976,0.2906419995269971,2.908034998638835,10.190708998317726,8190880336,16382050624,1320610677504,8190735360,109.3874850002976,111.8707790001281
nymeria,mixed,bottleneck,nymeria__only_slam__qwen3_8b,qwen3_8b,only_slam,172564,690256,39421312,5472,29172,143392,0.9598149999874295,4.554957000427798,14.853463001563995,8207824404,16449826896,4708581518336,8207651840,118.99848300072335,122.41418100074952
nymeria,mixed,tokenlearner,nymeria__only_slam__qwen3_8b,qwen3_8b,only_slam,180788,723152,14263680,8800,27892,152896,0.8663640001032036,5.180587000211526,17.62238300011726,8207832628,16449859792,1982002883584,8207651840,111.61780600014026,115.05673399915395
nymeria,mixed,posthoc_vq,nymeria__only_slam__qwen3_8b,qwen3_8b,only_slam,211188,844752,39814528,1632,36084,175104,1.4253569997890736,4.442910999258025,12.850427998666733,8207863028,16449981392,4708581911552,8207651840,118.99848300072335,123.60295600046811
nymeria,mixed,joint_vq,nymeria__only_slam__qwen3_8b,qwen3_8b,only_slam,230196,920784,14525824,672,36084,194112,1.3909969993619598,4.273430999387614,12.338498997724288,8207882036,16450057424,1982003145728,8207651840,111.61780600014026,116.38075900009426
nymeria,mixed,deepconvlstm,nymeria__only_slam__qwen3_8b,qwen3_8b,only_slam,149962,599848,9470592,159152,149962,0,2.1885709993512137,42.58730199848864,137.78764300082253,8207801802,16449736488,1531800369408,8207651840,111.46995400031301,114.15839799974492
nymeria,mixed,unrestricted_bank,nymeria__only_slam__qwen3_8b,qwen3_8b,only_slam,265012,1060048,15443328,672,36084,228928,0.9248249998563551,3.685487999359879,11.38454399942964,8207916852,16450196688,1982004063232,8207651840,111.61780600014026,115.42385600114358
nymeria,mixed,separate_banks,nymeria__only_slam__qwen3_8b,qwen3_8b,only_slam,205876,823504,14525824,672,36084,169792,1.4381880000655656,4.194910999399411,11.878097001772746,8207857716,16449960144,1982003145728,8207651840,111.61780600014026,115.93262800033699
nymeria,mixed,fixed_resampling,nymeria__only_slam__qwen3_8b,qwen3_8b,only_slam,205876,823504,12330368,672,36084,169792,1.4050269992367248,4.014030000075849,11.279124999692046,8207857716,16449960144,1982000950272,8207651840,111.61780600014026,115.29616499956319
nymeria,mixed,finetune_encoders,nymeria__only_slam__qwen3_8b,qwen3_8b,only_slam,205876,823504,14525824,672,36084,169792,1.400797000314924,4.146921001233835,11.818288000813824,8207857716,16449960144,1982003145728,8207651840,111.61780600014026,115.85387800005265
nymeria,mixed,no_alignment,nymeria__only_slam__qwen3_8b,qwen3_8b,only_slam,205876,823504,14525824,672,36084,169792,1.4102170007390669,4.163830001130094,11.856706001072213,8207857716,16449960144,1982003145728,8207651840,111.61780600014026,115.82317800002784
nymeria,mixed,no_usage,nymeria__only_slam__qwen3_8b,qwen3_8b,only_slam,205876,823504,14525824,672,36084,169792,1.4471669992417446,4.200550999780802,11.875136998515133,8207857716,16449960144,1982003145728,8207651840,111.61780600014026,115.82026800169842
nymeria,mixed,tcn,nymeria__only_slam__qwen3_8b,qwen3_8b,only_slam,65556,262224,4068480,159152,65556,0,2.032360000157496,42.416000001090964,137.6163000015847,8207717396,16449398864,1531794967296,8207651840,111.46995400031301,114.24771800102462
nymeria,mixed,ts_transformer,nymeria__only_slam__qwen3_8b,qwen3_8b,only_slam,78420,313680,5117056,159152,78420,0,2.17143100053363,42.56481199986078,137.7912619993847,8207730260,16449450320,1531796015872,8207651840,111.46995400031301,114.42757800068648
nymeria,mixed,patchtst,nymeria__only_slam__qwen3_8b,qwen3_8b,only_slam,62036,248144,186619392,159152,62036,0,2.6149429995712126,43.02896400071981,138.25497400125892,8207713876,16449384784,1181101047808,8207651840,109.63268599971343,112.65678999916418
nymeria,cuda,distrixsense,nymeria__only_trajectory__qwen3_8b,qwen3_8b,only_trajectory,62820,251280,3611264,332,31732,31088,0.9127540006375057,3.5649960006015373,11.181041999903123,8207714660,16449387920,1419704356096,8207651840,109.65809600020293,113.1394439998985
nymeria,cuda,dense,nymeria__only_trajectory__qwen3_8b,qwen3_8b,only_trajectory,44996,179984,12061312,17296,27636,17360,0.6411730000763782,6.551233999157138,23.94514899917245,8207696836,16449316624,2773023878400,8207651840,112.13595800018084,114.7947520003072
nymeria,cuda,dense_tokens,nymeria__only_trajectory__qwen3_8b,qwen3_8b,only_trajectory,54500,218000,3545728,4400,27636,26864,0.6246539996936917,4.04283599891176,14.01816199811903,8207706340,16449354640,1419704290560,8207651840,109.65809600020293,112.63772099937341
nymeria,cuda,raw,nymeria__only_trajectory__qwen3_8b,qwen3_8b,only_trajectory,44996,179984,12061312,391456,44996,0,1.7025590004777769,82.21405900084244,323.3166200010178,8207696836,16449316624,2773023878400,8207651840,112.13595800018084,114.66753100012284
nymeria,cuda,early_fusion,nymeria__only_trajectory__qwen3_8b,qwen3_8b,only_trajectory,29028,116112,2077312,391456,29028,0,1.4486469999610563,81.94778700007043,323.0450570011758,8207680868,16449252752,1419702822144,8207651840,109.65809600020293,111.96938800003409
nymeria,cuda,late_fusion,nymeria__only_trajectory__qwen3_8b,qwen3_8b,only_trajectory,18680,74720,1093632,352,0,18680,0.12547099959192565,2.651132998969324,9.950477999691175,8190754040,16381545440,1208654158592,8190735360,109.59371499939152,111.64091500086215
nymeria,cuda,local_only,nymeria__only_trajectory__qwen3_8b,qwen3_8b,only_trajectory,18680,74720,1093632,208,0,18680,0.1996709997911239,2.909485000843671,10.163451001126237,8190754040,16381545440,1208654158592,8190735360,109.59371499939152,111.67217499860271
nymeria,cuda,bottleneck,nymeria__only_trajectory__qwen3_8b,qwen3_8b,only_trajectory,46164,184656,12126848,2736,28276,17888,0.7209639998109196,3.7538049994245988,12.495900998223178,8207698004,16449321296,2773023943936,8207651840,112.13595800018084,114.92018199987797
nymeria,cuda,tokenlearner,nymeria__only_trajectory__qwen3_8b,qwen3_8b,only_trajectory,50276,201104,3480192,4400,27636,22640,0.6199139997988823,4.114437999301008,14.057435998419823,8207702116,16449337744,1419704225024,8207651840,109.65809600020293,112.60744199989858
nymeria,cuda,posthoc_vq,nymeria__only_trajectory__qwen3_8b,qwen3_8b,only_trajectory,65476,261904,12323456,800,31732,33744,0.9306850006396417,3.7407200015842683,11.855868000552292,8207717316,16449398544,2773024140544,8207651840,112.13595800018084,115.98915700051293
nymeria,cuda,joint_vq,nymeria__only_trajectory__qwen3_8b,qwen3_8b,only_trajectory,74980,299920,3611264,332,31732,43248,0.9382540001752204,3.7432380010034887,11.828058002306811,8207726820,16449436560,1419704356096,8207651840,109.65809600020293,113.894486999925
nymeria,cuda,deepconvlstm,nymeria__only_trajectory__qwen3_8b,qwen3_8b,only_trajectory,37530,150120,2336896,391456,37530,0,1.0892860000240034,81.5898469992029,322.68610799779117,8207689370,16449286760,1419703081728,8207651840,109.65809600020293,111.59119599960832
nymeria,cuda,unrestricted_bank,nymeria__only_trajectory__qwen3_8b,qwen3_8b,only_trajectory,75492,301968,3807872,332,31732,43760,0.6617829994866042,3.4503169996572307,11.075794001540366,8207727332,16449438608,1419704552704,8207651840,109.65809600020293,113.11664400091104
nymeria,cuda,separate_banks,nymeria__only_trajectory__qwen3_8b,qwen3_8b,only_trajectory,62820,251280,3611264,332,31732,31088,0.9481040005994146,3.869879001864616,11.487024003641004,8207714660,16449387920,1419704356096,8207651840,109.65809600020293,113.2029339996734
nymeria,cuda,fixed_resampling,nymeria__only_trajectory__qwen3_8b,qwen3_8b,only_trajectory,62820,251280,3593344,332,31732,31088,0.9057850002136547,3.5053389989446497,11.005155997322895,8207714660,16449387920,1419704338176,8207651840,109.65809600020293,112.98344399983762
nymeria,cuda,finetune_encoders,nymeria__only_trajectory__qwen3_8b,qwen3_8b,only_trajectory,62820,251280,3611264,332,31732,31088,0.9127150005951989,3.544708001424011,11.14587700207749,8207714660,16449387920,1419704356096,8207651840,109.65809600020293,113.11662400021305
nymeria,cuda,no_alignment,nymeria__only_trajectory__qwen3_8b,qwen3_8b,only_trajectory,62820,251280,3611264,332,31732,31088,0.9095139994315105,3.561076998845534,11.168274000324622,8207714660,16449387920,1419704356096,8207651840,109.65809600020293,113.14141400089284
nymeria,cuda,no_usage,nymeria__only_trajectory__qwen3_8b,qwen3_8b,only_trajectory,62820,251280,3611264,332,31732,31088,0.9198140005537425,3.558936001933331,11.166582000937801,8207714660,16449387920,1419704356096,8207651840,109.65809600020293,113.10378300004231
nymeria,cuda,tcn,nymeria__only_trajectory__qwen3_8b,qwen3_8b,only_trajectory,14820,59280,891264,391456,14820,0,1.201455999762402,81.71359599972527,322.82017799966843,8207666660,16449195920,1419701636096,8207651840,109.65809600020293,111.6920359991127
nymeria,cuda,ts_transformer,nymeria__only_trajectory__qwen3_8b,qwen3_8b,only_trajectory,27684,110736,1939840,391456,27684,0,1.3028559997110278,81.8117870004138,322.90672800022867,8207679524,16449247376,1419702684672,8207651840,109.65809600020293,111.76130600051692
nymeria,cuda,patchtst,nymeria__only_trajectory__qwen3_8b,qwen3_8b,only_trajectory,26916,107664,10108672,391456,26916,0,1.3956769998912932,81.89757800036057,322.9874100009997,8207678756,16449244304,1069070312704,8207651840,108.977171999868,111.19311200036464
nymeria,mixed,distrixsense,nymeria__only_trajectory__qwen3_8b,qwen3_8b,only_trajectory,62820,251280,3611264,332,31732,31088,0.9450749994357466,3.3768969993946722,10.369209998812316,8207714660,16449387920,1419704356096,8207651840,109.65809600020293,112.5664120008878
nymeria,mixed,dense,nymeria__only_trajectory__qwen3_8b,qwen3_8b,only_trajectory,44996,179984,12061312,17296,27636,17360,0.6524230002469267,6.410464999457635,23.39890800014378,8207696836,16449316624,2773023878400,8207651840,112.13595800018084,114.45120999997016
nymeria,mixed,dense_tokens,nymeria__only_trajectory__qwen3_8b,qwen3_8b,only_trajectory,54500,218000,3545728,4400,27636,26864,0.6334839999908581,3.853474999227619,13.251718999508302,8207706340,16449354640,1419704290560,8207651840,109.65809600020293,112.16925900134811
nymeria,mixed,raw,nymeria__only_trajectory__qwen3_8b,qwen3_8b,only_trajectory,44996,179984,12061312,391456,44996,0,1.7027089998009615,82.15278000087744,323.1171900009517,8207696836,16449316624,2773023878400,8207651840,112.13595800018084,114.56073899898911
nymeria,mixed,early_fusion,nymeria__only_trajectory__qwen3_8b,qwen3_8b,only_trajectory,29028,116112,2077312,391456,29028,0,1.4557570002580178,81.91281800017202,322.8781280007329,8207680868,16449252752,1419702822144,8207651840,109.65809600020293,111.77014599979884
nymeria,mixed,late_fusion,nymeria__only_trajectory__qwen3_8b,qwen3_8b,only_trajectory,18680,74720,1093632,352,0,18680,0.12695999976131134,2.5051619988038785,9.376594998311448,8190754040,16381545440,1208654158592,8190735360,109.59371499939152,111.25778399946284
nymeria,mixed,local_only,nymeria__only_trajectory__qwen3_8b,qwen3_8b,only_trajectory,18680,74720,1093632,208,0,18680,0.1810809999369667,2.524802999930654,9.309205999734264,8190754040,16381545440,1208654158592,8190735360,109.59371499939152,111.33951400006481
nymeria,mixed,bottleneck,nymeria__only_trajectory__qwen3_8b,qwen3_8b,only_trajectory,46164,184656,12126848,2736,28276,17888,0.7034840000414988,3.55411499937966,11.854198000113783,8207698004,16449321296,2773023943936,8207651840,112.13595800018084,114.5641400007662
nymeria,mixed,tokenlearner,nymeria__only_trajectory__qwen3_8b,qwen3_8b,only_trajectory,50276,201104,3480192,4400,27636,22640,0.6468530000347528,3.865374999800115,13.257128998684056,8207702116,16449337744,1419704225024,8207651840,109.65809600020293,112.11747900051705
nymeria,mixed,posthoc_vq,nymeria__only_trajectory__qwen3_8b,qwen3_8b,only_trajectory,65476,261904,12323456,800,31732,33744,0.9649949997765361,3.5393360003546697,10.940371999808704,8207717316,16449398544,2773024140544,8207651840,112.13595800018084,115.32396400070866
nymeria,mixed,joint_vq,nymeria__only_trajectory__qwen3_8b,qwen3_8b,only_trajectory,74980,299920,3611264,332,31732,43248,0.9167250000245986,3.4337069997821583,10.6657119991226,8207726820,16449436560,1419704356096,8207651840,109.65809600020293,112.8970420004407
nymeria,mixed,deepconvlstm,nymeria__only_trajectory__qwen3_8b,qwen3_8b,only_trajectory,37530,150120,2336896,391456,37530,0,1.0994650001521222,81.55361499947355,322.5180649991248,8207689370,16449286760,1419703081728,8207651840,109.65809600020293,111.43038499994873
nymeria,mixed,unrestricted_bank,nymeria__only_trajectory__qwen3_8b,qwen3_8b,only_trajectory,75492,301968,3807872,332,31732,43760,0.6838529998276499,3.118653999660024,10.130957000497169,8207727332,16449438608,1419704552704,8207651840,109.65809600020293,112.35119000048144
nymeria,mixed,separate_banks,nymeria__only_trajectory__qwen3_8b,qwen3_8b,only_trajectory,62820,251280,3611264,332,31732,31088,0.9788949992071139,3.4152559998222625,10.420769999241479,8207714660,16449387920,1419704356096,8207651840,109.65809600020293,112.67783200037229
nymeria,mixed,fixed_resampling,nymeria__only_trajectory__qwen3_8b,qwen3_8b,only_trajectory,62820,251280,3593344,332,31732,31088,0.9348049998152419,3.359546999159944,10.316019997431162,8207714660,16449387920,1419704338176,8207651840,109.65809600020293,112.50602000018262
nymeria,mixed,finetune_encoders,nymeria__only_trajectory__qwen3_8b,qwen3_8b,only_trajectory,62820,251280,3611264,332,31732,31088,0.9170140001515392,3.3708850002188466,10.380939001647953,8207714660,16449387920,1419704356096,8207651840,109.65809600020293,112.62713100040855
nymeria,mixed,no_alignment,nymeria__only_trajectory__qwen3_8b,qwen3_8b,only_trajectory,62820,251280,3611264,332,31732,31088,0.9291740007029148,3.36962699988028,10.373902001033734,8207714660,16449387920,1419704356096,8207651840,109.65809600020293,112.59857200002443
nymeria,mixed,no_usage,nymeria__only_trajectory__qwen3_8b,qwen3_8b,only_trajectory,62820,251280,3611264,332,31732,31088,0.9389349997945828,3.38057699958547,10.391091000697365,8207714660,16449387920,1419704356096,8207651840,109.65809600020293,112.61030999958166
nymeria,mixed,tcn,nymeria__only_trajectory__qwen3_8b,qwen3_8b,only_trajectory,14820,59280,891264,391456,14820,0,1.205296000080125,81.66702600018505,322.6309260001958,8207666660,16449195920,1419701636096,8207651840,109.65809600020293,111.56421599935129
nymeria,mixed,ts_transformer,nymeria__only_trajectory__qwen3_8b,qwen3_8b,only_trajectory,27684,110736,1939840,391456,27684,0,1.3097370001560193,81.76143700083082,322.72642700204733,8207679524,16449247376,1419702684672,8207651840,109.65809600020293,111.64694499984762
nymeria,mixed,patchtst,nymeria__only_trajectory__qwen3_8b,qwen3_8b,only_trajectory,26916,107664,10108672,391456,26916,0,1.427946999683627,81.89175800006376,322.856758000265,8207678756,16449244304,1069070312704,8207651840,108.977171999868,111.05031299939583
