dataset,target,method,scenario_id,core_name,modality_set,parameters,weight_bytes,counted_flops,wire_bytes,core_parameters,edge_parameters,core_median_ms,parallel_estimate_ms,sequential_estimate_ms,full_parameters,full_weight_bytes,full_counted_flops,lm_parameters,lm_generation_ms,full_pipeline_estimate_ms
opportunity++,cuda,distrixsense,opportunity++__all__gemma3_1b,gemma3_1b,all,218128,872512,13895488,420,32820,185308,1.0236950001853984,4.156091000663849,12.099059999982943,1001470352,2006109504,155418418496,1001252224,80.93197000016517,84.91451899953972
opportunity++,cuda,dense,opportunity++__all__gemma3_1b,gemma3_1b,all,195848,783392,25686848,21620,27700,168148,0.7154329996410524,10.404226000134694,27.86863200091984,1001448072,2006020384,327399356736,1001252224,80.88670000051934,83.91114600090077
opportunity++,cuda,dense_tokens,opportunity++__all__gemma3_1b,gemma3_1b,all,207728,830912,13813568,5500,27700,180028,0.687214000208769,5.395948999137326,15.433115997823187,1001459952,2006067904,155418336576,1001252224,80.93197000016517,84.37800800038531
opportunity++,cuda,raw,opportunity++__all__gemma3_1b,gemma3_1b,all,195848,783392,25686848,122912,195848,0,2.054110000244691,47.117132000268015,108.84333300125124,1001448072,2006020384,327399356736,1001252224,80.88670000051934,83.70189500055858
opportunity++,cuda,early_fusion,opportunity++__all__gemma3_1b,gemma3_1b,all,115208,460832,7527232,122912,115208,0,1.678138999523071,46.7473699998221,108.45801200118419,1001367432,2005697824,144056492352,1001252224,80.5025370000294,82.95512899985624
opportunity++,cuda,late_fusion,opportunity++__all__gemma3_1b,gemma3_1b,all,169798,679192,10679040,440,0,169798,0.14844099951005774,3.0924849995634403,10.602940999147133,1000055750,2000451096,121345775872,999885952,80.8646100003898,83.32417200108466
opportunity++,cuda,local_only,opportunity++__all__gemma3_1b,gemma3_1b,all,169798,679192,10679040,260,0,169798,0.21141099932719953,3.107314999381709,10.421731000665575,1000055750,2000451096,121345775872,999885952,80.8646100003898,83.38704299967503
opportunity++,cuda,bottleneck,opportunity++__all__gemma3_1b,gemma3_1b,all,197308,789232,25768768,3420,28500,168808,0.7502939997721114,4.654538999593619,13.482724999269646,1001449532,2006026224,327399438656,1001252224,80.88670000051934,84.10625600026833
opportunity++,cuda,tokenlearner,opportunity++__all__gemma3_1b,gemma3_1b,all,202448,809792,13731648,5500,27700,174748,0.6867530000818078,5.383848000235739,15.430113999557214,1001454672,2006046784,155418254656,1001252224,80.93197000016517,84.39415699922392
opportunity++,cuda,posthoc_vq,opportunity++__all__gemma3_1b,gemma3_1b,all,221448,885792,26014528,1020,32820,188628,1.0482350007805508,4.542681000983144,12.766299998905392,1001473672,2006122784,327399684416,1001252224,80.88670000051934,85.39107300020987
opportunity++,cuda,joint_vq,opportunity++__all__gemma3_1b,gemma3_1b,all,233328,933312,13895488,420,32820,200508,1.0278359995936626,4.457952999769162,12.637214000406617,1001485552,2006170304,155418418496,1001252224,80.93197000016517,85.79211399955966
opportunity++,cuda,deepconvlstm,opportunity++__all__gemma3_1b,gemma3_1b,all,185182,740728,11725056,122912,185182,0,1.334276999841677,46.39709900016109,108.12073000012876,1001437406,2005977720,144060690176,1001252224,80.5025370000294,82.62287699926674
opportunity++,cuda,unrestricted_bank,opportunity++__all__gemma3_1b,gemma3_1b,all,239248,956992,14223168,420,32820,206428,0.7183139996413956,3.879028999404085,11.582604998821568,1001491472,2006193984,155418746176,1001252224,80.93197000016517,84.73042900004657
opportunity++,cuda,separate_banks,opportunity++__all__gemma3_1b,gemma3_1b,all,218128,872512,13895488,420,32820,185308,1.0774450001918012,4.236850999700522,11.927690001485404,1001470352,2006109504,155418418496,1001252224,80.93197000016517,85.01950099980604
opportunity++,cuda,fixed_resampling,opportunity++__all__gemma3_1b,gemma3_1b,all,218128,872512,9414848,420,32820,185308,1.0317349997421843,4.1413599995622405,11.706879000613059,1001470352,2006109504,155413937856,1001252224,80.93197000016517,84.83527000043978
opportunity++,cuda,finetune_encoders,opportunity++__all__gemma3_1b,gemma3_1b,all,218128,872512,13895488,420,32820,185308,1.0335449997000978,4.171639999481243,11.897698000339675,1001470352,2006109504,155418418496,1001252224,80.93197000016517,84.99310999923182
opportunity++,cuda,no_alignment,opportunity++__all__gemma3_1b,gemma3_1b,all,218128,872512,13895488,420,32820,185308,1.0231659998680698,4.173940998339361,11.854959998473293,1001470352,2006109504,155418418496,1001252224,80.93197000016517,84.9999209995076
opportunity++,cuda,no_usage,opportunity++__all__gemma3_1b,gemma3_1b,all,218128,872512,13895488,420,32820,185308,1.0472950007169857,4.1923300007739215,11.89879799962067,1001470352,2006109504,155418418496,1001252224,80.93197000016517,84.9757400001181
opportunity++,cuda,tcn,opportunity++__all__gemma3_1b,gemma3_1b,all,100968,403872,6341184,122912,100968,0,1.4394069994523306,46.5429889998189,108.2498410003345,1001353192,2005640864,144055306304,1001252224,80.5025370000294,82.68785899963405
opportunity++,cuda,ts_transformer,opportunity++__all__gemma3_1b,gemma3_1b,all,113832,455328,7389760,122912,113832,0,1.5310280004996457,46.60100900014308,108.31389000192846,1001366056,2005692320,144056354880,1001252224,80.5025370000294,82.77336799983459
opportunity++,cuda,patchtst,opportunity++__all__gemma3_1b,gemma3_1b,all,97640,390560,187823808,122912,97640,0,1.6296079993480816,46.69726899897009,108.40901099870368,1001349864,2005627552,108838529728,1001252224,80.69980900017981,83.08902099906845
opportunity++,mixed,distrixsense,opportunity++__all__gemma3_1b,gemma3_1b,all,218128,872512,13895488,420,32820,185308,1.058205999470374,3.7450679995573357,10.658720998563455,1001470352,2006109504,155418418496,1001252224,80.93197000016517,84.02814600049169
opportunity++,mixed,dense,opportunity++__all__gemma3_1b,gemma3_1b,all,195848,783392,25686848,21620,27700,168148,0.7126939999579918,10.055017999691225,26.932459997826022,1001448072,2006020384,327399356736,1001252224,80.88670000051934,83.22868200048106
opportunity++,mixed,dense_tokens,opportunity++__all__gemma3_1b,gemma3_1b,all,207728,830912,13813568,5500,27700,180028,0.6973529998504091,4.964876000883814,14.26510000094131,1001459952,2006067904,155418336576,1001252224,80.93197000016517,83.49468300002627
opportunity++,mixed,raw,opportunity++__all__gemma3_1b,gemma3_1b,all,195848,783392,25686848,122912,195848,0,2.26038199980394,47.27086299931338,108.7745429984088,1001448072,2006020384,327399356736,1001252224,80.88670000051934,83.49981300034415
opportunity++,mixed,early_fusion,opportunity++__all__gemma3_1b,gemma3_1b,all,115208,460832,7527232,122912,115208,0,1.6899489992283634,46.70089999922433,108.20614999990627,1001367432,2005697824,144056492352,1001252224,80.5025370000294,82.72967799985054
opportunity++,mixed,late_fusion,opportunity++__all__gemma3_1b,gemma3_1b,all,169798,679192,10679040,440,0,169798,0.14561100033461116,2.7325430007684743,9.491036000495253,1000055750,2000451096,121345775872,999885952,80.8646100003898,82.56660799997917
opportunity++,mixed,local_only,opportunity++__all__gemma3_1b,gemma3_1b,all,169798,679192,10679040,260,0,169798,0.21755100078735268,2.7611830000596123,9.447694999640051,1000055750,2000451096,121345775872,999885952,80.8646100003898,82.66577999984293
opportunity++,mixed,bottleneck,opportunity++__all__gemma3_1b,gemma3_1b,all,197308,789232,25768768,3420,28500,168808,0.78715400013607,4.332966000210995,12.537257998522488,1001449532,2006026224,327399438656,1001252224,80.88670000051934,83.37336200020218
opportunity++,mixed,tokenlearner,opportunity++__all__gemma3_1b,gemma3_1b,all,202448,809792,13731648,5500,27700,174748,0.7081139992806129,4.9693769983039235,14.260519998444941,1001454672,2006046784,155418254656,1001252224,80.93197000016517,83.47694300027797
opportunity++,mixed,posthoc_vq,opportunity++__all__gemma3_1b,gemma3_1b,all,221448,885792,26014528,1020,32820,188628,1.0582349996184348,4.043317999146971,11.353171999392739,1001473672,2006122784,327399684416,1001252224,80.88670000051934,84.17436699983227
opportunity++,mixed,joint_vq,opportunity++__all__gemma3_1b,gemma3_1b,all,233328,933312,13895488,420,32820,200508,1.0515460007809452,3.8722600023221223,11.028406003006909,1001485552,2006170304,155418418496,1001252224,80.93197000016517,84.4963480003571
opportunity++,mixed,deepconvlstm,opportunity++__all__gemma3_1b,gemma3_1b,all,185182,740728,11725056,122912,185182,0,1.336936999905447,46.347278999520626,107.85097900113303,1001437406,2005977720,144060690176,1001252224,80.5025370000294,82.37235700107703
opportunity++,mixed,unrestricted_bank,opportunity++__all__gemma3_1b,gemma3_1b,all,239248,956992,14223168,420,32820,206428,0.7493639996027923,3.4592060004116267,10.36662999935355,1001491472,2006193984,155418746176,1001252224,80.93197000016517,83.75218399942241
opportunity++,mixed,separate_banks,opportunity++__all__gemma3_1b,gemma3_1b,all,218128,872512,13895488,420,32820,185308,1.0851859997274005,3.776308998863073,10.672171998649661,1001470352,2006109504,155418418496,1001252224,80.93197000016517,84.052896000685
opportunity++,mixed,fixed_resampling,opportunity++__all__gemma3_1b,gemma3_1b,all,218128,872512,9414848,420,32820,185308,1.0426950002511148,3.5872280007652937,10.256690000588366,1001470352,2006109504,155413937856,1001252224,80.93197000016517,83.62589399985154
opportunity++,mixed,finetune_encoders,opportunity++__all__gemma3_1b,gemma3_1b,all,218128,872512,13895488,420,32820,185308,1.0544049991949578,3.7502589996848603,10.649162000973535,1001470352,2006109504,155418418496,1001252224,80.93197000016517,84.00466500006587
opportunity++,mixed,no_alignment,opportunity++__all__gemma3_1b,gemma3_1b,all,218128,872512,13895488,420,32820,185308,1.051884999469621,3.7514179997061494,10.653921998837847,1001470352,2006109504,155418418496,1001252224,80.93197000016517,84.03625499977352
opportunity++,mixed,no_usage,opportunity++__all__gemma3_1b,gemma3_1b,all,218128,872512,13895488,420,32820,185308,1.0667859996829065,3.762808000215131,10.66029100014997,1001470352,2006109504,155418418496,1001252224,80.93197000016517,84.04133600015484
opportunity++,mixed,tcn,opportunity++__all__gemma3_1b,gemma3_1b,all,100968,403872,6341184,122912,100968,0,1.4521769999191747,46.462946999555555,107.9664569995393,1001353192,2005640864,144055306304,1001252224,80.5025370000294,82.49985600014043
opportunity++,mixed,ts_transformer,opportunity++__all__gemma3_1b,gemma3_1b,all,113832,455328,7389760,122912,113832,0,1.5405979993374785,46.54742799880418,108.05177799990904,1001366056,2005692320,144056354880,1001252224,80.5025370000294,82.59493799960183
opportunity++,mixed,patchtst,opportunity++__all__gemma3_1b,gemma3_1b,all,97640,390560,187823808,122912,97640,0,1.6272189996016095,46.63167999911033,108.13539099833267,1001349864,2005627552,108838529728,1001252224,80.69980900017981,82.86761899944395
opportunity++,cuda,distrixsense,opportunity++__only_ambient_sensors__gemma3_1b,gemma3_1b,only_ambient_sensors,42510,170040,1288640,81,28468,14042,0.578602999667055,3.179674999075255,3.179674999075255,1001294734,2005407032,98786160576,1001252224,80.79177899981005,82.24689599956037
opportunity++,cuda,dense,opportunity++__only_ambient_sensors__gemma3_1b,gemma3_1b,only_ambient_sensors,38054,152216,2663872,4324,27444,10610,0.4573420001179329,6.3022149991909275,6.3022149991909275,1001290278,2005389208,132731526080,1001252224,80.80922000044666,82.05309600089095
opportunity++,cuda,dense_tokens,opportunity++__only_ambient_sensors__gemma3_1b,gemma3_1b,only_ambient_sensors,40430,161720,1272256,1100,27444,12986,0.44349200015858514,3.812534000639862,3.812534000639862,1001292654,2005398712,98786144192,1001252224,80.79177899981005,82.16599499974109
opportunity++,cuda,raw,opportunity++__only_ambient_sensors__gemma3_1b,gemma3_1b,only_ambient_sensors,38054,152216,2663872,13976,38054,0,0.8122740000544582,14.083574999303801,14.083574999303801,1001290278,2005389208,132731526080,1001252224,80.80922000044666,82.01778600050602
opportunity++,cuda,early_fusion,opportunity++__only_ambient_sensors__gemma3_1b,gemma3_1b,only_ambient_sensors,30246,120984,2166208,13976,30246,0,0.8275549998870702,14.10165500000394,14.10165500000394,1001282470,2005357976,132731028416,1001252224,80.80922000044666,82.02312600042205
opportunity++,cuda,late_fusion,opportunity++__only_ambient_sensors__gemma3_1b,gemma3_1b,only_ambient_sensors,10940,43760,670848,88,0,10940,0.07593099962832639,2.5527230001420596,2.5527230001420596,999896892,1999815664,110042927744,999885952,80.76161900044099,81.54147300047043
opportunity++,cuda,local_only,opportunity++__only_ambient_sensors__gemma3_1b,gemma3_1b,only_ambient_sensors,10940,43760,670848,52,0,10940,0.094609999905515,2.55548300016697,2.55548300016697,999896892,1999815664,110042927744,999885952,80.76161900044099,81.5600429996266
opportunity++,cuda,bottleneck,opportunity++__only_ambient_sensors__gemma3_1b,gemma3_1b,only_ambient_sensors,38346,153384,2680256,684,27604,10742,0.4689130000770092,3.4506670010805713,3.4506670010805713,1001290570,2005390376,132731542464,1001252224,80.80922000044666,82.06656599941198
opportunity++,cuda,tokenlearner,opportunity++__only_ambient_sensors__gemma3_1b,gemma3_1b,only_ambient_sensors,39374,157496,1255872,1100,27444,11930,0.4449319994819234,3.8191839994350447,3.8191839994350447,1001291598,2005394488,98786127808,1001252224,80.79177899981005,82.05797499886103
opportunity++,cuda,posthoc_vq,opportunity++__only_ambient_sensors__gemma3_1b,gemma3_1b,only_ambient_sensors,40102,160408,2729408,192,28468,11634,0.5793430000267108,3.338056999908434,3.338056999908434,1001292326,2005397400,132731591616,1001252224,80.80922000044666,82.37737700073922
opportunity++,cuda,joint_vq,opportunity++__only_ambient_sensors__gemma3_1b,gemma3_1b,only_ambient_sensors,42478,169912,1288640,81,28468,14010,0.546133000170812,3.2819970010967925,3.2819970010967925,1001294702,2005406904,98786160576,1001252224,80.79177899981005,82.35764599976392
opportunity++,cuda,deepconvlstm,opportunity++__only_ambient_sensors__gemma3_1b,gemma3_1b,only_ambient_sensors,40188,160752,2505856,13976,40188,0,0.49125199984700885,13.764941999752319,13.764941999752319,1001292412,2005397744,132731368064,1001252224,80.80922000044666,81.69310399989627
opportunity++,cuda,unrestricted_bank,opportunity++__only_ambient_sensors__gemma3_1b,gemma3_1b,only_ambient_sensors,42510,170040,1288640,81,28468,14042,0.4580329996315413,3.111285000188113,3.111285000188113,1001294734,2005407032,98786160576,1001252224,80.79177899981005,82.13064600022335
opportunity++,cuda,separate_banks,opportunity++__only_ambient_sensors__gemma3_1b,gemma3_1b,only_ambient_sensors,42510,170040,1288640,81,28468,14042,0.5606029999398743,3.150324999325571,3.150324999325571,1001294734,2005407032,98786160576,1001252224,80.79177899981005,82.21622600012779
opportunity++,cuda,fixed_resampling,opportunity++__only_ambient_sensors__gemma3_1b,gemma3_1b,only_ambient_sensors,42510,170040,1193920,81,28468,14042,0.5372130008254317,3.095725001032301,3.095725001032301,1001294734,2005407032,98786065856,1001252224,80.79177899981005,82.1649460003755
opportunity++,cuda,finetune_encoders,opportunity++__only_ambient_sensors__gemma3_1b,gemma3_1b,only_ambient_sensors,42510,170040,1288640,81,28468,14042,0.7484240004487219,3.3509570003224187,3.3509570003224187,1001294734,2005407032,98786160576,1001252224,80.79177899981005,82.21231600055035
opportunity++,cuda,no_alignment,opportunity++__only_ambient_sensors__gemma3_1b,gemma3_1b,only_ambient_sensors,42510,170040,1288640,81,28468,14042,0.5463929992401972,3.14648599945202,3.14648599945202,1001294734,2005407032,98786160576,1001252224,80.79177899981005,82.20995600004244
opportunity++,cuda,no_usage,opportunity++__only_ambient_sensors__gemma3_1b,gemma3_1b,only_ambient_sensors,42510,170040,1288640,81,28468,14042,0.542493000466493,3.138265999979817,3.138265999979817,1001294734,2005407032,98786160576,1001252224,80.79177899981005,82.22206600021309
opportunity++,cuda,tcn,opportunity++__only_ambient_sensors__gemma3_1b,gemma3_1b,only_ambient_sensors,16134,64536,980160,13976,16134,0,0.5920529993090895,13.875102999363571,13.875102999363571,1001268358,2005301528,132729842368,1001252224,80.80922000044666,81.79926500179135
opportunity++,cuda,ts_transformer,opportunity++__only_ambient_sensors__gemma3_1b,gemma3_1b,only_ambient_sensors,28998,115992,2028736,13976,28998,0,0.6764939998902264,13.949504999245528,13.949504999245528,1001281222,2005352984,132730890944,1001252224,80.80922000044666,81.88775500002521
opportunity++,cuda,patchtst,opportunity++__only_ambient_sensors__gemma3_1b,gemma3_1b,only_ambient_sensors,28038,112152,13427008,13976,28038,0,0.7719630002611666,14.039352999488893,14.039352999488893,1001280262,2005349144,97386628416,1001252224,80.57326800008013,81.71511300042766
opportunity++,mixed,distrixsense,opportunity++__only_ambient_sensors__gemma3_1b,gemma3_1b,only_ambient_sensors,42510,170040,1288640,81,28468,14042,0.5487529997481033,2.8685839997996343,2.8685839997996343,1001294734,2005407032,98786160576,1001252224,80.79177899981005,82.03385499928117
opportunity++,mixed,dense,opportunity++__only_ambient_sensors__gemma3_1b,gemma3_1b,only_ambient_sensors,38054,152216,2663872,4324,27444,10610,0.4671619999498944,6.113592998512776,6.113592998512776,1001290278,2005389208,132731526080,1001252224,80.80922000044666,81.90813500186778
opportunity++,mixed,dense_tokens,opportunity++__only_ambient_sensors__gemma3_1b,gemma3_1b,only_ambient_sensors,40430,161720,1272256,1100,27444,12986,0.43865199950232636,3.549582998853002,3.549582998853002,1001292654,2005398712,98786144192,1001252224,80.79177899981005,81.90572499916016
opportunity++,mixed,raw,opportunity++__only_ambient_sensors__gemma3_1b,gemma3_1b,only_ambient_sensors,38054,152216,2663872,13976,38054,0,0.8223949998864555,14.045084999806841,14.045084999806841,1001290278,2005389208,132731526080,1001252224,80.80922000044666,82.0056869997643
opportunity++,mixed,early_fusion,opportunity++__only_ambient_sensors__gemma3_1b,gemma3_1b,only_ambient_sensors,30246,120984,2166208,13976,30246,0,0.8246439992944943,14.048925000124564,14.048925000124564,1001282470,2005357976,132731028416,1001252224,80.80922000044666,81.98936600092566
opportunity++,mixed,late_fusion,opportunity++__only_ambient_sensors__gemma3_1b,gemma3_1b,only_ambient_sensors,10940,43760,670848,88,0,10940,0.07673100026295288,2.3463030012384753,2.3463030012384753,999896892,1999815664,110042927744,999885952,80.76161900044099,81.38404200053628
opportunity++,mixed,local_only,opportunity++__only_ambient_sensors__gemma3_1b,gemma3_1b,only_ambient_sensors,10940,43760,670848,52,0,10940,0.09175100058200769,2.3400120001201516,2.3400120001201516,999896892,1999815664,110042927744,999885952,80.76161900044099,81.40827199986234
opportunity++,mixed,bottleneck,opportunity++__only_ambient_sensors__gemma3_1b,gemma3_1b,only_ambient_sensors,38346,153384,2680256,684,27604,10742,0.4846030005865032,3.2356750009703568,3.2356750009703568,1001290570,2005390376,132731542464,1001252224,80.80922000044666,81.94163600001048
opportunity++,mixed,tokenlearner,opportunity++__only_ambient_sensors__gemma3_1b,gemma3_1b,only_ambient_sensors,39374,157496,1255872,1100,27444,11930,0.4412019998198957,3.5499329996990854,3.5499329996990854,1001291598,2005394488,98786127808,1001252224,80.79177899981005,81.8985639989478
opportunity++,mixed,posthoc_vq,opportunity++__only_ambient_sensors__gemma3_1b,gemma3_1b,only_ambient_sensors,40102,160408,2729408,192,28468,11634,0.568393000321521,3.0174940007585915,3.0174940007585915,1001292326,2005397400,132731591616,1001252224,80.80922000044666,82.16216700111545
opportunity++,mixed,joint_vq,opportunity++__only_ambient_sensors__gemma3_1b,gemma3_1b,only_ambient_sensors,42478,169912,1288640,81,28468,14010,0.5527530001927516,2.9512750006978283,2.9512750006978283,1001294702,2005406904,98786160576,1001252224,80.79177899981005,82.11019600003056
opportunity++,mixed,deepconvlstm,opportunity++__only_ambient_sensors__gemma3_1b,gemma3_1b,only_ambient_sensors,40188,160752,2505856,13976,40188,0,0.4953930001647677,13.718952999979502,13.718952999979502,1001292412,2005397744,132731368064,1001252224,80.80922000044666,81.66735500071809
opportunity++,mixed,unrestricted_bank,opportunity++__only_ambient_sensors__gemma3_1b,gemma3_1b,only_ambient_sensors,42510,170040,1288640,81,28468,14042,0.45952299933560425,2.7758250007826835,2.7758250007826835,1001294734,2005407032,98786160576,1001252224,80.79177899981005,81.96923499963304
opportunity++,mixed,separate_banks,opportunity++__only_ambient_sensors__gemma3_1b,gemma3_1b,only_ambient_sensors,42510,170040,1288640,81,28468,14042,0.5641629995807307,2.8818239998435136,2.8818239998435136,1001294734,2005407032,98786160576,1001252224,80.79177899981005,82.0463549989654
opportunity++,mixed,fixed_resampling,opportunity++__only_ambient_sensors__gemma3_1b,gemma3_1b,only_ambient_sensors,42510,170040,1193920,81,28468,14042,0.5965929994999897,2.848113998908852,2.848113998908852,1001294734,2005407032,98786065856,1001252224,80.79177899981005,81.95067500037112
opportunity++,mixed,finetune_encoders,opportunity++__only_ambient_sensors__gemma3_1b,gemma3_1b,only_ambient_sensors,42510,170040,1288640,81,28468,14042,0.5796530003863154,2.8979640001415508,2.8979640001415508,1001294734,2005407032,98786160576,1001252224,80.79177899981005,82.03896499981056
opportunity++,mixed,no_alignment,opportunity++__only_ambient_sensors__gemma3_1b,gemma3_1b,only_ambient_sensors,42510,170040,1288640,81,28468,14042,0.550222000128997,2.864572999016568,2.864572999016568,1001294734,2005407032,98786160576,1001252224,80.79177899981005,82.03942500040284
opportunity++,mixed,no_usage,opportunity++__only_ambient_sensors__gemma3_1b,gemma3_1b,only_ambient_sensors,42510,170040,1288640,81,28468,14042,0.5518530006156652,2.8738350011116243,2.8738350011116243,1001294734,2005407032,98786160576,1001252224,80.79177899981005,82.03414500076178
opportunity++,mixed,tcn,opportunity++__only_ambient_sensors__gemma3_1b,gemma3_1b,only_ambient_sensors,16134,64536,980160,13976,16134,0,0.5891529999644263,13.810573000582645,13.810573000582645,1001268358,2005301528,132729842368,1001252224,80.80922000044666,81.79806500083942
opportunity++,mixed,ts_transformer,opportunity++__only_ambient_sensors__gemma3_1b,gemma3_1b,only_ambient_sensors,28998,115992,2028736,13976,28998,0,0.6744729998899857,13.896913000635232,13.896913000635232,1001281222,2005352984,132730890944,1001252224,80.80922000044666,81.86001500052953
opportunity++,mixed,patchtst,opportunity++__only_ambient_sensors__gemma3_1b,gemma3_1b,only_ambient_sensors,28038,112152,13427008,13976,28038,0,0.7785239995428128,14.004173999082832,14.004173999082832,1001280262,2005349144,97386628416,1001252224,80.57326800008013,81.68177400057175
opportunity++,cuda,distrixsense,opportunity++__only_body25__gemma3_1b,gemma3_1b,only_body25,53036,212144,1957440,81,28468,24568,0.5480019999595243,3.127064000211144,3.127064000211144,1001305260,2005449136,98786829376,1001252224,80.79177899981005,82.20586599964008
opportunity++,cuda,dense,opportunity++__only_body25__gemma3_1b,gemma3_1b,only_body25,48580,194320,3332672,4324,27444,21136,0.4799130001629237,6.317726999763853,6.317726999763853,1001300804,2005431312,132732194880,1001252224,80.80922000044666,82.05065600031958
opportunity++,cuda,dense_tokens,opportunity++__only_body25__gemma3_1b,gemma3_1b,only_body25,50956,203824,1941056,1100,27444,23512,0.4477419997783727,3.8186860001541207,3.8186860001541207,1001303180,2005440816,98786812992,1001252224,80.79177899981005,82.07056599894713
opportunity++,cuda,raw,opportunity++__only_body25__gemma3_1b,gemma3_1b,only_body25,48580,194320,3332672,9332,48580,0,0.8120849997794721,10.365044999049593,10.365044999049593,1001300804,2005431312,132732194880,1001252224,80.80922000044666,82.02672700008407
opportunity++,cuda,early_fusion,opportunity++__only_body25__gemma3_1b,gemma3_1b,only_body25,35908,143632,2523712,9332,35908,0,0.8101640005406807,10.365175000403275,10.365175000403275,1001288132,2005380624,132731385920,1001252224,80.80922000044666,82.01747600105591
opportunity++,cuda,late_fusion,opportunity++__only_body25__gemma3_1b,gemma3_1b,only_body25,21466,85864,1339648,88,0,21466,0.0766809998822282,2.556271999444498,2.556271999444498,999907418,1999857768,110043596544,999885952,80.76161900044099,81.58521400036989
opportunity++,cuda,local_only,opportunity++__only_body25__gemma3_1b,gemma3_1b,only_body25,21466,85864,1339648,52,0,21466,0.09021999994729413,2.5486209999757934,2.5486209999757934,999907418,1999857768,110043596544,999885952,80.76161900044099,81.57753300110926
opportunity++,cuda,bottleneck,opportunity++__only_body25__gemma3_1b,gemma3_1b,only_body25,48872,195488,3349056,684,27604,21268,0.4682730004788027,3.427335999977938,3.427335999977938,1001301096,2005432480,132732211264,1001252224,80.80922000044666,82.08593700055644
opportunity++,cuda,tokenlearner,opportunity++__only_body25__gemma3_1b,gemma3_1b,only_body25,49900,199600,1924672,1100,27444,22456,0.4366920002212282,3.7997839999615097,3.7997839999615097,1001302124,2005436592,98786796608,1001252224,80.79177899981005,82.06320499994035
opportunity++,cuda,posthoc_vq,opportunity++__only_body25__gemma3_1b,gemma3_1b,only_body25,50628,202512,3398208,192,28468,22160,0.5686329996024142,3.3194349985737004,3.3194349985737004,1001302852,2005439504,132732260416,1001252224,80.80922000044666,82.35348900052486
opportunity++,cuda,joint_vq,opportunity++__only_body25__gemma3_1b,gemma3_1b,only_body25,53004,212016,1957440,81,28468,24536,0.5449329992188723,3.299586000168242,3.299586000168242,1001305228,2005449008,98786829376,1001252224,80.79177899981005,82.35841700025048
opportunity++,cuda,deepconvlstm,opportunity++__only_body25__gemma3_1b,gemma3_1b,only_body25,50714,202856,3174656,9332,50714,0,0.48015300035331165,10.03539299915838,10.03539299915838,1001302938,2005439848,132732036864,1001252224,80.80922000044666,81.70180399974925
opportunity++,cuda,unrestricted_bank,opportunity++__only_body25__gemma3_1b,gemma3_1b,only_body25,53036,212144,1957440,81,28468,24568,0.4526229995462927,3.042155999566498,3.042155999566498,1001305260,2005449136,98786829376,1001252224,80.79177899981005,82.1267049996095
opportunity++,cuda,separate_banks,opportunity++__only_body25__gemma3_1b,gemma3_1b,only_body25,53036,212144,1957440,81,28468,24568,0.5707430000256863,3.160285999940138,3.160285999940138,1001305260,2005449136,98786829376,1001252224,80.79177899981005,82.5245879996146
opportunity++,cuda,fixed_resampling,opportunity++__only_body25__gemma3_1b,gemma3_1b,only_body25,53036,212144,1583040,81,28468,24568,0.5414930001279572,3.088096000312257,3.088096000312257,1001305260,2005449136,98786454976,1001252224,80.79177899981005,82.45167700079037
opportunity++,cuda,finetune_encoders,opportunity++__only_body25__gemma3_1b,gemma3_1b,only_body25,53036,212144,1957440,81,28468,24568,0.5562219994317275,3.141323999472556,3.141323999472556,1001305260,2005449136,98786829376,1001252224,80.79177899981005,82.20409599925915
opportunity++,cuda,no_alignment,opportunity++__only_body25__gemma3_1b,gemma3_1b,only_body25,53036,212144,1957440,81,28468,24568,0.5394130002969177,3.1251049995552282,3.1251049995552282,1001305260,2005449136,98786829376,1001252224,80.79177899981005,82.20718700067664
opportunity++,cuda,no_usage,opportunity++__only_body25__gemma3_1b,gemma3_1b,only_body25,53036,212144,1957440,81,28468,24568,0.5541820000871667,3.1646850002579274,3.1646850002579274,1001305260,2005449136,98786829376,1001252224,80.79177899981005,82.21744599904923
opportunity++,cuda,tcn,opportunity++__only_body25__gemma3_1b,gemma3_1b,only_body25,21796,87184,1337664,9332,21796,0,0.5990529998598504,10.156573999553535,10.156573999553535,1001274020,2005324176,132730199872,1001252224,80.80922000044666,81.83609500065359
opportunity++,cuda,ts_transformer,opportunity++__only_body25__gemma3_1b,gemma3_1b,only_body25,34660,138640,2386240,9332,34660,0,0.6725729999743635,10.229163999498729,10.229163999498729,1001286884,2005375632,132731248448,1001252224,80.80922000044666,81.87961600015115
opportunity++,cuda,patchtst,opportunity++__only_body25__gemma3_1b,gemma3_1b,only_body25,32484,129936,27393984,9332,32484,0,0.777914000536839,10.330464000504895,10.330464000504895,1001284708,2005366928,97400595392,1001252224,80.57326800008013,81.78728400071122
opportunity++,mixed,distrixsense,opportunity++__only_body25__gemma3_1b,gemma3_1b,only_body25,53036,212144,1957440,81,28468,24568,0.5506330007847282,2.8715850012594135,2.8715850012594135,1001305260,2005449136,98786829376,1001252224,80.79177899981005,82.03561599930254
opportunity++,mixed,dense,opportunity++__only_body25__gemma3_1b,gemma3_1b,only_body25,48580,194320,3332672,4324,27444,21136,0.4689920006057946,6.11656300075514,6.11656300075514,1001300804,2005431312,132732194880,1001252224,80.80922000044666,81.92172600047343
opportunity++,mixed,dense_tokens,opportunity++__only_body25__gemma3_1b,gemma3_1b,only_body25,50956,203824,1941056,1100,27444,23512,0.4507630001171492,3.5724250001247855,3.5724250001247855,1001303180,2005440816,98786812992,1001252224,80.79177899981005,81.91672500106506
opportunity++,mixed,raw,opportunity++__only_body25__gemma3_1b,gemma3_1b,only_body25,48580,194320,3332672,9332,48580,0,0.8254949998445227,10.32767500044111,10.32767500044111,1001300804,2005431312,132732194880,1001252224,80.80922000044666,82.00029700037703
opportunity++,mixed,early_fusion,opportunity++__only_body25__gemma3_1b,gemma3_1b,only_body25,35908,143632,2523712,9332,35908,0,0.9000340005513863,10.405863998927549,10.405863998927549,1001288132,2005380624,132731385920,1001252224,80.80922000044666,81.98170500054403
opportunity++,mixed,late_fusion,opportunity++__only_body25__gemma3_1b,gemma3_1b,only_body25,21466,85864,1339648,88,0,21466,0.07656999969185563,2.351960000075842,2.351960000075842,999907418,1999857768,110043596544,999885952,80.76161900044099,81.41332300147042
opportunity++,mixed,local_only,opportunity++__only_body25__gemma3_1b,gemma3_1b,only_body25,21466,85864,1339648,52,0,21466,0.09216000034939498,2.3428609986399183,2.3428609986399183,999907418,1999857768,110043596544,999885952,80.76161900044099,81.41846200032887
opportunity++,mixed,bottleneck,opportunity++__only_body25__gemma3_1b,gemma3_1b,only_body25,48872,195488,3349056,684,27604,21268,0.4887229997621034,3.253334000211023,3.253334000211023,1001301096,2005432480,132732211264,1001252224,80.80922000044666,81.94822600125917
opportunity++,mixed,tokenlearner,opportunity++__only_body25__gemma3_1b,gemma3_1b,only_body25,49900,199600,1924672,1100,27444,22456,0.4506519999267766,3.571072999870812,3.571072999870812,1001302124,2005436592,98786796608,1001252224,80.79177899981005,81.89379600116808
opportunity++,mixed,posthoc_vq,opportunity++__only_body25__gemma3_1b,gemma3_1b,only_body25,50628,202512,3398208,192,28468,22160,0.5870430004506488,3.038155000993714,3.038155000993714,1001302852,2005439504,132732260416,1001252224,80.80922000044666,82.16938700024912
opportunity++,mixed,joint_vq,opportunity++__only_body25__gemma3_1b,gemma3_1b,only_body25,53004,212016,1957440,81,28468,24536,0.5422419999376871,2.9435440001469804,2.9435440001469804,1001305228,2005449008,98786829376,1001252224,80.79177899981005,82.16733599965664
opportunity++,mixed,deepconvlstm,opportunity++__only_body25__gemma3_1b,gemma3_1b,only_body25,50714,202856,3174656,9332,50714,0,0.48410199997306336,9.991471999343508,9.991471999343508,1001302938,2005439848,132732036864,1001252224,80.80922000044666,81.64568400115968
opportunity++,mixed,unrestricted_bank,opportunity++__only_body25__gemma3_1b,gemma3_1b,only_body25,53036,212144,1957440,81,28468,24568,0.453212000138592,2.7780930013540317,2.7780930013540317,1001305260,2005449136,98786829376,1001252224,80.79177899981005,81.96381499965355
opportunity++,mixed,separate_banks,opportunity++__only_body25__gemma3_1b,gemma3_1b,only_body25,53036,212144,1957440,81,28468,24568,0.5613129997072974,2.8794739992298535,2.8794739992298535,1001305260,2005449136,98786829376,1001252224,80.79177899981005,82.04336499875353
opportunity++,mixed,fixed_resampling,opportunity++__only_body25__gemma3_1b,gemma3_1b,only_body25,53036,212144,1583040,81,28468,24568,0.5726730005335412,2.8245439998789923,2.8245439998789923,1001305260,2005449136,98786454976,1001252224,80.79177899981005,81.95538400013902
opportunity++,mixed,finetune_encoders,opportunity++__only_body25__gemma3_1b,gemma3_1b,only_body25,53036,212144,1957440,81,28468,24568,0.7903239993538591,3.1141760000827023,3.1141760000827023,1001305260,2005449136,98786829376,1001252224,80.79177899981005,82.04375599962077
opportunity++,mixed,no_alignment,opportunity++__only_body25__gemma3_1b,gemma3_1b,only_body25,53036,212144,1957440,81,28468,24568,0.8598239992352319,3.192984998378856,3.192984998378856,1001305260,2005449136,98786829376,1001252224,80.79177899981005,82.03727599993726
opportunity++,mixed,no_usage,opportunity++__only_body25__gemma3_1b,gemma3_1b,only_body25,53036,212144,1957440,81,28468,24568,0.8730340005058679,3.194665999246249,3.194665999246249,1001305260,2005449136,98786829376,1001252224,80.79177899981005,82.04239500082622
opportunity++,mixed,tcn,opportunity++__only_body25__gemma3_1b,gemma3_1b,only_body25,21796,87184,1337664,9332,21796,0,0.616863999312045,10.117873999548925,10.117873999548925,1001274020,2005324176,132730199872,1001252224,80.80922000044666,81.77058399996895
opportunity++,mixed,ts_transformer,opportunity++__only_body25__gemma3_1b,gemma3_1b,only_body25,34660,138640,2386240,9332,34660,0,0.6995929998083739,10.200253000108665,10.200253000108665,1001286884,2005375632,132731248448,1001252224,80.80922000044666,81.86696500069957
opportunity++,mixed,patchtst,opportunity++__only_body25__gemma3_1b,gemma3_1b,only_body25,32484,129936,27393984,9332,32484,0,0.7831829998394824,10.283872998913017,10.283872998913017,1001284708,2005366928,97400595392,1001252224,80.57326800008013,81.9180550006422
opportunity++,cuda,distrixsense,opportunity++__only_body_sensors__gemma3_1b,gemma3_1b,only_body_sensors,79986,319944,3673280,81,28468,51518,0.5415830000856658,3.1398159999588504,3.1398159999588504,1001332210,2005556936,98788545216,1001252224,80.79177899981005,82.2395069999402
opportunity++,cuda,dense,opportunity++__only_body_sensors__gemma3_1b,gemma3_1b,only_body_sensors,75530,302120,5048512,4324,27444,48086,0.46234300043579424,6.305174000185379,6.305174000185379,1001327754,2005539112,132733910720,1001252224,80.80922000044666,82.04539700000169
opportunity++,cuda,dense_tokens,opportunity++__only_body_sensors__gemma3_1b,gemma3_1b,only_body_sensors,77906,311624,3656896,1100,27444,50462,0.4431220004335046,3.811785000830132,3.811785000830132,1001330130,2005548616,98788528832,1001252224,80.79177899981005,82.07431599930715
opportunity++,cuda,raw,opportunity++__only_body_sensors__gemma3_1b,gemma3_1b,only_body_sensors,75530,302120,5048512,53584,75530,0,0.8245140006692964,45.79601400087208,45.79601400087208,1001327754,2005539112,132733910720,1001252224,80.80922000044666,82.13884700035123
opportunity++,cuda,early_fusion,opportunity++__only_body_sensors__gemma3_1b,gemma3_1b,only_body_sensors,53898,215592,3666112,53584,53898,0,0.8223740005632862,45.80017399962466,45.80017399962466,1001306122,2005452584,132732528320,1001252224,80.80922000044666,82.33937900058663
opportunity++,cuda,late_fusion,opportunity++__only_body_sensors__gemma3_1b,gemma3_1b,only_body_sensors,48416,193664,3055488,88,0,48416,0.07622000066476176,2.551823000564973,2.551823000564973,999934368,1999965568,110045312384,999885952,80.76161900044099,81.52374300061638
opportunity++,cuda,local_only,opportunity++__only_body_sensors__gemma3_1b,gemma3_1b,only_body_sensors,48416,193664,3055488,52,0,48416,0.09169099939754233,2.553653999955242,2.553653999955242,999934368,1999965568,110045312384,999885952,80.76161900044099,81.5713930005586
opportunity++,cuda,bottleneck,opportunity++__only_body_sensors__gemma3_1b,gemma3_1b,only_body_sensors,75822,303288,5064896,684,27604,48218,0.4800319993591984,3.4534039989657934,3.4534039989657934,1001328046,2005540280,132733927104,1001252224,80.80922000044666,82.07552600015333
opportunity++,cuda,tokenlearner,opportunity++__only_body_sensors__gemma3_1b,gemma3_1b,only_body_sensors,76850,307400,3640512,1100,27444,49406,0.4391430002215202,3.800284999665455,3.800284999665455,1001329074,2005544392,98788512448,1001252224,80.79177899981005,82.11122599914233
opportunity++,cuda,posthoc_vq,opportunity++__only_body_sensors__gemma3_1b,gemma3_1b,only_body_sensors,77578,310312,5114048,192,28468,49110,0.5726629997298005,3.3393450008392334,3.3393450008392334,1001329802,2005547304,132733976256,1001252224,80.80922000044666,82.38960900052916
opportunity++,cuda,joint_vq,opportunity++__only_body_sensors__gemma3_1b,gemma3_1b,only_body_sensors,79954,319816,3673280,81,28468,51486,0.541082999916398,3.287315999870666,3.287315999870666,1001332178,2005556808,98788545216,1001252224,80.79177899981005,82.37159700001939
opportunity++,cuda,deepconvlstm,opportunity++__only_body_sensors__gemma3_1b,gemma3_1b,only_body_sensors,77664,310656,4890496,53584,77664,0,0.49686199963616673,45.472682000537446,45.472682000537446,1001329888,2005547648,132733752704,1001252224,80.80922000044666,81.70213399989734
opportunity++,cuda,unrestricted_bank,opportunity++__only_body_sensors__gemma3_1b,gemma3_1b,only_body_sensors,79986,319944,3673280,81,28468,51518,0.4547419994196389,3.0494539996942738,3.0494539996942738,1001332210,2005556936,98788545216,1001252224,80.79177899981005,82.14847599992936
opportunity++,cuda,separate_banks,opportunity++__only_body_sensors__gemma3_1b,gemma3_1b,only_body_sensors,79986,319944,3673280,81,28468,51518,0.5791030007458176,3.191565001572494,3.191565001572494,1001332210,2005556936,98788545216,1001252224,80.79177899981005,82.2356660000878
opportunity++,cuda,fixed_resampling,opportunity++__only_body_sensors__gemma3_1b,gemma3_1b,only_body_sensors,79986,319944,2299840,81,28468,51518,0.5394620002334705,3.093855000799417,3.093855000799417,1001332210,2005556936,98787171776,1001252224,80.79177899981005,82.18568599932041
opportunity++,cuda,finetune_encoders,opportunity++__only_body_sensors__gemma3_1b,gemma3_1b,only_body_sensors,79986,319944,3673280,81,28468,51518,0.5505629997060169,3.1444769984153798,3.1444769984153798,1001332210,2005556936,98788545216,1001252224,80.79177899981005,82.21031599987327
opportunity++,cuda,no_alignment,opportunity++__only_body_sensors__gemma3_1b,gemma3_1b,only_body_sensors,79986,319944,3673280,81,28468,51518,0.5380829998102854,3.1185559992371825,3.1185559992371825,1001332210,2005556936,98788545216,1001252224,80.79177899981005,82.22207600010734
opportunity++,cuda,no_usage,opportunity++__only_body_sensors__gemma3_1b,gemma3_1b,only_body_sensors,79986,319944,3673280,81,28468,51518,0.5510529999810387,3.136774999831582,3.136774999831582,1001332210,2005556936,98788545216,1001252224,80.79177899981005,82.22414600004413
opportunity++,cuda,tcn,opportunity++__only_body_sensors__gemma3_1b,gemma3_1b,only_body_sensors,39786,159144,2480064,53584,39786,0,0.6049230005373829,45.581534000804226,45.581534000804226,1001292010,2005396136,132731342272,1001252224,80.80922000044666,81.83874600126728
opportunity++,cuda,ts_transformer,opportunity++__only_body_sensors__gemma3_1b,gemma3_1b,only_body_sensors,52650,210600,3528640,53584,52650,0,0.6856340005469974,45.66025500094051,45.66025500094051,1001304874,2005447592,132732390848,1001252224,80.80922000044666,81.9195160001982
opportunity++,cuda,patchtst,opportunity++__only_body_sensors__gemma3_1b,gemma3_1b,only_body_sensors,48234,192936,53606464,53584,48234,0,0.7657340001969715,45.737605000569005,45.737605000569005,1001300458,2005429928,97426807872,1001252224,80.57326800008013,81.7485339994164
opportunity++,mixed,distrixsense,opportunity++__only_body_sensors__gemma3_1b,gemma3_1b,only_body_sensors,79986,319944,3673280,81,28468,51518,0.5441720004455419,2.876092999969737,2.876092999969737,1001332210,2005556936,98788545216,1001252224,80.79177899981005,82.08487599949876
opportunity++,mixed,dense,opportunity++__only_body_sensors__gemma3_1b,gemma3_1b,only_body_sensors,75530,302120,5048512,4324,27444,48086,0.47018199984449893,6.131512999995484,6.131512999995484,1001327754,2005539112,132733910720,1001252224,80.80922000044666,81.9426050002221
opportunity++,mixed,dense_tokens,opportunity++__only_body_sensors__gemma3_1b,gemma3_1b,only_body_sensors,77906,311624,3656896,1100,27444,50462,0.4469129999051802,3.57890399936412,3.57890399936412,1001330130,2005548616,98788528832,1001252224,80.79177899981005,82.0022660000177
opportunity++,mixed,raw,opportunity++__only_body_sensors__gemma3_1b,gemma3_1b,only_body_sensors,75530,302120,5048512,53584,75530,0,0.8238640002673492,45.739674000061626,45.739674000061626,1001327754,2005539112,132733910720,1001252224,80.80922000044666,82.00674600084312
opportunity++,mixed,early_fusion,opportunity++__only_body_sensors__gemma3_1b,gemma3_1b,only_body_sensors,53898,215592,3666112,53584,53898,0,0.8307240004796768,45.75215399995736,45.75215399995736,1001306122,2005452584,132732528320,1001252224,80.80922000044666,82.01400600046327
opportunity++,mixed,late_fusion,opportunity++__only_body_sensors__gemma3_1b,gemma3_1b,only_body_sensors,48416,193664,3055488,88,0,48416,0.07517999983974732,2.370620999633893,2.370620999633893,999934368,1999965568,110045312384,999885952,80.76161900044099,81.40329300022131
opportunity++,mixed,local_only,opportunity++__only_body_sensors__gemma3_1b,gemma3_1b,only_body_sensors,48416,193664,3055488,52,0,48416,0.09282999963033944,2.351140998387092,2.351140998387092,999934368,1999965568,110045312384,999885952,80.76161900044099,81.4566429999104
opportunity++,mixed,bottleneck,opportunity++__only_body_sensors__gemma3_1b,gemma3_1b,only_body_sensors,75822,303288,5064896,684,27604,48218,0.490702000206511,3.2616330002120115,3.2616330002120115,1001328046,2005540280,132733927104,1001252224,80.80922000044666,81.96869600124046
opportunity++,mixed,tokenlearner,opportunity++__only_body_sensors__gemma3_1b,gemma3_1b,only_body_sensors,76850,307400,3640512,1100,27444,49406,0.4443520001586876,3.575932999406068,3.575932999406068,1001329074,2005544392,98788512448,1001252224,80.79177899981005,81.91709600032482
opportunity++,mixed,posthoc_vq,opportunity++__only_body_sensors__gemma3_1b,gemma3_1b,only_body_sensors,77578,310312,5114048,192,28468,49110,0.5741029999626335,3.03784499881512,3.03784499881512,1001329802,2005547304,132733976256,1001252224,80.80922000044666,82.1650360003332
opportunity++,mixed,joint_vq,opportunity++__only_body_sensors__gemma3_1b,gemma3_1b,only_body_sensors,79954,319816,3673280,81,28468,51486,0.5530519993044436,2.963762999599462,2.963762999599462,1001332178,2005556808,98788545216,1001252224,80.79177899981005,82.1437260001403
opportunity++,mixed,deepconvlstm,opportunity++__only_body_sensors__gemma3_1b,gemma3_1b,only_body_sensors,77664,310656,4890496,53584,77664,0,0.49032200058718445,45.40674200029693,45.40674200029693,1001329888,2005547648,132733752704,1001252224,80.80922000044666,81.67531400067674
opportunity++,mixed,unrestricted_bank,opportunity++__only_body_sensors__gemma3_1b,gemma3_1b,only_body_sensors,79986,319944,3673280,81,28468,51518,0.4731330000140588,2.811774000321643,2.811774000321643,1001332210,2005556936,98788545216,1001252224,80.79177899981005,82.07639600004768
opportunity++,mixed,separate_banks,opportunity++__only_body_sensors__gemma3_1b,gemma3_1b,only_body_sensors,79986,319944,3673280,81,28468,51518,0.569652999729442,2.9043849990847637,2.9043849990847637,1001332210,2005556936,98788545216,1001252224,80.79177899981005,82.07559599941305
opportunity++,mixed,fixed_resampling,opportunity++__only_body_sensors__gemma3_1b,gemma3_1b,only_body_sensors,79986,319944,2299840,81,28468,51518,0.5482329997903435,2.8048540007438394,2.8048540007438394,1001332210,2005556936,98787171776,1001252224,80.79177899981005,81.97373500024696
opportunity++,mixed,finetune_encoders,opportunity++__only_body_sensors__gemma3_1b,gemma3_1b,only_body_sensors,79986,319944,3673280,81,28468,51518,0.5575119994318811,2.894002999739209,2.894002999739209,1001332210,2005556936,98788545216,1001252224,80.79177899981005,82.09986699966976
opportunity++,mixed,no_alignment,opportunity++__only_body_sensors__gemma3_1b,gemma3_1b,only_body_sensors,79986,319944,3673280,81,28468,51518,0.5520330005310825,2.898524001495284,2.898524001495284,1001332210,2005556936,98788545216,1001252224,80.79177899981005,82.06261499981338
opportunity++,mixed,no_usage,opportunity++__only_body_sensors__gemma3_1b,gemma3_1b,only_body_sensors,79986,319944,3673280,81,28468,51518,0.5527220000658417,2.895213000585395,2.895213000585395,1001332210,2005556936,98788545216,1001252224,80.79177899981005,82.06523599983484
opportunity++,mixed,tcn,opportunity++__only_body_sensors__gemma3_1b,gemma3_1b,only_body_sensors,39786,159144,2480064,53584,39786,0,0.5991630005155457,45.51513400088092,45.51513400088092,1001292010,2005396136,132731342272,1001252224,80.80922000044666,81.80742400054442
opportunity++,mixed,ts_transformer,opportunity++__only_body_sensors__gemma3_1b,gemma3_1b,only_body_sensors,52650,210600,3528640,53584,52650,0,0.6838839999545598,45.59740399941015,45.59740399941015,1001304874,2005447592,132732390848,1001252224,80.80922000044666,81.87406500019279
opportunity++,mixed,patchtst,opportunity++__only_body_sensors__gemma3_1b,gemma3_1b,only_body_sensors,48234,192936,53606464,53584,48234,0,0.7760640000924468,45.69096499995007,45.69096499995007,1001300458,2005429928,97426807872,1001252224,80.57326800008013,81.71042300091358
opportunity++,cuda,distrixsense,opportunity++__only_object_sensors__gemma3_1b,gemma3_1b,only_object_sensors,48536,194144,1671360,81,28468,20068,0.5593630003204453,3.1532050007007317,3.1532050007007317,1001300760,2005431136,98786543296,1001252224,80.79177899981005,82.22119699985342
opportunity++,cuda,dense,opportunity++__only_object_sensors__gemma3_1b,gemma3_1b,only_object_sensors,44080,176320,3046592,4324,27444,16636,0.4699620003520977,6.306183001792978,6.306183001792978,1001296304,2005413312,132731908800,1001252224,80.80922000044666,82.03493499968317
opportunity++,cuda,dense_tokens,opportunity++__only_object_sensors__gemma3_1b,gemma3_1b,only_object_sensors,46456,185824,1654976,1100,27444,19012,0.4515919999903417,3.8231840007891877,3.8231840007891877,1001298680,2005422816,98786526912,1001252224,80.79177899981005,82.06815599987749
opportunity++,cuda,raw,opportunity++__only_object_sensors__gemma3_1b,gemma3_1b,only_object_sensors,44080,176320,3046592,22396,44080,0,0.81013500039262,20.8274649995374,20.8274649995374,1001296304,2005413312,132731908800,1001252224,80.80922000044666,82.04615600152465
opportunity++,cuda,early_fusion,opportunity++__only_object_sensors__gemma3_1b,gemma3_1b,only_object_sensors,33328,133312,2360512,22396,33328,0,0.8271540000350797,20.83873400087126,20.83873400087126,1001285552,2005370304,132731222720,1001252224,80.80922000044666,82.03515700097341
opportunity++,cuda,late_fusion,opportunity++__only_object_sensors__gemma3_1b,gemma3_1b,only_object_sensors,16966,67864,1053568,88,0,16966,0.07646999983990099,2.551262998301745,2.551262998301745,999902918,1999839768,110043310464,999885952,80.76161900044099,81.53378300085024
opportunity++,cuda,local_only,opportunity++__only_object_sensors__gemma3_1b,gemma3_1b,only_object_sensors,16966,67864,1053568,52,0,16966,0.09281999973609345,2.5595529998713404,2.5595529998713404,999902918,1999839768,110043310464,999885952,80.76161900044099,81.55007299956196
opportunity++,cuda,bottleneck,opportunity++__only_object_sensors__gemma3_1b,gemma3_1b,only_object_sensors,44372,177488,3062976,684,27604,16768,0.47703300060675247,3.437795001692418,3.437795001692418,1001296596,2005414480,132731925184,1001252224,80.80922000044666,82.06449700082885
opportunity++,cuda,tokenlearner,opportunity++__only_object_sensors__gemma3_1b,gemma3_1b,only_object_sensors,45400,181600,1638592,1100,27444,17956,0.4487930000323104,3.8268049993301974,3.8268049993301974,1001297624,2005418592,98786510528,1001252224,80.79177899981005,82.07788499930757
opportunity++,cuda,posthoc_vq,opportunity++__only_object_sensors__gemma3_1b,gemma3_1b,only_object_sensors,46128,184512,3112128,192,28468,17660,0.5783130000054371,3.3239669997586985,3.3239669997586985,1001298352,2005421504,132731974336,1001252224,80.80922000044666,82.37960800033761
opportunity++,cuda,joint_vq,opportunity++__only_object_sensors__gemma3_1b,gemma3_1b,only_object_sensors,48504,194016,1671360,81,28468,20036,0.5527729999812436,3.2939180000829626,3.2939180000829626,1001300728,2005431008,98786543296,1001252224,80.79177899981005,82.39485700050864
opportunity++,cuda,deepconvlstm,opportunity++__only_object_sensors__gemma3_1b,gemma3_1b,only_object_sensors,46214,184856,2888576,22396,46214,0,0.47644300047977595,20.49611500032282,20.49611500032282,1001298438,2005421848,132731750784,1001252224,80.80922000044666,81.7025639998974
opportunity++,cuda,unrestricted_bank,opportunity++__only_object_sensors__gemma3_1b,gemma3_1b,only_object_sensors,48536,194144,1671360,81,28468,20068,0.46198299969546497,3.035126000242494,3.035126000242494,1001300760,2005431136,98786543296,1001252224,80.79177899981005,82.13962499939953
opportunity++,cuda,separate_banks,opportunity++__only_object_sensors__gemma3_1b,gemma3_1b,only_object_sensors,48536,194144,1671360,81,28468,20068,0.5583029997069389,3.1303550004230463,3.1303550004230463,1001300760,2005431136,98786543296,1001252224,80.79177899981005,82.21225600118487
opportunity++,cuda,fixed_resampling,opportunity++__only_object_sensors__gemma3_1b,gemma3_1b,only_object_sensors,48536,194144,1429440,81,28468,20068,0.5581330005952623,3.1171750006541377,3.1171750006541377,1001300760,2005431136,98786301376,1001252224,80.79177899981005,82.176975000948
opportunity++,cuda,finetune_encoders,opportunity++__only_object_sensors__gemma3_1b,gemma3_1b,only_object_sensors,48536,194144,1671360,81,28468,20068,0.5456429998957901,3.1302469988367054,3.1302469988367054,1001300760,2005431136,98786543296,1001252224,80.79177899981005,82.19504599946958
opportunity++,cuda,no_alignment,opportunity++__only_object_sensors__gemma3_1b,gemma3_1b,only_object_sensors,48536,194144,1671360,81,28468,20068,0.551701999938814,3.136274000127637,3.136274000127637,1001300760,2005431136,98786543296,1001252224,80.79177899981005,82.19443600046361
opportunity++,cuda,no_usage,opportunity++__only_object_sensors__gemma3_1b,gemma3_1b,only_object_sensors,48536,194144,1671360,81,28468,20068,0.5583029997069389,3.1303650003172923,3.1303650003172923,1001300760,2005431136,98786543296,1001252224,80.79177899981005,82.21998699991673
opportunity++,cuda,tcn,opportunity++__only_object_sensors__gemma3_1b,gemma3_1b,only_object_sensors,19216,76864,1174464,22396,19216,0,0.5968929999653483,20.61711399900472,20.61711399900472,1001271440,2005313856,132730036672,1001252224,80.80922000044666,81.84510499995667
opportunity++,cuda,ts_transformer,opportunity++__only_object_sensors__gemma3_1b,gemma3_1b,only_object_sensors,32080,128320,2223040,22396,32080,0,0.6768830007786164,20.685524000408837,20.685524000408837,1001284304,2005365312,132731085248,1001252224,80.80922000044666,81.92023700030404
opportunity++,cuda,patchtst,opportunity++__only_object_sensors__gemma3_1b,gemma3_1b,only_object_sensors,30384,121536,21858624,22396,30384,0,0.7822939996913192,20.79519400021039,20.79519400021039,1001282608,2005358528,97395060032,1001252224,80.57326800008013,81.74569399943721
opportunity++,mixed,distrixsense,opportunity++__only_object_sensors__gemma3_1b,gemma3_1b,only_object_sensors,48536,194144,1671360,81,28468,20068,0.5500930001289817,2.8772539999698754,2.8772539999698754,1001300760,2005431136,98786543296,1001252224,80.79177899981005,82.10315499945864
opportunity++,mixed,dense,opportunity++__only_object_sensors__gemma3_1b,gemma3_1b,only_object_sensors,44080,176320,3046592,4324,27444,16636,0.4709719996753847,6.1177140008610325,6.1177140008610325,1001296304,2005413312,132731908800,1001252224,80.80922000044666,81.92507600142562
opportunity++,mixed,dense_tokens,opportunity++__only_object_sensors__gemma3_1b,gemma3_1b,only_object_sensors,46456,185824,1654976,1100,27444,19012,0.4457519999050419,3.5656929994683013,3.5656929994683013,1001298680,2005422816,98786526912,1001252224,80.79177899981005,81.94170500064502
opportunity++,mixed,raw,opportunity++__only_object_sensors__gemma3_1b,gemma3_1b,only_object_sensors,44080,176320,3046592,22396,44080,0,0.8107550002023345,20.771595000122975,20.771595000122975,1001296304,2005413312,132731908800,1001252224,80.80922000044666,82.00028600003861
opportunity++,mixed,early_fusion,opportunity++__only_object_sensors__gemma3_1b,gemma3_1b,only_object_sensors,33328,133312,2360512,22396,33328,0,0.8279439998659655,20.789043999765486,20.789043999765486,1001285552,2005370304,132731222720,1001252224,80.80922000044666,81.99222500115866
opportunity++,mixed,late_fusion,opportunity++__only_object_sensors__gemma3_1b,gemma3_1b,only_object_sensors,16966,67864,1053568,88,0,16966,0.07614100013597636,2.3499330001390537,2.3499330001390537,999902918,1999839768,110043310464,999885952,80.76161900044099,81.38414300083241
opportunity++,mixed,local_only,opportunity++__only_object_sensors__gemma3_1b,gemma3_1b,only_object_sensors,16966,67864,1053568,52,0,16966,0.09203000081470236,2.34904100058655,2.34904100058655,999902918,1999839768,110043310464,999885952,80.76161900044099,81.41647300089971
opportunity++,mixed,bottleneck,opportunity++__only_object_sensors__gemma3_1b,gemma3_1b,only_object_sensors,44372,177488,3062976,684,27604,16768,0.47230200016201707,3.2288930008426426,3.2288930008426426,1001296596,2005414480,132731925184,1001252224,80.80922000044666,81.95646600051987
opportunity++,mixed,tokenlearner,opportunity++__only_object_sensors__gemma3_1b,gemma3_1b,only_object_sensors,45400,181600,1638592,1100,27444,17956,0.4421720004756935,3.575354000527004,3.575354000527004,1001297624,2005418592,98786510528,1001252224,80.79177899981005,81.91358499971102
opportunity++,mixed,posthoc_vq,opportunity++__only_object_sensors__gemma3_1b,gemma3_1b,only_object_sensors,46128,184512,3112128,192,28468,17660,0.5761129996244563,3.033894999660691,3.033894999660691,1001298352,2005421504,132731974336,1001252224,80.80922000044666,82.24381800027913
opportunity++,mixed,joint_vq,opportunity++__only_object_sensors__gemma3_1b,gemma3_1b,only_object_sensors,48504,194016,1671360,81,28468,20036,0.5636630003209575,2.9888150002369773,2.9888150002369773,1001300728,2005431008,98786543296,1001252224,80.79177899981005,82.13009600058285
opportunity++,mixed,deepconvlstm,opportunity++__only_object_sensors__gemma3_1b,gemma3_1b,only_object_sensors,46214,184856,2888576,22396,46214,0,0.4833029997826088,20.44582299830748,20.44582299830748,1001298438,2005421848,132731750784,1001252224,80.80922000044666,81.66727500065463
opportunity++,mixed,unrestricted_bank,opportunity++__only_object_sensors__gemma3_1b,gemma3_1b,only_object_sensors,48536,194144,1671360,81,28468,20068,0.462201999653189,2.7933829988177283,2.7933829988177283,1001300760,2005431136,98786543296,1001252224,80.79177899981005,81.9721859998026
opportunity++,mixed,separate_banks,opportunity++__only_object_sensors__gemma3_1b,gemma3_1b,only_object_sensors,48536,194144,1671360,81,28468,20068,0.5625819994747872,2.8876639990193187,2.8876639990193187,1001300760,2005431136,98786543296,1001252224,80.79177899981005,82.0650450004905
opportunity++,mixed,fixed_resampling,opportunity++__only_object_sensors__gemma3_1b,gemma3_1b,only_object_sensors,48536,194144,1429440,81,28468,20068,0.5413930002760026,2.7998839996433933,2.7998839996433933,1001300760,2005431136,98786301376,1001252224,80.79177899981005,81.95480499944097
opportunity++,mixed,finetune_encoders,opportunity++__only_object_sensors__gemma3_1b,gemma3_1b,only_object_sensors,48536,194144,1671360,81,28468,20068,0.5560930003412068,2.884024001133989,2.884024001133989,1001300760,2005431136,98786543296,1001252224,80.79177899981005,82.05285499934689
opportunity++,mixed,no_alignment,opportunity++__only_object_sensors__gemma3_1b,gemma3_1b,only_object_sensors,48536,194144,1671360,81,28468,20068,0.5648129999826779,2.886014000097825,2.886014000097825,1001300760,2005431136,98786543296,1001252224,80.79177899981005,82.06144499945367
opportunity++,mixed,no_usage,opportunity++__only_object_sensors__gemma3_1b,gemma3_1b,only_object_sensors,48536,194144,1671360,81,28468,20068,0.5482030001076055,2.8759739998639677,2.8759739998639677,1001300760,2005431136,98786543296,1001252224,80.79177899981005,82.04880600078468
opportunity++,mixed,tcn,opportunity++__only_object_sensors__gemma3_1b,gemma3_1b,only_object_sensors,19216,76864,1174464,22396,19216,0,0.5958029996691039,20.55671299975896,20.55671299975896,1001271440,2005313856,132730036672,1001252224,80.80922000044666,81.77834500020253
opportunity++,mixed,ts_transformer,opportunity++__only_object_sensors__gemma3_1b,gemma3_1b,only_object_sensors,32080,128320,2223040,22396,32080,0,0.6880839991936227,20.64888399953728,20.64888399953728,1001284304,2005365312,132731085248,1001252224,80.80922000044666,81.90952600034507
opportunity++,mixed,patchtst,opportunity++__only_object_sensors__gemma3_1b,gemma3_1b,only_object_sensors,30384,121536,21858624,22396,30384,0,0.7905439997557551,20.74555399948534,20.74555399948534,1001282608,2005358528,97395060032,1001252224,80.57326800008013,81.88074400004552
opportunity++,cuda,distrixsense,opportunity++__only_rgb__gemma3_1b,gemma3_1b,only_rgb,103580,414320,5177280,81,28468,75112,0.5761729998994269,3.157704998586164,3.157704998586164,1001355804,2005651312,98790049216,1001252224,80.79177899981005,82.24551699913718
opportunity++,cuda,dense,opportunity++__only_rgb__gemma3_1b,gemma3_1b,only_rgb,99124,396496,6552512,4324,27444,71680,0.5172620003577322,6.345824000486336,6.345824000486336,1001351348,2005633488,132735414720,1001252224,80.80922000044666,82.12297600039165
opportunity++,cuda,dense_tokens,opportunity++__only_rgb__gemma3_1b,gemma3_1b,only_rgb,101500,406000,5160896,1100,27444,74056,0.446682000074361,3.8269849992456146,3.8269849992456146,1001353724,2005642992,98790032832,1001252224,80.79177899981005,82.07135699922219
opportunity++,cuda,raw,opportunity++__only_rgb__gemma3_1b,gemma3_1b,only_rgb,99124,396496,6552512,23624,99124,0,0.8198039995477302,21.818915998861648,21.818915998861648,1001351348,2005633488,132735414720,1001252224,80.80922000044666,82.036056999641
opportunity++,cuda,early_fusion,opportunity++__only_rgb__gemma3_1b,gemma3_1b,only_rgb,71476,285904,4785088,23624,71476,0,0.8267840003099991,21.82761500099894,21.82761500099894,1001323700,2005522896,132733647296,1001252224,80.80922000044666,82.03371700074058
opportunity++,cuda,late_fusion,opportunity++__only_rgb__gemma3_1b,gemma3_1b,only_rgb,72010,288040,4559488,88,0,72010,0.07581099998787977,2.549424000924255,2.549424000924255,999957962,2000059944,110046816384,999885952,80.76161900044099,81.55286300006992
opportunity++,cuda,local_only,opportunity++__only_rgb__gemma3_1b,gemma3_1b,only_rgb,72010,288040,4559488,52,0,72010,0.09097000020119594,2.548842999447044,2.548842999447044,999957962,2000059944,110046816384,999885952,80.76161900044099,81.55724300104339
opportunity++,cuda,bottleneck,opportunity++__only_rgb__gemma3_1b,gemma3_1b,only_rgb,99416,397664,6568896,684,27604,71812,0.4727219993583276,3.435873997906153,3.435873997906153,1001351640,2005634656,132735431104,1001252224,80.80922000044666,82.08638700034498
opportunity++,cuda,tokenlearner,opportunity++__only_rgb__gemma3_1b,gemma3_1b,only_rgb,100444,401776,5144512,1100,27444,73000,0.4418819999045809,3.803795000744576,3.803795000744576,1001352668,2005638768,98790016448,1001252224,80.79177899981005,82.08024599935015
opportunity++,cuda,posthoc_vq,opportunity++__only_rgb__gemma3_1b,gemma3_1b,only_rgb,101172,404688,6618048,192,28468,72704,0.5813129992020549,3.3419849983860273,3.3419849983860273,1001353396,2005641680,132735480256,1001252224,80.80922000044666,82.36550800120312
opportunity++,cuda,joint_vq,opportunity++__only_rgb__gemma3_1b,gemma3_1b,only_rgb,103548,414192,5177280,81,28468,75080,0.5468519993883092,3.2913469986232347,3.2913469986232347,1001355772,2005651184,98790049216,1001252224,80.79177899981005,82.37287599968113
opportunity++,cuda,deepconvlstm,opportunity++__only_rgb__gemma3_1b,gemma3_1b,only_rgb,101258,405032,6394496,23624,101258,0,0.48854299984668614,21.480843000259647,21.480843000259647,1001353482,2005642024,132735256704,1001252224,80.80922000044666,81.71024400053284
opportunity++,cuda,unrestricted_bank,opportunity++__only_rgb__gemma3_1b,gemma3_1b,only_rgb,103580,414320,5177280,81,28468,75112,0.46767200001340825,3.04873399912311,3.04873399912311,1001355804,2005651312,98790049216,1001252224,80.79177899981005,82.1704759991917
opportunity++,cuda,separate_banks,opportunity++__only_rgb__gemma3_1b,gemma3_1b,only_rgb,103580,414320,5177280,81,28468,75112,0.5725129994971212,3.1552350001510465,3.1552350001510465,1001355804,2005651312,98790049216,1001252224,80.79177899981005,82.22437599943078
opportunity++,cuda,fixed_resampling,opportunity++__only_rgb__gemma3_1b,gemma3_1b,only_rgb,103580,414320,2781120,81,28468,75112,0.5393720002757618,3.0986549991502077,3.0986549991502077,1001355804,2005651312,98787653056,1001252224,80.79177899981005,82.18222599953151
opportunity++,cuda,finetune_encoders,opportunity++__only_rgb__gemma3_1b,gemma3_1b,only_rgb,103580,414320,5177280,81,28468,75112,0.563122999665211,3.165484999983059,3.165484999983059,1001355804,2005651312,98790049216,1001252224,80.79177899981005,82.24419599991961
opportunity++,cuda,no_alignment,opportunity++__only_rgb__gemma3_1b,gemma3_1b,only_rgb,103580,414320,5177280,81,28468,75112,0.544712999726471,3.1247249999359017,3.1247249999359017,1001355804,2005651312,98790049216,1001252224,80.79177899981005,82.21458600019105
opportunity++,cuda,no_usage,opportunity++__only_rgb__gemma3_1b,gemma3_1b,only_rgb,103580,414320,5177280,81,28468,75112,0.5406330001278548,3.1124859997652354,3.1124859997652354,1001355804,2005651312,98790049216,1001252224,80.79177899981005,82.21011599925987
opportunity++,cuda,tcn,opportunity++__only_rgb__gemma3_1b,gemma3_1b,only_rgb,57364,229456,3599040,23624,57364,0,0.5921629999647848,21.581813001117716,21.581813001117716,1001309588,2005466448,132732461248,1001252224,80.80922000044666,81.80871500007925
opportunity++,cuda,ts_transformer,opportunity++__only_rgb__gemma3_1b,gemma3_1b,only_rgb,70228,280912,4647616,23624,70228,0,0.674613000228419,21.671482999605523,21.671482999605523,1001322452,2005517904,132733509824,1001252224,80.80922000044666,81.91905600051541
opportunity++,cuda,patchtst,opportunity++__only_rgb__gemma3_1b,gemma3_1b,only_rgb,64308,257232,71558208,23624,64308,0,0.7692839999435819,22.060495999736467,22.060495999736467,1001316532,2005494224,97444759616,1001252224,80.57326800008013,81.73718400030339
opportunity++,mixed,distrixsense,opportunity++__only_rgb__gemma3_1b,gemma3_1b,only_rgb,103580,414320,5177280,81,28468,75112,0.5462930002977373,2.8872740013247356,2.8872740013247356,1001355804,2005651312,98790049216,1001252224,80.79177899981005,82.06913600042753
opportunity++,mixed,dense,opportunity++__only_rgb__gemma3_1b,gemma3_1b,only_rgb,99124,396496,6552512,4324,27444,71680,0.4624620005415636,6.12611300162347,6.12611300162347,1001351348,2005633488,132735414720,1001252224,80.80922000044666,81.93880599901604
opportunity++,mixed,dense_tokens,opportunity++__only_rgb__gemma3_1b,gemma3_1b,only_rgb,101500,406000,5160896,1100,27444,74056,0.4402229997140239,3.578994000231323,3.578994000231323,1001353724,2005642992,98790032832,1001252224,80.79177899981005,81.91917400017701
opportunity++,mixed,raw,opportunity++__only_rgb__gemma3_1b,gemma3_1b,only_rgb,99124,396496,6552512,23624,99124,0,0.8063240002229577,21.7452439994451,21.7452439994451,1001351348,2005633488,132735414720,1001252224,80.80922000044666,81.99464600056672
opportunity++,mixed,early_fusion,opportunity++__only_rgb__gemma3_1b,gemma3_1b,only_rgb,71476,285904,4785088,23624,71476,0,0.8236539997596992,21.767524000293797,21.767524000293797,1001323700,2005522896,132733647296,1001252224,80.80922000044666,81.98721700046008
opportunity++,mixed,late_fusion,opportunity++__only_rgb__gemma3_1b,gemma3_1b,only_rgb,72010,288040,4559488,88,0,72010,0.07658100003027357,2.3736829999938256,2.3736829999938256,999957962,2000059944,110046816384,999885952,80.76161900044099,81.404122001004
opportunity++,mixed,local_only,opportunity++__only_rgb__gemma3_1b,gemma3_1b,only_rgb,72010,288040,4559488,52,0,72010,0.09354000030725729,2.3609709990227943,2.3609709990227943,999957962,2000059944,110046816384,999885952,80.76161900044099,81.42660300018179
opportunity++,mixed,bottleneck,opportunity++__only_rgb__gemma3_1b,gemma3_1b,only_rgb,99416,397664,6568896,684,27604,71812,0.4736720002256334,3.2479530011833297,3.2479530011833297,1001351640,2005634656,132735431104,1001252224,80.80922000044666,81.95566600079474
opportunity++,mixed,tokenlearner,opportunity++__only_rgb__gemma3_1b,gemma3_1b,only_rgb,100444,401776,5144512,1100,27444,73000,0.4441230003067176,3.5728140010131755,3.5728140010131755,1001352668,2005638768,98790016448,1001252224,80.79177899981005,81.91793399873859
opportunity++,mixed,posthoc_vq,opportunity++__only_rgb__gemma3_1b,gemma3_1b,only_rgb,101172,404688,6618048,192,28468,72704,0.5791829998997855,3.048753998499154,3.048753998499154,1001353396,2005641680,132735480256,1001252224,80.80922000044666,82.17613700071524
opportunity++,mixed,joint_vq,opportunity++__only_rgb__gemma3_1b,gemma3_1b,only_rgb,103548,414192,5177280,81,28468,75080,0.5504430000655702,2.9709950013347086,2.9709950013347086,1001355772,2005651184,98790049216,1001252224,80.79177899981005,82.124544999715
opportunity++,mixed,deepconvlstm,opportunity++__only_rgb__gemma3_1b,gemma3_1b,only_rgb,101258,405032,6394496,23624,101258,0,0.48321199938072823,21.426762999195653,21.426762999195653,1001353482,2005642024,132735256704,1001252224,80.80922000044666,81.67161400069745
opportunity++,mixed,unrestricted_bank,opportunity++__only_rgb__gemma3_1b,gemma3_1b,only_rgb,103580,414320,5177280,81,28468,75112,0.46640199980174657,2.810622999306256,2.810622999306256,1001355804,2005651312,98790049216,1001252224,80.79177899981005,81.98058499965555
opportunity++,mixed,separate_banks,opportunity++__only_rgb__gemma3_1b,gemma3_1b,only_rgb,103580,414320,5177280,81,28468,75112,0.5785229996035923,2.914514000651147,2.914514000651147,1001355804,2005651312,98790049216,1001252224,80.79177899981005,82.06206500017288
opportunity++,mixed,fixed_resampling,opportunity++__only_rgb__gemma3_1b,gemma3_1b,only_rgb,103580,414320,2781120,81,28468,75112,0.5581619998338283,2.8170329988205456,2.8170329988205456,1001355804,2005651312,98787653056,1001252224,80.79177899981005,81.96520399997098
opportunity++,mixed,finetune_encoders,opportunity++__only_rgb__gemma3_1b,gemma3_1b,only_rgb,103580,414320,5177280,81,28468,75112,0.5657929996232269,2.911314998556813,2.911314998556813,1001355804,2005651312,98790049216,1001252224,80.79177899981005,82.07259599930694
opportunity++,mixed,no_alignment,opportunity++__only_rgb__gemma3_1b,gemma3_1b,only_rgb,103580,414320,5177280,81,28468,75112,0.5440920003820793,2.891045001007919,2.891045001007919,1001355804,2005651312,98790049216,1001252224,80.79177899981005,82.05869499943219
opportunity++,mixed,no_usage,opportunity++__only_rgb__gemma3_1b,gemma3_1b,only_rgb,103580,414320,5177280,81,28468,75112,0.5573430007643765,2.8960240006489446,2.8960240006489446,1001355804,2005651312,98790049216,1001252224,80.79177899981005,82.05214600002364
opportunity++,mixed,tcn,opportunity++__only_rgb__gemma3_1b,gemma3_1b,only_rgb,57364,229456,3599040,23624,57364,0,0.8695650003573974,21.812825000976027,21.812825000976027,1001309588,2005466448,132732461248,1001252224,80.80922000044666,81.86137600114307
opportunity++,mixed,ts_transformer,opportunity++__only_rgb__gemma3_1b,gemma3_1b,only_rgb,70228,280912,4647616,23624,70228,0,0.6879829998069908,21.63134299936808,21.63134299936808,1001322452,2005517904,132733509824,1001252224,80.80922000044666,81.86660500086873
opportunity++,mixed,patchtst,opportunity++__only_rgb__gemma3_1b,gemma3_1b,only_rgb,64308,257232,71558208,23624,64308,0,0.7683439998800168,21.71225399817211,21.71225399817211,1001316532,2005494224,97444759616,1001252224,80.57326800008013,81.69858400015073
openmarcie_bicycle,cuda,distrixsense,openmarcie_bicycle__all__gemma3_1b,gemma3_1b,all,774166,3096664,53792192,1105,41656,732510,1.9664000001284876,5.294036000968423,29.146551000370877,1002026390,2008333656,269719978944,1001252224,81.05957000043418,90.63091900043219
openmarcie_bicycle,cuda,dense,openmarcie_bicycle__all__gemma3_1b,gemma3_1b,all,716238,2864952,110048704,56212,28344,687894,1.2662669996643672,11.113311000515276,70.86067000268996,1001968462,2008101944,728591834048,1001252224,80.7935089997045,87.25445099935314
openmarcie_bicycle,cuda,dense_tokens,openmarcie_bicycle__all__gemma3_1b,gemma3_1b,all,747126,2988504,53579200,14300,28344,718782,1.1357449993738555,5.992440999250684,38.468465996882,1001999350,2008225496,269719765952,1001252224,81.05957000043418,88.83483900081046
openmarcie_bicycle,cuda,raw,openmarcie_bicycle__all__gemma3_1b,gemma3_1b,all,716238,2864952,110048704,503756,716238,0,4.412881999996898,319.2404749988226,428.5727209981463,1001968462,2008101944,728591834048,1001252224,80.7935089997045,86.73428999918542
openmarcie_bicycle,cuda,early_fusion,openmarcie_bicycle__all__gemma3_1b,gemma3_1b,all,487758,1951032,31210944,503756,487758,0,3.3028670004568994,318.1192190003811,427.45769199979014,1001739982,2007188024,166761276352,1001252224,80.93589000054635,85.7839040008912
openmarcie_bicycle,cuda,late_fusion,openmarcie_bicycle__all__gemma3_1b,gemma3_1b,all,693042,2772168,43793792,1248,0,693042,0.2723620000324445,3.3869760005276417,26.19121400102045,1000578994,2002544072,144005464960,999885952,80.5025370000294,86.17101600066235
openmarcie_bicycle,cuda,local_only,openmarcie_bicycle__all__gemma3_1b,gemma3_1b,all,693042,2772168,43793792,676,0,693042,0.44386300032783765,3.504987001163466,26.080199000554114,1000578994,2002544072,144005464960,999885952,80.5025370000294,86.41105700007756
openmarcie_bicycle,cuda,bottleneck,openmarcie_bicycle__all__gemma3_1b,gemma3_1b,all,720034,2880136,110261696,8892,30424,689610,1.3140559995008516,5.377730999489408,33.4385110007746,1001972258,2008117128,728592047040,1001252224,80.7935089997045,87.68392500041955
openmarcie_bicycle,cuda,tokenlearner,openmarcie_bicycle__all__gemma3_1b,gemma3_1b,all,733398,2933592,53366208,14300,28344,705054,1.140525999289821,5.993111998975801,38.42494899734214,1001985622,2008170584,269719552960,1001252224,81.05957000043418,88.64937000089412
openmarcie_bicycle,cuda,posthoc_vq,openmarcie_bicycle__all__gemma3_1b,gemma3_1b,all,862670,3450680,110900672,2704,41656,821014,1.9888599999831058,5.673677999107761,31.48294699960847,1002114894,2008687672,728592686016,1001252224,80.7935089997045,91.1485119995632
openmarcie_bicycle,cuda,joint_vq,openmarcie_bicycle__all__gemma3_1b,gemma3_1b,all,893558,3574232,53792192,1105,41656,851902,1.8964290002259077,5.504866000528215,31.316731000037166,1002145782,2008811224,269719978944,1001252224,81.05957000043418,92.07916500054125
openmarcie_bicycle,cuda,deepconvlstm,openmarcie_bicycle__all__gemma3_1b,gemma3_1b,all,679906,2719624,43260288,503756,679906,0,2.91169499996613,317.73477799919317,427.0708630020284,1001932130,2007956616,166773325696,1001252224,80.93589000054635,85.33668200016109
openmarcie_bicycle,cuda,unrestricted_bank,openmarcie_bicycle__all__gemma3_1b,gemma3_1b,all,938902,3755608,56348096,1105,41656,897246,1.2352769999779412,4.564411998153024,28.67955499775597,1002191126,2008992600,269722534848,1001252224,81.05957000043418,89.67006300099456
openmarcie_bicycle,cuda,separate_banks,openmarcie_bicycle__all__gemma3_1b,gemma3_1b,all,774166,3096664,53792192,1105,41656,732510,2.0735500002047047,5.40248600093904,29.297033001488657,1002026390,2008333656,269719978944,1001252224,81.05957000043418,90.42047700040712
openmarcie_bicycle,cuda,fixed_resampling,openmarcie_bicycle__all__gemma3_1b,gemma3_1b,all,774166,3096664,27617088,1105,41656,732510,1.9364999998288113,5.1892349992427045,28.79833100039285,1002026390,2008333656,269693803840,1001252224,81.05957000043418,90.02673500071978
openmarcie_bicycle,cuda,finetune_encoders,openmarcie_bicycle__all__gemma3_1b,gemma3_1b,all,774166,3096664,53792192,1105,41656,732510,1.9303999997646315,5.267196998765518,29.33094300030824,1002026390,2008333656,269719978944,1001252224,81.05957000043418,90.1953760012475
openmarcie_bicycle,cuda,no_alignment,openmarcie_bicycle__all__gemma3_1b,gemma3_1b,all,774166,3096664,53792192,1105,41656,732510,1.9383600001674495,5.533657999812509,29.330804999948654,1002026390,2008333656,269719978944,1001252224,81.05957000043418,90.13722600047913
openmarcie_bicycle,cuda,no_usage,openmarcie_bicycle__all__gemma3_1b,gemma3_1b,all,774166,3096664,53792192,1105,41656,732510,1.9298999995953636,5.2600859998433735,29.134023000982765,1002026390,2008333656,269719978944,1001252224,81.05957000043418,90.19608600010542
openmarcie_bicycle,cuda,tcn,openmarcie_bicycle__all__gemma3_1b,gemma3_1b,all,473262,1893048,30024896,503756,473262,0,3.0536549993485096,317.88125899942213,427.22998199775367,1001725486,2007130040,166760090304,1001252224,80.93589000054635,85.51814299971738
openmarcie_bicycle,cuda,ts_transformer,openmarcie_bicycle__all__gemma3_1b,gemma3_1b,all,486126,1944504,31073472,503756,486126,0,3.1942469995556166,318.0137889975766,427.3603649972404,1001738350,2007181496,166761138880,1001252224,80.93589000054635,85.57860300061293
openmarcie_bicycle,cuda,patchtst,openmarcie_bicycle__all__gemma3_1b,gemma3_1b,all,438926,1755704,555664320,503756,438926,0,3.2564070006628754,318.08118999919213,427.41489100177324,1001691150,2006992696,131802273728,1001252224,80.95908099949156,85.66420400075003
openmarcie_bicycle,mixed,distrixsense,openmarcie_bicycle__all__gemma3_1b,gemma3_1b,all,774166,3096664,53792192,1105,41656,732510,1.9710599999598344,4.8436540000052775,26.110507000770653,1002026390,2008333656,269719978944,1001252224,81.05957000043418,87.68227400014439
openmarcie_bicycle,mixed,dense,openmarcie_bicycle__all__gemma3_1b,gemma3_1b,all,716238,2864952,110048704,56212,28344,687894,1.2304459996812511,10.746998999964015,68.62930700204343,1001968462,2008101944,728591834048,1001252224,80.7935089997045,85.52558399969712
openmarcie_bicycle,mixed,dense_tokens,openmarcie_bicycle__all__gemma3_1b,gemma3_1b,all,747126,2988504,53579200,14300,28344,718782,1.1519260006025434,5.5799200003437,35.613332003119865,1001999350,2008225496,269719765952,1001252224,81.05957000043418,86.3713970002209
openmarcie_bicycle,mixed,raw,openmarcie_bicycle__all__gemma3_1b,gemma3_1b,all,716238,2864952,110048704,503756,716238,0,4.4583330000023125,319.20352499941043,427.9341050005872,1001968462,2008101944,728591834048,1001252224,80.7935089997045,86.1784369999441
openmarcie_bicycle,mixed,early_fusion,openmarcie_bicycle__all__gemma3_1b,gemma3_1b,all,487758,1951032,31210944,503756,487758,0,3.383537000445358,318.12465799879544,426.85476799857616,1001739982,2007188024,166761276352,1001252224,80.93589000054635,85.15371100020275
openmarcie_bicycle,mixed,late_fusion,openmarcie_bicycle__all__gemma3_1b,gemma3_1b,all,693042,2772168,43793792,1248,0,693042,0.2762119993349188,3.0325749999777996,23.84725699784354,1000578994,2002544072,144005464960,999885952,80.5025370000294,84.37073699951725
openmarcie_bicycle,mixed,local_only,openmarcie_bicycle__all__gemma3_1b,gemma3_1b,all,693042,2772168,43793792,676,0,693042,0.44392200015863637,3.134144999406056,23.634895000051312,1000578994,2002544072,144005464960,999885952,80.5025370000294,84.55636700091418
openmarcie_bicycle,mixed,bottleneck,openmarcie_bicycle__all__gemma3_1b,gemma3_1b,all,720034,2880136,110261696,8892,30424,689610,1.3542670003516832,5.061890000424732,31.12857200073209,1001972258,2008117128,728592047040,1001252224,80.7935089997045,85.91248499851645
openmarcie_bicycle,mixed,tokenlearner,openmarcie_bicycle__all__gemma3_1b,gemma3_1b,all,733398,2933592,53366208,14300,28344,705054,1.155445999756921,5.595608999499527,35.62282999908115,1001985622,2008170584,269719552960,1001252224,81.05957000043418,86.36634799950116
openmarcie_bicycle,mixed,posthoc_vq,openmarcie_bicycle__all__gemma3_1b,gemma3_1b,all,862670,3450680,110900672,2704,41656,821014,2.063071000520722,5.204005000701593,27.988862000461307,1002114894,2008687672,728592686016,1001252224,80.7935089997045,88.07425499981036
openmarcie_bicycle,mixed,joint_vq,openmarcie_bicycle__all__gemma3_1b,gemma3_1b,all,893558,3574232,53792192,1105,41656,851902,1.9567800000004354,4.956694999172702,27.027060999420414,1002145782,2008811224,269719978944,1001252224,81.05957000043418,88.66830800161551
openmarcie_bicycle,mixed,deepconvlstm,openmarcie_bicycle__all__gemma3_1b,gemma3_1b,all,679906,2719624,43260288,503756,679906,0,3.004144999977143,317.74496600059035,426.4745760011113,1001932130,2007956616,166773325696,1001252224,80.93589000054635,84.79918000102771
openmarcie_bicycle,mixed,unrestricted_bank,openmarcie_bicycle__all__gemma3_1b,gemma3_1b,all,938902,3755608,56348096,1105,41656,897246,1.2409669998305617,4.129400000174006,25.443881999739446,1002191126,2008992600,269722534848,1001252224,81.05957000043418,87.20852100032062
openmarcie_bicycle,mixed,separate_banks,openmarcie_bicycle__all__gemma3_1b,gemma3_1b,all,774166,3096664,53792192,1105,41656,732510,2.0267299996703514,4.908714001366694,26.21200700148073,1002026390,2008333656,269719978944,1001252224,81.05957000043418,87.90226400105894
openmarcie_bicycle,mixed,fixed_resampling,openmarcie_bicycle__all__gemma3_1b,gemma3_1b,all,774166,3096664,27617088,1105,41656,732510,2.2038409997549024,4.933623999867938,25.33818299841549,1002026390,2008333656,269693803840,1001252224,81.05957000043418,86.62345799984905
openmarcie_bicycle,mixed,finetune_encoders,openmarcie_bicycle__all__gemma3_1b,gemma3_1b,all,774166,3096664,53792192,1105,41656,732510,1.9905500003005727,4.85317399937188,26.1083059999455,1002026390,2008333656,269719978944,1001252224,81.05957000043418,87.73018400006549
openmarcie_bicycle,mixed,no_alignment,openmarcie_bicycle__all__gemma3_1b,gemma3_1b,all,774166,3096664,53792192,1105,41656,732510,1.9778299993049586,4.8548639987798525,26.1337559972835,1002026390,2008333656,269719978944,1001252224,81.05957000043418,87.74298400021507
openmarcie_bicycle,mixed,no_usage,openmarcie_bicycle__all__gemma3_1b,gemma3_1b,all,774166,3096664,53792192,1105,41656,732510,2.0177000005787704,4.900084001682932,26.17334700287209,1002026390,2008333656,269719978944,1001252224,81.05957000043418,87.75380499992025
openmarcie_bicycle,mixed,tcn,openmarcie_bicycle__all__gemma3_1b,gemma3_1b,all,473262,1893048,30024896,503756,473262,0,3.127775999928417,317.8734969987444,426.6029979990538,1001725486,2007130040,166760090304,1001252224,80.93589000054635,84.96864100106905
openmarcie_bicycle,mixed,ts_transformer,openmarcie_bicycle__all__gemma3_1b,gemma3_1b,all,486126,1944504,31073472,503756,486126,0,3.243946000111464,318.0006669999228,426.7307580012687,1001738350,2007181496,166761138880,1001252224,80.93589000054635,85.04009999978734
openmarcie_bicycle,mixed,patchtst,openmarcie_bicycle__all__gemma3_1b,gemma3_1b,all,438926,1755704,555664320,503756,438926,0,3.348236999954679,318.37979999903735,427.1127399998125,1001691150,2006992696,131802273728,1001252224,80.95908099949156,85.16559299914661
openmarcie_bicycle,cuda,distrixsense,openmarcie_bicycle__only_audio__gemma3_1b,gemma3_1b,only_audio,384174,1536696,23086784,81,28600,355574,0.7623440005772864,3.3640669999221107,3.3640669999221107,1001636398,2006773688,98807958720,1001252224,80.79177899981005,82.23301699945296
openmarcie_bicycle,cuda,dense,openmarcie_bicycle__only_audio__gemma3_1b,gemma3_1b,only_audio,379718,1518872,24465088,4324,27576,352142,0.4690319992732839,6.330693999511586,6.330693999511586,1001631942,2006755864,132753327296,1001252224,80.80922000044666,82.06737700038502
openmarcie_bicycle,cuda,dense_tokens,openmarcie_bicycle__only_audio__gemma3_1b,gemma3_1b,only_audio,382094,1528376,23070400,1100,27576,354518,0.44286200045462465,3.834584999817598,3.834584999817598,1001634318,2006765368,98807942336,1001252224,80.79177899981005,82.0983060002618
openmarcie_bicycle,cuda,raw,openmarcie_bicycle__only_audio__gemma3_1b,gemma3_1b,only_audio,379718,1518872,24465088,390484,379718,0,0.8419339992542518,315.40657399904273,315.40657399904273,1001631942,2006755864,132753327296,1001252224,80.80922000044666,82.16227600132697
openmarcie_bicycle,cuda,early_fusion,openmarcie_bicycle__only_audio__gemma3_1b,gemma3_1b,only_audio,310854,1243416,20059840,390484,310854,0,0.8420539998041932,315.4175639992344,315.4175639992344,1001563078,2006480408,132748922048,1001252224,80.80922000044666,82.36811799997668
openmarcie_bicycle,cuda,late_fusion,openmarcie_bicycle__only_audio__gemma3_1b,gemma3_1b,only_audio,352538,1410152,22467968,96,0,352538,0.0772400007917895,2.5762520013497094,2.5762520013497094,1000238490,2001182056,110064724864,999885952,80.76161900044099,81.55046300089452
openmarcie_bicycle,cuda,local_only,openmarcie_bicycle__only_audio__gemma3_1b,gemma3_1b,only_audio,352538,1410152,22467968,52,0,352538,0.09233099990524352,2.5699529999360324,2.5699529999360324,1000238490,2001182056,110064724864,999885952,80.76161900044099,81.58828300020105
openmarcie_bicycle,cuda,bottleneck,openmarcie_bicycle__only_audio__gemma3_1b,gemma3_1b,only_audio,380010,1520040,24481472,684,27736,352274,0.48437299938086653,3.463186000109115,3.463186000109115,1001632234,2006757032,132753343680,1001252224,80.80922000044666,82.09893700040993
openmarcie_bicycle,cuda,tokenlearner,openmarcie_bicycle__only_audio__gemma3_1b,gemma3_1b,only_audio,381038,1524152,23054016,1100,27576,353462,0.4484029996092431,3.8364249994582496,3.8364249994582496,1001633262,2006761144,98807925952,1001252224,80.79177899981005,82.10535699981847
openmarcie_bicycle,cuda,posthoc_vq,openmarcie_bicycle__only_audio__gemma3_1b,gemma3_1b,only_audio,381766,1527064,24530624,192,28600,353166,0.5790029999843682,3.352896999402577,3.352896999402577,1001633990,2006764056,132753392832,1001252224,80.80922000044666,82.390118001058
openmarcie_bicycle,cuda,joint_vq,openmarcie_bicycle__only_audio__gemma3_1b,gemma3_1b,only_audio,384142,1536568,23086784,81,28600,355542,0.5583829997704015,3.322315999895986,3.322315999895986,1001636366,2006773560,98807958720,1001252224,80.79177899981005,82.39159699951415
openmarcie_bicycle,cuda,deepconvlstm,openmarcie_bicycle__only_audio__gemma3_1b,gemma3_1b,only_audio,381786,1527144,24302976,390484,381786,0,0.7474039994121995,315.31976599848247,315.31976599848247,1001634010,2006764136,132753165184,1001252224,80.80922000044666,81.80457500020566
openmarcie_bicycle,cuda,unrestricted_bank,openmarcie_bicycle__only_audio__gemma3_1b,gemma3_1b,only_audio,384174,1536696,23086784,81,28600,355574,0.46277300043584546,3.056426000541146,3.056426000541146,1001636398,2006773688,98807958720,1001252224,80.79177899981005,82.17781699931948
openmarcie_bicycle,cuda,separate_banks,openmarcie_bicycle__only_audio__gemma3_1b,gemma3_1b,only_audio,384174,1536696,23086784,81,28600,355574,0.6568030003109016,3.2546960010512382,3.2546960010512382,1001636398,2006773688,98807958720,1001252224,80.79177899981005,82.25550699989981
openmarcie_bicycle,cuda,fixed_resampling,openmarcie_bicycle__only_audio__gemma3_1b,gemma3_1b,only_audio,384174,1536696,6079552,81,28600,355574,0.8136139995258418,3.3658859984206035,3.3658859984206035,1001636398,2006773688,98790951488,1001252224,80.79177899981005,82.18794599997636
openmarcie_bicycle,cuda,finetune_encoders,openmarcie_bicycle__only_audio__gemma3_1b,gemma3_1b,only_audio,384174,1536696,23086784,81,28600,355574,0.5462930002977373,3.1647549995176494,3.1647549995176494,1001636398,2006773688,98807958720,1001252224,80.79177899981005,82.2401159994115
openmarcie_bicycle,cuda,no_alignment,openmarcie_bicycle__only_audio__gemma3_1b,gemma3_1b,only_audio,384174,1536696,23086784,81,28600,355574,0.5542029994103359,3.1487070000656647,3.1487070000656647,1001636398,2006773688,98807958720,1001252224,80.79177899981005,82.23636600087048
openmarcie_bicycle,cuda,no_usage,openmarcie_bicycle__only_audio__gemma3_1b,gemma3_1b,only_audio,384174,1536696,23086784,81,28600,355574,0.5447630001071957,3.1375470007623196,3.1375470007623196,1001636398,2006773688,98807958720,1001252224,80.79177899981005,82.22848599962163
openmarcie_bicycle,cuda,tcn,openmarcie_bicycle__only_audio__gemma3_1b,gemma3_1b,only_audio,296742,1186968,18873792,390484,296742,0,0.6503329996121465,315.21989300102985,315.21989300102985,1001548966,2006423960,132747736000,1001252224,80.80922000044666,81.935775000602
openmarcie_bicycle,cuda,ts_transformer,openmarcie_bicycle__only_audio__gemma3_1b,gemma3_1b,only_audio,309606,1238424,19922368,390484,309606,0,0.7030330007182783,315.2689249999993,315.2689249999993,1001561830,2006475416,132748784576,1001252224,80.80922000044666,82.01299600023049
openmarcie_bicycle,cuda,patchtst,openmarcie_bicycle__only_audio__gemma3_1b,gemma3_1b,only_audio,293382,1173528,202152128,390484,293382,0,0.775274000261561,315.3386950006633,315.3386950006633,1001545606,2006410520,97575353536,1001252224,80.57326800008013,81.83588500014594
openmarcie_bicycle,mixed,distrixsense,openmarcie_bicycle__only_audio__gemma3_1b,gemma3_1b,only_audio,384174,1536696,23086784,81,28600,355574,0.5541630007428466,2.9711350007636472,2.9711350007636472,1001636398,2006773688,98807958720,1001252224,80.79177899981005,82.15101599944319
openmarcie_bicycle,mixed,dense,openmarcie_bicycle__only_audio__gemma3_1b,gemma3_1b,only_audio,379718,1518872,24465088,4324,27576,352142,0.4723229994851863,6.215113999455515,6.215113999455515,1001631942,2006755864,132753327296,1001252224,80.80922000044666,82.01158700103406
openmarcie_bicycle,mixed,dense_tokens,openmarcie_bicycle__only_audio__gemma3_1b,gemma3_1b,only_audio,382094,1528376,23070400,1100,27576,354518,0.4868930000156979,3.706843999675475,3.706843999675475,1001634318,2006765368,98807942336,1001252224,80.79177899981005,82.00912499978585
openmarcie_bicycle,mixed,raw,openmarcie_bicycle__only_audio__gemma3_1b,gemma3_1b,only_audio,379718,1518872,24465088,390484,379718,0,0.8527640002284897,315.34785500019905,315.34785500019905,1001631942,2006755864,132753327296,1001252224,80.80922000044666,82.08252700114826
openmarcie_bicycle,mixed,early_fusion,openmarcie_bicycle__only_audio__gemma3_1b,gemma3_1b,only_audio,310854,1243416,20059840,390484,310854,0,0.861953999446996,315.3509439998187,315.3509439998187,1001563078,2006480408,132748922048,1001252224,80.80922000044666,82.08287700017536
openmarcie_bicycle,mixed,late_fusion,openmarcie_bicycle__only_audio__gemma3_1b,gemma3_1b,only_audio,352538,1410152,22467968,96,0,352538,0.08388999958697241,2.4534209993045777,2.4534209993045777,1000238490,2001182056,110064724864,999885952,80.76161900044099,81.48542199978692
openmarcie_bicycle,mixed,local_only,openmarcie_bicycle__only_audio__gemma3_1b,gemma3_1b,only_audio,352538,1410152,22467968,52,0,352538,0.09296999996877275,2.430331000384723,2.430331000384723,1000238490,2001182056,110064724864,999885952,80.76161900044099,81.51367300069978
openmarcie_bicycle,mixed,bottleneck,openmarcie_bicycle__only_audio__gemma3_1b,gemma3_1b,only_audio,380010,1520040,24481472,684,27736,352274,0.4802229996130336,3.3238649996483467,3.3238649996483467,1001632234,2006757032,132753343680,1001252224,80.80922000044666,82.04542700059392
openmarcie_bicycle,mixed,tokenlearner,openmarcie_bicycle__only_audio__gemma3_1b,gemma3_1b,only_audio,381038,1524152,23054016,1100,27576,353462,0.4565429999274784,3.665594998887973,3.665594998887973,1001633262,2006761144,98807925952,1001252224,80.79177899981005,82.00726499944722
openmarcie_bicycle,mixed,posthoc_vq,openmarcie_bicycle__only_audio__gemma3_1b,gemma3_1b,only_audio,381766,1527064,24530624,192,28600,353166,0.5825729995194706,3.142764999737113,3.142764999737113,1001633990,2006764056,132753392832,1001252224,80.80922000044666,82.25241800028016
openmarcie_bicycle,mixed,joint_vq,openmarcie_bicycle__only_audio__gemma3_1b,gemma3_1b,only_audio,384142,1536568,23086784,81,28600,355542,0.5683030003638123,3.0664749993155827,3.0664749993155827,1001636366,2006773560,98807958720,1001252224,80.79177899981005,82.23472599911474
openmarcie_bicycle,mixed,deepconvlstm,openmarcie_bicycle__only_audio__gemma3_1b,gemma3_1b,only_audio,381786,1527144,24302976,390484,381786,0,0.5080820001239772,314.9993920005171,314.9993920005171,1001634010,2006764136,132753165184,1001252224,80.80922000044666,81.75556400055939
openmarcie_bicycle,mixed,unrestricted_bank,openmarcie_bicycle__only_audio__gemma3_1b,gemma3_1b,only_audio,384174,1536696,23086784,81,28600,355574,0.47099299990804866,2.8949149991893908,2.8949149991893908,1001636398,2006773688,98807958720,1001252224,80.79177899981005,82.06832500036398
openmarcie_bicycle,mixed,separate_banks,openmarcie_bicycle__only_audio__gemma3_1b,gemma3_1b,only_audio,384174,1536696,23086784,81,28600,355574,0.574762999349332,2.989984998777695,2.989984998777695,1001636398,2006773688,98807958720,1001252224,80.79177899981005,82.15473699874565
openmarcie_bicycle,mixed,fixed_resampling,openmarcie_bicycle__only_audio__gemma3_1b,gemma3_1b,only_audio,384174,1536696,6079552,81,28600,355574,0.5832329998156638,2.868442999017029,2.868442999017029,1001636398,2006773688,98790951488,1001252224,80.79177899981005,82.02289599921642
openmarcie_bicycle,mixed,finetune_encoders,openmarcie_bicycle__only_audio__gemma3_1b,gemma3_1b,only_audio,384174,1536696,23086784,81,28600,355574,0.8333240002684761,3.3202050008475315,3.3202050008475315,1001636398,2006773688,98807958720,1001252224,80.79177899981005,83.032280000225
openmarcie_bicycle,mixed,no_alignment,openmarcie_bicycle__only_audio__gemma3_1b,gemma3_1b,only_audio,384174,1536696,23086784,81,28600,355574,0.5736529992645956,3.134324999365967,3.134324999365967,1001636398,2006773688,98807958720,1001252224,80.79177899981005,82.28156599943759
openmarcie_bicycle,mixed,no_usage,openmarcie_bicycle__only_audio__gemma3_1b,gemma3_1b,only_audio,384174,1536696,23086784,81,28600,355574,0.5622329999823705,3.0127549999014125,3.0127549999014125,1001636398,2006773688,98807958720,1001252224,80.79177899981005,82.1704759991917
openmarcie_bicycle,mixed,tcn,openmarcie_bicycle__only_audio__gemma3_1b,gemma3_1b,only_audio,296742,1186968,18873792,390484,296742,0,0.6186330001582974,315.1142529995367,315.1142529995367,1001548966,2006423960,132747736000,1001252224,80.80922000044666,81.85748600044462
openmarcie_bicycle,mixed,ts_transformer,openmarcie_bicycle__only_audio__gemma3_1b,gemma3_1b,only_audio,309606,1238424,19922368,390484,309606,0,0.7008040001892368,315.1933150001595,315.1933150001595,1001561830,2006475416,132748784576,1001252224,80.80922000044666,81.951316001323
openmarcie_bicycle,mixed,patchtst,openmarcie_bicycle__only_audio__gemma3_1b,gemma3_1b,only_audio,293382,1173528,202152128,390484,293382,0,0.77700299971184,315.2667339981589,315.2667339981589,1001545606,2006410520,97575353536,1001252224,80.57326800008013,81.81450399933965
openmarcie_bicycle,cuda,distrixsense,openmarcie_bicycle__only_barometer__gemma3_1b,gemma3_1b,only_barometer,35672,142688,848064,81,28600,7072,0.5546229995161411,3.1156160003155353,3.1156160003155353,1001287896,2005379680,98785720000,1001252224,80.79177899981005,82.20353599972441
openmarcie_bicycle,cuda,dense,openmarcie_bicycle__only_barometer__gemma3_1b,gemma3_1b,only_barometer,31216,124864,2226368,4324,27576,3640,0.47614300001441734,6.3023450005446096,6.3023450005446096,1001283440,2005361856,132731088576,1001252224,80.80922000044666,82.0376160008891
openmarcie_bicycle,cuda,dense_tokens,openmarcie_bicycle__only_barometer__gemma3_1b,gemma3_1b,only_barometer,33592,134368,831680,1100,27576,6016,0.4503720001594047,3.7941940008703385,3.7941940008703385,1001285816,2005371360,98785703616,1001252224,80.79177899981005,82.06327699917892
openmarcie_bicycle,cuda,raw,openmarcie_bicycle__only_barometer__gemma3_1b,gemma3_1b,only_barometer,31216,124864,2226368,524,31216,0,0.8058040002651978,3.317953998626489,3.317953998626489,1001283440,2005361856,132731088576,1001252224,80.80922000044666,82.00344600027165
openmarcie_bicycle,cuda,early_fusion,openmarcie_bicycle__only_barometer__gemma3_1b,gemma3_1b,only_barometer,27760,111040,2007232,524,27760,0,0.8258850002675899,3.3283950005313265,3.3283950005313265,1001279984,2005348032,132730869440,1001252224,80.80922000044666,82.01498600010382
openmarcie_bicycle,cuda,late_fusion,openmarcie_bicycle__only_barometer__gemma3_1b,gemma3_1b,only_barometer,4036,16144,229248,96,0,4036,0.07734099926892668,2.539271999526315,2.539271999526315,999889988,1999788048,111453345664,999885952,80.8698690007077,81.63089300160209
openmarcie_bicycle,cuda,local_only,openmarcie_bicycle__only_barometer__gemma3_1b,gemma3_1b,only_barometer,4036,16144,229248,52,0,4036,0.09368100018036785,2.541194000757497,2.541194000757497,999889988,1999788048,111453345664,999885952,80.8698690007077,81.65922300122475
openmarcie_bicycle,cuda,bottleneck,openmarcie_bicycle__only_barometer__gemma3_1b,gemma3_1b,only_barometer,31508,126032,2242752,684,27736,3772,0.47379300031025195,3.415894000018877,3.415894000018877,1001283732,2005363024,132731104960,1001252224,80.80922000044666,82.05178599928331
openmarcie_bicycle,cuda,tokenlearner,openmarcie_bicycle__only_barometer__gemma3_1b,gemma3_1b,only_barometer,32536,130144,815296,1100,27576,4960,0.4442930003278889,3.78125500173599,3.78125500173599,1001284760,2005367136,98785687232,1001252224,80.79177899981005,82.04318600019178
openmarcie_bicycle,cuda,posthoc_vq,openmarcie_bicycle__only_barometer__gemma3_1b,gemma3_1b,only_barometer,33264,133056,2291904,192,28600,4664,0.5778129998361692,3.3208960008581867,3.3208960008581867,1001285488,2005370048,132731154112,1001252224,80.80922000044666,82.33586799997283
openmarcie_bicycle,cuda,joint_vq,openmarcie_bicycle__only_barometer__gemma3_1b,gemma3_1b,only_barometer,35640,142560,848064,81,28600,7040,0.5337220000001253,3.2542760000359383,3.2542760000359383,1001287864,2005379552,98785720000,1001252224,80.79177899981005,82.33722600016335
openmarcie_bicycle,cuda,deepconvlstm,openmarcie_bicycle__only_barometer__gemma3_1b,gemma3_1b,only_barometer,33284,133136,2064256,524,33284,0,0.46553199990739813,2.978701999305212,2.978701999305212,1001285508,2005370128,132730926464,1001252224,80.80922000044666,81.6653240008236
openmarcie_bicycle,cuda,unrestricted_bank,openmarcie_bicycle__only_barometer__gemma3_1b,gemma3_1b,only_barometer,35672,142688,848064,81,28600,7072,0.4549729992504581,3.025074998760724,3.025074998760724,1001287896,2005379680,98785720000,1001252224,80.79177899981005,82.11032500003057
openmarcie_bicycle,cuda,separate_banks,openmarcie_bicycle__only_barometer__gemma3_1b,gemma3_1b,only_barometer,35672,142688,848064,81,28600,7072,0.5625620005957899,3.1208949995124247,3.1208949995124247,1001287896,2005379680,98785720000,1001252224,80.79177899981005,82.19615599955432
openmarcie_bicycle,cuda,fixed_resampling,openmarcie_bicycle__only_barometer__gemma3_1b,gemma3_1b,only_barometer,35672,142688,846912,81,28600,7072,0.5416730000433745,3.077197000522469,3.077197000522469,1001287896,2005379680,98785718848,1001252224,80.79177899981005,82.15942600054404
openmarcie_bicycle,cuda,finetune_encoders,openmarcie_bicycle__only_barometer__gemma3_1b,gemma3_1b,only_barometer,35672,142688,848064,81,28600,7072,0.5505829994945088,3.1213949996816925,3.1213949996816925,1001287896,2005379680,98785720000,1001252224,80.79177899981005,82.19163600006141
openmarcie_bicycle,cuda,no_alignment,openmarcie_bicycle__only_barometer__gemma3_1b,gemma3_1b,only_barometer,35672,142688,848064,81,28600,7072,0.5444329999590991,3.136985000339232,3.136985000339232,1001287896,2005379680,98785720000,1001252224,80.79177899981005,82.18877699891891
openmarcie_bicycle,cuda,no_usage,openmarcie_bicycle__only_barometer__gemma3_1b,gemma3_1b,only_barometer,35672,142688,848064,81,28600,7072,0.54621299932478,3.1156559989830246,3.1156559989830246,1001287896,2005379680,98785720000,1001252224,80.79177899981005,82.19045599889796
openmarcie_bicycle,cuda,tcn,openmarcie_bicycle__only_barometer__gemma3_1b,gemma3_1b,only_barometer,13648,54592,821184,524,13648,0,0.5892830004086136,3.0915150008838275,3.0915150008838275,1001265872,2005291584,132729683392,1001252224,80.80922000044666,81.8023350002477
openmarcie_bicycle,cuda,ts_transformer,openmarcie_bicycle__only_barometer__gemma3_1b,gemma3_1b,only_barometer,26512,106048,1869760,524,26512,0,0.6827039997006068,3.187073999393487,3.187073999393487,1001278736,2005343040,132730731968,1001252224,80.80922000044666,81.88536600118823
openmarcie_bicycle,cuda,patchtst,openmarcie_bicycle__only_barometer__gemma3_1b,gemma3_1b,only_barometer,26640,106560,1087936,524,26640,0,0.754303999201511,3.2559749987883144,3.2559749987883144,1001278864,2005343552,97374289344,1001252224,80.57326800008013,81.69230400108063
openmarcie_bicycle,mixed,distrixsense,openmarcie_bicycle__only_barometer__gemma3_1b,gemma3_1b,only_barometer,35672,142688,848064,81,28600,7072,0.6491929998446722,3.0120040001128334,3.0120040001128334,1001287896,2005379680,98785720000,1001252224,80.79177899981005,82.20207599970308
openmarcie_bicycle,mixed,dense,openmarcie_bicycle__only_barometer__gemma3_1b,gemma3_1b,only_barometer,31216,124864,2226368,4324,27576,3640,0.5638419997922028,6.251523000496253,6.251523000496253,1001283440,2005361856,132731088576,1001252224,80.80922000044666,82.05142600127147
openmarcie_bicycle,mixed,dense_tokens,openmarcie_bicycle__only_barometer__gemma3_1b,gemma3_1b,only_barometer,33592,134368,831680,1100,27576,6016,0.5471619997479138,3.710252999548975,3.710252999548975,1001285816,2005371360,98785703616,1001252224,80.79177899981005,82.04021500023373
openmarcie_bicycle,mixed,raw,openmarcie_bicycle__only_barometer__gemma3_1b,gemma3_1b,only_barometer,31216,124864,2226368,524,31216,0,0.793444000009913,3.245333999908052,3.245333999908052,1001283440,2005361856,132731088576,1001252224,80.80922000044666,81.96391599994968
openmarcie_bicycle,mixed,early_fusion,openmarcie_bicycle__only_barometer__gemma3_1b,gemma3_1b,only_barometer,27760,111040,2007232,524,27760,0,0.8075539999481407,3.259984000502026,3.259984000502026,1001279984,2005348032,132730869440,1001252224,80.80922000044666,81.97574700079713
openmarcie_bicycle,mixed,late_fusion,openmarcie_bicycle__only_barometer__gemma3_1b,gemma3_1b,only_barometer,4036,16144,229248,96,0,4036,0.0973109999904409,2.4204529987084213,2.4204529987084213,999889988,1999788048,111453345664,999885952,80.8698690007077,81.55095300207904
openmarcie_bicycle,mixed,local_only,openmarcie_bicycle__only_barometer__gemma3_1b,gemma3_1b,only_barometer,4036,16144,229248,52,0,4036,0.12096099999325816,2.4140719999809166,2.4140719999809166,999889988,1999788048,111453345664,999885952,80.8698690007077,81.52922200133617
openmarcie_bicycle,mixed,bottleneck,openmarcie_bicycle__only_barometer__gemma3_1b,gemma3_1b,only_barometer,31508,126032,2242752,684,27736,3772,0.4854520002481877,3.2512430009510602,3.2512430009510602,1001283732,2005363024,132731104960,1001252224,80.80922000044666,81.92769500055874
openmarcie_bicycle,mixed,tokenlearner,openmarcie_bicycle__only_barometer__gemma3_1b,gemma3_1b,only_barometer,32536,130144,815296,1100,27576,4960,0.4412320004121284,3.5481330005449125,3.5481330005449125,1001284760,2005367136,98785687232,1001252224,80.79177899981005,81.89414400021633
openmarcie_bicycle,mixed,posthoc_vq,openmarcie_bicycle__only_barometer__gemma3_1b,gemma3_1b,only_barometer,33264,133056,2291904,192,28600,4664,0.5666030001520994,3.0136740002293605,3.0136740002293605,1001285488,2005370048,132731154112,1001252224,80.80922000044666,82.13482600058342
openmarcie_bicycle,mixed,joint_vq,openmarcie_bicycle__only_barometer__gemma3_1b,gemma3_1b,only_barometer,35640,142560,848064,81,28600,7040,0.5569629993260605,2.9499349994074553,2.9499349994074553,1001287864,2005379552,98785720000,1001252224,80.79177899981005,82.09991499916214
openmarcie_bicycle,mixed,deepconvlstm,openmarcie_bicycle__only_barometer__gemma3_1b,gemma3_1b,only_barometer,33284,133136,2064256,524,33284,0,0.4680719994212268,2.91969199944624,2.91969199944624,1001285508,2005370128,132730926464,1001252224,80.80922000044666,81.63398299984692
openmarcie_bicycle,mixed,unrestricted_bank,openmarcie_bicycle__only_barometer__gemma3_1b,gemma3_1b,only_barometer,35672,142688,848064,81,28600,7072,0.4653629994209041,2.7785140000850195,2.7785140000850195,1001287896,2005379680,98785720000,1001252224,80.79177899981005,81.9618140003513
openmarcie_bicycle,mixed,separate_banks,openmarcie_bicycle__only_barometer__gemma3_1b,gemma3_1b,only_barometer,35672,142688,848064,81,28600,7072,0.5653829994116677,2.890854998469772,2.890854998469772,1001287896,2005379680,98785720000,1001252224,80.79177899981005,82.05513499979133
openmarcie_bicycle,mixed,fixed_resampling,openmarcie_bicycle__only_barometer__gemma3_1b,gemma3_1b,only_barometer,35672,142688,846912,81,28600,7072,0.5635429997710162,2.807043999411585,2.807043999411585,1001287896,2005379680,98785718848,1001252224,80.79177899981005,81.99054499982594
openmarcie_bicycle,mixed,finetune_encoders,openmarcie_bicycle__only_barometer__gemma3_1b,gemma3_1b,only_barometer,35672,142688,848064,81,28600,7072,0.5609019999610609,2.8769929995468235,2.8769929995468235,1001287896,2005379680,98785720000,1001252224,80.79177899981005,82.05475500017201
openmarcie_bicycle,mixed,no_alignment,openmarcie_bicycle__only_barometer__gemma3_1b,gemma3_1b,only_barometer,35672,142688,848064,81,28600,7072,0.5706830006602104,2.887244000732503,2.887244000732503,1001287896,2005379680,98785720000,1001252224,80.79177899981005,82.05972500036296
openmarcie_bicycle,mixed,no_usage,openmarcie_bicycle__only_barometer__gemma3_1b,gemma3_1b,only_barometer,35672,142688,848064,81,28600,7072,0.5537229999390547,2.8685340003284043,2.8685340003284043,1001287896,2005379680,98785720000,1001252224,80.79177899981005,82.0517749989449
openmarcie_bicycle,mixed,tcn,openmarcie_bicycle__only_barometer__gemma3_1b,gemma3_1b,only_barometer,13648,54592,821184,524,13648,0,0.5866729998160736,3.0383530001160572,3.0383530001160572,1001265872,2005291584,132729683392,1001252224,80.80922000044666,81.76005500081374
openmarcie_bicycle,mixed,ts_transformer,openmarcie_bicycle__only_barometer__gemma3_1b,gemma3_1b,only_barometer,26512,106048,1869760,524,26512,0,0.6900540001879563,3.142164000487991,3.142164000487991,1001278736,2005343040,132730731968,1001252224,80.80922000044666,81.86596500036103
openmarcie_bicycle,mixed,patchtst,openmarcie_bicycle__only_barometer__gemma3_1b,gemma3_1b,only_barometer,26640,106560,1087936,524,26640,0,0.7602240002597682,3.218454000412475,3.218454000412475,1001278864,2005343552,97374289344,1001252224,80.57326800008013,81.68838299934578
openmarcie_bicycle,cuda,distrixsense,openmarcie_bicycle__only_depth__gemma3_1b,gemma3_1b,only_depth,94448,377792,5235904,249,30776,63672,0.7906840000941884,3.4225869991463025,8.520432000213058,1001346672,2005614784,127057334976,1001252224,81.55943299971113,84.35324800029775
openmarcie_bicycle,cuda,dense,openmarcie_bicycle__only_depth__gemma3_1b,gemma3_1b,only_depth,81080,324320,10845376,12972,27704,53376,0.6322239996734424,6.506946000040206,18.110200000650565,1001333304,2005561312,229569673920,1001252224,81.20596099979593,83.35660099965025
openmarcie_bicycle,cuda,dense_tokens,openmarcie_bicycle__only_depth__gemma3_1b,gemma3_1b,only_depth,88208,352832,5186752,3300,27704,60504,0.5811529999846243,3.9930259999845292,10.679809999587306,1001340432,2005589824,127057285824,1001252224,81.55943299971113,83.98822499930247
openmarcie_bicycle,cuda,raw,openmarcie_bicycle__only_depth__gemma3_1b,gemma3_1b,only_depth,81080,324320,10845376,19188,81080,0,1.4735280001332285,8.718738000021618,23.073830000311055,1001333304,2005561312,229569673920,1001252224,81.20596099979593,83.2245410001633
openmarcie_bicycle,cuda,early_fusion,openmarcie_bicycle__only_depth__gemma3_1b,gemma3_1b,only_depth,47224,188896,3220672,19188,47224,0,1.2409159999151598,8.495626000291155,22.85209599965011,1001299448,2005425888,138390430400,1001252224,81.58486299998913,83.40904299893737
openmarcie_bicycle,cuda,late_fusion,openmarcie_bicycle__only_depth__gemma3_1b,gemma3_1b,only_depth,54564,218256,3381504,288,0,54564,0.11047000043618027,2.650332999624149,7.559526997916318,999940516,1999990160,115690354432,999885952,82.02591500048584,83.68018300006952
openmarcie_bicycle,cuda,local_only,openmarcie_bicycle__only_depth__gemma3_1b,gemma3_1b,only_depth,54564,218256,3381504,156,0,54564,0.15210099991236348,2.6502729999879024,7.508717000566725,999940516,1999990160,115690354432,999885952,82.02591500048584,83.71272400108865
openmarcie_bicycle,cuda,bottleneck,openmarcie_bicycle__only_depth__gemma3_1b,gemma3_1b,only_depth,81956,327824,10894528,2052,28184,53772,0.6224130002010497,3.6191259989855347,9.481320998759731,1001334180,2005564816,229569723072,1001252224,81.20596099979593,83.45650299997942
openmarcie_bicycle,cuda,tokenlearner,openmarcie_bicycle__only_depth__gemma3_1b,gemma3_1b,only_depth,85040,340160,5137600,3300,27704,57336,0.572013000237348,3.97490500017273,10.63249999877793,1001337264,2005577152,127057236672,1001252224,81.55943299971113,83.9575549989604
openmarcie_bicycle,cuda,posthoc_vq,openmarcie_bicycle__only_depth__gemma3_1b,gemma3_1b,only_depth,93368,373472,11041984,600,30776,62592,0.8159939998222399,3.75692900160735,9.209764000832802,1001345592,2005610464,229569870528,1001252224,81.20596099979593,84.26532599878556
openmarcie_bicycle,cuda,joint_vq,openmarcie_bicycle__only_depth__gemma3_1b,gemma3_1b,only_depth,100496,401984,5235904,249,30776,69720,0.7940639998196275,3.763307999757968,9.180273000228206,1001352720,2005638976,127057334976,1001252224,81.55943299971113,84.821660999296
openmarcie_bicycle,cuda,deepconvlstm,openmarcie_bicycle__only_depth__gemma3_1b,gemma3_1b,only_depth,76748,306992,4821760,19188,76748,0,0.8926450000217301,8.155026000673603,22.513356999905874,1001328972,2005543984,138392031488,1001252224,81.58486299998913,83.0444000002899
openmarcie_bicycle,cuda,unrestricted_bank,openmarcie_bicycle__only_depth__gemma3_1b,gemma3_1b,only_depth,100784,403136,5334208,249,30776,70008,0.638132999483787,3.271005999191699,8.363011998798337,1001353008,2005640128,127057433280,1001252224,81.55943299971113,84.17153699974733
openmarcie_bicycle,cuda,separate_banks,openmarcie_bicycle__only_depth__gemma3_1b,gemma3_1b,only_depth,94448,377792,5235904,249,30776,63672,0.818173999505234,3.44788799942428,8.556872001380706,1001346672,2005614784,127057334976,1001252224,81.55943299971113,84.40723800049454
openmarcie_bicycle,cuda,fixed_resampling,openmarcie_bicycle__only_depth__gemma3_1b,gemma3_1b,only_depth,94448,377792,4412608,249,30776,63672,0.7914939997135662,3.5221770000465096,8.570902000345976,1001346672,2005614784,127056511680,1001252224,81.55943299971113,84.22973600045225
openmarcie_bicycle,cuda,finetune_encoders,openmarcie_bicycle__only_depth__gemma3_1b,gemma3_1b,only_depth,94448,377792,5235904,249,30776,63672,0.7832239998606383,3.414846000520198,8.524429999769362,1001346672,2005614784,127057334976,1001252224,81.55943299971113,84.36929699928442
openmarcie_bicycle,cuda,no_alignment,openmarcie_bicycle__only_depth__gemma3_1b,gemma3_1b,only_depth,94448,377792,5235904,249,30776,63672,0.7945240004119114,3.423066000901896,8.522431000445957,1001346672,2005614784,127057334976,1001252224,81.55943299971113,84.3664969997917
openmarcie_bicycle,cuda,no_usage,openmarcie_bicycle__only_depth__gemma3_1b,gemma3_1b,only_depth,94448,377792,5235904,249,30776,63672,0.9761849996721139,3.6033979992101433,8.700521999261563,1001346672,2005614784,127057334976,1001252224,81.55943299971113,84.34143700014829
openmarcie_bicycle,cuda,tcn,openmarcie_bicycle__only_depth__gemma3_1b,gemma3_1b,only_depth,33048,132192,2034624,19188,33048,0,1.0416459999760264,8.28673600022397,22.639526000301622,1001285272,2005369184,138389244352,1001252224,81.58486299998913,83.16971999920497
openmarcie_bicycle,cuda,ts_transformer,openmarcie_bicycle__only_depth__gemma3_1b,gemma3_1b,only_depth,45912,183648,3083200,19188,45912,0,1.139035999585758,8.384456999516475,22.73772799950958,1001298136,2005420640,138390292928,1001252224,81.58486299998913,83.26979100002063
openmarcie_bicycle,cuda,patchtst,openmarcie_bicycle__only_depth__gemma3_1b,gemma3_1b,only_depth,39928,159712,69986496,19188,39928,0,1.195845999973244,8.43876600043244,22.793987001631386,1001292152,2005396704,103080236224,1001252224,80.86013899992395,82.63115899990225
openmarcie_bicycle,mixed,distrixsense,openmarcie_bicycle__only_depth__gemma3_1b,gemma3_1b,only_depth,94448,377792,5235904,249,30776,63672,0.8144140001604683,3.181966001317347,7.752858001284929,1001346672,2005614784,127057334976,1001252224,81.55943299971113,83.79035399957502
openmarcie_bicycle,mixed,dense,openmarcie_bicycle__only_depth__gemma3_1b,gemma3_1b,only_depth,81080,324320,10845376,12972,27704,53376,0.5932429994572885,6.28729399918915,17.522256000178658,1001333304,2005561312,229569673920,1001252224,81.20596099979593,82.93031900029746
openmarcie_bicycle,mixed,dense_tokens,openmarcie_bicycle__only_depth__gemma3_1b,gemma3_1b,only_depth,88208,352832,5186752,3300,27704,60504,0.5798330003017327,3.731914001032128,9.900167000509683,1001340432,2005589824,127057285824,1001252224,81.55943299971113,83.42245200037723
openmarcie_bicycle,mixed,raw,openmarcie_bicycle__only_depth__gemma3_1b,gemma3_1b,only_depth,81080,324320,10845376,19188,81080,0,1.4393980000022566,8.635478999673284,22.88775899948515,1001333304,2005561312,229569673920,1001252224,81.20596099979593,83.06337100111705
openmarcie_bicycle,mixed,early_fusion,openmarcie_bicycle__only_depth__gemma3_1b,gemma3_1b,only_depth,47224,188896,3220672,19188,47224,0,1.4405070005523157,8.636588001132838,22.88864800054281,1001299448,2005425888,138390430400,1001252224,81.58486299998913,83.25655200042092
openmarcie_bicycle,mixed,late_fusion,openmarcie_bicycle__only_depth__gemma3_1b,gemma3_1b,only_depth,54564,218256,3381504,288,0,54564,0.10908100011874922,2.433152000380866,6.933844002283504,999940516,1999990160,115690354432,999885952,82.02591500048584,83.18719999897439
openmarcie_bicycle,mixed,local_only,openmarcie_bicycle__only_depth__gemma3_1b,gemma3_1b,only_depth,54564,218256,3381504,156,0,54564,0.15365099989139708,2.44540200061918,6.8781139996667156,999940516,1999990160,115690354432,999885952,82.02591500048584,83.26626100006251
openmarcie_bicycle,mixed,bottleneck,openmarcie_bicycle__only_depth__gemma3_1b,gemma3_1b,only_depth,81956,327824,10894528,2052,28184,53772,0.62870399960957,3.4241649994064822,8.874056000252569,1001334180,2005564816,229569723072,1001252224,81.20596099979593,83.03972099929524
openmarcie_bicycle,mixed,tokenlearner,openmarcie_bicycle__only_depth__gemma3_1b,gemma3_1b,only_depth,85040,340160,5137600,3300,27704,57336,0.5871529992873548,3.735193999086623,9.899605997802283,1001337264,2005577152,127057236672,1001252224,81.55943299971113,83.40143199984595
openmarcie_bicycle,mixed,posthoc_vq,openmarcie_bicycle__only_depth__gemma3_1b,gemma3_1b,only_depth,93368,373472,11041984,600,30776,62592,0.8326540000780369,3.3331450003935608,8.178607999060187,1001345592,2005610464,229569870528,1001252224,81.20596099979593,83.56363200073247
openmarcie_bicycle,mixed,joint_vq,openmarcie_bicycle__only_depth__gemma3_1b,gemma3_1b,only_depth,100496,401984,5235904,249,30776,69720,0.8580240000810591,3.300956999406777,8.025189998906152,1001352720,2005638976,127057334976,1001252224,81.55943299971113,83.96918499965977
openmarcie_bicycle,mixed,deepconvlstm,openmarcie_bicycle__only_depth__gemma3_1b,gemma3_1b,only_depth,76748,306992,4821760,19188,76748,0,0.9195450002152938,8.11499600018236,22.367625999930816,1001328972,2005543984,138392031488,1001252224,81.58486299998913,82.93619100004435
openmarcie_bicycle,mixed,unrestricted_bank,openmarcie_bicycle__only_depth__gemma3_1b,gemma3_1b,only_depth,100784,403136,5334208,249,30776,70008,0.6109140003900393,2.9777970008911563,7.549060001027991,1001353008,2005640128,127057433280,1001252224,81.55943299971113,83.64803299991763
openmarcie_bicycle,mixed,separate_banks,openmarcie_bicycle__only_depth__gemma3_1b,gemma3_1b,only_depth,94448,377792,5235904,249,30776,63672,0.8414839994657086,3.2091459985497988,7.782237998898362,1001346672,2005614784,127057334976,1001252224,81.55943299971113,83.8185650000014
openmarcie_bicycle,mixed,fixed_resampling,openmarcie_bicycle__only_depth__gemma3_1b,gemma3_1b,only_depth,94448,377792,4412608,249,30776,63672,0.8136239994200878,3.1053749986643435,7.533935998170799,1001346672,2005614784,127056511680,1001252224,81.55943299971113,83.54048400087777
openmarcie_bicycle,mixed,finetune_encoders,openmarcie_bicycle__only_depth__gemma3_1b,gemma3_1b,only_depth,94448,377792,5235904,249,30776,63672,0.8223149998229928,3.1854459999852462,7.761639001645543,1001346672,2005614784,127057334976,1001252224,81.55943299971113,83.76991399927647
openmarcie_bicycle,mixed,no_alignment,openmarcie_bicycle__only_depth__gemma3_1b,gemma3_1b,only_depth,94448,377792,5235904,249,30776,63672,0.8112539999274304,3.179004999434552,7.752187000650318,1001346672,2005614784,127057334976,1001252224,81.55943299971113,83.79683400016802
openmarcie_bicycle,mixed,no_usage,openmarcie_bicycle__only_depth__gemma3_1b,gemma3_1b,only_depth,94448,377792,5235904,249,30776,63672,0.8215640000344138,3.193176001001417,7.769380002090637,1001346672,2005614784,127057334976,1001252224,81.55943299971113,83.79116499872907
openmarcie_bicycle,mixed,tcn,openmarcie_bicycle__only_depth__gemma3_1b,gemma3_1b,only_depth,33048,132192,2034624,19188,33048,0,1.0248950002278434,8.216346001569251,22.468186002396315,1001285272,2005369184,138389244352,1001252224,81.58486299998913,83.04509999925358
openmarcie_bicycle,mixed,ts_transformer,openmarcie_bicycle__only_depth__gemma3_1b,gemma3_1b,only_depth,45912,183648,3083200,19188,45912,0,1.1014950005119317,8.296775999548332,22.5491659991064,1001298136,2005420640,138390292928,1001252224,81.58486299998913,83.23343200027011
openmarcie_bicycle,mixed,patchtst,openmarcie_bicycle__only_depth__gemma3_1b,gemma3_1b,only_depth,39928,159712,69986496,19188,39928,0,1.2307970000620116,8.42595800036746,22.67788800024274,1001292152,2005396704,103080236224,1001252224,80.86013899992395,82.49204700132395
openmarcie_bicycle,cuda,distrixsense,openmarcie_bicycle__only_imu__gemma3_1b,gemma3_1b,only_imu,39074,156296,1063488,81,28600,10474,0.5446329996630084,3.103355999912205,3.103355999912205,1001291298,2005393288,98785935424,1001252224,80.79177899981005,82.2025859997666
openmarcie_bicycle,cuda,dense,openmarcie_bicycle__only_imu__gemma3_1b,gemma3_1b,only_imu,34618,138472,2441792,4324,27576,7042,0.5076730003565899,6.326744998982339,6.326744998982339,1001286842,2005375464,132731304000,1001252224,80.80922000044666,82.01539600031538
openmarcie_bicycle,cuda,dense_tokens,openmarcie_bicycle__only_imu__gemma3_1b,gemma3_1b,only_imu,36994,147976,1047104,1100,27576,9418,0.44988300032855477,3.7960649997284053,3.7960649997284053,1001289218,2005384968,98785919040,1001252224,80.79177899981005,82.05171600002359
openmarcie_bicycle,cuda,raw,openmarcie_bicycle__only_imu__gemma3_1b,gemma3_1b,only_imu,34618,138472,2441792,16164,34618,0,0.8035649998419103,15.823635000423575,15.823635000423575,1001286842,2005375464,132731304000,1001252224,80.80922000044666,82.00143599970033
openmarcie_bicycle,cuda,early_fusion,openmarcie_bicycle__only_imu__gemma3_1b,gemma3_1b,only_imu,28858,115432,2075200,16164,28858,0,0.8208339995690039,15.84482399962236,15.84482399962236,1001281082,2005352424,132730937408,1001252224,80.80922000044666,82.04126600048767
openmarcie_bicycle,cuda,late_fusion,openmarcie_bicycle__only_imu__gemma3_1b,gemma3_1b,only_imu,7438,29752,444672,96,0,7438,0.07679100053792354,2.5402720007743453,2.5402720007743453,999893390,1999801656,110042701568,999885952,80.76161900044099,81.51393299976917
openmarcie_bicycle,cuda,local_only,openmarcie_bicycle__only_imu__gemma3_1b,gemma3_1b,only_imu,7438,29752,444672,52,0,7438,0.1259909995496855,2.557303999553807,2.557303999553807,999893390,1999801656,110042701568,999885952,80.76161900044099,81.54561299943452
openmarcie_bicycle,cuda,bottleneck,openmarcie_bicycle__only_imu__gemma3_1b,gemma3_1b,only_imu,34910,139640,2458176,684,27736,7174,0.47982299929572036,3.421823999152391,3.421823999152391,1001287134,2005376632,132731320384,1001252224,80.80922000044666,82.0730569994339
openmarcie_bicycle,cuda,tokenlearner,openmarcie_bicycle__only_imu__gemma3_1b,gemma3_1b,only_imu,35938,143752,1030720,1100,27576,8362,0.44225199962966144,3.77568399835116,3.77568399835116,1001288162,2005380744,98785902656,1001252224,80.79177899981005,82.04707499953656
openmarcie_bicycle,cuda,posthoc_vq,openmarcie_bicycle__only_imu__gemma3_1b,gemma3_1b,only_imu,36666,146664,2507328,192,28600,8066,0.5848930004503927,3.329414999442082,3.329414999442082,1001288890,2005383656,132731369536,1001252224,80.80922000044666,82.33684800052288
openmarcie_bicycle,cuda,joint_vq,openmarcie_bicycle__only_imu__gemma3_1b,gemma3_1b,only_imu,39042,156168,1063488,81,28600,10442,0.547593000192137,3.2719359997207764,3.2719359997207764,1001291266,2005393160,98785935424,1001252224,80.79177899981005,82.33851799923286
openmarcie_bicycle,cuda,deepconvlstm,openmarcie_bicycle__only_imu__gemma3_1b,gemma3_1b,only_imu,36686,146744,2279680,16164,36686,0,0.4745520000142278,15.501342000469787,15.501342000469787,1001288910,2005383736,132731141888,1001252224,80.80922000044666,81.66412400078116
openmarcie_bicycle,cuda,unrestricted_bank,openmarcie_bicycle__only_imu__gemma3_1b,gemma3_1b,only_imu,39074,156296,1063488,81,28600,10474,0.4646819998015417,3.0216450004735496,3.0216450004735496,1001291298,2005393288,98785935424,1001252224,80.79177899981005,82.12602699950367
openmarcie_bicycle,cuda,separate_banks,openmarcie_bicycle__only_imu__gemma3_1b,gemma3_1b,only_imu,39074,156296,1063488,81,28600,10474,0.5734129999837023,3.1348650000217138,3.1348650000217138,1001291298,2005393288,98785935424,1001252224,80.79177899981005,82.20050599993556
openmarcie_bicycle,cuda,fixed_resampling,openmarcie_bicycle__only_imu__gemma3_1b,gemma3_1b,only_imu,39074,156296,1031232,81,28600,10474,0.5430030005300068,3.07380500001444,3.07380500001444,1001291298,2005393288,98785903168,1001252224,80.79177899981005,82.14662499995029
openmarcie_bicycle,cuda,finetune_encoders,openmarcie_bicycle__only_imu__gemma3_1b,gemma3_1b,only_imu,39074,156296,1063488,81,28600,10474,0.5537630004255334,3.114575001774833,3.114575001774833,1001291298,2005393288,98785935424,1001252224,80.79177899981005,82.18646599925705
openmarcie_bicycle,cuda,no_alignment,openmarcie_bicycle__only_imu__gemma3_1b,gemma3_1b,only_imu,39074,156296,1063488,81,28600,10474,0.5465229996843846,3.1103649990035453,3.1103649990035453,1001291298,2005393288,98785935424,1001252224,80.79177899981005,82.20372600044357
openmarcie_bicycle,cuda,no_usage,openmarcie_bicycle__only_imu__gemma3_1b,gemma3_1b,only_imu,39074,156296,1063488,81,28600,10474,0.5927430001975154,3.1650960018231533,3.1650960018231533,1001291298,2005393288,98785935424,1001252224,80.79177899981005,82.19485600056942
openmarcie_bicycle,cuda,tcn,openmarcie_bicycle__only_imu__gemma3_1b,gemma3_1b,only_imu,14746,58984,889152,16164,14746,0,0.6001729998388328,15.62315399828459,15.62315399828459,1001266970,2005295976,132729751360,1001252224,80.80922000044666,81.98757599984674
openmarcie_bicycle,cuda,ts_transformer,openmarcie_bicycle__only_imu__gemma3_1b,gemma3_1b,only_imu,27610,110440,1937728,16164,27610,0,0.6877129999338649,15.707963001340442,15.707963001340442,1001279834,2005347432,132730799936,1001252224,80.80922000044666,81.89896500061877
openmarcie_bicycle,cuda,patchtst,openmarcie_bicycle__only_imu__gemma3_1b,gemma3_1b,only_imu,27162,108648,7602496,16164,27162,0,0.7453829994119587,15.767314999401616,15.767314999401616,1001279386,2005345640,97380803904,1001252224,80.57326800008013,81.72331400055555
openmarcie_bicycle,mixed,distrixsense,openmarcie_bicycle__only_imu__gemma3_1b,gemma3_1b,only_imu,39074,156296,1063488,81,28600,10474,0.5503829997905996,2.8694650000324007,2.8694650000324007,1001291298,2005393288,98785935424,1001252224,80.79177899981005,82.1510469995701
openmarcie_bicycle,mixed,dense,openmarcie_bicycle__only_imu__gemma3_1b,gemma3_1b,only_imu,34618,138472,2441792,4324,27576,7042,0.46483299956889823,6.120614000205696,6.120614000205696,1001286842,2005375464,132731304000,1001252224,80.80922000044666,81.91355600047245
openmarcie_bicycle,mixed,dense_tokens,openmarcie_bicycle__only_imu__gemma3_1b,gemma3_1b,only_imu,36994,147976,1047104,1100,27576,9418,0.44785200043406803,3.5624340007369755,3.5624340007369755,1001289218,2005384968,98785919040,1001252224,80.79177899981005,81.93607500015787
openmarcie_bicycle,mixed,raw,openmarcie_bicycle__only_imu__gemma3_1b,gemma3_1b,only_imu,34618,138472,2441792,16164,34618,0,0.7939939996504108,15.77314499959267,15.77314499959267,1001286842,2005375464,132731304000,1001252224,80.80922000044666,81.96879600109241
openmarcie_bicycle,mixed,early_fusion,openmarcie_bicycle__only_imu__gemma3_1b,gemma3_1b,only_imu,28858,115432,2075200,16164,28858,0,0.8208439994632499,15.79115399967942,15.79115399967942,1001281082,2005352424,132730937408,1001252224,80.80922000044666,82.01709600052709
openmarcie_bicycle,mixed,late_fusion,openmarcie_bicycle__only_imu__gemma3_1b,gemma3_1b,only_imu,7438,29752,444672,96,0,7438,0.18096100029652007,2.4548220004045986,2.4548220004045986,999893390,1999801656,110042701568,999885952,80.76161900044099,81.39542200024152
openmarcie_bicycle,mixed,local_only,openmarcie_bicycle__only_imu__gemma3_1b,gemma3_1b,only_imu,7438,29752,444672,52,0,7438,0.09343100009573391,2.33825300007764,2.33825300007764,999893390,1999801656,110042701568,999885952,80.76161900044099,81.40763200117362
openmarcie_bicycle,mixed,bottleneck,openmarcie_bicycle__only_imu__gemma3_1b,gemma3_1b,only_imu,34910,139640,2458176,684,27736,7174,0.47490299948549364,3.2250129991289462,3.2250129991289462,1001287134,2005376632,132731320384,1001252224,80.80922000044666,81.94142600041232
openmarcie_bicycle,mixed,tokenlearner,openmarcie_bicycle__only_imu__gemma3_1b,gemma3_1b,only_imu,35938,143752,1030720,1100,27576,8362,0.4422820002218941,3.553882999763009,3.553882999763009,1001288162,2005380744,98785902656,1001252224,80.79177899981005,81.92732499992417
openmarcie_bicycle,mixed,posthoc_vq,openmarcie_bicycle__only_imu__gemma3_1b,gemma3_1b,only_imu,36666,146664,2507328,192,28600,8066,0.577122999857238,3.0363349984130705,3.0363349984130705,1001288890,2005383656,132731369536,1001252224,80.80922000044666,82.1502060007333
openmarcie_bicycle,mixed,joint_vq,openmarcie_bicycle__only_imu__gemma3_1b,gemma3_1b,only_imu,39042,156168,1063488,81,28600,10442,0.5479329993249848,2.9391949993004207,2.9391949993004207,1001291266,2005393160,98785935424,1001252224,80.79177899981005,82.13441499992769
openmarcie_bicycle,mixed,deepconvlstm,openmarcie_bicycle__only_imu__gemma3_1b,gemma3_1b,only_imu,36686,146744,2279680,16164,36686,0,0.46006200045667356,15.433022000842367,15.433022000842367,1001288910,2005383736,132731141888,1001252224,80.80922000044666,81.64114400096878
openmarcie_bicycle,mixed,unrestricted_bank,openmarcie_bicycle__only_imu__gemma3_1b,gemma3_1b,only_imu,39074,156296,1063488,81,28600,10474,0.4654520007534302,2.78965300097469,2.78965300097469,1001291298,2005393288,98785935424,1001252224,80.79177899981005,81.9689459995061
openmarcie_bicycle,mixed,separate_banks,openmarcie_bicycle__only_imu__gemma3_1b,gemma3_1b,only_imu,39074,156296,1063488,81,28600,10474,0.5719029995816527,2.8902240001406287,2.8902240001406287,1001291298,2005393288,98785935424,1001252224,80.79177899981005,82.06315499955963
openmarcie_bicycle,mixed,fixed_resampling,openmarcie_bicycle__only_imu__gemma3_1b,gemma3_1b,only_imu,39074,156296,1031232,81,28600,10474,0.6010930001139059,2.860163999714027,2.860163999714027,1001291298,2005393288,98785903168,1001252224,80.79177899981005,81.96353499988618
openmarcie_bicycle,mixed,finetune_encoders,openmarcie_bicycle__only_imu__gemma3_1b,gemma3_1b,only_imu,39074,156296,1063488,81,28600,10474,0.5578629998126416,2.889723999061866,2.889723999061866,1001291298,2005393288,98785935424,1001252224,80.79177899981005,82.0382449992394
openmarcie_bicycle,mixed,no_alignment,openmarcie_bicycle__only_imu__gemma3_1b,gemma3_1b,only_imu,39074,156296,1063488,81,28600,10474,0.5578529999183957,2.8902250005848007,2.8902250005848007,1001291298,2005393288,98785935424,1001252224,80.79177899981005,82.04132599985314
openmarcie_bicycle,mixed,no_usage,openmarcie_bicycle__only_imu__gemma3_1b,gemma3_1b,only_imu,39074,156296,1063488,81,28600,10474,0.5481130001498968,2.8692050000535207,2.8692050000535207,1001291298,2005393288,98785935424,1001252224,80.79177899981005,82.0523049997064
openmarcie_bicycle,mixed,tcn,openmarcie_bicycle__only_imu__gemma3_1b,gemma3_1b,only_imu,14746,58984,889152,16164,14746,0,0.5997629996272735,15.57572300011908,15.57572300011908,1001266970,2005295976,132729751360,1001252224,80.80922000044666,81.77043400064576
openmarcie_bicycle,mixed,ts_transformer,openmarcie_bicycle__only_imu__gemma3_1b,gemma3_1b,only_imu,27610,110440,1937728,16164,27610,0,0.6853229997432209,15.658392999875115,15.658392999875115,1001279834,2005347432,132730799936,1001252224,80.80922000044666,82.07968700116908
openmarcie_bicycle,mixed,patchtst,openmarcie_bicycle__only_imu__gemma3_1b,gemma3_1b,only_imu,27162,108648,7602496,16164,27162,0,0.7795440005793353,15.752754001049663,15.752754001049663,1001279386,2005345640,97380803904,1001252224,80.57326800008013,81.68381299947214
openmarcie_bicycle,cuda,distrixsense,openmarcie_bicycle__only_magnetometer__gemma3_1b,gemma3_1b,only_magnetometer,36734,146936,915264,81,28600,8134,0.5560330000662361,3.15010499983317,3.15010499983317,1001288958,2005383928,98785787200,1001252224,80.79177899981005,82.187115999659
openmarcie_bicycle,cuda,dense,openmarcie_bicycle__only_magnetometer__gemma3_1b,gemma3_1b,only_magnetometer,32278,129112,2293568,4324,27576,4702,0.4733719997602748,6.306833999910613,6.306833999910613,1001284502,2005366104,132731155776,1001252224,80.80922000044666,82.03349700124818
openmarcie_bicycle,cuda,dense_tokens,openmarcie_bicycle__only_magnetometer__gemma3_1b,gemma3_1b,only_magnetometer,34654,138616,898880,1100,27576,7078,0.44919199990545167,3.799523999073135,3.799523999073135,1001286878,2005375608,98785770816,1001252224,80.79177899981005,82.061824999073
openmarcie_bicycle,cuda,raw,openmarcie_bicycle__only_magnetometer__gemma3_1b,gemma3_1b,only_magnetometer,32278,129112,2293568,1244,32278,0,0.7923539997136686,3.873684999702778,3.873684999702778,1001284502,2005366104,132731155776,1001252224,80.80922000044666,82.1318970001812
openmarcie_bicycle,cuda,early_fusion,openmarcie_bicycle__only_magnetometer__gemma3_1b,gemma3_1b,only_magnetometer,28054,112216,2025280,1244,28054,0,0.8238540003731032,3.90698500042588,3.90698500042588,1001280278,2005349208,132730887488,1001252224,80.80922000044666,82.01374700001907
openmarcie_bicycle,cuda,late_fusion,openmarcie_bicycle__only_magnetometer__gemma3_1b,gemma3_1b,only_magnetometer,5098,20392,296448,96,0,5098,0.09799100007512607,2.5594939994018175,2.5594939994018175,999891050,1999792296,110042553344,999885952,80.76161900044099,81.51390300008643
openmarcie_bicycle,cuda,local_only,openmarcie_bicycle__only_magnetometer__gemma3_1b,gemma3_1b,only_magnetometer,5098,20392,296448,52,0,5098,0.09091999982047128,2.523431998513371,2.523431998513371,999891050,1999792296,110042553344,999885952,80.76161900044099,81.57423300053779
openmarcie_bicycle,cuda,bottleneck,openmarcie_bicycle__only_magnetometer__gemma3_1b,gemma3_1b,only_magnetometer,32570,130280,2309952,684,27736,4834,0.48577300003671553,3.438225999408157,3.438225999408157,1001284794,2005367272,132731172160,1001252224,80.80922000044666,82.3131690012815
openmarcie_bicycle,cuda,tokenlearner,openmarcie_bicycle__only_magnetometer__gemma3_1b,gemma3_1b,only_magnetometer,33598,134392,882496,1100,27576,6022,0.4506719997152686,3.8073749992644297,3.8073749992644297,1001285822,2005371384,98785754432,1001252224,80.79177899981005,82.06099499966513
openmarcie_bicycle,cuda,posthoc_vq,openmarcie_bicycle__only_magnetometer__gemma3_1b,gemma3_1b,only_magnetometer,34326,137304,2359104,192,28600,5726,0.5725929995605838,3.3468469979001325,3.3468469979001325,1001286550,2005374296,132731221312,1001252224,80.80922000044666,82.34982800058788
openmarcie_bicycle,cuda,joint_vq,openmarcie_bicycle__only_magnetometer__gemma3_1b,gemma3_1b,only_magnetometer,36702,146808,915264,81,28600,8102,0.5523429999811924,3.4141569995262078,3.4141569995262078,1001288926,2005383800,98785787200,1001252224,80.79177899981005,82.36268699965876
openmarcie_bicycle,cuda,deepconvlstm,openmarcie_bicycle__only_magnetometer__gemma3_1b,gemma3_1b,only_magnetometer,34346,137384,2131456,1244,34346,0,0.46930300050007645,3.547905000700371,3.547905000700371,1001286570,2005374376,132730993664,1001252224,80.80922000044666,81.67332499942859
openmarcie_bicycle,cuda,unrestricted_bank,openmarcie_bicycle__only_magnetometer__gemma3_1b,gemma3_1b,only_magnetometer,36734,146936,915264,81,28600,8134,0.4603119996318128,3.036353999079333,3.036353999079333,1001288958,2005383928,98785787200,1001252224,80.79177899981005,82.12024600015866
openmarcie_bicycle,cuda,separate_banks,openmarcie_bicycle__only_magnetometer__gemma3_1b,gemma3_1b,only_magnetometer,36734,146936,915264,81,28600,8134,0.5784830000266084,3.140827000635804,3.140827000635804,1001288958,2005383928,98785787200,1001252224,80.79177899981005,82.23058700059482
openmarcie_bicycle,cuda,fixed_resampling,openmarcie_bicycle__only_magnetometer__gemma3_1b,gemma3_1b,only_magnetometer,36734,146936,908352,81,28600,8134,0.5495830000654678,3.0825950007346226,3.0825950007346226,1001288958,2005383928,98785780288,1001252224,80.79177899981005,82.15878599912685
openmarcie_bicycle,cuda,finetune_encoders,openmarcie_bicycle__only_magnetometer__gemma3_1b,gemma3_1b,only_magnetometer,36734,146936,915264,81,28600,8134,0.5510419996426208,3.134403998075763,3.134403998075763,1001288958,2005383928,98785787200,1001252224,80.79177899981005,82.24467699983506
openmarcie_bicycle,cuda,no_alignment,openmarcie_bicycle__only_magnetometer__gemma3_1b,gemma3_1b,only_magnetometer,36734,146936,915264,81,28600,8134,0.5465829999593552,3.103655999468069,3.103655999468069,1001288958,2005383928,98785787200,1001252224,80.79177899981005,82.19265600018844
openmarcie_bicycle,cuda,no_usage,openmarcie_bicycle__only_magnetometer__gemma3_1b,gemma3_1b,only_magnetometer,36734,146936,915264,81,28600,8134,0.5481329999383888,3.1048949995528208,3.1048949995528208,1001288958,2005383928,98785787200,1001252224,80.79177899981005,82.18665599997621
openmarcie_bicycle,cuda,tcn,openmarcie_bicycle__only_magnetometer__gemma3_1b,gemma3_1b,only_magnetometer,13942,55768,839232,1244,13942,0,0.6027529998391401,3.682763999235863,3.682763999235863,1001266166,2005292760,132729701440,1001252224,80.80922000044666,81.80525500029034
openmarcie_bicycle,cuda,ts_transformer,openmarcie_bicycle__only_magnetometer__gemma3_1b,gemma3_1b,only_magnetometer,26806,107224,1887808,1244,26806,0,0.6811639996158192,3.7601939998373157,3.7601939998373157,1001279030,2005344216,132730750016,1001252224,80.80922000044666,81.88363499994011
openmarcie_bicycle,cuda,patchtst,openmarcie_bicycle__only_magnetometer__gemma3_1b,gemma3_1b,only_magnetometer,26742,106968,3254848,1244,26742,0,0.7676630002606544,3.8535240005464177,3.8535240005464177,1001278966,2005343960,97376456256,1001252224,80.57326800008013,81.71395400040637
openmarcie_bicycle,mixed,distrixsense,openmarcie_bicycle__only_magnetometer__gemma3_1b,gemma3_1b,only_magnetometer,36734,146936,915264,81,28600,8134,0.5436629999167053,2.864514000095264,2.864514000095264,1001288958,2005383928,98785787200,1001252224,80.79177899981005,82.02658600021095
openmarcie_bicycle,mixed,dense,openmarcie_bicycle__only_magnetometer__gemma3_1b,gemma3_1b,only_magnetometer,32278,129112,2293568,4324,27576,4702,0.4642730000341544,6.102204000266956,6.102204000266956,1001284502,2005366104,132731155776,1001252224,80.80922000044666,81.907886999943
openmarcie_bicycle,mixed,dense_tokens,openmarcie_bicycle__only_magnetometer__gemma3_1b,gemma3_1b,only_magnetometer,34654,138616,898880,1100,27576,7078,0.4484020000745659,3.559033999404055,3.559033999404055,1001286878,2005375608,98785770816,1001252224,80.79177899981005,81.9098350002605
openmarcie_bicycle,mixed,raw,openmarcie_bicycle__only_magnetometer__gemma3_1b,gemma3_1b,only_magnetometer,32278,129112,2293568,1244,32278,0,0.7982039996932144,3.827154999739537,3.827154999739537,1001284502,2005366104,132731155776,1001252224,80.80922000044666,81.95214600073086
openmarcie_bicycle,mixed,early_fusion,openmarcie_bicycle__only_magnetometer__gemma3_1b,gemma3_1b,only_magnetometer,28054,112216,2025280,1244,28054,0,0.8354540004802402,3.8637740003784304,3.8637740003784304,1001280278,2005349208,132730887488,1001252224,80.80922000044666,82.02393600095093
openmarcie_bicycle,mixed,late_fusion,openmarcie_bicycle__only_magnetometer__gemma3_1b,gemma3_1b,only_magnetometer,5098,20392,296448,96,0,5098,0.07689999983995222,2.3450809990801615,2.3450809990801615,999891050,1999792296,110042553344,999885952,80.76161900044099,81.37021200036543
openmarcie_bicycle,mixed,local_only,openmarcie_bicycle__only_magnetometer__gemma3_1b,gemma3_1b,only_magnetometer,5098,20392,296448,52,0,5098,0.09393999971507583,2.331049998490454,2.331049998490454,999891050,1999792296,110042553344,999885952,80.76161900044099,81.40228200045385
openmarcie_bicycle,mixed,bottleneck,openmarcie_bicycle__only_magnetometer__gemma3_1b,gemma3_1b,only_magnetometer,32570,130280,2309952,684,27736,4834,0.47679199997219257,3.223053000757343,3.223053000757343,1001284794,2005367272,132731172160,1001252224,80.80922000044666,81.93969500098319
openmarcie_bicycle,mixed,tokenlearner,openmarcie_bicycle__only_magnetometer__gemma3_1b,gemma3_1b,only_magnetometer,33598,134392,882496,1100,27576,6022,0.4462320002858178,3.5548840005457167,3.5548840005457167,1001285822,2005371384,98785754432,1001252224,80.79177899981005,81.88879499994073
openmarcie_bicycle,mixed,posthoc_vq,openmarcie_bicycle__only_magnetometer__gemma3_1b,gemma3_1b,only_magnetometer,34326,137304,2359104,192,28600,5726,0.570612999581499,3.0161159998700837,3.0161159998700837,1001286550,2005374296,132731221312,1001252224,80.80922000044666,82.16719700067188
openmarcie_bicycle,mixed,joint_vq,openmarcie_bicycle__only_magnetometer__gemma3_1b,gemma3_1b,only_magnetometer,36702,146808,915264,81,28600,8102,0.546383000255446,2.935304000886285,2.935304000886285,1001288926,2005383800,98785787200,1001252224,80.79177899981005,82.17057499950897
openmarcie_bicycle,mixed,deepconvlstm,openmarcie_bicycle__only_magnetometer__gemma3_1b,gemma3_1b,only_magnetometer,34346,137384,2131456,1244,34346,0,0.4604320001817541,3.4889020003126237,3.4889020003126237,1001286570,2005374376,132730993664,1001252224,80.80922000044666,81.63046400022722
openmarcie_bicycle,mixed,unrestricted_bank,openmarcie_bicycle__only_magnetometer__gemma3_1b,gemma3_1b,only_magnetometer,36734,146936,915264,81,28600,8134,0.45627300005435245,2.7707739991746028,2.7707739991746028,1001288958,2005383928,98785787200,1001252224,80.79177899981005,81.95662500020262
openmarcie_bicycle,mixed,separate_banks,openmarcie_bicycle__only_magnetometer__gemma3_1b,gemma3_1b,only_magnetometer,36734,146936,915264,81,28600,8134,0.5785429993920843,2.8930439994218293,2.8930439994218293,1001288958,2005383928,98785787200,1001252224,80.79177899981005,82.04950599974836
openmarcie_bicycle,mixed,fixed_resampling,openmarcie_bicycle__only_magnetometer__gemma3_1b,gemma3_1b,only_magnetometer,36734,146936,908352,81,28600,8134,0.5470129999594064,2.7919730000866227,2.7919730000866227,1001288958,2005383928,98785780288,1001252224,80.79177899981005,81.96215499901882
openmarcie_bicycle,mixed,finetune_encoders,openmarcie_bicycle__only_magnetometer__gemma3_1b,gemma3_1b,only_magnetometer,36734,146936,915264,81,28600,8134,0.5514219992619473,2.86673299891107,2.86673299891107,1001288958,2005383928,98785787200,1001252224,80.79177899981005,82.03319500080397
openmarcie_bicycle,mixed,no_alignment,openmarcie_bicycle__only_magnetometer__gemma3_1b,gemma3_1b,only_magnetometer,36734,146936,915264,81,28600,8134,0.5594630001723999,2.8760339992294437,2.8760339992294437,1001288958,2005383928,98785787200,1001252224,80.79177899981005,82.06278499983455
openmarcie_bicycle,mixed,no_usage,openmarcie_bicycle__only_magnetometer__gemma3_1b,gemma3_1b,only_magnetometer,36734,146936,915264,81,28600,8134,0.5460619995574234,2.860983999227651,2.860983999227651,1001288958,2005383928,98785787200,1001252224,80.79177899981005,82.14054699965345
openmarcie_bicycle,mixed,tcn,openmarcie_bicycle__only_magnetometer__gemma3_1b,gemma3_1b,only_magnetometer,13942,55768,839232,1244,13942,0,0.6074629991417169,3.6359029995898484,3.6359029995898484,1001266166,2005292760,132729701440,1001252224,80.80922000044666,81.77466500001174
openmarcie_bicycle,mixed,ts_transformer,openmarcie_bicycle__only_magnetometer__gemma3_1b,gemma3_1b,only_magnetometer,26806,107224,1887808,1244,26806,0,0.6839429997853586,3.712373000339244,3.712373000339244,1001279030,2005344216,132730750016,1001252224,80.80922000044666,81.86090600065654
openmarcie_bicycle,mixed,patchtst,openmarcie_bicycle__only_magnetometer__gemma3_1b,gemma3_1b,only_magnetometer,26742,106968,3254848,1244,26742,0,0.7684540005357121,3.797454001428082,3.797454001428082,1001278966,2005343960,97376456256,1001252224,80.57326800008013,81.67637399947125
openmarcie_bicycle,cuda,distrixsense,openmarcie_bicycle__only_rgb__gemma3_1b,gemma3_1b,only_rgb,256112,1024448,15533248,249,30776,225336,0.8043939997151028,3.443686999741045,8.557740999011893,1001508336,2006261440,127067632320,1001252224,81.55943299971113,84.40333700036717
openmarcie_bicycle,cuda,dense,openmarcie_bicycle__only_rgb__gemma3_1b,gemma3_1b,only_rgb,242744,970976,21142720,12972,27704,215040,0.6050930005585542,6.503564999870595,18.15420799909063,1001494968,2006207968,229579971264,1001252224,81.20596099979593,83.40315300029033
openmarcie_bicycle,cuda,dense_tokens,openmarcie_bicycle__only_rgb__gemma3_1b,gemma3_1b,only_rgb,249872,999488,15484096,3300,27704,222168,0.5957430003036279,4.021855000241776,10.719820999824734,1001502096,2006236480,127067583168,1001252224,81.55943299971113,84.04547600002843
openmarcie_bicycle,cuda,raw,openmarcie_bicycle__only_rgb__gemma3_1b,gemma3_1b,only_rgb,242744,970976,21142720,56724,242744,0,1.4703580000059446,18.742849000721332,53.12418900105391,1001494968,2006207968,229579971264,1001252224,81.20596099979593,83.26108199980808
openmarcie_bicycle,cuda,early_fusion,openmarcie_bicycle__only_rgb__gemma3_1b,gemma3_1b,only_rgb,159736,638944,10372288,56724,159736,0,1.2799870000890223,18.548638000486687,52.926887999845945,1001411960,2005875936,138397582016,1001252224,81.58486299998913,83.48573300008866
openmarcie_bicycle,cuda,late_fusion,openmarcie_bicycle__only_rgb__gemma3_1b,gemma3_1b,only_rgb,216228,864912,13678848,288,0,216228,0.11395999990782002,2.6607830000695656,7.591067999506404,1000102180,2000636816,115700651776,999885952,82.02591500048584,83.6801130008098
openmarcie_bicycle,cuda,local_only,openmarcie_bicycle__only_rgb__gemma3_1b,gemma3_1b,only_rgb,216228,864912,13678848,156,0,216228,0.1581209999130806,2.735073999490379,7.601047000027797,1000102180,2000636816,115700651776,999885952,82.02591500048584,83.71530299973529
openmarcie_bicycle,cuda,bottleneck,openmarcie_bicycle__only_rgb__gemma3_1b,gemma3_1b,only_rgb,243620,974480,21191872,2052,28184,215436,0.6092530002206331,3.6110360008670135,9.480381000515155,1001495844,2006211472,229580020416,1001252224,81.20596099979593,83.48482299970783
openmarcie_bicycle,cuda,tokenlearner,openmarcie_bicycle__only_rgb__gemma3_1b,gemma3_1b,only_rgb,246704,986816,15434944,3300,27704,219000,0.5715730003430508,3.969755000975856,10.640500001486217,1001498928,2006223808,127067534016,1001252224,81.55943299971113,83.93468499980372
openmarcie_bicycle,cuda,posthoc_vq,openmarcie_bicycle__only_rgb__gemma3_1b,gemma3_1b,only_rgb,255032,1020128,21339328,600,30776,224256,0.8278340001197648,3.652297000368126,9.110042999044236,1001507256,2006257120,229580167872,1001252224,81.20596099979593,84.40502699977515
openmarcie_bicycle,cuda,joint_vq,openmarcie_bicycle__only_rgb__gemma3_1b,gemma3_1b,only_rgb,262160,1048640,15533248,249,30776,231384,0.7871739999245619,3.592287999378028,9.010224000038741,1001514384,2006285632,127067632320,1001252224,81.55943299971113,84.82039999944391
openmarcie_bicycle,cuda,deepconvlstm,openmarcie_bicycle__only_rgb__gemma3_1b,gemma3_1b,only_rgb,238412,953648,15119104,56724,238412,0,0.9026649995576008,18.18015499879301,52.560604997623756,1001490636,2006190640,138402328832,1001252224,81.58486299998913,83.08372000010422
openmarcie_bicycle,cuda,unrestricted_bank,openmarcie_bicycle__only_rgb__gemma3_1b,gemma3_1b,only_rgb,262448,1049792,15631552,249,30776,231672,0.604443000156607,3.241577000732219,8.334091000423522,1001514672,2006286784,127067730624,1001252224,81.55943299971113,84.16014599970367
openmarcie_bicycle,cuda,separate_banks,openmarcie_bicycle__only_rgb__gemma3_1b,gemma3_1b,only_rgb,256112,1024448,15533248,249,30776,225336,0.8228139995480888,3.464796999320539,8.572231999923114,1001508336,2006261440,127067632320,1001252224,81.55943299971113,84.37782700002572
openmarcie_bicycle,cuda,fixed_resampling,openmarcie_bicycle__only_rgb__gemma3_1b,gemma3_1b,only_rgb,256112,1024448,8344768,249,30776,225336,0.788354000178515,3.4102480018521657,8.465433002956141,1001508336,2006261440,127060443840,1001252224,81.55943299971113,84.22330699977465
openmarcie_bicycle,cuda,finetune_encoders,openmarcie_bicycle__only_rgb__gemma3_1b,gemma3_1b,only_rgb,256112,1024448,15533248,249,30776,225336,0.7980339996720431,3.4316679981532854,8.533663997613056,1001508336,2006261440,127067632320,1001252224,81.55943299971113,84.3253969997022
openmarcie_bicycle,cuda,no_alignment,openmarcie_bicycle__only_rgb__gemma3_1b,gemma3_1b,only_rgb,256112,1024448,15533248,249,30776,225336,0.8049939997363253,3.432835999443638,8.534550000976177,1001508336,2006261440,127067632320,1001252224,81.55943299971113,84.4083279998813
openmarcie_bicycle,cuda,no_usage,openmarcie_bicycle__only_rgb__gemma3_1b,gemma3_1b,only_rgb,256112,1024448,15533248,249,30776,225336,0.7958140004120651,3.4226960011768153,8.515460001862246,1001508336,2006261440,127067632320,1001252224,81.55943299971113,84.35000700046658
openmarcie_bicycle,cuda,tcn,openmarcie_bicycle__only_rgb__gemma3_1b,gemma3_1b,only_rgb,145560,582240,9186240,56724,145560,0,1.038565000271774,18.29580699990664,52.67267699930804,1001397784,2005819232,138396395968,1001252224,81.58486299998913,83.46863200040389
openmarcie_bicycle,cuda,ts_transformer,openmarcie_bicycle__only_rgb__gemma3_1b,gemma3_1b,only_rgb,158424,633696,10234816,56724,158424,0,1.1092359991380363,18.373175998879457,52.75087699904239,1001410648,2005870688,138397444544,1001252224,81.58486299998913,83.2806710004661
openmarcie_bicycle,cuda,patchtst,openmarcie_bicycle__only_rgb__gemma3_1b,gemma3_1b,only_rgb,140152,560608,214665408,56724,140152,0,1.2956959999428364,18.560896000001673,52.93673700073546,1001392376,2005797600,103224915136,1001252224,80.86013899992395,82.59353800076497
openmarcie_bicycle,mixed,distrixsense,openmarcie_bicycle__only_rgb__gemma3_1b,gemma3_1b,only_rgb,256112,1024448,15533248,249,30776,225336,0.8174739996320568,3.206265999903122,7.8220480008066975,1001508336,2006261440,127067632320,1001252224,81.55943299971113,83.81125500000053
openmarcie_bicycle,mixed,dense,openmarcie_bicycle__only_rgb__gemma3_1b,gemma3_1b,only_rgb,242744,970976,21142720,12972,27704,215040,0.5936430006840965,6.307955000333767,17.582737000397373,1001494968,2006207968,229579971264,1001252224,81.20596099979593,82.98919999924692
openmarcie_bicycle,mixed,dense_tokens,openmarcie_bicycle__only_rgb__gemma3_1b,gemma3_1b,only_rgb,249872,999488,15484096,3300,27704,222168,0.5799129994557006,3.766814000295999,9.986445999843127,1001502096,2006236480,127067583168,1001252224,81.55943299971113,83.47134399991774
openmarcie_bicycle,mixed,raw,openmarcie_bicycle__only_rgb__gemma3_1b,gemma3_1b,only_rgb,242744,970976,21142720,56724,242744,0,1.4413170001716935,18.653496998870548,52.927996998577015,1001494968,2006207968,229579971264,1001252224,81.20596099979593,83.09586099949229
openmarcie_bicycle,mixed,early_fusion,openmarcie_bicycle__only_rgb__gemma3_1b,gemma3_1b,only_rgb,159736,638944,10372288,56724,159736,0,1.2471059999370482,18.4627260004553,52.73658600056356,1001411960,2005875936,138397582016,1001252224,81.58486299998913,83.31504299985681
openmarcie_bicycle,mixed,late_fusion,openmarcie_bicycle__only_rgb__gemma3_1b,gemma3_1b,only_rgb,216228,864912,13678848,288,0,216228,0.11033999999199295,2.451191999685031,6.992102999625413,1000102180,2000636816,115700651776,999885952,82.02591500048584,83.2691910009089
openmarcie_bicycle,mixed,local_only,openmarcie_bicycle__only_rgb__gemma3_1b,gemma3_1b,only_rgb,216228,864912,13678848,156,0,216228,0.15418099974340294,2.458761999394011,6.9330129998001615,1000102180,2000636816,115700651776,999885952,82.02591500048584,83.31141200051206
openmarcie_bicycle,mixed,bottleneck,openmarcie_bicycle__only_rgb__gemma3_1b,gemma3_1b,only_rgb,243620,974480,21191872,2052,28184,215436,0.6301729999904637,3.4475140003187583,8.948836001593993,1001495844,2006211472,229580020416,1001252224,81.20596099979593,83.080280998729
openmarcie_bicycle,mixed,tokenlearner,openmarcie_bicycle__only_rgb__gemma3_1b,gemma3_1b,only_rgb,246704,986816,15434944,3300,27704,219000,0.5792129995825235,3.7545340001041767,9.967316999777395,1001498928,2006223808,127067534016,1001252224,81.55943299971113,83.49517199985712
openmarcie_bicycle,mixed,posthoc_vq,openmarcie_bicycle__only_rgb__gemma3_1b,gemma3_1b,only_rgb,255032,1020128,21339328,600,30776,224256,0.8444750001217471,3.3641460013278994,8.246340001267964,1001507256,2006257120,229580167872,1001252224,81.20596099979593,83.63210300012724
openmarcie_bicycle,mixed,joint_vq,openmarcie_bicycle__only_rgb__gemma3_1b,gemma3_1b,only_rgb,262160,1048640,15533248,249,30776,231384,0.8042039999054396,3.2654360007985144,8.035420000768662,1001514384,2006285632,127067632320,1001252224,81.55943299971113,84.06147499954386
openmarcie_bicycle,mixed,deepconvlstm,openmarcie_bicycle__only_rgb__gemma3_1b,gemma3_1b,only_rgb,238412,953648,15119104,56724,238412,0,0.9803349994399468,18.191935998350242,52.46622599936805,1001490636,2006190640,138402328832,1001252224,81.58486299998913,82.97577099983755
openmarcie_bicycle,mixed,unrestricted_bank,openmarcie_bicycle__only_rgb__gemma3_1b,gemma3_1b,only_rgb,262448,1049792,15631552,249,30776,231672,0.6185929996718187,3.0072350006196995,7.6369080015037785,1001514672,2006286784,127067730624,1001252224,81.55943299971113,83.63409300000058
openmarcie_bicycle,mixed,separate_banks,openmarcie_bicycle__only_rgb__gemma3_1b,gemma3_1b,only_rgb,256112,1024448,15533248,249,30776,225336,0.8441640002274653,3.2372660022122783,7.871140002779592,1001508336,2006261440,127067632320,1001252224,81.55943299971113,83.8965040002222
openmarcie_bicycle,mixed,fixed_resampling,openmarcie_bicycle__only_rgb__gemma3_1b,gemma3_1b,only_rgb,256112,1024448,8344768,249,30776,225336,0.8170139999492676,3.1188550007176,7.572347000776952,1001508336,2006261440,127060443840,1001252224,81.55943299971113,83.55765299984341
openmarcie_bicycle,mixed,finetune_encoders,openmarcie_bicycle__only_rgb__gemma3_1b,gemma3_1b,only_rgb,256112,1024448,15533248,249,30776,225336,1.0063250001621782,3.3889259999671832,8.00466800038428,1001508336,2006261440,127067632320,1001252224,81.55943299971113,83.82347399947321
openmarcie_bicycle,mixed,no_alignment,openmarcie_bicycle__only_rgb__gemma3_1b,gemma3_1b,only_rgb,256112,1024448,15533248,249,30776,225336,0.8299040000565583,3.21117699935378,7.822848999157012,1001508336,2006261440,127067632320,1001252224,81.55943299971113,83.8557650004077
openmarcie_bicycle,mixed,no_usage,openmarcie_bicycle__only_rgb__gemma3_1b,gemma3_1b,only_rgb,256112,1024448,15533248,249,30776,225336,0.818124000034004,3.208026000389806,7.826617998861346,1001508336,2006261440,127067632320,1001252224,81.55943299971113,83.8447449987143
openmarcie_bicycle,mixed,tcn,openmarcie_bicycle__only_rgb__gemma3_1b,gemma3_1b,only_rgb,145560,582240,9186240,56724,145560,0,1.0298950001015328,18.239275000217173,52.51303500047348,1001397784,2005819232,138396395968,1001252224,81.58486299998913,83.07400099965889
openmarcie_bicycle,mixed,ts_transformer,openmarcie_bicycle__only_rgb__gemma3_1b,gemma3_1b,only_rgb,158424,633696,10234816,56724,158424,0,1.1151849994348595,18.331725999762863,52.6061560011191,1001410648,2005870688,138397444544,1001252224,81.58486299998913,83.1594409992249
openmarcie_bicycle,mixed,patchtst,openmarcie_bicycle__only_rgb__gemma3_1b,gemma3_1b,only_rgb,140152,560608,214665408,56724,140152,0,1.1941359998672851,18.410796001210553,52.684306003201215,1001392376,2005797600,103224915136,1001252224,80.86013899992395,82.49178700043558
openmarcie_bicycle,cuda,distrixsense,openmarcie_bicycle__only_spectrometer__gemma3_1b,gemma3_1b,only_spectrometer,39704,158816,1103424,81,28600,11104,0.5545329995584325,3.1196860000199056,3.1196860000199056,1001291928,2005395808,98785975360,1001252224,80.79177899981005,82.20636599980935
openmarcie_bicycle,cuda,dense,openmarcie_bicycle__only_spectrometer__gemma3_1b,gemma3_1b,only_spectrometer,35248,140992,2481728,4324,27576,7672,0.505772999531473,6.5869769999651355,6.5869769999651355,1001287472,2005377984,132731343936,1001252224,80.80922000044666,82.03474700076185
openmarcie_bicycle,cuda,dense_tokens,openmarcie_bicycle__only_spectrometer__gemma3_1b,gemma3_1b,only_spectrometer,37624,150496,1087040,1100,27576,10048,0.4485620002014912,3.7956440009974175,3.7956440009974175,1001289848,2005387488,98785958976,1001252224,80.79177899981005,82.1019549994162
openmarcie_bicycle,cuda,raw,openmarcie_bicycle__only_spectrometer__gemma3_1b,gemma3_1b,only_spectrometer,35248,140992,2481728,3100,35248,0,0.8151749998432933,5.382116000361275,5.382116000361275,1001287472,2005377984,132731343936,1001252224,80.80922000044666,82.08379600091575
openmarcie_bicycle,cuda,early_fusion,openmarcie_bicycle__only_spectrometer__gemma3_1b,gemma3_1b,only_spectrometer,29104,116416,2090560,3100,29104,0,0.82856399967568,5.397385000320792,5.397385000320792,1001281328,2005353408,132730952768,1001252224,80.80922000044666,82.0848669991392
openmarcie_bicycle,cuda,late_fusion,openmarcie_bicycle__only_spectrometer__gemma3_1b,gemma3_1b,only_spectrometer,8068,32272,484608,96,0,8068,0.07712099977652542,2.5474239997176453,2.5474239997176453,999894020,1999804176,110042741504,999885952,80.76161900044099,81.52103199972771
openmarcie_bicycle,cuda,local_only,openmarcie_bicycle__only_spectrometer__gemma3_1b,gemma3_1b,only_spectrometer,8068,32272,484608,52,0,8068,0.09993000003305497,2.5445419990023597,2.5445419990023597,999894020,1999804176,110042741504,999885952,80.76161900044099,81.55587300007028
openmarcie_bicycle,cuda,bottleneck,openmarcie_bicycle__only_spectrometer__gemma3_1b,gemma3_1b,only_spectrometer,35540,142160,2498112,684,27736,7804,0.48590299957140815,3.4376749984139927,3.4376749984139927,1001287764,2005379152,132731360320,1001252224,80.80922000044666,82.06764600072347
openmarcie_bicycle,cuda,tokenlearner,openmarcie_bicycle__only_spectrometer__gemma3_1b,gemma3_1b,only_spectrometer,36568,146272,1070656,1100,27576,8992,0.4488120002861251,3.799183999940287,3.799183999940287,1001288792,2005383264,98785942592,1001252224,80.79177899981005,82.07272499930696
openmarcie_bicycle,cuda,posthoc_vq,openmarcie_bicycle__only_spectrometer__gemma3_1b,gemma3_1b,only_spectrometer,37296,149184,2547264,192,28600,8696,0.5789330007246463,3.328085000774439,3.328085000774439,1001289520,2005386176,132731409472,1001252224,80.80922000044666,82.35063800020725
openmarcie_bicycle,cuda,joint_vq,openmarcie_bicycle__only_spectrometer__gemma3_1b,gemma3_1b,only_spectrometer,39672,158688,1103424,81,28600,11072,0.5557830008910969,3.284697001647041,3.284697001647041,1001291896,2005395680,98785975360,1001252224,80.79177899981005,82.36028700048337
openmarcie_bicycle,cuda,deepconvlstm,openmarcie_bicycle__only_spectrometer__gemma3_1b,gemma3_1b,only_spectrometer,37316,149264,2319616,3100,37316,0,0.46843200016155606,5.039671999326384,5.039671999326384,1001289540,2005386256,132731181824,1001252224,80.80922000044666,81.69331400040392
openmarcie_bicycle,cuda,unrestricted_bank,openmarcie_bicycle__only_spectrometer__gemma3_1b,gemma3_1b,only_spectrometer,39704,158816,1103424,81,28600,11104,0.46333200043591205,3.041064001110394,3.041064001110394,1001291928,2005395808,98785975360,1001252224,80.79177899981005,82.13416599937773
openmarcie_bicycle,cuda,separate_banks,openmarcie_bicycle__only_spectrometer__gemma3_1b,gemma3_1b,only_spectrometer,39704,158816,1103424,81,28600,11104,0.5619730000034906,3.13993500006462,3.13993500006462,1001291928,2005395808,98785975360,1001252224,80.79177899981005,82.21823499934544
openmarcie_bicycle,cuda,fixed_resampling,openmarcie_bicycle__only_spectrometer__gemma3_1b,gemma3_1b,only_spectrometer,39704,158816,1061952,81,28600,11104,0.5547419996219105,3.088053999846929,3.088053999846929,1001291928,2005395808,98785933888,1001252224,80.79177899981005,82.17476499976328
openmarcie_bicycle,cuda,finetune_encoders,openmarcie_bicycle__only_spectrometer__gemma3_1b,gemma3_1b,only_spectrometer,39704,158816,1103424,81,28600,11104,0.5566929994529346,3.135315999344934,3.135315999344934,1001291928,2005395808,98785975360,1001252224,80.79177899981005,82.20166599949152
openmarcie_bicycle,cuda,no_alignment,openmarcie_bicycle__only_spectrometer__gemma3_1b,gemma3_1b,only_spectrometer,39704,158816,1103424,81,28600,11104,0.5556930000238935,3.1287850006555207,3.1287850006555207,1001291928,2005395808,98785975360,1001252224,80.79177899981005,82.21450600012759
openmarcie_bicycle,cuda,no_usage,openmarcie_bicycle__only_spectrometer__gemma3_1b,gemma3_1b,only_spectrometer,39704,158816,1103424,81,28600,11104,0.5458030000227154,3.1112349998073885,3.1112349998073885,1001291928,2005395808,98785975360,1001252224,80.79177899981005,82.20671599974594
openmarcie_bicycle,cuda,tcn,openmarcie_bicycle__only_spectrometer__gemma3_1b,gemma3_1b,only_spectrometer,14992,59968,904512,3100,14992,0,0.612163000369037,5.178684000781214,5.178684000781214,1001267216,2005296960,132729766720,1001252224,80.80922000044666,81.80032499967638
openmarcie_bicycle,cuda,ts_transformer,openmarcie_bicycle__only_spectrometer__gemma3_1b,gemma3_1b,only_spectrometer,27856,111424,1953088,3100,27856,0,0.7651830001123017,5.330702999741771,5.330702999741771,1001280080,2005348416,132730815296,1001252224,80.80922000044666,81.89243500055454
openmarcie_bicycle,cuda,patchtst,openmarcie_bicycle__only_spectrometer__gemma3_1b,gemma3_1b,only_spectrometer,27312,109248,8692288,3100,27312,0,0.7602839996252442,5.32447400058707,5.32447400058707,1001279536,2005346240,97381893696,1001252224,80.57326800008013,81.7157439996663
openmarcie_bicycle,mixed,distrixsense,openmarcie_bicycle__only_spectrometer__gemma3_1b,gemma3_1b,only_spectrometer,39704,158816,1103424,81,28600,11104,0.5582929998126929,2.8760149998851237,2.8760149998851237,1001291928,2005395808,98785975360,1001252224,80.79177899981005,82.0456949995787
openmarcie_bicycle,mixed,dense,openmarcie_bicycle__only_spectrometer__gemma3_1b,gemma3_1b,only_spectrometer,35248,140992,2481728,4324,27576,7672,0.4712019999715267,6.117813000268815,6.117813000268815,1001287472,2005377984,132731343936,1001252224,80.80922000044666,81.9229250000717
openmarcie_bicycle,mixed,dense_tokens,openmarcie_bicycle__only_spectrometer__gemma3_1b,gemma3_1b,only_spectrometer,37624,150496,1087040,1100,27576,10048,0.4544729999906849,3.5651440002719754,3.5651440002719754,1001289848,2005387488,98785958976,1001252224,80.79177899981005,81.91309500034549
openmarcie_bicycle,mixed,raw,openmarcie_bicycle__only_spectrometer__gemma3_1b,gemma3_1b,only_spectrometer,35248,140992,2481728,3100,35248,0,0.8070140002018888,5.321194000713586,5.321194000713586,1001287472,2005377984,132731343936,1001252224,80.80922000044666,81.95908600100665
openmarcie_bicycle,mixed,early_fusion,openmarcie_bicycle__only_spectrometer__gemma3_1b,gemma3_1b,only_spectrometer,29104,116416,2090560,3100,29104,0,0.8263539994004532,5.340353999087238,5.340353999087238,1001281328,2005353408,132730952768,1001252224,80.80922000044666,81.99275500101066
openmarcie_bicycle,mixed,late_fusion,openmarcie_bicycle__only_spectrometer__gemma3_1b,gemma3_1b,only_spectrometer,8068,32272,484608,96,0,8068,0.07679999998799758,2.345270998889825,2.345270998889825,999894020,1999804176,110042741504,999885952,80.76161900044099,81.39413200115087
openmarcie_bicycle,mixed,local_only,openmarcie_bicycle__only_spectrometer__gemma3_1b,gemma3_1b,only_spectrometer,8068,32272,484608,52,0,8068,0.0924400001167669,2.331951000330702,2.331951000330702,999894020,1999804176,110042741504,999885952,80.76161900044099,81.41330200032826
openmarcie_bicycle,mixed,bottleneck,openmarcie_bicycle__only_spectrometer__gemma3_1b,gemma3_1b,only_spectrometer,35540,142160,2498112,684,27736,7804,0.486583000565588,3.241485000463424,3.241485000463424,1001287764,2005379152,132731360320,1001252224,80.80922000044666,81.95673700083717
openmarcie_bicycle,mixed,tokenlearner,openmarcie_bicycle__only_spectrometer__gemma3_1b,gemma3_1b,only_spectrometer,36568,146272,1070656,1100,27576,8992,0.5458719997477601,3.705143999463762,3.705143999463762,1001288792,2005383264,98785942592,1001252224,80.79177899981005,81.92116500049451
openmarcie_bicycle,mixed,posthoc_vq,openmarcie_bicycle__only_spectrometer__gemma3_1b,gemma3_1b,only_spectrometer,37296,149184,2547264,192,28600,8696,0.5721929992432706,3.023464000378584,3.023464000378584,1001289520,2005386176,132731409472,1001252224,80.80922000044666,82.14175800003432
openmarcie_bicycle,mixed,joint_vq,openmarcie_bicycle__only_spectrometer__gemma3_1b,gemma3_1b,only_spectrometer,39672,158688,1103424,81,28600,11072,0.5478829998537549,2.946073999766563,2.946073999766563,1001291896,2005395680,98785975360,1001252224,80.79177899981005,82.13379599965265
openmarcie_bicycle,mixed,deepconvlstm,openmarcie_bicycle__only_spectrometer__gemma3_1b,gemma3_1b,only_spectrometer,37316,149264,2319616,3100,37316,0,0.47264200020435965,4.987451999510522,4.987451999510522,1001289540,2005386256,132731181824,1001252224,80.80922000044666,81.63376500033337
openmarcie_bicycle,mixed,unrestricted_bank,openmarcie_bicycle__only_spectrometer__gemma3_1b,gemma3_1b,only_spectrometer,39704,158816,1103424,81,28600,11104,0.4692630000135978,2.791634000488452,2.791634000488452,1001291928,2005395808,98785975360,1001252224,80.79177899981005,81.96983499965427
openmarcie_bicycle,mixed,separate_banks,openmarcie_bicycle__only_spectrometer__gemma3_1b,gemma3_1b,only_spectrometer,39704,158816,1103424,81,28600,11104,0.6961029994272394,3.0131640005782945,3.0131640005782945,1001291928,2005395808,98785975360,1001252224,80.79177899981005,82.04757499970583
openmarcie_bicycle,mixed,fixed_resampling,openmarcie_bicycle__only_spectrometer__gemma3_1b,gemma3_1b,only_spectrometer,39704,158816,1061952,81,28600,11104,0.5487429998538573,2.7965039990084595,2.7965039990084595,1001291928,2005395808,98785933888,1001252224,80.79177899981005,82.0129050007381
openmarcie_bicycle,mixed,finetune_encoders,openmarcie_bicycle__only_spectrometer__gemma3_1b,gemma3_1b,only_spectrometer,39704,158816,1103424,81,28600,11104,0.5506030001924955,2.866245000433887,2.866245000433887,1001291928,2005395808,98785975360,1001252224,80.79177899981005,82.03351500014833
openmarcie_bicycle,mixed,no_alignment,openmarcie_bicycle__only_spectrometer__gemma3_1b,gemma3_1b,only_spectrometer,39704,158816,1103424,81,28600,11104,0.5484330004037474,2.8682440006667864,2.8682440006667864,1001291928,2005395808,98785975360,1001252224,80.79177899981005,82.04896499955794
openmarcie_bicycle,mixed,no_usage,openmarcie_bicycle__only_spectrometer__gemma3_1b,gemma3_1b,only_spectrometer,39704,158816,1103424,81,28600,11104,0.556773000425892,2.867054001428082,2.867054001428082,1001291928,2005395808,98785975360,1001252224,80.79177899981005,82.0372159996623
openmarcie_bicycle,mixed,tcn,openmarcie_bicycle__only_spectrometer__gemma3_1b,gemma3_1b,only_spectrometer,14992,59968,904512,3100,14992,0,0.6179029996928875,5.137812999634189,5.137812999634189,1001267216,2005296960,132729766720,1001252224,80.80922000044666,81.76774599996861
openmarcie_bicycle,mixed,ts_transformer,openmarcie_bicycle__only_spectrometer__gemma3_1b,gemma3_1b,only_spectrometer,27856,111424,1953088,3100,27856,0,0.6767430004401831,5.19494300118502,5.19494300118502,1001280080,2005348416,132730815296,1001252224,80.80922000044666,81.84716500090872
openmarcie_bicycle,mixed,patchtst,openmarcie_bicycle__only_spectrometer__gemma3_1b,gemma3_1b,only_spectrometer,27312,109248,8692288,3100,27312,0,0.7605729997521848,5.274464998762124,5.274464998762124,1001279536,2005346240,97381893696,1001252224,80.57326800008013,81.66937399982999
openmarcie_bicycle,cuda,distrixsense,openmarcie_bicycle__only_temperature__gemma3_1b,gemma3_1b,only_temperature,35672,142688,848064,81,28600,7072,0.5573930002356065,3.134624999831326,3.134624999831326,1001287896,2005379680,98785720000,1001252224,80.79177899981005,82.20067599995673
openmarcie_bicycle,cuda,dense,openmarcie_bicycle__only_temperature__gemma3_1b,gemma3_1b,only_temperature,31216,124864,2226368,4324,27576,3640,0.5011329994886182,6.3154550001443015,6.3154550001443015,1001283440,2005361856,132731088576,1001252224,80.80922000044666,82.02354600052786
openmarcie_bicycle,cuda,dense_tokens,openmarcie_bicycle__only_temperature__gemma3_1b,gemma3_1b,only_temperature,33592,134368,831680,1100,27576,6016,0.44179200085636694,3.784214000001957,3.784214000001957,1001285816,2005371360,98785703616,1001252224,80.79177899981005,82.05508499941061
openmarcie_bicycle,cuda,raw,openmarcie_bicycle__only_temperature__gemma3_1b,gemma3_1b,only_temperature,31216,124864,2226368,524,31216,0,0.7874339999034419,3.291744000230846,3.291744000230846,1001283440,2005361856,132731088576,1001252224,80.80922000044666,81.9994460007365
openmarcie_bicycle,cuda,early_fusion,openmarcie_bicycle__only_temperature__gemma3_1b,gemma3_1b,only_temperature,27760,111040,2007232,524,27760,0,0.8227540001826128,3.333823999960895,3.333823999960895,1001279984,2005348032,132730869440,1001252224,80.80922000044666,82.00964600109728
openmarcie_bicycle,cuda,late_fusion,openmarcie_bicycle__only_temperature__gemma3_1b,gemma3_1b,only_temperature,4036,16144,229248,96,0,4036,0.07477999952243408,2.5359219994836137,2.5359219994836137,999889988,1999788048,111453345664,999885952,80.8698690007077,81.60301200041431
openmarcie_bicycle,cuda,local_only,openmarcie_bicycle__only_temperature__gemma3_1b,gemma3_1b,only_temperature,4036,16144,229248,52,0,4036,0.09550100003252737,2.5302429996986406,2.5302429996986406,999889988,1999788048,111453345664,999885952,80.8698690007077,81.63886300008016
openmarcie_bicycle,cuda,bottleneck,openmarcie_bicycle__only_temperature__gemma3_1b,gemma3_1b,only_temperature,31508,126032,2242752,684,27736,3772,0.48363200039602816,3.421163000231015,3.421163000231015,1001283732,2005363024,132731104960,1001252224,80.80922000044666,82.0583960003205
openmarcie_bicycle,cuda,tokenlearner,openmarcie_bicycle__only_temperature__gemma3_1b,gemma3_1b,only_temperature,32536,130144,815296,1100,27576,4960,0.45091199990565656,3.7933339999607414,3.7933339999607414,1001284760,2005367136,98785687232,1001252224,80.79177899981005,82.04845499949442
openmarcie_bicycle,cuda,posthoc_vq,openmarcie_bicycle__only_temperature__gemma3_1b,gemma3_1b,only_temperature,33264,133056,2291904,192,28600,4664,0.5676830005540978,3.3031460003061452,3.3031460003061452,1001285488,2005370048,132731154112,1001252224,80.80922000044666,82.33382800062827
openmarcie_bicycle,cuda,joint_vq,openmarcie_bicycle__only_temperature__gemma3_1b,gemma3_1b,only_temperature,35640,142560,848064,81,28600,7040,0.5475130001286743,3.273954999742168,3.273954999742168,1001287864,2005379552,98785720000,1001252224,80.79177899981005,82.33500599999388
openmarcie_bicycle,cuda,deepconvlstm,openmarcie_bicycle__only_temperature__gemma3_1b,gemma3_1b,only_temperature,33284,133136,2064256,524,33284,0,0.4587620005622739,2.962613000741566,2.962613000741566,1001285508,2005370128,132730926464,1001252224,80.80922000044666,81.67159400090895
openmarcie_bicycle,cuda,unrestricted_bank,openmarcie_bicycle__only_temperature__gemma3_1b,gemma3_1b,only_temperature,35672,142688,848064,81,28600,7072,0.4588530000546598,3.0137750000284402,3.0137750000284402,1001287896,2005379680,98785720000,1001252224,80.79177899981005,82.12065499992605
openmarcie_bicycle,cuda,separate_banks,openmarcie_bicycle__only_temperature__gemma3_1b,gemma3_1b,only_temperature,35672,142688,848064,81,28600,7072,0.5582230005529709,3.13110600112112,3.13110600112112,1001287896,2005379680,98785720000,1001252224,80.79177899981005,82.20552600050723
openmarcie_bicycle,cuda,fixed_resampling,openmarcie_bicycle__only_temperature__gemma3_1b,gemma3_1b,only_temperature,35672,142688,846912,81,28600,7072,0.551262999579194,3.0860150009465404,3.0860150009465404,1001287896,2005379680,98785718848,1001252224,80.79177899981005,82.16502499999478
openmarcie_bicycle,cuda,finetune_encoders,openmarcie_bicycle__only_temperature__gemma3_1b,gemma3_1b,only_temperature,35672,142688,848064,81,28600,7072,0.6274030001804931,3.190595000916696,3.190595000916696,1001287896,2005379680,98785720000,1001252224,80.79177899981005,82.1896959996593
openmarcie_bicycle,cuda,no_alignment,openmarcie_bicycle__only_temperature__gemma3_1b,gemma3_1b,only_temperature,35672,142688,848064,81,28600,7072,0.5443230002128985,3.1132349995749653,3.1132349995749653,1001287896,2005379680,98785720000,1001252224,80.79177899981005,82.1844059992145
openmarcie_bicycle,cuda,no_usage,openmarcie_bicycle__only_temperature__gemma3_1b,gemma3_1b,only_temperature,35672,142688,848064,81,28600,7072,0.5497129996001604,3.1148950002096942,3.1148950002096942,1001287896,2005379680,98785720000,1001252224,80.79177899981005,82.18439600022975
openmarcie_bicycle,cuda,tcn,openmarcie_bicycle__only_temperature__gemma3_1b,gemma3_1b,only_temperature,13648,54592,821184,524,13648,0,0.5930030001763953,3.0979229995097732,3.0979229995097732,1001265872,2005291584,132729683392,1001252224,80.80922000044666,81.89818499977264
openmarcie_bicycle,cuda,ts_transformer,openmarcie_bicycle__only_temperature__gemma3_1b,gemma3_1b,only_temperature,26512,106048,1869760,524,26512,0,0.6747139996150509,3.186474000281759,3.186474000281759,1001278736,2005343040,132730731968,1001252224,80.80922000044666,81.87979500053189
openmarcie_bicycle,cuda,patchtst,openmarcie_bicycle__only_temperature__gemma3_1b,gemma3_1b,only_temperature,26640,106560,1087936,524,26640,0,0.754563999180391,3.2570239999728976,3.2570239999728976,1001278864,2005343552,97374289344,1001252224,80.57326800008013,81.70671300013055
openmarcie_bicycle,mixed,distrixsense,openmarcie_bicycle__only_temperature__gemma3_1b,gemma3_1b,only_temperature,35672,142688,848064,81,28600,7072,0.5503729998963536,2.8595439999043126,2.8595439999043126,1001287896,2005379680,98785720000,1001252224,80.79177899981005,82.03148500069801
openmarcie_bicycle,mixed,dense,openmarcie_bicycle__only_temperature__gemma3_1b,gemma3_1b,only_temperature,31216,124864,2226368,4324,27576,3640,0.47544199969706824,6.116232999697549,6.116232999697549,1001283440,2005361856,132731088576,1001252224,80.80922000044666,81.91044500017597
openmarcie_bicycle,mixed,dense_tokens,openmarcie_bicycle__only_temperature__gemma3_1b,gemma3_1b,only_temperature,33592,134368,831680,1100,27576,6016,0.45138200039218646,3.5702229997649555,3.5702229997649555,1001285816,2005371360,98785703616,1001252224,80.79177899981005,81.88801500000409
openmarcie_bicycle,mixed,raw,openmarcie_bicycle__only_temperature__gemma3_1b,gemma3_1b,only_temperature,31216,124864,2226368,524,31216,0,0.7918339997559087,3.2464340000985423,3.2464340000985423,1001283440,2005361856,132731088576,1001252224,80.80922000044666,81.9621670007109
openmarcie_bicycle,mixed,early_fusion,openmarcie_bicycle__only_temperature__gemma3_1b,gemma3_1b,only_temperature,27760,111040,2007232,524,27760,0,0.8543240001017693,3.306363998413598,3.306363998413598,1001279984,2005348032,132730869440,1001252224,80.80922000044666,81.9741850000355
openmarcie_bicycle,mixed,late_fusion,openmarcie_bicycle__only_temperature__gemma3_1b,gemma3_1b,only_temperature,4036,16144,229248,96,0,4036,0.07681999977648957,2.3459510007934994,2.3459510007934994,999889988,1999788048,111453345664,999885952,80.8698690007077,81.48824200088711
openmarcie_bicycle,mixed,local_only,openmarcie_bicycle__only_temperature__gemma3_1b,gemma3_1b,only_temperature,4036,16144,229248,52,0,4036,0.0918810001167003,2.327962001133966,2.327962001133966,999889988,1999788048,111453345664,999885952,80.8698690007077,81.51401200029795
openmarcie_bicycle,mixed,bottleneck,openmarcie_bicycle__only_temperature__gemma3_1b,gemma3_1b,only_temperature,31508,126032,2242752,684,27736,3772,0.47062199973879615,3.2142329994449277,3.2142329994449277,1001283732,2005363024,132731104960,1001252224,80.80922000044666,81.93552500051737
openmarcie_bicycle,mixed,tokenlearner,openmarcie_bicycle__only_temperature__gemma3_1b,gemma3_1b,only_temperature,32536,130144,815296,1100,27576,4960,0.45156200030760374,3.554392999826523,3.554392999826523,1001284760,2005367136,98785687232,1001252224,80.79177899981005,81.89065499936987
openmarcie_bicycle,mixed,posthoc_vq,openmarcie_bicycle__only_temperature__gemma3_1b,gemma3_1b,only_temperature,33264,133056,2291904,192,28600,4664,0.5712729998776922,3.0239559988134657,3.0239559988134657,1001285488,2005370048,132731154112,1001252224,80.80922000044666,82.13757699923008
openmarcie_bicycle,mixed,joint_vq,openmarcie_bicycle__only_temperature__gemma3_1b,gemma3_1b,only_temperature,35640,142560,848064,81,28600,7040,0.5543630004467559,2.9418650001679314,2.9418650001679314,1001287864,2005379552,98785720000,1001252224,80.79177899981005,82.10391600005096
openmarcie_bicycle,mixed,deepconvlstm,openmarcie_bicycle__only_temperature__gemma3_1b,gemma3_1b,only_temperature,33284,133136,2064256,524,33284,0,0.4738220004583127,2.928631999489607,2.928631999489607,1001285508,2005370128,132730926464,1001252224,80.80922000044666,81.63178500035428
openmarcie_bicycle,mixed,unrestricted_bank,openmarcie_bicycle__only_temperature__gemma3_1b,gemma3_1b,only_temperature,35672,142688,848064,81,28600,7072,0.46393200045713456,2.7745430016074213,2.7745430016074213,1001287896,2005379680,98785720000,1001252224,80.79177899981005,81.95055500073067
openmarcie_bicycle,mixed,separate_banks,openmarcie_bicycle__only_temperature__gemma3_1b,gemma3_1b,only_temperature,35672,142688,848064,81,28600,7072,0.5661130007865722,2.8930350017907447,2.8930350017907447,1001287896,2005379680,98785720000,1001252224,80.79177899981005,82.04289500008599
openmarcie_bicycle,mixed,fixed_resampling,openmarcie_bicycle__only_temperature__gemma3_1b,gemma3_1b,only_temperature,35672,142688,846912,81,28600,7072,0.5477630002133083,2.7928239997271564,2.7928239997271564,1001287896,2005379680,98785718848,1001252224,80.79177899981005,81.95412600070995
openmarcie_bicycle,mixed,finetune_encoders,openmarcie_bicycle__only_temperature__gemma3_1b,gemma3_1b,only_temperature,35672,142688,848064,81,28600,7072,0.551642000573338,2.8651040011317352,2.8651040011317352,1001287896,2005379680,98785720000,1001252224,80.79177899981005,82.08869499958382
openmarcie_bicycle,mixed,no_alignment,openmarcie_bicycle__only_temperature__gemma3_1b,gemma3_1b,only_temperature,35672,142688,848064,81,28600,7072,0.5430920000435435,2.8573840000098105,2.8573840000098105,1001287896,2005379680,98785720000,1001252224,80.79177899981005,82.0529840002564
openmarcie_bicycle,mixed,no_usage,openmarcie_bicycle__only_temperature__gemma3_1b,gemma3_1b,only_temperature,35672,142688,848064,81,28600,7072,0.5611629994746181,2.8702340005401172,2.8702340005401172,1001287896,2005379680,98785720000,1001252224,80.79177899981005,82.03497500016965
openmarcie_bicycle,mixed,tcn,openmarcie_bicycle__only_temperature__gemma3_1b,gemma3_1b,only_temperature,13648,54592,821184,524,13648,0,0.5996829995638109,3.052242999652389,3.052242999652389,1001265872,2005291584,132729683392,1001252224,80.80922000044666,81.76553399971453
openmarcie_bicycle,mixed,ts_transformer,openmarcie_bicycle__only_temperature__gemma3_1b,gemma3_1b,only_temperature,26512,106048,1869760,524,26512,0,0.6801429999541142,3.1322629992389004,3.1322629992389004,1001278736,2005343040,132730731968,1001252224,80.80922000044666,81.84713500031648
openmarcie_bicycle,mixed,patchtst,openmarcie_bicycle__only_temperature__gemma3_1b,gemma3_1b,only_temperature,26640,106560,1087936,524,26640,0,0.7644940005775425,3.2219740004763473,3.2219740004763473,1001278864,2005343552,97374289344,1001252224,80.57326800008013,81.67174499885732
openmarcie_bicycle,cuda,distrixsense,openmarcie_bicycle__only_thermal__gemma3_1b,gemma3_1b,only_thermal,72672,290688,3200064,81,28600,44072,0.5605619999187184,3.1586839996015303,3.1586839996015303,1001324896,2005527680,98788072000,1001252224,80.79177899981005,82.20833499945002
openmarcie_bicycle,cuda,dense,openmarcie_bicycle__only_thermal__gemma3_1b,gemma3_1b,only_thermal,68216,272864,4578368,4324,27576,40640,0.47157199969660724,6.309822998768813,6.309822998768813,1001320440,2005509856,132733440576,1001252224,80.80922000044666,82.02645600067626
openmarcie_bicycle,cuda,dense_tokens,openmarcie_bicycle__only_thermal__gemma3_1b,gemma3_1b,only_thermal,70592,282368,3183680,1100,27576,43016,0.44547200013766997,3.8124439988631638,3.8124439988631638,1001322816,2005519360,98788055616,1001252224,80.79177899981005,82.07832599964604
openmarcie_bicycle,cuda,raw,openmarcie_bicycle__only_thermal__gemma3_1b,gemma3_1b,only_thermal,68216,272864,4578368,15804,68216,0,0.8864250003171037,15.62002500108931,15.62002500108931,1001320440,2005509856,132733440576,1001252224,80.80922000044666,82.00972600116074
openmarcie_bicycle,cuda,early_fusion,openmarcie_bicycle__only_thermal__gemma3_1b,gemma3_1b,only_thermal,48760,195040,3335232,15804,48760,0,0.8199140002034255,15.557405001208757,15.557405001208757,1001300984,2005432032,132732197440,1001252224,80.80922000044666,82.02295599949139
openmarcie_bicycle,cuda,late_fusion,openmarcie_bicycle__only_thermal__gemma3_1b,gemma3_1b,only_thermal,41036,164144,2581248,96,0,41036,0.0761500004955451,2.5537610004586866,2.5537610004586866,999926988,1999936048,110044838144,999885952,80.76161900044099,81.53490300082922
openmarcie_bicycle,cuda,local_only,openmarcie_bicycle__only_thermal__gemma3_1b,gemma3_1b,only_thermal,41036,164144,2581248,52,0,41036,0.0935199996092706,2.554372999172739,2.554372999172739,999926988,1999936048,110044838144,999885952,80.76161900044099,81.55138399979478
openmarcie_bicycle,cuda,bottleneck,openmarcie_bicycle__only_thermal__gemma3_1b,gemma3_1b,only_thermal,68508,274032,4594752,684,27736,40772,0.47512200035271235,3.427524000718247,3.427524000718247,1001320732,2005511024,132733456960,1001252224,80.80922000044666,82.07516600123199
openmarcie_bicycle,cuda,tokenlearner,openmarcie_bicycle__only_thermal__gemma3_1b,gemma3_1b,only_thermal,69536,278144,3167296,1100,27576,41960,0.4498019998209202,3.812363999709196,3.812363999709196,1001321760,2005515136,98788039232,1001252224,80.79177899981005,82.08606599964696
openmarcie_bicycle,cuda,posthoc_vq,openmarcie_bicycle__only_thermal__gemma3_1b,gemma3_1b,only_thermal,70264,281056,4643904,192,28600,41664,0.5732630006605177,3.3393060007969266,3.3393060007969266,1001322488,2005518048,132733506112,1001252224,80.80922000044666,82.36521799972252
openmarcie_bicycle,cuda,joint_vq,openmarcie_bicycle__only_thermal__gemma3_1b,gemma3_1b,only_thermal,72640,290560,3200064,81,28600,44040,0.544962999811105,3.2774260007789824,3.2774260007789824,1001324864,2005527552,98788072000,1001252224,80.79177899981005,82.37253799870814
openmarcie_bicycle,cuda,deepconvlstm,openmarcie_bicycle__only_thermal__gemma3_1b,gemma3_1b,only_thermal,70284,281136,4416256,15804,70284,0,0.4751030000988976,15.21038300038483,15.21038300038483,1001322508,2005518128,132733278464,1001252224,80.80922000044666,81.71291399958136
openmarcie_bicycle,cuda,unrestricted_bank,openmarcie_bicycle__only_thermal__gemma3_1b,gemma3_1b,only_thermal,72672,290688,3200064,81,28600,44072,0.45498199961002683,3.0389249987200717,3.0389249987200717,1001324896,2005527680,98788072000,1001252224,80.79177899981005,82.14797599976009
openmarcie_bicycle,cuda,separate_banks,openmarcie_bicycle__only_thermal__gemma3_1b,gemma3_1b,only_thermal,72672,290688,3200064,81,28600,44072,0.5593630003204453,3.1453459996845456,3.1453459996845456,1001324896,2005527680,98788072000,1001252224,80.79177899981005,82.23868699951709
openmarcie_bicycle,cuda,fixed_resampling,openmarcie_bicycle__only_thermal__gemma3_1b,gemma3_1b,only_thermal,72672,290688,2126912,81,28600,44072,0.5488829992827959,3.0922859987475793,3.0922859987475793,1001324896,2005527680,98786998848,1001252224,80.79177899981005,82.16457600065041
openmarcie_bicycle,cuda,finetune_encoders,openmarcie_bicycle__only_thermal__gemma3_1b,gemma3_1b,only_thermal,72672,290688,3200064,81,28600,44072,0.5471929998748237,3.1417649989015306,3.1417649989015306,1001324896,2005527680,98788072000,1001252224,80.79177899981005,82.37372600069648
openmarcie_bicycle,cuda,no_alignment,openmarcie_bicycle__only_thermal__gemma3_1b,gemma3_1b,only_thermal,72672,290688,3200064,81,28600,44072,0.5494429997270345,3.1271449998092837,3.1271449998092837,1001324896,2005527680,98788072000,1001252224,80.79177899981005,82.22678599940991
openmarcie_bicycle,cuda,no_usage,openmarcie_bicycle__only_thermal__gemma3_1b,gemma3_1b,only_thermal,72672,290688,3200064,81,28600,44072,0.5530320004254463,3.127184000761085,3.127184000761085,1001324896,2005527680,98788072000,1001252224,80.79177899981005,82.22422700055176
openmarcie_bicycle,cuda,tcn,openmarcie_bicycle__only_thermal__gemma3_1b,gemma3_1b,only_thermal,34648,138592,2149184,15804,34648,0,0.5975230005788035,15.341472999215988,15.341472999215988,1001286872,2005375584,132731011392,1001252224,80.80922000044666,81.8093060006504
openmarcie_bicycle,cuda,ts_transformer,openmarcie_bicycle__only_thermal__gemma3_1b,gemma3_1b,only_thermal,47512,190048,3197760,15804,47512,0,0.6786129997635726,15.431294999734313,15.431294999734313,1001299736,2005427040,132732059968,1001252224,80.80922000044666,81.89422499981447
openmarcie_bicycle,cuda,patchtst,openmarcie_bicycle__only_thermal__gemma3_1b,gemma3_1b,only_thermal,43640,174560,47183936,15804,43640,0,0.7782239999869489,15.516173999321403,15.516173999321403,1001295864,2005411552,97420385344,1001252224,80.57326800008013,81.73814300062077
openmarcie_bicycle,mixed,distrixsense,openmarcie_bicycle__only_thermal__gemma3_1b,gemma3_1b,only_thermal,72672,290688,3200064,81,28600,44072,0.5694829997082707,2.9063739994234172,2.9063739994234172,1001324896,2005527680,98788072000,1001252224,80.79177899981005,82.071375999476
openmarcie_bicycle,mixed,dense,openmarcie_bicycle__only_thermal__gemma3_1b,gemma3_1b,only_thermal,68216,272864,4578368,4324,27576,40640,0.46325299990712665,6.116504000014847,6.116504000014847,1001320440,2005509856,132733440576,1001252224,80.80922000044666,81.93159599977662
openmarcie_bicycle,mixed,dense_tokens,openmarcie_bicycle__only_thermal__gemma3_1b,gemma3_1b,only_thermal,70592,282368,3183680,1100,27576,43016,0.4440929997144849,3.5796739994065137,3.5796739994065137,1001322816,2005519360,98788055616,1001252224,80.79177899981005,81.9114139994781
openmarcie_bicycle,mixed,raw,openmarcie_bicycle__only_thermal__gemma3_1b,gemma3_1b,only_thermal,68216,272864,4578368,15804,68216,0,0.8409140000367188,15.522614999872097,15.522614999872097,1001320440,2005509856,132733440576,1001252224,80.80922000044666,81.9799150003746
openmarcie_bicycle,mixed,early_fusion,openmarcie_bicycle__only_thermal__gemma3_1b,gemma3_1b,only_thermal,48760,195040,3335232,15804,48760,0,0.8261240000138059,15.506003998643358,15.506003998643358,1001300984,2005432032,132732197440,1001252224,80.80922000044666,82.00311600012355
openmarcie_bicycle,mixed,late_fusion,openmarcie_bicycle__only_thermal__gemma3_1b,gemma3_1b,only_thermal,41036,164144,2581248,96,0,41036,0.08293000064441003,2.3749110010296106,2.3749110010296106,999926988,1999936048,110044838144,999885952,80.76161900044099,81.39540199954354
openmarcie_bicycle,mixed,local_only,openmarcie_bicycle__only_thermal__gemma3_1b,gemma3_1b,only_thermal,41036,164144,2581248,52,0,41036,0.09389000024384586,2.3604009995938044,2.3604009995938044,999926988,1999936048,110044838144,999885952,80.76161900044099,81.42554299956828
openmarcie_bicycle,mixed,bottleneck,openmarcie_bicycle__only_thermal__gemma3_1b,gemma3_1b,only_thermal,68508,274032,4594752,684,27736,40772,0.4862220002905815,3.2503730019662065,3.2503730019662065,1001320732,2005511024,132733456960,1001252224,80.80922000044666,81.95285600049829
openmarcie_bicycle,mixed,tokenlearner,openmarcie_bicycle__only_thermal__gemma3_1b,gemma3_1b,only_thermal,69536,278144,3167296,1100,27576,41960,0.45837200013920665,3.5795929998083738,3.5795929998083738,1001321760,2005515136,98788039232,1001252224,80.79177899981005,81.90571499926591
openmarcie_bicycle,mixed,posthoc_vq,openmarcie_bicycle__only_thermal__gemma3_1b,gemma3_1b,only_thermal,70264,281056,4643904,192,28600,41664,0.5827529994348879,3.042404999704007,3.042404999704007,1001322488,2005518048,132733506112,1001252224,80.80922000044666,82.15570700031094
openmarcie_bicycle,mixed,joint_vq,openmarcie_bicycle__only_thermal__gemma3_1b,gemma3_1b,only_thermal,72640,290560,3200064,81,28600,44040,0.5496029998539598,2.954413998879213,2.954413998879213,1001324864,2005527552,98788072000,1001252224,80.79177899981005,82.12225600072998
openmarcie_bicycle,mixed,deepconvlstm,openmarcie_bicycle__only_thermal__gemma3_1b,gemma3_1b,only_thermal,70284,281136,4416256,15804,70284,0,0.6824829997640336,15.367482999726711,15.367482999726711,1001322508,2005518128,132733278464,1001252224,80.80922000044666,81.66024500042113
openmarcie_bicycle,mixed,unrestricted_bank,openmarcie_bicycle__only_thermal__gemma3_1b,gemma3_1b,only_thermal,72672,290688,3200064,81,28600,44072,0.49597300039749825,2.826074000069534,2.826074000069534,1001324896,2005527680,98788072000,1001252224,80.79177899981005,81.97588499933772
openmarcie_bicycle,mixed,separate_banks,openmarcie_bicycle__only_thermal__gemma3_1b,gemma3_1b,only_thermal,72672,290688,3200064,81,28600,44072,0.565502999961609,2.8982040003319387,2.8982040003319387,1001324896,2005527680,98788072000,1001252224,80.79177899981005,82.06567499928497
openmarcie_bicycle,mixed,fixed_resampling,openmarcie_bicycle__only_thermal__gemma3_1b,gemma3_1b,only_thermal,72672,290688,2126912,81,28600,44072,0.5464519999804907,2.8039230001303483,2.8039230001303483,1001324896,2005527680,98786998848,1001252224,80.79177899981005,81.97873500012065
openmarcie_bicycle,mixed,finetune_encoders,openmarcie_bicycle__only_thermal__gemma3_1b,gemma3_1b,only_thermal,72672,290688,3200064,81,28600,44072,0.5651430001307745,2.895304999612458,2.895304999612458,1001324896,2005527680,98788072000,1001252224,80.79177899981005,82.06466599949636
openmarcie_bicycle,mixed,no_alignment,openmarcie_bicycle__only_thermal__gemma3_1b,gemma3_1b,only_thermal,72672,290688,3200064,81,28600,44072,0.556742000298982,2.8923940008388715,2.8923940008388715,1001324896,2005527680,98788072000,1001252224,80.79177899981005,82.06462599991937
openmarcie_bicycle,mixed,no_usage,openmarcie_bicycle__only_thermal__gemma3_1b,gemma3_1b,only_thermal,72672,290688,3200064,81,28600,44072,0.556513000447012,2.8929560003524646,2.8929560003524646,1001324896,2005527680,98788072000,1001252224,80.79177899981005,82.07251599924348
openmarcie_bicycle,mixed,tcn,openmarcie_bicycle__only_thermal__gemma3_1b,gemma3_1b,only_thermal,34648,138592,2149184,15804,34648,0,0.6153229996925802,15.295762997856876,15.295762997856876,1001286872,2005375584,132731011392,1001252224,80.80922000044666,81.79740499963373
openmarcie_bicycle,mixed,ts_transformer,openmarcie_bicycle__only_thermal__gemma3_1b,gemma3_1b,only_thermal,47512,190048,3197760,15804,47512,0,0.6915929998285719,15.374942999960261,15.374942999960261,1001299736,2005427040,132732059968,1001252224,80.80922000044666,81.86595600091096
openmarcie_bicycle,mixed,patchtst,openmarcie_bicycle__only_thermal__gemma3_1b,gemma3_1b,only_thermal,43640,174560,47183936,15804,43640,0,0.7834039997760556,15.467054000373103,15.467054000373103,1001295864,2005411552,97420385344,1001252224,80.57326800008013,81.7016529990724
openmarcie_printer,cuda,distrixsense,openmarcie_printer__all__gemma3_1b,gemma3_1b,all,1379624,5518496,97098432,1634,48184,1331440,2.6319439994040295,6.106039999880502,39.051211000700995,1002631848,2010755488,356354099392,1001252224,80.76403900031437,93.54753400111804
openmarcie_printer,cuda,dense,openmarcie_printer__all__gemma3_1b,gemma3_1b,all,1294960,5179840,207336128,82156,28728,1266232,1.5771879998283111,11.730413999573537,100.25482999974706,1002547184,2010416832,1039742808256,1001252224,93.53188299974136,102.55682800016075
openmarcie_printer,cuda,dense_tokens,openmarcie_printer__all__gemma3_1b,gemma3_1b,all,1340104,5360416,96787136,20900,28728,1311376,1.463647000491619,6.4564019998558795,52.906798001996066,1002592328,2010597408,356353788096,1001252224,80.76403900031437,91.5831430011167
openmarcie_printer,cuda,raw,openmarcie_printer__all__gemma3_1b,gemma3_1b,all,1294960,5179840,207336128,965612,1294960,0,6.295082000178809,321.29153500039945,806.5092490007438,1002547184,2010416832,1039742808256,1001252224,93.53188299974136,101.87240499908512
openmarcie_printer,cuda,early_fusion,openmarcie_printer__all__gemma3_1b,gemma3_1b,all,901168,3604672,57498304,965612,901168,0,4.610364000654954,319.61951600072905,804.8521610018789,1002153392,2008841664,183834171584,1001252224,80.93567000014446,87.56584399998246
openmarcie_printer,cuda,late_fusion,openmarcie_printer__all__gemma3_1b,gemma3_1b,all,1273756,5095024,80640768,1824,0,1273756,0.3705119997903239,3.601226998924534,35.25575899623322,1001159708,2004866928,161048025344,999885952,80.74657900033344,88.71602900126163
openmarcie_printer,cuda,local_only,openmarcie_printer__all__gemma3_1b,gemma3_1b,all,1273756,5095024,80640768,988,0,1273756,0.6193130002429825,3.7855790005623597,34.6994389990597,1001159708,2004866928,161048025344,999885952,80.74657900033344,89.10870100044122
openmarcie_printer,cuda,bottleneck,openmarcie_printer__all__gemma3_1b,gemma3_1b,all,1300508,5202032,207647424,12996,31768,1268740,1.7196290000356385,5.9049339997637205,45.423836003317334,1002552732,2010439024,1039743119552,1001252224,93.53188299974136,103.20393199890532
openmarcie_printer,cuda,tokenlearner,openmarcie_printer__all__gemma3_1b,gemma3_1b,all,1320040,5280160,96475840,20900,28728,1291312,1.4809779995630379,6.445292998648947,52.66599199930235,1002572264,2010517152,356353476800,1001252224,80.76403900031437,91.38783300022624
openmarcie_printer,cuda,posthoc_vq,openmarcie_printer__all__gemma3_1b,gemma3_1b,all,1567344,6269376,208581312,4028,48184,1519160,2.6983440002368297,6.528431000964355,42.68942799946797,1002819568,2011506368,1039744053440,1001252224,93.53188299974136,107.85465499975544
openmarcie_printer,cuda,joint_vq,openmarcie_printer__all__gemma3_1b,gemma3_1b,all,1612488,6449952,97098432,1634,48184,1564304,2.57585300005303,6.336642001346243,41.85868100103543,1002864712,2011686944,356354099392,1001252224,80.76403900031437,96.48689800087595
openmarcie_printer,cuda,deepconvlstm,openmarcie_printer__all__gemma3_1b,gemma3_1b,all,1239428,4957712,78923008,965612,1239428,0,4.147001000092132,319.1383750008198,804.702989999175,1002491652,2010194704,183855596288,1001252224,80.93567000014446,87.19669199945201
openmarcie_printer,cuda,unrestricted_bank,openmarcie_printer__all__gemma3_1b,gemma3_1b,all,1740776,6963104,102701760,1634,48184,1692592,1.58713800010446,5.061005000728962,38.02425499816744,1002993000,2012200096,356359702720,1001252224,80.76403900031437,92.56386800007022
openmarcie_printer,cuda,separate_banks,openmarcie_printer__all__gemma3_1b,gemma3_1b,all,1379624,5518496,97098432,1634,48184,1331440,2.732883999669866,6.234891001016856,39.175239003275045,1002631848,2010755488,356354099392,1001252224,80.76403900031437,94.10932700029662
openmarcie_printer,cuda,fixed_resampling,openmarcie_printer__all__gemma3_1b,gemma3_1b,all,1379624,5518496,46995648,1634,48184,1331440,2.565202999903704,5.966610000117705,38.30575400025263,1002631848,2010755488,356303996608,1001252224,80.76403900031437,93.36198399978457
openmarcie_printer,cuda,finetune_encoders,openmarcie_printer__all__gemma3_1b,gemma3_1b,all,1379624,5518496,97098432,1634,48184,1331440,2.5798229999054456,6.05548000069937,39.024537002664864,1002631848,2010755488,356354099392,1001252224,80.76403900031437,94.23566699933872
openmarcie_printer,cuda,no_alignment,openmarcie_printer__all__gemma3_1b,gemma3_1b,all,1379624,5518496,97098432,1634,48184,1331440,2.609782999570598,6.262690999878012,39.48715200204314,1002631848,2010755488,356354099392,1001252224,80.76403900031437,93.62136300114798
openmarcie_printer,cuda,no_usage,openmarcie_printer__all__gemma3_1b,gemma3_1b,all,1379624,5518496,97098432,1634,48184,1331440,2.596653000182414,6.334401000944106,39.97815600178436,1002631848,2010755488,356354099392,1001252224,80.76403900031437,93.48585299994738
openmarcie_printer,cuda,tcn,openmarcie_printer__all__gemma3_1b,gemma3_1b,all,886480,3545920,56312256,965612,886480,0,4.325922000134597,319.3294849997427,804.5497809991567,1002138704,2008782912,183832985536,1001252224,80.93567000014446,87.35185300065496
openmarcie_printer,cuda,ts_transformer,openmarcie_printer__all__gemma3_1b,gemma3_1b,all,899344,3597376,57360832,965612,899344,0,4.372301999865158,319.3669760002548,804.576882999033,1002151568,2008834368,183834034112,1001252224,80.93567000014446,87.43784199941729
openmarcie_printer,cuda,patchtst,openmarcie_printer__all__gemma3_1b,gemma3_1b,all,815280,3261120,992372416,965612,815280,0,4.6175429997674655,319.62575600113166,804.8391210006295,1002067504,2008498112,149221692096,1001252224,80.77674900050624,87.44029300123657
openmarcie_printer,mixed,distrixsense,openmarcie_printer__all__gemma3_1b,gemma3_1b,all,1379624,5518496,97098432,1634,48184,1331440,2.6381430006949813,5.667467000906961,35.046146000245045,1002631848,2010755488,356354099392,1001252224,80.76403900031437,91.84983499926602
openmarcie_printer,mixed,dense,openmarcie_printer__all__gemma3_1b,gemma3_1b,all,1294960,5179840,207336128,82156,28728,1266232,1.6142680005941656,11.37082400069401,98.09189399987012,1002547184,2010416832,1039742808256,1001252224,93.53188299974136,100.23021700089885
openmarcie_printer,mixed,dense_tokens,openmarcie_printer__all__gemma3_1b,gemma3_1b,all,1340104,5360416,96787136,20900,28728,1311376,1.7252780007765978,6.283402001315844,49.201571000222174,1002592328,2010597408,356353788096,1001252224,80.76403900031437,88.86379900104657
openmarcie_printer,mixed,raw,openmarcie_printer__all__gemma3_1b,gemma3_1b,all,1294960,5179840,207336128,965612,1294960,0,6.2730810004723025,321.19643300024006,805.5666850024928,1002547184,2010416832,1039742808256,1001252224,93.53188299974136,101.32591199999297
openmarcie_printer,mixed,early_fusion,openmarcie_printer__all__gemma3_1b,gemma3_1b,all,901168,3604672,57498304,965612,901168,0,4.610162999597378,319.57268600030045,803.9112770022322,1002153392,2008841664,183834171584,1001252224,80.93567000014446,86.72544900036883
openmarcie_printer,mixed,late_fusion,openmarcie_printer__all__gemma3_1b,gemma3_1b,all,1273756,5095024,80640768,1824,0,1273756,0.3717119998327689,3.2441459994319244,31.690088001075072,1001159708,2004866928,161048025344,999885952,80.74657900033344,86.27429700027278
openmarcie_printer,mixed,local_only,openmarcie_printer__all__gemma3_1b,gemma3_1b,all,1273756,5095024,80640768,988,0,1273756,0.6889529995532939,3.498054999893578,31.41471099913374,1001159708,2004866928,161048025344,999885952,80.74657900033344,86.48098800131265
openmarcie_printer,mixed,bottleneck,openmarcie_printer__all__gemma3_1b,gemma3_1b,all,1300508,5202032,207647424,12996,31768,1268740,1.74483900082123,5.587484000889212,42.11450199894672,1002552732,2010439024,1039743119552,1001252224,93.53188299974136,100.90230100013287
openmarcie_printer,mixed,tokenlearner,openmarcie_printer__all__gemma3_1b,gemma3_1b,all,1320040,5280160,96475840,20900,28728,1291312,1.4924779998182203,6.029172000524122,48.624700001337914,1002572264,2010517152,356353476800,1001252224,80.76403900031437,88.05661600035819
openmarcie_printer,mixed,posthoc_vq,openmarcie_printer__all__gemma3_1b,gemma3_1b,all,1567344,6269376,208581312,4028,48184,1519160,2.7611239993348136,6.047647999088094,37.49082099922942,1002819568,2011506368,1039744053440,1001252224,93.53188299974136,103.92320599930827
openmarcie_printer,mixed,joint_vq,openmarcie_printer__all__gemma3_1b,gemma3_1b,all,1612488,6449952,97098432,1634,48184,1564304,2.622803999656753,5.782218999715021,36.15204499874816,1002864712,2011686944,356354099392,1001252224,80.76403900031437,91.3995420005449
openmarcie_printer,mixed,deepconvlstm,openmarcie_printer__all__gemma3_1b,gemma3_1b,all,1239428,4957712,78923008,965612,1239428,0,4.20779100022628,319.1226930002257,803.4177439978586,1002491652,2010194704,183855596288,1001252224,80.93567000014446,86.4051879998442
openmarcie_printer,mixed,unrestricted_bank,openmarcie_printer__all__gemma3_1b,gemma3_1b,all,1740776,6963104,102701760,1634,48184,1692592,1.633828000194626,4.676093000429298,33.870227001902805,1002993000,2012200096,356359702720,1001252224,80.76403900031437,89.05022100043425
openmarcie_printer,mixed,separate_banks,openmarcie_printer__all__gemma3_1b,gemma3_1b,all,1379624,5518496,97098432,1634,48184,1331440,2.732173999902443,5.742127998504636,34.8448389968369,1002631848,2010755488,356354099392,1001252224,80.76403900031437,90.23354700093478
openmarcie_printer,mixed,fixed_resampling,openmarcie_printer__all__gemma3_1b,gemma3_1b,all,1379624,5518496,46995648,1634,48184,1331440,2.601443000457948,5.466577000819577,33.22471000320073,1002631848,2010755488,356303996608,1001252224,80.76403900031437,88.34039700013818
openmarcie_printer,mixed,finetune_encoders,openmarcie_printer__all__gemma3_1b,gemma3_1b,all,1379624,5518496,97098432,1634,48184,1331440,2.637343000060355,5.657436999657855,34.77908699915568,1002631848,2010755488,356354099392,1001252224,80.76403900031437,89.9433249996946
openmarcie_printer,mixed,no_alignment,openmarcie_printer__all__gemma3_1b,gemma3_1b,all,1379624,5518496,97098432,1634,48184,1331440,2.6312830004826537,5.651968000651302,34.735767002534686,1002631848,2010755488,356354099392,1001252224,80.76403900031437,90.02767600122752
openmarcie_printer,mixed,no_usage,openmarcie_printer__all__gemma3_1b,gemma3_1b,all,1379624,5518496,97098432,1634,48184,1331440,2.6493229997868184,5.664796999129956,34.75964800054933,1002631848,2010755488,356354099392,1001252224,80.76403900031437,89.99365599993325
openmarcie_printer,mixed,tcn,openmarcie_printer__all__gemma3_1b,gemma3_1b,all,886480,3545920,56312256,965612,886480,0,4.326392999246309,319.2407659989284,803.5339960035409,1002138704,2008782912,183832985536,1001252224,80.93567000014446,86.50347799994051
openmarcie_printer,mixed,ts_transformer,openmarcie_printer__all__gemma3_1b,gemma3_1b,all,899344,3597376,57360832,965612,899344,0,4.402361999382265,319.3231539989382,803.6155649981148,1002151568,2008834368,183834034112,1001252224,80.93567000014446,86.5986979997615
openmarcie_printer,mixed,patchtst,openmarcie_printer__all__gemma3_1b,gemma3_1b,all,815280,3261120,992372416,965612,815280,0,4.660953999518824,319.5820780001112,803.8768189992035,1002067504,2008498112,149221692096,1001252224,80.77674900050624,86.58788000047934
openmarcie_printer,cuda,distrixsense,openmarcie_printer__only_audio__gemma3_1b,gemma3_1b,only_audio,740836,2963344,46156160,164,29688,711148,0.6968540001253132,3.3247670001711462,5.885139000082027,1001993060,2008200336,112953992064,1001252224,80.81370000036259,82.97773199956282
openmarcie_printer,cuda,dense,openmarcie_printer__only_audio__gemma3_1b,gemma3_1b,only_audio,731924,2927696,49404288,8648,27640,704284,0.5315319995133905,6.409875000240153,12.228127000261773,1001984148,2008164688,181070140288,1001252224,80.52677799969388,82.254556999942
openmarcie_printer,cuda,dense_tokens,openmarcie_printer__only_audio__gemma3_1b,gemma3_1b,only_audio,736676,2946704,46123392,2200,27640,709036,0.5065329996796208,3.9084959980708662,7.267757998297165,1001988900,2008183696,112953959296,1001252224,80.81370000036259,82.70991999961552
openmarcie_printer,cuda,raw,openmarcie_printer__only_audio__gemma3_1b,gemma3_1b,only_audio,731924,2927696,49404288,780968,731924,0,1.168466000308399,315.80082700014725,630.3003279998645,1001984148,2008164688,181070140288,1001252224,80.52677799969388,82.34205599910638
openmarcie_printer,cuda,early_fusion,openmarcie_printer__only_audio__gemma3_1b,gemma3_1b,only_audio,594164,2376656,38121856,780968,594164,0,1.064946000042255,315.69687699897156,630.1942569988366,1001846388,2007613648,135595731840,1001252224,80.8184990000882,82.56262900067668
openmarcie_printer,cuda,late_fusion,openmarcie_printer__only_audio__gemma3_1b,gemma3_1b,only_audio,705076,2820304,44935936,192,0,705076,0.09479000073042698,2.6266110003827605,5.096722000535368,1000591028,2002592208,112909124864,999885952,80.81370000036259,82.06029600023612
openmarcie_printer,cuda,local_only,openmarcie_printer__only_audio__gemma3_1b,gemma3_1b,only_audio,705076,2820304,44935936,104,0,705076,0.12124099976063007,2.61233300013144,5.047275999945635,1000591028,2002592208,112909124864,999885952,80.81370000036259,82.09281600102258
openmarcie_printer,cuda,bottleneck,openmarcie_printer__only_audio__gemma3_1b,gemma3_1b,only_audio,732508,2930032,49437056,1368,27960,704548,0.5459630001496407,3.8225659993904877,6.77791799948141,1001984732,2008167024,181070173056,1001252224,80.52677799969388,82.32003699959023
openmarcie_printer,cuda,tokenlearner,openmarcie_printer__only_audio__gemma3_1b,gemma3_1b,only_audio,734564,2938256,46090624,2200,27640,706924,0.5224129999987781,3.924225999066839,7.274707999376696,1001986788,2008175248,112953926528,1001252224,80.81370000036259,82.69829000073514
openmarcie_printer,cuda,posthoc_vq,openmarcie_printer__only_audio__gemma3_1b,gemma3_1b,only_audio,738068,2952272,49535360,392,29688,708380,0.7119139991118573,3.509717999611236,6.253820000506088,1001990292,2008189264,181070271360,1001252224,80.52677799969388,82.88594099940383
openmarcie_printer,cuda,joint_vq,openmarcie_printer__only_audio__gemma3_1b,gemma3_1b,only_audio,742820,2971280,46156160,164,29688,713132,0.676833999932569,3.4582670008004293,6.1812210011960005,1001995044,2008208272,112953992064,1001252224,80.81370000036259,83.2858630001283
openmarcie_printer,cuda,deepconvlstm,openmarcie_printer__only_audio__gemma3_1b,gemma3_1b,only_audio,730792,2923168,46573568,780968,730792,0,0.73244400027761,315.36280600079306,629.8572360000232,1001983016,2008160160,135604183552,1001252224,80.8184990000882,82.21021600002132
openmarcie_printer,cuda,unrestricted_bank,openmarcie_printer__only_audio__gemma3_1b,gemma3_1b,only_audio,742948,2971792,46188928,164,29688,713260,0.5411729998741066,3.1681070007235625,5.734469000952423,1001995172,2008208784,112954024832,1001252224,80.81370000036259,82.85249999971711
openmarcie_printer,cuda,separate_banks,openmarcie_printer__only_audio__gemma3_1b,gemma3_1b,only_audio,740836,2963344,46156160,164,29688,711148,0.704113000210782,3.336065001653065,5.902057002156845,1001993060,2008200336,112953992064,1001252224,80.81370000036259,83.01704100085772
openmarcie_printer,cuda,fixed_resampling,openmarcie_printer__only_audio__gemma3_1b,gemma3_1b,only_audio,740836,2963344,12141696,164,29688,711148,0.9406350000062957,3.5207669992215465,6.038508998852386,1001993060,2008200336,112919977600,1001252224,80.81370000036259,82.86698000028991
openmarcie_printer,cuda,finetune_encoders,openmarcie_printer__only_audio__gemma3_1b,gemma3_1b,only_audio,740836,2963344,46156160,164,29688,711148,0.6733740001436672,3.2972360007389447,5.859108000248135,1001993060,2008200336,112953992064,1001252224,80.81370000036259,82.95316100065975
openmarcie_printer,cuda,no_alignment,openmarcie_printer__only_audio__gemma3_1b,gemma3_1b,only_audio,740836,2963344,46156160,164,29688,711148,0.6750940001438721,3.3098169991118134,5.867848999212775,1001993060,2008200336,112953992064,1001252224,80.81370000036259,82.95569000074465
openmarcie_printer,cuda,no_usage,openmarcie_printer__only_audio__gemma3_1b,gemma3_1b,only_audio,740836,2963344,46156160,164,29688,711148,0.6761040003766539,3.303026999978197,5.868159000481874,1001993060,2008200336,112953992064,1001252224,80.81370000036259,82.96744100061915
openmarcie_printer,cuda,tcn,openmarcie_printer__only_audio__gemma3_1b,gemma3_1b,only_audio,580020,2320080,36935808,780968,580020,0,0.8483339997837902,315.4734459994314,629.9687269992116,1001832244,2007557072,135594545792,1001252224,80.8184990000882,82.35233599953062
openmarcie_printer,cuda,ts_transformer,openmarcie_printer__only_audio__gemma3_1b,gemma3_1b,only_audio,592884,2371536,37984384,780968,592884,0,0.9308250000685803,315.5573159992299,630.0525269988409,1001845108,2007608528,135595594368,1001252224,80.8184990000882,82.41885799998272
openmarcie_printer,cuda,patchtst,openmarcie_printer__only_audio__gemma3_1b,gemma3_1b,only_audio,560180,2240720,404298112,780968,560180,0,1.0086649999720976,315.6441549999171,630.1415959995918,1001812404,2007477712,100595597696,1001252224,80.72033899952658,82.38775700010592
openmarcie_printer,mixed,distrixsense,openmarcie_printer__only_audio__gemma3_1b,gemma3_1b,only_audio,740836,2963344,46156160,164,29688,711148,0.6936939998922753,3.134655999323609,5.518217999149975,1001993060,2008200336,112953992064,1001252224,80.81370000036259,82.87663999999495
openmarcie_printer,mixed,dense,openmarcie_printer__only_audio__gemma3_1b,gemma3_1b,only_audio,731924,2927696,49404288,8648,27640,704284,0.5322030001480016,6.298233999909589,12.012215999411163,1001984148,2008164688,181070140288,1001252224,80.52677799969388,82.17431600041891
openmarcie_printer,mixed,dense_tokens,openmarcie_printer__only_audio__gemma3_1b,gemma3_1b,only_audio,736676,2946704,46123392,2200,27640,709036,0.51758300014626,3.746424000378174,6.932056001450983,1001988900,2008183696,112953959296,1001252224,80.81370000036259,82.51632900100958
openmarcie_printer,mixed,raw,openmarcie_printer__only_audio__gemma3_1b,gemma3_1b,only_audio,731924,2927696,49404288,780968,731924,0,1.17238599978009,315.72217699971486,630.141966999761,1001984148,2008164688,181070140288,1001252224,80.52677799969388,82.21512699947198
openmarcie_printer,mixed,early_fusion,openmarcie_printer__only_audio__gemma3_1b,gemma3_1b,only_audio,594164,2376656,38121856,780968,594164,0,1.0680460000003222,315.61839600084465,630.0380160017792,1001846388,2007613648,135595731840,1001252224,80.8184990000882,82.42973699998402
openmarcie_printer,mixed,late_fusion,openmarcie_printer__only_audio__gemma3_1b,gemma3_1b,only_audio,705076,2820304,44935936,192,0,705076,0.09393099935550708,2.488212999710592,4.8360640004197135,1000591028,2002592208,112909124864,999885952,80.81370000036259,81.93927600041206
openmarcie_printer,mixed,local_only,openmarcie_printer__only_audio__gemma3_1b,gemma3_1b,only_audio,705076,2820304,44935936,104,0,705076,0.24145200040948112,2.6064330006806644,4.926224000459991,1000591028,2002592208,112909124864,999885952,80.81370000036259,81.98960600020655
openmarcie_printer,mixed,bottleneck,openmarcie_printer__only_audio__gemma3_1b,gemma3_1b,only_audio,732508,2930032,49437056,1368,27960,704548,0.5536129992833594,3.4329949997036486,6.263666000033531,1001984732,2008167024,181070173056,1001252224,80.52677799969388,82.26425599968934
openmarcie_printer,mixed,tokenlearner,openmarcie_printer__only_audio__gemma3_1b,gemma3_1b,only_audio,734564,2938256,46090624,2200,27640,706924,0.5212819996813778,3.755452999935078,6.9365649996959835,1001986788,2008175248,112953926528,1001252224,80.81370000036259,82.5059680009872
openmarcie_printer,mixed,posthoc_vq,openmarcie_printer__only_audio__gemma3_1b,gemma3_1b,only_audio,738068,2952272,49535360,392,29688,708380,0.748204000046826,3.3292759997377988,5.8467579988924205,1001990292,2008189264,181070271360,1001252224,80.52677799969388,82.57638800023415
openmarcie_printer,mixed,joint_vq,openmarcie_printer__only_audio__gemma3_1b,gemma3_1b,only_audio,742820,2971280,46156160,164,29688,713132,0.6861629999548313,3.2046350000510806,5.667656999929214,1001995044,2008208272,112953992064,1001252224,80.81370000036259,82.90211000075942
openmarcie_printer,mixed,deepconvlstm,openmarcie_printer__only_audio__gemma3_1b,gemma3_1b,only_audio,730792,2923168,46573568,780968,730792,0,0.7302939993678592,315.28194499964127,629.7011660007026,1001983016,2008160160,135604183552,1001252224,80.8184990000882,82.08976600053575
openmarcie_printer,mixed,unrestricted_bank,openmarcie_printer__only_audio__gemma3_1b,gemma3_1b,only_audio,742948,2971792,46188928,164,29688,713260,0.5402429997047875,2.980475000489701,5.362176999977429,1001995172,2008208784,112954024832,1001252224,80.81370000036259,82.64474899897323
openmarcie_printer,mixed,separate_banks,openmarcie_printer__only_audio__gemma3_1b,gemma3_1b,only_audio,740836,2963344,46156160,164,29688,711148,0.7072930002323119,3.1671649997716536,5.554865999936929,1001993060,2008200336,112953992064,1001252224,80.81370000036259,82.86865100035357
openmarcie_printer,mixed,fixed_resampling,openmarcie_printer__only_audio__gemma3_1b,gemma3_1b,only_audio,740836,2963344,12141696,164,29688,711148,0.6839739999122685,2.9910050000890855,5.238655999772355,1001993060,2008200336,112919977600,1001252224,80.81370000036259,82.46911999958684
openmarcie_printer,mixed,finetune_encoders,openmarcie_printer__only_audio__gemma3_1b,gemma3_1b,only_audio,740836,2963344,46156160,164,29688,711148,0.7013739996182267,3.1455760002555557,5.533008000991877,1001993060,2008200336,112953992064,1001252224,80.81370000036259,82.77322100002493
openmarcie_printer,mixed,no_alignment,openmarcie_printer__only_audio__gemma3_1b,gemma3_1b,only_audio,740836,2963344,46156160,164,29688,711148,0.8380839999517775,3.2804249998062964,5.670487000014155,1001993060,2008200336,112953992064,1001252224,80.81370000036259,82.7465909997045
openmarcie_printer,mixed,no_usage,openmarcie_printer__only_audio__gemma3_1b,gemma3_1b,only_audio,740836,2963344,46156160,164,29688,711148,0.6897640005263384,3.1278850004438077,5.51445599982636,1001993060,2008200336,112953992064,1001252224,80.81370000036259,82.75434100141865
openmarcie_printer,mixed,tcn,openmarcie_printer__only_audio__gemma3_1b,gemma3_1b,only_audio,580020,2320080,36935808,780968,580020,0,0.8693240006323322,315.42379400065226,629.8435039997255,1001832244,2007557072,135594545792,1001252224,80.8184990000882,82.22314700014977
openmarcie_printer,mixed,ts_transformer,openmarcie_printer__only_audio__gemma3_1b,gemma3_1b,only_audio,592884,2371536,37984384,780968,592884,0,0.9762849995240686,315.5257859988877,629.945965999357,1001845108,2007608528,135595594368,1001252224,80.8184990000882,82.29178599958686
openmarcie_printer,mixed,patchtst,openmarcie_printer__only_audio__gemma3_1b,gemma3_1b,only_audio,560180,2240720,404298112,780968,560180,0,1.0149949994229246,315.5801659995076,629.9987470000613,1001812404,2007477712,100595597696,1001252224,80.72033899952658,82.2549969998363
openmarcie_printer,cuda,distrixsense,openmarcie_printer__only_barometer__gemma3_1b,gemma3_1b,only_barometer,35502,142008,837312,81,28600,6902,0.5417530001068371,3.1193650002313777,3.1193650002313777,1001287726,2005379000,98785709248,1001252224,80.79177899981005,82.1964160004427
openmarcie_printer,cuda,dense,openmarcie_printer__only_barometer__gemma3_1b,gemma3_1b,only_barometer,31046,124184,2215616,4324,27576,3470,0.47390199961228063,6.306953000925877,6.306953000925877,1001283270,2005361176,132731077824,1001252224,80.80922000044666,82.01364600063243
openmarcie_printer,cuda,dense_tokens,openmarcie_printer__only_barometer__gemma3_1b,gemma3_1b,only_barometer,33422,133688,820928,1100,27576,5846,0.44407199948182097,3.805833999644965,3.805833999644965,1001285646,2005370680,98785692864,1001252224,80.79177899981005,82.0500659992831
openmarcie_printer,cuda,raw,openmarcie_printer__only_barometer__gemma3_1b,gemma3_1b,only_barometer,31046,124184,2215616,404,31046,0,0.7962040008351323,3.204044001585501,3.204044001585501,1001283270,2005361176,132731077824,1001252224,80.80922000044666,82.08081600059813
openmarcie_printer,cuda,early_fusion,openmarcie_printer__only_barometer__gemma3_1b,gemma3_1b,only_barometer,27718,110872,2004672,404,27718,0,0.8228039996538428,3.2311649998966487,3.2311649998966487,1001279942,2005347864,132730866880,1001252224,80.80922000044666,82.06625599996187
openmarcie_printer,cuda,late_fusion,openmarcie_printer__only_barometer__gemma3_1b,gemma3_1b,only_barometer,3866,15464,218496,96,0,3866,0.07639099931111559,2.5423339998862473,2.5423339998862473,999889818,1999787368,110042475392,999885952,80.76161900044099,81.51871300105995
openmarcie_printer,cuda,local_only,openmarcie_printer__only_barometer__gemma3_1b,gemma3_1b,only_barometer,3866,15464,218496,52,0,3866,0.09202099954563892,2.523881999211409,2.523881999211409,999889818,1999787368,110042475392,999885952,80.76161900044099,81.53681400108326
openmarcie_printer,cuda,bottleneck,openmarcie_printer__only_barometer__gemma3_1b,gemma3_1b,only_barometer,31338,125352,2232000,684,27736,3602,0.4785230003108154,3.421495000357961,3.421495000357961,1001283562,2005362344,132731094208,1001252224,80.80922000044666,82.0520060015042
openmarcie_printer,cuda,tokenlearner,openmarcie_printer__only_barometer__gemma3_1b,gemma3_1b,only_barometer,32366,129464,804544,1100,27576,4790,0.44258199977775803,3.791244000235456,3.791244000235456,1001284590,2005366456,98785676480,1001252224,80.79177899981005,82.31851599975926
openmarcie_printer,cuda,posthoc_vq,openmarcie_printer__only_barometer__gemma3_1b,gemma3_1b,only_barometer,33094,132376,2281152,192,28600,4494,0.5722129999412573,3.3039149989948724,3.3039149989948724,1001285318,2005369368,132731143360,1001252224,80.80922000044666,82.38781800082506
openmarcie_printer,cuda,joint_vq,openmarcie_printer__only_barometer__gemma3_1b,gemma3_1b,only_barometer,35470,141880,837312,81,28600,6870,0.5490430003192159,3.2670359996990417,3.2670359996990417,1001287694,2005378872,98785709248,1001252224,80.79177899981005,82.37607699993532
openmarcie_printer,cuda,deepconvlstm,openmarcie_printer__only_barometer__gemma3_1b,gemma3_1b,only_barometer,33114,132456,2053504,404,33114,0,0.4658620000554947,2.877792000298726,2.877792000298726,1001285338,2005369448,132730915712,1001252224,80.80922000044666,81.66168400111928
openmarcie_printer,cuda,unrestricted_bank,openmarcie_printer__only_barometer__gemma3_1b,gemma3_1b,only_barometer,35502,142008,837312,81,28600,6902,0.4546819991446682,3.014393999393983,3.014393999393983,1001287726,2005379000,98785709248,1001252224,80.79177899981005,82.12986600028671
openmarcie_printer,cuda,separate_banks,openmarcie_printer__only_barometer__gemma3_1b,gemma3_1b,only_barometer,35502,142008,837312,81,28600,6902,0.5626430001939298,3.119834999808413,3.119834999808413,1001287726,2005379000,98785709248,1001252224,80.79177899981005,82.26964700043027
openmarcie_printer,cuda,fixed_resampling,openmarcie_printer__only_barometer__gemma3_1b,gemma3_1b,only_barometer,35502,142008,836672,81,28600,6902,0.5534729998544208,3.08212599978277,3.08212599978277,1001287726,2005379000,98785708608,1001252224,80.79177899981005,82.1612150002693
openmarcie_printer,cuda,finetune_encoders,openmarcie_printer__only_barometer__gemma3_1b,gemma3_1b,only_barometer,35502,142008,837312,81,28600,6902,0.5469130001074518,3.1187250006331713,3.1187250006331713,1001287726,2005379000,98785709248,1001252224,80.79177899981005,82.18532599948958
openmarcie_printer,cuda,no_alignment,openmarcie_printer__only_barometer__gemma3_1b,gemma3_1b,only_barometer,35502,142008,837312,81,28600,6902,0.5489129998750286,3.105865998833801,3.105865998833801,1001287726,2005379000,98785709248,1001252224,80.79177899981005,82.22044600097433
openmarcie_printer,cuda,no_usage,openmarcie_printer__only_barometer__gemma3_1b,gemma3_1b,only_barometer,35502,142008,837312,81,28600,6902,0.5521429993677884,3.1081549987283186,3.1081549987283186,1001287726,2005379000,98785709248,1001252224,80.79177899981005,82.20869600063452
openmarcie_printer,cuda,tcn,openmarcie_printer__only_barometer__gemma3_1b,gemma3_1b,only_barometer,13606,54424,818624,404,13606,0,0.5906530004722299,2.9987930007784627,2.9987930007784627,1001265830,2005291416,132729680832,1001252224,80.80922000044666,81.79053500043665
openmarcie_printer,cuda,ts_transformer,openmarcie_printer__only_barometer__gemma3_1b,gemma3_1b,only_barometer,26470,105880,1867200,404,26470,0,0.6670630000371602,3.073683000956592,3.073683000956592,1001278694,2005342872,132730729408,1001252224,80.80922000044666,81.93442500032688
openmarcie_printer,cuda,patchtst,openmarcie_printer__only_barometer__gemma3_1b,gemma3_1b,only_barometer,26630,106520,727232,404,26630,0,0.8942039994508377,3.3002539991222903,3.3002539991222903,1001278854,2005343512,97373928640,1001252224,80.57326800008013,81.70389299993985
openmarcie_printer,mixed,distrixsense,openmarcie_printer__only_barometer__gemma3_1b,gemma3_1b,only_barometer,35502,142008,837312,81,28600,6902,0.5436929995994433,2.8534640005381195,2.8534640005381195,1001287726,2005379000,98785709248,1001252224,80.79177899981005,82.02723499925924
openmarcie_printer,mixed,dense,openmarcie_printer__only_barometer__gemma3_1b,gemma3_1b,only_barometer,31046,124184,2215616,4324,27576,3470,0.47259300026780693,6.111233999358537,6.111233999358537,1001283270,2005361176,132731077824,1001252224,80.80922000044666,81.90973500040855
openmarcie_printer,mixed,dense_tokens,openmarcie_printer__only_barometer__gemma3_1b,gemma3_1b,only_barometer,33422,133688,820928,1100,27576,5846,0.43822200041176984,3.5434029996348544,3.5434029996348544,1001285646,2005370680,98785692864,1001252224,80.79177899981005,81.90076399932877
openmarcie_printer,mixed,raw,openmarcie_printer__only_barometer__gemma3_1b,gemma3_1b,only_barometer,31046,124184,2215616,404,31046,0,0.7951739999043639,3.1513339996756287,3.1513339996756287,1001283270,2005361176,132731077824,1001252224,80.80922000044666,81.95736499965278
openmarcie_printer,mixed,early_fusion,openmarcie_printer__only_barometer__gemma3_1b,gemma3_1b,only_barometer,27718,110872,2004672,404,27718,0,0.8241049999924144,3.1801749998059705,3.1801749998059705,1001279942,2005347864,132730866880,1001252224,80.80922000044666,82.08662700053537
openmarcie_printer,mixed,late_fusion,openmarcie_printer__only_barometer__gemma3_1b,gemma3_1b,only_barometer,3866,15464,218496,96,0,3866,0.07720000030531082,2.3415510009410325,2.3415510009410325,999889818,1999787368,110042475392,999885952,80.76161900044099,81.51604300019244
openmarcie_printer,mixed,local_only,openmarcie_printer__only_barometer__gemma3_1b,gemma3_1b,only_barometer,3866,15464,218496,52,0,3866,0.09272999977838481,2.331869999823067,2.331869999823067,999889818,1999787368,110042475392,999885952,80.76161900044099,81.40100300079212
openmarcie_printer,mixed,bottleneck,openmarcie_printer__only_barometer__gemma3_1b,gemma3_1b,only_barometer,31338,125352,2232000,684,27736,3602,0.48278299982484896,3.2294050008850057,3.2294050008850057,1001283562,2005362344,132731094208,1001252224,80.80922000044666,81.93382500121515
openmarcie_printer,mixed,tokenlearner,openmarcie_printer__only_barometer__gemma3_1b,gemma3_1b,only_barometer,32366,129464,804544,1100,27576,4790,0.4796330003955518,3.591314000909624,3.591314000909624,1001284590,2005366456,98785676480,1001252224,80.79177899981005,81.99021599921252
openmarcie_printer,mixed,posthoc_vq,openmarcie_printer__only_barometer__gemma3_1b,gemma3_1b,only_barometer,33094,132376,2281152,192,28600,4494,0.5858929998794338,3.026213999490568,3.026213999490568,1001285318,2005369368,132731143360,1001252224,80.80922000044666,82.24210800017318
openmarcie_printer,mixed,joint_vq,openmarcie_printer__only_barometer__gemma3_1b,gemma3_1b,only_barometer,35470,141880,837312,81,28600,6870,0.5525330007003504,2.9400950006964965,2.9400950006964965,1001287694,2005378872,98785709248,1001252224,80.79177899981005,82.13089600030798
openmarcie_printer,mixed,deepconvlstm,openmarcie_printer__only_barometer__gemma3_1b,gemma3_1b,only_barometer,33114,132456,2053504,404,33114,0,0.46886300060577923,2.8250230012865387,2.8250230012865387,1001285338,2005369448,132730915712,1001252224,80.80922000044666,81.62735500081908
openmarcie_printer,mixed,unrestricted_bank,openmarcie_printer__only_barometer__gemma3_1b,gemma3_1b,only_barometer,35502,142008,837312,81,28600,6902,0.45793199933541473,2.7714039988785633,2.7714039988785633,1001287726,2005379000,98785709248,1001252224,80.79177899981005,81.99083499948756
openmarcie_printer,mixed,separate_banks,openmarcie_printer__only_barometer__gemma3_1b,gemma3_1b,only_barometer,35502,142008,837312,81,28600,6902,0.5612330005533295,2.872543999757804,2.872543999757804,1001287726,2005379000,98785709248,1001252224,80.79177899981005,82.04131500042422
openmarcie_printer,mixed,fixed_resampling,openmarcie_printer__only_barometer__gemma3_1b,gemma3_1b,only_barometer,35502,142008,836672,81,28600,6902,0.5478630000652629,2.7997250017796294,2.7997250017796294,1001287726,2005379000,98785708608,1001252224,80.79177899981005,81.95509500001208
openmarcie_printer,mixed,finetune_encoders,openmarcie_printer__only_barometer__gemma3_1b,gemma3_1b,only_barometer,35502,142008,837312,81,28600,6902,0.5509720003828988,2.8870730002671596,2.8870730002671596,1001287726,2005379000,98785709248,1001252224,80.79177899981005,82.0376949995989
openmarcie_printer,mixed,no_alignment,openmarcie_printer__only_barometer__gemma3_1b,gemma3_1b,only_barometer,35502,142008,837312,81,28600,6902,0.5496730000231764,2.8613949989738874,2.8613949989738874,1001287726,2005379000,98785709248,1001252224,80.79177899981005,82.04380499955732
openmarcie_printer,mixed,no_usage,openmarcie_printer__only_barometer__gemma3_1b,gemma3_1b,only_barometer,35502,142008,837312,81,28600,6902,0.5503429993041209,2.8664749989110394,2.8664749989110394,1001287726,2005379000,98785709248,1001252224,80.79177899981005,82.03609500014863
openmarcie_printer,mixed,tcn,openmarcie_printer__only_barometer__gemma3_1b,gemma3_1b,only_barometer,13606,54424,818624,404,13606,0,0.8552139997846098,3.2109339996615773,3.2109339996615773,1001265830,2005291416,132729680832,1001252224,80.80922000044666,81.757504000052
openmarcie_printer,mixed,ts_transformer,openmarcie_printer__only_barometer__gemma3_1b,gemma3_1b,only_barometer,26470,105880,1867200,404,26470,0,0.6722439993609441,3.028133999259083,3.028133999259083,1001278694,2005342872,132730729408,1001252224,80.80922000044666,81.85637500082521
openmarcie_printer,mixed,patchtst,openmarcie_printer__only_barometer__gemma3_1b,gemma3_1b,only_barometer,26630,106520,727232,404,26630,0,0.7364339999185177,3.0928639995629084,3.0928639995629084,1001278854,2005343512,97373928640,1001252224,80.57326800008013,81.76130300034856
openmarcie_printer,cuda,distrixsense,openmarcie_printer__only_depth__gemma3_1b,gemma3_1b,only_depth,161384,645536,10716544,504,34040,127344,1.1453859997345717,3.859179998415627,16.653121998962238,1001413608,2005882528,169623400320,1001252224,81.00930000000517,85.83015499971225
openmarcie_printer,cuda,dense,openmarcie_printer__only_depth__gemma3_1b,gemma3_1b,only_depth,134648,538592,26359168,25944,27896,106752,0.7743240003037499,6.724327000806388,35.76034499849669,1001386872,2005775584,376676777856,1001252224,81.45120300014241,84.94773199981864
openmarcie_printer,cuda,dense_tokens,openmarcie_printer__only_depth__gemma3_1b,gemma3_1b,only_depth,148904,595616,10618240,6600,27896,121008,0.7485440000891685,4.2238070000120205,20.937958999610856,1001401128,2005832608,169623302016,1001252224,81.00930000000517,85.13678000053915
openmarcie_printer,cuda,raw,openmarcie_printer__only_depth__gemma3_1b,gemma3_1b,only_depth,134648,538592,26359168,38376,134648,0,2.352261999476468,9.661532999922416,45.54740599936615,1001386872,2005775584,376676777856,1001252224,81.45120300014241,84.60531899982016
openmarcie_printer,cuda,early_fusion,openmarcie_printer__only_depth__gemma3_1b,gemma3_1b,only_depth,66904,267616,4443520,38376,66904,0,1.8787190001603449,9.189130000373767,45.08463200030512,1001319128,2005504608,146885564288,1001252224,81.06878000035067,83.74288300001353
openmarcie_printer,cuda,late_fusion,openmarcie_printer__only_depth__gemma3_1b,gemma3_1b,only_depth,109128,436512,6763008,576,0,109128,0.17071100046450738,2.751652999509312,15.02176500015701,999995080,2000208416,124167199744,999885952,81.72096399994189,84.59886899981939
openmarcie_printer,cuda,local_only,openmarcie_printer__only_depth__gemma3_1b,gemma3_1b,only_depth,109128,436512,6763008,312,0,109128,0.25252100022044033,2.828504000051436,14.99487500005206,999995080,2000208416,124167199744,999885952,81.72096399994189,84.75596900007076
openmarcie_printer,cuda,bottleneck,openmarcie_printer__only_depth__gemma3_1b,gemma3_1b,only_depth,136400,545600,26457472,4104,28856,107544,0.8179340002243407,3.878074999439402,18.544765997490835,1001388624,2005782592,376676876160,1001252224,81.45120300014241,85.20472200052609
openmarcie_printer,cuda,tokenlearner,openmarcie_printer__only_depth__gemma3_1b,gemma3_1b,only_depth,142568,570272,10519936,6600,27896,114672,0.7512740003221552,4.2225870001810835,20.885686997616432,1001394792,2005807264,169623203712,1001252224,81.00930000000517,85.09147099994152
openmarcie_printer,cuda,posthoc_vq,openmarcie_printer__only_depth__gemma3_1b,gemma3_1b,only_depth,177656,710624,26752384,1224,34040,143616,1.1642259996733628,4.0451779988916705,17.704824000457172,1001429880,2005947616,376677171072,1001252224,81.45120300014241,86.83936100078427
openmarcie_printer,cuda,joint_vq,openmarcie_printer__only_depth__gemma3_1b,gemma3_1b,only_depth,191912,767648,10716544,504,34040,157872,1.1500760001581511,4.017649999640113,17.58369799848086,1001444136,2006004640,169623400320,1001252224,81.00930000000517,86.84965900101815
openmarcie_printer,cuda,deepconvlstm,openmarcie_printer__only_depth__gemma3_1b,gemma3_1b,only_depth,120716,482864,7611136,38376,120716,0,1.5127579999898444,8.818077999018202,44.71352999856883,1001372940,2005719856,146888731904,1001252224,81.06878000035067,83.39670100031071
openmarcie_printer,cuda,unrestricted_bank,openmarcie_printer__only_depth__gemma3_1b,gemma3_1b,only_depth,193064,772256,11208064,504,34040,159024,0.7878740007072338,3.4921070000005305,16.25603899959177,1001445288,2006009248,169623891840,1001252224,81.00930000000517,85.48708299986174
openmarcie_printer,cuda,separate_banks,openmarcie_printer__only_depth__gemma3_1b,gemma3_1b,only_depth,161384,645536,10716544,504,34040,127344,1.249126999937289,3.9528510005207385,16.696703000553757,1001413608,2005882528,169623400320,1001252224,81.00930000000517,85.88686500024778
openmarcie_printer,cuda,fixed_resampling,openmarcie_printer__only_depth__gemma3_1b,gemma3_1b,only_depth,161384,645536,9069952,504,34040,127344,1.135385999987193,3.793589999930689,16.35309199958218,1001413608,2005882528,169621753728,1001252224,81.00930000000517,85.62281299964525
openmarcie_printer,cuda,finetune_encoders,openmarcie_printer__only_depth__gemma3_1b,gemma3_1b,only_depth,161384,645536,10716544,504,34040,127344,1.1503660007292638,3.8500690015448957,16.614391001559202,1001413608,2005882528,169623400320,1001252224,81.00930000000517,85.86269499937771
openmarcie_printer,cuda,no_alignment,openmarcie_printer__only_depth__gemma3_1b,gemma3_1b,only_depth,161384,645536,10716544,504,34040,127344,1.1384449999241042,3.8412980001690333,16.59943899870203,1001413608,2005882528,169623400320,1001252224,81.00930000000517,85.80837399949814
openmarcie_printer,cuda,no_usage,openmarcie_printer__only_depth__gemma3_1b,gemma3_1b,only_depth,161384,645536,10716544,504,34040,127344,1.2562459996843245,3.97616900039661,16.736661999522116,1001413608,2005882528,169623400320,1001252224,81.00930000000517,85.80759500000568
openmarcie_printer,cuda,tcn,openmarcie_printer__only_depth__gemma3_1b,gemma3_1b,only_depth,52632,210528,3257472,38376,52632,0,1.6281480002362514,8.930668999306578,44.81840999809485,1001304856,2005447520,146884378240,1001252224,81.06878000035067,83.50978300040879
openmarcie_printer,cuda,ts_transformer,openmarcie_printer__only_depth__gemma3_1b,gemma3_1b,only_depth,65496,261984,4306048,38376,65496,0,1.7238380005437648,9.041238998685218,44.93881999618445,1001317720,2005498976,146885426816,1001252224,81.06878000035067,83.63574400027574
openmarcie_printer,cuda,patchtst,openmarcie_printer__only_depth__gemma3_1b,gemma3_1b,only_depth,53272,213088,139966848,38376,53272,0,2.0522810000329628,9.367492000416165,45.25035300351867,1001305496,2005450080,111612178816,1001252224,80.8698690007077,83.47709200097597
openmarcie_printer,mixed,distrixsense,openmarcie_printer__only_depth__gemma3_1b,gemma3_1b,only_depth,161384,645536,10716544,504,34040,127344,1.1564659998839488,3.616287998682808,15.092087000658726,1001413608,2005882528,169623400320,1001252224,81.00930000000517,84.60088799984078
openmarcie_printer,mixed,dense,openmarcie_printer__only_depth__gemma3_1b,gemma3_1b,only_depth,134648,538592,26359168,25944,27896,106752,0.8035340006244951,6.5497960016316386,34.64749900297505,1001386872,2005775584,376676777856,1001252224,81.45120300014241,84.07379600066633
openmarcie_printer,mixed,dense_tokens,openmarcie_printer__only_depth__gemma3_1b,gemma3_1b,only_depth,148904,595616,10618240,6600,27896,121008,0.7575439994980115,3.980696000321477,19.443291000215396,1001401128,2005832608,169623302016,1001252224,81.00930000000517,84.07440500013763
openmarcie_printer,mixed,raw,openmarcie_printer__only_depth__gemma3_1b,gemma3_1b,only_depth,134648,538592,26359168,38376,134648,0,2.3446110008080723,9.603111001121066,45.240033000788955,1001386872,2005775584,376676777856,1001252224,81.45120300014241,84.34881700122787
openmarcie_printer,mixed,early_fusion,openmarcie_printer__only_depth__gemma3_1b,gemma3_1b,only_depth,66904,267616,4443520,38376,66904,0,1.8729890007307404,9.122571000767708,44.75270099950414,1001319128,2005504608,146885564288,1001252224,81.06878000035067,83.47900300032052
openmarcie_printer,mixed,late_fusion,openmarcie_printer__only_depth__gemma3_1b,gemma3_1b,only_depth,109128,436512,6763008,576,0,109128,0.16350100031559123,2.632154000425723,13.892438999747519,999995080,2000208416,124167199744,999885952,81.72096399994189,83.69368399962696
openmarcie_printer,mixed,local_only,openmarcie_printer__only_depth__gemma3_1b,gemma3_1b,only_depth,109128,436512,6763008,312,0,109128,0.23641100051463582,2.583884000403015,13.697098998459195,999995080,2000208416,124167199744,999885952,81.72096399994189,83.9464560003762
openmarcie_printer,mixed,bottleneck,openmarcie_printer__only_depth__gemma3_1b,gemma3_1b,only_depth,136400,545600,26457472,4104,28856,107544,0.837724000120943,3.6923750006017393,17.32154999956598,1001388624,2005782592,376676876160,1001252224,81.45120300014241,84.28576799997245
openmarcie_printer,mixed,tokenlearner,openmarcie_printer__only_depth__gemma3_1b,gemma3_1b,only_depth,142568,570272,10519936,6600,27896,114672,0.7628940002177842,4.002896000197215,19.429251998162073,1001394792,2005807264,169623203712,1001252224,81.00930000000517,83.92382600050041
openmarcie_printer,mixed,posthoc_vq,openmarcie_printer__only_depth__gemma3_1b,gemma3_1b,only_depth,177656,710624,26752384,1224,34040,143616,1.4986570004111854,4.14690900034206,16.61546900161762,1001429880,2005947616,376677171072,1001252224,81.45120300014241,85.67502500045521
openmarcie_printer,mixed,joint_vq,openmarcie_printer__only_depth__gemma3_1b,gemma3_1b,only_depth,191912,767648,10716544,504,34040,157872,1.2250959998709732,3.8040389999319335,15.657424999182044,1001444136,2006004640,169623400320,1001252224,81.00930000000517,85.07174999976996
openmarcie_printer,mixed,deepconvlstm,openmarcie_printer__only_depth__gemma3_1b,gemma3_1b,only_depth,120716,482864,7611136,38376,120716,0,1.5256079996106564,8.776367999922728,44.40572799952626,1001372940,2005719856,146888731904,1001252224,81.06878000035067,83.15642000070511
openmarcie_printer,mixed,unrestricted_bank,openmarcie_printer__only_depth__gemma3_1b,gemma3_1b,only_depth,193064,772256,11208064,504,34040,159024,0.7993239996721968,3.244805999146181,14.692422999024789,1001445288,2006009248,169623891840,1001252224,81.00930000000517,84.23310600028344
openmarcie_printer,mixed,separate_banks,openmarcie_printer__only_depth__gemma3_1b,gemma3_1b,only_depth,161384,645536,10716544,504,34040,127344,1.213796999763872,3.653028998940997,15.115185998757884,1001413608,2005882528,169623400320,1001252224,81.00930000000517,84.64322799954971
openmarcie_printer,mixed,fixed_resampling,openmarcie_printer__only_depth__gemma3_1b,gemma3_1b,only_depth,161384,645536,9069952,504,34040,127344,1.1701459998221253,3.5396779985044735,14.626870998318996,1001413608,2005882528,169621753728,1001252224,81.00930000000517,84.09540500088042
openmarcie_printer,mixed,finetune_encoders,openmarcie_printer__only_depth__gemma3_1b,gemma3_1b,only_depth,161384,645536,10716544,504,34040,127344,1.1676060003082966,3.6162169998884086,15.085244000721364,1001413608,2005882528,169623400320,1001252224,81.00930000000517,84.57781800007069
openmarcie_printer,mixed,no_alignment,openmarcie_printer__only_depth__gemma3_1b,gemma3_1b,only_depth,161384,645536,10716544,504,34040,127344,1.182095999865851,3.6270879999743078,15.077942998351578,1001413608,2005882528,169623400320,1001252224,81.00930000000517,84.61322799939808
openmarcie_printer,mixed,no_usage,openmarcie_printer__only_depth__gemma3_1b,gemma3_1b,only_depth,161384,645536,10716544,504,34040,127344,1.1682760004987358,3.6175189997616575,15.07771499894378,1001413608,2005882528,169623400320,1001252224,81.00930000000517,84.57010900019668
openmarcie_printer,mixed,tcn,openmarcie_printer__only_depth__gemma3_1b,gemma3_1b,only_depth,52632,210528,3257472,38376,52632,0,1.6230680002990994,8.873559000272722,44.50291899896676,1001304856,2005447520,146884378240,1001252224,81.06878000035067,83.23610000024928
openmarcie_printer,mixed,ts_transformer,openmarcie_printer__only_depth__gemma3_1b,gemma3_1b,only_depth,65496,261984,4306048,38376,65496,0,1.7228279994014883,8.983398998276458,44.6135399991703,1001317720,2005498976,146885426816,1001252224,81.06878000035067,83.35820300089836
openmarcie_printer,mixed,patchtst,openmarcie_printer__only_depth__gemma3_1b,gemma3_1b,only_depth,53272,213088,139966848,38376,53272,0,1.8067999999402673,9.059461000612133,44.690240999750515,1001305496,2005450080,111612178816,1001252224,80.8698690007077,83.20712200111302
openmarcie_printer,cuda,distrixsense,openmarcie_printer__only_imu__gemma3_1b,gemma3_1b,only_imu,50224,200896,2083456,164,29688,20536,0.6789540002500871,3.273225999995798,5.806587999966915,1001302448,2005437888,112909919360,1001252224,80.81370000036259,82.88467000056698
openmarcie_printer,cuda,dense,openmarcie_printer__only_imu__gemma3_1b,gemma3_1b,only_imu,41312,165248,5331584,8648,27640,13672,0.5266120006126584,6.358924000191782,12.147686000125285,1001293536,2005402240,181026067584,1001252224,80.52677799969388,82.17414600039774
openmarcie_printer,cuda,dense_tokens,openmarcie_printer__only_imu__gemma3_1b,gemma3_1b,only_imu,46064,184256,2050688,2200,27640,18424,0.5145529994479148,3.8873049988932324,7.21113699909416,1001298288,2005421248,112909886592,1001252224,80.81370000036259,82.63652000096045
openmarcie_printer,cuda,raw,openmarcie_printer__only_imu__gemma3_1b,gemma3_1b,only_imu,41312,165248,5331584,30888,41312,0,1.1112550000689225,15.583795000611676,30.003414999646402,1001293536,2005402240,181026067584,1001252224,80.52677799969388,82.1248749989536
openmarcie_printer,cuda,early_fusion,openmarcie_printer__only_imu__gemma3_1b,gemma3_1b,only_imu,30016,120064,2142848,30888,30016,0,1.039485000546847,15.50920499998941,29.92607599944683,1001282240,2005357056,135559752832,1001252224,80.8184990000882,82.33952799946564
openmarcie_printer,cuda,late_fusion,openmarcie_printer__only_imu__gemma3_1b,gemma3_1b,only_imu,14464,57856,863232,192,0,14464,0.1003400002446142,2.5813720008638454,5.0153330004199175,999900416,1999829760,112865052160,999885952,80.81370000036259,81.98260599965579
openmarcie_printer,cuda,local_only,openmarcie_printer__only_imu__gemma3_1b,gemma3_1b,only_imu,14464,57856,863232,104,0,14464,0.12562100073409965,2.594344001652172,5.010105002415878,999900416,1999829760,112865052160,999885952,80.81370000036259,82.00945600037812
openmarcie_printer,cuda,bottleneck,openmarcie_printer__only_imu__gemma3_1b,gemma3_1b,only_imu,41896,167584,5364352,1368,27960,13936,0.5445530005090404,3.504696001319669,6.420339002526866,1001294120,2005404576,181026100352,1001252224,80.52677799969388,82.28936799969233
openmarcie_printer,cuda,tokenlearner,openmarcie_printer__only_imu__gemma3_1b,gemma3_1b,only_imu,43952,175808,2017920,2200,27640,16312,0.5158129997653305,3.8839149992735473,7.206626999495493,1001296176,2005412800,112909853824,1001252224,80.81370000036259,82.62423000087438
openmarcie_printer,cuda,posthoc_vq,openmarcie_printer__only_imu__gemma3_1b,gemma3_1b,only_imu,47456,189824,5462656,392,29688,17768,0.6935930005056434,3.4647670006845845,6.162888999437704,1001299680,2005426816,181026198656,1001252224,80.52677799969388,82.82656899973517
openmarcie_printer,cuda,joint_vq,openmarcie_printer__only_imu__gemma3_1b,gemma3_1b,only_imu,52208,208832,2083456,164,29688,22520,0.6844330000603804,3.724798000197648,6.411001001350279,1001304432,2005445824,112909919360,1001252224,80.81370000036259,83.21341200007737
openmarcie_printer,cuda,deepconvlstm,openmarcie_printer__only_imu__gemma3_1b,gemma3_1b,only_imu,40180,160720,2500864,30888,40180,0,0.6987630004005041,15.176234000182408,29.592335000506928,1001292404,2005397712,135560110848,1001252224,80.8184990000882,82.00939500056847
openmarcie_printer,cuda,unrestricted_bank,openmarcie_printer__only_imu__gemma3_1b,gemma3_1b,only_imu,52336,209344,2116224,164,29688,22648,0.5412030004663393,3.1308660012056,5.666928001726966,1001304560,2005446336,112909952128,1001252224,80.81370000036259,82.79227999992145
openmarcie_printer,cuda,separate_banks,openmarcie_printer__only_imu__gemma3_1b,gemma3_1b,only_imu,50224,200896,2083456,164,29688,20536,0.7052129994917777,3.280314999150601,5.804457998845656,1001302448,2005437888,112909919360,1001252224,80.81370000036259,82.94267100063735
openmarcie_printer,cuda,fixed_resampling,openmarcie_printer__only_imu__gemma3_1b,gemma3_1b,only_imu,50224,200896,2024576,164,29688,20536,0.6838629997218959,3.256025000459072,5.750246999621787,1001302448,2005437888,112909860480,1001252224,80.81370000036259,82.84803999958967
openmarcie_printer,cuda,finetune_encoders,openmarcie_printer__only_imu__gemma3_1b,gemma3_1b,only_imu,50224,200896,2083456,164,29688,20536,0.6817630001023645,3.2745450001440126,5.810817000263533,1001302448,2005437888,112909919360,1001252224,80.81370000036259,82.89686999978585
openmarcie_printer,cuda,no_alignment,openmarcie_printer__only_imu__gemma3_1b,gemma3_1b,only_imu,50224,200896,2083456,164,29688,20536,0.6825330001447583,3.28419599948948,5.816118999671936,1001302448,2005437888,112909919360,1001252224,80.81370000036259,82.90852000027371
openmarcie_printer,cuda,no_usage,openmarcie_printer__only_imu__gemma3_1b,gemma3_1b,only_imu,50224,200896,2083456,164,29688,20536,0.6723839996993775,3.260376001284481,5.793738001255598,1001302448,2005437888,112909919360,1001252224,80.81370000036259,82.89301999957388
openmarcie_printer,cuda,tcn,openmarcie_printer__only_imu__gemma3_1b,gemma3_1b,only_imu,15872,63488,956800,30888,15872,0,0.8123150000756141,15.28720599985721,29.704915999991563,1001268096,2005300480,135558566784,1001252224,80.8184990000882,82.11552600096184
openmarcie_printer,cuda,ts_transformer,openmarcie_printer__only_imu__gemma3_1b,gemma3_1b,only_imu,28736,114944,2005376,30888,28736,0,0.8914049994928064,15.374755998936994,29.79078599955762,1001280960,2005351936,135559615360,1001252224,80.8184990000882,82.20742600042286
openmarcie_printer,cuda,patchtst,openmarcie_printer__only_imu__gemma3_1b,gemma3_1b,only_imu,27648,110592,14472832,30888,27648,0,0.9714350007925532,15.445735000912496,29.86298499954507,1001279872,2005347584,100205772416,1001252224,80.72033899952658,82.18523599953187
openmarcie_printer,mixed,distrixsense,openmarcie_printer__only_imu__gemma3_1b,gemma3_1b,only_imu,50224,200896,2083456,164,29688,20536,0.6865929999548825,3.032095999819017,5.324667001030512,1001302448,2005437888,112909919360,1001252224,80.81370000036259,82.56998900105827
openmarcie_printer,mixed,dense,openmarcie_printer__only_imu__gemma3_1b,gemma3_1b,only_imu,41312,165248,5331584,8648,27640,13672,0.5276929996398394,6.197714999284234,11.817975999937952,1001293536,2005402240,181026067584,1001252224,80.52677799969388,81.93936399948143
openmarcie_printer,mixed,dense_tokens,openmarcie_printer__only_imu__gemma3_1b,gemma3_1b,only_imu,46064,184256,2050688,2200,27640,18424,0.5189729999983683,3.660594000389101,6.75565500022436,1001298288,2005421248,112909886592,1001252224,80.81370000036259,82.3204270000133
openmarcie_printer,mixed,raw,openmarcie_printer__only_imu__gemma3_1b,gemma3_1b,only_imu,41312,165248,5331584,30888,41312,0,1.1049050008296035,15.528375000076299,29.89494500079679,1001293536,2005402240,181026067584,1001252224,80.52677799969388,82.07481599947641
openmarcie_printer,mixed,early_fusion,openmarcie_printer__only_imu__gemma3_1b,gemma3_1b,only_imu,30016,120064,2142848,30888,30016,0,1.0470750003150897,15.464756000301382,29.83156599939327,1001282240,2005357056,135559752832,1001252224,80.8184990000882,82.28118700026243
openmarcie_printer,mixed,late_fusion,openmarcie_printer__only_imu__gemma3_1b,gemma3_1b,only_imu,14464,57856,863232,192,0,14464,0.0999509993562242,2.3989320002921857,4.651033000418823,999900416,1999829760,112865052160,999885952,80.81370000036259,81.72423399992113
openmarcie_printer,mixed,local_only,openmarcie_printer__only_imu__gemma3_1b,gemma3_1b,only_imu,14464,57856,863232,104,0,14464,0.12331099969742354,2.3980620001270667,4.622803999641258,999900416,1999829760,112865052160,999885952,80.81370000036259,81.77329500176711
openmarcie_printer,mixed,bottleneck,openmarcie_printer__only_imu__gemma3_1b,gemma3_1b,only_imu,41896,167584,5364352,1368,27960,13936,0.5586119996223715,3.3417919996927843,6.069502999291267,1001294120,2005404576,181026100352,1001252224,80.52677799969388,82.03825499913364
openmarcie_printer,mixed,tokenlearner,openmarcie_printer__only_imu__gemma3_1b,gemma3_1b,only_imu,43952,175808,2017920,2200,27640,16312,0.5201929998293053,3.6679939994381856,6.763356000182975,1001296176,2005412800,112909853824,1001252224,80.81370000036259,82.32714800124086
openmarcie_printer,mixed,posthoc_vq,openmarcie_printer__only_imu__gemma3_1b,gemma3_1b,only_imu,47456,189824,5462656,392,29688,17768,0.7241639996209415,3.2020849992361735,5.627395999521972,1001299680,2005426816,181026198656,1001252224,80.52677799969388,82.39376900019124
openmarcie_printer,mixed,joint_vq,openmarcie_printer__only_imu__gemma3_1b,gemma3_1b,only_imu,52208,208832,2083456,164,29688,22520,0.6892839992360678,3.111515998474811,5.48011699963191,1001304432,2005445824,112909919360,1001252224,80.81370000036259,82.73735100010526
openmarcie_printer,mixed,deepconvlstm,openmarcie_printer__only_imu__gemma3_1b,gemma3_1b,only_imu,40180,160720,2500864,30888,40180,0,0.7106229995770263,15.13225299918307,29.498963000241993,1001292404,2005397712,135560110848,1001252224,80.8184990000882,81.93916399977752
openmarcie_printer,mixed,unrestricted_bank,openmarcie_printer__only_imu__gemma3_1b,gemma3_1b,only_imu,52336,209344,2116224,164,29688,22648,0.5466029997478472,2.8970149990837903,5.1882260001259155,1001304560,2005446336,112909952128,1001252224,80.81370000036259,82.45356800034642
openmarcie_printer,mixed,separate_banks,openmarcie_printer__only_imu__gemma3_1b,gemma3_1b,only_imu,50224,200896,2083456,164,29688,20536,0.7434340004692785,3.092195000439556,5.3852860016088115,1001302448,2005437888,112909919360,1001252224,80.81370000036259,82.60521000011067
openmarcie_printer,mixed,fixed_resampling,openmarcie_printer__only_imu__gemma3_1b,gemma3_1b,only_imu,50224,200896,2024576,164,29688,20536,0.6841040003564558,2.9568650009733624,5.174445000801107,1001302448,2005437888,112909860480,1001252224,80.81370000036259,82.4509180010864
openmarcie_printer,mixed,finetune_encoders,openmarcie_printer__only_imu__gemma3_1b,gemma3_1b,only_imu,50224,200896,2083456,164,29688,20536,0.701523999850906,3.047095999440085,5.34007699904415,1001302448,2005437888,112909919360,1001252224,80.81370000036259,82.58035900053073
openmarcie_printer,mixed,no_alignment,openmarcie_printer__only_imu__gemma3_1b,gemma3_1b,only_imu,50224,200896,2083456,164,29688,20536,0.7295140003407141,3.1359060006562736,5.489727001684706,1001302448,2005437888,112909919360,1001252224,80.81370000036259,82.60688000063965
openmarcie_printer,mixed,no_usage,openmarcie_printer__only_imu__gemma3_1b,gemma3_1b,only_imu,50224,200896,2083456,164,29688,20536,0.6925730003786157,3.044524000264669,5.3382859993400515,1001302448,2005437888,112909919360,1001252224,80.81370000036259,82.57851900089008
openmarcie_printer,mixed,tcn,openmarcie_printer__only_imu__gemma3_1b,gemma3_1b,only_imu,15872,63488,956800,30888,15872,0,0.8161940004356438,15.236453999978071,29.602963999514095,1001268096,2005300480,135558566784,1001252224,80.8184990000882,82.03816500008543
openmarcie_printer,mixed,ts_transformer,openmarcie_printer__only_imu__gemma3_1b,gemma3_1b,only_imu,28736,114944,2005376,30888,28736,0,0.8954539998740074,15.313835001552466,29.68072500161731,1001280960,2005351936,135559615360,1001252224,80.8184990000882,82.13109500047722
openmarcie_printer,mixed,patchtst,openmarcie_printer__only_imu__gemma3_1b,gemma3_1b,only_imu,27648,110592,14472832,30888,27648,0,1.00712499988731,15.427165999472013,29.793565999261837,1001279872,2005347584,100205772416,1001252224,80.72033899952658,82.11094699981913
openmarcie_printer,cuda,distrixsense,openmarcie_printer__only_magnetometer__gemma3_1b,gemma3_1b,only_magnetometer,36194,144776,881088,81,28600,7594,0.555132999579655,3.1214259998086025,3.1214259998086025,1001288418,2005381768,98785753024,1001252224,80.79177899981005,82.19633699900442
openmarcie_printer,cuda,dense,openmarcie_printer__only_magnetometer__gemma3_1b,gemma3_1b,only_magnetometer,31738,126952,2259392,4324,27576,4162,0.47082299988687737,6.295985999126732,6.295985999126732,1001283962,2005363944,132731121600,1001252224,80.80922000044666,82.06151699960174
openmarcie_printer,cuda,dense_tokens,openmarcie_printer__only_magnetometer__gemma3_1b,gemma3_1b,only_magnetometer,34114,136456,864704,1100,27576,6538,0.4424319995450787,3.7903449983740574,3.7903449983740574,1001286338,2005373448,98785736640,1001252224,80.79177899981005,82.05243499924109
openmarcie_printer,cuda,raw,openmarcie_printer__only_magnetometer__gemma3_1b,gemma3_1b,only_magnetometer,31738,126952,2259392,884,31738,0,0.8389540007556207,3.631974001759943,3.631974001759943,1001283962,2005363944,132731121600,1001252224,80.80922000044666,81.98890600033337
openmarcie_printer,cuda,early_fusion,openmarcie_printer__only_magnetometer__gemma3_1b,gemma3_1b,only_magnetometer,27898,111592,2015680,884,27898,0,0.8211640006265952,3.6121250011230472,3.6121250011230472,1001280122,2005348584,132730877888,1001252224,80.80922000044666,82.01928600101382
openmarcie_printer,cuda,late_fusion,openmarcie_printer__only_magnetometer__gemma3_1b,gemma3_1b,only_magnetometer,4558,18232,262272,96,0,4558,0.07625099988217698,2.550453999506496,2.550453999506496,999890510,1999790136,110042519168,999885952,80.76161900044099,81.50785300040297
openmarcie_printer,cuda,local_only,openmarcie_printer__only_magnetometer__gemma3_1b,gemma3_1b,only_magnetometer,4558,18232,262272,52,0,4558,0.09392999982082983,2.547672999087337,2.547672999087337,999890510,1999790136,110042519168,999885952,80.76161900044099,81.53347300140013
openmarcie_printer,cuda,bottleneck,openmarcie_printer__only_magnetometer__gemma3_1b,gemma3_1b,only_magnetometer,32030,128120,2275776,684,27736,4294,0.478873000247404,3.4315649993650617,3.4315649993650617,1001284254,2005365112,132731137984,1001252224,80.80922000044666,82.05886599989753
openmarcie_printer,cuda,tokenlearner,openmarcie_printer__only_magnetometer__gemma3_1b,gemma3_1b,only_magnetometer,33058,132232,848320,1100,27576,5482,0.4533619994617766,3.8023439992638304,3.8023439992638304,1001285282,2005369224,98785720256,1001252224,80.79177899981005,82.06441599941172
openmarcie_printer,cuda,posthoc_vq,openmarcie_printer__only_magnetometer__gemma3_1b,gemma3_1b,only_magnetometer,33786,135144,2324928,192,28600,5186,0.5831030002809712,3.3275950014089117,3.3275950014089117,1001286010,2005372136,132731187136,1001252224,80.80922000044666,82.3680579997017
openmarcie_printer,cuda,joint_vq,openmarcie_printer__only_magnetometer__gemma3_1b,gemma3_1b,only_magnetometer,36162,144648,881088,81,28600,7562,0.5525729993678397,3.2733559992556227,3.2733559992556227,1001288386,2005381640,98785753024,1001252224,80.79177899981005,82.44012799968914
openmarcie_printer,cuda,deepconvlstm,openmarcie_printer__only_magnetometer__gemma3_1b,gemma3_1b,only_magnetometer,33806,135224,2097280,884,33806,0,0.46160199963196646,3.2581719985639097,3.2581719985639097,1001286030,2005372216,132730959488,1001252224,80.80922000044666,81.70682400032092
openmarcie_printer,cuda,unrestricted_bank,openmarcie_printer__only_magnetometer__gemma3_1b,gemma3_1b,only_magnetometer,36194,144776,881088,81,28600,7594,0.4549530003714608,3.0565250008584233,3.0565250008584233,1001288418,2005381768,98785753024,1001252224,80.79177899981005,82.11483600007341
openmarcie_printer,cuda,separate_banks,openmarcie_printer__only_magnetometer__gemma3_1b,gemma3_1b,only_magnetometer,36194,144776,881088,81,28600,7594,0.5626130005111918,3.1274260009303223,3.1274260009303223,1001288418,2005381768,98785753024,1001252224,80.79177899981005,82.2012859998722
openmarcie_printer,cuda,fixed_resampling,openmarcie_printer__only_magnetometer__gemma3_1b,gemma3_1b,only_magnetometer,36194,144776,877632,81,28600,7594,0.5427719997896929,3.0747040000568493,3.0747040000568493,1001288418,2005381768,98785749568,1001252224,80.79177899981005,82.14453599975968
openmarcie_printer,cuda,finetune_encoders,openmarcie_printer__only_magnetometer__gemma3_1b,gemma3_1b,only_magnetometer,36194,144776,881088,81,28600,7594,0.5451030001495383,3.1154660009923507,3.1154660009923507,1001288418,2005381768,98785753024,1001252224,80.79177899981005,82.17923599931964
openmarcie_printer,cuda,no_alignment,openmarcie_printer__only_magnetometer__gemma3_1b,gemma3_1b,only_magnetometer,36194,144776,881088,81,28600,7594,0.547353000001749,3.1115160000189324,3.1115160000189324,1001288418,2005381768,98785753024,1001252224,80.79177899981005,82.20784600052866
openmarcie_printer,cuda,no_usage,openmarcie_printer__only_magnetometer__gemma3_1b,gemma3_1b,only_magnetometer,36194,144776,881088,81,28600,7594,0.5344219998733024,3.115955999448383,3.115955999448383,1001288418,2005381768,98785753024,1001252224,80.79177899981005,82.47159900020051
openmarcie_printer,cuda,tcn,openmarcie_printer__only_magnetometer__gemma3_1b,gemma3_1b,only_magnetometer,13786,55144,829632,884,13786,0,0.6037929997546598,3.405263000527327,3.405263000527327,1001266010,2005292136,132729691840,1001252224,80.80922000044666,81.80134600115707
openmarcie_printer,cuda,ts_transformer,openmarcie_printer__only_magnetometer__gemma3_1b,gemma3_1b,only_magnetometer,26650,106600,1878208,884,26650,0,0.7039340007395367,3.495414999374759,3.495414999374759,1001278874,2005343592,132730740416,1001252224,80.80922000044666,81.88161499947455
openmarcie_printer,cuda,patchtst,openmarcie_printer__only_magnetometer__gemma3_1b,gemma3_1b,only_magnetometer,26682,106728,2170816,884,26682,0,0.7483939998564892,3.5445640002901087,3.5445640002901087,1001278906,2005343720,97375372224,1001252224,80.57326800008013,81.71478400072374
openmarcie_printer,mixed,distrixsense,openmarcie_printer__only_magnetometer__gemma3_1b,gemma3_1b,only_magnetometer,36194,144776,881088,81,28600,7594,0.5464030000439379,2.8659050003915443,2.8659050003915443,1001288418,2005381768,98785753024,1001252224,80.79177899981005,82.06046499981312
openmarcie_printer,mixed,dense,openmarcie_printer__only_magnetometer__gemma3_1b,gemma3_1b,only_magnetometer,31738,126952,2259392,4324,27576,4162,0.47679199997219257,6.11614299973984,6.11614299973984,1001283962,2005363944,132731121600,1001252224,80.80922000044666,81.91793600053643
openmarcie_printer,mixed,dense_tokens,openmarcie_printer__only_magnetometer__gemma3_1b,gemma3_1b,only_magnetometer,34114,136456,864704,1100,27576,6538,0.4500229997574934,3.5598939994041574,3.5598939994041574,1001286338,2005373448,98785736640,1001252224,80.79177899981005,81.90527400074643
openmarcie_printer,mixed,raw,openmarcie_printer__only_magnetometer__gemma3_1b,gemma3_1b,only_magnetometer,31738,126952,2259392,884,31738,0,0.8114339998428477,3.5516240002063455,3.5516240002063455,1001283962,2005363944,132731121600,1001252224,80.80922000044666,81.95433699984278
openmarcie_printer,mixed,early_fusion,openmarcie_printer__only_magnetometer__gemma3_1b,gemma3_1b,only_magnetometer,27898,111592,2015680,884,27898,0,0.8241049999924144,3.5645049999540674,3.5645049999540674,1001280122,2005348584,132730877888,1001252224,80.80922000044666,82.01980500052741
openmarcie_printer,mixed,late_fusion,openmarcie_printer__only_magnetometer__gemma3_1b,gemma3_1b,only_magnetometer,4558,18232,262272,96,0,4558,0.08343100034835516,2.3621620007954305,2.3621620007954305,999890510,1999790136,110042519168,999885952,80.76161900044099,81.38895200045226
openmarcie_printer,mixed,local_only,openmarcie_printer__only_magnetometer__gemma3_1b,gemma3_1b,only_magnetometer,4558,18232,262272,52,0,4558,0.09201000011671567,2.330381001472671,2.330381001472671,999890510,1999790136,110042519168,999885952,80.76161900044099,81.41761200022302
openmarcie_printer,mixed,bottleneck,openmarcie_printer__only_magnetometer__gemma3_1b,gemma3_1b,only_magnetometer,32030,128120,2275776,684,27736,4294,0.4854420003539417,3.2441730002310827,3.2441730002310827,1001284254,2005365112,132731137984,1001252224,80.80922000044666,81.94247499977791
openmarcie_printer,mixed,tokenlearner,openmarcie_printer__only_magnetometer__gemma3_1b,gemma3_1b,only_magnetometer,33058,132232,848320,1100,27576,5482,0.44536200039146934,3.5493830000585875,3.5493830000585875,1001285282,2005369224,98785720256,1001252224,80.79177899981005,81.90419399943494
openmarcie_printer,mixed,posthoc_vq,openmarcie_printer__only_magnetometer__gemma3_1b,gemma3_1b,only_magnetometer,33786,135144,2324928,192,28600,5186,0.5909430001338478,3.0351540004434296,3.0351540004434296,1001286010,2005372136,132731187136,1001252224,80.80922000044666,82.1464360005848
openmarcie_printer,mixed,joint_vq,openmarcie_printer__only_magnetometer__gemma3_1b,gemma3_1b,only_magnetometer,36162,144648,881088,81,28600,7562,0.5780629999208031,2.9714349994100164,2.9714349994100164,1001288386,2005381640,98785753024,1001252224,80.79177899981005,82.1081049998611
openmarcie_printer,mixed,deepconvlstm,openmarcie_printer__only_magnetometer__gemma3_1b,gemma3_1b,only_magnetometer,33806,135224,2097280,884,33806,0,0.4719019998447038,3.21541199965867,3.21541199965867,1001286030,2005372216,132730959488,1001252224,80.80922000044666,81.70177500142017
openmarcie_printer,mixed,unrestricted_bank,openmarcie_printer__only_magnetometer__gemma3_1b,gemma3_1b,only_magnetometer,36194,144776,881088,81,28600,7594,0.4629519999070908,2.7819529996412573,2.7819529996412573,1001288418,2005381768,98785753024,1001252224,80.79177899981005,81.96765499997127
openmarcie_printer,mixed,separate_banks,openmarcie_printer__only_magnetometer__gemma3_1b,gemma3_1b,only_magnetometer,36194,144776,881088,81,28600,7594,0.5759929999840097,2.892104000267759,2.892104000267759,1001288418,2005381768,98785753024,1001252224,80.79177899981005,82.04689600006532
openmarcie_printer,mixed,fixed_resampling,openmarcie_printer__only_magnetometer__gemma3_1b,gemma3_1b,only_magnetometer,36194,144776,877632,81,28600,7594,0.5525919996216544,2.795713000552391,2.795713000552391,1001288418,2005381768,98785749568,1001252224,80.79177899981005,81.95689399963157
openmarcie_printer,mixed,finetune_encoders,openmarcie_printer__only_magnetometer__gemma3_1b,gemma3_1b,only_magnetometer,36194,144776,881088,81,28600,7594,0.5536919998121448,2.8703329999479,2.8703329999479,1001288418,2005381768,98785753024,1001252224,80.79177899981005,82.03850500012777
openmarcie_printer,mixed,no_alignment,openmarcie_printer__only_magnetometer__gemma3_1b,gemma3_1b,only_magnetometer,36194,144776,881088,81,28600,7594,0.565493000067363,2.877815000858286,2.877815000858286,1001288418,2005381768,98785753024,1001252224,80.79177899981005,82.04272500006482
openmarcie_printer,mixed,no_usage,openmarcie_printer__only_magnetometer__gemma3_1b,gemma3_1b,only_magnetometer,36194,144776,881088,81,28600,7594,0.5552020002141944,2.866452999143698,2.866452999143698,1001288418,2005381768,98785753024,1001252224,80.79177899981005,82.0396349990915
openmarcie_printer,mixed,tcn,openmarcie_printer__only_magnetometer__gemma3_1b,gemma3_1b,only_magnetometer,13786,55144,829632,884,13786,0,0.6069430000934517,3.3472339998435814,3.3472339998435814,1001266010,2005292136,132729691840,1001252224,80.80922000044666,81.77016399986314
openmarcie_printer,mixed,ts_transformer,openmarcie_printer__only_magnetometer__gemma3_1b,gemma3_1b,only_magnetometer,26650,106600,1878208,884,26650,0,0.7168829997681314,3.457622999772127,3.457622999772127,1001278874,2005343592,132730740416,1001252224,80.80922000044666,81.85264599978836
openmarcie_printer,mixed,patchtst,openmarcie_printer__only_magnetometer__gemma3_1b,gemma3_1b,only_magnetometer,26682,106728,2170816,884,26682,0,0.7609340000271914,3.5012739997138738,3.5012739997138738,1001278906,2005343720,97375372224,1001252224,80.57326800008013,81.700164000722
openmarcie_printer,cuda,distrixsense,openmarcie_printer__only_rgb__gemma3_1b,gemma3_1b,only_rgb,484712,1938848,31311232,504,34040,450672,1.1483459993542056,3.8543889995149105,16.627079999699422,1001736936,2007175840,169643995008,1001252224,81.00930000000517,85.83398399969155
openmarcie_printer,cuda,dense,openmarcie_printer__only_rgb__gemma3_1b,gemma3_1b,only_rgb,457976,1831904,46953856,25944,27896,430080,0.7722440004727105,6.7209160009540385,35.74935400149883,1001710200,2007068896,376697372544,1001252224,81.45120300014241,84.94184000028326
openmarcie_printer,cuda,dense_tokens,openmarcie_printer__only_rgb__gemma3_1b,gemma3_1b,only_rgb,472232,1888928,31212928,6600,27896,444336,0.7455940003637807,4.277997000822215,20.984397000547034,1001724456,2007125920,169643896704,1001252224,81.00930000000517,85.13868999943952
openmarcie_printer,cuda,raw,openmarcie_printer__only_rgb__gemma3_1b,gemma3_1b,only_rgb,457976,1831904,46953856,113448,457976,0,2.359811999667727,19.712573999588937,105.66353800064218,1001710200,2007068896,376697372544,1001252224,81.45120300014241,84.65526900090481
openmarcie_printer,cuda,early_fusion,openmarcie_printer__only_rgb__gemma3_1b,gemma3_1b,only_rgb,291928,1167712,18746752,113448,291928,0,1.8839700005628401,19.231200999404688,105.17607399711534,1001544152,2006404704,146899867520,1001252224,81.06878000035067,83.78322399948956
openmarcie_printer,cuda,late_fusion,openmarcie_printer__only_rgb__gemma3_1b,gemma3_1b,only_rgb,432456,1729824,27357696,576,0,432456,0.16130099993461045,2.747933998366713,15.025333999247941,1000318408,2001501728,124187794432,999885952,81.72096399994189,84.60601900060283
openmarcie_printer,cuda,local_only,openmarcie_printer__only_rgb__gemma3_1b,gemma3_1b,only_rgb,432456,1729824,27357696,312,0,432456,0.23932100066303974,2.797435000745719,14.952943000575841,1000318408,2001501728,124187794432,999885952,81.72096399994189,84.74059899981512
openmarcie_printer,cuda,bottleneck,openmarcie_printer__only_rgb__gemma3_1b,gemma3_1b,only_rgb,459728,1838912,47052160,4104,28856,430872,0.8236740004576859,3.893827000202716,18.570738000222413,1001711952,2007075904,376697470848,1001252224,81.45120300014241,85.20999199936341
openmarcie_printer,cuda,tokenlearner,openmarcie_printer__only_rgb__gemma3_1b,gemma3_1b,only_rgb,465896,1863584,31114624,6600,27896,438000,0.7424839996019728,4.221317999504099,20.88507900131779,1001718120,2007100576,169643798400,1001252224,81.00930000000517,85.11318199998641
openmarcie_printer,cuda,posthoc_vq,openmarcie_printer__only_rgb__gemma3_1b,gemma3_1b,only_rgb,500984,2003936,47347072,1224,34040,466944,1.2274159998924006,4.123728999916278,17.803443001166904,1001753208,2007240928,376697765760,1001252224,81.45120300014241,86.8093190001673
openmarcie_printer,cuda,joint_vq,openmarcie_printer__only_rgb__gemma3_1b,gemma3_1b,only_rgb,515240,2060960,31311232,504,34040,481200,1.1524459996508085,4.014358999428211,17.586025998417686,1001767464,2007297952,169643995008,1001252224,81.00930000000517,86.78044000043883
openmarcie_printer,cuda,deepconvlstm,openmarcie_printer__only_rgb__gemma3_1b,gemma3_1b,only_rgb,444044,1776176,28205824,113448,444044,0,1.5807879999556462,18.935947999073402,104.88053899794733,1001696268,2007013168,146909326592,1001252224,81.06878000035067,83.45094200103631
openmarcie_printer,cuda,unrestricted_bank,openmarcie_printer__only_rgb__gemma3_1b,gemma3_1b,only_rgb,516392,2065568,31802752,504,34040,482352,0.7925640002213186,3.49731700038187,16.262699000100188,1001768616,2007302560,169644486528,1001252224,81.00930000000517,85.50000299965177
openmarcie_printer,cuda,separate_banks,openmarcie_printer__only_rgb__gemma3_1b,gemma3_1b,only_rgb,484712,1938848,31311232,504,34040,450672,1.2043560000165598,3.934870999672555,16.732620999965807,1001736936,2007175840,169643995008,1001252224,81.00930000000517,85.83936500053824
openmarcie_printer,cuda,fixed_resampling,openmarcie_printer__only_rgb__gemma3_1b,gemma3_1b,only_rgb,484712,1938848,16934272,504,34040,450672,1.1258959993938333,3.7839289997814807,16.34944899763585,1001736936,2007175840,169629618048,1001252224,81.00930000000517,85.64391300023999
openmarcie_printer,cuda,finetune_encoders,openmarcie_printer__only_rgb__gemma3_1b,gemma3_1b,only_rgb,484712,1938848,31311232,504,34040,450672,1.172915999632096,3.875309999728913,16.64093300008179,1001736936,2007175840,169643995008,1001252224,81.00930000000517,85.80112399977224
openmarcie_printer,cuda,no_alignment,openmarcie_printer__only_rgb__gemma3_1b,gemma3_1b,only_rgb,484712,1938848,31311232,504,34040,450672,1.1526759999469505,3.8543589998321726,16.616030000142278,1001736936,2007175840,169643995008,1001252224,81.00930000000517,85.82959399882384
openmarcie_printer,cuda,no_usage,openmarcie_printer__only_rgb__gemma3_1b,gemma3_1b,only_rgb,484712,1938848,31311232,504,34040,450672,1.1567050005396595,3.8625080005099766,16.618950001094422,1001736936,2007175840,169643995008,1001252224,81.00930000000517,85.83664400066482
openmarcie_printer,cuda,tcn,openmarcie_printer__only_rgb__gemma3_1b,gemma3_1b,only_rgb,277656,1110624,17560704,113448,277656,0,1.6397489998780657,18.983709998740675,104.92777199729727,1001529880,2006347616,146898681472,1001252224,81.06878000035067,83.5663720008597
openmarcie_printer,cuda,ts_transformer,openmarcie_printer__only_rgb__gemma3_1b,gemma3_1b,only_rgb,290520,1162080,18609280,113448,290520,0,1.7724589997669682,19.113569000130962,105.05840899955484,1001542744,2006399072,146899730048,1001252224,81.06878000035067,83.6404229994514
openmarcie_printer,cuda,patchtst,openmarcie_printer__only_rgb__gemma3_1b,gemma3_1b,only_rgb,253720,1014880,429324672,113448,253720,0,1.7989990001296974,19.136479000683618,105.08151099989601,1001505944,2006251872,111901536640,1001252224,80.8698690007077,83.53979300136416
openmarcie_printer,mixed,distrixsense,openmarcie_printer__only_rgb__gemma3_1b,gemma3_1b,only_rgb,484712,1938848,31311232,504,34040,450672,1.1661460002869717,3.617647999761673,15.16184500054013,1001736936,2007175840,169643995008,1001252224,81.00930000000517,84.7357889997511
openmarcie_printer,mixed,dense,openmarcie_printer__only_rgb__gemma3_1b,gemma3_1b,only_rgb,457976,1831904,46953856,25944,27896,430080,0.7909040004960843,6.566666000576096,34.769680000070764,1001710200,2007068896,376697372544,1001252224,81.45120300014241,84.19662599953881
openmarcie_printer,mixed,dense_tokens,openmarcie_printer__only_rgb__gemma3_1b,gemma3_1b,only_rgb,472232,1888928,31212928,6600,27896,444336,0.7607140005347901,4.009456000853679,19.568103000864795,1001724456,2007125920,169643896704,1001252224,81.00930000000517,84.09833700079616
openmarcie_printer,mixed,raw,openmarcie_printer__only_rgb__gemma3_1b,gemma3_1b,only_rgb,457976,1831904,46953856,113448,457976,0,2.3596319997523096,19.641162999453524,105.32603299876183,1001710200,2007068896,376697372544,1001252224,81.45120300014241,84.40609799890808
openmarcie_printer,mixed,early_fusion,openmarcie_printer__only_rgb__gemma3_1b,gemma3_1b,only_rgb,291928,1167712,18746752,113448,291928,0,1.8792400005622767,19.15000100047372,104.83407100187588,1001544152,2006404704,146899867520,1001252224,81.06878000035067,83.53291300045385
openmarcie_printer,mixed,late_fusion,openmarcie_printer__only_rgb__gemma3_1b,gemma3_1b,only_rgb,432456,1729824,27357696,576,0,432456,0.1597499995114049,2.557131999824557,13.914317000300052,1000318408,2001501728,124187794432,999885952,81.72096399994189,83.84535400000459
openmarcie_printer,mixed,local_only,openmarcie_printer__only_rgb__gemma3_1b,gemma3_1b,only_rgb,432456,1729824,27357696,312,0,432456,0.2378110002609901,2.6043820009976857,13.799077000480692,1000318408,2001501728,124187794432,999885952,81.72096399994189,83.93231599893625
openmarcie_printer,mixed,bottleneck,openmarcie_printer__only_rgb__gemma3_1b,gemma3_1b,only_rgb,459728,1838912,47052160,4104,28856,430872,0.8439639996140613,3.732664999252872,17.470419997722423,1001711952,2007075904,376697470848,1001252224,81.45120300014241,84.37482899989845
openmarcie_printer,mixed,tokenlearner,openmarcie_printer__only_rgb__gemma3_1b,gemma3_1b,only_rgb,465896,1863584,31114624,6600,27896,438000,0.7705839998379815,4.00909600011335,19.526320999802266,1001718120,2007100576,169643798400,1001252224,81.00930000000517,84.05109500017716
openmarcie_printer,mixed,posthoc_vq,openmarcie_printer__only_rgb__gemma3_1b,gemma3_1b,only_rgb,500984,2003936,47347072,1224,34040,466944,1.1943960007556598,3.795087002076837,16.066305001213784,1001753208,2007240928,376697765760,1001252224,81.45120300014241,85.47263300079067
openmarcie_printer,mixed,joint_vq,openmarcie_printer__only_rgb__gemma3_1b,gemma3_1b,only_rgb,515240,2060960,31311232,504,34040,481200,1.1730460000762832,3.709248000576324,15.6412770007876,1001767464,2007297952,169643995008,1001252224,81.00930000000517,85.18023099986749
openmarcie_printer,mixed,deepconvlstm,openmarcie_printer__only_rgb__gemma3_1b,gemma3_1b,only_rgb,444044,1776176,28205824,113448,444044,0,1.5181079998001223,18.81193899948165,104.49553300046074,1001696268,2007013168,146909326592,1001252224,81.06878000035067,83.19090100030735
openmarcie_printer,mixed,unrestricted_bank,openmarcie_printer__only_rgb__gemma3_1b,gemma3_1b,only_rgb,516392,2065568,31802752,504,34040,482352,0.8138140001392458,3.2826269988968737,14.857893999425219,1001768616,2007302560,169644486528,1001252224,81.00930000000517,84.44816800056287
openmarcie_printer,mixed,separate_banks,openmarcie_printer__only_rgb__gemma3_1b,gemma3_1b,only_rgb,484712,1938848,31311232,504,34040,450672,1.1998460004178924,3.660367000464746,15.234565001839005,1001736936,2007175840,169643995008,1001252224,81.00930000000517,84.78526900034922
openmarcie_printer,mixed,fixed_resampling,openmarcie_printer__only_rgb__gemma3_1b,gemma3_1b,only_rgb,484712,1938848,16934272,504,34040,450672,1.1856659994009533,3.5681479993750576,14.728848999430998,1001736936,2007175840,169629618048,1001252224,81.00930000000517,84.18823600004544
openmarcie_printer,mixed,finetune_encoders,openmarcie_printer__only_rgb__gemma3_1b,gemma3_1b,only_rgb,484712,1938848,31311232,504,34040,450672,1.207446000080381,3.6663079999366777,15.230685000125309,1001736936,2007175840,169643995008,1001252224,81.00930000000517,84.76385899939487
openmarcie_printer,mixed,no_alignment,openmarcie_printer__only_rgb__gemma3_1b,gemma3_1b,only_rgb,484712,1938848,31311232,504,34040,450672,1.4261369997257134,3.883229000110575,15.440034999875284,1001736936,2007175840,169643995008,1001252224,81.00930000000517,84.82954899955075
openmarcie_printer,mixed,no_usage,openmarcie_printer__only_rgb__gemma3_1b,gemma3_1b,only_rgb,484712,1938848,31311232,504,34040,450672,1.1603559996729018,3.6232580004603254,15.207047999530264,1001736936,2007175840,169643995008,1001252224,81.00930000000517,84.81760999984544
openmarcie_printer,mixed,tcn,openmarcie_printer__only_rgb__gemma3_1b,gemma3_1b,only_rgb,277656,1110624,17560704,113448,277656,0,1.699419000033231,18.98506999981954,104.6698510005238,1001529880,2006347616,146898681472,1001252224,81.06878000035067,83.33998099988094
openmarcie_printer,mixed,ts_transformer,openmarcie_printer__only_rgb__gemma3_1b,gemma3_1b,only_rgb,290520,1162080,18609280,113448,290520,0,1.760099000421178,19.041770000460826,104.72677999737908,1001542744,2006399072,146899730048,1001252224,81.06878000035067,83.42377100143494
openmarcie_printer,mixed,patchtst,openmarcie_printer__only_rgb__gemma3_1b,gemma3_1b,only_rgb,253720,1014880,429324672,113448,253720,0,1.8327490006413427,19.11484000169629,104.79877000276002,1001505944,2006251872,111901536640,1001252224,80.8698690007077,83.29340100135596
openmarcie_printer,cuda,distrixsense,openmarcie_printer__only_temperature__gemma3_1b,gemma3_1b,only_temperature,35844,143376,858944,81,28600,7244,0.5556730002354016,3.15157500156773,3.15157500156773,1001288068,2005380368,98785730880,1001252224,80.79177899981005,82.191985999998
openmarcie_printer,cuda,dense,openmarcie_printer__only_temperature__gemma3_1b,gemma3_1b,only_temperature,31388,125552,2237248,4324,27576,3812,0.4733220002890448,6.29431300090322,6.29431300090322,1001283612,2005362544,132731099456,1001252224,80.80922000044666,82.06003600025724
openmarcie_printer,cuda,dense_tokens,openmarcie_printer__only_temperature__gemma3_1b,gemma3_1b,only_temperature,33764,135056,842560,1100,27576,6188,0.4488320000746171,4.173796000936709,4.173796000936709,1001285988,2005372048,98785714496,1001252224,80.79177899981005,82.05633499892429
openmarcie_printer,cuda,raw,openmarcie_printer__only_temperature__gemma3_1b,gemma3_1b,only_temperature,31388,125552,2237248,644,31388,0,0.7970739998199861,3.3995339992381517,3.3995339992381517,1001283612,2005362544,132731099456,1001252224,80.80922000044666,81.99981699999626
openmarcie_printer,cuda,early_fusion,openmarcie_printer__only_temperature__gemma3_1b,gemma3_1b,only_temperature,27804,111216,2009920,644,27804,0,0.818153999716742,3.4290049999819487,3.4290049999819487,1001280028,2005348208,132730872128,1001252224,80.80922000044666,82.01975600059086
openmarcie_printer,cuda,late_fusion,openmarcie_printer__only_temperature__gemma3_1b,gemma3_1b,only_temperature,4208,16832,240128,96,0,4208,0.07817099958629115,2.5424840001189266,2.5424840001189266,999890160,1999788736,110042497024,999885952,80.76161900044099,81.51047299998027
openmarcie_printer,cuda,local_only,openmarcie_printer__only_temperature__gemma3_1b,gemma3_1b,only_temperature,4208,16832,240128,52,0,4208,0.0987900002655806,2.541232000355632,2.541232000355632,999890160,1999788736,110042497024,999885952,80.76161900044099,81.54070299951854
openmarcie_printer,cuda,bottleneck,openmarcie_printer__only_temperature__gemma3_1b,gemma3_1b,only_temperature,31680,126720,2253632,684,27736,3944,0.469941999654111,3.4129529988340686,3.4129529988340686,1001283904,2005363712,132731115840,1001252224,80.80922000044666,82.074616000682
openmarcie_printer,cuda,tokenlearner,openmarcie_printer__only_temperature__gemma3_1b,gemma3_1b,only_temperature,32708,130832,826176,1100,27576,5132,0.4400219995659427,3.785175000298186,3.785175000298186,1001284932,2005367824,98785698112,1001252224,80.79177899981005,82.04421499885939
openmarcie_printer,cuda,posthoc_vq,openmarcie_printer__only_temperature__gemma3_1b,gemma3_1b,only_temperature,33436,133744,2302784,192,28600,4836,0.5807830002595438,3.323547000562388,3.323547000562388,1001285660,2005370736,132731164992,1001252224,80.80922000044666,82.3608670007161
openmarcie_printer,cuda,joint_vq,openmarcie_printer__only_temperature__gemma3_1b,gemma3_1b,only_temperature,35812,143248,858944,81,28600,7212,0.5439630003820639,3.268866000354942,3.268866000354942,1001288036,2005380240,98785730880,1001252224,80.79177899981005,82.34919699953025
openmarcie_printer,cuda,deepconvlstm,openmarcie_printer__only_temperature__gemma3_1b,gemma3_1b,only_temperature,33456,133824,2075136,644,33456,0,0.46039199969527544,3.071682000320102,3.071682000320102,1001285680,2005370816,132730937344,1001252224,80.80922000044666,81.67871500063484
openmarcie_printer,cuda,unrestricted_bank,openmarcie_printer__only_temperature__gemma3_1b,gemma3_1b,only_temperature,35844,143376,858944,81,28600,7244,0.46148199999151984,3.034364000115497,3.034364000115497,1001288068,2005380368,98785730880,1001252224,80.79177899981005,82.126005999271
openmarcie_printer,cuda,separate_banks,openmarcie_printer__only_temperature__gemma3_1b,gemma3_1b,only_temperature,35844,143376,858944,81,28600,7244,0.6073729991840082,3.1867649995837244,3.1867649995837244,1001288068,2005380368,98785730880,1001252224,80.79177899981005,82.21038699957717
openmarcie_printer,cuda,fixed_resampling,openmarcie_printer__only_temperature__gemma3_1b,gemma3_1b,only_temperature,35844,143376,857152,81,28600,7244,0.5506329998752335,3.089054999720142,3.089054999720142,1001288068,2005380368,98785729088,1001252224,80.79177899981005,82.18343699991237
openmarcie_printer,cuda,finetune_encoders,openmarcie_printer__only_temperature__gemma3_1b,gemma3_1b,only_temperature,35844,143376,858944,81,28600,7244,0.5455529999380815,3.120535000591085,3.120535000591085,1001288068,2005380368,98785730880,1001252224,80.79177899981005,82.19823699982953
openmarcie_printer,cuda,no_alignment,openmarcie_printer__only_temperature__gemma3_1b,gemma3_1b,only_temperature,35844,143376,858944,81,28600,7244,0.552502999198623,3.1270049994708504,3.1270049994708504,1001288068,2005380368,98785730880,1001252224,80.79177899981005,82.2064660005708
openmarcie_printer,cuda,no_usage,openmarcie_printer__only_temperature__gemma3_1b,gemma3_1b,only_temperature,35844,143376,858944,81,28600,7244,0.5455529999380815,3.1159159998713992,3.1159159998713992,1001288068,2005380368,98785730880,1001252224,80.79177899981005,82.21183599926007
openmarcie_printer,cuda,tcn,openmarcie_printer__only_temperature__gemma3_1b,gemma3_1b,only_temperature,13692,54768,823872,644,13692,0,0.6037229995854432,3.213623998983344,3.213623998983344,1001265916,2005291760,132729686080,1001252224,80.80922000044666,81.79924600062805
openmarcie_printer,cuda,ts_transformer,openmarcie_printer__only_temperature__gemma3_1b,gemma3_1b,only_temperature,26556,106224,1872448,644,26556,0,0.6865940003990545,3.284734999562893,3.284734999562893,1001278780,2005343216,132730734656,1001252224,80.80922000044666,81.91178500055685
openmarcie_printer,cuda,patchtst,openmarcie_printer__only_temperature__gemma3_1b,gemma3_1b,only_temperature,26652,106608,1448768,644,26652,0,0.7640439998795046,3.3625660000163364,3.3625660000163364,1001278876,2005343600,97374650176,1001252224,80.57326800008013,81.71649300038553
openmarcie_printer,mixed,distrixsense,openmarcie_printer__only_temperature__gemma3_1b,gemma3_1b,only_temperature,35844,143376,858944,81,28600,7244,0.559232999876258,2.8765150000543915,2.8765150000543915,1001288068,2005380368,98785730880,1001252224,80.79177899981005,82.04849599951558
openmarcie_printer,mixed,dense,openmarcie_printer__only_temperature__gemma3_1b,gemma3_1b,only_temperature,31388,125552,2237248,4324,27576,3812,0.473982000585238,6.114263001431699,6.114263001431699,1001283612,2005362544,132731099456,1001252224,80.80922000044666,81.91377500133967
openmarcie_printer,mixed,dense_tokens,openmarcie_printer__only_temperature__gemma3_1b,gemma3_1b,only_temperature,33764,135056,842560,1100,27576,6188,0.447901999905298,3.5615629985794657,3.5615629985794657,1001285988,2005372048,98785714496,1001252224,80.79177899981005,81.90949399977399
openmarcie_printer,mixed,raw,openmarcie_printer__only_temperature__gemma3_1b,gemma3_1b,only_temperature,31388,125552,2237248,644,31388,0,0.8055140006035799,3.3542750008402393,3.3542750008402393,1001283612,2005362544,132731099456,1001252224,80.80922000044666,81.95435600100609
openmarcie_printer,mixed,early_fusion,openmarcie_printer__only_temperature__gemma3_1b,gemma3_1b,only_temperature,27804,111216,2009920,644,27804,0,0.8150840003509074,3.3699540010113154,3.3699540010113154,1001280028,2005348208,132730872128,1001252224,80.80922000044666,81.98350500060769
openmarcie_printer,mixed,late_fusion,openmarcie_printer__only_temperature__gemma3_1b,gemma3_1b,only_temperature,4208,16832,240128,96,0,4208,0.07662100051675225,2.350791999165446,2.350791999165446,999890160,1999788736,110042497024,999885952,80.76161900044099,81.38241200049379
openmarcie_printer,mixed,local_only,openmarcie_printer__only_temperature__gemma3_1b,gemma3_1b,only_temperature,4208,16832,240128,52,0,4208,0.09340999986306997,2.334439999019634,2.334439999019634,999890160,1999788736,110042497024,999885952,80.76161900044099,81.41760200032877
openmarcie_printer,mixed,bottleneck,openmarcie_printer__only_temperature__gemma3_1b,gemma3_1b,only_temperature,31680,126720,2253632,684,27736,3944,0.48203300048044184,3.239884001478483,3.239884001478483,1001283904,2005363712,132731115840,1001252224,80.80922000044666,81.95868599977985
openmarcie_printer,mixed,tokenlearner,openmarcie_printer__only_temperature__gemma3_1b,gemma3_1b,only_temperature,32708,130832,826176,1100,27576,5132,0.4439019994606497,3.5494839985357247,3.5494839985357247,1001284932,2005367824,98785698112,1001252224,80.79177899981005,81.90866399945662
openmarcie_printer,mixed,posthoc_vq,openmarcie_printer__only_temperature__gemma3_1b,gemma3_1b,only_temperature,33436,133744,2302784,192,28600,4836,0.6164229998830706,3.067823998734087,3.067823998734087,1001285660,2005370736,132731164992,1001252224,80.80922000044666,82.14779600075417
openmarcie_printer,mixed,joint_vq,openmarcie_printer__only_temperature__gemma3_1b,gemma3_1b,only_temperature,35812,143248,858944,81,28600,7212,0.5462530007207533,2.943104001162178,2.943104001162178,1001288036,2005380240,98785730880,1001252224,80.79177899981005,82.11299600043276
openmarcie_printer,mixed,deepconvlstm,openmarcie_printer__only_temperature__gemma3_1b,gemma3_1b,only_temperature,33456,133824,2075136,644,33456,0,0.4709719996753847,3.0190220006099437,3.0190220006099437,1001285680,2005370816,132730937344,1001252224,80.80922000044666,81.63021400014259
openmarcie_printer,mixed,unrestricted_bank,openmarcie_printer__only_temperature__gemma3_1b,gemma3_1b,only_temperature,35844,143376,858944,81,28600,7244,0.4611220001606853,2.774904000972933,2.774904000972933,1001288068,2005380368,98785730880,1001252224,80.79177899981005,82.03474499896402
openmarcie_printer,mixed,separate_banks,openmarcie_printer__only_temperature__gemma3_1b,gemma3_1b,only_temperature,35844,143376,858944,81,28600,7244,0.569623000046704,2.8854540005630813,2.8854540005630813,1001288068,2005380368,98785730880,1001252224,80.79177899981005,82.08345499951974
openmarcie_printer,mixed,fixed_resampling,openmarcie_printer__only_temperature__gemma3_1b,gemma3_1b,only_temperature,35844,143376,857152,81,28600,7244,0.5514729991773493,2.800152999981842,2.800152999981842,1001288068,2005380368,98785729088,1001252224,80.79177899981005,81.96702499935782
openmarcie_printer,mixed,finetune_encoders,openmarcie_printer__only_temperature__gemma3_1b,gemma3_1b,only_temperature,35844,143376,858944,81,28600,7244,0.5543029992622905,2.8669849989745533,2.8669849989745533,1001288068,2005380368,98785730880,1001252224,80.79177899981005,82.04837599987513
openmarcie_printer,mixed,no_alignment,openmarcie_printer__only_temperature__gemma3_1b,gemma3_1b,only_temperature,35844,143376,858944,81,28600,7244,0.5460920001496561,2.871774000624905,2.871774000624905,1001288068,2005380368,98785730880,1001252224,80.79177899981005,82.04814600048849
openmarcie_printer,mixed,no_usage,openmarcie_printer__only_temperature__gemma3_1b,gemma3_1b,only_temperature,35844,143376,858944,81,28600,7244,0.5656330004057963,2.879273999525944,2.879273999525944,1001288068,2005380368,98785730880,1001252224,80.79177899981005,82.04586599913455
openmarcie_printer,mixed,tcn,openmarcie_printer__only_temperature__gemma3_1b,gemma3_1b,only_temperature,13692,54768,823872,644,13692,0,0.6016429997544037,3.149482999271818,3.149482999271818,1001265916,2005291760,132729686080,1001252224,80.80922000044666,81.77199500005372
openmarcie_printer,mixed,ts_transformer,openmarcie_printer__only_temperature__gemma3_1b,gemma3_1b,only_temperature,26556,106224,1872448,644,26556,0,0.6907139995746547,3.2410739997269005,3.2410739997269005,1001278780,2005343216,132730734656,1001252224,80.80922000044666,81.85441500063462
openmarcie_printer,mixed,patchtst,openmarcie_printer__only_temperature__gemma3_1b,gemma3_1b,only_temperature,26652,106608,1448768,644,26652,0,0.7628840003235382,3.3126039999680827,3.3126039999680827,1001278876,2005343600,97374650176,1001252224,80.57326800008013,81.6670839994913
nymeria,cuda,distrixsense,nymeria__all__gemma3_1b,gemma3_1b,all,7934884,31739536,543573952,3567,71988,7862896,5.217445999733172,13.426553998922195,37.68404699834136,1009187108,2036976528,680860380608,1001252224,80.78260000002047,105.13157400055206
nymeria,cuda,dense,nymeria__all__gemma3_1b,gemma3_1b,all,7752188,31008752,1003004864,177284,30004,7722184,2.9520050002247444,47.31719700010411,170.3483339999587,1009004412,2036245744,2256867031488,1001252224,98.24659700007032,115.78191599892307
nymeria,cuda,dense_tokens,nymeria__all__gemma3_1b,gemma3_1b,all,7849604,31398416,542902208,45100,30004,7819600,2.74346400055947,19.473159000357263,67.43320899883665,1009101828,2036635408,680859708864,1001252224,80.78260000002047,100.93022199998813
nymeria,cuda,raw,nymeria__all__gemma3_1b,gemma3_1b,all,7752188,31008752,1003004864,10718368,7752188,0,12.86148500003037,3615.487728998896,8605.020759996536,1009004412,2036245744,2256867031488,1001252224,98.24659700007032,117.19538299985288
nymeria,cuda,early_fusion,nymeria__all__gemma3_1b,gemma3_1b,all,6923516,27694064,442477504,10718368,6923516,0,9.203497000271454,3611.8087129995997,8601.327666999226,1008175740,2032931056,246985785792,1001252224,81.73840400013432,96.85474100024294
nymeria,cuda,late_fusion,nymeria__all__gemma3_1b,gemma3_1b,all,7735714,30942856,493376640,3608,0,7735714,0.7327739995162119,7.920307000951411,29.830807999792018,1007621666,2030714760,224077449856,999885952,81.18813100008992,96.83588099960616
nymeria,cuda,local_only,nymeria__all__gemma3_1b,gemma3_1b,all,7735714,30942856,493376640,2132,0,7735714,1.2361669996607816,8.21391999890902,29.42332999886889,1007621666,2030714760,224077449856,999885952,81.18813100008992,98.16786699957447
nymeria,cuda,bottleneck,nymeria__all__gemma3_1b,gemma3_1b,all,7764160,31056640,1003676608,28044,36564,7727596,3.2626470001559937,15.79977999923476,52.132348999104686,1009016384,2036293632,2256867703232,1001252224,98.24659700007032,117.42486399998597
nymeria,cuda,tokenlearner,nymeria__all__gemma3_1b,gemma3_1b,all,7806308,31225232,542230464,45100,30004,7776304,2.719334000175877,19.381928999267693,67.07234699976661,1009058532,2036462224,680859037120,1001252224,80.78260000002047,100.96043300109159
nymeria,cuda,posthoc_vq,nymeria__all__gemma3_1b,gemma3_1b,all,8046076,32184304,1005691840,8856,71988,7974088,5.2701260001413175,15.321228001656547,44.910601002611116,1009298300,2037421296,2256869718464,1001252224,98.24659700007032,125.29452300077537
nymeria,cuda,joint_vq,nymeria__all__gemma3_1b,gemma3_1b,all,8143492,32573968,543573952,3567,71988,8071504,5.123815999468206,14.672409998436073,42.93409099803611,1009395716,2037810960,680860380608,1001252224,80.78260000002047,109.84942699997191
nymeria,cuda,deepconvlstm,nymeria__all__gemma3_1b,gemma3_1b,all,7626322,30505288,487321728,10718368,7626322,0,8.791394999207114,3611.392930999254,8600.883082000168,1008878546,2035742280,247030630016,1001252224,81.73840400013432,96.51433899944095
nymeria,cuda,unrestricted_bank,nymeria__all__gemma3_1b,gemma3_1b,all,9666724,38666896,570443712,3567,71988,9594736,2.933965000011085,11.179643999437126,35.26513399932227,1010918948,2043903888,680887250368,1001252224,80.78260000002047,102.32331000042905
nymeria,cuda,separate_banks,nymeria__all__gemma3_1b,gemma3_1b,all,7934884,31739536,543573952,3567,71988,7862896,5.359556999792403,13.727705000544397,37.91238600145661,1009187108,2036976528,680860380608,1001252224,80.78260000002047,104.90547299923492
nymeria,cuda,fixed_resampling,nymeria__all__gemma3_1b,gemma3_1b,all,7934884,31739536,114399680,3567,71988,7862896,5.04452599943761,12.690090998855617,35.667586999201006,1009187108,2036976528,680431206336,1001252224,80.78260000002047,103.27911500007758
nymeria,cuda,finetune_encoders,nymeria__all__gemma3_1b,gemma3_1b,all,7934884,31739536,543573952,3567,71988,7862896,5.05114599945955,13.216514999637461,37.440684999031504,1009187108,2036976528,680860380608,1001252224,80.78260000002047,104.33305900005507
nymeria,cuda,no_alignment,nymeria__all__gemma3_1b,gemma3_1b,all,7934884,31739536,543573952,3567,71988,7862896,5.021844999646419,13.147111999185022,37.24981499575151,1009187108,2036976528,680860380608,1001252224,80.78260000002047,104.39565099932224
nymeria,cuda,no_usage,nymeria__all__gemma3_1b,gemma3_1b,all,7934884,31739536,543573952,3567,71988,7862896,5.178656000680348,13.347155000499065,37.49873399859425,1009187108,2036976528,680860380608,1001252224,80.78260000002047,104.67102100028569
nymeria,cuda,tcn,nymeria__all__gemma3_1b,gemma3_1b,all,6908124,27632496,441291456,10718368,6908124,0,9.364526999888767,3611.9797930002546,8601.47921400045,1008160348,2032869488,246984599744,1001252224,81.73840400013432,97.13248200023372
nymeria,cuda,ts_transformer,nymeria__all__gemma3_1b,gemma3_1b,all,6920988,27683952,442340032,10718368,6920988,0,9.023825999975088,3611.625702000974,8601.132316001953,1008173212,2032920944,246985648320,1001252224,81.73840400013432,96.7143899997609
nymeria,cuda,patchtst,nymeria__all__gemma3_1b,gemma3_1b,all,6744572,26978288,2403034176,10718368,6744572,0,9.610039000108372,3612.1841849996867,8601.70250700054,1007996796,2032215280,213164697664,1001252224,81.57975299945974,96.9684599995162
nymeria,mixed,distrixsense,nymeria__all__gemma3_1b,gemma3_1b,all,7934884,31739536,543573952,3567,71988,7862896,5.212406999817176,11.562114999630744,30.30945899930302,1009187108,2036976528,680860380608,1001252224,80.78260000002047,98.16693799984932
nymeria,mixed,dense,nymeria__all__gemma3_1b,gemma3_1b,all,7752188,31008752,1003004864,177284,30004,7722184,2.9235650008558878,46.012799000329444,165.09412599973467,1009004412,2036245744,2256867031488,1001252224,98.24659700007032,110.90768099984416
nymeria,mixed,dense_tokens,nymeria__all__gemma3_1b,gemma3_1b,all,7849604,31398416,542902208,45100,30004,7819600,2.752473999862559,17.748489999051962,60.484442000843124,1009101828,2036635408,680859708864,1001252224,80.78260000002047,94.51962999992247
nymeria,mixed,raw,nymeria__all__gemma3_1b,gemma3_1b,all,7752188,31008752,1003004864,10718368,7752188,0,13.031765999585332,3614.823047999134,8602.683920999938,1009004412,2036245744,2256867031488,1001252224,98.24659700007032,115.15816299925064
nymeria,mixed,early_fusion,nymeria__all__gemma3_1b,gemma3_1b,all,6923516,27694064,442477504,10718368,6923516,0,9.236746999704337,3611.126169000026,8599.056762998829,1008175740,2032931056,246985785792,1001252224,81.73840400013432,94.63171900097223
nymeria,mixed,late_fusion,nymeria__all__gemma3_1b,gemma3_1b,all,7735714,30942856,493376640,3608,0,7735714,0.7284839994099457,6.586929998867831,24.300108000465706,1007621666,2030714760,224077449856,999885952,81.18813100008992,91.71314400009578
nymeria,mixed,local_only,nymeria__all__gemma3_1b,gemma3_1b,all,7735714,30942856,493376640,2132,0,7735714,1.262926999515912,7.067242999639618,24.05589200011195,1007621666,2030714760,224077449856,999885952,81.18813100008992,92.41245700013678
nymeria,mixed,bottleneck,nymeria__all__gemma3_1b,gemma3_1b,all,7764160,31056640,1003676608,28044,36564,7727596,3.2762669998191996,14.409631999534485,46.46310099887352,1009016384,2036293632,2256867703232,1001252224,98.24659700007032,111.67087600006198
nymeria,mixed,tokenlearner,nymeria__all__gemma3_1b,gemma3_1b,all,7806308,31225232,542230464,45100,30004,7776304,2.731503999712004,17.713330000718706,60.36921100209846,1009058532,2036462224,680859037120,1001252224,80.78260000002047,94.32425900013186
nymeria,mixed,posthoc_vq,nymeria__all__gemma3_1b,gemma3_1b,all,8046076,32184304,1005691840,8856,71988,7974088,5.318086999977822,13.048245999587945,35.47335299825082,1009298300,2037421296,2256869718464,1001252224,98.24659700007032,116.37243800032593
nymeria,mixed,joint_vq,nymeria__all__gemma3_1b,gemma3_1b,all,8143492,32573968,543573952,3567,71988,8071504,5.133495999871229,11.973505000039317,32.188408001578495,1009395716,2037810960,680860380608,1001252224,80.78260000002047,99.81465599958028
nymeria,mixed,deepconvlstm,nymeria__all__gemma3_1b,gemma3_1b,all,7626322,30505288,487321728,10718368,7626322,0,8.774663999247423,3610.6762559991053,8598.762600002432,1008878546,2035742280,247030630016,1001252224,81.73840400013432,94.50191900123173
nymeria,mixed,unrestricted_bank,nymeria__all__gemma3_1b,gemma3_1b,all,9666724,38666896,570443712,3567,71988,9594736,2.9555959999925108,9.403654999712039,28.409979999499768,1010918948,2043903888,680887250368,1001252224,80.78260000002047,96.25005899943062
nymeria,mixed,separate_banks,nymeria__all__gemma3_1b,gemma3_1b,all,7934884,31739536,543573952,3567,71988,7862896,5.348857000171847,11.732235999968275,30.50940999977101,1009187108,2036976528,680860380608,1001252224,80.78260000002047,98.44574999897304
nymeria,mixed,fixed_resampling,nymeria__all__gemma3_1b,gemma3_1b,all,7934884,31739536,114399680,3567,71988,7862896,5.096666000099503,10.570729999724158,27.30935199936866,1009187108,2036976528,680431206336,1001252224,80.78260000002047,95.09504300058325
nymeria,mixed,finetune_encoders,nymeria__all__gemma3_1b,gemma3_1b,all,7934884,31739536,543573952,3567,71988,7862896,5.175246999897354,11.583635998956474,30.373839999204932,1009187108,2036976528,680860380608,1001252224,80.78260000002047,98.42092000053526
nymeria,mixed,no_alignment,nymeria__all__gemma3_1b,gemma3_1b,all,7934884,31739536,543573952,3567,71988,7862896,5.048015999818745,11.473673999514453,30.32036700218086,1009187108,2036976528,680860380608,1001252224,80.78260000002047,98.54590000031749
nymeria,mixed,no_usage,nymeria__all__gemma3_1b,gemma3_1b,all,7934884,31739536,543573952,3567,71988,7862896,5.281115999423491,12.321386998134862,31.172840996381268,1009187108,2036976528,680860380608,1001252224,80.78260000002047,98.21177899993927
nymeria,mixed,tcn,nymeria__all__gemma3_1b,gemma3_1b,all,6908124,27632496,441291456,10718368,6908124,0,8.905584999411076,3610.8093069994807,8598.69202899796,1008160348,2032869488,246984599744,1001252224,81.73840400013432,94.36660700066568
nymeria,mixed,ts_transformer,nymeria__all__gemma3_1b,gemma3_1b,all,6920988,27683952,442340032,10718368,6920988,0,9.089046000553935,3610.916657999705,8598.79566299975,1008173212,2032920944,246985648320,1001252224,81.73840400013432,94.49805900021602
nymeria,mixed,patchtst,nymeria__all__gemma3_1b,gemma3_1b,all,6744572,26978288,2403034176,10718368,6744572,0,9.608839000065927,3611.42583999911,8599.30780399924,1007996796,2032215280,213164697664,1001252224,81.57975299945974,94.8846709998179
nymeria,cuda,distrixsense,nymeria__only_audio__gemma3_1b,gemma3_1b,only_audio,7109164,28436656,453406464,164,29556,7079608,0.69113399968046,3.3292980000024777,5.906969999767362,1008361388,2033673648,113361242368,1001252224,80.81370000036259,83.03276100104995
nymeria,cuda,dense,nymeria__only_audio__gemma3_1b,gemma3_1b,only_audio,7100252,28401008,456648448,8648,27508,7072744,0.5253219997030101,6.5039670001667576,12.431888999989932,1008352476,2033638000,181477384448,1001252224,80.52677799969388,82.44151699909708
nymeria,cuda,dense_tokens,nymeria__only_audio__gemma3_1b,gemma3_1b,only_audio,7105004,28420016,453373696,2200,27508,7077496,0.517802000103984,3.944684999619203,7.324346999657573,1008357228,2033657008,113361209600,1001252224,80.81370000036259,82.77299000110361
nymeria,cuda,raw,nymeria__only_audio__gemma3_1b,gemma3_1b,only_audio,7100252,28401008,456648448,8232152,7100252,0,1.335176000793581,3297.526682000656,6592.893055001393,1008352476,2033638000,181477384448,1001252224,80.52677799969388,83.90635499927157
nymeria,cuda,early_fusion,nymeria__only_audio__gemma3_1b,gemma3_1b,only_audio,6633532,26534128,424316672,8232152,6633532,0,1.1912259997188812,3297.38981299973,6592.752924999938,1007885756,2031771120,135981926656,1001252224,80.8184990000882,84.1611659998307
nymeria,cuda,late_fusion,nymeria__only_audio__gemma3_1b,gemma3_1b,only_audio,7073404,28293616,452188160,176,0,7073404,0.09501000022282824,2.695812000772485,5.233425000637781,1006959356,2028065520,113316377088,999885952,80.81370000036259,82.2161669993875
nymeria,cuda,local_only,nymeria__only_audio__gemma3_1b,gemma3_1b,only_audio,7073404,28293616,452188160,104,0,7073404,0.11928100047953194,2.6886030011769266,5.213935000515415,1006959356,2028065520,113316377088,999885952,80.81370000036259,82.23586699932639
nymeria,cuda,bottleneck,nymeria__only_audio__gemma3_1b,gemma3_1b,only_audio,7100836,28403344,456681216,1368,27828,7073008,0.5572329991991865,3.635234999156662,6.66619799862206,1008353060,2033640336,181477417216,1001252224,80.52677799969388,82.45950800028368
nymeria,cuda,tokenlearner,nymeria__only_audio__gemma3_1b,gemma3_1b,only_audio,7102892,28411568,453340928,2200,27508,7075384,0.5213220001678565,3.9520949994720285,7.3370469999552,1008355116,2033648560,113361176832,1001252224,80.81370000036259,82.76354000008723
nymeria,cuda,posthoc_vq,nymeria__only_audio__gemma3_1b,gemma3_1b,only_audio,7106396,28425584,456779520,392,29556,7076840,0.6985230002101162,3.6086059997499222,6.462899999473442,1008358620,2033662576,181477515520,1001252224,80.52677799969388,83.12563100025727
nymeria,cuda,joint_vq,nymeria__only_audio__gemma3_1b,gemma3_1b,only_audio,7111148,28444592,453406464,164,29556,7081592,0.6891129996802192,3.488677999788802,6.229242001307476,1008363372,2033681584,113361242368,1001252224,80.81370000036259,83.35822299977735
nymeria,cuda,deepconvlstm,nymeria__only_audio__gemma3_1b,gemma3_1b,only_audio,7099186,28396744,453825920,8232152,7099186,0,0.8289540000987472,3297.034690999984,6592.4031129995155,1008351410,2033633736,136011435904,1001252224,80.8184990000882,83.77425300022878
nymeria,cuda,unrestricted_bank,nymeria__only_audio__gemma3_1b,gemma3_1b,only_audio,7111276,28445104,453439232,164,29556,7081720,0.5467529999805265,3.193796999161446,5.772658998165035,1008363500,2033682096,113361275136,1001252224,80.81370000036259,82.87014000052295
nymeria,cuda,separate_banks,nymeria__only_audio__gemma3_1b,gemma3_1b,only_audio,7109164,28436656,453406464,164,29556,7079608,0.7120129994291347,3.352296999159176,5.929468999664287,1008361388,2033673648,113361242368,1001252224,80.81370000036259,83.01655200011737
nymeria,cuda,fixed_resampling,nymeria__only_audio__gemma3_1b,gemma3_1b,only_audio,7109164,28436656,38456320,164,29556,7079608,0.6824330002928036,3.267397001158411,5.788649000958877,1008361388,2033673648,112946292224,1001252224,80.81370000036259,82.97395099998539
nymeria,cuda,finetune_encoders,nymeria__only_audio__gemma3_1b,gemma3_1b,only_audio,7109164,28436656,453406464,164,29556,7079608,0.679913000567467,3.307817001163226,5.883789000716398,1008361388,2033673648,113361242368,1001252224,80.81370000036259,83.01274099994771
nymeria,cuda,no_alignment,nymeria__only_audio__gemma3_1b,gemma3_1b,only_audio,7109164,28436656,453406464,164,29556,7079608,0.6836740003564046,3.3526970012954784,5.938100000701716,1008361388,2033673648,113361242368,1001252224,80.81370000036259,83.01942100115411
nymeria,cuda,no_usage,nymeria__only_audio__gemma3_1b,gemma3_1b,only_audio,7109164,28436656,453406464,164,29556,7079608,0.6827630004409002,3.324057001313218,5.913259001016023,1008361388,2033673648,113361242368,1001252224,80.81370000036259,83.01178100009565
nymeria,cuda,tcn,nymeria__only_audio__gemma3_1b,gemma3_1b,only_audio,6619388,26477552,423130624,8232152,6619388,0,0.9443950002605561,3297.073992000454,6592.4366440000695,1007871612,2031714544,135980740608,1001252224,80.8184990000882,83.86803500070528
nymeria,cuda,ts_transformer,nymeria__only_audio__gemma3_1b,gemma3_1b,only_audio,6632252,26529008,424179200,8232152,6632252,0,1.036565000504197,3297.196291998565,6592.573584997505,1007884476,2031766000,135981789184,1001252224,80.8184990000882,83.98271500118426
nymeria,cuda,patchtst,nymeria__only_audio__gemma3_1b,gemma3_1b,only_audio,6517308,26069232,1710926208,8232152,6517308,0,1.4339670005938387,3297.6638840012433,6593.050596001983,1007769532,2031306224,101902225792,1001252224,80.72033899952658,84.28136799921049
nymeria,mixed,distrixsense,nymeria__only_audio__gemma3_1b,gemma3_1b,only_audio,7109164,28436656,453406464,164,29556,7079608,0.7160539998949389,3.515046999686188,6.259509999534394,1008361388,2033673648,113361242368,1001252224,80.81370000036259,83.51555400076904
nymeria,mixed,dense,nymeria__only_audio__gemma3_1b,gemma3_1b,only_audio,7100252,28401008,456648448,8648,27508,7072744,0.5413819999375846,6.743104999581864,12.80652800024607,1008352476,2033638000,181477384448,1001252224,80.52677799969388,82.8604299995277
nymeria,mixed,dense_tokens,nymeria__only_audio__gemma3_1b,gemma3_1b,only_audio,7105004,28420016,453373696,2200,27508,7077496,0.5328329998519621,4.137506998626923,7.692059998580371,1008357228,2033657008,113361209600,1001252224,80.81370000036259,83.25409200097056
nymeria,mixed,raw,nymeria__only_audio__gemma3_1b,gemma3_1b,only_audio,7100252,28401008,456648448,8232152,7100252,0,1.2786870001946227,3297.0892610004134,6592.136911000732,1008352476,2033638000,181477384448,1001252224,80.52677799969388,83.2619020002312
nymeria,mixed,early_fusion,nymeria__only_audio__gemma3_1b,gemma3_1b,only_audio,6633532,26534128,424316672,8232152,6633532,0,1.1684359997161664,3297.0292410003217,6592.0966320006,1007885756,2031771120,135981926656,1001252224,80.8184990000882,83.4727629999179
nymeria,mixed,late_fusion,nymeria__only_audio__gemma3_1b,gemma3_1b,only_audio,7073404,28293616,452188160,176,0,7073404,0.10203100009675836,2.9158740000161107,5.623926999119122,1006959356,2028065520,113316377088,999885952,80.81370000036259,82.64107900049567
nymeria,mixed,local_only,nymeria__only_audio__gemma3_1b,gemma3_1b,only_audio,7073404,28293616,452188160,104,0,7073404,0.12699099988822127,2.8390339996508205,5.505777000084857,1006959356,2028065520,113316377088,999885952,80.81370000036259,82.682009000564
nymeria,mixed,bottleneck,nymeria__only_audio__gemma3_1b,gemma3_1b,only_audio,7100836,28403344,456681216,1368,27828,7073008,0.5591330000243033,3.9039180003519753,7.084391000300506,1008353060,2033640336,181477417216,1001252224,80.52677799969388,82.94525099972816
nymeria,mixed,tokenlearner,nymeria__only_audio__gemma3_1b,gemma3_1b,only_audio,7102892,28411568,453340928,2200,27508,7075384,0.6842339998911484,4.275967999997083,7.814491999842867,1008355116,2033648560,113361176832,1001252224,80.81370000036259,83.25026100010291
nymeria,mixed,posthoc_vq,nymeria__only_audio__gemma3_1b,gemma3_1b,only_audio,7106396,28425584,456779520,392,29556,7076840,0.7166939994931454,3.6625979999255622,6.546490999948722,1008358620,2033662576,181477515520,1001252224,80.52677799969388,83.45258200006356
nymeria,mixed,joint_vq,nymeria__only_audio__gemma3_1b,gemma3_1b,only_audio,7111148,28444592,453406464,164,29556,7081592,0.6954440004847129,3.5935389999705016,6.429552999787312,1008363372,2033681584,113361242368,1001252224,80.81370000036259,83.67510399966704
nymeria,mixed,deepconvlstm,nymeria__only_audio__gemma3_1b,gemma3_1b,only_audio,7099186,28396744,453825920,8232152,7099186,0,0.8174340000550728,3296.6797489992437,6591.728358999414,1008351410,2033633736,136011435904,1001252224,80.8184990000882,83.18466099899524
nymeria,mixed,unrestricted_bank,nymeria__only_audio__gemma3_1b,gemma3_1b,only_audio,7111276,28445104,453439232,164,29556,7081720,0.5493130001923419,3.489696999471658,6.259819999893999,1008363500,2033682096,113361275136,1001252224,80.81370000036259,83.39264300047944
nymeria,mixed,separate_banks,nymeria__only_audio__gemma3_1b,gemma3_1b,only_audio,7109164,28436656,453406464,164,29556,7079608,0.752103999730025,3.554726999331347,6.305559999116859,1008361388,2033673648,113361242368,1001252224,80.81370000036259,83.52977400045347
nymeria,mixed,fixed_resampling,nymeria__only_audio__gemma3_1b,gemma3_1b,only_audio,7109164,28436656,38456320,164,29556,7079608,0.689884000166785,3.167285999856272,5.576738000552915,1008361388,2033673648,112946292224,1001252224,80.81370000036259,82.96602999962488
nymeria,mixed,finetune_encoders,nymeria__only_audio__gemma3_1b,gemma3_1b,only_audio,7109164,28436656,453406464,164,29556,7079608,0.7086639998306055,3.5264280007450957,6.286072000573959,1008361388,2033673648,113361242368,1001252224,80.81370000036259,83.52322400060075
nymeria,mixed,no_alignment,nymeria__only_audio__gemma3_1b,gemma3_1b,only_audio,7109164,28436656,453406464,164,29556,7079608,0.69371300014609,3.5029570002135237,6.251690000379504,1008361388,2033673648,113361242368,1001252224,80.81370000036259,83.51636399947893
nymeria,mixed,no_usage,nymeria__only_audio__gemma3_1b,gemma3_1b,only_audio,7109164,28436656,453406464,164,29556,7079608,0.7047930002954672,3.6085380000568925,6.428502000442869,1008361388,2033673648,113361242368,1001252224,80.81370000036259,83.5157950014036
nymeria,mixed,tcn,nymeria__only_audio__gemma3_1b,gemma3_1b,only_audio,6619388,26477552,423130624,8232152,6619388,0,0.9455150002395385,3296.8023599999774,6591.8678620006785,1007871612,2031714544,135980740608,1001252224,80.8184990000882,83.31410200025857
nymeria,mixed,ts_transformer,nymeria__only_audio__gemma3_1b,gemma3_1b,only_audio,6632252,26529008,424179200,8232152,6632252,0,1.0191350002060062,3296.8448600007227,6591.9051309999,1007884476,2031766000,135981789184,1001252224,80.8184990000882,83.3567720001156
nymeria,mixed,patchtst,nymeria__only_audio__gemma3_1b,gemma3_1b,only_audio,6517308,26069232,1710926208,8232152,6517308,0,1.4191779991961084,3297.2832229991886,6592.345943997922,1007769532,2031306224,101902225792,1001252224,80.72033899952658,83.64749399970606
nymeria,cuda,distrixsense,nymeria__only_barometer__gemma3_1b,gemma3_1b,only_barometer,43024,172096,1633792,164,29556,13468,0.6804740005463827,3.280926001329231,5.81696800115261,1001295248,2005409088,112909469696,1001252224,80.81370000036259,82.89274999970075
nymeria,cuda,dense,nymeria__only_barometer__gemma3_1b,gemma3_1b,only_barometer,34112,136448,4875776,8648,27508,6604,0.5252029995972407,6.371484000150976,12.161025000486442,1001286336,2005373440,181025611776,1001252224,80.52677799969388,82.17580600012298
nymeria,cuda,dense_tokens,nymeria__only_barometer__gemma3_1b,gemma3_1b,only_barometer,38864,155456,1601024,2200,27508,11356,0.5204130002312013,3.887624999147083,7.209456999580434,1001291088,2005392448,112909436928,1001252224,80.81370000036259,82.63823000015691
nymeria,cuda,raw,nymeria__only_barometer__gemma3_1b,gemma3_1b,only_barometer,34112,136448,4875776,2488,34112,0,1.111445999413263,4.211756999679597,7.267817999517638,1001286336,2005373440,181025611776,1001252224,80.52677799969388,82.09495700066327
nymeria,cuda,early_fusion,nymeria__only_barometer__gemma3_1b,gemma3_1b,only_barometer,27680,110720,2002432,2488,27680,0,1.0289050005667377,4.135006001447142,7.196326001603075,1001279904,2005347712,135559612416,1001252224,80.8184990000882,82.322846000352
nymeria,cuda,late_fusion,nymeria__only_barometer__gemma3_1b,gemma3_1b,only_barometer,7264,29056,415488,176,0,7264,0.09620000037102727,2.569822999382659,4.999135999510018,999893216,1999800960,112864604416,999885952,80.81370000036259,81.98089600045932
nymeria,cuda,local_only,nymeria__only_barometer__gemma3_1b,gemma3_1b,only_barometer,7264,29056,415488,104,0,7264,0.12453099952836055,2.5759640004866755,4.981017000804934,999893216,1999800960,112864604416,999885952,80.81370000036259,82.02477600116254
nymeria,cuda,bottleneck,nymeria__only_barometer__gemma3_1b,gemma3_1b,only_barometer,34696,138784,4908544,1368,27828,6868,0.547622999874875,3.5141559985923116,6.423608998868126,1001286920,2005375776,181025644544,1001252224,80.52677799969388,82.26271700004872
nymeria,cuda,tokenlearner,nymeria__only_barometer__gemma3_1b,gemma3_1b,only_barometer,36752,147008,1568256,2200,27508,9244,0.5233820002104039,3.908035000672389,7.219388000512263,1001288976,2005384000,112909404160,1001252224,80.81370000036259,82.63675900070666
nymeria,cuda,posthoc_vq,nymeria__only_barometer__gemma3_1b,gemma3_1b,only_barometer,40256,161024,5006848,392,29556,10700,0.7084339995344635,3.482277998761926,6.191680998721998,1001292480,2005398016,181025742848,1001252224,80.52677799969388,82.80213899979572
nymeria,cuda,joint_vq,nymeria__only_barometer__gemma3_1b,gemma3_1b,only_barometer,45008,180032,1633792,164,29556,15452,0.6900340003994643,3.548857000472804,6.253421000718127,1001297232,2005417024,112909469696,1001252224,80.81370000036259,83.25151300050493
nymeria,cuda,deepconvlstm,nymeria__only_barometer__gemma3_1b,gemma3_1b,only_barometer,33046,132184,2053248,2488,33046,0,0.6869139997434104,3.7901640003062087,6.849024001011776,1001285270,2005369176,135559663232,1001252224,80.8184990000882,81.97310600007768
nymeria,cuda,unrestricted_bank,nymeria__only_barometer__gemma3_1b,gemma3_1b,only_barometer,45136,180544,1666560,164,29556,15580,0.538202999450732,3.132455999852123,5.665528999696299,1001297360,2005417536,112909502464,1001252224,80.81370000036259,82.75891900029819
nymeria,cuda,separate_banks,nymeria__only_barometer__gemma3_1b,gemma3_1b,only_barometer,43024,172096,1633792,164,29556,13468,0.7050029998936225,3.2899949986441293,5.822846998551732,1001295248,2005409088,112909469696,1001252224,80.81370000036259,82.95267000085005
nymeria,cuda,fixed_resampling,nymeria__only_barometer__gemma3_1b,gemma3_1b,only_barometer,43024,172096,1633280,164,29556,13468,0.9269849997508572,3.4750369998929322,5.966648999372602,1001295248,2005409088,112909469184,1001252224,80.81370000036259,82.83141099946079
nymeria,cuda,finetune_encoders,nymeria__only_barometer__gemma3_1b,gemma3_1b,only_barometer,43024,172096,1633792,164,29556,13468,0.6848630000604317,3.2767749992982367,5.803116998930101,1001295248,2005409088,112909469696,1001252224,80.81370000036259,82.89693999995507
nymeria,cuda,no_alignment,nymeria__only_barometer__gemma3_1b,gemma3_1b,only_barometer,43024,172096,1633792,164,29556,13468,0.6856729996798094,3.289216000061156,5.828769000498333,1001295248,2005409088,112909469696,1001252224,80.81370000036259,82.88470100160339
nymeria,cuda,no_usage,nymeria__only_barometer__gemma3_1b,gemma3_1b,only_barometer,43024,172096,1633792,164,29556,13468,0.6826230001024669,3.2729360003341803,5.800478000008489,1001295248,2005409088,112909469696,1001252224,80.81370000036259,82.90366100027313
nymeria,cuda,tcn,nymeria__only_barometer__gemma3_1b,gemma3_1b,only_barometer,13536,54144,816384,2488,13536,0,0.8001440000953153,3.9001360005519703,6.9582160004114035,1001265760,2005291136,135558426368,1001252224,80.8184990000882,82.0965350003462
nymeria,cuda,ts_transformer,nymeria__only_barometer__gemma3_1b,gemma3_1b,only_barometer,26400,105600,1864960,2488,26400,0,0.8783450002738391,3.9760450004129555,7.03109600092771,1001278624,2005342592,135559474944,1001252224,80.8184990000882,82.18048499929864
nymeria,cuda,patchtst,nymeria__only_barometer__gemma3_1b,gemma3_1b,only_barometer,26528,106112,726144,2488,26528,0,0.9328850001111277,4.03444500035646,7.0917860003004085,1001278752,2005343104,100192025728,1001252224,80.72033899952658,82.12471600018034
nymeria,mixed,distrixsense,nymeria__only_barometer__gemma3_1b,gemma3_1b,only_barometer,43024,172096,1633792,164,29556,13468,0.7262440003614756,3.0196049995848675,5.2554860000493235,1001295248,2005409088,112909469696,1001252224,80.81370000036259,82.43133900123212
nymeria,mixed,dense,nymeria__only_barometer__gemma3_1b,gemma3_1b,only_barometer,34112,136448,4875776,8648,27508,6604,0.5354120003175922,6.161523000950855,11.738044001239794,1001286336,2005373440,181025611776,1001252224,80.52677799969388,81.80989399988903
nymeria,mixed,dense_tokens,nymeria__only_barometer__gemma3_1b,gemma3_1b,only_barometer,38864,155456,1601024,2200,27508,11356,0.5149420003363048,3.594934000825451,6.629935000991972,1001291088,2005392448,112909436928,1001252224,80.81370000036259,82.18848700107628
nymeria,mixed,raw,nymeria__only_barometer__gemma3_1b,gemma3_1b,only_barometer,34112,136448,4875776,2488,34112,0,1.0995459997502621,4.151715999355179,7.156395999144798,1001286336,2005373440,181025611776,1001252224,80.52677799969388,82.00953500090691
nymeria,mixed,early_fusion,nymeria__only_barometer__gemma3_1b,gemma3_1b,only_barometer,27680,110720,2002432,2488,27680,0,1.038045000314014,4.085406000299077,7.089986000236741,1001279904,2005347712,135559612416,1001252224,80.8184990000882,82.25442699949781
nymeria,mixed,late_fusion,nymeria__only_barometer__gemma3_1b,gemma3_1b,only_barometer,7264,29056,415488,176,0,7264,0.09436999971512705,2.338471999926178,4.529632999306032,999893216,1999800960,112864604416,999885952,80.81370000036259,81.61455400022533
nymeria,mixed,local_only,nymeria__only_barometer__gemma3_1b,gemma3_1b,only_barometer,7264,29056,415488,104,0,7264,0.12271099967620103,2.3321819992520263,4.497912999372568,999893216,1999800960,112864604416,999885952,80.81370000036259,81.63597400016442
nymeria,mixed,bottleneck,nymeria__only_barometer__gemma3_1b,gemma3_1b,only_barometer,34696,138784,4908544,1368,27828,6868,0.5436829997051973,3.269084000085993,5.943434000566462,1001286920,2005375776,181025644544,1001252224,80.52677799969388,81.86903599926154
nymeria,mixed,tokenlearner,nymeria__only_barometer__gemma3_1b,gemma3_1b,only_barometer,36752,147008,1568256,2200,27508,9244,0.5170619997443282,3.6125739998123025,6.6423349999147465,1001288976,2005384000,112909404160,1001252224,80.81370000036259,82.18183600092743
nymeria,mixed,posthoc_vq,nymeria__only_barometer__gemma3_1b,gemma3_1b,only_barometer,40256,161024,5006848,392,29556,10700,0.6949940006961697,3.110815001298103,5.468776002612279,1001292480,2005398016,181025742848,1001252224,80.52677799969388,82.35705699917162
nymeria,mixed,joint_vq,nymeria__only_barometer__gemma3_1b,gemma3_1b,only_barometer,45008,180032,1633792,164,29556,15452,0.6839939997007605,3.044975999122567,5.346976999742957,1001297232,2005417024,112909469696,1001252224,80.81370000036259,82.57496900023398
nymeria,mixed,deepconvlstm,nymeria__only_barometer__gemma3_1b,gemma3_1b,only_barometer,33046,132184,2053248,2488,33046,0,0.6819629998062737,3.730513000404858,6.73517299949649,1001285270,2005369176,135559663232,1001252224,80.8184990000882,81.89480599958188
nymeria,mixed,unrestricted_bank,nymeria__only_barometer__gemma3_1b,gemma3_1b,only_barometer,45136,180544,1666560,164,29556,15580,0.5496130006577005,2.8339640005780034,5.0677349997096925,1001297360,2005417536,112909502464,1001252224,80.81370000036259,82.30068700049742
nymeria,mixed,separate_banks,nymeria__only_barometer__gemma3_1b,gemma3_1b,only_barometer,43024,172096,1633792,164,29556,13468,0.7060839998302981,2.998424999836157,5.238876999708928,1001295248,2005409088,112909469696,1001252224,80.81370000036259,82.44966800066322
nymeria,mixed,fixed_resampling,nymeria__only_barometer__gemma3_1b,gemma3_1b,only_barometer,43024,172096,1633280,164,29556,13468,0.6971029997657752,2.9605249995566787,5.172754998664651,1001295248,2005409088,112909469184,1001252224,80.81370000036259,82.40371800093271
nymeria,mixed,finetune_encoders,nymeria__only_barometer__gemma3_1b,gemma3_1b,only_barometer,43024,172096,1633792,164,29556,13468,0.7047740000416525,3.003205000217445,5.246395999773277,1001295248,2005409088,112909469696,1001252224,80.81370000036259,82.45046900083253
nymeria,mixed,no_alignment,nymeria__only_barometer__gemma3_1b,gemma3_1b,only_barometer,43024,172096,1633792,164,29556,13468,0.6919039997228538,2.982115000426443,5.214896000932832,1001295248,2005409088,112909469696,1001252224,80.81370000036259,82.43227799994202
nymeria,mixed,no_usage,nymeria__only_barometer__gemma3_1b,gemma3_1b,only_barometer,43024,172096,1633792,164,29556,13468,0.6806439996580593,2.9634749992820666,5.194565998561494,1001295248,2005409088,112909469696,1001252224,80.81370000036259,82.44110900068335
nymeria,mixed,tcn,nymeria__only_barometer__gemma3_1b,gemma3_1b,only_barometer,13536,54144,816384,2488,13536,0,0.9017439997478505,3.954304000685329,6.959034000855673,1001265760,2005291136,135558426368,1001252224,80.8184990000882,82.01194499997655
nymeria,mixed,ts_transformer,nymeria__only_barometer__gemma3_1b,gemma3_1b,only_barometer,26400,105600,1864960,2488,26400,0,1.1229949996049982,4.1759149985543225,7.180574999464944,1001278624,2005342592,135559474944,1001252224,80.8184990000882,82.10422599950107
nymeria,mixed,patchtst,nymeria__only_barometer__gemma3_1b,gemma3_1b,only_barometer,26528,106112,726144,2488,26528,0,0.9398149995831773,3.9884949997164543,6.993175000415568,1001278752,2005343104,100192025728,1001252224,80.72033899952658,82.04841499991744
nymeria,cuda,distrixsense,nymeria__only_body_acceleration__gemma3_1b,gemma3_1b,only_body_acceleration,51182,204728,1839552,81,28468,22714,0.5399829997259076,3.1273849981806823,3.1273849981806823,1001303406,2005441720,98786711488,1001252224,80.79177899981005,82.21965599932446
nymeria,cuda,dense,nymeria__only_body_acceleration__gemma3_1b,gemma3_1b,only_body_acceleration,46726,186904,3214784,4324,27444,19282,0.4762420003316947,6.308594000397297,6.308594000397297,1001298950,2005423896,132732076992,1001252224,80.80922000044666,82.06361600150558
nymeria,cuda,dense_tokens,nymeria__only_body_acceleration__gemma3_1b,gemma3_1b,only_body_acceleration,49102,196408,1823168,1100,27444,21658,0.4388030001791776,3.803865000004298,3.803865000004298,1001301326,2005433400,98786695104,1001252224,80.79177899981005,82.07506500093587
nymeria,cuda,raw,nymeria__only_body_acceleration__gemma3_1b,gemma3_1b,only_body_acceleration,46726,186904,3214784,205452,46726,0,0.8156339999914053,167.32171599998748,167.32171599998748,1001298950,2005423896,132732076992,1001252224,80.80922000044666,82.19778700004099
nymeria,cuda,early_fusion,nymeria__only_body_acceleration__gemma3_1b,gemma3_1b,only_body_acceleration,34822,139288,2454976,205452,34822,0,0.8181049997801892,167.31758599818914,167.31758599818914,1001287046,2005376280,132731317184,1001252224,80.80922000044666,82.08441700026015
nymeria,cuda,late_fusion,nymeria__only_body_acceleration__gemma3_1b,gemma3_1b,only_body_acceleration,19612,78448,1221760,88,0,19612,0.07496999933209736,2.549963000226335,2.549963000226335,999905564,1999850352,110043478656,999885952,80.76161900044099,81.53360300002532
nymeria,cuda,local_only,nymeria__only_body_acceleration__gemma3_1b,gemma3_1b,only_body_acceleration,19612,78448,1221760,52,0,19612,0.0957709999056533,2.557913000844093,2.557913000844093,999905564,1999850352,110043478656,999885952,80.76161900044099,81.55961299962655
nymeria,cuda,bottleneck,nymeria__only_body_acceleration__gemma3_1b,gemma3_1b,only_body_acceleration,47018,188072,3231168,684,27604,19414,0.48598200010019355,3.451714000467316,3.451714000467316,1001299242,2005425064,132732093376,1001252224,80.80922000044666,82.08145600019634
nymeria,cuda,tokenlearner,nymeria__only_body_acceleration__gemma3_1b,gemma3_1b,only_body_acceleration,48046,192184,1806784,1100,27444,20602,0.438912000390701,3.7950450005108722,3.7950450005108722,1001300270,2005429176,98786678720,1001252224,80.79177899981005,82.10226600021997
nymeria,cuda,posthoc_vq,nymeria__only_body_acceleration__gemma3_1b,gemma3_1b,only_body_acceleration,48774,195096,3280320,192,28468,20306,0.569603000258212,3.346265000417037,3.346265000417037,1001300998,2005432088,132732142528,1001252224,80.80922000044666,82.4068370002351
nymeria,cuda,joint_vq,nymeria__only_body_acceleration__gemma3_1b,gemma3_1b,only_body_acceleration,51150,204600,1839552,81,28468,22682,0.5549719999180525,3.2990649988568155,3.2990649988568155,1001303374,2005441592,98786711488,1001252224,80.79177899981005,82.41013699989708
nymeria,cuda,deepconvlstm,nymeria__only_body_acceleration__gemma3_1b,gemma3_1b,only_body_acceleration,48860,195440,3056768,205452,48860,0,0.4832320000787149,166.98358199975684,166.98358199975684,1001301084,2005432432,132731918976,1001252224,80.80922000044666,81.74350500121363
nymeria,cuda,unrestricted_bank,nymeria__only_body_acceleration__gemma3_1b,gemma3_1b,only_body_acceleration,51182,204728,1839552,81,28468,22714,0.46816200028843014,3.0553340002660523,3.0553340002660523,1001303406,2005441720,98786711488,1001252224,80.79177899981005,82.15466500041657
nymeria,cuda,separate_banks,nymeria__only_body_acceleration__gemma3_1b,gemma3_1b,only_body_acceleration,51182,204728,1839552,81,28468,22714,0.5572829995799111,3.143524999388214,3.143524999388214,1001303406,2005441720,98786711488,1001252224,80.79177899981005,82.22370699968451
nymeria,cuda,fixed_resampling,nymeria__only_body_acceleration__gemma3_1b,gemma3_1b,only_body_acceleration,51182,204728,1521600,81,28468,22714,0.5392220000430825,3.0985540006730705,3.0985540006730705,1001303406,2005441720,98786393536,1001252224,80.79177899981005,82.18604699959542
nymeria,cuda,finetune_encoders,nymeria__only_body_acceleration__gemma3_1b,gemma3_1b,only_body_acceleration,51182,204728,1839552,81,28468,22714,0.5441130006147432,3.13957500114328,3.13957500114328,1001303406,2005441720,98786711488,1001252224,80.79177899981005,82.2152359996835
nymeria,cuda,no_alignment,nymeria__only_body_acceleration__gemma3_1b,gemma3_1b,only_body_acceleration,51182,204728,1839552,81,28468,22714,0.5402019996836316,3.128834999217256,3.128834999217256,1001303406,2005441720,98786711488,1001252224,80.79177899981005,82.2177059999376
nymeria,cuda,no_usage,nymeria__only_body_acceleration__gemma3_1b,gemma3_1b,only_body_acceleration,51182,204728,1839552,81,28468,22714,0.5483819995788508,3.1470150006788433,3.1470150006788433,1001303406,2005441720,98786711488,1001252224,80.79177899981005,82.22164600010728
nymeria,cuda,tcn,nymeria__only_body_acceleration__gemma3_1b,gemma3_1b,only_body_acceleration,20710,82840,1268928,205452,20710,0,0.6021529998179176,167.1055830005751,167.1055830005751,1001272934,2005319832,132730131136,1001252224,80.80922000044666,81.89072500044858
nymeria,cuda,ts_transformer,nymeria__only_body_acceleration__gemma3_1b,gemma3_1b,only_body_acceleration,33574,134296,2317504,205452,33574,0,0.6763740002497798,167.18228400024583,167.18228400024583,1001285798,2005371288,132731179712,1001252224,80.80922000044666,81.94766599990544
nymeria,cuda,patchtst,nymeria__only_body_acceleration__gemma3_1b,gemma3_1b,only_body_acceleration,31590,126360,25176384,205452,31590,0,0.7812439998815535,167.27914399909406,167.27914399909406,1001283814,2005363352,97398377792,1001252224,80.57326800008013,81.77958400028729
nymeria,mixed,distrixsense,nymeria__only_body_acceleration__gemma3_1b,gemma3_1b,only_body_acceleration,51182,204728,1839552,81,28468,22714,0.5489029999807826,2.8862850013246177,2.8862850013246177,1001303406,2005441720,98786711488,1001252224,80.79177899981005,82.12312599971483
nymeria,mixed,dense,nymeria__only_body_acceleration__gemma3_1b,gemma3_1b,only_body_acceleration,46726,186904,3214784,4324,27444,19282,0.47478200031036977,6.146573000801017,6.146573000801017,1001298950,2005423896,132732076992,1001252224,80.80922000044666,81.96030700037227
nymeria,mixed,dense_tokens,nymeria__only_body_acceleration__gemma3_1b,gemma3_1b,only_body_acceleration,49102,196408,1823168,1100,27444,21658,0.4473919998417841,3.5888629999998374,3.5888629999998374,1001301326,2005433400,98786695104,1001252224,80.79177899981005,81.92664499983948
nymeria,mixed,raw,nymeria__only_body_acceleration__gemma3_1b,gemma3_1b,only_body_acceleration,46726,186904,3214784,205452,46726,0,0.8290739997391938,167.26532400063644,167.26532400063644,1001298950,2005423896,132732076992,1001252224,80.80922000044666,82.03421700000035
nymeria,mixed,early_fusion,nymeria__only_body_acceleration__gemma3_1b,gemma3_1b,only_body_acceleration,34822,139288,2454976,205452,34822,0,0.8326439992742962,167.26845499981192,167.26845499981192,1001287046,2005376280,132731317184,1001252224,80.80922000044666,82.06147700093425
nymeria,mixed,late_fusion,nymeria__only_body_acceleration__gemma3_1b,gemma3_1b,only_body_acceleration,19612,78448,1221760,88,0,19612,0.08370999967155512,2.371071000331931,2.371071000331931,999905564,1999850352,110043478656,999885952,80.76161900044099,81.40751200062368
nymeria,mixed,local_only,nymeria__only_body_acceleration__gemma3_1b,gemma3_1b,only_body_acceleration,19612,78448,1221760,52,0,19612,0.09286999920732342,2.360490999551513,2.360490999551513,999905564,1999850352,110043478656,999885952,80.76161900044099,81.43788300094457
nymeria,mixed,bottleneck,nymeria__only_body_acceleration__gemma3_1b,gemma3_1b,only_body_acceleration,47018,188072,3231168,684,27604,19414,0.4767619993799599,3.247683001310204,3.247683001310204,1001299242,2005425064,132732093376,1001252224,80.80922000044666,81.97923700026877
nymeria,mixed,tokenlearner,nymeria__only_body_acceleration__gemma3_1b,gemma3_1b,only_body_acceleration,48046,192184,1806784,1100,27444,20602,0.45705299999099225,3.590154000444163,3.590154000444163,1001300270,2005429176,98786678720,1001252224,80.79177899981005,81.99312499982625
nymeria,mixed,posthoc_vq,nymeria__only_body_acceleration__gemma3_1b,gemma3_1b,only_body_acceleration,48774,195096,3280320,192,28468,20306,0.5970629999865196,3.0799960009775473,3.0799960009775473,1001300998,2005432088,132732142528,1001252224,80.80922000044666,82.19786600056977
nymeria,mixed,joint_vq,nymeria__only_body_acceleration__gemma3_1b,gemma3_1b,only_body_acceleration,51150,204600,1839552,81,28468,22682,0.5653729995174217,2.9791249990302138,2.9791249990302138,1001303374,2005441592,98786711488,1001252224,80.79177899981005,82.18914699864399
nymeria,mixed,deepconvlstm,nymeria__only_body_acceleration__gemma3_1b,gemma3_1b,only_body_acceleration,48860,195440,3056768,205452,48860,0,0.4963530000168248,166.93456299837618,166.93456299837618,1001301084,2005432432,132731918976,1001252224,80.80922000044666,81.72520399966743
nymeria,mixed,unrestricted_bank,nymeria__only_body_acceleration__gemma3_1b,gemma3_1b,only_body_acceleration,51182,204728,1839552,81,28468,22714,0.46280299920908874,2.8120640008927555,2.8120640008927555,1001303406,2005441720,98786711488,1001252224,80.79177899981005,82.02042500033713
nymeria,mixed,separate_banks,nymeria__only_body_acceleration__gemma3_1b,gemma3_1b,only_body_acceleration,51182,204728,1839552,81,28468,22714,0.5804029997307225,2.928213999468321,2.928213999468321,1001303406,2005441720,98786711488,1001252224,80.79177899981005,82.11405599922728
nymeria,mixed,fixed_resampling,nymeria__only_body_acceleration__gemma3_1b,gemma3_1b,only_body_acceleration,51182,204728,1521600,81,28468,22714,0.5607229995803209,2.860243998867995,2.860243998867995,1001303406,2005441720,98786393536,1001252224,80.79177899981005,82.00304500041966
nymeria,mixed,finetune_encoders,nymeria__only_body_acceleration__gemma3_1b,gemma3_1b,only_body_acceleration,51182,204728,1839552,81,28468,22714,0.5707430000256863,2.9229540005252463,2.9229540005252463,1001303406,2005441720,98786711488,1001252224,80.79177899981005,82.07264700013184
nymeria,mixed,no_alignment,nymeria__only_body_acceleration__gemma3_1b,gemma3_1b,only_body_acceleration,51182,204728,1839552,81,28468,22714,0.5745630005549174,2.922504000736703,2.922504000736703,1001303406,2005441720,98786711488,1001252224,80.79177899981005,82.07476499956101
nymeria,mixed,no_usage,nymeria__only_body_acceleration__gemma3_1b,gemma3_1b,only_body_acceleration,51182,204728,1839552,81,28468,22714,0.5649730001096032,2.91130399912789,2.91130399912789,1001303406,2005441720,98786711488,1001252224,80.79177899981005,82.09415600049397
nymeria,mixed,tcn,nymeria__only_body_acceleration__gemma3_1b,gemma3_1b,only_body_acceleration,20710,82840,1268928,205452,20710,0,0.6102639999880921,167.04715399957405,167.04715399957405,1001272934,2005319832,132730131136,1001252224,80.80922000044666,81.82538500022929
nymeria,mixed,ts_transformer,nymeria__only_body_acceleration__gemma3_1b,gemma3_1b,only_body_acceleration,33574,134296,2317504,205452,33574,0,0.6984840001678094,167.13830400060016,167.13830400060016,1001285798,2005371288,132731179712,1001252224,80.80922000044666,81.91573500062077
nymeria,mixed,patchtst,nymeria__only_body_acceleration__gemma3_1b,gemma3_1b,only_body_acceleration,31590,126360,25176384,205452,31590,0,0.7875640003476292,167.34142500028594,167.34142500028594,1001283814,2005363352,97398377792,1001252224,80.57326800008013,81.7516639999667
nymeria,cuda,distrixsense,nymeria__only_body_orientation__gemma3_1b,gemma3_1b,only_body_orientation,58680,234720,2316480,81,28468,30212,0.5525930000658263,3.1349760002120863,3.1349760002120863,1001310904,2005471712,98787188416,1001252224,80.79177899981005,82.23360600004526
nymeria,cuda,dense,nymeria__only_body_orientation__gemma3_1b,gemma3_1b,only_body_orientation,54224,216896,3691712,4324,27444,26780,0.4734819995064754,6.321122999320086,6.321122999320086,1001306448,2005453888,132732553920,1001252224,80.80922000044666,82.05176700084849
nymeria,cuda,dense_tokens,nymeria__only_body_orientation__gemma3_1b,gemma3_1b,only_body_orientation,56600,226400,2300096,1100,27444,29156,0.4511219995038118,3.8221939985259086,3.8221939985259086,1001308824,2005463392,98787172032,1001252224,80.79177899981005,82.11372699952335
nymeria,cuda,raw,nymeria__only_body_orientation__gemma3_1b,gemma3_1b,only_body_orientation,54224,216896,3691712,272952,54224,0,0.827073999971617,221.34086399939753,221.34086399939753,1001306448,2005453888,132732553920,1001252224,80.80922000044666,82.10174700070638
nymeria,cuda,early_fusion,nymeria__only_body_orientation__gemma3_1b,gemma3_1b,only_body_orientation,39376,157504,2743488,272952,39376,0,0.8870749998095562,221.40500599955323,221.40500599955323,1001291600,2005394496,132731605696,1001252224,80.80922000044666,82.10817600138398
nymeria,cuda,late_fusion,nymeria__only_body_orientation__gemma3_1b,gemma3_1b,only_body_orientation,27110,108440,1698688,88,0,27110,0.07757099956506863,2.547731999718444,2.547731999718444,999913062,1999880344,110043955584,999885952,80.76161900044099,81.58169400030602
nymeria,cuda,local_only,nymeria__only_body_orientation__gemma3_1b,gemma3_1b,only_body_orientation,27110,108440,1698688,52,0,27110,0.09357099952467252,2.573052998984605,2.573052998984605,999913062,1999880344,110043955584,999885952,80.76161900044099,81.56543299992336
nymeria,cuda,bottleneck,nymeria__only_body_orientation__gemma3_1b,gemma3_1b,only_body_orientation,54516,218064,3708096,684,27604,26912,0.47871199967630673,3.4328239992383054,3.4328239992383054,1001306740,2005455056,132732570304,1001252224,80.80922000044666,82.37176700004056
nymeria,cuda,tokenlearner,nymeria__only_body_orientation__gemma3_1b,gemma3_1b,only_body_orientation,55544,222176,2283712,1100,27444,28100,0.44459199943958083,3.801684999411809,3.801684999411809,1001307768,2005459168,98787155648,1001252224,80.79177899981005,82.06821499970829
nymeria,cuda,posthoc_vq,nymeria__only_body_orientation__gemma3_1b,gemma3_1b,only_body_orientation,56272,225088,3757248,192,28468,27804,0.5766129997937242,3.360825000143808,3.360825000143808,1001308496,2005462080,132732619456,1001252224,80.80922000044666,82.37063900014618
nymeria,cuda,joint_vq,nymeria__only_body_orientation__gemma3_1b,gemma3_1b,only_body_orientation,58648,234592,2316480,81,28468,30180,0.5450230000860756,3.309147999090678,3.309147999090678,1001310872,2005471584,98787188416,1001252224,80.79177899981005,82.38171700031671
nymeria,cuda,deepconvlstm,nymeria__only_body_orientation__gemma3_1b,gemma3_1b,only_body_orientation,56358,225432,3533696,272952,56358,0,0.47819199971854687,221.00160299971668,221.00160299971668,1001308582,2005462424,132732395904,1001252224,80.80922000044666,81.7530660006014
nymeria,cuda,unrestricted_bank,nymeria__only_body_orientation__gemma3_1b,gemma3_1b,only_body_orientation,58680,234720,2316480,81,28468,30212,0.5409420000432874,3.121915000548947,3.121915000548947,1001310904,2005471712,98787188416,1001252224,80.79177899981005,82.17873699959455
nymeria,cuda,separate_banks,nymeria__only_body_orientation__gemma3_1b,gemma3_1b,only_body_orientation,58680,234720,2316480,81,28468,30212,0.566962999982934,3.159305999390094,3.159305999390094,1001310904,2005471712,98787188416,1001252224,80.79177899981005,82.23056499991799
nymeria,cuda,fixed_resampling,nymeria__only_body_orientation__gemma3_1b,gemma3_1b,only_body_orientation,58680,234720,1757120,81,28468,30212,0.5502629992406582,3.0945959997842554,3.0945959997842554,1001310904,2005471712,98786629056,1001252224,80.79177899981005,82.21666600002209
nymeria,cuda,finetune_encoders,nymeria__only_body_orientation__gemma3_1b,gemma3_1b,only_body_orientation,58680,234720,2316480,81,28468,30212,0.5531629994948162,3.144415998605732,3.144415998605732,1001310904,2005471712,98787188416,1001252224,80.79177899981005,82.22714600105974
nymeria,cuda,no_alignment,nymeria__only_body_orientation__gemma3_1b,gemma3_1b,only_body_orientation,58680,234720,2316480,81,28468,30212,0.5552929997065803,3.1399749996416038,3.1399749996416038,1001310904,2005471712,98787188416,1001252224,80.79177899981005,82.22785700036184
nymeria,cuda,no_usage,nymeria__only_body_orientation__gemma3_1b,gemma3_1b,only_body_orientation,58680,234720,2316480,81,28468,30212,0.5521530001715291,3.1404270012279856,3.1404270012279856,1001310904,2005471712,98787188416,1001252224,80.79177899981005,82.24781700027961
nymeria,cuda,tcn,nymeria__only_body_orientation__gemma3_1b,gemma3_1b,only_body_orientation,25264,101056,1557440,272952,25264,0,0.6036630002199672,221.11939300095747,221.11939300095747,1001277488,2005338048,132730419648,1001252224,80.80922000044666,81.87321500008693
nymeria,cuda,ts_transformer,nymeria__only_body_orientation__gemma3_1b,gemma3_1b,only_body_orientation,38128,152512,2606016,272952,38128,0,0.6930429999556509,221.20648300126396,221.20648300126396,1001290352,2005389504,132731468224,1001252224,80.80922000044666,81.96354700066877
nymeria,cuda,patchtst,nymeria__only_body_orientation__gemma3_1b,gemma3_1b,only_body_orientation,35408,141632,33702208,272952,35408,0,0.7850540005165385,221.3104040004726,221.3104040004726,1001287632,2005378624,97406903616,1001252224,80.57326800008013,81.81910399980552
nymeria,mixed,distrixsense,nymeria__only_body_orientation__gemma3_1b,gemma3_1b,only_body_orientation,58680,234720,2316480,81,28468,30212,0.5668019994118367,2.9165129990650573,2.9165129990650573,1001310904,2005471712,98787188416,1001252224,80.79177899981005,82.07289499932813
nymeria,mixed,dense,nymeria__only_body_orientation__gemma3_1b,gemma3_1b,only_body_orientation,54224,216896,3691712,4324,27444,26780,0.4767620002894546,6.151643000843923,6.151643000843923,1001306448,2005453888,132732553920,1001252224,80.80922000044666,81.94793500024389
nymeria,mixed,dense_tokens,nymeria__only_body_orientation__gemma3_1b,gemma3_1b,only_body_orientation,56600,226400,2300096,1100,27444,29156,0.45597299958899384,3.5969849986894404,3.5969849986894404,1001308824,2005463392,98787172032,1001252224,80.79177899981005,81.94182399984129
nymeria,mixed,raw,nymeria__only_body_orientation__gemma3_1b,gemma3_1b,only_body_orientation,54224,216896,3691712,272952,54224,0,0.8279439998659655,221.27874499922092,221.27874499922092,1001306448,2005453888,132732553920,1001252224,80.80922000044666,82.0459460001075
nymeria,mixed,early_fusion,nymeria__only_body_orientation__gemma3_1b,gemma3_1b,only_body_orientation,39376,157504,2743488,272952,39376,0,0.8316539997395012,221.2766049982054,221.2766049982054,1001291600,2005394496,132731605696,1001252224,80.80922000044666,82.04371600095328
nymeria,mixed,late_fusion,nymeria__only_body_orientation__gemma3_1b,gemma3_1b,only_body_orientation,27110,108440,1698688,88,0,27110,0.0762999998187297,2.381461000502377,2.381461000502377,999913062,1999880344,110043955584,999885952,80.76161900044099,81.41659300144966
nymeria,mixed,local_only,nymeria__only_body_orientation__gemma3_1b,gemma3_1b,only_body_orientation,27110,108440,1698688,52,0,27110,0.09543099986331072,2.3642529997846227,2.3642529997846227,999913062,1999880344,110043955584,999885952,80.76161900044099,81.43707200088102
nymeria,mixed,bottleneck,nymeria__only_body_orientation__gemma3_1b,gemma3_1b,only_body_orientation,54516,218064,3708096,684,27604,26912,0.4836919997615041,3.264072998964391,3.264072998964391,1001306740,2005455056,132732570304,1001252224,80.80922000044666,82.0039860000179
nymeria,mixed,tokenlearner,nymeria__only_body_orientation__gemma3_1b,gemma3_1b,only_body_orientation,55544,222176,2283712,1100,27444,28100,0.45677300022362033,3.5920150003174784,3.5920150003174784,1001307768,2005459168,98787155648,1001252224,80.79177899981005,81.93529399977706
nymeria,mixed,posthoc_vq,nymeria__only_body_orientation__gemma3_1b,gemma3_1b,only_body_orientation,56272,225088,3757248,192,28468,27804,0.5825829994137166,3.060044999600353,3.060044999600353,1001308496,2005462080,132732619456,1001252224,80.80922000044666,82.17724800033466
nymeria,mixed,joint_vq,nymeria__only_body_orientation__gemma3_1b,gemma3_1b,only_body_orientation,58648,234592,2316480,81,28468,30180,0.5587129999184981,2.979314998839877,2.979314998839877,1001310872,2005471584,98787188416,1001252224,80.79177899981005,82.16407699910633
nymeria,mixed,deepconvlstm,nymeria__only_body_orientation__gemma3_1b,gemma3_1b,only_body_orientation,56358,225432,3533696,272952,56358,0,0.48691200026951265,220.9344240012104,220.9344240012104,1001308582,2005462424,132732395904,1001252224,80.80922000044666,81.71392399981414
nymeria,mixed,unrestricted_bank,nymeria__only_body_orientation__gemma3_1b,gemma3_1b,only_body_orientation,58680,234720,2316480,81,28468,30212,0.4617119993781671,2.806902999538474,2.806902999538474,1001310904,2005471712,98787188416,1001252224,80.79177899981005,81.99361500010127
nymeria,mixed,separate_banks,nymeria__only_body_orientation__gemma3_1b,gemma3_1b,only_body_orientation,58680,234720,2316480,81,28468,30212,0.5853230004504439,2.9307740014991257,2.9307740014991257,1001310904,2005471712,98787188416,1001252224,80.79177899981005,82.10333599890873
nymeria,mixed,fixed_resampling,nymeria__only_body_orientation__gemma3_1b,gemma3_1b,only_body_orientation,58680,234720,1757120,81,28468,30212,0.558013000045321,2.832062999943341,2.832062999943341,1001310904,2005471712,98786629056,1001252224,80.79177899981005,81.9863049991909
nymeria,mixed,finetune_encoders,nymeria__only_body_orientation__gemma3_1b,gemma3_1b,only_body_orientation,58680,234720,2316480,81,28468,30212,0.5695829995602253,2.9149740003339364,2.9149740003339364,1001310904,2005471712,98787188416,1001252224,80.79177899981005,82.07645599941316
nymeria,mixed,no_alignment,nymeria__only_body_orientation__gemma3_1b,gemma3_1b,only_body_orientation,58680,234720,2316480,81,28468,30212,0.563083000088227,2.904404001157568,2.904404001157568,1001310904,2005471712,98787188416,1001252224,80.79177899981005,82.07677499831334
nymeria,mixed,no_usage,nymeria__only_body_orientation__gemma3_1b,gemma3_1b,only_body_orientation,58680,234720,2316480,81,28468,30212,0.5690130001312355,2.9155060001647914,2.9155060001647914,1001310904,2005471712,98787188416,1001252224,80.79177899981005,82.08330600064073
nymeria,mixed,tcn,nymeria__only_body_orientation__gemma3_1b,gemma3_1b,only_body_orientation,25264,101056,1557440,272952,25264,0,0.6102930001361528,221.05505299925773,221.05505299925773,1001277488,2005338048,132730419648,1001252224,80.80922000044666,81.81592500022816
nymeria,mixed,ts_transformer,nymeria__only_body_orientation__gemma3_1b,gemma3_1b,only_body_orientation,38128,152512,2606016,272952,38128,0,0.6981040005484829,221.14269400146787,221.14269400146787,1001290352,2005389504,132731468224,1001252224,80.80922000044666,81.90954600104305
nymeria,mixed,patchtst,nymeria__only_body_orientation__gemma3_1b,gemma3_1b,only_body_orientation,35408,141632,33702208,272952,35408,0,0.7860039995648549,221.23692399993507,221.23692399993507,1001287632,2005378624,97406903616,1001252224,80.57326800008013,81.74785299979703
nymeria,cuda,distrixsense,nymeria__only_body_position__gemma3_1b,gemma3_1b,only_body_position,51182,204728,1839552,81,28468,22714,0.5601930006378097,3.1512760015465435,3.1512760015465435,1001303406,2005441720,98786711488,1001252224,80.79177899981005,82.23442600046837
nymeria,cuda,dense,nymeria__only_body_position__gemma3_1b,gemma3_1b,only_body_position,46726,186904,3214784,4324,27444,19282,0.46863199986546533,6.323033999574126,6.323033999574126,1001298950,2005423896,132732076992,1001252224,80.80922000044666,82.05452600032004
nymeria,cuda,dense_tokens,nymeria__only_body_position__gemma3_1b,gemma3_1b,only_body_position,49102,196408,1823168,1100,27444,21658,0.45487300030799815,3.9300649996174615,3.9300649996174615,1001301326,2005433400,98786695104,1001252224,80.79177899981005,82.09064599941485
nymeria,cuda,raw,nymeria__only_body_position__gemma3_1b,gemma3_1b,only_body_position,46726,186904,3214784,205452,46726,0,0.8581339998272597,167.36610399986586,167.36610399986586,1001298950,2005423896,132732076992,1001252224,80.80922000044666,82.12084699971456
nymeria,cuda,early_fusion,nymeria__only_body_position__gemma3_1b,gemma3_1b,only_body_position,34822,139288,2454976,205452,34822,0,0.8229539998865221,167.32593500038985,167.32593500038985,1001287046,2005376280,132731317184,1001252224,80.80922000044666,82.0945870000287
nymeria,cuda,late_fusion,nymeria__only_body_position__gemma3_1b,gemma3_1b,only_body_position,19612,78448,1221760,88,0,19612,0.08007999986148207,2.5626919997625284,2.5626919997625284,999905564,1999850352,110043478656,999885952,80.76161900044099,81.52240199979133
nymeria,cuda,local_only,nymeria__only_body_position__gemma3_1b,gemma3_1b,only_body_position,19612,78448,1221760,52,0,19612,0.09298999975726474,2.54637199965826,2.54637199965826,999905564,1999850352,110043478656,999885952,80.76161900044099,81.55637300023955
nymeria,cuda,bottleneck,nymeria__only_body_position__gemma3_1b,gemma3_1b,only_body_position,47018,188072,3231168,684,27604,19414,0.4752930008180556,3.4411250019466273,3.4411250019466273,1001299242,2005425064,132732093376,1001252224,80.80922000044666,82.07871600006911
nymeria,cuda,tokenlearner,nymeria__only_body_position__gemma3_1b,gemma3_1b,only_body_position,48046,192184,1806784,1100,27444,20602,0.4490119999900344,3.815033999667212,3.815033999667212,1001300270,2005429176,98786678720,1001252224,80.79177899981005,82.0670949997293
nymeria,cuda,posthoc_vq,nymeria__only_body_position__gemma3_1b,gemma3_1b,only_body_position,48774,195096,3280320,192,28468,20306,0.5722629994124873,3.3268659995686845,3.3268659995686845,1001300998,2005432088,132732142528,1001252224,80.80922000044666,82.3666480009706
nymeria,cuda,joint_vq,nymeria__only_body_position__gemma3_1b,gemma3_1b,only_body_position,51150,204600,1839552,81,28468,22682,0.5428630001915735,3.2827460009065224,3.2827460009065224,1001303374,2005441592,98786711488,1001252224,80.79177899981005,82.36999699965963
nymeria,cuda,deepconvlstm,nymeria__only_body_position__gemma3_1b,gemma3_1b,only_body_position,48860,195440,3056768,205452,48860,0,0.4849919996559038,166.98795299946124,166.98795299946124,1001301084,2005432432,132731918976,1001252224,80.80922000044666,81.7512359999455
nymeria,cuda,unrestricted_bank,nymeria__only_body_position__gemma3_1b,gemma3_1b,only_body_position,51182,204728,1839552,81,28468,22714,0.4599820003932109,3.0366840001369244,3.0366840001369244,1001303406,2005441720,98786711488,1001252224,80.79177899981005,82.14859500003513
nymeria,cuda,separate_banks,nymeria__only_body_position__gemma3_1b,gemma3_1b,only_body_position,51182,204728,1839552,81,28468,22714,0.5657229994540103,3.168235999539215,3.168235999539215,1001303406,2005441720,98786711488,1001252224,80.79177899981005,82.22611600012897
nymeria,cuda,fixed_resampling,nymeria__only_body_position__gemma3_1b,gemma3_1b,only_body_position,51182,204728,1521600,81,28468,22714,0.5499319995578844,3.1065439998491318,3.1065439998491318,1001303406,2005441720,98786393536,1001252224,80.79177899981005,82.1893660004207
nymeria,cuda,finetune_encoders,nymeria__only_body_position__gemma3_1b,gemma3_1b,only_body_position,51182,204728,1839552,81,28468,22714,0.5685529995389516,3.1726449997512507,3.1726449997512507,1001303406,2005441720,98786711488,1001252224,80.79177899981005,82.2155460000431
nymeria,cuda,no_alignment,nymeria__only_body_position__gemma3_1b,gemma3_1b,only_body_position,51182,204728,1839552,81,28468,22714,0.5488619999596267,3.1533439987760037,3.1533439987760037,1001303406,2005441720,98786711488,1001252224,80.79177899981005,82.22611599921947
nymeria,cuda,no_usage,nymeria__only_body_position__gemma3_1b,gemma3_1b,only_body_position,51182,204728,1839552,81,28468,22714,0.5513229998541647,3.1545950014623347,3.1545950014623347,1001303406,2005441720,98786711488,1001252224,80.79177899981005,82.2142460001487
nymeria,cuda,tcn,nymeria__only_body_position__gemma3_1b,gemma3_1b,only_body_position,20710,82840,1268928,205452,20710,0,0.5939429993304657,167.0927329991353,167.0927329991353,1001272934,2005319832,132730131136,1001252224,80.80922000044666,81.8505750003169
nymeria,cuda,ts_transformer,nymeria__only_body_position__gemma3_1b,gemma3_1b,only_body_position,33574,134296,2317504,205452,33574,0,0.6804129998272401,167.18292299939986,167.18292299939986,1001285798,2005371288,132731179712,1001252224,80.80922000044666,81.93086700066488
nymeria,cuda,patchtst,nymeria__only_body_position__gemma3_1b,gemma3_1b,only_body_position,31590,126360,25176384,205452,31590,0,1.0471449995748117,167.54920599980306,167.54920599980306,1001283814,2005363352,97398377792,1001252224,80.57326800008013,81.79474400003528
nymeria,mixed,distrixsense,nymeria__only_body_position__gemma3_1b,gemma3_1b,only_body_position,51182,204728,1839552,81,28468,22714,0.7902340003056452,3.13863500017022,3.13863500017022,1001303406,2005441720,98786711488,1001252224,80.79177899981005,82.06125600008818
nymeria,mixed,dense,nymeria__only_body_position__gemma3_1b,gemma3_1b,only_body_position,46726,186904,3214784,4324,27444,19282,0.5030319998695632,6.18227299979002,6.18227299979002,1001298950,2005423896,132732076992,1001252224,80.80922000044666,81.94114600064495
nymeria,mixed,dense_tokens,nymeria__only_body_position__gemma3_1b,gemma3_1b,only_body_position,49102,196408,1823168,1100,27444,21658,0.4512719997364911,3.5884729986672754,3.5884729986672754,1001301326,2005433400,98786695104,1001252224,80.79177899981005,81.93448499969236
nymeria,mixed,raw,nymeria__only_body_position__gemma3_1b,gemma3_1b,only_body_position,46726,186904,3214784,205452,46726,0,0.8292840002468438,167.26510400114404,167.26510400114404,1001298950,2005423896,132732076992,1001252224,80.80922000044666,82.10583700019924
nymeria,mixed,early_fusion,nymeria__only_body_position__gemma3_1b,gemma3_1b,only_body_position,34822,139288,2454976,205452,34822,0,0.8207239998228033,167.2598239987745,167.2598239987745,1001287046,2005376280,132731317184,1001252224,80.80922000044666,82.201686001099
nymeria,mixed,late_fusion,nymeria__only_body_position__gemma3_1b,gemma3_1b,only_body_position,19612,78448,1221760,88,0,19612,0.0767700003052596,2.3649809992525026,2.3649809992525026,999905564,1999850352,110043478656,999885952,80.76161900044099,81.56016300108604
nymeria,mixed,local_only,nymeria__only_body_position__gemma3_1b,gemma3_1b,only_body_position,19612,78448,1221760,52,0,19612,0.09396099994773977,2.3613519999957875,2.3613519999957875,999905564,1999850352,110043478656,999885952,80.76161900044099,81.43835200098692
nymeria,mixed,bottleneck,nymeria__only_body_position__gemma3_1b,gemma3_1b,only_body_position,47018,188072,3231168,684,27604,19414,0.4889530000582454,3.2653749997471344,3.2653749997471344,1001299242,2005425064,132732093376,1001252224,80.80922000044666,81.9809360009458
nymeria,mixed,tokenlearner,nymeria__only_body_position__gemma3_1b,gemma3_1b,only_body_position,48046,192184,1806784,1100,27444,20602,0.4766219999510213,3.6097930005734087,3.6097930005734087,1001300270,2005429176,98786678720,1001252224,80.79177899981005,81.9284350000089
nymeria,mixed,posthoc_vq,nymeria__only_body_position__gemma3_1b,gemma3_1b,only_body_position,48774,195096,3280320,192,28468,20306,0.5716129999200348,3.0468750006351852,3.0468750006351852,1001300998,2005432088,132732142528,1001252224,80.80922000044666,82.17016800062993
nymeria,mixed,joint_vq,nymeria__only_body_position__gemma3_1b,gemma3_1b,only_body_position,51150,204600,1839552,81,28468,22682,0.7653339998796582,3.1881749992243247,3.1881749992243247,1001303374,2005441592,98786711488,1001252224,80.79177899981005,82.14847599992936
nymeria,mixed,deepconvlstm,nymeria__only_body_position__gemma3_1b,gemma3_1b,only_body_position,48860,195440,3056768,205452,48860,0,0.49039299938158365,166.92740299951748,166.92740299951748,1001301084,2005432432,132731918976,1001252224,80.80922000044666,81.70438399974955
nymeria,mixed,unrestricted_bank,nymeria__only_body_position__gemma3_1b,gemma3_1b,only_body_position,51182,204728,1839552,81,28468,22714,0.4658819998439867,2.805703000405524,2.805703000405524,1001303406,2005441720,98786711488,1001252224,80.79177899981005,81.97935499902087
nymeria,mixed,separate_banks,nymeria__only_body_position__gemma3_1b,gemma3_1b,only_body_position,51182,204728,1839552,81,28468,22714,0.5693230004908401,2.9094840020042145,2.9094840020042145,1001303406,2005441720,98786711488,1001252224,80.79177899981005,82.08042600017507
nymeria,mixed,fixed_resampling,nymeria__only_body_position__gemma3_1b,gemma3_1b,only_body_position,51182,204728,1521600,81,28468,22714,0.5540530000871513,2.8215550001112977,2.8215550001112977,1001303406,2005441720,98786393536,1001252224,80.79177899981005,82.00714499980677
nymeria,mixed,finetune_encoders,nymeria__only_body_position__gemma3_1b,gemma3_1b,only_body_position,51182,204728,1839552,81,28468,22714,0.5511719991773134,2.8997529989573056,2.8997529989573056,1001303406,2005441720,98786711488,1001252224,80.79177899981005,82.15323599961266
nymeria,mixed,no_alignment,nymeria__only_body_position__gemma3_1b,gemma3_1b,only_body_position,51182,204728,1839552,81,28468,22714,0.5495929999597138,2.9026739994441275,2.9026739994441275,1001303406,2005441720,98786711488,1001252224,80.79177899981005,82.06436500040581
nymeria,mixed,no_usage,nymeria__only_body_position__gemma3_1b,gemma3_1b,only_body_position,51182,204728,1839552,81,28468,22714,0.5500820007000584,2.886954001070885,2.886954001070885,1001303406,2005441720,98786711488,1001252224,80.79177899981005,82.14384599978075
nymeria,mixed,tcn,nymeria__only_body_position__gemma3_1b,gemma3_1b,only_body_position,20710,82840,1268928,205452,20710,0,0.5974430005153408,167.03877300044024,167.03877300044024,1001272934,2005319832,132730131136,1001252224,80.80922000044666,81.80911499948706
nymeria,mixed,ts_transformer,nymeria__only_body_position__gemma3_1b,gemma3_1b,only_body_position,33574,134296,2317504,205452,33574,0,0.6869440003356431,167.12865400078937,167.12865400078937,1001285798,2005371288,132731179712,1001252224,80.80922000044666,81.89825499994186
nymeria,mixed,patchtst,nymeria__only_body_position__gemma3_1b,gemma3_1b,only_body_position,31590,126360,25176384,205452,31590,0,0.7844639994800673,167.22608499951076,167.22608499951076,1001283814,2005363352,97398377792,1001252224,80.57326800008013,81.74332399994455
nymeria,cuda,distrixsense,nymeria__only_body_velocity__gemma3_1b,gemma3_1b,only_body_velocity,51182,204728,1839552,81,28468,22714,0.5454430001918809,3.140675999958953,3.140675999958953,1001303406,2005441720,98786711488,1001252224,80.79177899981005,82.22767600000225
nymeria,cuda,dense,nymeria__only_body_velocity__gemma3_1b,gemma3_1b,only_body_velocity,46726,186904,3214784,4324,27444,19282,0.47690300016256515,6.316586000461702,6.316586000461702,1001298950,2005423896,132732076992,1001252224,80.80922000044666,82.0409860007203
nymeria,cuda,dense_tokens,nymeria__only_body_velocity__gemma3_1b,gemma3_1b,only_body_velocity,49102,196408,1823168,1100,27444,21658,0.44409200017980766,3.8217850005775107,3.8217850005775107,1001301326,2005433400,98786695104,1001252224,80.79177899981005,82.08587500030262
nymeria,cuda,raw,nymeria__only_body_velocity__gemma3_1b,gemma3_1b,only_body_velocity,46726,186904,3214784,205452,46726,0,0.8274540005004383,167.33430500191372,167.33430500191372,1001298950,2005423896,132732076992,1001252224,80.80922000044666,82.06592699934845
nymeria,cuda,early_fusion,nymeria__only_body_velocity__gemma3_1b,gemma3_1b,only_body_velocity,34822,139288,2454976,205452,34822,0,0.8313839998663752,167.33411500028507,167.33411500028507,1001287046,2005376280,132731317184,1001252224,80.80922000044666,82.09705699937331
nymeria,cuda,late_fusion,nymeria__only_body_velocity__gemma3_1b,gemma3_1b,only_body_velocity,19612,78448,1221760,88,0,19612,0.08663100015837699,2.5708530003134276,2.5708530003134276,999905564,1999850352,110043478656,999885952,80.76161900044099,81.53799200044887
nymeria,cuda,local_only,nymeria__only_body_velocity__gemma3_1b,gemma3_1b,only_body_velocity,19612,78448,1221760,52,0,19612,0.09202999990520766,2.5425910000808303,2.5425910000808303,999905564,1999850352,110043478656,999885952,80.76161900044099,81.55421300034504
nymeria,cuda,bottleneck,nymeria__only_body_velocity__gemma3_1b,gemma3_1b,only_body_velocity,47018,188072,3231168,684,27604,19414,0.48348199925385416,3.4528239996425576,3.4528239996425576,1001299242,2005425064,132732093376,1001252224,80.80922000044666,82.08213600028103
nymeria,cuda,tokenlearner,nymeria__only_body_velocity__gemma3_1b,gemma3_1b,only_body_velocity,48046,192184,1806784,1100,27444,20602,0.4483520006033359,3.809493999137776,3.809493999137776,1001300270,2005429176,98786678720,1001252224,80.79177899981005,82.09661599994433
nymeria,cuda,posthoc_vq,nymeria__only_body_velocity__gemma3_1b,gemma3_1b,only_body_velocity,48774,195096,3280320,192,28468,20306,0.5795429997306201,3.3416959991685813,3.3416959991685813,1001300998,2005432088,132732142528,1001252224,80.80922000044666,82.36515800035704
nymeria,cuda,joint_vq,nymeria__only_body_velocity__gemma3_1b,gemma3_1b,only_body_velocity,51150,204600,1839552,81,28468,22682,0.5792729998574941,3.35117699981482,3.35117699981482,1001303374,2005441592,98786711488,1001252224,80.79177899981005,82.40821699928347
nymeria,cuda,deepconvlstm,nymeria__only_body_velocity__gemma3_1b,gemma3_1b,only_body_velocity,48860,195440,3056768,205452,48860,0,0.48830200012162095,166.98906399999015,166.98906399999015,1001301084,2005432432,132731918976,1001252224,80.80922000044666,81.73962500040943
nymeria,cuda,unrestricted_bank,nymeria__only_body_velocity__gemma3_1b,gemma3_1b,only_body_velocity,51182,204728,1839552,81,28468,22714,0.4663119998440379,3.2044339987186365,3.2044339987186365,1001303406,2005441720,98786711488,1001252224,80.79177899981005,82.15674699931697
nymeria,cuda,separate_banks,nymeria__only_body_velocity__gemma3_1b,gemma3_1b,only_body_velocity,51182,204728,1839552,81,28468,22714,0.5566429999817046,3.16378700065969,3.16378700065969,1001303406,2005441720,98786711488,1001252224,80.79177899981005,82.22526600002311
nymeria,cuda,fixed_resampling,nymeria__only_body_velocity__gemma3_1b,gemma3_1b,only_body_velocity,51182,204728,1521600,81,28468,22714,0.5439730002763099,3.09428600124364,3.09428600124364,1001303406,2005441720,98786393536,1001252224,80.79177899981005,82.1800859994255
nymeria,cuda,finetune_encoders,nymeria__only_body_velocity__gemma3_1b,gemma3_1b,only_body_velocity,51182,204728,1839552,81,28468,22714,0.5537219994948828,3.1342139991755946,3.1342139991755946,1001303406,2005441720,98786711488,1001252224,80.79177899981005,82.22536599987507
nymeria,cuda,no_alignment,nymeria__only_body_velocity__gemma3_1b,gemma3_1b,only_body_velocity,51182,204728,1839552,81,28468,22714,0.5493430007845745,3.128495000084408,3.128495000084408,1001303406,2005441720,98786711488,1001252224,80.79177899981005,82.22847599972738
nymeria,cuda,no_usage,nymeria__only_body_velocity__gemma3_1b,gemma3_1b,only_body_velocity,51182,204728,1839552,81,28468,22714,0.549802999557869,3.129785999619239,3.129785999619239,1001303406,2005441720,98786711488,1001252224,80.79177899981005,82.26805599952058
nymeria,cuda,tcn,nymeria__only_body_velocity__gemma3_1b,gemma3_1b,only_body_velocity,20710,82840,1268928,205452,20710,0,0.6007330002830713,167.10683400053296,167.10683400053296,1001272934,2005319832,132730131136,1001252224,80.80922000044666,81.87730499957979
nymeria,cuda,ts_transformer,nymeria__only_body_velocity__gemma3_1b,gemma3_1b,only_body_velocity,33574,134296,2317504,205452,33574,0,0.6807330000810907,167.1832440000979,167.1832440000979,1001285798,2005371288,132731179712,1001252224,80.80922000044666,81.93990600011603
nymeria,cuda,patchtst,nymeria__only_body_velocity__gemma3_1b,gemma3_1b,only_body_velocity,31590,126360,25176384,205452,31590,0,0.7776630000080331,167.2845030001734,167.2845030001734,1001283814,2005363352,97398377792,1001252224,80.57326800008013,81.78081399910297
nymeria,mixed,distrixsense,nymeria__only_body_velocity__gemma3_1b,gemma3_1b,only_body_velocity,51182,204728,1839552,81,28468,22714,0.5592830002569826,2.895734000077832,2.895734000077832,1001303406,2005441720,98786711488,1001252224,80.79177899981005,82.0609450001939
nymeria,mixed,dense,nymeria__only_body_velocity__gemma3_1b,gemma3_1b,only_body_velocity,46726,186904,3214784,4324,27444,19282,0.46747299984417623,6.130533999889612,6.130533999889612,1001298950,2005423896,132732076992,1001252224,80.80922000044666,81.94895599990559
nymeria,mixed,dense_tokens,nymeria__only_body_velocity__gemma3_1b,gemma3_1b,only_body_velocity,49102,196408,1823168,1100,27444,21658,0.4449220004971721,3.5839130005068727,3.5839130005068727,1001301326,2005433400,98786695104,1001252224,80.79177899981005,81.92720499937423
nymeria,mixed,raw,nymeria__only_body_velocity__gemma3_1b,gemma3_1b,only_body_velocity,46726,186904,3214784,205452,46726,0,0.8267040002465365,167.26323499953634,167.26323499953634,1001298950,2005423896,132732076992,1001252224,80.80922000044666,82.02356600122584
nymeria,mixed,early_fusion,nymeria__only_body_velocity__gemma3_1b,gemma3_1b,only_body_velocity,34822,139288,2454976,205452,34822,0,0.832153999908769,167.26850499928315,167.26850499928315,1001287046,2005376280,132731317184,1001252224,80.80922000044666,82.02068600166967
nymeria,mixed,late_fusion,nymeria__only_body_velocity__gemma3_1b,gemma3_1b,only_body_velocity,19612,78448,1221760,88,0,19612,0.07692100007261615,2.3634820000983656,2.3634820000983656,999905564,1999850352,110043478656,999885952,80.76161900044099,81.40407200062327
nymeria,mixed,local_only,nymeria__only_body_velocity__gemma3_1b,gemma3_1b,only_body_velocity,19612,78448,1221760,52,0,19612,0.09253000007447554,2.3581210000588557,2.3581210000588557,999905564,1999850352,110043478656,999885952,80.76161900044099,81.46640200084221
nymeria,mixed,bottleneck,nymeria__only_body_velocity__gemma3_1b,gemma3_1b,only_body_velocity,47018,188072,3231168,684,27604,19414,0.482912000734359,3.2637030019677944,3.2637030019677944,1001299242,2005425064,132732093376,1001252224,80.80922000044666,81.98738600003708
nymeria,mixed,tokenlearner,nymeria__only_body_velocity__gemma3_1b,gemma3_1b,only_body_velocity,48046,192184,1806784,1100,27444,20602,0.4444719997991342,3.582742999237671,3.582742999237671,1001300270,2005429176,98786678720,1001252224,80.79177899981005,81.96426399990742
nymeria,mixed,posthoc_vq,nymeria__only_body_velocity__gemma3_1b,gemma3_1b,only_body_velocity,48774,195096,3280320,192,28468,20306,0.5895530002817395,3.0708050004053744,3.0708050004053744,1001300998,2005432088,132732142528,1001252224,80.80922000044666,82.17849700122315
nymeria,mixed,joint_vq,nymeria__only_body_velocity__gemma3_1b,gemma3_1b,only_body_velocity,51150,204600,1839552,81,28468,22682,0.6473240000559599,3.14059599989549,3.14059599989549,1001303374,2005441592,98786711488,1001252224,80.79177899981005,82.38039699972433
nymeria,mixed,deepconvlstm,nymeria__only_body_velocity__gemma3_1b,gemma3_1b,only_body_velocity,48860,195440,3056768,205452,48860,0,0.4910319994451129,166.93179199994103,166.93179199994103,1001301084,2005432432,132731918976,1001252224,80.80922000044666,81.71230399966589
nymeria,mixed,unrestricted_bank,nymeria__only_body_velocity__gemma3_1b,gemma3_1b,only_body_velocity,51182,204728,1839552,81,28468,22714,0.46285200005513616,2.8070440003210795,2.8070440003210795,1001303406,2005441720,98786711488,1001252224,80.79177899981005,81.98669600005815
nymeria,mixed,separate_banks,nymeria__only_body_velocity__gemma3_1b,gemma3_1b,only_body_velocity,51182,204728,1839552,81,28468,22714,0.5730829998356057,2.9176139996997197,2.9176139996997197,1001303406,2005441720,98786711488,1001252224,80.79177899981005,82.0982749992254
nymeria,mixed,fixed_resampling,nymeria__only_body_velocity__gemma3_1b,gemma3_1b,only_body_velocity,51182,204728,1521600,81,28468,22714,0.5490929997904459,2.8151740007450687,2.8151740007450687,1001303406,2005441720,98786393536,1001252224,80.79177899981005,82.00165499965806
nymeria,mixed,finetune_encoders,nymeria__only_body_velocity__gemma3_1b,gemma3_1b,only_body_velocity,51182,204728,1839552,81,28468,22714,0.5445430006147944,2.891264001875138,2.891264001875138,1001303406,2005441720,98786711488,1001252224,80.79177899981005,82.08843599913962
nymeria,mixed,no_alignment,nymeria__only_body_velocity__gemma3_1b,gemma3_1b,only_body_velocity,51182,204728,1839552,81,28468,22714,0.5497729998751311,2.891123999717715,2.891123999717715,1001303406,2005441720,98786711488,1001252224,80.79177899981005,82.11335499981942
nymeria,mixed,no_usage,nymeria__only_body_velocity__gemma3_1b,gemma3_1b,only_body_velocity,51182,204728,1839552,81,28468,22714,0.5509430002348381,2.8901940013673855,2.8901940013673855,1001303406,2005441720,98786711488,1001252224,80.79177899981005,82.07272500021645
nymeria,mixed,tcn,nymeria__only_body_velocity__gemma3_1b,gemma3_1b,only_body_velocity,20710,82840,1268928,205452,20710,0,0.5999530003464315,167.0377930007997,167.0377930007997,1001272934,2005319832,132730131136,1001252224,80.80922000044666,81.81854400027078
nymeria,mixed,ts_transformer,nymeria__only_body_velocity__gemma3_1b,gemma3_1b,only_body_velocity,33574,134296,2317504,205452,33574,0,0.6906140006321948,167.12854400104317,167.12854400104317,1001285798,2005371288,132731179712,1001252224,80.80922000044666,81.90812500015454
nymeria,mixed,patchtst,nymeria__only_body_velocity__gemma3_1b,gemma3_1b,only_body_velocity,31590,126360,25176384,205452,31590,0,0.7909039995865896,167.22667399828407,167.22667399828407,1001283814,2005363352,97398377792,1001252224,80.57326800008013,81.7424540000502
nymeria,cuda,distrixsense,nymeria__only_eye_images__gemma3_1b,gemma3_1b,only_eye_images,72004,288016,3472384,164,29556,42448,0.6811339999330812,3.3010059990684617,5.853807998999592,1001324228,2005525008,112911308288,1001252224,80.81370000036259,82.94243100044696
nymeria,cuda,dense,nymeria__only_eye_images__gemma3_1b,gemma3_1b,only_eye_images,63092,252368,6714368,8648,27508,35584,0.5970439997327048,6.454304999674368,12.266976999589568,1001315316,2005489360,181027450368,1001252224,80.52677799969388,82.22130600006494
nymeria,cuda,dense_tokens,nymeria__only_eye_images__gemma3_1b,gemma3_1b,only_eye_images,67844,271376,3439616,2200,27508,40336,0.5213230006120284,3.911016000524687,7.252547999987437,1001320068,2005508368,112911275520,1001252224,80.81370000036259,82.71316999980627
nymeria,cuda,raw,nymeria__only_eye_images__gemma3_1b,gemma3_1b,only_eye_images,63092,252368,6714368,15968,63092,0,1.1341459994582692,9.636265999218146,18.08391599930995,1001315316,2005489360,181027450368,1001252224,80.52677799969388,82.2508769988417
nymeria,cuda,early_fusion,nymeria__only_eye_images__gemma3_1b,gemma3_1b,only_eye_images,40532,162128,2808832,15968,40532,0,1.0430660004203673,9.543678999291721,17.990289999002684,1001292756,2005399120,135560418816,1001252224,80.8184990000882,82.34747700043954
nymeria,cuda,late_fusion,nymeria__only_eye_images__gemma3_1b,gemma3_1b,only_eye_images,36244,144976,2254080,176,0,36244,0.1077799997801776,2.6079719993025994,5.0615829989463785,999922196,1999916880,112866443008,999885952,80.81370000036259,82.283756999459
nymeria,cuda,local_only,nymeria__only_eye_images__gemma3_1b,gemma3_1b,only_eye_images,36244,144976,2254080,104,0,36244,0.12101100037398282,2.5944329993467194,5.0201839999635585,999922196,1999916880,112866443008,999885952,80.81370000036259,82.06365600108256
nymeria,cuda,bottleneck,nymeria__only_eye_images__gemma3_1b,gemma3_1b,only_eye_images,63676,254704,6747136,1368,27828,35848,0.5467319997478626,3.539535000773892,6.482338001244038,1001315900,2005491696,181027483136,1001252224,80.52677799969388,82.50507799948537
nymeria,cuda,tokenlearner,nymeria__only_eye_images__gemma3_1b,gemma3_1b,only_eye_images,65732,262928,3406848,2200,27508,38224,0.5151319992364733,3.9027849979855818,7.241907997913367,1001317956,2005499920,112911242752,1001252224,80.81370000036259,82.66311900024448
nymeria,cuda,posthoc_vq,nymeria__only_eye_images__gemma3_1b,gemma3_1b,only_eye_images,69236,276944,6845440,392,29556,39680,0.7060939997245441,3.6332579991606297,6.362031999355671,1001321460,2005513936,181027581440,1001252224,80.52677799969388,82.88539899876923
nymeria,cuda,joint_vq,nymeria__only_eye_images__gemma3_1b,gemma3_1b,only_eye_images,73988,295952,3472384,164,29556,44432,0.6829929998275475,3.446065999318403,6.1569189989933975,1001326212,2005532944,112911308288,1001252224,80.81370000036259,83.27639200069825
nymeria,cuda,deepconvlstm,nymeria__only_eye_images__gemma3_1b,gemma3_1b,only_eye_images,62026,248104,3891840,15968,62026,0,0.7108039999366156,9.208803999611398,17.656213999512815,1001314250,2005485096,135561501824,1001252224,80.8184990000882,82.15908500005753
nymeria,cuda,unrestricted_bank,nymeria__only_eye_images__gemma3_1b,gemma3_1b,only_eye_images,74116,296464,3505152,164,29556,44560,0.5329430005076574,3.148445999917481,5.697657999615522,1001326340,2005533456,112911341056,1001252224,80.81370000036259,82.81118999911996
nymeria,cuda,separate_banks,nymeria__only_eye_images__gemma3_1b,gemma3_1b,only_eye_images,72004,288016,3472384,164,29556,42448,0.7068439999784459,3.3135970000640604,5.866999999551091,1001324228,2005525008,112911308288,1001252224,80.81370000036259,82.99902100043255
nymeria,cuda,fixed_resampling,nymeria__only_eye_images__gemma3_1b,gemma3_1b,only_eye_images,72004,288016,2923520,164,29556,42448,0.837253999634413,3.414087998257042,5.932189997718716,1001324228,2005525008,112910759424,1001252224,80.81370000036259,82.8520799996113
nymeria,cuda,finetune_encoders,nymeria__only_eye_images__gemma3_1b,gemma3_1b,only_eye_images,72004,288016,3472384,164,29556,42448,0.6842929997219471,3.3141959987316163,5.883018998855015,1001324228,2005525008,112911308288,1001252224,80.81370000036259,82.94027000010828
nymeria,cuda,no_alignment,nymeria__only_eye_images__gemma3_1b,gemma3_1b,only_eye_images,72004,288016,3472384,164,29556,42448,0.6747139996150509,3.292187000019208,5.844390000373288,1001324228,2005525008,112911308288,1001252224,80.81370000036259,82.9615009997724
nymeria,cuda,no_usage,nymeria__only_eye_images__gemma3_1b,gemma3_1b,only_eye_images,72004,288016,3472384,164,29556,42448,0.6825030004620203,3.292265001013316,5.840068001514929,1001324228,2005525008,112911308288,1001252224,80.81370000036259,82.93582100122876
nymeria,cuda,tcn,nymeria__only_eye_images__gemma3_1b,gemma3_1b,only_eye_images,26388,105552,1622784,15968,26388,0,0.8107840003503952,9.30814400042697,17.755194001407048,1001278612,2005342544,135559232768,1001252224,80.8184990000882,82.11777500036987
nymeria,cuda,ts_transformer,nymeria__only_eye_images__gemma3_1b,gemma3_1b,only_eye_images,39252,157008,2671360,15968,39252,0,0.9005840001918841,9.400644000818708,17.849734000233852,1001291476,2005394000,135560281344,1001252224,80.8184990000882,82.2141360004025
nymeria,cuda,patchtst,nymeria__only_eye_images__gemma3_1b,gemma3_1b,only_eye_images,35348,141392,46658688,15968,35348,0,0.9978250000131084,9.500964999900013,17.949695000393817,1001287572,2005378384,100237958272,1001252224,80.72033899952658,82.18525599841087
nymeria,mixed,distrixsense,nymeria__only_eye_images__gemma3_1b,gemma3_1b,only_eye_images,72004,288016,3472384,164,29556,42448,0.6962329998714267,3.0534250002657295,5.348366000969882,1001324228,2005525008,112911308288,1001252224,80.81370000036259,82.6243390010859
nymeria,mixed,dense,nymeria__only_eye_images__gemma3_1b,gemma3_1b,only_eye_images,63092,252368,6714368,8648,27508,35584,0.5272620001051109,6.1997020005535335,11.817533000530128,1001315316,2005489360,181027450368,1001252224,80.52677799969388,81.95720499952586
nymeria,mixed,dense_tokens,nymeria__only_eye_images__gemma3_1b,gemma3_1b,only_eye_images,67844,271376,3439616,2200,27508,40336,0.5275530002109008,3.6678540009187417,6.7590850012400185,1001320068,2005508368,112911275520,1001252224,80.81370000036259,82.31936800075346
nymeria,mixed,raw,nymeria__only_eye_images__gemma3_1b,gemma3_1b,only_eye_images,63092,252368,6714368,15968,63092,0,1.1359850004737382,9.582805000248179,17.97936500039735,1001315316,2005489360,181027450368,1001252224,80.52677799969388,82.03535699976783
nymeria,mixed,early_fusion,nymeria__only_eye_images__gemma3_1b,gemma3_1b,only_eye_images,40532,162128,2808832,15968,40532,0,1.0581850001472048,9.499085000682378,17.89558500055658,1001292756,2005399120,135560418816,1001252224,80.8184990000882,82.27031600017654
nymeria,mixed,late_fusion,nymeria__only_eye_images__gemma3_1b,gemma3_1b,only_eye_images,36244,144976,2254080,176,0,36244,0.09399999999004649,2.3807010003542293,4.623561000967002,999922196,1999916880,112866443008,999885952,80.81370000036259,81.72372500030178
nymeria,mixed,local_only,nymeria__only_eye_images__gemma3_1b,gemma3_1b,only_eye_images,36244,144976,2254080,104,0,36244,0.12289999995118706,2.3934210005495347,4.617060999894386,999922196,1999916880,112866443008,999885952,80.81370000036259,81.76908499990532
nymeria,mixed,bottleneck,nymeria__only_eye_images__gemma3_1b,gemma3_1b,only_eye_images,63676,254704,6747136,1368,27828,35848,0.552633000552305,3.3385750014267863,6.071806000856718,1001315900,2005491696,181027483136,1001252224,80.52677799969388,82.01609499974438
nymeria,mixed,tokenlearner,nymeria__only_eye_images__gemma3_1b,gemma3_1b,only_eye_images,65732,262928,3406848,2200,27508,38224,0.5233020001469413,3.6587530003042774,6.743704000645957,1001317956,2005499920,112911242752,1001252224,80.81370000036259,82.30773700051941
nymeria,mixed,posthoc_vq,nymeria__only_eye_images__gemma3_1b,gemma3_1b,only_eye_images,69236,276944,6845440,392,29556,39680,0.7085140005074209,3.188236001539987,5.6065170015922865,1001321460,2005513936,181027581440,1001252224,80.52677799969388,82.38436800002091
nymeria,mixed,joint_vq,nymeria__only_eye_images__gemma3_1b,gemma3_1b,only_eye_images,73988,295952,3472384,164,29556,44432,0.6900329999552923,3.110474999934109,5.474807000308111,1001326212,2005532944,112911308288,1001252224,80.81370000036259,82.71342999978515
nymeria,mixed,deepconvlstm,nymeria__only_eye_images__gemma3_1b,gemma3_1b,only_eye_images,62026,248104,3891840,15968,62026,0,0.7025630002317484,9.152813000112353,17.549003000536445,1001314250,2005485096,135561501824,1001252224,80.8184990000882,81.9293149997975
nymeria,mixed,unrestricted_bank,nymeria__only_eye_images__gemma3_1b,gemma3_1b,only_eye_images,74116,296464,3505152,164,29556,44560,0.5491430001711706,2.9084840001215575,5.200165000740718,1001326340,2005533456,112911341056,1001252224,80.81370000036259,82.42238799994084
nymeria,mixed,separate_banks,nymeria__only_eye_images__gemma3_1b,gemma3_1b,only_eye_images,72004,288016,3472384,164,29556,42448,0.7044240001050639,3.0509759984252973,5.342446998536808,1001324228,2005525008,112911308288,1001252224,80.81370000036259,82.57491800031858
nymeria,mixed,fixed_resampling,nymeria__only_eye_images__gemma3_1b,gemma3_1b,only_eye_images,72004,288016,2923520,164,29556,42448,0.6859439999971073,2.954074000021233,5.169765000271774,1001324228,2005525008,112910759424,1001252224,80.81370000036259,82.39891800076293
nymeria,mixed,finetune_encoders,nymeria__only_eye_images__gemma3_1b,gemma3_1b,only_eye_images,72004,288016,3472384,164,29556,42448,0.6942939999134978,3.0407750003488268,5.330566000037116,1001324228,2005525008,112911308288,1001252224,80.81370000036259,82.57700900048803
nymeria,mixed,no_alignment,nymeria__only_eye_images__gemma3_1b,gemma3_1b,only_eye_images,72004,288016,3472384,164,29556,42448,0.6850839999970049,3.031765000136243,5.320716000522417,1001324228,2005525008,112911308288,1001252224,80.81370000036259,82.57312800014915
nymeria,mixed,no_usage,nymeria__only_eye_images__gemma3_1b,gemma3_1b,only_eye_images,72004,288016,3472384,164,29556,42448,0.6892629999128985,3.035144999861682,5.327406000713573,1001324228,2005525008,112911308288,1001252224,80.81370000036259,82.57740900080535
nymeria,mixed,tcn,nymeria__only_eye_images__gemma3_1b,gemma3_1b,only_eye_images,26388,105552,1622784,15968,26388,0,0.8265750002465211,9.273165000634314,17.669625000931532,1001278612,2005342544,135559232768,1001252224,80.8184990000882,82.03733400023339
nymeria,mixed,ts_transformer,nymeria__only_eye_images__gemma3_1b,gemma3_1b,only_eye_images,39252,157008,2671360,15968,39252,0,0.8880940004019067,9.334555000789685,17.731015000177408,1001291476,2005394000,135560281344,1001252224,80.8184990000882,82.1102650006651
nymeria,mixed,patchtst,nymeria__only_eye_images__gemma3_1b,gemma3_1b,only_eye_images,35348,141392,46658688,15968,35348,0,1.012204999824462,9.460204999852856,17.856734999409795,1001287572,2005378384,100237958272,1001252224,80.72033899952658,82.12531599929207
nymeria,cuda,distrixsense,nymeria__only_foot_contacts__gemma3_1b,gemma3_1b,only_foot_contacts,35712,142848,857792,81,28468,7244,0.5438230000436306,3.1035359998276224,3.1035359998276224,1001287936,2005379840,98785729728,1001252224,80.79177899981005,82.2000250000201
nymeria,cuda,dense,nymeria__only_foot_contacts__gemma3_1b,gemma3_1b,only_foot_contacts,31256,125024,2233024,4324,27444,3812,0.467281999590341,6.291134000416368,6.291134000416368,1001283480,2005362016,132731095232,1001252224,80.80922000044666,82.02992700080358
nymeria,cuda,dense_tokens,nymeria__only_foot_contacts__gemma3_1b,gemma3_1b,only_foot_contacts,33632,134528,841408,1100,27444,6188,0.4510119997576112,3.806525999602745,3.806525999602745,1001285856,2005371520,98785713344,1001252224,80.79177899981005,82.06377599981352
nymeria,cuda,raw,nymeria__only_foot_contacts__gemma3_1b,gemma3_1b,only_foot_contacts,31256,125024,2233024,14696,31256,0,0.8057149998421664,14.659415000995866,14.659415000995866,1001283480,2005362016,132731095232,1001252224,80.80922000044666,82.01132700014568
nymeria,cuda,early_fusion,nymeria__only_foot_contacts__gemma3_1b,gemma3_1b,only_foot_contacts,27672,110688,2005696,14696,27672,0,0.828484000521712,14.677354000913398,14.677354000913398,1001279896,2005347680,132730867904,1001252224,80.80922000044666,82.03394700103672
nymeria,cuda,late_fusion,nymeria__only_foot_contacts__gemma3_1b,gemma3_1b,only_foot_contacts,4142,16568,240000,88,0,4142,0.07600099979754305,2.5342320006051797,2.5342320006051797,999890094,1999788472,110042496896,999885952,80.76161900044099,81.51032299974759
nymeria,cuda,local_only,nymeria__only_foot_contacts__gemma3_1b,gemma3_1b,only_foot_contacts,4142,16568,240000,52,0,4142,0.09219000003213296,2.5253830001633846,2.5253830001633846,999890094,1999788472,110042496896,999885952,80.76161900044099,81.79253400157904
nymeria,cuda,bottleneck,nymeria__only_foot_contacts__gemma3_1b,gemma3_1b,only_foot_contacts,31548,126192,2249408,684,27604,3944,0.47700199957034783,3.4202439994906193,3.4202439994906193,1001283772,2005363184,132731111616,1001252224,80.80922000044666,82.05420600097568
nymeria,cuda,tokenlearner,nymeria__only_foot_contacts__gemma3_1b,gemma3_1b,only_foot_contacts,32576,130304,825024,1100,27444,5132,0.4438320002009277,3.774073999916145,3.774073999916145,1001284800,2005367296,98785696960,1001252224,80.79177899981005,82.07674599998427
nymeria,cuda,posthoc_vq,nymeria__only_foot_contacts__gemma3_1b,gemma3_1b,only_foot_contacts,33304,133216,2298560,192,28468,4836,0.5912030001127278,3.326855000139761,3.326855000139761,1001285528,2005370208,132731160768,1001252224,80.80922000044666,82.34959700075706
nymeria,cuda,joint_vq,nymeria__only_foot_contacts__gemma3_1b,gemma3_1b,only_foot_contacts,35680,142720,857792,81,28468,7212,0.548862999494304,3.276337998642598,3.276337998642598,1001287904,2005379712,98785729728,1001252224,80.79177899981005,82.35935799984873
nymeria,cuda,deepconvlstm,nymeria__only_foot_contacts__gemma3_1b,gemma3_1b,only_foot_contacts,33390,133560,2075008,14696,33390,0,0.4545820002022083,14.30444200012869,14.30444200012869,1001285614,2005370552,132730937216,1001252224,80.80922000044666,81.68768500036094
nymeria,cuda,unrestricted_bank,nymeria__only_foot_contacts__gemma3_1b,gemma3_1b,only_foot_contacts,35712,142848,857792,81,28468,7244,0.4577919999064761,3.032943999671156,3.032943999671156,1001287936,2005379840,98785729728,1001252224,80.79177899981005,82.1326469995256
nymeria,cuda,separate_banks,nymeria__only_foot_contacts__gemma3_1b,gemma3_1b,only_foot_contacts,35712,142848,857792,81,28468,7244,0.5682620003426564,3.148904999790725,3.148904999790725,1001287936,2005379840,98785729728,1001252224,80.79177899981005,82.2127969995563
nymeria,cuda,fixed_resampling,nymeria__only_foot_contacts__gemma3_1b,gemma3_1b,only_foot_contacts,35712,142848,856000,81,28468,7244,0.5420130000857171,3.0734969996336847,3.0734969996336847,1001287936,2005379840,98785727936,1001252224,80.79177899981005,82.16517700020631
nymeria,cuda,finetune_encoders,nymeria__only_foot_contacts__gemma3_1b,gemma3_1b,only_foot_contacts,35712,142848,857792,81,28468,7244,0.5537520000871154,3.126684999217,3.126684999217,1001287936,2005379840,98785729728,1001252224,80.79177899981005,82.19423699938488
nymeria,cuda,no_alignment,nymeria__only_foot_contacts__gemma3_1b,gemma3_1b,only_foot_contacts,35712,142848,857792,81,28468,7244,0.7774639998388011,3.3368560007437598,3.3368560007437598,1001287936,2005379840,98785729728,1001252224,80.79177899981005,82.19788599853928
nymeria,cuda,no_usage,nymeria__only_foot_contacts__gemma3_1b,gemma3_1b,only_foot_contacts,35712,142848,857792,81,28468,7244,0.5540330002986593,3.1146450001250603,3.1146450001250603,1001287936,2005379840,98785729728,1001252224,80.79177899981005,82.22828599900822
nymeria,cuda,tcn,nymeria__only_foot_contacts__gemma3_1b,gemma3_1b,only_foot_contacts,13560,54240,819648,14696,13560,0,0.5975829999442794,14.449133999722905,14.449133999722905,1001265784,2005291232,132729681856,1001252224,80.80922000044666,81.85717500055034
nymeria,cuda,ts_transformer,nymeria__only_foot_contacts__gemma3_1b,gemma3_1b,only_foot_contacts,26424,105696,1868224,14696,26424,0,0.686213000335556,14.542133999374416,14.542133999374416,1001278648,2005342688,132730730432,1001252224,80.80922000044666,81.90309500059811
nymeria,cuda,patchtst,nymeria__only_foot_contacts__gemma3_1b,gemma3_1b,only_foot_contacts,26520,106080,1447744,14696,26520,0,0.7621129998369724,14.6100429992556,14.6100429992556,1001278744,2005343072,97374649152,1001252224,80.57326800008013,81.84465399972396
nymeria,mixed,distrixsense,nymeria__only_foot_contacts__gemma3_1b,gemma3_1b,only_foot_contacts,35712,142848,857792,81,28468,7244,0.5499230001078104,2.8813039998857537,2.8813039998857537,1001287936,2005379840,98785729728,1001252224,80.79177899981005,82.09693499975401
nymeria,mixed,dense,nymeria__only_foot_contacts__gemma3_1b,gemma3_1b,only_foot_contacts,31256,125024,2233024,4324,27444,3812,0.47385200014105067,6.135772999509517,6.135772999509517,1001283480,2005362016,132731095232,1001252224,80.80922000044666,81.92762500038953
nymeria,mixed,dense_tokens,nymeria__only_foot_contacts__gemma3_1b,gemma3_1b,only_foot_contacts,33632,134528,841408,1100,27444,6188,0.4572630004986422,3.5923249997675883,3.5923249997675883,1001285856,2005371520,98785713344,1001252224,80.79177899981005,81.93777499946009
nymeria,mixed,raw,nymeria__only_foot_contacts__gemma3_1b,gemma3_1b,only_foot_contacts,31256,125024,2233024,14696,31256,0,0.8016039992071455,14.60668399885333,14.60668399885333,1001283480,2005362016,132731095232,1001252224,80.80922000044666,81.97837700117816
nymeria,mixed,early_fusion,nymeria__only_foot_contacts__gemma3_1b,gemma3_1b,only_foot_contacts,27672,110688,2005696,14696,27672,0,0.8297740005218657,14.633545000823576,14.633545000823576,1001279896,2005347680,132730867904,1001252224,80.80922000044666,82.00541600126598
nymeria,mixed,late_fusion,nymeria__only_foot_contacts__gemma3_1b,gemma3_1b,only_foot_contacts,4142,16568,240000,88,0,4142,0.07597999956487911,2.3625010000136446,2.3625010000136446,999890094,1999788472,110042496896,999885952,80.76161900044099,81.40881200051808
nymeria,mixed,local_only,nymeria__only_foot_contacts__gemma3_1b,gemma3_1b,only_foot_contacts,4142,16568,240000,52,0,4142,0.09215999943990028,2.3531709996563963,2.3531709996563963,999890094,1999788472,110042496896,999885952,80.76161900044099,81.57967300030577
nymeria,mixed,bottleneck,nymeria__only_foot_contacts__gemma3_1b,gemma3_1b,only_foot_contacts,31548,126192,2249408,684,27604,3944,0.48563200016360497,3.2636129992816016,3.2636129992816016,1001283772,2005363184,132731111616,1001252224,80.80922000044666,81.97233700047946
nymeria,mixed,tokenlearner,nymeria__only_foot_contacts__gemma3_1b,gemma3_1b,only_foot_contacts,32576,130304,825024,1100,27444,5132,0.44855299984192243,3.572684000568988,3.572684000568988,1001284800,2005367296,98785696960,1001252224,80.79177899981005,81.92973599943798
nymeria,mixed,posthoc_vq,nymeria__only_foot_contacts__gemma3_1b,gemma3_1b,only_foot_contacts,33304,133216,2298560,192,28468,4836,0.5781330000900198,3.0393760003593284,3.0393760003593284,1001285528,2005370208,132731160768,1001252224,80.80922000044666,82.16082699982508
nymeria,mixed,joint_vq,nymeria__only_foot_contacts__gemma3_1b,gemma3_1b,only_foot_contacts,35680,142720,857792,81,28468,7212,0.5539130006582127,2.9606840007835533,2.9606840007835533,1001287904,2005379712,98785729728,1001252224,80.79177899981005,82.13811699897633
nymeria,mixed,deepconvlstm,nymeria__only_foot_contacts__gemma3_1b,gemma3_1b,only_foot_contacts,33390,133560,2075008,14696,33390,0,0.4720720007753698,14.2713220002305,14.2713220002305,1001285614,2005370552,132730937216,1001252224,80.80922000044666,81.64216400109581
nymeria,mixed,unrestricted_bank,nymeria__only_foot_contacts__gemma3_1b,gemma3_1b,only_foot_contacts,35712,142848,857792,81,28468,7244,0.467442000626761,2.801132999622391,2.801132999622391,1001287936,2005379840,98785729728,1001252224,80.79177899981005,81.99269400029152
nymeria,mixed,separate_banks,nymeria__only_foot_contacts__gemma3_1b,gemma3_1b,only_foot_contacts,35712,142848,857792,81,28468,7244,0.5844730003445875,2.9203149997846456,2.9203149997846456,1001287936,2005379840,98785729728,1001252224,80.79177899981005,82.07834499899036
nymeria,mixed,fixed_resampling,nymeria__only_foot_contacts__gemma3_1b,gemma3_1b,only_foot_contacts,35712,142848,856000,81,28468,7244,0.7684840002184501,3.028805000241741,3.028805000241741,1001287936,2005379840,98785727936,1001252224,80.79177899981005,81.98623500084068
nymeria,mixed,finetune_encoders,nymeria__only_foot_contacts__gemma3_1b,gemma3_1b,only_foot_contacts,35712,142848,857792,81,28468,7244,0.5588929998339154,2.885564000309282,2.885564000309282,1001287936,2005379840,98785729728,1001252224,80.79177899981005,82.06553499985603
nymeria,mixed,no_alignment,nymeria__only_foot_contacts__gemma3_1b,gemma3_1b,only_foot_contacts,35712,142848,857792,81,28468,7244,0.5596219998551533,2.898212998872518,2.898212998872518,1001287936,2005379840,98785729728,1001252224,80.79177899981005,82.06754599996202
nymeria,mixed,no_usage,nymeria__only_foot_contacts__gemma3_1b,gemma3_1b,only_foot_contacts,35712,142848,857792,81,28468,7244,0.5543130000660312,2.894563999718125,2.894563999718125,1001287936,2005379840,98785729728,1001252224,80.79177899981005,82.07819499966718
nymeria,mixed,tcn,nymeria__only_foot_contacts__gemma3_1b,gemma3_1b,only_foot_contacts,13560,54240,819648,14696,13560,0,0.6015930002831738,14.40544299929468,14.40544299929468,1001265784,2005291232,132729681856,1001252224,80.80922000044666,81.78326400138758
nymeria,mixed,ts_transformer,nymeria__only_foot_contacts__gemma3_1b,gemma3_1b,only_foot_contacts,26424,105696,1868224,14696,26424,0,0.6788129994674819,14.481993000107538,14.481993000107538,1001278648,2005342688,132730730432,1001252224,80.80922000044666,81.89417599987792
nymeria,mixed,patchtst,nymeria__only_foot_contacts__gemma3_1b,gemma3_1b,only_foot_contacts,26520,106080,1447744,14696,26520,0,0.7715740002822713,14.569474000371772,14.569474000371772,1001278744,2005343072,97374649152,1001252224,80.57326800008013,81.68792299966299
nymeria,cuda,distrixsense,nymeria__only_gaze__gemma3_1b,gemma3_1b,only_gaze,43700,174800,1676544,164,29556,14144,0.6837340006313752,3.28482600101243,5.824838000688224,1001295924,2005411792,112909512448,1001252224,80.81370000036259,82.90897199913161
nymeria,cuda,dense,nymeria__only_gaze__gemma3_1b,gemma3_1b,only_gaze,34788,139152,4918528,8648,27508,7280,0.6029030000718194,6.470474000120466,12.263475000244833,1001287012,2005376144,181025654528,1001252224,80.52677799969388,82.18016699993314
nymeria,cuda,dense_tokens,nymeria__only_gaze__gemma3_1b,gemma3_1b,only_gaze,39540,158160,1643776,2200,27508,12032,0.5154130003575119,3.89210400043783,7.215617000829079,1001291764,2005395152,112909479680,1001252224,80.81370000036259,82.66430000003311
nymeria,cuda,raw,nymeria__only_gaze__gemma3_1b,gemma3_1b,only_gaze,34788,139152,4918528,1048,34788,0,1.1132560002806713,3.6498859989621444,6.130835998948349,1001287012,2005376144,181025654528,1001252224,80.52677799969388,82.09711699964828
nymeria,cuda,early_fusion,nymeria__only_gaze__gemma3_1b,gemma3_1b,only_gaze,27844,111376,2012416,1048,27844,0,1.0357749997638166,3.566674999015685,6.045065998324752,1001280068,2005348368,135559622400,1001252224,80.8184990000882,82.3376560001634
nymeria,cuda,late_fusion,nymeria__only_gaze__gemma3_1b,gemma3_1b,only_gaze,7940,31760,458240,176,0,7940,0.09377100013807649,2.5801730017951106,5.024776003024145,999893892,1999803664,112864647168,999885952,80.81370000036259,81.98005500071304
nymeria,cuda,local_only,nymeria__only_gaze__gemma3_1b,gemma3_1b,only_gaze,7940,31760,458240,104,0,7940,0.125800000205345,2.593963000679179,5.00782500106194,999893892,1999803664,112864647168,999885952,80.81370000036259,82.02182600052765
nymeria,cuda,bottleneck,nymeria__only_gaze__gemma3_1b,gemma3_1b,only_gaze,35372,141488,4951296,1368,27828,7544,0.5409630002759513,3.515196000326821,6.44636800056292,1001287596,2005378480,181025687296,1001252224,80.52677799969388,82.25548699920182
nymeria,cuda,tokenlearner,nymeria__only_gaze__gemma3_1b,gemma3_1b,only_gaze,37428,149712,1611008,2200,27508,9920,0.5142720001458656,3.8862749997814534,7.211406999876781,1001289652,2005386704,112909446912,1001252224,80.81370000036259,82.64524900005199
nymeria,cuda,posthoc_vq,nymeria__only_gaze__gemma3_1b,gemma3_1b,only_gaze,40932,163728,5049600,392,29556,11376,0.6918340004631318,3.465655999923253,6.1771200012795395,1001293156,2005400720,181025785600,1001252224,80.52677799969388,82.81645000079152
nymeria,cuda,joint_vq,nymeria__only_gaze__gemma3_1b,gemma3_1b,only_gaze,45684,182736,1676544,164,29556,16128,0.6885330003569834,3.4454170002701225,6.145539999732328,1001297908,2005419728,112909512448,1001252224,80.81370000036259,83.23305199974129
nymeria,cuda,deepconvlstm,nymeria__only_gaze__gemma3_1b,gemma3_1b,only_gaze,33722,134888,2096000,1048,33722,0,0.6788040000174078,3.202934000833647,5.682974999973702,1001285946,2005371880,135559705984,1001252224,80.8184990000882,81.9889640006295
nymeria,cuda,unrestricted_bank,nymeria__only_gaze__gemma3_1b,gemma3_1b,only_gaze,45812,183248,1709312,164,29556,16256,0.5381229993872694,3.134274998350616,5.6695979989564975,1001298036,2005420240,112909545216,1001252224,80.81370000036259,82.78000000063912
nymeria,cuda,separate_banks,nymeria__only_gaze__gemma3_1b,gemma3_1b,only_gaze,43700,174800,1676544,164,29556,14144,0.7025739996606717,3.291446000124875,5.819409000349161,1001295924,2005411792,112909512448,1001252224,80.81370000036259,82.91966100023274
nymeria,cuda,fixed_resampling,nymeria__only_gaze__gemma3_1b,gemma3_1b,only_gaze,43700,174800,1674240,164,29556,14144,0.6848639995951089,3.250045999570016,5.7582580008495015,1001295924,2005411792,112909510144,1001252224,80.81370000036259,82.87826999912795
nymeria,cuda,finetune_encoders,nymeria__only_gaze__gemma3_1b,gemma3_1b,only_gaze,43700,174800,1676544,164,29556,14144,0.6745130003764643,3.2596370004595023,5.790639000832208,1001295924,2005411792,112909512448,1001252224,80.81370000036259,82.9016200004844
nymeria,cuda,no_alignment,nymeria__only_gaze__gemma3_1b,gemma3_1b,only_gaze,43700,174800,1676544,164,29556,14144,0.6952730000193696,3.287366999151441,5.820749999355222,1001295924,2005411792,112909512448,1001252224,80.81370000036259,82.897991000209
nymeria,cuda,no_usage,nymeria__only_gaze__gemma3_1b,gemma3_1b,only_gaze,43700,174800,1676544,164,29556,14144,0.6832440003563534,3.2886470010763382,5.825449001047865,1001295924,2005411792,112909512448,1001252224,80.81370000036259,82.90694000061194
nymeria,cuda,tcn,nymeria__only_gaze__gemma3_1b,gemma3_1b,only_gaze,13700,54800,826368,1048,13700,0,0.8149040004354902,3.3434149999408866,5.826926000583079,1001265924,2005291792,135558436352,1001252224,80.8184990000882,82.09328500015545
nymeria,cuda,ts_transformer,nymeria__only_gaze__gemma3_1b,gemma3_1b,only_gaze,26564,106256,1874944,1048,26564,0,0.9107349997066194,3.4371659984714817,5.914735998732247,1001278788,2005343248,135559484928,1001252224,80.8184990000882,82.21260600021196
nymeria,cuda,patchtst,nymeria__only_gaze__gemma3_1b,gemma3_1b,only_gaze,26564,106256,2168704,1048,26564,0,0.9776649994819309,3.497535999409319,5.974296000050707,1001278788,2005343248,100193468288,1001252224,80.72033899952658,82.17798599980597
nymeria,mixed,distrixsense,nymeria__only_gaze__gemma3_1b,gemma3_1b,only_gaze,43700,174800,1676544,164,29556,14144,0.6892330002301605,3.0497240007517625,5.330224999550602,1001295924,2005411792,112909512448,1001252224,80.81370000036259,82.57838800091122
nymeria,mixed,dense,nymeria__only_gaze__gemma3_1b,gemma3_1b,only_gaze,34788,139152,4918528,8648,27508,7280,0.5318920002537197,6.194373999601102,11.803984999195999,1001287012,2005376144,181025654528,1001252224,80.52677799969388,81.93264499914221
nymeria,mixed,dense_tokens,nymeria__only_gaze__gemma3_1b,gemma3_1b,only_gaze,39540,158160,1643776,2200,27508,12032,0.5474330000652117,3.6745639999888953,6.758295000499638,1001291764,2005395152,112909479680,1001252224,80.81370000036259,82.30687800096348
nymeria,mixed,raw,nymeria__only_gaze__gemma3_1b,gemma3_1b,only_gaze,34788,139152,4918528,1048,34788,0,1.1190260001967545,3.5936860003091162,6.02163600054282,1001287012,2005376144,181025654528,1001252224,80.52677799969388,82.01399599965953
nymeria,mixed,early_fusion,nymeria__only_gaze__gemma3_1b,gemma3_1b,only_gaze,27844,111376,2012416,1048,27844,0,1.0425560003568535,3.512406001314684,5.940216001209954,1001280068,2005348368,135559622400,1001252224,80.8184990000882,82.28146600049513
nymeria,mixed,late_fusion,nymeria__only_gaze__gemma3_1b,gemma3_1b,only_gaze,7940,31760,458240,176,0,7940,0.09709100049803965,2.3802929992120245,4.62169399933815,999893892,1999803664,112864647168,999885952,80.81370000036259,81.72673500030214
nymeria,mixed,local_only,nymeria__only_gaze__gemma3_1b,gemma3_1b,only_gaze,7940,31760,458240,104,0,7940,0.12229000003571855,2.4008910006773307,4.614672001057409,999893892,1999803664,112864647168,999885952,80.81370000036259,81.75763500094035
nymeria,mixed,bottleneck,nymeria__only_gaze__gemma3_1b,gemma3_1b,only_gaze,35372,141488,4951296,1368,27828,7544,0.5555630004892009,3.327843000325654,6.052193999987189,1001287596,2005378480,181025687296,1001252224,80.52677799969388,81.99581499957276
nymeria,mixed,tokenlearner,nymeria__only_gaze__gemma3_1b,gemma3_1b,only_gaze,37428,149712,1611008,2200,27508,9920,0.5179329991733539,3.655863998569548,6.745674998446484,1001289652,2005386704,112909446912,1001252224,80.81370000036259,82.31202799925086
nymeria,mixed,posthoc_vq,nymeria__only_gaze__gemma3_1b,gemma3_1b,only_gaze,40932,163728,5049600,392,29556,11376,0.7149630000640173,3.19273399944657,5.609334999985143,1001293156,2005400720,181025785600,1001252224,80.52677799969388,82.3547169993617
nymeria,mixed,joint_vq,nymeria__only_gaze__gemma3_1b,gemma3_1b,only_gaze,45684,182736,1676544,164,29556,16128,0.6818139991082717,3.0994249994674696,5.45947599918528,1001297908,2005419728,112909512448,1001252224,80.81370000036259,82.80495000053634
nymeria,mixed,deepconvlstm,nymeria__only_gaze__gemma3_1b,gemma3_1b,only_gaze,33722,134888,2096000,1048,33722,0,0.6974739999350277,3.167453999518056,5.595113999180647,1001285946,2005371880,135559705984,1001252224,80.8184990000882,81.90375499907532
nymeria,mixed,unrestricted_bank,nymeria__only_gaze__gemma3_1b,gemma3_1b,only_gaze,45812,183248,1709312,164,29556,16256,0.6097129999034223,2.9645950001705437,5.251385999752721,1001298036,2005420240,112909545216,1001252224,80.81370000036259,82.41443800034176
nymeria,mixed,separate_banks,nymeria__only_gaze__gemma3_1b,gemma3_1b,only_gaze,43700,174800,1676544,164,29556,14144,0.7263340003191843,3.067375000077032,5.354546999722707,1001295924,2005411792,112909512448,1001252224,80.81370000036259,82.61623899943515
nymeria,mixed,fixed_resampling,nymeria__only_gaze__gemma3_1b,gemma3_1b,only_gaze,43700,174800,1674240,164,29556,14144,0.6942539994270192,2.9595859999372855,5.171756000589276,1001295924,2005411792,112909510144,1001252224,80.81370000036259,82.38668800004234
nymeria,mixed,finetune_encoders,nymeria__only_gaze__gemma3_1b,gemma3_1b,only_gaze,43700,174800,1676544,164,29556,14144,0.6917840000824071,3.035944999586814,5.317485999210668,1001295924,2005411792,112909512448,1001252224,80.81370000036259,82.56394899945008
nymeria,mixed,no_alignment,nymeria__only_gaze__gemma3_1b,gemma3_1b,only_gaze,43700,174800,1676544,164,29556,14144,0.6846330006737844,3.0224860004947054,5.30680700073227,1001295924,2005411792,112909512448,1001252224,80.81370000036259,82.56606900067709
nymeria,mixed,no_usage,nymeria__only_gaze__gemma3_1b,gemma3_1b,only_gaze,43700,174800,1676544,164,29556,14144,0.6848929997431696,3.0285039996070786,5.317715998597315,1001295924,2005411792,112909512448,1001252224,80.81370000036259,82.58146900061547
nymeria,mixed,tcn,nymeria__only_gaze__gemma3_1b,gemma3_1b,only_gaze,13700,54800,826368,1048,13700,0,0.8088640006462811,3.287384000864858,5.715174000971636,1001265924,2005291792,135558436352,1001252224,80.8184990000882,82.0424860003186
nymeria,mixed,ts_transformer,nymeria__only_gaze__gemma3_1b,gemma3_1b,only_gaze,26564,106256,1874944,1048,26564,0,0.8970939998107497,3.3730559988868656,5.800895999374369,1001278788,2005343248,135559484928,1001252224,80.8184990000882,82.21994599989557
nymeria,mixed,patchtst,nymeria__only_gaze__gemma3_1b,gemma3_1b,only_gaze,26564,106256,2168704,1048,26564,0,1.0133149999091984,3.483145000169042,5.9107449995566625,1001278788,2005343248,100193468288,1001252224,80.72033899952658,82.06928599975072
nymeria,cuda,distrixsense,nymeria__only_imu__gemma3_1b,gemma3_1b,only_imu,96836,387344,7606656,672,36084,60752,1.394267000250693,4.828244000532408,13.811536000776302,1001349060,2005624336,198100509568,1001252224,82.01084499978606,87.71164500012674
nymeria,cuda,dense,nymeria__only_imu__gemma3_1b,gemma3_1b,only_imu,61188,244752,32371072,34592,27892,33296,0.8976149993031868,10.633619998914108,39.25280999886119,1001313412,2005481744,475974943616,1001252224,80.95993999995699,85.08966000044893
nymeria,cuda,dense_tokens,nymeria__only_imu__gemma3_1b,gemma3_1b,only_imu,80196,320784,7475584,8800,27892,52304,0.8636539996587089,5.613238999501627,19.31149099868984,1001332420,2005557776,198100378496,1001252224,82.01084499978606,86.81668099961826
nymeria,cuda,raw,nymeria__only_imu__gemma3_1b,gemma3_1b,only_imu,61188,244752,32371072,616576,61188,0,2.8919839996888186,128.59660599958715,504.96107799908714,1001313412,2005481744,475974943616,1001252224,80.95993999995699,84.96670000022277
nymeria,cuda,early_fusion,nymeria__only_imu__gemma3_1b,gemma3_1b,only_imu,30244,120976,2136448,616576,30244,0,2.3131509997256217,128.05314300028385,504.4124049994025,1001282468,2005357968,152550124416,1001252224,81.23833100034972,84.71734799968544
nymeria,cuda,late_fusion,nymeria__only_imu__gemma3_1b,gemma3_1b,only_imu,35936,143744,2097152,704,0,35936,0.36392199945112225,3.3655770009707893,11.794248000998271,999921888,1999915648,129815769600,999885952,81.62330399954953,85.04604199970345
nymeria,cuda,local_only,nymeria__only_imu__gemma3_1b,gemma3_1b,only_imu,35936,143744,2097152,416,0,35936,0.3468120003162767,3.28693600111634,11.611877001025144,999921888,1999915648,129815769600,999885952,81.62330399954953,85.29957299924718
nymeria,cuda,bottleneck,nymeria__only_imu__gemma3_1b,gemma3_1b,only_imu,63524,254096,32502144,5472,29172,34352,0.96545500036882,4.935949000346277,16.276010001966114,1001315748,2005491088,475975074688,1001252224,80.95993999995699,85.33896199969604
nymeria,cuda,tokenlearner,nymeria__only_imu__gemma3_1b,gemma3_1b,only_imu,71748,286992,7344512,8800,27892,43856,0.863604000187479,5.594126999710861,19.256987999825505,1001323972,2005523984,198100247424,1001252224,82.01084499978606,86.8080390000614
nymeria,cuda,posthoc_vq,nymeria__only_imu__gemma3_1b,gemma3_1b,only_imu,102148,408592,32895360,1632,36084,66064,1.4179170002535102,4.985103000633977,14.998299001883739,1001354372,2005645584,475975467904,1001252224,80.95993999995699,87.29653300088103
nymeria,cuda,joint_vq,nymeria__only_imu__gemma3_1b,gemma3_1b,only_imu,121156,484624,7606656,672,36084,85072,1.3867469997421722,4.869105000875692,14.709452000079525,1001373380,2005721616,198100509568,1001252224,82.01084499978606,88.84754900009284
nymeria,cuda,deepconvlstm,nymeria__only_imu__gemma3_1b,gemma3_1b,only_imu,40922,163688,2551424,616576,40922,0,1.957839999704447,127.69467200002964,504.04970500067066,1001293146,2005400680,152550539392,1001252224,81.23833100034972,84.34737700099504
nymeria,cuda,unrestricted_bank,nymeria__only_imu__gemma3_1b,gemma3_1b,only_imu,155972,623888,8524160,672,36084,119888,0.9131740007433109,4.092080000487016,13.035860000218578,1001408196,2005860880,198101427072,1001252224,82.01084499978606,87.19973199913511
nymeria,cuda,separate_banks,nymeria__only_imu__gemma3_1b,gemma3_1b,only_imu,96836,387344,7606656,672,36084,60752,1.4174170000842423,4.631762000212888,13.615576000393391,1001349060,2005624336,198100509568,1001252224,82.01084499978606,87.72723399943061
nymeria,cuda,fixed_resampling,nymeria__only_imu__gemma3_1b,gemma3_1b,only_imu,96836,387344,7579008,672,36084,60752,1.3814069998261402,4.527451999206363,13.289904998874023,1001349060,2005624336,198100481920,1001252224,82.01084499978606,87.41706299952057
nymeria,cuda,finetune_encoders,nymeria__only_imu__gemma3_1b,gemma3_1b,only_imu,96836,387344,7606656,672,36084,60752,1.3973470004202682,4.594702999679697,13.572005000515107,1001349060,2005624336,198100509568,1001252224,82.01084499978606,87.75090499966609
nymeria,cuda,no_alignment,nymeria__only_imu__gemma3_1b,gemma3_1b,only_imu,96836,387344,7606656,672,36084,60752,1.3795170007142588,4.5724230015594856,13.546125001358066,1001349060,2005624336,198100509568,1001252224,82.01084499978606,87.73530399957963
nymeria,cuda,no_usage,nymeria__only_imu__gemma3_1b,gemma3_1b,only_imu,96836,387344,7606656,672,36084,60752,1.364286999887554,4.575633000354259,13.569215999541827,1001349060,2005624336,198100509568,1001252224,82.01084499978606,87.63530299984268
nymeria,cuda,tcn,nymeria__only_imu__gemma3_1b,gemma3_1b,only_imu,15908,63632,950400,616576,15908,0,2.0201500001348904,127.75182200045947,504.12532399905103,1001268132,2005300624,152548938368,1001252224,81.23833100034972,84.46404799906304
nymeria,cuda,ts_transformer,nymeria__only_imu__gemma3_1b,gemma3_1b,only_imu,28772,115088,1998976,616576,28772,0,2.120550999279658,127.86169199814594,504.2231729978994,1001280996,2005352080,152549986944,1001252224,81.23833100034972,84.54180700027791
nymeria,cuda,patchtst,nymeria__only_imu__gemma3_1b,gemma3_1b,only_imu,27236,108944,17322496,616576,27236,0,2.2248209997997037,127.95134400046209,504.3078969986709,1001279460,2005345936,117135102464,1001252224,81.39988299990364,84.80078000047797
nymeria,mixed,distrixsense,nymeria__only_imu__gemma3_1b,gemma3_1b,only_imu,96836,387344,7606656,672,36084,60752,1.4068870004848577,4.219259998831234,12.079006998920137,1001349060,2005624336,198100509568,1001252224,82.01084499978606,86.4291569996567
nymeria,mixed,dense,nymeria__only_imu__gemma3_1b,gemma3_1b,only_imu,61188,244752,32371072,34592,27892,33296,0.9066339998753392,10.389217000154057,38.26726300088004,1001313412,2005481744,475974943616,1001252224,80.95993999995699,84.27703699999256
nymeria,mixed,dense_tokens,nymeria__only_imu__gemma3_1b,gemma3_1b,only_imu,80196,320784,7475584,8800,27892,52304,0.8663939997859416,5.252636999500973,17.898093000213557,1001332420,2005557776,198100378496,1001252224,82.01084499978606,85.71610299986787
nymeria,mixed,raw,nymeria__only_imu__gemma3_1b,gemma3_1b,only_imu,61188,244752,32371072,616576,61188,0,2.8813349999836646,128.51297699860424,504.62090799765065,1001313412,2005481744,475974943616,1001252224,80.95993999995699,84.73882899943419
nymeria,mixed,early_fusion,nymeria__only_imu__gemma3_1b,gemma3_1b,only_imu,30244,120976,2136448,616576,30244,0,2.337972000532318,127.9806729999791,504.0913329997238,1001282468,2005357968,152550124416,1001252224,81.23833100034972,84.42687800015847
nymeria,mixed,late_fusion,nymeria__only_imu__gemma3_1b,gemma3_1b,only_imu,35936,143744,2097152,704,0,35936,0.1978210002562264,2.895583999582287,10.50887000016832,999921888,1999915648,129815769600,999885952,81.62330399954953,84.19617700019444
nymeria,mixed,local_only,nymeria__only_imu__gemma3_1b,gemma3_1b,only_imu,35936,143744,2097152,416,0,35936,0.29787200037389994,2.974524999429344,10.453660999639263,999921888,1999915648,129815769600,999885952,81.62330399954953,84.31110799847374
nymeria,mixed,bottleneck,nymeria__only_imu__gemma3_1b,gemma3_1b,only_imu,63524,254096,32502144,5472,29172,34352,0.9726250000312575,4.649657000291022,15.167922998407647,1001315748,2005491088,475975074688,1001252224,80.95993999995699,84.51958799923887
nymeria,mixed,tokenlearner,nymeria__only_imu__gemma3_1b,gemma3_1b,only_imu,71748,286992,7344512,8800,27892,43856,0.898674000382016,5.397818000745028,18.155915001217217,1001323972,2005523984,198100247424,1001252224,82.01084499978606,86.33605700015323
nymeria,mixed,posthoc_vq,nymeria__only_imu__gemma3_1b,gemma3_1b,only_imu,102148,408592,32895360,1632,36084,66064,1.4620369993281201,4.55087099895362,13.170739998197265,1001354372,2005645584,475975467904,1001252224,80.95993999995699,85.67642400066688
nymeria,mixed,joint_vq,nymeria__only_imu__gemma3_1b,gemma3_1b,only_imu,121156,484624,7606656,672,36084,85072,1.3878970003133873,4.33509099941611,12.567450000733858,1001373380,2005721616,198100509568,1001252224,82.01084499978606,86.92836899990652
nymeria,mixed,deepconvlstm,nymeria__only_imu__gemma3_1b,gemma3_1b,only_imu,40922,163688,2551424,616576,40922,0,1.9362799994269153,127.58220200073538,503.6933020003744,1001293146,2005400680,152550539392,1001252224,81.23833100034972,84.06555400142679
nymeria,mixed,unrestricted_bank,nymeria__only_imu__gemma3_1b,gemma3_1b,only_imu,155972,623888,8524160,672,36084,119888,0.9209650006596348,3.730167999788222,11.587395998776971,1001408196,2005860880,198101427072,1001252224,82.01084499978606,85.97282499886205
nymeria,mixed,separate_banks,nymeria__only_imu__gemma3_1b,gemma3_1b,only_imu,96836,387344,7606656,672,36084,60752,1.4628670005549793,4.274661000931786,12.129077001464227,1001349060,2005624336,198100509568,1001252224,82.01084499978606,86.45698800046375
nymeria,mixed,fixed_resampling,nymeria__only_imu__gemma3_1b,gemma3_1b,only_imu,96836,387344,7579008,672,36084,60752,1.396466999722179,4.074108999998401,11.536384000737941,1001349060,2005624336,198100481920,1001252224,82.01084499978606,85.84060400062299
nymeria,mixed,finetune_encoders,nymeria__only_imu__gemma3_1b,gemma3_1b,only_imu,96836,387344,7606656,672,36084,60752,1.4488970000456902,4.263429999196063,12.120859000151883,1001349060,2005624336,198100509568,1001252224,82.01084499978606,86.42645700001594
nymeria,mixed,no_alignment,nymeria__only_imu__gemma3_1b,gemma3_1b,only_imu,96836,387344,7606656,672,36084,60752,1.4006070005052607,4.317411000852275,12.174647999291098,1001349060,2005624336,198100509568,1001252224,82.01084499978606,86.42174800024804
nymeria,mixed,no_usage,nymeria__only_imu__gemma3_1b,gemma3_1b,only_imu,96836,387344,7606656,672,36084,60752,1.4212870000847033,4.286980999791098,12.16755900104579,1001349060,2005624336,198100509568,1001252224,82.01084499978606,86.4422469994679
nymeria,mixed,tcn,nymeria__only_imu__gemma3_1b,gemma3_1b,only_imu,15908,63632,950400,616576,15908,0,2.1498709993466036,127.80128199854062,503.91105399858134,1001268132,2005300624,152548938368,1001252224,81.23833100034972,84.19029600008798
nymeria,mixed,ts_transformer,nymeria__only_imu__gemma3_1b,gemma3_1b,only_imu,28772,115088,1998976,616576,28772,0,2.1252609994917293,127.76231199957238,503.8731719981115,1001280996,2005352080,152549986944,1001252224,81.23833100034972,84.26748599958955
nymeria,mixed,patchtst,nymeria__only_imu__gemma3_1b,gemma3_1b,only_imu,27236,108944,17322496,616576,27236,0,2.2098910003478522,127.85824200097977,503.9751020006406,1001279460,2005345936,117135102464,1001252224,81.39988299990364,84.50420799999847
nymeria,cuda,distrixsense,nymeria__only_joint_angles__gemma3_1b,gemma3_1b,only_joint_angles,51182,204728,1839552,81,28468,22714,0.5469629995786818,3.1381350000009522,3.1381350000009522,1001303406,2005441720,98786711488,1001252224,80.79177899981005,82.37885699963954
nymeria,cuda,dense,nymeria__only_joint_angles__gemma3_1b,gemma3_1b,only_joint_angles,46726,186904,3214784,4324,27444,19282,0.46900300003471784,6.301226999634982,6.301226999634982,1001298950,2005423896,132732076992,1001252224,80.80922000044666,82.0459070000652
nymeria,cuda,dense_tokens,nymeria__only_joint_angles__gemma3_1b,gemma3_1b,only_joint_angles,49102,196408,1823168,1100,27444,21658,0.44777299990528263,3.8236159998585935,3.8236159998585935,1001301326,2005433400,98786695104,1001252224,80.79177899981005,82.13505700041424
nymeria,cuda,raw,nymeria__only_joint_angles__gemma3_1b,gemma3_1b,only_joint_angles,46726,186904,3214784,205452,46726,0,0.8190039998225984,167.33204500034827,167.33204500034827,1001298950,2005423896,132732076992,1001252224,80.80922000044666,82.07405600023776
nymeria,cuda,early_fusion,nymeria__only_joint_angles__gemma3_1b,gemma3_1b,only_joint_angles,34822,139288,2454976,205452,34822,0,1.0816049998538801,167.58991599856,167.58991599856,1001287046,2005376280,132731317184,1001252224,80.80922000044666,82.06844699998328
nymeria,cuda,late_fusion,nymeria__only_joint_angles__gemma3_1b,gemma3_1b,only_joint_angles,19612,78448,1221760,88,0,19612,0.07881999954406638,2.568611999911291,2.568611999911291,999905564,1999850352,110043478656,999885952,80.76161900044099,81.55698300106451
nymeria,cuda,local_only,nymeria__only_joint_angles__gemma3_1b,gemma3_1b,only_joint_angles,19612,78448,1221760,52,0,19612,0.09006100026454078,2.546992000377469,2.546992000377469,999905564,1999850352,110043478656,999885952,80.76161900044099,81.56307200079027
nymeria,cuda,bottleneck,nymeria__only_joint_angles__gemma3_1b,gemma3_1b,only_joint_angles,47018,188072,3231168,684,27604,19414,0.4855230008615763,3.4566650013139473,3.4566650013139473,1001299242,2005425064,132732093376,1001252224,80.80922000044666,82.09744800024055
nymeria,cuda,tokenlearner,nymeria__only_joint_angles__gemma3_1b,gemma3_1b,only_joint_angles,48046,192184,1806784,1100,27444,20602,0.5046420001235674,3.8979049995713284,3.8979049995713284,1001300270,2005429176,98786678720,1001252224,80.79177899981005,82.07065499937016
nymeria,cuda,posthoc_vq,nymeria__only_joint_angles__gemma3_1b,gemma3_1b,only_joint_angles,48774,195096,3280320,192,28468,20306,0.5672130000675679,3.330126999188354,3.330126999188354,1001300998,2005432088,132732142528,1001252224,80.80922000044666,82.38482699925953
nymeria,cuda,joint_vq,nymeria__only_joint_angles__gemma3_1b,gemma3_1b,only_joint_angles,51150,204600,1839552,81,28468,22682,0.5748630001107813,3.31049700074062,3.31049700074062,1001303374,2005441592,98786711488,1001252224,80.79177899981005,82.3779470010777
nymeria,cuda,deepconvlstm,nymeria__only_joint_angles__gemma3_1b,gemma3_1b,only_joint_angles,48860,195440,3056768,205452,48860,0,0.4891219996352447,166.99780199944126,166.99780199944126,1001301084,2005432432,132731918976,1001252224,80.80922000044666,81.75163499981863
nymeria,cuda,unrestricted_bank,nymeria__only_joint_angles__gemma3_1b,gemma3_1b,only_joint_angles,51182,204728,1839552,81,28468,22714,0.46882300011930056,3.0518060011962778,3.0518060011962778,1001303406,2005441720,98786711488,1001252224,80.79177899981005,82.74297899970406
nymeria,cuda,separate_banks,nymeria__only_joint_angles__gemma3_1b,gemma3_1b,only_joint_angles,51182,204728,1839552,81,28468,22714,0.5897330001971568,3.1988150003888993,3.1988150003888993,1001303406,2005441720,98786711488,1001252224,80.79177899981005,82.29046699943865
nymeria,cuda,fixed_resampling,nymeria__only_joint_angles__gemma3_1b,gemma3_1b,only_joint_angles,51182,204728,1521600,81,28468,22714,0.5567319994952413,3.1179949992582667,3.1179949992582667,1001303406,2005441720,98786393536,1001252224,80.79177899981005,82.19498599919461
nymeria,cuda,finetune_encoders,nymeria__only_joint_angles__gemma3_1b,gemma3_1b,only_joint_angles,51182,204728,1839552,81,28468,22714,0.5556229998546769,3.3417670001944177,3.3417670001944177,1001303406,2005441720,98786711488,1001252224,80.79177899981005,82.21067599970411
nymeria,cuda,no_alignment,nymeria__only_joint_angles__gemma3_1b,gemma3_1b,only_joint_angles,51182,204728,1839552,81,28468,22714,0.5924029992456781,3.1766449983769096,3.1766449983769096,1001303406,2005441720,98786711488,1001252224,80.79177899981005,82.22333599951526
nymeria,cuda,no_usage,nymeria__only_joint_angles__gemma3_1b,gemma3_1b,only_joint_angles,51182,204728,1839552,81,28468,22714,0.5728630003432045,3.1733650012319092,3.1733650012319092,1001303406,2005441720,98786711488,1001252224,80.79177899981005,82.21994599989557
nymeria,cuda,tcn,nymeria__only_joint_angles__gemma3_1b,gemma3_1b,only_joint_angles,20710,82840,1268928,205452,20710,0,0.6045730006007943,167.10365400142092,167.10365400142092,1001272934,2005319832,132730131136,1001252224,80.80922000044666,81.86769600160915
nymeria,cuda,ts_transformer,nymeria__only_joint_angles__gemma3_1b,gemma3_1b,only_joint_angles,33574,134296,2317504,205452,33574,0,0.6768030007151538,167.17578399895484,167.17578399895484,1001285798,2005371288,132731179712,1001252224,80.80922000044666,81.94223700047587
nymeria,cuda,patchtst,nymeria__only_joint_angles__gemma3_1b,gemma3_1b,only_joint_angles,31590,126360,25176384,205452,31590,0,1.0721259995989385,167.5769280003986,167.5769280003986,1001283814,2005363352,97398377792,1001252224,80.57326800008013,81.79227500022535
nymeria,mixed,distrixsense,nymeria__only_joint_angles__gemma3_1b,gemma3_1b,only_joint_angles,51182,204728,1839552,81,28468,22714,0.547333000213257,2.891854000183125,2.891854000183125,1001303406,2005441720,98786711488,1001252224,80.79177899981005,82.05875499970716
nymeria,mixed,dense,nymeria__only_joint_angles__gemma3_1b,gemma3_1b,only_joint_angles,46726,186904,3214784,4324,27444,19282,0.5028030000175931,6.1743939998948365,6.1743939998948365,1001298950,2005423896,132732076992,1001252224,80.80922000044666,81.97775600001478
nymeria,mixed,dense_tokens,nymeria__only_joint_angles__gemma3_1b,gemma3_1b,only_joint_angles,49102,196408,1823168,1100,27444,21658,0.4382029992484604,3.573623998813564,3.573623998813564,1001301326,2005433400,98786695104,1001252224,80.79177899981005,81.92943500034744
nymeria,mixed,raw,nymeria__only_joint_angles__gemma3_1b,gemma3_1b,only_joint_angles,46726,186904,3214784,205452,46726,0,0.8231749998230953,167.25738600000096,167.25738600000096,1001298950,2005423896,132732076992,1001252224,80.80922000044666,82.01510700109793
nymeria,mixed,early_fusion,nymeria__only_joint_angles__gemma3_1b,gemma3_1b,only_joint_angles,34822,139288,2454976,205452,34822,0,0.8303140002681175,167.26524500010765,167.26524500010765,1001287046,2005376280,132731317184,1001252224,80.80922000044666,82.0585569999821
nymeria,mixed,late_fusion,nymeria__only_joint_angles__gemma3_1b,gemma3_1b,only_joint_angles,19612,78448,1221760,88,0,19612,0.07613100024173036,2.3663920002467695,2.3663920002467695,999905564,1999850352,110043478656,999885952,80.76161900044099,81.40900300168141
nymeria,mixed,local_only,nymeria__only_joint_angles__gemma3_1b,gemma3_1b,only_joint_angles,19612,78448,1221760,52,0,19612,0.090720000116562,2.3593110002070548,2.3593110002070548,999905564,1999850352,110043478656,999885952,80.76161900044099,81.43688300151553
nymeria,mixed,bottleneck,nymeria__only_joint_angles__gemma3_1b,gemma3_1b,only_joint_angles,47018,188072,3231168,684,27604,19414,0.4812820006918628,3.258563000846177,3.258563000846177,1001299242,2005425064,132732093376,1001252224,80.80922000044666,81.96913700066943
nymeria,mixed,tokenlearner,nymeria__only_joint_angles__gemma3_1b,gemma3_1b,only_joint_angles,48046,192184,1806784,1100,27444,20602,0.45198200041340897,3.5846840009934384,3.5846840009934384,1001300270,2005429176,98786678720,1001252224,80.79177899981005,81.93052600017836
nymeria,mixed,posthoc_vq,nymeria__only_joint_angles__gemma3_1b,gemma3_1b,only_joint_angles,48774,195096,3280320,192,28468,20306,0.5701629997929558,3.0536359996207407,3.0536359996207407,1001300998,2005432088,132732142528,1001252224,80.80922000044666,82.16602800075634
nymeria,mixed,joint_vq,nymeria__only_joint_angles__gemma3_1b,gemma3_1b,only_joint_angles,51150,204600,1839552,81,28468,22682,0.686433000737452,3.1066050005682744,3.1066050005682744,1001303374,2005441592,98786711488,1001252224,80.79177899981005,82.13298600003327
nymeria,mixed,deepconvlstm,nymeria__only_joint_angles__gemma3_1b,gemma3_1b,only_joint_angles,48860,195440,3056768,205452,48860,0,0.7023130001471145,167.17618500062582,167.17618500062582,1001301084,2005432432,132731918976,1001252224,80.80922000044666,81.71480500004691
nymeria,mixed,unrestricted_bank,nymeria__only_joint_angles__gemma3_1b,gemma3_1b,only_joint_angles,51182,204728,1839552,81,28468,22714,0.45757199950458016,2.8042139993266435,2.8042139993266435,1001303406,2005441720,98786711488,1001252224,80.79177899981005,81.99066499946639
nymeria,mixed,separate_banks,nymeria__only_joint_angles__gemma3_1b,gemma3_1b,only_joint_angles,51182,204728,1839552,81,28468,22714,0.5700520005120779,2.9085630012849695,2.9085630012849695,1001303406,2005441720,98786711488,1001252224,80.79177899981005,82.08414599994285
nymeria,mixed,fixed_resampling,nymeria__only_joint_angles__gemma3_1b,gemma3_1b,only_joint_angles,51182,204728,1521600,81,28468,22714,0.5538329996852553,2.817824000005098,2.817824000005098,1001303406,2005441720,98786393536,1001252224,80.79177899981005,81.98848599931807
nymeria,mixed,finetune_encoders,nymeria__only_joint_angles__gemma3_1b,gemma3_1b,only_joint_angles,51182,204728,1839552,81,28468,22714,0.5651030005537905,2.9122450005451217,2.9122450005451217,1001303406,2005441720,98786711488,1001252224,80.79177899981005,82.0689960000891
nymeria,mixed,no_alignment,nymeria__only_joint_angles__gemma3_1b,gemma3_1b,only_joint_angles,51182,204728,1839552,81,28468,22714,0.5513529995369026,2.901304999824683,2.901304999824683,1001303406,2005441720,98786711488,1001252224,80.79177899981005,82.0840259993929
nymeria,mixed,no_usage,nymeria__only_joint_angles__gemma3_1b,gemma3_1b,only_joint_angles,51182,204728,1839552,81,28468,22714,0.5455130003610975,2.8832340003936086,2.8832340003936086,1001303406,2005441720,98786711488,1001252224,80.79177899981005,82.09976499892946
nymeria,mixed,tcn,nymeria__only_joint_angles__gemma3_1b,gemma3_1b,only_joint_angles,20710,82840,1268928,205452,20710,0,0.595542999690224,167.0293530000161,167.0293530000161,1001272934,2005319832,132730131136,1001252224,80.80922000044666,81.79986500090308
nymeria,mixed,ts_transformer,nymeria__only_joint_angles__gemma3_1b,gemma3_1b,only_joint_angles,33574,134296,2317504,205452,33574,0,0.6829740004832274,167.11668400095715,167.11668400095715,1001285798,2005371288,132731179712,1001252224,80.80922000044666,81.8948050009567
nymeria,mixed,patchtst,nymeria__only_joint_angles__gemma3_1b,gemma3_1b,only_joint_angles,31590,126360,25176384,205452,31590,0,0.7848639997973805,167.21969499978496,167.21969499978496,1001283814,2005363352,97398377792,1001252224,80.57326800008013,81.74805399994511
nymeria,cuda,distrixsense,nymeria__only_magnetometer__gemma3_1b,gemma3_1b,only_magnetometer,43700,174800,1676544,164,29556,14144,0.679762999425293,3.2775069997424957,5.813749000179278,1001295924,2005411792,112909512448,1001252224,80.81370000036259,82.99777100000938
nymeria,cuda,dense,nymeria__only_magnetometer__gemma3_1b,gemma3_1b,only_magnetometer,34788,139152,4918528,8648,27508,7280,0.5217120005909237,6.370854000447015,12.162216001078813,1001287012,2005376144,181025654528,1001252224,80.52677799969388,82.17919599974266
nymeria,cuda,dense_tokens,nymeria__only_magnetometer__gemma3_1b,gemma3_1b,only_magnetometer,39540,158160,1643776,2200,27508,12032,0.5113420002089697,3.883504999971483,7.204617999368347,1001291764,2005395152,112909479680,1001252224,80.81370000036259,82.64627900007326
nymeria,cuda,raw,nymeria__only_magnetometer__gemma3_1b,gemma3_1b,only_magnetometer,34788,139152,4918528,1048,34788,0,1.1008659994331538,3.6244060001224163,6.104946000806557,1001287012,2005376144,181025654528,1001252224,80.52677799969388,82.09022599930904
nymeria,cuda,early_fusion,nymeria__only_magnetometer__gemma3_1b,gemma3_1b,only_magnetometer,27844,111376,2012416,1048,27844,0,1.0341749994040583,3.5567459989722003,6.035716998513998,1001280068,2005348368,135559622400,1001252224,80.8184990000882,82.31644599982246
nymeria,cuda,late_fusion,nymeria__only_magnetometer__gemma3_1b,gemma3_1b,only_magnetometer,7940,31760,458240,176,0,7940,0.0928999997995561,2.6054209994503528,5.0349619989855094,999893892,1999803664,112864647168,999885952,80.81370000036259,81.98559599986766
nymeria,cuda,local_only,nymeria__only_magnetometer__gemma3_1b,gemma3_1b,only_magnetometer,7940,31760,458240,104,0,7940,0.1247609998245025,2.8165659998808055,5.236866999925917,999893892,1999803664,112864647168,999885952,80.81370000036259,82.01954600008321
nymeria,cuda,bottleneck,nymeria__only_magnetometer__gemma3_1b,gemma3_1b,only_magnetometer,35372,141488,4951296,1368,27828,7544,0.5796430004920694,3.543364000753197,6.462705000141845,1001287596,2005378480,181025687296,1001252224,80.52677799969388,82.24585699917952
nymeria,cuda,tokenlearner,nymeria__only_magnetometer__gemma3_1b,gemma3_1b,only_magnetometer,37428,149712,1611008,2200,27508,9920,0.5183429993849131,3.9120949995730188,7.222746999095543,1001289652,2005386704,112909446912,1001252224,80.81370000036259,82.64569899984053
nymeria,cuda,posthoc_vq,nymeria__only_magnetometer__gemma3_1b,gemma3_1b,only_magnetometer,40932,163728,5049600,392,29556,11376,0.6928430002517416,3.460796000387997,6.172958000729117,1001293156,2005400720,181025785600,1001252224,80.52677799969388,82.80226899933041
nymeria,cuda,joint_vq,nymeria__only_magnetometer__gemma3_1b,gemma3_1b,only_magnetometer,45684,182736,1676544,164,29556,16128,0.6943039998077438,3.442727999148797,6.13213100011145,1001297908,2005419728,112909512448,1001252224,80.81370000036259,83.22684300037508
nymeria,cuda,deepconvlstm,nymeria__only_magnetometer__gemma3_1b,gemma3_1b,only_magnetometer,33722,134888,2096000,1048,33722,0,0.6685529997412232,3.192082999626745,5.670753000078001,1001285946,2005371880,135559705984,1001252224,80.8184990000882,81.98156500111509
nymeria,cuda,unrestricted_bank,nymeria__only_magnetometer__gemma3_1b,gemma3_1b,only_magnetometer,45812,183248,1709312,164,29556,16256,0.5428030008260976,3.1356870006985496,5.664480000330705,1001298036,2005420240,112909545216,1001252224,80.81370000036259,82.76440000099683
nymeria,cuda,separate_banks,nymeria__only_magnetometer__gemma3_1b,gemma3_1b,only_magnetometer,43700,174800,1676544,164,29556,14144,0.6965129996387986,3.292557000653783,5.820900001406891,1001295924,2005411792,112909512448,1001252224,80.81370000036259,82.91050999923755
nymeria,cuda,fixed_resampling,nymeria__only_magnetometer__gemma3_1b,gemma3_1b,only_magnetometer,43700,174800,1674240,164,29556,14144,0.6782830005249707,3.2344250006045563,5.7357780002968966,1001295924,2005411792,112909510144,1001252224,80.81370000036259,82.81668999916292
nymeria,cuda,finetune_encoders,nymeria__only_magnetometer__gemma3_1b,gemma3_1b,only_magnetometer,43700,174800,1676544,164,29556,14144,0.6739139998899191,3.275475999848009,5.8043489995436275,1001295924,2005411792,112909512448,1001252224,80.81370000036259,82.89882100052637
nymeria,cuda,no_alignment,nymeria__only_magnetometer__gemma3_1b,gemma3_1b,only_magnetometer,43700,174800,1676544,164,29556,14144,0.6899440004417556,3.2821360003564273,5.819688000581856,1001295924,2005411792,112909512448,1001252224,80.81370000036259,82.89701000012428
nymeria,cuda,no_usage,nymeria__only_magnetometer__gemma3_1b,gemma3_1b,only_magnetometer,43700,174800,1676544,164,29556,14144,0.6762329994671745,3.2648160007139317,5.79594800062133,1001295924,2005411792,112909512448,1001252224,80.81370000036259,82.88684000126523
nymeria,cuda,tcn,nymeria__only_magnetometer__gemma3_1b,gemma3_1b,only_magnetometer,13700,54800,826368,1048,13700,0,0.7975739999892539,3.3260350000234205,5.806404999776895,1001265924,2005291792,135558436352,1001252224,80.8184990000882,82.1924060001038
nymeria,cuda,ts_transformer,nymeria__only_magnetometer__gemma3_1b,gemma3_1b,only_magnetometer,26564,106256,1874944,1048,26564,0,0.8886339992386638,3.416215999018913,5.896335999597248,1001278788,2005343248,135559484928,1001252224,80.8184990000882,82.19118600027286
nymeria,cuda,patchtst,nymeria__only_magnetometer__gemma3_1b,gemma3_1b,only_magnetometer,26564,106256,2168704,1048,26564,0,0.978314999883878,3.500955000996054,5.978435999924294,1001278788,2005343248,100193468288,1001252224,80.72033899952658,82.17149599931872
nymeria,mixed,distrixsense,nymeria__only_magnetometer__gemma3_1b,gemma3_1b,only_magnetometer,43700,174800,1676544,164,29556,14144,0.6878330004838062,3.0231740004947874,5.305334999928355,1001295924,2005411792,112909512448,1001252224,80.81370000036259,82.54988900080207
nymeria,mixed,dense,nymeria__only_magnetometer__gemma3_1b,gemma3_1b,only_magnetometer,34788,139152,4918528,8648,27508,7280,0.5365029992390191,6.19471399873395,11.806513999280904,1001287012,2005376144,181025654528,1001252224,80.52677799969388,81.93080499950156
nymeria,mixed,dense_tokens,nymeria__only_magnetometer__gemma3_1b,gemma3_1b,only_magnetometer,39540,158160,1643776,2200,27508,12032,0.5148620002728421,3.651855000493815,6.7381460003068785,1001291764,2005395152,112909479680,1001252224,80.81370000036259,82.309167000858
nymeria,mixed,raw,nymeria__only_magnetometer__gemma3_1b,gemma3_1b,only_magnetometer,34788,139152,4918528,1048,34788,0,1.1210359998585773,3.5915159987013787,6.019385997962125,1001287012,2005376144,181025654528,1001252224,80.52677799969388,82.01338600065355
nymeria,mixed,early_fusion,nymeria__only_magnetometer__gemma3_1b,gemma3_1b,only_magnetometer,27844,111376,2012416,1048,27844,0,1.0367150007368764,3.508955001885351,5.936866001167253,1001280068,2005348368,135559622400,1001252224,80.8184990000882,82.24043600057485
nymeria,mixed,late_fusion,nymeria__only_magnetometer__gemma3_1b,gemma3_1b,only_magnetometer,7940,31760,458240,176,0,7940,0.09426099950360367,2.381631999148731,4.619362998978304,999893892,1999803664,112864647168,999885952,80.81370000036259,81.69179400010762
nymeria,mixed,local_only,nymeria__only_magnetometer__gemma3_1b,gemma3_1b,only_magnetometer,7940,31760,458240,104,0,7940,0.12326100022619357,2.388141999533656,4.60276299921585,999893892,1999803664,112864647168,999885952,80.81370000036259,81.78757600035169
nymeria,mixed,bottleneck,nymeria__only_magnetometer__gemma3_1b,gemma3_1b,only_magnetometer,35372,141488,4951296,1368,27828,7544,0.5457430006572395,3.3131340008103756,6.034675001084956,1001287596,2005378480,181025687296,1001252224,80.52677799969388,82.00402600050438
nymeria,mixed,tokenlearner,nymeria__only_magnetometer__gemma3_1b,gemma3_1b,only_magnetometer,37428,149712,1611008,2200,27508,9920,0.5216230001678923,3.6490640004511805,6.732474999798578,1001289652,2005386704,112909446912,1001252224,80.81370000036259,82.29471899994678
nymeria,mixed,posthoc_vq,nymeria__only_magnetometer__gemma3_1b,gemma3_1b,only_magnetometer,40932,163728,5049600,392,29556,11376,0.6988929999351967,3.1770540006503114,5.593435000786989,1001293156,2005400720,181025785600,1001252224,80.52677799969388,82.38368700040155
nymeria,mixed,joint_vq,nymeria__only_magnetometer__gemma3_1b,gemma3_1b,only_magnetometer,45684,182736,1676544,164,29556,16128,0.6890639997436665,3.105866000018164,5.462318000052811,1001297908,2005419728,112909512448,1001252224,80.81370000036259,82.70264900056645
nymeria,mixed,deepconvlstm,nymeria__only_magnetometer__gemma3_1b,gemma3_1b,only_magnetometer,33722,134888,2096000,1048,33722,0,0.6884929998705047,3.1640029991792282,5.592142999222595,1001285946,2005371880,135559705984,1001252224,80.8184990000882,81.98799499859888
nymeria,mixed,unrestricted_bank,nymeria__only_magnetometer__gemma3_1b,gemma3_1b,only_magnetometer,45812,183248,1709312,164,29556,16256,0.5494320002981112,2.896913000162481,5.181653999596357,1001298036,2005420240,112909545216,1001252224,80.81370000036259,82.42472900019493
nymeria,mixed,separate_banks,nymeria__only_magnetometer__gemma3_1b,gemma3_1b,only_magnetometer,43700,174800,1676544,164,29556,14144,0.7123730001694639,3.0490239999690907,5.3309749998045035,1001295924,2005411792,112909512448,1001252224,80.81370000036259,82.58548900084861
nymeria,mixed,fixed_resampling,nymeria__only_magnetometer__gemma3_1b,gemma3_1b,only_magnetometer,43700,174800,1674240,164,29556,14144,0.6869239996376564,2.956753999873495,5.171304999447067,1001295924,2005411792,112909510144,1001252224,80.81370000036259,82.39940700059378
nymeria,mixed,finetune_encoders,nymeria__only_magnetometer__gemma3_1b,gemma3_1b,only_magnetometer,43700,174800,1676544,164,29556,14144,0.6929230003152043,3.0362240007290033,5.318195001262403,1001295924,2005411792,112909512448,1001252224,80.81370000036259,82.55818900033773
nymeria,mixed,no_alignment,nymeria__only_magnetometer__gemma3_1b,gemma3_1b,only_magnetometer,43700,174800,1676544,164,29556,14144,0.682142999721691,3.0210340003887772,5.302705000456818,1001295924,2005411792,112909512448,1001252224,80.81370000036259,82.56046900078218
nymeria,mixed,no_usage,nymeria__only_magnetometer__gemma3_1b,gemma3_1b,only_magnetometer,43700,174800,1676544,164,29556,14144,0.701444000696938,3.0433750010471208,5.327845999698376,1001295924,2005411792,112909512448,1001252224,80.81370000036259,82.62442900104361
nymeria,mixed,tcn,nymeria__only_magnetometer__gemma3_1b,gemma3_1b,only_magnetometer,13700,54800,826368,1048,13700,0,0.8558050003557582,3.3264450011444744,5.754205001568515,1001265924,2005291792,135558436352,1001252224,80.8184990000882,82.03084500019031
nymeria,mixed,ts_transformer,nymeria__only_magnetometer__gemma3_1b,gemma3_1b,only_magnetometer,26564,106256,1874944,1048,26564,0,0.9322650003014132,3.4022250000959495,5.830025000096974,1001278788,2005343248,135559484928,1001252224,80.8184990000882,82.12453499982075
nymeria,mixed,patchtst,nymeria__only_magnetometer__gemma3_1b,gemma3_1b,only_magnetometer,26564,106256,2168704,1048,26564,0,0.970584999777202,3.441144999592961,5.869006000313128,1001278788,2005343248,100193468288,1001252224,80.72033899952658,82.08375599951978
nymeria,cuda,distrixsense,nymeria__only_pointcloud__gemma3_1b,gemma3_1b,only_pointcloud,37160,148640,949440,81,28468,8692,0.5546630000026198,3.046194000518776,3.046194000518776,1001289384,2005385632,98785821376,1001252224,80.79177899981005,82.11872599986236
nymeria,cuda,dense,nymeria__only_pointcloud__gemma3_1b,gemma3_1b,only_pointcloud,32704,130816,2324672,4324,27444,5260,0.47102300050028134,6.209524000364344,6.209524000364344,1001284928,2005367808,132731186880,1001252224,80.80922000044666,82.03213599972514
nymeria,cuda,dense_tokens,nymeria__only_pointcloud__gemma3_1b,gemma3_1b,only_pointcloud,35080,140320,933056,1100,27444,7636,0.4489419998208177,3.730184998853365,3.730184998853365,1001287304,2005377312,98785804992,1001252224,80.79177899981005,81.96439399944211
nymeria,cuda,raw,nymeria__only_pointcloud__gemma3_1b,gemma3_1b,only_pointcloud,32704,130816,2324672,96,32704,0,0.6985130003158702,2.8590130000931793,2.8590130000931793,1001284928,2005367808,132731186880,1001252224,80.80922000044666,81.91396500023984
nymeria,cuda,early_fusion,nymeria__only_pointcloud__gemma3_1b,gemma3_1b,only_pointcloud,28096,112384,2031808,96,28096,0,0.7391440003630123,2.907024999845086,2.907024999845086,1001280320,2005349376,132730894016,1001252224,80.80922000044666,81.94215600087773
nymeria,cuda,late_fusion,nymeria__only_pointcloud__gemma3_1b,gemma3_1b,only_pointcloud,5590,22360,331648,88,0,5590,0.07472099969163537,2.444152000086824,2.444152000086824,999891542,1999794264,110042588544,999885952,80.76161900044099,81.42352300001221
nymeria,cuda,local_only,nymeria__only_pointcloud__gemma3_1b,gemma3_1b,only_pointcloud,5590,22360,331648,52,0,5590,0.09940000018104911,2.4496420003447215,2.4496420003447215,999891542,1999794264,110042588544,999885952,80.76161900044099,81.46824300001754
nymeria,cuda,bottleneck,nymeria__only_pointcloud__gemma3_1b,gemma3_1b,only_pointcloud,32996,131984,2341056,684,27604,5392,0.4771530002471991,3.3407650000945317,3.3407650000945317,1001285220,2005368976,132731203264,1001252224,80.80922000044666,81.98211699982494
nymeria,cuda,tokenlearner,nymeria__only_pointcloud__gemma3_1b,gemma3_1b,only_pointcloud,34024,136096,916672,1100,27444,6580,0.4502519996094634,3.731503999911074,3.731503999911074,1001286248,2005373088,98785788608,1001252224,80.79177899981005,81.95944500039332
nymeria,cuda,posthoc_vq,nymeria__only_pointcloud__gemma3_1b,gemma3_1b,only_pointcloud,34752,139008,2390208,192,28468,6284,0.5675820002579712,3.4915560004977975,3.4915560004977975,1001286976,2005376000,132731252416,1001252224,80.80922000044666,82.27803800036781
nymeria,cuda,joint_vq,nymeria__only_pointcloud__gemma3_1b,gemma3_1b,only_pointcloud,37128,148512,949440,81,28468,8660,0.5465029998958926,3.1884459995416226,3.1884459995416226,1001289352,2005385504,98785821376,1001252224,80.79177899981005,82.2839570000724
nymeria,cuda,deepconvlstm,nymeria__only_pointcloud__gemma3_1b,gemma3_1b,only_pointcloud,34838,139352,2166656,96,34838,0,0.5856929992660298,2.7465239996356074,2.7465239996356074,1001287062,2005376344,132731028864,1001252224,80.80922000044666,81.58548400115251
nymeria,cuda,unrestricted_bank,nymeria__only_pointcloud__gemma3_1b,gemma3_1b,only_pointcloud,37160,148640,949440,81,28468,8692,0.4636229996322072,2.9551460002329666,2.9551460002329666,1001289384,2005385632,98785821376,1001252224,80.79177899981005,82.04040500095289
nymeria,cuda,separate_banks,nymeria__only_pointcloud__gemma3_1b,gemma3_1b,only_pointcloud,37160,148640,949440,81,28468,8692,0.5614430001514847,3.0433750007722526,3.0433750007722526,1001289384,2005385632,98785821376,1001252224,80.79177899981005,82.11677600047551
nymeria,cuda,fixed_resampling,nymeria__only_pointcloud__gemma3_1b,gemma3_1b,only_pointcloud,37160,148640,937920,81,28468,8692,0.5429319999166182,3.005173998673749,3.005173998673749,1001289384,2005385632,98785809856,1001252224,80.79177899981005,82.06799500021589
nymeria,cuda,finetune_encoders,nymeria__only_pointcloud__gemma3_1b,gemma3_1b,only_pointcloud,37160,148640,949440,81,28468,8692,0.5574529996010824,3.0439459997359197,3.0439459997359197,1001289384,2005385632,98785821376,1001252224,80.79177899981005,82.12175599965121
nymeria,cuda,no_alignment,nymeria__only_pointcloud__gemma3_1b,gemma3_1b,only_pointcloud,37160,148640,949440,81,28468,8692,0.8175240000127815,3.2965970004005474,3.2965970004005474,1001289384,2005385632,98785821376,1001252224,80.79177899981005,82.11986500009516
nymeria,cuda,no_usage,nymeria__only_pointcloud__gemma3_1b,gemma3_1b,only_pointcloud,37160,148640,949440,81,28468,8692,0.5466929997055558,3.0249449992260313,3.0249449992260313,1001289384,2005385632,98785821376,1001252224,80.79177899981005,82.13125500060414
nymeria,cuda,tcn,nymeria__only_pointcloud__gemma3_1b,gemma3_1b,only_pointcloud,13984,55936,845760,96,13984,0,0.5242619999989984,2.685952000834001,2.685952000834001,1001266208,2005292928,132729707968,1001252224,80.80922000044666,81.70812400112482
nymeria,cuda,ts_transformer,nymeria__only_pointcloud__gemma3_1b,gemma3_1b,only_pointcloud,26848,107392,1894336,96,26848,0,0.5998629994792282,2.764113999151229,2.764113999151229,1001279072,2005344384,132730756544,1001252224,80.80922000044666,81.79850500073371
nymeria,cuda,patchtst,nymeria__only_pointcloud__gemma3_1b,gemma3_1b,only_pointcloud,26688,106752,4339008,96,26688,0,0.7069740004226333,2.875984000243258,2.875984000243258,1001278912,2005343744,97377540416,1001252224,80.57326800008013,81.62574299967673
nymeria,mixed,distrixsense,nymeria__only_pointcloud__gemma3_1b,gemma3_1b,only_pointcloud,37160,148640,949440,81,28468,8692,0.5606929998975829,2.846243998675968,2.846243998675968,1001289384,2005385632,98785821376,1001252224,80.79177899981005,81.99977500044042
nymeria,mixed,dense,nymeria__only_pointcloud__gemma3_1b,gemma3_1b,only_pointcloud,32704,130816,2324672,4324,27444,5260,0.4816820000996813,6.095391999547009,6.095391999547009,1001284928,2005367808,132731186880,1001252224,80.80922000044666,81.87787499991828
nymeria,mixed,dense_tokens,nymeria__only_pointcloud__gemma3_1b,gemma3_1b,only_pointcloud,35080,140320,933056,1100,27444,7636,0.45109199982107384,3.537503998809261,3.537503998809261,1001287304,2005377312,98785804992,1001252224,80.79177899981005,81.8708639990291
nymeria,mixed,raw,nymeria__only_pointcloud__gemma3_1b,gemma3_1b,only_pointcloud,32704,130816,2324672,96,32704,0,0.7159639999372303,2.8256040000680485,2.8256040000680485,1001284928,2005367808,132731186880,1001252224,80.80922000044666,81.86341599957814
nymeria,mixed,early_fusion,nymeria__only_pointcloud__gemma3_1b,gemma3_1b,only_pointcloud,28096,112384,2031808,96,28096,0,0.742113000342215,2.854393000748311,2.854393000748311,1001280320,2005349376,132730894016,1001252224,80.80922000044666,81.91412600081094
nymeria,mixed,late_fusion,nymeria__only_pointcloud__gemma3_1b,gemma3_1b,only_pointcloud,5590,22360,331648,88,0,5590,0.07769000058033271,2.3144710013615897,2.3144710013615897,999891542,1999794264,110042588544,999885952,80.76161900044099,81.3519820012516
nymeria,mixed,local_only,nymeria__only_pointcloud__gemma3_1b,gemma3_1b,only_pointcloud,5590,22360,331648,52,0,5590,0.09217100068781292,2.303671999713953,2.303671999713953,999891542,1999794264,110042588544,999885952,80.76161900044099,81.39357199979713
nymeria,mixed,bottleneck,nymeria__only_pointcloud__gemma3_1b,gemma3_1b,only_pointcloud,32996,131984,2341056,684,27604,5392,0.47495200033154106,3.2003230010295987,3.2003230010295987,1001285220,2005368976,132731203264,1001252224,80.80922000044666,82.01001600082236
nymeria,mixed,tokenlearner,nymeria__only_pointcloud__gemma3_1b,gemma3_1b,only_pointcloud,34024,136096,916672,1100,27444,6580,0.5076119996374473,3.6808240001800003,3.6808240001800003,1001286248,2005373088,98785788608,1001252224,80.79177899981005,81.93939499960834
nymeria,mixed,posthoc_vq,nymeria__only_pointcloud__gemma3_1b,gemma3_1b,only_pointcloud,34752,139008,2390208,192,28468,6284,0.5705129997295444,2.9934139998462284,2.9934139998462284,1001286976,2005376000,132731252416,1001252224,80.80922000044666,82.11442599986185
nymeria,mixed,joint_vq,nymeria__only_pointcloud__gemma3_1b,gemma3_1b,only_pointcloud,37128,148512,949440,81,28468,8660,0.568202999602363,2.928214999912493,2.928214999912493,1001289352,2005385504,98785821376,1001252224,80.79177899981005,82.08282500072528
nymeria,mixed,deepconvlstm,nymeria__only_pointcloud__gemma3_1b,gemma3_1b,only_pointcloud,34838,139352,2166656,96,34838,0,0.38519200006703613,2.5002419993736082,2.5002419993736082,1001287062,2005376344,132731028864,1001252224,80.80922000044666,81.54839300095773
nymeria,mixed,unrestricted_bank,nymeria__only_pointcloud__gemma3_1b,gemma3_1b,only_pointcloud,37160,148640,949440,81,28468,8692,0.46685300003446173,2.7562340001458185,2.7562340001458185,1001289384,2005385632,98785821376,1001252224,80.79177899981005,81.93886599929101
nymeria,mixed,separate_banks,nymeria__only_pointcloud__gemma3_1b,gemma3_1b,only_pointcloud,37160,148640,949440,81,28468,8692,0.5648730002576485,2.8478540007489617,2.8478540007489617,1001289384,2005385632,98785821376,1001252224,80.79177899981005,82.02112399976613
nymeria,mixed,fixed_resampling,nymeria__only_pointcloud__gemma3_1b,gemma3_1b,only_pointcloud,37160,148640,937920,81,28468,8692,0.5552229995373636,2.7837149991972954,2.7837149991972954,1001289384,2005385632,98785809856,1001252224,80.79177899981005,81.92710599905695
nymeria,mixed,finetune_encoders,nymeria__only_pointcloud__gemma3_1b,gemma3_1b,only_pointcloud,37160,148640,949440,81,28468,8692,0.5484720004460542,2.84243300123479,2.84243300123479,1001289384,2005385632,98785821376,1001252224,80.79177899981005,82.01120500052639
nymeria,mixed,no_alignment,nymeria__only_pointcloud__gemma3_1b,gemma3_1b,only_pointcloud,37160,148640,949440,81,28468,8692,0.7648139999218984,3.055415000773687,3.055415000773687,1001289384,2005385632,98785821376,1001252224,80.79177899981005,82.0056749998912
nymeria,mixed,no_usage,nymeria__only_pointcloud__gemma3_1b,gemma3_1b,only_pointcloud,37160,148640,949440,81,28468,8692,0.5489429995577666,2.8337439999012393,2.8337439999012393,1001289384,2005385632,98785821376,1001252224,80.79177899981005,82.01700500012521
nymeria,mixed,tcn,nymeria__only_pointcloud__gemma3_1b,gemma3_1b,only_pointcloud,13984,55936,845760,96,13984,0,0.5110030006107991,2.6203130015030154,2.6203130015030154,1001266208,2005292928,132729707968,1001252224,80.80922000044666,81.68505400135473
nymeria,mixed,ts_transformer,nymeria__only_pointcloud__gemma3_1b,gemma3_1b,only_pointcloud,26848,107392,1894336,96,26848,0,0.6054530003893888,2.714422999420273,2.714422999420273,1001279072,2005344384,132730756544,1001252224,80.80922000044666,81.76365500094107
nymeria,mixed,patchtst,nymeria__only_pointcloud__gemma3_1b,gemma3_1b,only_pointcloud,26688,106752,4339008,96,26688,0,0.685033000081603,2.793802999408578,2.793802999408578,1001278912,2005343744,97377540416,1001252224,80.57326800008013,81.59327300108998
nymeria,cuda,distrixsense,nymeria__only_rgb__gemma3_1b,gemma3_1b,only_rgb,332180,1328720,20755584,332,31732,300448,0.9155050001936615,3.586868000308028,11.243164000502752,1001584404,2006565712,141238417024,1001252224,80.81031900019298,84.31414700044115
nymeria,cuda,dense,nymeria__only_rgb__gemma3_1b,gemma3_1b,only_rgb,314356,1257424,29205632,17296,27636,286720,0.6460029999288963,6.545024998881435,23.973147998202837,1001566580,2006494416,278372345472,1001252224,80.69227899977705,83.27671200004261
nymeria,cuda,dense_tokens,nymeria__only_rgb__gemma3_1b,gemma3_1b,only_rgb,323860,1295440,20690048,4400,27636,296224,0.6405430003724177,4.075336000819225,14.117763997982838,1001576084,2006532432,141238351488,1001252224,80.81031900019298,83.8354839997919
nymeria,cuda,raw,nymeria__only_rgb__gemma3_1b,gemma3_1b,only_rgb,314356,1257424,29205632,188928,314356,0,1.7782189997888054,60.64284999854269,161.31224099824914,1001566580,2006494416,278372345472,1001252224,80.69227899977705,83.14187099858827
nymeria,cuda,early_fusion,nymeria__only_rgb__gemma3_1b,gemma3_1b,only_rgb,203668,814672,13159552,188928,203668,0,1.5279380004358245,60.3977179997614,161.07352900069537,1001455892,2006051664,141230820992,1001252224,80.81031900019298,82.98047099924588
nymeria,cuda,late_fusion,nymeria__only_rgb__gemma3_1b,gemma3_1b,only_rgb,288040,1152160,18237952,352,0,288040,0.12563099971885094,2.6642130007052676,10.016240999529801,1000173992,2000924064,118528846848,999885952,81.30281200010359,83.36612200128002
nymeria,cuda,local_only,nymeria__only_rgb__gemma3_1b,gemma3_1b,only_rgb,288040,1152160,18237952,208,0,288040,0.18009000086749438,2.709072000714042,10.005528000028722,1000173992,2000924064,118528846848,999885952,81.30281200010359,83.45438400010607
nymeria,cuda,bottleneck,nymeria__only_rgb__gemma3_1b,gemma3_1b,only_rgb,315524,1262096,29271168,2736,28276,287248,0.6979839999985415,3.719328000689554,12.52388400106075,1001567748,2006499088,278372411008,1001252224,80.69227899977705,83.46754200010764
nymeria,cuda,tokenlearner,nymeria__only_rgb__gemma3_1b,gemma3_1b,only_rgb,319636,1278544,20624512,4400,27636,292000,0.640733000182081,4.066474999485654,14.078110999416385,1001571860,2006515536,141238285952,1001252224,80.81031900019298,83.80689400019037
nymeria,cuda,posthoc_vq,nymeria__only_rgb__gemma3_1b,gemma3_1b,only_rgb,334836,1339344,29467776,800,31732,303104,0.9364349998577381,3.7715999997055043,11.958046002277698,1001587060,2006576336,278372607616,1001252224,80.69227899977705,84.54628799972852
nymeria,cuda,joint_vq,nymeria__only_rgb__gemma3_1b,gemma3_1b,only_rgb,344340,1377360,20755584,332,31732,312608,0.9213949997501913,3.934879999757255,12.095770999208348,1001596564,2006614352,141238417024,1001252224,80.81031900019298,84.97973999965325
nymeria,cuda,deepconvlstm,nymeria__only_rgb__gemma3_1b,gemma3_1b,only_rgb,306890,1227560,19481216,188928,306890,0,1.11623500015412,59.97476500021864,160.6414059999036,1001559114,2006464552,141237142656,1001252224,80.81031900019298,82.62824900066335
nymeria,cuda,unrestricted_bank,nymeria__only_rgb__gemma3_1b,gemma3_1b,only_rgb,344852,1379408,20952192,332,31732,313120,0.6705730002067867,3.330437000510143,10.978474001190357,1001597076,2006616400,141238613632,1001252224,80.81031900019298,84.09849500094424
nymeria,cuda,separate_banks,nymeria__only_rgb__gemma3_1b,gemma3_1b,only_rgb,332180,1328720,20755584,332,31732,300448,0.9860350000963081,3.6466069992787435,11.304712997612391,1001584404,2006565712,141238417024,1001252224,80.81031900019298,84.34065799974633
nymeria,cuda,fixed_resampling,nymeria__only_rgb__gemma3_1b,gemma3_1b,only_rgb,332180,1328720,11170944,332,31732,300448,0.9221649997925851,3.541547998462489,11.090755997015826,1001584404,2006565712,141228832384,1001252224,80.81031900019298,84.1968659997292
nymeria,cuda,finetune_encoders,nymeria__only_rgb__gemma3_1b,gemma3_1b,only_rgb,332180,1328720,20755584,332,31732,300448,0.9375649997309665,3.6044790000563136,11.279856998540076,1001584404,2006565712,141238417024,1001252224,80.81031900019298,84.31961699989188
nymeria,cuda,no_alignment,nymeria__only_rgb__gemma3_1b,gemma3_1b,only_rgb,332180,1328720,20755584,332,31732,300448,0.9273050000047078,3.5881980007946606,11.24943500012278,1001584404,2006565712,141238417024,1001252224,80.81031900019298,84.31842699974368
nymeria,cuda,no_usage,nymeria__only_rgb__gemma3_1b,gemma3_1b,only_rgb,332180,1328720,20755584,332,31732,300448,0.9373250004500733,3.6134080006707574,11.285997001819219,1001584404,2006565712,141238417024,1001252224,80.81031900019298,84.34021699940786
nymeria,cuda,tcn,nymeria__only_rgb__gemma3_1b,gemma3_1b,only_rgb,189460,757840,11973504,188928,189460,0,1.228236000315519,60.08411699974519,160.75191699854196,1001441684,2005994832,141229634944,1001252224,80.81031900019298,82.74603899917565
nymeria,cuda,ts_transformer,nymeria__only_rgb__gemma3_1b,gemma3_1b,only_rgb,202324,809296,13022080,188928,202324,0,1.3234559992270079,60.18030699840298,160.85731799756041,1001454548,2006046288,141230683520,1001252224,80.81031900019298,82.89817000058974
nymeria,cuda,patchtst,nymeria__only_rgb__gemma3_1b,gemma3_1b,only_rgb,177876,711504,286217472,188928,177876,0,1.4495470004476374,60.31659900133806,160.9857900013406,1001430100,2005948496,106116269312,1001252224,81.3206419998096,83.42061299936177
nymeria,mixed,distrixsense,nymeria__only_rgb__gemma3_1b,gemma3_1b,only_rgb,332180,1328720,20755584,332,31732,300448,0.925784000173735,3.3541850003860656,10.288619999796815,1001584404,2006565712,141238417024,1001252224,80.81031900019298,83.60493200052588
nymeria,mixed,dense,nymeria__only_rgb__gemma3_1b,gemma3_1b,only_rgb,314356,1257424,29205632,17296,27636,286720,0.6640430001425557,6.411785000050021,23.37951900009917,1001566580,2006494416,278372345472,1001252224,80.69227899977705,82.85809999961202
nymeria,mixed,dense_tokens,nymeria__only_rgb__gemma3_1b,gemma3_1b,only_rgb,323860,1295440,20690048,4400,27636,296224,0.6540630001836689,3.858654001301038,13.202048002294323,1001576084,2006532432,141238351488,1001252224,80.81031900019298,83.14535000044998
nymeria,mixed,raw,nymeria__only_rgb__gemma3_1b,gemma3_1b,only_rgb,314356,1257424,29205632,188928,314356,0,1.7780089992811554,60.58144899895839,161.08687899866646,1001566580,2006494416,278372345472,1001252224,80.69227899977705,82.96234999943408
nymeria,mixed,early_fusion,nymeria__only_rgb__gemma3_1b,gemma3_1b,only_rgb,203668,814672,13159552,188928,203668,0,1.488418000008096,60.28165899885923,160.78655999824997,1001455892,2006051664,141230820992,1001252224,80.81031900019298,82.80402899981709
nymeria,mixed,late_fusion,nymeria__only_rgb__gemma3_1b,gemma3_1b,only_rgb,288040,1152160,18237952,352,0,288040,0.13271100033307448,2.4848620006627518,9.276015001514425,1000173992,2000924064,118528846848,999885952,81.30281200010359,82.8436089996103
nymeria,mixed,local_only,nymeria__only_rgb__gemma3_1b,gemma3_1b,only_rgb,288040,1152160,18237952,208,0,288040,0.18065099993691547,2.50932299992881,9.231996000444202,1000173992,2000924064,118528846848,999885952,81.30281200010359,82.94342000044708
nymeria,mixed,bottleneck,nymeria__only_rgb__gemma3_1b,gemma3_1b,only_rgb,315524,1262096,29271168,2736,28276,287248,0.7016539993855986,3.5946849996171544,11.850227998442378,1001567748,2006499088,278372411008,1001252224,80.69227899977705,82.94027099964296
nymeria,mixed,tokenlearner,nymeria__only_rgb__gemma3_1b,gemma3_1b,only_rgb,319636,1278544,20624512,4400,27636,292000,0.6928039992999402,3.915724999383092,13.237228999041253,1001571860,2006515536,141238285952,1001252224,80.81031900019298,83.11981200040464
nymeria,mixed,posthoc_vq,nymeria__only_rgb__gemma3_1b,gemma3_1b,only_rgb,334836,1339344,29467776,800,31732,303104,0.9574149999025394,3.5028570000542096,10.839282001129178,1001587060,2006576336,278372607616,1001252224,80.69227899977705,83.744784999908
nymeria,mixed,joint_vq,nymeria__only_rgb__gemma3_1b,gemma3_1b,only_rgb,344340,1377360,20755584,332,31732,312608,1.1373160004950478,3.7050790011893024,11.101054999512876,1001596564,2006614352,141238417024,1001252224,80.81031900019298,83.93590500054415
nymeria,mixed,deepconvlstm,nymeria__only_rgb__gemma3_1b,gemma3_1b,only_rgb,306890,1227560,19481216,188928,306890,0,1.124985999922501,59.92063599921809,160.42656600000493,1001559114,2006464552,141237142656,1001252224,80.81031900019298,82.68031799980236
nymeria,mixed,unrestricted_bank,nymeria__only_rgb__gemma3_1b,gemma3_1b,only_rgb,344852,1379408,20952192,332,31732,313120,0.6809639999119099,3.0874349992121335,10.015448000144993,1001597076,2006616400,141238613632,1001252224,80.81031900019298,83.34631200068543
nymeria,mixed,separate_banks,nymeria__only_rgb__gemma3_1b,gemma3_1b,only_rgb,332180,1328720,20755584,332,31732,300448,0.9834250004132628,3.3979670012161716,10.329220001536036,1001584404,2006565712,141238417024,1001252224,80.81031900019298,83.61773300021014
nymeria,mixed,fixed_resampling,nymeria__only_rgb__gemma3_1b,gemma3_1b,only_rgb,332180,1328720,11170944,332,31732,300448,0.9735550002005766,3.3057749993862,9.98745599876684,1001584404,2006565712,141228832384,1001252224,80.81031900019298,83.20687099967472
nymeria,mixed,finetune_encoders,nymeria__only_rgb__gemma3_1b,gemma3_1b,only_rgb,332180,1328720,20755584,332,31732,300448,0.9310239993283176,3.335525999897369,10.260349999539635,1001584404,2006565712,141238417024,1001252224,80.81031900019298,83.60609200099134
nymeria,mixed,no_alignment,nymeria__only_rgb__gemma3_1b,gemma3_1b,only_rgb,332180,1328720,20755584,332,31732,300448,0.9375949994137045,3.350337999687623,10.288781000367912,1001584404,2006565712,141238417024,1001252224,80.81031900019298,83.58087400029035
nymeria,mixed,no_usage,nymeria__only_rgb__gemma3_1b,gemma3_1b,only_rgb,332180,1328720,20755584,332,31732,300448,0.9373650000270572,3.3495760004701207,10.279919999943836,1001584404,2006565712,141238417024,1001252224,80.81031900019298,83.58241300084046
nymeria,mixed,tcn,nymeria__only_rgb__gemma3_1b,gemma3_1b,only_rgb,189460,757840,11973504,188928,189460,0,1.2355660001048818,60.0355860004797,160.54136599921486,1001441684,2005994832,141229634944,1001252224,80.81031900019298,82.57414699983201
nymeria,mixed,ts_transformer,nymeria__only_rgb__gemma3_1b,gemma3_1b,only_rgb,202324,809296,13022080,188928,202324,0,1.3201559995650314,60.11596699943172,160.62251700002827,1001454548,2006046288,141230683520,1001252224,80.81031900019298,82.65451799979928
nymeria,mixed,patchtst,nymeria__only_rgb__gemma3_1b,gemma3_1b,only_rgb,177876,711504,286217472,188928,177876,0,1.4117470000201138,60.207678000436744,160.71420900077948,1001430100,2005948496,106116269312,1001252224,81.3206419998096,83.39473299929523
nymeria,cuda,distrixsense,nymeria__only_slam__gemma3_1b,gemma3_1b,only_slam,205876,823504,14525824,672,36084,169792,1.385126999593922,4.738833999294997,13.833765999425284,1001458100,2006060496,198107428736,1001252224,82.01084499978606,87.78590499969141
nymeria,cuda,dense,nymeria__only_slam__gemma3_1b,gemma3_1b,only_slam,170228,680912,39290240,34592,27892,142336,0.8926549999159761,10.654428999403061,39.38074800010319,1001422452,2005917904,475981862784,1001252224,80.95993999995699,85.27420299924415
nymeria,cuda,dense_tokens,nymeria__only_slam__gemma3_1b,gemma3_1b,only_slam,189236,756944,14394752,8800,27892,161344,1.093464999939897,5.862829001159989,19.654524001226527,1001441460,2005993936,198107297664,1001252224,82.01084499978606,86.84639999955834
nymeria,cuda,raw,nymeria__only_slam__gemma3_1b,gemma3_1b,only_slam,170228,680912,39290240,159152,170228,0,3.0490649996863795,43.545725999089285,139.0314369994055,1001422452,2005917904,475981862784,1001252224,80.95993999995699,84.94055099981779
nymeria,cuda,early_fusion,nymeria__only_slam__gemma3_1b,gemma3_1b,only_slam,79892,319568,5254528,159152,79892,0,2.3028809991956223,42.80838299832462,138.3001049973725,1001332116,2005556560,152553242496,1001252224,81.23833100034972,84.49969699995563
nymeria,cuda,late_fusion,nymeria__only_slam__gemma3_1b,gemma3_1b,only_slam,144976,579904,9016320,704,0,144976,0.195491000340553,3.238636000553798,11.763836000656232,1000030928,2000351808,129822688768,999885952,81.62330399954953,85.19628299927717
nymeria,cuda,local_only,nymeria__only_slam__gemma3_1b,gemma3_1b,only_slam,144976,579904,9016320,416,0,144976,0.2929519996541785,3.260507000034489,11.63238699967392,1000030928,2000351808,129822688768,999885952,81.62330399954953,85.36791299957258
nymeria,cuda,bottleneck,nymeria__only_slam__gemma3_1b,gemma3_1b,only_slam,172564,690256,39421312,5472,29172,143392,0.9583450000718585,4.979088998870843,16.412299999465375,1001424788,2005927248,475981993856,1001252224,80.95993999995699,85.492092000095
nymeria,cuda,tokenlearner,nymeria__only_slam__gemma3_1b,gemma3_1b,only_slam,180788,723152,14263680,8800,27892,152896,0.8533840000382042,5.607279000685375,19.367240000748133,1001433012,2005960144,198107166592,1001252224,82.01084499978606,86.80073899995477
nymeria,cuda,posthoc_vq,nymeria__only_slam__gemma3_1b,gemma3_1b,only_slam,211188,844752,39814528,1632,36084,175104,1.4106869994066074,4.969242999193817,15.041258000048716,1001463412,2006081744,475982387072,1001252224,80.95993999995699,87.31133299988869
nymeria,cuda,joint_vq,nymeria__only_slam__gemma3_1b,gemma3_1b,only_slam,230196,920784,14525824,672,36084,194112,1.3737569997829269,4.881934999798517,14.819963998252549,1001482420,2006157776,198107428736,1001252224,82.01084499978606,88.92430000014429
nymeria,cuda,deepconvlstm,nymeria__only_slam__gemma3_1b,gemma3_1b,only_slam,149962,599848,9470592,159152,149962,0,1.9340599992574425,42.43592199959161,137.92403399861792,1001402186,2005836840,152557458560,1001252224,81.23833100034972,84.19154500006698
nymeria,cuda,unrestricted_bank,nymeria__only_slam__gemma3_1b,gemma3_1b,only_slam,265012,1060048,15443328,672,36084,228928,0.9502049997536233,4.171651000729156,13.212655000006977,1001517236,2006297040,198108346240,1001252224,82.01084499978606,87.30340200054343
nymeria,cuda,separate_banks,nymeria__only_slam__gemma3_1b,gemma3_1b,only_slam,205876,823504,14525824,672,36084,169792,1.4353269998537144,4.686182999944407,13.750717000494094,1001458100,2006060496,198107428736,1001252224,82.01084499978606,87.75783399960346
nymeria,cuda,fixed_resampling,nymeria__only_slam__gemma3_1b,gemma3_1b,only_slam,205876,823504,12330368,672,36084,169792,1.4274270006353618,4.571082000734435,13.419164002971572,1001458100,2006060496,198105233280,1001252224,82.01084499978606,87.49681199969928
nymeria,cuda,finetune_encoders,nymeria__only_slam__gemma3_1b,gemma3_1b,only_slam,205876,823504,14525824,672,36084,169792,1.3834370001859497,4.782813998940668,13.83095899864236,1001458100,2006060496,198107428736,1001252224,82.01084499978606,87.72665400101687
nymeria,cuda,no_alignment,nymeria__only_slam__gemma3_1b,gemma3_1b,only_slam,205876,823504,14525824,672,36084,169792,1.4190170004440006,4.649513001209101,13.689737001459777,1001458100,2006060496,198107428736,1001252224,82.01084499978606,87.84734599976218
nymeria,cuda,no_usage,nymeria__only_slam__gemma3_1b,gemma3_1b,only_slam,205876,823504,14525824,672,36084,169792,1.3864470001863083,4.883873999756446,13.951275000454531,1001458100,2006060496,198107428736,1001252224,82.01084499978606,87.77899399956368
nymeria,cuda,tcn,nymeria__only_slam__gemma3_1b,gemma3_1b,only_slam,65556,262224,4068480,159152,65556,0,2.0474699995247647,42.548921999647376,138.0466949979134,1001317780,2005499216,152552056448,1001252224,81.23833100034972,84.30068699999538
nymeria,cuda,ts_transformer,nymeria__only_slam__gemma3_1b,gemma3_1b,only_slam,78420,313680,5117056,159152,78420,0,2.164970999729121,42.66955399993671,138.15964699938627,1001330644,2005550672,152553105024,1001252224,81.23833100034972,84.41416599998774
nymeria,cuda,patchtst,nymeria__only_slam__gemma3_1b,gemma3_1b,only_slam,62036,248144,186619392,159152,62036,0,2.21751199933351,42.743553997703515,138.24276399850783,1001314260,2005485136,117304399360,1001252224,81.39988299990364,84.65273000092566
nymeria,mixed,distrixsense,nymeria__only_slam__gemma3_1b,gemma3_1b,only_slam,205876,823504,14525824,672,36084,169792,1.3945669998065569,4.138749999879195,11.77100700015251,1001458100,2006060496,198107428736,1001252224,82.01084499978606,86.14888600004633
nymeria,mixed,dense,nymeria__only_slam__gemma3_1b,gemma3_1b,only_slam,170228,680912,39290240,34592,27892,142336,0.9054450001713121,10.301706998832268,37.98187199902706,1001422452,2005917904,475981862784,1001252224,80.95993999995699,84.66710799984867
nymeria,mixed,dense_tokens,nymeria__only_slam__gemma3_1b,gemma3_1b,only_slam,189236,756944,14394752,8800,27892,161344,0.87736500063329,5.208248001906904,17.669544002957117,1001441460,2005993936,198107297664,1001252224,82.01084499978606,85.39509299953352
nymeria,mixed,raw,nymeria__only_slam__gemma3_1b,gemma3_1b,only_slam,170228,680912,39290240,159152,170228,0,2.965004999168741,43.35341499877026,138.5551759997295,1001422452,2005917904,475981862784,1001252224,80.95993999995699,84.58838800015656
nymeria,mixed,early_fusion,nymeria__only_slam__gemma3_1b,gemma3_1b,only_slam,79892,319568,5254528,159152,79892,0,2.2649909997198847,42.67015199997908,137.87104300013448,1001332116,2005556560,152553242496,1001252224,81.23833100034972,84.21558600002754
nymeria,mixed,late_fusion,nymeria__only_slam__gemma3_1b,gemma3_1b,only_slam,144976,579904,9016320,704,0,144976,0.19360100031917682,2.826034000229684,10.228619000346447,1000030928,2000351808,129822688768,999885952,81.62330399954953,83.94642599978397
nymeria,mixed,local_only,nymeria__only_slam__gemma3_1b,gemma3_1b,only_slam,144976,579904,9016320,416,0,144976,0.3159220004818053,2.9055640006690404,10.170279000641907,1000030928,2000351808,129822688768,999885952,81.62330399954953,84.12502699866309
nymeria,mixed,bottleneck,nymeria__only_slam__gemma3_1b,gemma3_1b,only_slam,172564,690256,39421312,5472,29172,143392,0.9807950000322307,4.598068000623293,14.884922999917961,1001424788,2005927248,475981993856,1001252224,80.95993999995699,84.17679600006522
nymeria,mixed,tokenlearner,nymeria__only_slam__gemma3_1b,gemma3_1b,only_slam,180788,723152,14263680,8800,27892,152896,0.8741649999137735,5.196517000001913,17.62340400068846,1001433012,2005960144,198107166592,1001252224,82.01084499978606,85.33800299937866
nymeria,mixed,posthoc_vq,nymeria__only_slam__gemma3_1b,gemma3_1b,only_slam,211188,844752,39814528,1632,36084,175104,1.4192569997248938,4.422210000355413,12.832028001350723,1001463412,2006081744,475982387072,1001252224,80.95993999995699,85.40376400105743
nymeria,mixed,joint_vq,nymeria__only_slam__gemma3_1b,gemma3_1b,only_slam,230196,920784,14525824,672,36084,194112,1.394957000229624,4.303141000787122,12.356771000031928,1001482420,2006157776,198107428736,1001252224,82.01084499978606,87.59693299998617
nymeria,mixed,deepconvlstm,nymeria__only_slam__gemma3_1b,gemma3_1b,only_slam,149962,599848,9470592,159152,149962,0,1.9243500000811764,42.31128199985173,137.51142299975322,1001402186,2005836840,152557458560,1001252224,81.23833100034972,83.82617400002346
nymeria,mixed,unrestricted_bank,nymeria__only_slam__gemma3_1b,gemma3_1b,only_slam,265012,1060048,15443328,672,36084,228928,0.9355650008728844,3.7451680012282798,11.427236001782491,1001517236,2006297040,198108346240,1001252224,82.01084499978606,85.71000499978254
nymeria,mixed,separate_banks,nymeria__only_slam__gemma3_1b,gemma3_1b,only_slam,205876,823504,14525824,672,36084,169792,1.4451070001086919,4.198339999970898,11.85199700039482,1001458100,2006060496,198107428736,1001252224,82.01084499978606,86.20780699948227
nymeria,mixed,fixed_resampling,nymeria__only_slam__gemma3_1b,gemma3_1b,only_slam,205876,823504,12330368,672,36084,169792,1.3998369995533722,4.016639999758894,11.302682999758305,1001458100,2006060496,198105233280,1001252224,82.01084499978606,85.5590539995319
nymeria,mixed,finetune_encoders,nymeria__only_slam__gemma3_1b,gemma3_1b,only_slam,205876,823504,14525824,672,36084,169792,1.4021369997863076,4.155551000008103,11.807938001129857,1001458100,2006060496,198107428736,1001252224,82.01084499978606,86.13182599947322
nymeria,mixed,no_alignment,nymeria__only_slam__gemma3_1b,gemma3_1b,only_slam,205876,823504,14525824,672,36084,169792,1.3931769999544485,4.1389699993715965,11.78755599748945,1001458100,2006060496,198107428736,1001252224,82.01084499978606,86.1424659997283
nymeria,mixed,no_usage,nymeria__only_slam__gemma3_1b,gemma3_1b,only_slam,205876,823504,14525824,672,36084,169792,1.4083969999774126,4.157780000537144,11.814126001172896,1001458100,2006060496,198107428736,1001252224,82.01084499978606,86.11046699934377
nymeria,mixed,tcn,nymeria__only_slam__gemma3_1b,gemma3_1b,only_slam,65556,262224,4068480,159152,65556,0,2.061659999526455,42.458060999657704,137.66055199926336,1001317780,2005499216,152552056448,1001252224,81.23833100034972,83.97264599989285
nymeria,mixed,ts_transformer,nymeria__only_slam__gemma3_1b,gemma3_1b,only_slam,78420,313680,5117056,159152,78420,0,2.1538009996220353,42.534191999899434,137.73491199958949,1001330644,2005550672,152553105024,1001252224,81.23833100034972,84.05804500034719
nymeria,mixed,patchtst,nymeria__only_slam__gemma3_1b,gemma3_1b,only_slam,62036,248144,186619392,159152,62036,0,2.2633409998888965,42.643371999425966,137.84535200125242,1001314260,2005485136,117304399360,1001252224,81.39988299990364,84.30219700039743
nymeria,cuda,distrixsense,nymeria__only_trajectory__gemma3_1b,gemma3_1b,only_trajectory,62820,251280,3611264,332,31732,31088,0.9266839997508214,3.8218279993419184,11.460705000486364,1001315044,2005488272,141221272704,1001252224,80.81031900019298,84.23150600174267
nymeria,cuda,dense,nymeria__only_trajectory__gemma3_1b,gemma3_1b,only_trajectory,44996,179984,12061312,17296,27636,17360,0.6447329997172346,6.542405998838821,23.936091998092667,1001297220,2005416976,278355201152,1001252224,80.69227899977705,83.23352199931833
nymeria,cuda,dense_tokens,nymeria__only_trajectory__gemma3_1b,gemma3_1b,only_trajectory,54500,218000,3545728,4400,27636,26864,0.6321440005194745,4.052888000837702,14.03273400044738,1001306724,2005454992,141221207168,1001252224,80.81031900019298,83.75985299971944
nymeria,cuda,raw,nymeria__only_trajectory__gemma3_1b,gemma3_1b,only_trajectory,44996,179984,12061312,391456,44996,0,1.7205389995069709,82.23533000008354,323.3450100009154,1001297220,2005416976,278355201152,1001252224,80.69227899977705,83.13581299989892
nymeria,cuda,early_fusion,nymeria__only_trajectory__gemma3_1b,gemma3_1b,only_trajectory,29028,116112,2077312,391456,29028,0,1.4600479998989613,81.96566900013602,323.06711900069195,1001281252,2005353104,141219738752,1001252224,80.81031900019298,83.04204999967624
nymeria,cuda,late_fusion,nymeria__only_trajectory__gemma3_1b,gemma3_1b,only_trajectory,18680,74720,1093632,352,0,18680,0.12456999957066728,2.6497609989268587,9.953256000326038,999904632,1999846624,118511702528,999885952,81.30281200010359,83.27105199987272
nymeria,cuda,local_only,nymeria__only_trajectory__gemma3_1b,gemma3_1b,only_trajectory,18680,74720,1093632,208,0,18680,0.17836100050772075,2.6833440017685293,9.918259002979472,999904632,1999846624,118511702528,999885952,81.30281200010359,83.38352200007648
nymeria,cuda,bottleneck,nymeria__only_trajectory__gemma3_1b,gemma3_1b,only_trajectory,46164,184656,12126848,2736,28276,17888,0.6940530001884326,3.7073260002862547,12.463770000144095,1001298388,2005421648,278355266688,1001252224,80.69227899977705,83.38428299975931
nymeria,cuda,tokenlearner,nymeria__only_trajectory__gemma3_1b,gemma3_1b,only_trajectory,50276,201104,3480192,4400,27636,22640,0.6361730002026889,4.043236000138568,13.998604000316409,1001302500,2005438096,141221141632,1001252224,80.81031900019298,83.77493299940397
nymeria,cuda,posthoc_vq,nymeria__only_trajectory__gemma3_1b,gemma3_1b,only_trajectory,65476,261904,12323456,800,31732,33744,0.9389650003868155,3.779360000404413,11.911208000114712,1001317700,2005498896,278355463296,1001252224,80.69227899977705,84.51674799925968
nymeria,cuda,joint_vq,nymeria__only_trajectory__gemma3_1b,gemma3_1b,only_trajectory,74980,299920,3611264,332,31732,43248,0.9104539994950755,3.71951799992196,11.81319699985152,1001327204,2005536912,141221272704,1001252224,80.81031900019298,84.87885000067763
nymeria,cuda,deepconvlstm,nymeria__only_trajectory__gemma3_1b,gemma3_1b,only_trajectory,37530,150120,2336896,391456,37530,0,1.0868760000448674,81.60654799947986,322.71502900071346,1001289754,2005387112,141219998336,1001252224,80.81031900019298,82.66179800102691
nymeria,cuda,unrestricted_bank,nymeria__only_trajectory__gemma3_1b,gemma3_1b,only_trajectory,75492,301968,3807872,332,31732,43760,0.693494000188366,3.3335379990933927,10.949425997337407,1001327716,2005538960,141221469312,1001252224,80.81031900019298,83.99731499957852
nymeria,cuda,separate_banks,nymeria__only_trajectory__gemma3_1b,gemma3_1b,only_trajectory,62820,251280,3611264,332,31732,31088,0.9598850001566461,3.612788000861043,11.212155000562511,1001315044,2005488272,141221272704,1001252224,80.81031900019298,84.26566700018157
nymeria,cuda,fixed_resampling,nymeria__only_trajectory__gemma3_1b,gemma3_1b,only_trajectory,62820,251280,3593344,332,31732,31088,0.9160350000456674,3.5247069996660922,11.027344000054022,1001315044,2005488272,141221254784,1001252224,80.81031900019298,84.09172499978013
nymeria,cuda,finetune_encoders,nymeria__only_trajectory__gemma3_1b,gemma3_1b,only_trajectory,62820,251280,3611264,332,31732,31088,0.9046540008057491,3.5539779997964853,11.176794000262184,1001315044,2005488272,141221272704,1001252224,80.81031900019298,84.26052800041361
nymeria,cuda,no_alignment,nymeria__only_trajectory__gemma3_1b,gemma3_1b,only_trajectory,62820,251280,3611264,332,31732,31088,0.938373999815667,3.575547999968263,11.187433998698275,1001315044,2005488272,141221272704,1001252224,80.81031900019298,84.23569700062217
nymeria,cuda,no_usage,nymeria__only_trajectory__gemma3_1b,gemma3_1b,only_trajectory,62820,251280,3611264,332,31732,31088,0.9174249998977757,3.838088999724574,11.488667000362788,1001315044,2005488272,141221272704,1001252224,80.81031900019298,84.2702569998437
nymeria,cuda,tcn,nymeria__only_trajectory__gemma3_1b,gemma3_1b,only_trajectory,14820,59280,891264,391456,14820,0,1.2756459991578595,81.78410799890878,322.88384799935875,1001267044,2005296272,141218552704,1001252224,80.81031900019298,82.78920900011144
nymeria,cuda,ts_transformer,nymeria__only_trajectory__gemma3_1b,gemma3_1b,only_trajectory,27684,110736,1939840,391456,27684,0,1.3038560000495636,81.8056369999689,322.9044089988324,1001279908,2005347728,141219601280,1001252224,80.81031900019298,82.88855900082126
nymeria,cuda,patchtst,nymeria__only_trajectory__gemma3_1b,gemma3_1b,only_trajectory,26916,107664,10108672,391456,26916,0,1.3943270005256636,81.89968900031852,323.0004610016781,1001279140,2005344656,105840160512,1001252224,81.3206419998096,83.5166830001981
nymeria,mixed,distrixsense,nymeria__only_trajectory__gemma3_1b,gemma3_1b,only_trajectory,62820,251280,3611264,332,31732,31088,0.9353350005767425,3.371647999880521,10.355660999762499,1001315044,2005488272,141221272704,1001252224,80.81031900019298,83.6570829997072
nymeria,mixed,dense,nymeria__only_trajectory__gemma3_1b,gemma3_1b,only_trajectory,44996,179984,12061312,17296,27636,17360,0.6702529999529361,6.423663999480358,23.393687000333518,1001297220,2005416976,278355201152,1001252224,80.69227899977705,82.87930000005872
nymeria,mixed,dense_tokens,nymeria__only_trajectory__gemma3_1b,gemma3_1b,only_trajectory,54500,218000,3545728,4400,27636,26864,0.6528739995701471,3.876984999801498,13.267491000969603,1001306724,2005454992,141221207168,1001252224,80.81031900019298,83.20549200016103
nymeria,mixed,raw,nymeria__only_trajectory__gemma3_1b,gemma3_1b,only_trajectory,44996,179984,12061312,391456,44996,0,1.7113789999712026,82.17520000024558,323.1381600011023,1001297220,2005416976,278355201152,1001252224,80.69227899977705,82.99250100026256
nymeria,mixed,early_fusion,nymeria__only_trajectory__gemma3_1b,gemma3_1b,only_trajectory,29028,116112,2077312,391456,29028,0,1.4980579999246402,81.96248999964916,322.9270519990255,1001281252,2005353104,141219738752,1001252224,80.81031900019298,82.91980899957707
nymeria,mixed,late_fusion,nymeria__only_trajectory__gemma3_1b,gemma3_1b,only_trajectory,18680,74720,1093632,352,0,18680,0.12815099944418762,2.4956420003467703,9.346125001311266,999904632,1999846624,118511702528,999885952,81.30281200010359,82.9206599992176
nymeria,mixed,local_only,nymeria__only_trajectory__gemma3_1b,gemma3_1b,only_trajectory,18680,74720,1093632,208,0,18680,0.18009099949267693,2.523932999126811,9.301446999479527,999904632,1999846624,118511702528,999885952,81.30281200010359,83.00259099996765
nymeria,mixed,bottleneck,nymeria__only_trajectory__gemma3_1b,gemma3_1b,only_trajectory,46164,184656,12126848,2736,28276,17888,0.7012430005488568,3.558974999824411,11.854859000854148,1001298388,2005421648,278355266688,1001252224,80.69227899977705,83.0193199999485
nymeria,mixed,tokenlearner,nymeria__only_trajectory__gemma3_1b,gemma3_1b,only_trajectory,50276,201104,3480192,4400,27636,22640,0.6487640002887929,3.865364999905869,13.240798998576356,1001302500,2005438096,141221141632,1001252224,80.81031900019298,83.20217199980107
nymeria,mixed,posthoc_vq,nymeria__only_trajectory__gemma3_1b,gemma3_1b,only_trajectory,65476,261904,12323456,800,31732,33744,0.9748749998834683,3.5584070010337747,10.954332000423747,1001317700,2005498896,278355463296,1001252224,80.69227899977705,83.73295399997005
nymeria,mixed,joint_vq,nymeria__only_trajectory__gemma3_1b,gemma3_1b,only_trajectory,74980,299920,3611264,332,31732,43248,0.9274439998989692,3.443125000227452,10.664940999545529,1001327204,2005536912,141221272704,1001252224,80.81031900019298,83.98551499885798
nymeria,mixed,deepconvlstm,nymeria__only_trajectory__gemma3_1b,gemma3_1b,only_trajectory,37530,150120,2336896,391456,37530,0,1.1193049995199544,81.58297499911748,322.54700499957244,1001289754,2005387112,141219998336,1001252224,80.81031900019298,82.56085799985158
nymeria,mixed,unrestricted_bank,nymeria__only_trajectory__gemma3_1b,gemma3_1b,only_trajectory,75492,301968,3807872,332,31732,43760,0.7030939996184316,3.175296000005188,10.168519000713154,1001327716,2005538960,141221469312,1001252224,80.81031900019298,83.42713199908758
nymeria,mixed,separate_banks,nymeria__only_trajectory__gemma3_1b,gemma3_1b,only_trajectory,62820,251280,3611264,332,31732,31088,0.9800850002648076,3.458977999467903,10.453661998822376,1001315044,2005488272,141221272704,1001252224,80.81031900019298,83.71842300039134
nymeria,mixed,fixed_resampling,nymeria__only_trajectory__gemma3_1b,gemma3_1b,only_trajectory,62820,251280,3593344,332,31732,31088,0.9369149993290193,3.297426998539164,10.080749998037668,1001315044,2005488272,141221254784,1001252224,80.81031900019298,83.38520100005553
nymeria,mixed,finetune_encoders,nymeria__only_trajectory__gemma3_1b,gemma3_1b,only_trajectory,62820,251280,3611264,332,31732,31088,0.9626549999666167,3.400876999545586,10.40382100067773,1001315044,2005488272,141221272704,1001252224,80.81031900019298,83.70310499958578
nymeria,mixed,no_alignment,nymeria__only_trajectory__gemma3_1b,gemma3_1b,only_trajectory,62820,251280,3611264,332,31732,31088,0.9463649994359002,3.3945179990372036,10.38792199828577,1001315044,2005488272,141221272704,1001252224,80.81031900019298,83.69396400030382
nymeria,mixed,no_usage,nymeria__only_trajectory__gemma3_1b,gemma3_1b,only_trajectory,62820,251280,3611264,332,31732,31088,0.9465349994570715,3.380938000769971,10.378471001372695,1001315044,2005488272,141221272704,1001252224,80.81031900019298,83.70735399967089
nymeria,mixed,tcn,nymeria__only_trajectory__gemma3_1b,gemma3_1b,only_trajectory,14820,59280,891264,391456,14820,0,1.2240859996381914,81.68727700020861,322.65243800189046,1001267044,2005296272,141218552704,1001252224,80.81031900019298,82.64211799996701
nymeria,mixed,ts_transformer,nymeria__only_trajectory__gemma3_1b,gemma3_1b,only_trajectory,27684,110736,1939840,391456,27684,0,1.3177770006223,81.77436799914028,322.73963799830517,1001279908,2005347728,141219601280,1001252224,80.81031900019298,82.79283800038684
nymeria,mixed,patchtst,nymeria__only_trajectory__gemma3_1b,gemma3_1b,only_trajectory,26916,107664,10108672,391456,26916,0,1.4436169994951342,81.90582699998083,322.86920700003384,1001279140,2005344656,105840160512,1001252224,81.3206419998096,83.33782299996528
