dataset,target,method,scenario_id,core_name,modality_set,parameters,weight_bytes,counted_flops,wire_bytes,core_parameters,edge_parameters,core_median_ms,parallel_estimate_ms,sequential_estimate_ms,full_parameters,full_weight_bytes,full_counted_flops,lm_parameters,lm_generation_ms,full_pipeline_estimate_ms
opportunity++,cuda,distrixsense,opportunity++__all__qwen3_4b,qwen3_4b,all,218128,872512,13895488,420,32820,185308,1.0382560003563412,4.156362000071653,11.833757999866735,4029326864,8072371264,820189609664,4029108736,80.55990800039581,84.62406800026656
opportunity++,cuda,dense,opportunity++__all__qwen3_4b,qwen3_4b,all,195848,783392,25686848,21620,27700,168148,0.7239130000016303,10.412836000029964,27.871829999841516,4029304584,8072282144,1717500667584,4029108736,83.91271500022413,87.1489510009269
opportunity++,cuda,dense_tokens,opportunity++__all__qwen3_4b,qwen3_4b,all,207728,830912,13813568,5500,27700,180028,0.6996530000833445,5.423738000388548,15.466494999075074,4029316464,8072329664,820189527744,4029108736,80.55990800039581,84.14615699985006
opportunity++,cuda,raw,opportunity++__all__qwen3_4b,qwen3_4b,all,195848,783392,25686848,122912,195848,0,2.1958409997751005,47.27012200032854,108.97825299959638,4029304584,8072282144,1717500667584,4029108736,83.91271500022413,86.80937999997695
opportunity++,cuda,early_fusion,opportunity++__all__qwen3_4b,qwen3_4b,all,115208,460832,7527232,122912,115208,0,1.7210689993589767,46.791860998156466,108.50386299877843,4029223944,8071959584,760967270080,4029108736,81.11770100003923,83.63486500002182
opportunity++,cuda,late_fusion,opportunity++__all__qwen3_4b,qwen3_4b,all,169798,679192,10679040,440,0,169798,0.15448100020876154,3.0993750003680005,10.4565920011602,4022637894,8045615384,649918357248,4022468096,81.59425400026521,84.0884660001393
opportunity++,cuda,local_only,opportunity++__all__qwen3_4b,qwen3_4b,all,169798,679192,10679040,260,0,169798,0.20901100015180418,3.0964850002264606,10.413362001404865,4022637894,8045615384,649918357248,4022468096,81.59425400026521,84.19456699903094
opportunity++,cuda,bottleneck,opportunity++__all__qwen3_4b,qwen3_4b,all,197308,789232,25768768,3420,28500,168808,0.7596340001327917,4.677137000717316,13.519065002404329,4029306044,8072287984,1717500749504,4029108736,83.91271500022413,87.25902200058044
opportunity++,cuda,tokenlearner,opportunity++__all__qwen3_4b,qwen3_4b,all,202448,809792,13731648,5500,27700,174748,0.6984930005273782,5.395557000554399,15.588613999554944,4029311184,8072308544,820189445824,4029108736,80.55990800039581,84.18065600017144
opportunity++,cuda,posthoc_vq,opportunity++__all__qwen3_4b,qwen3_4b,all,221448,885792,26014528,1020,32820,188628,1.0715859998526867,4.553840999376995,12.782209000282105,4029330184,8072384544,1717500995264,4029108736,83.91271500022413,88.50897799948143
opportunity++,cuda,joint_vq,opportunity++__all__qwen3_4b,qwen3_4b,all,233328,933312,13895488,420,32820,200508,1.0438850003993139,4.4733210000459565,12.81273000053328,4029342064,8072432064,820189609664,4029108736,80.55990800039581,85.50324400039244
opportunity++,cuda,deepconvlstm,opportunity++__all__qwen3_4b,qwen3_4b,all,185182,740728,11725056,122912,185182,0,1.3578769994637696,46.42560700062981,108.14026000095598,4029293918,8072239480,760971467904,4029108736,81.11770100003923,83.29700299964315
opportunity++,cuda,unrestricted_bank,opportunity++__all__qwen3_4b,qwen3_4b,all,239248,956992,14223168,420,32820,206428,0.7270739997693454,3.887989999680116,11.589478000260657,4029347984,8072455744,820189937344,4029108736,80.55990800039581,84.4001860004937
opportunity++,cuda,separate_banks,opportunity++__all__qwen3_4b,qwen3_4b,all,218128,872512,13895488,420,32820,185308,1.0762459996840334,4.212311000014864,11.91057800055272,4029326864,8072371264,820189609664,4029108736,80.55990800039581,84.7561089994997
opportunity++,cuda,fixed_resampling,opportunity++__all__qwen3_4b,qwen3_4b,all,218128,872512,9414848,420,32820,185308,1.0399359998700675,4.129689999285887,11.709076999196201,4029326864,8072371264,820185129024,4029108736,80.55990800039581,84.53035700131295
opportunity++,cuda,finetune_encoders,opportunity++__all__qwen3_4b,qwen3_4b,all,218128,872512,13895488,420,32820,185308,1.0287850000167964,4.424523000420862,12.11451000030205,4029326864,8072371264,820189609664,4029108736,80.55990800039581,84.73433900053351
opportunity++,cuda,no_alignment,opportunity++__all__qwen3_4b,qwen3_4b,all,218128,872512,13895488,420,32820,185308,1.0722850001911866,4.227010000545391,11.924777000004484,4029326864,8072371264,820189609664,4029108736,80.55990800039581,84.71156900031929
opportunity++,cuda,no_usage,opportunity++__all__qwen3_4b,qwen3_4b,all,218128,872512,13895488,420,32820,185308,1.044685999659123,4.1877620008791325,11.89668200107984,4029326864,8072371264,820189609664,4029108736,80.55990800039581,84.76039900051546
opportunity++,cuda,tcn,opportunity++__all__qwen3_4b,qwen3_4b,all,100968,403872,6341184,122912,100968,0,1.4485769997918396,46.51704699949855,108.23264799889418,4029209704,8071902624,760966084032,4029108736,81.11770100003923,83.38921299946378
opportunity++,cuda,ts_transformer,opportunity++__all__qwen3_4b,qwen3_4b,all,113832,455328,7389760,122912,113832,0,1.5278479995686212,46.601488000079684,108.30894999869176,4029222568,8071954080,760967132608,4029108736,81.11770100003923,83.44610199947056
opportunity++,cuda,patchtst,opportunity++__all__qwen3_4b,qwen3_4b,all,97640,390560,187823808,122912,97640,0,1.7912299999807146,46.85893000055452,108.56493299958944,4029206376,8071889312,576584261056,4029108736,81.79609399940091,84.25189599893201
opportunity++,mixed,distrixsense,opportunity++__all__qwen3_4b,qwen3_4b,all,218128,872512,13895488,420,32820,185308,1.0363349992985604,3.7247980001894523,10.621620999828098,4029326864,8072371264,820189609664,4029108736,80.55990800039581,83.727485000054
opportunity++,mixed,dense,opportunity++__all__qwen3_4b,qwen3_4b,all,195848,783392,25686848,21620,27700,168148,0.726213999769243,10.0797260003287,26.96778900028375,4029304584,8072282144,1717500667584,4029108736,83.91271500022413,86.33324799939146
opportunity++,mixed,dense_tokens,opportunity++__all__qwen3_4b,qwen3_4b,all,207728,830912,13813568,5500,27700,180028,0.6958840003790101,4.975336000313982,14.309550999698693,4029316464,8072329664,820189527744,4029108736,80.55990800039581,83.21077200071159
opportunity++,mixed,raw,opportunity++__all__qwen3_4b,qwen3_4b,all,195848,783392,25686848,122912,195848,0,2.1109310000611003,47.12154200092422,108.62561200135221,4029304584,8072282144,1717500667584,4029108736,83.91271500022413,86.64388899978803
opportunity++,mixed,early_fusion,opportunity++__all__qwen3_4b,qwen3_4b,all,115208,460832,7527232,122912,115208,0,1.7188490000989987,46.72932000062369,108.23283999959219,4029223944,8071959584,760967270080,4029108736,81.11770100003923,83.38427199942089
opportunity++,mixed,late_fusion,opportunity++__all__qwen3_4b,qwen3_4b,all,169798,679192,10679040,440,0,169798,0.151461000314157,2.745643001383415,9.506546999714512,4022637894,8045615384,649918357248,4022468096,81.59425400026521,83.34061200002907
opportunity++,mixed,local_only,opportunity++__all__qwen3_4b,qwen3_4b,all,169798,679192,10679040,260,0,169798,0.21400100013124757,2.762643000080937,9.449495000613213,4022637894,8045615384,649918357248,4022468096,81.59425400026521,83.46836400050961
opportunity++,mixed,bottleneck,opportunity++__all__qwen3_4b,qwen3_4b,all,197308,789232,25768768,3420,28500,168808,0.777694000134943,4.329956999745313,12.526040000742011,4029306044,8072287984,1717500749504,4029108736,83.91271500022413,86.48499799892306
opportunity++,mixed,tokenlearner,opportunity++__all__qwen3_4b,qwen3_4b,all,202448,809792,13731648,5500,27700,174748,0.708282999767107,4.977494999764312,14.257767999354108,4029311184,8072308544,820189445824,4029108736,80.55990800039581,83.18031200087717
opportunity++,mixed,posthoc_vq,opportunity++__all__qwen3_4b,qwen3_4b,all,221448,885792,26014528,1020,32820,188628,1.0978249993058853,4.045236999316408,11.351571000407798,4029330184,8072384544,1717500995264,4029108736,83.91271500022413,87.3523030004435
opportunity++,mixed,joint_vq,opportunity++__all__qwen3_4b,qwen3_4b,all,233328,933312,13895488,420,32820,200508,1.0543050002524978,4.018608000774378,11.27546400142886,4029342064,8072432064,820189609664,4029108736,80.55990800039581,84.08047500051907
opportunity++,mixed,deepconvlstm,opportunity++__all__qwen3_4b,qwen3_4b,all,185182,740728,11725056,122912,185182,0,1.336946999799693,46.35042800032474,107.85436800030854,4029293918,8072239480,760971467904,4029108736,81.11770100003923,83.06293999976333
opportunity++,mixed,unrestricted_bank,opportunity++__all__qwen3_4b,qwen3_4b,all,239248,956992,14223168,420,32820,206428,0.7457339997927193,3.4479859999238163,10.402019001176756,4029347984,8072455744,820189937344,4029108736,80.55990800039581,83.45234200078266
opportunity++,mixed,separate_banks,opportunity++__all__qwen3_4b,qwen3_4b,all,218128,872512,13895488,420,32820,185308,1.1032160000468139,3.8238289992706034,10.72811299958697,4029326864,8072371264,820189609664,4029108736,80.55990800039581,83.80187499915337
opportunity++,mixed,fixed_resampling,opportunity++__all__qwen3_4b,qwen3_4b,all,218128,872512,9414848,420,32820,185308,1.0445349998917663,3.593667000427644,10.281338999576052,4029326864,8072371264,820185129024,4029108736,80.55990800039581,83.37911299986445
opportunity++,mixed,finetune_encoders,opportunity++__all__qwen3_4b,qwen3_4b,all,218128,872512,13895488,420,32820,185308,1.0765349998109741,3.7801280007671214,10.686932000808826,4029326864,8072371264,820189609664,4029108736,80.55990800039581,83.75842299938085
opportunity++,mixed,no_alignment,opportunity++__all__qwen3_4b,qwen3_4b,all,218128,872512,13895488,420,32820,185308,1.067155999407987,3.7664189997713895,10.670781999707048,4029326864,8072371264,820189609664,4029108736,80.55990800039581,83.75866400092491
opportunity++,mixed,no_usage,opportunity++__all__qwen3_4b,qwen3_4b,all,218128,872512,13895488,420,32820,185308,1.0592650005492033,3.77776800116871,10.678110999961733,4029326864,8072371264,820189609664,4029108736,80.55990800039581,83.73733299958985
opportunity++,mixed,tcn,opportunity++__all__qwen3_4b,qwen3_4b,all,100968,403872,6341184,122912,100968,0,1.4536979997501476,46.462838999788204,107.96673900110451,4029209704,8071902624,760966084032,4029108736,81.11770100003923,83.51515399954224
opportunity++,mixed,ts_transformer,opportunity++__all__qwen3_4b,qwen3_4b,all,113832,455328,7389760,122912,113832,0,1.5473980001843302,46.556168000053134,108.05909800071365,4029222568,8071954080,760967132608,4029108736,81.11770100003923,83.23550099976273
opportunity++,mixed,patchtst,opportunity++__all__qwen3_4b,qwen3_4b,all,97640,390560,187823808,122912,97640,0,1.6106779994515819,46.618649000039426,108.12744999909316,4029206376,8071889312,576584261056,4029108736,81.79609399940091,83.96320499923604
opportunity++,cuda,distrixsense,opportunity++__only_ambient_sensors__qwen3_4b,qwen3_4b,only_ambient_sensors,42510,170040,1288640,81,28468,14042,0.5827919994771946,3.183664999625657,3.183664999625657,4029151246,8071668792,524958289216,4029108736,81.30560200061154,82.78834000157076
opportunity++,cuda,dense,opportunity++__only_ambient_sensors__qwen3_4b,qwen3_4b,only_ambient_sensors,38054,152216,2663872,4324,27444,10610,0.4705719993580715,6.309343999741704,6.309343999741704,4029146790,8071650968,701928101184,4029108736,81.2692520003111,82.54043899978569
opportunity++,cuda,dense_tokens,opportunity++__only_ambient_sensors__qwen3_4b,qwen3_4b,only_ambient_sensors,40430,161720,1272256,1100,27444,12986,0.44292300026427256,3.8921450013684806,3.8921450013684806,4029149166,8071660472,524958272832,4029108736,81.30560200061154,82.6472789995023
opportunity++,cuda,raw,opportunity++__only_ambient_sensors__qwen3_4b,qwen3_4b,only_ambient_sensors,38054,152216,2663872,13976,38054,0,0.8314540000355919,14.103913999306224,14.103913999306224,4029146790,8071650968,701928101184,4029108736,81.2692520003111,82.50877800037415
opportunity++,cuda,early_fusion,opportunity++__only_ambient_sensors__qwen3_4b,qwen3_4b,only_ambient_sensors,30246,120984,2166208,13976,30246,0,0.865834999785875,14.13934600021994,14.13934600021994,4029138982,8071619736,701927603520,4029108736,81.2692520003111,82.52208800058725
opportunity++,cuda,late_fusion,opportunity++__only_ambient_sensors__qwen3_4b,qwen3_4b,only_ambient_sensors,10940,43760,670848,88,0,10940,0.0753799995436566,2.5585319991909548,2.5585319991909548,4022479036,8044979952,591015601280,4022468096,82.07034599945473,82.89693999904557
opportunity++,cuda,local_only,opportunity++__only_ambient_sensors__qwen3_4b,qwen3_4b,only_ambient_sensors,10940,43760,670848,52,0,10940,0.09364000015921192,2.566901999914518,2.566901999914518,4022479036,8044979952,591015601280,4022468096,82.07034599945473,82.91031999942788
opportunity++,cuda,bottleneck,opportunity++__only_ambient_sensors__qwen3_4b,qwen3_4b,only_ambient_sensors,38346,153384,2680256,684,27604,10742,0.500883000313479,3.465875999855623,3.465875999855623,4029147082,8071652136,701928117568,4029108736,81.2692520003111,82.55728899985115
opportunity++,cuda,tokenlearner,opportunity++__only_ambient_sensors__qwen3_4b,qwen3_4b,only_ambient_sensors,39374,157496,1255872,1100,27444,11930,0.4497620002439362,3.8443450011935782,3.8443450011935782,4029148110,8071656248,524958256448,4029108736,81.30560200061154,82.61406800102122
opportunity++,cuda,posthoc_vq,opportunity++__only_ambient_sensors__qwen3_4b,qwen3_4b,only_ambient_sensors,40102,160408,2729408,192,28468,11634,0.5906329997742432,3.353036000206333,3.353036000206333,4029148838,8071659160,701928166720,4029108736,81.2692520003111,82.84614900003362
opportunity++,cuda,joint_vq,opportunity++__only_ambient_sensors__qwen3_4b,qwen3_4b,only_ambient_sensors,42478,169912,1288640,81,28468,14010,0.5662930007019895,3.423187001346273,3.423187001346273,4029151214,8071668664,524958289216,4029108736,81.30560200061154,82.9249800008256
opportunity++,cuda,deepconvlstm,opportunity++__only_ambient_sensors__qwen3_4b,qwen3_4b,only_ambient_sensors,40188,160752,2505856,13976,40188,0,0.47728200024721446,13.75684299945524,13.75684299945524,4029148924,8071659504,701927943168,4029108736,81.2692520003111,82.17992700065224
opportunity++,cuda,unrestricted_bank,opportunity++__only_ambient_sensors__qwen3_4b,qwen3_4b,only_ambient_sensors,42510,170040,1288640,81,28468,14042,0.4658620000554947,3.0500040002442663,3.0500040002442663,4029151246,8071668792,524958289216,4029108736,81.30560200061154,82.71527900069486
opportunity++,cuda,separate_banks,opportunity++__only_ambient_sensors__qwen3_4b,qwen3_4b,only_ambient_sensors,42510,170040,1288640,81,28468,14042,0.5749830006607226,3.17258499947628,3.17258499947628,4029151246,8071668792,524958289216,4029108736,81.30560200061154,82.90770900021016
opportunity++,cuda,fixed_resampling,opportunity++__only_ambient_sensors__qwen3_4b,qwen3_4b,only_ambient_sensors,42510,170040,1193920,81,28468,14042,0.5921230003878009,3.1648860004060086,3.1648860004060086,4029151246,8071668792,524958194496,4029108736,81.30560200061154,82.75608900112275
opportunity++,cuda,finetune_encoders,opportunity++__only_ambient_sensors__qwen3_4b,qwen3_4b,only_ambient_sensors,42510,170040,1288640,81,28468,14042,0.5450930002552923,3.1441670007842593,3.1441670007842593,4029151246,8071668792,524958289216,4029108736,81.30560200061154,82.76601899979141
opportunity++,cuda,no_alignment,opportunity++__only_ambient_sensors__qwen3_4b,qwen3_4b,only_ambient_sensors,42510,170040,1288640,81,28468,14042,0.5458129999169614,3.1292359990692464,3.1292359990692464,4029151246,8071668792,524958289216,4029108736,81.30560200061154,82.77866900061781
opportunity++,cuda,no_usage,opportunity++__only_ambient_sensors__qwen3_4b,qwen3_4b,only_ambient_sensors,42510,170040,1288640,81,28468,14042,0.5431529998531914,3.1334649993658648,3.1334649993658648,4029151246,8071668792,524958289216,4029108736,81.30560200061154,83.007062001343
opportunity++,cuda,tcn,opportunity++__only_ambient_sensors__qwen3_4b,qwen3_4b,only_ambient_sensors,16134,64536,980160,13976,16134,0,0.6049230005373829,13.883263001289288,13.883263001289288,4029124870,8071563288,701926417472,4029108736,81.2692520003111,82.295087001512
opportunity++,cuda,ts_transformer,opportunity++__only_ambient_sensors__qwen3_4b,qwen3_4b,only_ambient_sensors,28998,115992,2028736,13976,28998,0,0.7085340002959128,13.987413999884575,13.987413999884575,4029137734,8071614744,701927466048,4029108736,81.2692520003111,82.36515800035704
opportunity++,cuda,patchtst,opportunity++__only_ambient_sensors__qwen3_4b,qwen3_4b,only_ambient_sensors,28038,112152,13427008,13976,28038,0,0.7519640003010863,14.029725000354938,14.029725000354938,4029136774,8071610904,517611488320,4029108736,81.52396300010878,82.70976800031349
opportunity++,mixed,distrixsense,opportunity++__only_ambient_sensors__qwen3_4b,qwen3_4b,only_ambient_sensors,42510,170040,1288640,81,28468,14042,0.6503829999928712,3.031384000707371,3.031384000707371,4029151246,8071668792,524958289216,4029108736,81.30560200061154,82.75107899953582
opportunity++,mixed,dense,opportunity++__only_ambient_sensors__qwen3_4b,qwen3_4b,only_ambient_sensors,38054,152216,2663872,4324,27444,10610,0.5635019997498603,6.258402999587578,6.258402999587578,4029146790,8071650968,701928101184,4029108736,81.2692520003111,82.5672979999581
opportunity++,mixed,dense_tokens,opportunity++__only_ambient_sensors__qwen3_4b,qwen3_4b,only_ambient_sensors,40430,161720,1272256,1100,27444,12986,0.45250199946167413,3.5792339995122164,3.5792339995122164,4029149166,8071660472,524958272832,4029108736,81.30560200061154,82.4557880005159
opportunity++,mixed,raw,opportunity++__only_ambient_sensors__qwen3_4b,qwen3_4b,only_ambient_sensors,38054,152216,2663872,13976,38054,0,0.8343939998667338,14.056853999490977,14.056853999490977,4029146790,8071650968,701928101184,4029108736,81.2692520003111,82.47975799986307
opportunity++,mixed,early_fusion,opportunity++__only_ambient_sensors__qwen3_4b,qwen3_4b,only_ambient_sensors,30246,120984,2166208,13976,30246,0,0.8236650000981172,14.047025000208942,14.047025000208942,4029138982,8071619736,701927603520,4029108736,81.2692520003111,82.46856700043281
opportunity++,mixed,late_fusion,opportunity++__only_ambient_sensors__qwen3_4b,qwen3_4b,only_ambient_sensors,10940,43760,670848,88,0,10940,0.0756899999032612,2.374261000247707,2.374261000247707,4022479036,8044979952,591015601280,4022468096,82.07034599945473,82.74465999966196
opportunity++,mixed,local_only,opportunity++__only_ambient_sensors__qwen3_4b,qwen3_4b,only_ambient_sensors,10940,43760,670848,52,0,10940,0.09649000003264518,2.3448510003322385,2.3448510003322385,4022479036,8044979952,591015601280,4022468096,82.07034599945473,82.76681899951654
opportunity++,mixed,bottleneck,opportunity++__only_ambient_sensors__qwen3_4b,qwen3_4b,only_ambient_sensors,38346,153384,2680256,684,27604,10742,0.4824330007977551,3.242394000400079,3.242394000400079,4029147082,8071652136,701928117568,4029108736,81.2692520003111,82.42740800051251
opportunity++,mixed,tokenlearner,opportunity++__only_ambient_sensors__qwen3_4b,qwen3_4b,only_ambient_sensors,39374,157496,1255872,1100,27444,11930,0.45035299990558997,3.5695439992149476,3.5695439992149476,4029148110,8071656248,524958256448,4029108736,81.30560200061154,82.46909800072899
opportunity++,mixed,posthoc_vq,opportunity++__only_ambient_sensors__qwen3_4b,qwen3_4b,only_ambient_sensors,40102,160408,2729408,192,28468,11634,0.6138029993962846,3.071843998057733,3.071843998057733,4029148838,8071659160,701928166720,4029108736,81.2692520003111,82.64029900055903
opportunity++,mixed,joint_vq,opportunity++__only_ambient_sensors__qwen3_4b,qwen3_4b,only_ambient_sensors,42478,169912,1288640,81,28468,14010,0.544752999303455,2.9433959989836556,2.9433959989836556,4029151214,8071668664,524958289216,4029108736,81.30560200061154,82.67589900151506
opportunity++,mixed,deepconvlstm,opportunity++__only_ambient_sensors__qwen3_4b,qwen3_4b,only_ambient_sensors,40188,160752,2505856,13976,40188,0,0.4967819995727041,13.71719199995814,13.71719199995814,4029148924,8071659504,701927943168,4029108736,81.2692520003111,82.14154600045731
opportunity++,mixed,unrestricted_bank,opportunity++__only_ambient_sensors__qwen3_4b,qwen3_4b,only_ambient_sensors,42510,170040,1288640,81,28468,14042,0.45924300047772704,2.786605000466702,2.786605000466702,4029151246,8071668792,524958289216,4029108736,81.30560200061154,82.54613900135155
opportunity++,mixed,separate_banks,opportunity++__only_ambient_sensors__qwen3_4b,qwen3_4b,only_ambient_sensors,42510,170040,1288640,81,28468,14042,0.6165329996292712,2.941255000252463,2.941255000252463,4029151246,8071668792,524958289216,4029108736,81.30560200061154,82.61010800015356
opportunity++,mixed,fixed_resampling,opportunity++__only_ambient_sensors__qwen3_4b,qwen3_4b,only_ambient_sensors,42510,170040,1193920,81,28468,14042,0.5547929995373124,2.8074430001942208,2.8074430001942208,4029151246,8071668792,524958194496,4029108736,81.30560200061154,82.53232900096918
opportunity++,mixed,finetune_encoders,opportunity++__only_ambient_sensors__qwen3_4b,qwen3_4b,only_ambient_sensors,42510,170040,1288640,81,28468,14042,0.5630030000247643,2.890933999908052,2.890933999908052,4029151246,8071668792,524958289216,4029108736,81.30560200061154,82.60680900093575
opportunity++,mixed,no_alignment,opportunity++__only_ambient_sensors__qwen3_4b,qwen3_4b,only_ambient_sensors,42510,170040,1288640,81,28468,14042,0.5505620001713396,2.8730330004981486,2.8730330004981486,4029151246,8071668792,524958289216,4029108736,81.30560200061154,82.6063480008088
opportunity++,mixed,no_usage,opportunity++__only_ambient_sensors__qwen3_4b,qwen3_4b,only_ambient_sensors,42510,170040,1288640,81,28468,14042,0.5507229998329422,2.876504998341156,2.876504998341156,4029151246,8071668792,524958289216,4029108736,81.30560200061154,82.61329800006934
opportunity++,mixed,tcn,opportunity++__only_ambient_sensors__qwen3_4b,qwen3_4b,only_ambient_sensors,16134,64536,980160,13976,16134,0,0.5988229995637084,13.820393000414606,13.820393000414606,4029124870,8071563288,701926417472,4029108736,81.2692520003111,82.26598700002796
opportunity++,mixed,ts_transformer,opportunity++__only_ambient_sensors__qwen3_4b,qwen3_4b,only_ambient_sensors,28998,115992,2028736,13976,28998,0,0.7019039994702325,13.923323999178956,13.923323999178956,4029137734,8071614744,701927466048,4029108736,81.2692520003111,82.3345260005226
opportunity++,mixed,patchtst,opportunity++__only_ambient_sensors__qwen3_4b,qwen3_4b,only_ambient_sensors,28038,112152,13427008,13976,28038,0,0.767343999541481,13.989943999504158,13.989943999504158,4029136774,8071610904,517611488320,4029108736,81.52396300010878,82.67087999956857
opportunity++,cuda,distrixsense,opportunity++__only_body25__qwen3_4b,qwen3_4b,only_body25,53036,212144,1957440,81,28468,24568,0.5411130005086306,3.1291350005921093,3.1291350005921093,4029161772,8071710896,524958958016,4029108736,81.30560200061154,82.77703900057531
opportunity++,cuda,dense,opportunity++__only_body25__qwen3_4b,qwen3_4b,only_body25,48580,194320,3332672,4324,27444,21136,0.46865300009812927,6.344875999597879,6.344875999597879,4029157316,8071693072,701928769984,4029108736,81.2692520003111,82.54168800067418
opportunity++,cuda,dense_tokens,opportunity++__only_body25__qwen3_4b,qwen3_4b,only_body25,50956,203824,1941056,1100,27444,23512,0.44905199956701836,3.837634000769758,3.837634000769758,4029159692,8071702576,524958941632,4029108736,81.30560200061154,82.64134799992462
opportunity++,cuda,raw,opportunity++__only_body25__qwen3_4b,qwen3_4b,only_body25,48580,194320,3332672,9332,48580,0,0.8254639997176128,10.391763999793062,10.391763999793062,4029157316,8071693072,701928769984,4029108736,81.2692520003111,82.50286699967546
opportunity++,cuda,early_fusion,opportunity++__only_body25__qwen3_4b,qwen3_4b,only_body25,35908,143632,2523712,9332,35908,0,0.8224240000345162,10.388784999919613,10.388784999919613,4029144644,8071642384,701927961024,4029108736,81.2692520003111,82.50998800122034
opportunity++,cuda,late_fusion,opportunity++__only_body25__qwen3_4b,qwen3_4b,only_body25,21466,85864,1339648,88,0,21466,0.07589100005134242,2.5570529998253098,2.5570529998253098,4022489562,8045022056,591016270080,4022468096,82.07034599945473,82.88042999811296
opportunity++,cuda,local_only,opportunity++__only_body25__qwen3_4b,qwen3_4b,only_body25,21466,85864,1339648,52,0,21466,0.09727100041345693,2.567124001204758,2.567124001204758,4022489562,8045022056,591016270080,4022468096,82.07034599945473,82.90577999923698
opportunity++,cuda,bottleneck,opportunity++__only_body25__qwen3_4b,qwen3_4b,only_body25,48872,195488,3349056,684,27604,21268,0.4750620000777417,3.4601129994107644,3.4601129994107644,4029157608,8071694240,701928786368,4029108736,81.2692520003111,82.56669800084637
opportunity++,cuda,tokenlearner,opportunity++__only_body25__qwen3_4b,qwen3_4b,only_body25,49900,199600,1924672,1100,27444,22456,0.44638300005317433,3.8138450008726794,3.8138450008726794,4029158636,8071698352,524958925248,4029108736,81.30560200061154,82.8856900016035
opportunity++,cuda,posthoc_vq,opportunity++__only_body25__qwen3_4b,qwen3_4b,only_body25,50628,202512,3398208,192,28468,22160,0.574712999878102,3.338196999337373,3.338196999337373,4029159364,8071701264,701928835520,4029108736,81.2692520003111,82.83868899980007
opportunity++,cuda,joint_vq,opportunity++__only_body25__qwen3_4b,qwen3_4b,only_body25,53004,212016,1957440,81,28468,24536,0.5426830002761562,3.3035670003590756,3.3035670003590756,4029161740,8071710768,524958958016,4029108736,81.30560200061154,82.93931000116572
opportunity++,cuda,deepconvlstm,opportunity++__only_body25__qwen3_4b,qwen3_4b,only_body25,50714,202856,3174656,9332,50714,0,0.4910520001430996,10.048462999181089,10.048462999181089,4029159450,8071701608,701928611968,4029108736,81.2692520003111,82.17645600052492
opportunity++,cuda,unrestricted_bank,opportunity++__only_body25__qwen3_4b,qwen3_4b,only_body25,53036,212144,1957440,81,28468,24568,0.46297299923026003,3.0663269999712472,3.0663269999712472,4029161772,8071710896,524958958016,4029108736,81.30560200061154,82.71555000101216
opportunity++,cuda,separate_banks,opportunity++__only_body25__qwen3_4b,qwen3_4b,only_body25,53036,212144,1957440,81,28468,24568,0.5868329999429989,3.1837469987584743,3.1837469987584743,4029161772,8071710896,524958958016,4029108736,81.30560200061154,82.79054900049232
opportunity++,cuda,fixed_resampling,opportunity++__only_body25__qwen3_4b,qwen3_4b,only_body25,53036,212144,1583040,81,28468,24568,0.5492230002346332,3.1152670008231187,3.1152670008231187,4029161772,8071710896,524958583616,4029108736,81.30560200061154,82.74266999978863
opportunity++,cuda,finetune_encoders,opportunity++__only_body25__qwen3_4b,qwen3_4b,only_body25,53036,212144,1957440,81,28468,24568,0.5840129997523036,3.1751850010840688,3.1751850010840688,4029161772,8071710896,524958958016,4029108736,81.30560200061154,82.78180900106236
opportunity++,cuda,no_alignment,opportunity++__only_body25__qwen3_4b,qwen3_4b,only_body25,53036,212144,1957440,81,28468,24568,0.5457930001284694,3.1400060006780084,3.1400060006780084,4029161772,8071710896,524958958016,4029108736,81.30560200061154,82.80916900093871
opportunity++,cuda,no_usage,opportunity++__only_body25__qwen3_4b,qwen3_4b,only_body25,53036,212144,1957440,81,28468,24568,0.5447319999802858,3.1379340007623657,3.1379340007623657,4029161772,8071710896,524958958016,4029108736,81.30560200061154,82.76506000129302
opportunity++,cuda,tcn,opportunity++__only_body25__qwen3_4b,qwen3_4b,only_body25,21796,87184,1337664,9332,21796,0,0.6049630001143669,10.157393999976653,10.157393999976653,4029130532,8071585936,701926774976,4029108736,81.2692520003111,82.29514699996798
opportunity++,cuda,ts_transformer,opportunity++__only_body25__qwen3_4b,qwen3_4b,only_body25,34660,138640,2386240,9332,34660,0,0.6812629999330966,10.234782999647456,10.234782999647456,4029143396,8071637392,701927823552,4029108736,81.2692520003111,82.41087699934724
opportunity++,cuda,patchtst,opportunity++__only_body25__qwen3_4b,qwen3_4b,only_body25,32484,129936,27393984,9332,32484,0,0.7790439995005727,10.333303999574587,10.333303999574587,4029141220,8071628688,517625455296,4029108736,81.52396300010878,82.71761900050478
opportunity++,mixed,distrixsense,opportunity++__only_body25__qwen3_4b,qwen3_4b,only_body25,53036,212144,1957440,81,28468,24568,0.5569630002355552,2.8899750005001668,2.8899750005001668,4029161772,8071710896,524958958016,4029108736,81.30560200061154,82.59800800078665
opportunity++,mixed,dense,opportunity++__only_body25__qwen3_4b,qwen3_4b,only_body25,48580,194320,3332672,4324,27444,21136,0.47193299997161375,6.136535000546009,6.136535000546009,4029157316,8071693072,701928769984,4029108736,81.2692520003111,82.41918700059614
opportunity++,mixed,dense_tokens,opportunity++__only_body25__qwen3_4b,qwen3_4b,only_body25,50956,203824,1941056,1100,27444,23512,0.4497520003496902,3.5746730009076417,3.5746730009076417,4029159692,8071702576,524958941632,4029108736,81.30560200061154,82.47882800060324
opportunity++,mixed,raw,opportunity++__only_body25__qwen3_4b,qwen3_4b,only_body25,48580,194320,3332672,9332,48580,0,0.8382440000787028,10.342753998771974,10.342753998771974,4029157316,8071693072,701928769984,4029108736,81.2692520003111,82.47459799986245
opportunity++,mixed,early_fusion,opportunity++__only_body25__qwen3_4b,qwen3_4b,only_body25,35908,143632,2523712,9332,35908,0,0.8221240004786523,10.327724000377662,10.327724000377662,4029144644,8071642384,701927961024,4029108736,81.2692520003111,82.4751380005182
opportunity++,mixed,late_fusion,opportunity++__only_body25__qwen3_4b,qwen3_4b,only_body25,21466,85864,1339648,88,0,21466,0.07735999952274142,2.3622899999713174,2.3622899999713174,4022489562,8045022056,591016270080,4022468096,82.07034599945473,82.74389899997914
opportunity++,mixed,local_only,opportunity++__only_body25__qwen3_4b,qwen3_4b,only_body25,21466,85864,1339648,52,0,21466,0.11977099984505912,2.3709420004411017,2.3709420004411017,4022489562,8045022056,591016270080,4022468096,82.07034599945473,82.75876999960019
opportunity++,mixed,bottleneck,opportunity++__only_body25__qwen3_4b,qwen3_4b,only_body25,48872,195488,3349056,684,27604,21268,0.47690300016256515,3.249484999533731,3.249484999533731,4029157608,8071694240,701928786368,4029108736,81.2692520003111,82.43930800017552
opportunity++,mixed,tokenlearner,opportunity++__only_body25__qwen3_4b,qwen3_4b,only_body25,49900,199600,1924672,1100,27444,22456,0.4514920001383871,3.575123000696185,3.575123000696185,4029158636,8071698352,524958925248,4029108736,81.30560200061154,82.45924700077012
opportunity++,mixed,posthoc_vq,opportunity++__only_body25__qwen3_4b,qwen3_4b,only_body25,50628,202512,3398208,192,28468,22160,0.7963739999468089,3.250875000574882,3.250875000574882,4029159364,8071701264,701928835520,4029108736,81.2692520003111,82.6534689995242
opportunity++,mixed,joint_vq,opportunity++__only_body25__qwen3_4b,qwen3_4b,only_body25,53004,212016,1957440,81,28468,24536,0.550003000171273,2.956714000021643,2.956714000021643,4029161740,8071710768,524958958016,4029108736,81.30560200061154,82.67578900176886
opportunity++,mixed,deepconvlstm,opportunity++__only_body25__qwen3_4b,qwen3_4b,only_body25,50714,202856,3174656,9332,50714,0,0.7614829992235173,10.267542999714811,10.267542999714811,4029159450,8071701608,701928611968,4029108736,81.2692520003111,82.13681600136624
opportunity++,mixed,unrestricted_bank,opportunity++__only_body25__qwen3_4b,qwen3_4b,only_body25,53036,212144,1957440,81,28468,24568,0.46172299971658504,2.7889449993671267,2.7889449993671267,4029161772,8071710896,524958958016,4029108736,81.30560200061154,82.52580700172985
opportunity++,mixed,separate_banks,opportunity++__only_body25__qwen3_4b,qwen3_4b,only_body25,53036,212144,1957440,81,28468,24568,0.5634429999190615,2.8883939994847285,2.8883939994847285,4029161772,8071710896,524958958016,4029108736,81.30560200061154,82.61352799945598
opportunity++,mixed,fixed_resampling,opportunity++__only_body25__qwen3_4b,qwen3_4b,only_body25,53036,212144,1583040,81,28468,24568,0.5465220001497073,2.8007929995800485,2.8007929995800485,4029161772,8071710896,524958583616,4029108736,81.30560200061154,82.66739999999118
opportunity++,mixed,finetune_encoders,opportunity++__only_body25__qwen3_4b,qwen3_4b,only_body25,53036,212144,1957440,81,28468,24568,0.5422229996838723,2.866263998868712,2.866263998868712,4029161772,8071710896,524958958016,4029108736,81.30560200061154,82.61660800053505
opportunity++,mixed,no_alignment,opportunity++__only_body25__qwen3_4b,qwen3_4b,only_body25,53036,212144,1957440,81,28468,24568,0.5599919995802338,2.885742997961538,2.885742997961538,4029161772,8071710896,524958958016,4029108736,81.30560200061154,82.59578900106135
opportunity++,mixed,no_usage,opportunity++__only_body25__qwen3_4b,qwen3_4b,only_body25,53036,212144,1957440,81,28468,24568,0.5527829998754896,2.8798340008796774,2.8798340008796774,4029161772,8071710896,524958958016,4029108736,81.30560200061154,82.62618900153029
opportunity++,mixed,tcn,opportunity++__only_body25__qwen3_4b,qwen3_4b,only_body25,21796,87184,1337664,9332,21796,0,0.7686629996896954,10.270532999017183,10.270532999017183,4029130532,8071585936,701926774976,4029108736,81.2692520003111,82.24797700040654
opportunity++,mixed,ts_transformer,opportunity++__only_body25__qwen3_4b,qwen3_4b,only_body25,34660,138640,2386240,9332,34660,0,0.6979929994486156,10.198462999029749,10.198462999029749,4029143396,8071637392,701927823552,4029108736,81.2692520003111,82.41226799964352
opportunity++,mixed,patchtst,opportunity++__only_body25__qwen3_4b,qwen3_4b,only_body25,32484,129936,27393984,9332,32484,0,0.7815339995431714,10.287773999040388,10.287773999040388,4029141220,8071628688,517625455296,4029108736,81.52396300010878,82.67398000043613
opportunity++,cuda,distrixsense,opportunity++__only_body_sensors__qwen3_4b,qwen3_4b,only_body_sensors,79986,319944,3673280,81,28468,51518,0.5502229996636743,3.1348860002543777,3.1348860002543777,4029188722,8071818696,524960673856,4029108736,81.30560200061154,82.77365900084988
opportunity++,cuda,dense,opportunity++__only_body_sensors__qwen3_4b,qwen3_4b,only_body_sensors,75530,302120,5048512,4324,27444,48086,0.46674199984408915,6.313803999869141,6.313803999869141,4029184266,8071800872,701930485824,4029108736,81.2692520003111,82.52549800181441
opportunity++,cuda,dense_tokens,opportunity++__only_body_sensors__qwen3_4b,qwen3_4b,only_body_sensors,77906,311624,3656896,1100,27444,50462,0.44134200015832903,3.8358539995850878,3.8358539995850878,4029186642,8071810376,524960657472,4029108736,81.30560200061154,82.72955900065426
opportunity++,cuda,raw,opportunity++__only_body_sensors__qwen3_4b,qwen3_4b,only_body_sensors,75530,302120,5048512,53584,75530,0,0.8187350003936444,45.794455000533475,45.794455000533475,4029184266,8071800872,701930485824,4029108736,81.2692520003111,82.52170700052375
opportunity++,cuda,early_fusion,opportunity++__only_body_sensors__qwen3_4b,qwen3_4b,only_body_sensors,53898,215592,3666112,53584,53898,0,0.8227640000768588,45.79513400017399,45.79513400017399,4029162634,8071714344,701929103424,4029108736,81.2692520003111,82.51476800069213
opportunity++,cuda,late_fusion,opportunity++__only_body_sensors__qwen3_4b,qwen3_4b,only_body_sensors,48416,193664,3055488,88,0,48416,0.07559999994555255,2.5572630003329597,2.5572630003329597,4022516512,8045129856,591017985920,4022468096,82.07034599945473,82.8766699987682
opportunity++,cuda,local_only,opportunity++__only_body_sensors__qwen3_4b,qwen3_4b,only_body_sensors,48416,193664,3055488,52,0,48416,0.09244099965144414,2.5518039995108497,2.5518039995108497,4022516512,8045129856,591017985920,4022468096,82.07034599945473,82.90186999965954
opportunity++,cuda,bottleneck,opportunity++__only_body_sensors__qwen3_4b,qwen3_4b,only_body_sensors,75822,303288,5064896,684,27604,48218,0.47398300011991523,3.449164998774929,3.449164998774929,4029184558,8071802040,701930502208,4029108736,81.2692520003111,82.57137900091038
opportunity++,cuda,tokenlearner,opportunity++__only_body_sensors__qwen3_4b,qwen3_4b,only_body_sensors,76850,307400,3640512,1100,27444,49406,0.4457619997992879,3.8053940006601623,3.8053940006601623,4029185586,8071806152,524960641088,4029108736,81.30560200061154,82.61934800066228
opportunity++,cuda,posthoc_vq,opportunity++__only_body_sensors__qwen3_4b,qwen3_4b,only_body_sensors,77578,310312,5114048,192,28468,49110,0.5665429998771288,3.3204969982565613,3.3204969982565613,4029186314,8071809064,701930551360,4029108736,81.2692520003111,82.84271000047738
opportunity++,cuda,joint_vq,opportunity++__only_body_sensors__qwen3_4b,qwen3_4b,only_body_sensors,79954,319816,3673280,81,28468,51486,0.5494920005730819,3.3008250002529937,3.3008250002529937,4029188690,8071818568,524960673856,4029108736,81.30560200061154,82.94461100103945
opportunity++,cuda,deepconvlstm,opportunity++__only_body_sensors__qwen3_4b,qwen3_4b,only_body_sensors,77664,310656,4890496,53584,77664,0,0.48420300026918994,45.45184300127525,45.45184300127525,4029186400,8071809408,701930327808,4029108736,81.2692520003111,82.18794600088586
opportunity++,cuda,unrestricted_bank,opportunity++__only_body_sensors__qwen3_4b,qwen3_4b,only_body_sensors,79986,319944,3673280,81,28468,51518,0.46332200054166606,3.0627740007111104,3.0627740007111104,4029188722,8071818696,524960673856,4029108736,81.30560200061154,82.69934000054491
opportunity++,cuda,separate_banks,opportunity++__only_body_sensors__qwen3_4b,qwen3_4b,only_body_sensors,79986,319944,3673280,81,28468,51518,0.5640529998345301,3.152416000404523,3.152416000404523,4029188722,8071818696,524960673856,4029108736,81.30560200061154,82.80954000110796
opportunity++,cuda,fixed_resampling,opportunity++__only_body_sensors__qwen3_4b,qwen3_4b,only_body_sensors,79986,319944,2299840,81,28468,51518,0.5491829997481545,3.116705999702285,3.116705999702285,4029188722,8071818696,524959300416,4029108736,81.30560200061154,82.72458900046331
opportunity++,cuda,finetune_encoders,opportunity++__only_body_sensors__qwen3_4b,qwen3_4b,only_body_sensors,79986,319944,3673280,81,28468,51518,0.5513830001291353,3.135855999091186,3.135855999091186,4029188722,8071818696,524960673856,4029108736,81.30560200061154,82.75953000065783
opportunity++,cuda,no_alignment,opportunity++__only_body_sensors__qwen3_4b,qwen3_4b,only_body_sensors,79986,319944,3673280,81,28468,51518,0.5404230005296995,3.138525001333514,3.138525001333514,4029188722,8071818696,524960673856,4029108736,81.30560200061154,82.76010900044639
opportunity++,cuda,no_usage,opportunity++__only_body_sensors__qwen3_4b,qwen3_4b,only_body_sensors,79986,319944,3673280,81,28468,51518,0.5497230004039011,3.1461459994096774,3.1461459994096774,4029188722,8071818696,524960673856,4029108736,81.30560200061154,82.78001000144286
opportunity++,cuda,tcn,opportunity++__only_body_sensors__qwen3_4b,qwen3_4b,only_body_sensors,39786,159144,2480064,53584,39786,0,0.6125139998403029,45.58581499964143,45.58581499964143,4029148522,8071657896,701927917376,4029108736,81.2692520003111,82.32357800079626
opportunity++,cuda,ts_transformer,opportunity++__only_body_sensors__qwen3_4b,qwen3_4b,only_body_sensors,52650,210600,3528640,53584,52650,0,0.6841439999334398,45.66140399924856,45.66140399924856,4029161386,8071709352,701928965952,4029108736,81.2692520003111,82.39318800042383
opportunity++,cuda,patchtst,opportunity++__only_body_sensors__qwen3_4b,qwen3_4b,only_body_sensors,48234,192936,53606464,53584,48234,0,0.7684540005357121,45.74441600084478,45.74441600084478,4029156970,8071691688,517651667776,4029108736,81.52396300010878,82.72289900014584
opportunity++,mixed,distrixsense,opportunity++__only_body_sensors__qwen3_4b,qwen3_4b,only_body_sensors,79986,319944,3673280,81,28468,51518,0.5508430003828835,2.888684000965336,2.888684000965336,4029188722,8071818696,524960673856,4029108736,81.30560200061154,82.68850800050132
opportunity++,mixed,dense,opportunity++__only_body_sensors__qwen3_4b,qwen3_4b,only_body_sensors,75530,302120,5048512,4324,27444,48086,0.509833000251092,6.174284000148636,6.174284000148636,4029184266,8071800872,701930485824,4029108736,81.2692520003111,82.45401900057914
opportunity++,mixed,dense_tokens,opportunity++__only_body_sensors__qwen3_4b,qwen3_4b,only_body_sensors,77906,311624,3656896,1100,27444,50462,0.4482419999476406,3.7178349994018207,3.7178349994018207,4029186642,8071810376,524960657472,4029108736,81.30560200061154,82.60179900025832
opportunity++,mixed,raw,opportunity++__only_body_sensors__qwen3_4b,qwen3_4b,only_body_sensors,75530,302120,5048512,53584,75530,0,0.8313339994856506,45.74827499959733,45.74827499959733,4029184266,8071800872,701930485824,4029108736,81.2692520003111,82.49066800090077
opportunity++,mixed,early_fusion,opportunity++__only_body_sensors__qwen3_4b,qwen3_4b,only_body_sensors,53898,215592,3666112,53584,53898,0,0.8226540003306582,45.73792499991336,45.73792499991336,4029162634,8071714344,701929103424,4029108736,81.2692520003111,82.47942800062447
opportunity++,mixed,late_fusion,opportunity++__only_body_sensors__qwen3_4b,qwen3_4b,only_body_sensors,48416,193664,3055488,88,0,48416,0.08238099962909473,2.3722719989995587,2.3722719989995587,4022516512,8045129856,591017985920,4022468096,82.07034599945473,82.76410899907205
opportunity++,mixed,local_only,opportunity++__only_body_sensors__qwen3_4b,qwen3_4b,only_body_sensors,48416,193664,3055488,52,0,48416,0.0911110000743065,2.3549730006084078,2.3549730006084078,4022516512,8045129856,591017985920,4022468096,82.07034599945473,82.79036899966741
opportunity++,mixed,bottleneck,opportunity++__only_body_sensors__qwen3_4b,qwen3_4b,only_body_sensors,75822,303288,5064896,684,27604,48218,0.4875720005657058,3.257163000190328,3.257163000190328,4029184558,8071802040,701930502208,4029108736,81.2692520003111,82.57531800063589
opportunity++,mixed,tokenlearner,opportunity++__only_body_sensors__qwen3_4b,qwen3_4b,only_body_sensors,76850,307400,3640512,1100,27444,49406,0.44670199986285297,3.5798829994699917,3.5798829994699917,4029185586,8071806152,524960641088,4029108736,81.30560200061154,82.47552900047594
opportunity++,mixed,posthoc_vq,opportunity++__only_body_sensors__qwen3_4b,qwen3_4b,only_body_sensors,77578,310312,5114048,192,28468,49110,0.5775629997515352,3.053313999388041,3.053313999388041,4029186314,8071809064,701930551360,4029108736,81.2692520003111,82.65962900077284
opportunity++,mixed,joint_vq,opportunity++__only_body_sensors__qwen3_4b,qwen3_4b,only_body_sensors,79954,319816,3673280,81,28468,51486,0.5580930001087836,2.9724039996216423,2.9724039996216423,4029188690,8071818568,524960673856,4029108736,81.30560200061154,82.67741899999237
opportunity++,mixed,deepconvlstm,opportunity++__only_body_sensors__qwen3_4b,qwen3_4b,only_body_sensors,77664,310656,4890496,53584,77664,0,0.489112999275676,45.405922998498994,45.405922998498994,4029186400,8071809408,701930327808,4029108736,81.2692520003111,82.16053700016346
opportunity++,mixed,unrestricted_bank,opportunity++__only_body_sensors__qwen3_4b,qwen3_4b,only_body_sensors,79986,319944,3673280,81,28468,51518,0.45960199986438965,2.810852999602398,2.810852999602398,4029188722,8071818696,524960673856,4029108736,81.30560200061154,82.5547579997874
opportunity++,mixed,separate_banks,opportunity++__only_body_sensors__qwen3_4b,qwen3_4b,only_body_sensors,79986,319944,3673280,81,28468,51518,0.557953000679845,2.9063050006078672,2.9063050006078672,4029188722,8071818696,524960673856,4029108736,81.30560200061154,82.66202800132305
opportunity++,mixed,fixed_resampling,opportunity++__only_body_sensors__qwen3_4b,qwen3_4b,only_body_sensors,79986,319944,2299840,81,28468,51518,0.5670629998348886,2.829952999520069,2.829952999520069,4029188722,8071818696,524959300416,4029108736,81.30560200061154,82.53005799997482
opportunity++,mixed,finetune_encoders,opportunity++__only_body_sensors__qwen3_4b,qwen3_4b,only_body_sensors,79986,319944,3673280,81,28468,51518,0.5543030001717852,2.9053260005019954,2.9053260005019954,4029188722,8071818696,524960673856,4029108736,81.30560200061154,82.6217980002184
opportunity++,mixed,no_alignment,opportunity++__only_body_sensors__qwen3_4b,qwen3_4b,only_body_sensors,79986,319944,3673280,81,28468,51518,0.5536429998755921,2.895044000098901,2.895044000098901,4029188722,8071818696,524960673856,4029108736,81.30560200061154,82.62649800053623
opportunity++,mixed,no_usage,opportunity++__only_body_sensors__qwen3_4b,qwen3_4b,only_body_sensors,79986,319944,3673280,81,28468,51518,0.5499829994732863,2.8935559994641924,2.8935559994641924,4029188722,8071818696,524960673856,4029108736,81.30560200061154,82.68786900043779
opportunity++,mixed,tcn,opportunity++__only_body_sensors__qwen3_4b,qwen3_4b,only_body_sensors,39786,159144,2480064,53584,39786,0,0.7026140001471504,45.61961400099912,45.61961400099912,4029148522,8071657896,701927917376,4029108736,81.2692520003111,82.2633779998796
opportunity++,mixed,ts_transformer,opportunity++__only_body_sensors__qwen3_4b,qwen3_4b,only_body_sensors,52650,210600,3528640,53584,52650,0,1.098556000215467,46.01680599967162,46.01680599967162,4029161386,8071709352,701928965952,4029108736,81.2692520003111,82.39794699966296
opportunity++,mixed,patchtst,opportunity++__only_body_sensors__qwen3_4b,qwen3_4b,only_body_sensors,48234,192936,53606464,53584,48234,0,0.7797239995852578,45.69620399866048,45.69620399866048,4029156970,8071691688,517651667776,4029108736,81.52396300010878,82.68645899988769
opportunity++,cuda,distrixsense,opportunity++__only_object_sensors__qwen3_4b,qwen3_4b,only_object_sensors,48536,194144,1671360,81,28468,20068,0.5461930004457827,3.133316000486852,3.133316000486852,4029157272,8071692896,524958671936,4029108736,81.30560200061154,82.77941900087171
opportunity++,cuda,dense,opportunity++__only_object_sensors__qwen3_4b,qwen3_4b,only_object_sensors,44080,176320,3046592,4324,27444,16636,0.47383299988723593,6.3082640002492,6.3082640002492,4029152816,8071675072,701928483904,4029108736,81.2692520003111,82.71935899938399
opportunity++,cuda,dense_tokens,opportunity++__only_object_sensors__qwen3_4b,qwen3_4b,only_object_sensors,46456,185824,1654976,1100,27444,19012,0.45593300001200987,4.093006000398309,4.093006000398309,4029155192,8071684576,524958655552,4029108736,81.30560200061154,82.99370100030501
opportunity++,cuda,raw,opportunity++__only_object_sensors__qwen3_4b,qwen3_4b,only_object_sensors,44080,176320,3046592,22396,44080,0,0.8198639998227009,20.832214000701274,20.832214000701274,4029152816,8071675072,701928483904,4029108736,81.2692520003111,82.52857899969968
opportunity++,cuda,early_fusion,opportunity++__only_object_sensors__qwen3_4b,qwen3_4b,only_object_sensors,33328,133312,2360512,22396,33328,0,0.8311040000990033,20.848455000385943,20.848455000385943,4029142064,8071632064,701927797824,4029108736,81.2692520003111,82.52820800043992
opportunity++,cuda,late_fusion,opportunity++__only_object_sensors__qwen3_4b,qwen3_4b,only_object_sensors,16966,67864,1053568,88,0,16966,0.11189999986527255,2.596171999491553,2.596171999491553,4022485062,8045004056,591015984000,4022468096,82.07034599945473,82.89501999934146
opportunity++,cuda,local_only,opportunity++__only_object_sensors__qwen3_4b,qwen3_4b,only_object_sensors,16966,67864,1053568,52,0,16966,0.09138099994743243,2.5574320009286398,2.5574320009286398,4022485062,8045004056,591015984000,4022468096,82.07034599945473,83.19477099939832
opportunity++,cuda,bottleneck,opportunity++__only_object_sensors__qwen3_4b,qwen3_4b,only_object_sensors,44372,177488,3062976,684,27604,16768,0.47522299973934423,3.4279559997876525,3.4279559997876525,4029153108,8071676240,701928500288,4029108736,81.2692520003111,82.5617680002324
opportunity++,cuda,tokenlearner,opportunity++__only_object_sensors__qwen3_4b,qwen3_4b,only_object_sensors,45400,181600,1638592,1100,27444,17956,0.4538220000540605,4.101685000018624,4.101685000018624,4029154136,8071680352,524958639168,4029108736,81.30560200061154,82.62158800062025
opportunity++,cuda,posthoc_vq,opportunity++__only_object_sensors__qwen3_4b,qwen3_4b,only_object_sensors,46128,184512,3112128,192,28468,17660,0.5847729999004514,3.3609159996361937,3.3609159996361937,4029154864,8071683264,701928549440,4029108736,81.2692520003111,82.85545099897718
opportunity++,cuda,joint_vq,opportunity++__only_object_sensors__qwen3_4b,qwen3_4b,only_object_sensors,48504,194016,1671360,81,28468,20036,0.5487329999596113,3.296115998666105,3.296115998666105,4029157240,8071692768,524958671936,4029108736,81.30560200061154,82.92645000074117
opportunity++,cuda,deepconvlstm,opportunity++__only_object_sensors__qwen3_4b,qwen3_4b,only_object_sensors,46214,184856,2888576,22396,46214,0,0.48951200005831197,20.49992300006946,20.49992300006946,4029154950,8071683608,701928325888,4029108736,81.2692520003111,82.18819700050517
opportunity++,cuda,unrestricted_bank,opportunity++__only_object_sensors__qwen3_4b,qwen3_4b,only_object_sensors,48536,194144,1671360,81,28468,20068,0.4654019994632108,3.049534998382919,3.049534998382919,4029157272,8071692896,524958671936,4029108736,81.30560200061154,82.70639900092647
opportunity++,cuda,separate_banks,opportunity++__only_object_sensors__qwen3_4b,qwen3_4b,only_object_sensors,48536,194144,1671360,81,28468,20068,0.5539829999179346,3.1466559994731913,3.1466559994731913,4029157272,8071692896,524958671936,4029108736,81.30560200061154,82.77656000063871
opportunity++,cuda,fixed_resampling,opportunity++__only_object_sensors__qwen3_4b,qwen3_4b,only_object_sensors,48536,194144,1429440,81,28468,20068,0.554113000362122,3.107136000864452,3.107136000864452,4029157272,8071692896,524958430016,4029108736,81.30560200061154,82.72458000101324
opportunity++,cuda,finetune_encoders,opportunity++__only_object_sensors__qwen3_4b,qwen3_4b,only_object_sensors,48536,194144,1671360,81,28468,20068,0.5499429998963024,3.1285150007823948,3.1285150007823948,4029157272,8071692896,524958671936,4029108736,81.30560200061154,82.78796900049201
opportunity++,cuda,no_alignment,opportunity++__only_object_sensors__qwen3_4b,qwen3_4b,only_object_sensors,48536,194144,1671360,81,28468,20068,0.5453330004456802,3.126665002156992,3.126665002156992,4029157272,8071692896,524958671936,4029108736,81.30560200061154,82.77765000093495
opportunity++,cuda,no_usage,opportunity++__only_object_sensors__qwen3_4b,qwen3_4b,only_object_sensors,48536,194144,1671360,81,28468,20068,0.5362629999581259,3.128755000063288,3.128755000063288,4029157272,8071692896,524958671936,4029108736,81.30560200061154,82.76175900027738
opportunity++,cuda,tcn,opportunity++__only_object_sensors__qwen3_4b,qwen3_4b,only_object_sensors,19216,76864,1174464,22396,19216,0,0.5964230003883131,20.60742400052644,20.60742400052644,4029127952,8071575616,701926611776,4029108736,81.2692520003111,82.29038700119418
opportunity++,cuda,ts_transformer,opportunity++__only_object_sensors__qwen3_4b,qwen3_4b,only_object_sensors,32080,128320,2223040,22396,32080,0,0.6839229999968666,20.6971740008967,20.6971740008967,4029140816,8071627072,701927660352,4029108736,81.2692520003111,82.38191700093012
opportunity++,cuda,patchtst,opportunity++__only_object_sensors__qwen3_4b,qwen3_4b,only_object_sensors,30384,121536,21858624,22396,30384,0,0.7785540001350455,20.800614000189885,20.800614000189885,4029139120,8071620288,517619919936,4029108736,81.52396300010878,82.71969899942633
opportunity++,mixed,distrixsense,opportunity++__only_object_sensors__qwen3_4b,qwen3_4b,only_object_sensors,48536,194144,1671360,81,28468,20068,0.6556429998454405,3.0395340000103577,3.0395340000103577,4029157272,8071692896,524958671936,4029108736,81.30560200061154,82.77365899994038
opportunity++,mixed,dense,opportunity++__only_object_sensors__qwen3_4b,qwen3_4b,only_object_sensors,44080,176320,3046592,4324,27444,16636,0.5687329994543688,6.27308499984314,6.27308499984314,4029152816,8071675072,701928483904,4029108736,81.2692520003111,82.5514980015214
opportunity++,mixed,dense_tokens,opportunity++__only_object_sensors__qwen3_4b,qwen3_4b,only_object_sensors,46456,185824,1654976,1100,27444,19012,0.5514229997061193,3.7406049996160435,3.7406049996160435,4029155192,8071684576,524958655552,4029108736,81.30560200061154,82.61652900091576
opportunity++,mixed,raw,opportunity++__only_object_sensors__qwen3_4b,qwen3_4b,only_object_sensors,44080,176320,3046592,22396,44080,0,0.8164439996107831,20.773345000715413,20.773345000715413,4029152816,8071675072,701928483904,4029108736,81.2692520003111,82.47348900022189
opportunity++,mixed,early_fusion,opportunity++__only_object_sensors__qwen3_4b,qwen3_4b,only_object_sensors,33328,133312,2360512,22396,33328,0,0.8340940003108699,20.794184001796598,20.794184001796598,4029142064,8071632064,701927797824,4029108736,81.2692520003111,82.48059800007468
opportunity++,mixed,late_fusion,opportunity++__only_object_sensors__qwen3_4b,qwen3_4b,only_object_sensors,16966,67864,1053568,88,0,16966,0.07606000053783646,2.356541000287898,2.356541000287898,4022485062,8045004056,591015984000,4022468096,82.07034599945473,82.7345889983917
opportunity++,mixed,local_only,opportunity++__only_object_sensors__qwen3_4b,qwen3_4b,only_object_sensors,16966,67864,1053568,52,0,16966,0.09446999956708169,2.34455099986688,2.34455099986688,4022485062,8045004056,591015984000,4022468096,82.07034599945473,82.76986999862856
opportunity++,mixed,bottleneck,opportunity++__only_object_sensors__qwen3_4b,qwen3_4b,only_object_sensors,44372,177488,3062976,684,27604,16768,0.4859829996348708,3.247513999914215,3.247513999914215,4029153108,8071676240,701928500288,4029108736,81.2692520003111,82.46094800051651
opportunity++,mixed,tokenlearner,opportunity++__only_object_sensors__qwen3_4b,qwen3_4b,only_object_sensors,45400,181600,1638592,1100,27444,17956,0.508393000018259,3.6300739993702154,3.6300739993702154,4029154136,8071680352,524958639168,4029108736,81.30560200061154,82.45998800066445
opportunity++,mixed,posthoc_vq,opportunity++__only_object_sensors__qwen3_4b,qwen3_4b,only_object_sensors,46128,184512,3112128,192,28468,17660,0.5813429997942876,3.0364739992168266,3.0364739992168266,4029154864,8071683264,701928549440,4029108736,81.2692520003111,82.6763100003518
opportunity++,mixed,joint_vq,opportunity++__only_object_sensors__qwen3_4b,qwen3_4b,only_object_sensors,48504,194016,1671360,81,28468,20036,0.565712000025087,3.0473139995882637,3.0473139995882637,4029157240,8071692768,524958671936,4029108736,81.30560200061154,82.67621900176891
opportunity++,mixed,deepconvlstm,opportunity++__only_object_sensors__qwen3_4b,qwen3_4b,only_object_sensors,46214,184856,2888576,22396,46214,0,0.5776729994977359,20.54910399882741,20.54910399882741,4029154950,8071683608,701928325888,4029108736,81.2692520003111,82.25585800119006
opportunity++,mixed,unrestricted_bank,opportunity++__only_object_sensors__qwen3_4b,qwen3_4b,only_object_sensors,48536,194144,1671360,81,28468,20068,0.557973000468337,2.9436640016064164,2.9436640016064164,4029157272,8071692896,524958671936,4029108736,81.30560200061154,82.69388999997318
opportunity++,mixed,separate_banks,opportunity++__only_object_sensors__qwen3_4b,qwen3_4b,only_object_sensors,48536,194144,1671360,81,28468,20068,0.6028729994795867,2.9312150000186055,2.9312150000186055,4029157272,8071692896,524958671936,4029108736,81.30560200061154,82.63664900096046
opportunity++,mixed,fixed_resampling,opportunity++__only_object_sensors__qwen3_4b,qwen3_4b,only_object_sensors,48536,194144,1429440,81,28468,20068,0.6514529995911289,2.9522739996826974,2.9522739996826974,4029157272,8071692896,524958430016,4029108736,81.30560200061154,82.76684900010878
opportunity++,mixed,finetune_encoders,opportunity++__only_object_sensors__qwen3_4b,qwen3_4b,only_object_sensors,48536,194144,1671360,81,28468,20068,0.6741039996995823,3.070535999569879,3.070535999569879,4029157272,8071692896,524958671936,4029108736,81.30560200061154,82.74056000027485
opportunity++,mixed,no_alignment,opportunity++__only_object_sensors__qwen3_4b,qwen3_4b,only_object_sensors,48536,194144,1671360,81,28468,20068,0.5897930004721275,2.97846500055301,2.97846500055301,4029157272,8071692896,524958671936,4029108736,81.30560200061154,82.77021900084947
opportunity++,mixed,no_usage,opportunity++__only_object_sensors__qwen3_4b,qwen3_4b,only_object_sensors,48536,194144,1671360,81,28468,20068,0.6560029996762751,3.0468260011110804,3.0468260011110804,4029157272,8071692896,524958671936,4029108736,81.30560200061154,82.77834000091389
opportunity++,mixed,tcn,opportunity++__only_object_sensors__qwen3_4b,qwen3_4b,only_object_sensors,19216,76864,1174464,22396,19216,0,0.7146429998101667,20.683763000387476,20.683763000387476,4029127952,8071575616,701926611776,4029108736,81.2692520003111,82.38628799972503
opportunity++,mixed,ts_transformer,opportunity++__only_object_sensors__qwen3_4b,qwen3_4b,only_object_sensors,32080,128320,2223040,22396,32080,0,0.8108050005830592,20.783244999701342,20.783244999701342,4029140816,8071627072,701927660352,4029108736,81.2692520003111,82.48519799963105
opportunity++,mixed,patchtst,opportunity++__only_object_sensors__qwen3_4b,qwen3_4b,only_object_sensors,30384,121536,21858624,22396,30384,0,0.8675750004840665,20.83106500057423,20.83106500057423,4029139120,8071620288,517619919936,4029108736,81.52396300010878,82.82506900013686
opportunity++,cuda,distrixsense,opportunity++__only_rgb__qwen3_4b,qwen3_4b,only_rgb,103580,414320,5177280,81,28468,75112,0.5453829999169102,3.162494998861698,3.162494998861698,4029212316,8071913072,524962177856,4029108736,81.30560200061154,82.78597900061868
opportunity++,cuda,dense,opportunity++__only_rgb__qwen3_4b,qwen3_4b,only_rgb,99124,396496,6552512,4324,27444,71680,0.4647619998650043,6.314564000926784,6.314564000926784,4029207860,8071895248,701931989824,4029108736,81.2692520003111,82.52629799972055
opportunity++,cuda,dense_tokens,opportunity++__only_rgb__qwen3_4b,qwen3_4b,only_rgb,101500,406000,5160896,1100,27444,74056,0.4468419992917916,3.835873998464085,3.835873998464085,4029210236,8071904752,524962161472,4029108736,81.30560200061154,82.66231800098467
opportunity++,cuda,raw,opportunity++__only_rgb__qwen3_4b,qwen3_4b,only_rgb,99124,396496,6552512,23624,99124,0,0.8169540005837916,21.811926000933617,21.811926000933617,4029207860,8071895248,701931989824,4029108736,81.2692520003111,82.50214899999264
opportunity++,cuda,early_fusion,opportunity++__only_rgb__qwen3_4b,qwen3_4b,only_rgb,71476,285904,4785088,23624,71476,0,0.8278639998025028,21.831294999370748,21.831294999370748,4029180212,8071784656,701930222400,4029108736,81.2692520003111,82.52487800018571
opportunity++,cuda,late_fusion,opportunity++__only_rgb__qwen3_4b,qwen3_4b,only_rgb,72010,288040,4559488,88,0,72010,0.07985100000951206,2.5598839994449283,2.5598839994449283,4022540106,8045224232,591019489920,4022468096,82.07034599945473,82.87164000012126
opportunity++,cuda,local_only,opportunity++__only_rgb__qwen3_4b,qwen3_4b,only_rgb,72010,288040,4559488,52,0,72010,0.0915000000532018,2.5570310001671546,2.5570310001671546,4022540106,8045224232,591019489920,4022468096,82.07034599945473,82.91646099951322
opportunity++,cuda,bottleneck,opportunity++__only_rgb__qwen3_4b,qwen3_4b,only_rgb,99416,397664,6568896,684,27604,71812,0.4755829995701788,3.433193998963386,3.433193998963386,4029208152,8071896416,701932006208,4029108736,81.2692520003111,82.56259800145926
opportunity++,cuda,tokenlearner,opportunity++__only_rgb__qwen3_4b,qwen3_4b,only_rgb,100444,401776,5144512,1100,27444,73000,0.4501920002439874,3.820694000746589,3.820694000746589,4029209180,8071900528,524962145088,4029108736,81.30560200061154,82.6401900003475
opportunity++,cuda,posthoc_vq,opportunity++__only_rgb__qwen3_4b,qwen3_4b,only_rgb,101172,404688,6618048,192,28468,72704,0.5962129998806631,3.354865999043244,3.354865999043244,4029209908,8071903440,701932055360,4029108736,81.2692520003111,82.84161000028689
opportunity++,cuda,joint_vq,opportunity++__only_rgb__qwen3_4b,qwen3_4b,only_rgb,103548,414192,5177280,81,28468,75080,0.5482019996634335,3.2946350002311053,3.2946350002311053,4029212284,8071912944,524962177856,4029108736,81.30560200061154,82.91889000065567
opportunity++,cuda,deepconvlstm,opportunity++__only_rgb__qwen3_4b,qwen3_4b,only_rgb,101258,405032,6394496,23624,101258,0,0.47604200062778546,21.474602999857034,21.474602999857034,4029209994,8071903784,701931831808,4029108736,81.2692520003111,82.20745699964027
opportunity++,cuda,unrestricted_bank,opportunity++__only_rgb__qwen3_4b,qwen3_4b,only_rgb,103580,414320,5177280,81,28468,75112,0.4550319999907515,3.048134000011382,3.048134000011382,4029212316,8071913072,524962177856,4029108736,81.30560200061154,82.69835800092551
opportunity++,cuda,separate_banks,opportunity++__only_rgb__qwen3_4b,qwen3_4b,only_rgb,103580,414320,5177280,81,28468,75112,0.5766829999629408,3.169366000321938,3.169366000321938,4029212316,8071913072,524962177856,4029108736,81.30560200061154,82.78374900055496
opportunity++,cuda,fixed_resampling,opportunity++__only_rgb__qwen3_4b,qwen3_4b,only_rgb,103580,414320,2781120,81,28468,75112,0.5514129998118733,3.200395999585348,3.200395999585348,4029212316,8071913072,524959781696,4029108736,81.30560200061154,82.72850800040032
opportunity++,cuda,finetune_encoders,opportunity++__only_rgb__qwen3_4b,qwen3_4b,only_rgb,103580,414320,5177280,81,28468,75112,0.5546530001083738,3.136726000804524,3.136726000804524,4029212316,8071913072,524962177856,4029108736,81.30560200061154,82.7863200011052
opportunity++,cuda,no_alignment,opportunity++__only_rgb__qwen3_4b,qwen3_4b,only_rgb,103580,414320,5177280,81,28468,75112,0.5517730005522026,3.14009500110104,3.14009500110104,4029212316,8071913072,524962177856,4029108736,81.30560200061154,82.76387000023533
opportunity++,cuda,no_usage,opportunity++__only_rgb__qwen3_4b,qwen3_4b,only_rgb,103580,414320,5177280,81,28468,75112,0.5420830002549337,3.1259859997879946,3.1259859997879946,4029212316,8071913072,524962177856,4029108736,81.30560200061154,82.77827900201373
opportunity++,cuda,tcn,opportunity++__only_rgb__qwen3_4b,qwen3_4b,only_rgb,57364,229456,3599040,23624,57364,0,0.5948329999228008,21.594464000569296,21.594464000569296,4029166100,8071728208,701929036352,4029108736,81.2692520003111,82.28320600028383
opportunity++,cuda,ts_transformer,opportunity++__only_rgb__qwen3_4b,qwen3_4b,only_rgb,70228,280912,4647616,23624,70228,0,0.6996530000833445,21.69648500077181,21.69648500077181,4029178964,8071779664,701930084928,4029108736,81.2692520003111,82.38828699995793
opportunity++,cuda,patchtst,opportunity++__only_rgb__qwen3_4b,qwen3_4b,only_rgb,64308,257232,71558208,23624,64308,0,0.769983999816759,21.76960399921534,21.76960399921534,4029173044,8071755984,517669619520,4029108736,81.52396300010878,82.72696899985021
opportunity++,mixed,distrixsense,opportunity++__only_rgb__qwen3_4b,qwen3_4b,only_rgb,103580,414320,5177280,81,28468,75112,0.5436929995994433,2.8855150003727292,2.8855150003727292,4029212316,8071913072,524962177856,4029108736,81.30560200061154,82.61210900036531
opportunity++,mixed,dense,opportunity++__only_rgb__qwen3_4b,qwen3_4b,only_rgb,99124,396496,6552512,4324,27444,71680,0.46682300035172375,6.136085000757466,6.136085000757466,4029207860,8071895248,701931989824,4029108736,81.2692520003111,82.42333700036397
opportunity++,mixed,dense_tokens,opportunity++__only_rgb__qwen3_4b,qwen3_4b,only_rgb,101500,406000,5160896,1100,27444,74056,0.44657199941866565,3.593184998858196,3.593184998858196,4029210236,8071904752,524962161472,4029108736,81.30560200061154,82.50109700020403
opportunity++,mixed,raw,opportunity++__only_rgb__qwen3_4b,qwen3_4b,only_rgb,99124,396496,6552512,23624,99124,0,0.8225339997807168,21.76477400027232,21.76477400027232,4029207860,8071895248,701931989824,4029108736,81.2692520003111,82.48591700066754
opportunity++,mixed,early_fusion,opportunity++__only_rgb__qwen3_4b,qwen3_4b,only_rgb,71476,285904,4785088,23624,71476,0,0.8294150002257084,21.7715650007596,21.7715650007596,4029180212,8071784656,701930222400,4029108736,81.2692520003111,82.53985900046246
opportunity++,mixed,late_fusion,opportunity++__only_rgb__qwen3_4b,qwen3_4b,only_rgb,72010,288040,4559488,88,0,72010,0.07616999937454239,2.3733509980478904,2.3733509980478904,4022540106,8045224232,591019489920,4022468096,82.07034599945473,82.75729900014994
opportunity++,mixed,local_only,opportunity++__only_rgb__qwen3_4b,qwen3_4b,only_rgb,72010,288040,4559488,52,0,72010,0.1801510006771423,2.45265200034508,2.45265200034508,4022540106,8045224232,591019489920,4022468096,82.07034599945473,82.77520999945409
opportunity++,mixed,bottleneck,opportunity++__only_rgb__qwen3_4b,qwen3_4b,only_rgb,99416,397664,6568896,684,27604,71812,0.47602199992979877,3.2631729993873044,3.2631729993873044,4029208152,8071896416,701932006208,4029108736,81.2692520003111,82.45332799924654
opportunity++,mixed,tokenlearner,opportunity++__only_rgb__qwen3_4b,qwen3_4b,only_rgb,100444,401776,5144512,1100,27444,73000,0.4434319998836145,3.5849030000416677,3.5849030000416677,4029209180,8071900528,524962145088,4029108736,81.30560200061154,82.50268700066954
opportunity++,mixed,posthoc_vq,opportunity++__only_rgb__qwen3_4b,qwen3_4b,only_rgb,101172,404688,6618048,192,28468,72704,0.5811029996038997,3.058254997611942,3.058254997611942,4029209908,8071903440,701932055360,4029108736,81.2692520003111,82.65854799992667
opportunity++,mixed,joint_vq,opportunity++__only_rgb__qwen3_4b,qwen3_4b,only_rgb,103548,414192,5177280,81,28468,75080,0.5590420005319174,2.9796139997705584,2.9796139997705584,4029212284,8071912944,524962177856,4029108736,81.30560200061154,82.7002200003335
opportunity++,mixed,deepconvlstm,opportunity++__only_rgb__qwen3_4b,qwen3_4b,only_rgb,101258,405032,6394496,23624,101258,0,0.47715200071252184,21.421013001796545,21.421013001796545,4029209994,8071903784,701931831808,4029108736,81.2692520003111,82.14640699952724
opportunity++,mixed,unrestricted_bank,opportunity++__only_rgb__qwen3_4b,qwen3_4b,only_rgb,103580,414320,5177280,81,28468,75112,0.46393199954763986,2.811574999242916,2.811574999242916,4029212316,8071913072,524962177856,4029108736,81.30560200061154,82.53537800101185
opportunity++,mixed,separate_banks,opportunity++__only_rgb__qwen3_4b,qwen3_4b,only_rgb,103580,414320,5177280,81,28468,75112,0.5646119998345966,2.9120230001643765,2.9120230001643765,4029212316,8071913072,524962177856,4029108736,81.30560200061154,82.63713800079131
opportunity++,mixed,fixed_resampling,opportunity++__only_rgb__qwen3_4b,qwen3_4b,only_rgb,103580,414320,2781120,81,28468,75112,0.5456720000438509,2.808663000025158,2.808663000025158,4029212316,8071913072,524959781696,4029108736,81.30560200061154,82.53421900099056
opportunity++,mixed,finetune_encoders,opportunity++__only_rgb__qwen3_4b,qwen3_4b,only_rgb,103580,414320,5177280,81,28468,75112,0.5531430006158189,2.904965999761666,2.904965999761666,4029212316,8071913072,524962177856,4029108736,81.30560200061154,82.629008999902
opportunity++,mixed,no_alignment,opportunity++__only_rgb__qwen3_4b,qwen3_4b,only_rgb,103580,414320,5177280,81,28468,75112,0.5466130005515879,2.8897440015788423,2.8897440015788423,4029212316,8071913072,524962177856,4029108736,81.30560200061154,82.61083800061897
opportunity++,mixed,no_usage,opportunity++__only_rgb__qwen3_4b,qwen3_4b,only_rgb,103580,414320,5177280,81,28468,75112,0.5528130004677223,2.8963150007547345,2.8963150007547345,4029212316,8071913072,524962177856,4029108736,81.30560200061154,82.68022000083874
opportunity++,mixed,tcn,opportunity++__only_rgb__qwen3_4b,qwen3_4b,only_rgb,57364,229456,3599040,23624,57364,0,0.6267029993978213,21.569803998514708,21.569803998514708,4029166100,8071728208,701929036352,4029108736,81.2692520003111,82.26499699958367
opportunity++,mixed,ts_transformer,opportunity++__only_rgb__qwen3_4b,qwen3_4b,only_rgb,70228,280912,4647616,23624,70228,0,0.6916339998497278,21.635584000447288,21.635584000447288,4029178964,8071779664,701930084928,4029108736,81.2692520003111,82.35144800073613
opportunity++,mixed,patchtst,opportunity++__only_rgb__qwen3_4b,qwen3_4b,only_rgb,64308,257232,71558208,23624,64308,0,0.7748139996692771,21.718193999928353,21.718193999928353,4029173044,8071755984,517669619520,4029108736,81.52396300010878,82.67966899984458
openmarcie_bicycle,cuda,distrixsense,openmarcie_bicycle__all__qwen3_4b,qwen3_4b,all,774166,3096664,53792192,1105,41656,732510,2.011049999964598,5.34673600116506,29.260791000955564,4029882902,8074595416,1416329243968,4029108736,83.26407200001995,92.56568899945705
openmarcie_bicycle,cuda,dense,openmarcie_bicycle__all__qwen3_4b,qwen3_4b,all,716238,2864952,110048704,56212,28344,687894,1.2218560004839674,11.071209001017886,70.84253699936708,4029824974,8074363704,3814140424512,4029108736,90.16246699957264,96.8269799986956
openmarcie_bicycle,cuda,dense_tokens,openmarcie_bicycle__all__qwen3_4b,qwen3_4b,all,747126,2988504,53579200,14300,28344,718782,1.1446160006016726,6.0052920011346576,38.54556800186168,4029855862,8074487256,1416329030976,4029108736,83.26407200001995,91.17302300091978
openmarcie_bicycle,cuda,raw,openmarcie_bicycle__all__qwen3_4b,qwen3_4b,all,716238,2864952,110048704,503756,716238,0,4.549864000182424,319.37476599972695,428.7141800005532,4029824974,8074363704,3814140424512,4029108736,90.16246699957264,96.43464800046786
openmarcie_bicycle,cuda,early_fusion,openmarcie_bicycle__all__qwen3_4b,qwen3_4b,all,487758,1951032,31210944,503756,487758,0,3.345196999362088,318.174510000007,427.5188739975977,4029596494,8073449784,879286057280,4029108736,81.32578200002172,86.25828599997476
openmarcie_bicycle,cuda,late_fusion,openmarcie_bicycle__all__qwen3_4b,qwen3_4b,all,693042,2772168,43793792,1248,0,693042,0.27237100039201323,3.573217000465223,26.451643998999824,4023161138,8047708360,767963459968,4022468096,81.49094300006254,87.20719099983398
openmarcie_bicycle,cuda,local_only,openmarcie_bicycle__all__qwen3_4b,qwen3_4b,all,693042,2772168,43793792,676,0,693042,0.43556200034799986,3.5104460002757727,26.090238001253294,4023161138,8047708360,767963459968,4022468096,81.49094300006254,87.4462420006239
openmarcie_bicycle,cuda,bottleneck,openmarcie_bicycle__all__qwen3_4b,qwen3_4b,all,720034,2880136,110261696,8892,30424,689610,1.3283270000101766,5.411891998837795,33.563645997553394,4029828770,8074378888,3814140637504,4029108736,90.16246699957264,97.33256299932691
openmarcie_bicycle,cuda,tokenlearner,openmarcie_bicycle__all__qwen3_4b,qwen3_4b,all,733398,2933592,53366208,14300,28344,705054,1.150365999819769,6.024730999741005,38.55913299801381,4029842134,8074432344,1416328817984,4029108736,83.26407200001995,91.0093020002023
openmarcie_bicycle,cuda,posthoc_vq,openmarcie_bicycle__all__qwen3_4b,qwen3_4b,all,862670,3450680,110900672,2704,41656,821014,2.029180000135966,5.730007001398783,31.650300001933868,4029971406,8074949432,3814141276480,4029108736,90.16246699957264,100.76703099912265
openmarcie_bicycle,cuda,joint_vq,openmarcie_bicycle__all__qwen3_4b,qwen3_4b,all,893558,3574232,53792192,1105,41656,851902,1.9254199996794341,5.574495998125291,31.33907200069551,4030002294,8075072984,1416329243968,4029108736,83.26407200001995,94.59242900084064
openmarcie_bicycle,cuda,deepconvlstm,openmarcie_bicycle__all__qwen3_4b,qwen3_4b,all,679906,2719624,43260288,503756,679906,0,2.937125000244123,317.7611570008038,427.1061110021595,4029788642,8074218376,879298106624,4029108736,81.32578200002172,85.84061500005191
openmarcie_bicycle,cuda,unrestricted_bank,openmarcie_bicycle__all__qwen3_4b,qwen3_4b,all,938902,3755608,56348096,1105,41656,897246,1.222265999786032,4.56206300071202,28.508848999512324,4030047638,8075254360,1416331799872,4029108736,83.26407200001995,91.8175249998967
openmarcie_bicycle,cuda,separate_banks,openmarcie_bicycle__all__qwen3_4b,qwen3_4b,all,774166,3096664,53792192,1105,41656,732510,2.043249999587715,5.393606998886331,29.439302997592662,4029882902,8074595416,1416329243968,4029108736,83.26407200001995,92.65278000020771
openmarcie_bicycle,cuda,fixed_resampling,openmarcie_bicycle__all__qwen3_4b,qwen3_4b,all,774166,3096664,27617088,1105,41656,732510,1.9575699998313212,5.230856000643631,28.769941000495223,4029882902,8074595416,1416303068864,4029108736,83.26407200001995,92.0890759998656
openmarcie_bicycle,cuda,finetune_encoders,openmarcie_bicycle__all__qwen3_4b,qwen3_4b,all,774166,3096664,53792192,1105,41656,732510,1.937689000442333,5.268004000690358,29.21011799978622,4029882902,8074595416,1416329243968,4029108736,83.26407200001995,92.62325999952736
openmarcie_bicycle,cuda,no_alignment,openmarcie_bicycle__all__qwen3_4b,qwen3_4b,all,774166,3096664,53792192,1105,41656,732510,1.9972010004494223,5.33969600012782,29.25947999981325,4029882902,8074595416,1416329243968,4029108736,83.26407200001995,92.93050099950051
openmarcie_bicycle,cuda,no_usage,openmarcie_bicycle__all__qwen3_4b,qwen3_4b,all,774166,3096664,53792192,1105,41656,732510,1.962160000402946,5.335666000000434,29.287562002058607,4029882902,8074595416,1416329243968,4029108736,83.26407200001995,93.00894100033474
openmarcie_bicycle,cuda,tcn,openmarcie_bicycle__all__qwen3_4b,qwen3_4b,all,473262,1893048,30024896,503756,473262,0,3.053266000279109,317.8711580011976,427.2102710029333,4029581998,8073391800,879284871232,4029108736,81.32578200002172,85.93891499913298
openmarcie_bicycle,cuda,ts_transformer,openmarcie_bicycle__all__qwen3_4b,qwen3_4b,all,486126,1944504,31073472,503756,486126,0,3.1946959998094826,318.0161689987825,427.34628000022104,4029594862,8073443256,879285919808,4029108736,81.32578200002172,86.0310660000323
openmarcie_bicycle,cuda,patchtst,openmarcie_bicycle__all__qwen3_4b,qwen3_4b,all,438926,1755704,555664320,503756,438926,0,3.251467000154662,318.0767890007145,427.4152810021963,4029547662,8073254456,694775345856,4029108736,81.28507200035529,86.11482600008458
openmarcie_bicycle,mixed,distrixsense,openmarcie_bicycle__all__qwen3_4b,qwen3_4b,all,774166,3096664,53792192,1105,41656,732510,1.9625499999165186,4.844054999857268,26.123748998974392,4029882902,8074595416,1416329243968,4029108736,83.26407200001995,90.08285600066301
openmarcie_bicycle,mixed,dense,openmarcie_bicycle__all__qwen3_4b,qwen3_4b,all,716238,2864952,110048704,56212,28344,687894,1.245446000211814,10.87873899919712,68.783658001808,4029824974,8074363704,3814140424512,4029108736,90.16246699957264,95.09005099880596
openmarcie_bicycle,mixed,dense_tokens,openmarcie_bicycle__all__qwen3_4b,qwen3_4b,all,747126,2988504,53579200,14300,28344,718782,1.1706059995049145,5.600280999203969,35.665842000778355,4029855862,8074487256,1416329030976,4029108736,83.26407200001995,88.67560900034732
openmarcie_bicycle,mixed,raw,openmarcie_bicycle__all__qwen3_4b,qwen3_4b,all,716238,2864952,110048704,503756,716238,0,4.471142999136646,319.2175549992852,427.94843699908716,4029824974,8074363704,3814140424512,4029108736,90.16246699957264,95.74435499962419
openmarcie_bicycle,mixed,early_fusion,openmarcie_bicycle__all__qwen3_4b,qwen3_4b,all,487758,1951032,31210944,503756,487758,0,3.358646999913617,318.1000779995328,426.8562979987667,4029596494,8073449784,879286057280,4029108736,81.32578200002172,85.57557400035876
openmarcie_bicycle,mixed,late_fusion,openmarcie_bicycle__all__qwen3_4b,qwen3_4b,all,693042,2772168,43793792,1248,0,693042,0.28193100024509476,3.1557650005000992,24.18990800078205,4023161138,8047708360,767963459968,4022468096,81.49094300006254,85.4018330001054
openmarcie_bicycle,mixed,local_only,openmarcie_bicycle__all__qwen3_4b,qwen3_4b,all,693042,2772168,43793792,676,0,693042,0.43616200036922237,3.134264999046503,23.641266999057972,4023161138,8047708360,767963459968,4022468096,81.49094300006254,85.56621400020958
openmarcie_bicycle,mixed,bottleneck,openmarcie_bicycle__all__qwen3_4b,qwen3_4b,all,720034,2880136,110261696,8892,30424,689610,1.3335169996935292,5.04729099974616,31.134520998300427,4029828770,8074378888,3814140637504,4029108736,90.16246699957264,95.47932299938111
openmarcie_bicycle,mixed,tokenlearner,openmarcie_bicycle__all__qwen3_4b,qwen3_4b,all,733398,2933592,53366208,14300,28344,705054,1.1589159994400688,5.579829999476496,35.618091000540005,4029842134,8074432344,1416328817984,4029108736,83.26407200001995,88.63875899987761
openmarcie_bicycle,mixed,posthoc_vq,openmarcie_bicycle__all__qwen3_4b,qwen3_4b,all,862670,3450680,110900672,2704,41656,821014,2.07160100035253,5.248894001193414,28.018888999872654,4029971406,8074949432,3814141276480,4029108736,90.16246699957264,97.59815399957006
openmarcie_bicycle,mixed,joint_vq,openmarcie_bicycle__all__qwen3_4b,qwen3_4b,all,893558,3574232,53792192,1105,41656,851902,1.9904299997506314,4.990654999282502,27.10692200114316,4030002294,8075072984,1416329243968,4029108736,83.26407200001995,91.02079199965374
openmarcie_bicycle,mixed,deepconvlstm,openmarcie_bicycle__all__qwen3_4b,qwen3_4b,all,679906,2719624,43260288,503756,679906,0,2.9567550000138,317.7039860001413,426.4358759992877,4029788642,8074218376,879298106624,4029108736,81.32578200002172,85.27863200015418
openmarcie_bicycle,mixed,unrestricted_bank,openmarcie_bicycle__all__qwen3_4b,qwen3_4b,all,938902,3755608,56348096,1105,41656,897246,1.2405460001900792,4.125501999560162,25.474523998558638,4030047638,8075254360,1416331799872,4029108736,83.26407200001995,89.36980399994354
openmarcie_bicycle,mixed,separate_banks,openmarcie_bicycle__all__qwen3_4b,qwen3_4b,all,774166,3096664,53792192,1105,41656,732510,2.044219999334018,4.920493000035582,26.22008599926083,4029882902,8074595416,1416329243968,4029108736,83.26407200001995,90.15267700033291
openmarcie_bicycle,mixed,fixed_resampling,openmarcie_bicycle__all__qwen3_4b,qwen3_4b,all,774166,3096664,27617088,1105,41656,732510,1.97790000038367,4.733133001472685,25.195080002480594,4029882902,8074595416,1416303068864,4029108736,83.26407200001995,88.89843099950667
openmarcie_bicycle,mixed,finetune_encoders,openmarcie_bicycle__all__qwen3_4b,qwen3_4b,all,774166,3096664,53792192,1105,41656,732510,1.9754499999180553,4.846682999349956,26.13912800231809,4029882902,8074595416,1416329243968,4029108736,83.26407200001995,90.07383599964669
openmarcie_bicycle,mixed,no_alignment,openmarcie_bicycle__all__qwen3_4b,qwen3_4b,all,774166,3096664,53792192,1105,41656,732510,1.9638100002339343,4.839932999793324,26.127506999249803,4029882902,8074595416,1416329243968,4029108736,83.26407200001995,90.41059900027903
openmarcie_bicycle,mixed,no_usage,openmarcie_bicycle__all__qwen3_4b,qwen3_4b,all,774166,3096664,53792192,1105,41656,732510,1.9812499995168764,4.864695999394404,26.172888999530173,4029882902,8074595416,1416329243968,4029108736,83.26407200001995,90.14974800084019
openmarcie_bicycle,mixed,tcn,openmarcie_bicycle__all__qwen3_4b,qwen3_4b,all,473262,1893048,30024896,503756,473262,0,3.0792960005783243,317.8273570010232,426.5580570018404,4029581998,8073391800,879284871232,4029108736,81.32578200002172,85.38040199891839
openmarcie_bicycle,mixed,ts_transformer,openmarcie_bicycle__all__qwen3_4b,qwen3_4b,all,486126,1944504,31073472,503756,486126,0,3.1816059999982826,317.92708700044284,426.65792700068897,4029594862,8073443256,879285919808,4029108736,81.32578200002172,85.46067200040852
openmarcie_bicycle,mixed,patchtst,openmarcie_bicycle__all__qwen3_4b,qwen3_4b,all,438926,1755704,555664320,503756,438926,0,3.31288699999277,318.0638999992324,426.7948899969827,4029547662,8073254456,694775345856,4029108736,81.28507200035529,85.52317400062748
openmarcie_bicycle,cuda,distrixsense,openmarcie_bicycle__only_audio__qwen3_4b,qwen3_4b,only_audio,384174,1536696,23086784,81,28600,355574,0.5557029999181395,3.177194999836397,3.177194999836397,4029492910,8073035448,524980087360,4029108736,81.30560200061154,82.8111290011293
openmarcie_bicycle,cuda,dense,openmarcie_bicycle__only_audio__qwen3_4b,qwen3_4b,only_audio,379718,1518872,24465088,4324,27576,352142,0.4748820001623244,6.328283000907267,6.328283000907267,4029488454,8073017624,701949902400,4029108736,81.2692520003111,82.5477000007595
openmarcie_bicycle,cuda,dense_tokens,openmarcie_bicycle__only_audio__qwen3_4b,qwen3_4b,only_audio,382094,1528376,23070400,1100,27576,354518,0.4573220003294409,3.8415539993319543,3.8415539993319543,4029490830,8073027128,524980070976,4029108736,81.30560200061154,82.67023800090101
openmarcie_bicycle,cuda,raw,openmarcie_bicycle__only_audio__qwen3_4b,qwen3_4b,only_audio,379718,1518872,24465088,390484,379718,0,0.9428150005987845,315.50774600140255,315.50774600140255,4029488454,8073017624,701949902400,4029108736,81.2692520003111,82.66360000015993
openmarcie_bicycle,cuda,early_fusion,openmarcie_bicycle__only_audio__qwen3_4b,qwen3_4b,only_audio,310854,1243416,20059840,390484,310854,0,0.8521640002072672,315.4204439987906,315.4204439987906,4029419590,8072742168,701945497152,4029108736,81.2692520003111,82.67459899980167
openmarcie_bicycle,cuda,late_fusion,openmarcie_bicycle__only_audio__qwen3_4b,qwen3_4b,only_audio,352538,1410152,22467968,96,0,352538,0.07778000053804135,2.5943720007173368,2.5943720007173368,4022820634,8046346344,591037398400,4022468096,82.07034599945473,82.9917300006855
openmarcie_bicycle,cuda,local_only,openmarcie_bicycle__only_audio__qwen3_4b,qwen3_4b,only_audio,352538,1410152,22467968,52,0,352538,0.0909509999473812,2.56276400001978,2.56276400001978,4022820634,8046346344,591037398400,4022468096,82.07034599945473,82.93955999852187
openmarcie_bicycle,cuda,bottleneck,openmarcie_bicycle__only_audio__qwen3_4b,qwen3_4b,only_audio,380010,1520040,24481472,684,27736,352274,0.48093300028995145,3.467706000511523,3.467706000511523,4029488746,8073018792,701949918784,4029108736,81.2692520003111,82.5875280006585
openmarcie_bicycle,cuda,tokenlearner,openmarcie_bicycle__only_audio__qwen3_4b,qwen3_4b,only_audio,381038,1524152,23054016,1100,27576,353462,0.44919199990545167,3.836345999838959,3.836345999838959,4029489774,8073022904,524980054592,4029108736,81.30560200061154,82.67695799986541
openmarcie_bicycle,cuda,posthoc_vq,openmarcie_bicycle__only_audio__qwen3_4b,qwen3_4b,only_audio,381766,1527064,24530624,192,28600,353166,0.569563000681228,3.3485160007134196,3.3485160007134196,4029490502,8073025816,701949967936,4029108736,81.2692520003111,82.87195000048087
openmarcie_bicycle,cuda,joint_vq,openmarcie_bicycle__only_audio__qwen3_4b,qwen3_4b,only_audio,384142,1536568,23086784,81,28600,355542,0.5536930002563167,3.3282780005100765,3.3282780005100765,4029492878,8073035320,524980087360,4029108736,81.30560200061154,82.9635510008302
openmarcie_bicycle,cuda,deepconvlstm,openmarcie_bicycle__only_audio__qwen3_4b,qwen3_4b,only_audio,381786,1527144,24302976,390484,381786,0,0.5007820000173524,315.07339399917225,315.07339399917225,4029490522,8073025896,701949740288,4029108736,81.2692520003111,82.27649800119252
openmarcie_bicycle,cuda,unrestricted_bank,openmarcie_bicycle__only_audio__qwen3_4b,qwen3_4b,only_audio,384174,1536696,23086784,81,28600,355574,0.4558829996312852,3.0621559999707504,3.0621559999707504,4029492910,8073035448,524980087360,4029108736,81.30560200061154,82.72587900046346
openmarcie_bicycle,cuda,separate_banks,openmarcie_bicycle__only_audio__qwen3_4b,qwen3_4b,only_audio,384174,1536696,23086784,81,28600,355574,0.5680730000676704,3.1770360001536435,3.1770360001536435,4029492910,8073035448,524980087360,4029108736,81.30560200061154,82.82287900146912
openmarcie_bicycle,cuda,fixed_resampling,openmarcie_bicycle__only_audio__qwen3_4b,qwen3_4b,only_audio,384174,1536696,6079552,81,28600,355574,0.6665840001005563,3.2169370006448705,3.2169370006448705,4029492910,8073035448,524963080128,4029108736,81.30560200061154,82.7238390011189
openmarcie_bicycle,cuda,finetune_encoders,openmarcie_bicycle__only_audio__qwen3_4b,qwen3_4b,only_audio,384174,1536696,23086784,81,28600,355574,0.5507229998329422,3.155175999410753,3.155175999410753,4029492910,8073035448,524980087360,4029108736,81.30560200061154,82.79137899990019
openmarcie_bicycle,cuda,no_alignment,openmarcie_bicycle__only_audio__qwen3_4b,qwen3_4b,only_audio,384174,1536696,23086784,81,28600,355574,0.5484729999807314,3.159086001716682,3.159086001716682,4029492910,8073035448,524980087360,4029108736,81.30560200061154,82.78680099920166
openmarcie_bicycle,cuda,no_usage,openmarcie_bicycle__only_audio__qwen3_4b,qwen3_4b,only_audio,384174,1536696,23086784,81,28600,355574,0.546362000022782,3.1454539985424024,3.1454539985424024,4029492910,8073035448,524980087360,4029108736,81.30560200061154,82.80056900093768
openmarcie_bicycle,cuda,tcn,openmarcie_bicycle__only_audio__qwen3_4b,qwen3_4b,only_audio,296742,1186968,18873792,390484,296742,0,0.6189040004755952,315.19460500015964,315.19460500015964,4029405478,8072685720,701944311104,4029108736,81.2692520003111,82.39337699978933
openmarcie_bicycle,cuda,ts_transformer,openmarcie_bicycle__only_audio__qwen3_4b,qwen3_4b,only_audio,309606,1238424,19922368,390484,309606,0,0.7019039994702325,315.26576499885675,315.26576499885675,4029418342,8072737176,701945359680,4029108736,81.2692520003111,82.47027800007345
openmarcie_bicycle,cuda,patchtst,openmarcie_bicycle__only_audio__qwen3_4b,qwen3_4b,only_audio,293382,1173528,202152128,390484,293382,0,0.7692439994571032,315.3325649990974,315.3325649990974,4029402118,8072672280,517800213440,4029108736,81.52396300010878,82.80000000013388
openmarcie_bicycle,mixed,distrixsense,openmarcie_bicycle__only_audio__qwen3_4b,qwen3_4b,only_audio,384174,1536696,23086784,81,28600,355574,0.5425230001492309,2.9587550007198704,2.9587550007198704,4029492910,8073035448,524980087360,4029108736,81.30560200061154,82.70154800084129
openmarcie_bicycle,mixed,dense,openmarcie_bicycle__only_audio__qwen3_4b,qwen3_4b,only_audio,379718,1518872,24465088,4324,27576,352142,0.4754230003527482,6.217014001190127,6.217014001190127,4029488454,8073017624,701949902400,4029108736,81.2692520003111,82.50497700009873
openmarcie_bicycle,mixed,dense_tokens,openmarcie_bicycle__only_audio__qwen3_4b,qwen3_4b,only_audio,382094,1528376,23070400,1100,27576,354518,0.4564720002235845,3.665864000135916,3.665864000135916,4029490830,8073027128,524980070976,4029108736,81.30560200061154,82.57243800107972
openmarcie_bicycle,mixed,raw,openmarcie_bicycle__only_audio__qwen3_4b,qwen3_4b,only_audio,379718,1518872,24465088,390484,379718,0,0.8456240002487903,315.3316639999856,315.3316639999856,4029488454,8073017624,701949902400,4029108736,81.2692520003111,82.56301799974608
openmarcie_bicycle,mixed,early_fusion,openmarcie_bicycle__only_audio__qwen3_4b,qwen3_4b,only_audio,310854,1243416,20059840,390484,310854,0,0.8614640000814688,315.3478340008759,315.3478340008759,4029419590,8072742168,701945497152,4029108736,81.2692520003111,82.56283900027483
openmarcie_bicycle,mixed,late_fusion,openmarcie_bicycle__only_audio__qwen3_4b,qwen3_4b,only_audio,352538,1410152,22467968,96,0,352538,0.07721099973423406,2.4493529995790566,2.4493529995790566,4022820634,8046346344,591037398400,4022468096,82.07034599945473,82.84167900001194
openmarcie_bicycle,mixed,local_only,openmarcie_bicycle__only_audio__qwen3_4b,qwen3_4b,only_audio,352538,1410152,22467968,52,0,352538,0.0924400001167669,2.4416910003014722,2.4416910003014722,4022820634,8046346344,591037398400,4022468096,82.07034599945473,82.86652999959188
openmarcie_bicycle,mixed,bottleneck,openmarcie_bicycle__only_audio__qwen3_4b,qwen3_4b,only_audio,380010,1520040,24481472,684,27736,352274,0.4782719997820095,3.331203000262601,3.331203000262601,4029488746,8073018792,701949918784,4029108736,81.2692520003111,82.52239900048153
openmarcie_bicycle,mixed,tokenlearner,openmarcie_bicycle__only_audio__qwen3_4b,qwen3_4b,only_audio,381038,1524152,23054016,1100,27576,353462,0.45100299939804245,3.658454999817768,3.658454999817768,4029489774,8073022904,524980054592,4029108736,81.30560200061154,82.5561790015854
openmarcie_bicycle,mixed,posthoc_vq,openmarcie_bicycle__only_audio__qwen3_4b,qwen3_4b,only_audio,381766,1527064,24530624,192,28600,353166,0.6956339993848815,3.3924579998514615,3.3924579998514615,4029490502,8073025816,701949967936,4029108736,81.2692520003111,82.99894100127858
openmarcie_bicycle,mixed,joint_vq,openmarcie_bicycle__only_audio__qwen3_4b,qwen3_4b,only_audio,384142,1536568,23086784,81,28600,355542,0.5499819999386091,3.0427339998203795,3.0427339998203795,4029492878,8073035320,524980087360,4029108736,81.30560200061154,82.7814380008931
openmarcie_bicycle,mixed,deepconvlstm,openmarcie_bicycle__only_audio__qwen3_4b,qwen3_4b,only_audio,381786,1527144,24302976,390484,381786,0,0.5136619993209024,315.00502199827577,315.00502199827577,4029490522,8073025896,701949740288,4029108736,81.2692520003111,82.22784599911392
openmarcie_bicycle,mixed,unrestricted_bank,openmarcie_bicycle__only_audio__qwen3_4b,qwen3_4b,only_audio,384174,1536696,23086784,81,28600,355574,0.4697230006058817,2.892086000458116,2.892086000458116,4029492910,8073035448,524980087360,4029108736,81.30560200061154,82.6180280009794
openmarcie_bicycle,mixed,separate_banks,openmarcie_bicycle__only_audio__qwen3_4b,qwen3_4b,only_audio,384174,1536696,23086784,81,28600,355574,0.5727329998990172,2.989624000321678,2.989624000321678,4029492910,8073035448,524980087360,4029108736,81.30560200061154,82.72573900103453
openmarcie_bicycle,mixed,fixed_resampling,openmarcie_bicycle__only_audio__qwen3_4b,qwen3_4b,only_audio,384174,1536696,6079552,81,28600,355574,0.5635529996652622,2.850803999564855,2.850803999564855,4029492910,8073035448,524963080128,4029108736,81.30560200061154,82.56650899966189
openmarcie_bicycle,mixed,finetune_encoders,openmarcie_bicycle__only_audio__qwen3_4b,qwen3_4b,only_audio,384174,1536696,23086784,81,28600,355574,0.5560529998547281,2.9775340008490137,2.9775340008490137,4029492910,8073035448,524980087360,4029108736,81.30560200061154,82.71250900088489
openmarcie_bicycle,mixed,no_alignment,openmarcie_bicycle__only_audio__qwen3_4b,qwen3_4b,only_audio,384174,1536696,23086784,81,28600,355574,0.5495529994732351,2.9665049997055437,2.9665049997055437,4029492910,8073035448,524980087360,4029108736,81.30560200061154,82.70245900075679
openmarcie_bicycle,mixed,no_usage,openmarcie_bicycle__only_audio__qwen3_4b,qwen3_4b,only_audio,384174,1536696,23086784,81,28600,355574,0.5499330000020564,2.9632239993878873,2.9632239993878873,4029492910,8073035448,524980087360,4029108736,81.30560200061154,82.70693899976322
openmarcie_bicycle,mixed,tcn,openmarcie_bicycle__only_audio__qwen3_4b,qwen3_4b,only_audio,296742,1186968,18873792,390484,296742,0,0.6256529995880555,315.11240399953647,315.11240399953647,4029405478,8072685720,701944311104,4029108736,81.2692520003111,82.35535600033472
openmarcie_bicycle,mixed,ts_transformer,openmarcie_bicycle__only_audio__qwen3_4b,qwen3_4b,only_audio,309606,1238424,19922368,390484,309606,0,0.7009139999354375,315.1928440001383,315.1928440001383,4029418342,8072737176,701945359680,4029108736,81.2692520003111,82.42596800027968
openmarcie_bicycle,mixed,patchtst,openmarcie_bicycle__only_audio__qwen3_4b,qwen3_4b,only_audio,293382,1173528,202152128,390484,293382,0,0.7844339997973293,315.27153400014765,315.27153400014765,4029402118,8072672280,517800213440,4029108736,81.52396300010878,82.74420999987342
openmarcie_bicycle,cuda,distrixsense,openmarcie_bicycle__only_barometer__qwen3_4b,qwen3_4b,only_barometer,35672,142688,848064,81,28600,7072,0.5521429993677884,3.123565999005118,3.123565999005118,4029144408,8071641440,524957848640,4029108736,81.30560200061154,82.75636900089012
openmarcie_bicycle,cuda,dense,openmarcie_bicycle__only_barometer__qwen3_4b,qwen3_4b,only_barometer,31216,124864,2226368,4324,27576,3640,0.4650429991670535,6.320105998706585,6.320105998706585,4029139952,8071623616,701927663680,4029108736,81.2692520003111,82.52704900041863
openmarcie_bicycle,cuda,dense_tokens,openmarcie_bicycle__only_barometer__qwen3_4b,qwen3_4b,only_barometer,33592,134368,831680,1100,27576,6016,0.4538630000752164,3.806034999793046,3.806034999793046,4029142328,8071633120,524957832256,4029108736,81.30560200061154,82.92546900065645
openmarcie_bicycle,cuda,raw,openmarcie_bicycle__only_barometer__qwen3_4b,qwen3_4b,only_barometer,31216,124864,2226368,524,31216,0,0.8075240002654027,3.3107340004023165,3.3107340004023165,4029139952,8071623616,701927663680,4029108736,81.2692520003111,82.49073699971632
openmarcie_bicycle,cuda,early_fusion,openmarcie_bicycle__only_barometer__qwen3_4b,qwen3_4b,only_barometer,27760,111040,2007232,524,27760,0,0.8145439996951609,3.3164639989224263,3.3164639989224263,4029136496,8071609792,701927444544,4029108736,81.2692520003111,82.49623900064762
openmarcie_bicycle,cuda,late_fusion,openmarcie_bicycle__only_barometer__qwen3_4b,qwen3_4b,only_barometer,4036,16144,229248,96,0,4036,0.07483999979740474,2.55106200035261,2.55106200035261,4022472132,8044952336,598372624384,4022468096,81.26205099961226,82.06541399977141
openmarcie_bicycle,cuda,local_only,openmarcie_bicycle__only_barometer__qwen3_4b,qwen3_4b,only_barometer,4036,16144,229248,52,0,4036,0.09332999979960732,2.542681999573216,2.542681999573216,4022472132,8044952336,598372624384,4022468096,81.26205099961226,82.07356499951857
openmarcie_bicycle,cuda,bottleneck,openmarcie_bicycle__only_barometer__qwen3_4b,qwen3_4b,only_barometer,31508,126032,2242752,684,27736,3772,0.47736299984535435,3.422675000611914,3.422675000611914,4029140244,8071624784,701927680064,4029108736,81.2692520003111,82.55560800080275
openmarcie_bicycle,cuda,tokenlearner,openmarcie_bicycle__only_barometer__qwen3_4b,qwen3_4b,only_barometer,32536,130144,815296,1100,27576,4960,0.44658200022240635,3.8015549998771165,3.8015549998771165,4029141272,8071628896,524957815872,4029108736,81.30560200061154,82.62146000015491
openmarcie_bicycle,cuda,posthoc_vq,openmarcie_bicycle__only_barometer__qwen3_4b,qwen3_4b,only_barometer,33264,133056,2291904,192,28600,4664,0.5756229993494344,3.3188270004560705,3.3188270004560705,4029142000,8071631808,701927729216,4029108736,81.2692520003111,82.84121000087907
openmarcie_bicycle,cuda,joint_vq,openmarcie_bicycle__only_barometer__qwen3_4b,qwen3_4b,only_barometer,35640,142560,848064,81,28600,7040,0.5431629997474374,3.277445998748485,3.277445998748485,4029144376,8071641312,524957848640,4029108736,81.30560200061154,82.90661000137334
openmarcie_bicycle,cuda,deepconvlstm,openmarcie_bicycle__only_barometer__qwen3_4b,qwen3_4b,only_barometer,33284,133136,2064256,524,33284,0,0.46128200028761057,2.963591999937943,2.963591999937943,4029142020,8071631888,701927501568,4029108736,81.2692520003111,82.16337600060797
openmarcie_bicycle,cuda,unrestricted_bank,openmarcie_bicycle__only_barometer__qwen3_4b,qwen3_4b,only_barometer,35672,142688,848064,81,28600,7072,0.4587720004565199,3.030925000559259,3.030925000559259,4029144408,8071641440,524957848640,4029108736,81.30560200061154,82.66811800058349
openmarcie_bicycle,cuda,separate_banks,openmarcie_bicycle__only_barometer__qwen3_4b,qwen3_4b,only_barometer,35672,142688,848064,81,28600,7072,0.5613920002360828,3.1284449997036834,3.1284449997036834,4029144408,8071641440,524957848640,4029108736,81.30560200061154,82.78357900053379
openmarcie_bicycle,cuda,fixed_resampling,openmarcie_bicycle__only_barometer__qwen3_4b,qwen3_4b,only_barometer,35672,142688,846912,81,28600,7072,0.6859539998913533,3.2129069996079895,3.2129069996079895,4029144408,8071641440,524957847488,4029108736,81.30560200061154,82.70563000132825
openmarcie_bicycle,cuda,finetune_encoders,openmarcie_bicycle__only_barometer__qwen3_4b,qwen3_4b,only_barometer,35672,142688,848064,81,28600,7072,0.5472429993460537,3.112546000040206,3.112546000040206,4029144408,8071641440,524957848640,4029108736,81.30560200061154,82.77728900065995
openmarcie_bicycle,cuda,no_alignment,openmarcie_bicycle__only_barometer__qwen3_4b,qwen3_4b,only_barometer,35672,142688,848064,81,28600,7072,0.5492529999173712,3.1117849994478863,3.1117849994478863,4029144408,8071641440,524957848640,4029108736,81.30560200061154,82.7353700005915
openmarcie_bicycle,cuda,no_usage,openmarcie_bicycle__only_barometer__qwen3_4b,qwen3_4b,only_barometer,35672,142688,848064,81,28600,7072,0.5353229998945608,3.107505999680038,3.107505999680038,4029144408,8071641440,524957848640,4029108736,81.30560200061154,82.78382100070303
openmarcie_bicycle,cuda,tcn,openmarcie_bicycle__only_barometer__qwen3_4b,qwen3_4b,only_barometer,13648,54592,821184,524,13648,0,0.5993129998387303,3.1026529995103367,3.1026529995103367,4029122384,8071553344,701926258496,4029108736,81.2692520003111,82.30464600001142
openmarcie_bicycle,cuda,ts_transformer,openmarcie_bicycle__only_barometer__qwen3_4b,qwen3_4b,only_barometer,26512,106048,1869760,524,26512,0,0.6816430004619178,3.1974640013829223,3.1974640013829223,4029135248,8071604800,701927307072,4029108736,81.2692520003111,82.37393699982931
openmarcie_bicycle,cuda,patchtst,openmarcie_bicycle__only_barometer__qwen3_4b,qwen3_4b,only_barometer,26640,106560,1087936,524,26640,0,0.7593239997731871,3.2611240002695006,3.2611240002695006,4029135376,8071605312,517599149248,4029108736,81.52396300010878,82.68741000028967
openmarcie_bicycle,mixed,distrixsense,openmarcie_bicycle__only_barometer__qwen3_4b,qwen3_4b,only_barometer,35672,142688,848064,81,28600,7072,0.5581229997915216,2.8758139997370424,2.8758139997370424,4029144408,8071641440,524957848640,4029108736,81.30560200061154,82.60529000108363
openmarcie_bicycle,mixed,dense,openmarcie_bicycle__only_barometer__qwen3_4b,qwen3_4b,only_barometer,31216,124864,2226368,4324,27576,3640,0.48013299965532497,6.119383999571018,6.119383999571018,4029139952,8071623616,701927663680,4029108736,81.2692520003111,82.39170800061402
openmarcie_bicycle,mixed,dense_tokens,openmarcie_bicycle__only_barometer__qwen3_4b,qwen3_4b,only_barometer,33592,134368,831680,1100,27576,6016,0.4455819998838706,3.553413000185974,3.553413000185974,4029142328,8071633120,524957832256,4029108736,81.30560200061154,82.46965700163855
openmarcie_bicycle,mixed,raw,openmarcie_bicycle__only_barometer__qwen3_4b,qwen3_4b,only_barometer,31216,124864,2226368,524,31216,0,0.8049749994825106,3.2711149996573106,3.2711149996573106,4029139952,8071623616,701927663680,4029108736,81.2692520003111,82.45979899947997
openmarcie_bicycle,mixed,early_fusion,openmarcie_bicycle__only_barometer__qwen3_4b,qwen3_4b,only_barometer,27760,111040,2007232,524,27760,0,0.8270349999293103,3.2790849999543745,3.2790849999543745,4029136496,8071609792,701927444544,4029108736,81.2692520003111,82.48686800016003
openmarcie_bicycle,mixed,late_fusion,openmarcie_bicycle__only_barometer__qwen3_4b,qwen3_4b,only_barometer,4036,16144,229248,96,0,4036,0.07720999929006211,2.3485709985518013,2.3485709985518013,4022472132,8044952336,598372624384,4022468096,81.26205099961226,81.9500439993135
openmarcie_bicycle,mixed,local_only,openmarcie_bicycle__only_barometer__qwen3_4b,qwen3_4b,only_barometer,4036,16144,229248,52,0,4036,0.09281000075134216,2.330680000584363,2.330680000584363,4022472132,8044952336,598372624384,4022468096,81.26205099961226,82.25470600064
openmarcie_bicycle,mixed,bottleneck,openmarcie_bicycle__only_barometer__qwen3_4b,qwen3_4b,only_barometer,31508,126032,2242752,684,27736,3772,0.4810720001842128,3.235133000335761,3.235133000335761,4029140244,8071624784,701927680064,4029108736,81.2692520003111,82.44138800091605
openmarcie_bicycle,mixed,tokenlearner,openmarcie_bicycle__only_barometer__qwen3_4b,qwen3_4b,only_barometer,32536,130144,815296,1100,27576,4960,0.4523719999269815,3.568093000462686,3.568093000462686,4029141272,8071628896,524957815872,4029108736,81.30560200061154,82.45667800110823
openmarcie_bicycle,mixed,posthoc_vq,openmarcie_bicycle__only_barometer__qwen3_4b,qwen3_4b,only_barometer,33264,133056,2291904,192,28600,4664,0.5837830003656563,3.0334340013527195,3.0334340013527195,4029142000,8071631808,701927729216,4029108736,81.2692520003111,82.64893999967171
openmarcie_bicycle,mixed,joint_vq,openmarcie_bicycle__only_barometer__qwen3_4b,qwen3_4b,only_barometer,35640,142560,848064,81,28600,7040,0.5648830001518945,2.968005001122842,2.968005001122842,4029144376,8071641312,524957848640,4029108736,81.30560200061154,82.79365000089456
openmarcie_bicycle,mixed,deepconvlstm,openmarcie_bicycle__only_barometer__qwen3_4b,qwen3_4b,only_barometer,33284,133136,2064256,524,33284,0,0.4651930003092275,2.9197630000596284,2.9197630000596284,4029142020,8071631888,701927501568,4029108736,81.2692520003111,82.10846500060143
openmarcie_bicycle,mixed,unrestricted_bank,openmarcie_bicycle__only_barometer__qwen3_4b,qwen3_4b,only_barometer,35672,142688,848064,81,28600,7072,0.4613230003087665,2.776825001121219,2.776825001121219,4029144408,8071641440,524957848640,4029108736,81.30560200061154,82.51187700079754
openmarcie_bicycle,mixed,separate_banks,openmarcie_bicycle__only_barometer__qwen3_4b,qwen3_4b,only_barometer,35672,142688,848064,81,28600,7072,0.5699630000890465,2.8948839999719755,2.8948839999719755,4029144408,8071641440,524957848640,4029108736,81.30560200061154,82.59665800051152
openmarcie_bicycle,mixed,fixed_resampling,openmarcie_bicycle__only_barometer__qwen3_4b,qwen3_4b,only_barometer,35672,142688,846912,81,28600,7072,0.5560429999604821,2.807904000321182,2.807904000321182,4029144408,8071641440,524957847488,4029108736,81.30560200061154,82.52558800086263
openmarcie_bicycle,mixed,finetune_encoders,openmarcie_bicycle__only_barometer__qwen3_4b,qwen3_4b,only_barometer,35672,142688,848064,81,28600,7072,0.5477430004248163,2.8668849991225986,2.8668849991225986,4029144408,8071641440,524957848640,4029108736,81.30560200061154,82.6000289998774
openmarcie_bicycle,mixed,no_alignment,openmarcie_bicycle__only_barometer__qwen3_4b,qwen3_4b,only_barometer,35672,142688,848064,81,28600,7072,0.5437730005724006,2.863254000687343,2.863254000687343,4029144408,8071641440,524957848640,4029108736,81.30560200061154,82.60683800108382
openmarcie_bicycle,mixed,no_usage,openmarcie_bicycle__only_barometer__qwen3_4b,qwen3_4b,only_barometer,35672,142688,848064,81,28600,7072,0.5471919994306518,2.8623029984663706,2.8623029984663706,4029144408,8071641440,524957848640,4029108736,81.30560200061154,82.67848900140962
openmarcie_bicycle,mixed,tcn,openmarcie_bicycle__only_barometer__qwen3_4b,qwen3_4b,only_barometer,13648,54592,821184,524,13648,0,0.5901529993934673,3.042592999841599,3.042592999841599,4029122384,8071553344,701926258496,4029108736,81.2692520003111,82.2435560003214
openmarcie_bicycle,mixed,ts_transformer,openmarcie_bicycle__only_barometer__qwen3_4b,qwen3_4b,only_barometer,26512,106048,1869760,524,26512,0,0.6856440004412434,3.138334000064514,3.138334000064514,4029135248,8071604800,701927307072,4029108736,81.2692520003111,82.31219699973735
openmarcie_bicycle,mixed,patchtst,openmarcie_bicycle__only_barometer__qwen3_4b,qwen3_4b,only_barometer,26640,106560,1087936,524,26640,0,0.7635939991814666,3.2216039989322773,3.2216039989322773,4029135376,8071605312,517599149248,4029108736,81.52396300010878,82.93759000025602
openmarcie_bicycle,cuda,distrixsense,openmarcie_bicycle__only_depth__qwen3_4b,qwen3_4b,only_depth,94448,377792,5235904,249,30776,63672,0.8075739997366327,3.4549469998058395,8.588631999290536,4029203184,8071876544,672335663680,4029108736,83.16578199992364,86.04758599994966
openmarcie_bicycle,cuda,dense,openmarcie_bicycle__only_depth__qwen3_4b,qwen3_4b,only_depth,81080,324320,10845376,12972,27704,53376,0.6037530001776759,6.496155999552447,18.11568899944561,4029189816,8071823072,1206983708224,4029108736,83.29172199955792,85.48435299962875
openmarcie_bicycle,cuda,dense_tokens,openmarcie_bicycle__only_depth__qwen3_4b,qwen3_4b,only_depth,88208,352832,5186752,3300,27704,60504,0.579562999519112,3.9985060002389945,10.691020998806053,4029196944,8071851584,672335614528,4029108736,83.16578199992364,85.66338400123641
openmarcie_bicycle,cuda,raw,openmarcie_bicycle__only_depth__qwen3_4b,qwen3_4b,only_depth,81080,324320,10845376,19188,81080,0,1.4384579999386915,8.684529000271356,23.037691000962432,4029189816,8071823072,1206983708224,4029108736,83.29172199955792,85.3700329989806
openmarcie_bicycle,cuda,early_fusion,openmarcie_bicycle__only_depth__qwen3_4b,qwen3_4b,only_depth,47224,188896,3220672,19188,47224,0,1.2302169998292811,8.477498000098636,22.83268800026118,4029155960,8071687648,731436373568,4029108736,81.45021299969812,83.57989399883081
openmarcie_bicycle,cuda,late_fusion,openmarcie_bicycle__only_depth__qwen3_4b,qwen3_4b,only_depth,54564,218256,3381504,288,0,54564,0.10924000071099726,2.6408020017381175,7.559367001427372,4022522660,8045154448,620455248640,4022468096,82.37975700012612,84.10314599950652
openmarcie_bicycle,cuda,local_only,openmarcie_bicycle__only_depth__qwen3_4b,qwen3_4b,only_depth,54564,218256,3381504,156,0,54564,0.1486510000177077,2.8208450005581485,7.685588000460888,4022522660,8045154448,620455248640,4022468096,82.37975700012612,84.09721599946351
openmarcie_bicycle,cuda,bottleneck,openmarcie_bicycle__only_depth__qwen3_4b,qwen3_4b,only_depth,81956,327824,10894528,2052,28184,53772,0.6233029998838902,3.6362160001508776,9.506719000285631,4029190692,8071826576,1206983757376,4029108736,83.29172199955792,85.63780299937207
openmarcie_bicycle,cuda,tokenlearner,openmarcie_bicycle__only_depth__qwen3_4b,qwen3_4b,only_depth,85040,340160,5137600,3300,27704,57336,0.5713630007448955,3.983815000533359,10.658670000325074,4029193776,8071838912,672335565376,4029108736,83.16578199992364,85.61644499968679
openmarcie_bicycle,cuda,posthoc_vq,openmarcie_bicycle__only_depth__qwen3_4b,qwen3_4b,only_depth,93368,373472,11041984,600,30776,62592,0.8084139999482431,3.746708000104409,9.216484999331879,4029202104,8071872224,1206983904832,4029108736,83.29172199955792,86.45776899993507
openmarcie_bicycle,cuda,joint_vq,openmarcie_bicycle__only_depth__qwen3_4b,qwen3_4b,only_depth,100496,401984,5235904,249,30776,69720,0.7953740005177679,3.5974280004996455,9.028656001563812,4029209232,8071900736,672335663680,4029108736,83.16578199992364,86.450859001161
openmarcie_bicycle,cuda,deepconvlstm,openmarcie_bicycle__only_depth__qwen3_4b,qwen3_4b,only_depth,76748,306992,4821760,19188,76748,0,0.9013740000227699,8.15085399931944,22.50570499806482,4029185484,8071805744,731437974656,4029108736,81.45021299969812,82.95236099911563
openmarcie_bicycle,cuda,unrestricted_bank,openmarcie_bicycle__only_depth__qwen3_4b,qwen3_4b,only_depth,100784,403136,5334208,249,30776,70008,0.5955930000709486,3.265055000735016,8.375690000238118,4029209520,8071901888,672335761984,4029108736,83.16578199992364,85.96848499928456
openmarcie_bicycle,cuda,separate_banks,openmarcie_bicycle__only_depth__qwen3_4b,qwen3_4b,only_depth,94448,377792,5235904,249,30776,63672,0.8317339998029638,3.4612370005891773,8.569651999013312,4029203184,8071876544,672335663680,4029108736,83.16578199992364,86.12453800014919
openmarcie_bicycle,cuda,fixed_resampling,openmarcie_bicycle__only_depth__qwen3_4b,qwen3_4b,only_depth,94448,377792,4412608,249,30776,63672,0.8159749995684251,3.641108000589453,8.688234000063838,4029203184,8071876544,672334840384,4029108736,83.16578199992364,85.88049699937983
openmarcie_bicycle,cuda,finetune_encoders,openmarcie_bicycle__only_depth__qwen3_4b,qwen3_4b,only_depth,94448,377792,5235904,249,30776,63672,0.7957640000313404,3.4334580001416963,8.536553999791957,4029203184,8071876544,672335663680,4029108736,83.16578199992364,85.99966699966899
openmarcie_bicycle,cuda,no_alignment,openmarcie_bicycle__only_depth__qwen3_4b,qwen3_4b,only_depth,94448,377792,5235904,249,30776,63672,0.7923840003059013,3.4634860009067108,8.59256100003129,4029203184,8071876544,672335663680,4029108736,83.16578199992364,86.0281559998839
openmarcie_bicycle,cuda,no_usage,openmarcie_bicycle__only_depth__qwen3_4b,qwen3_4b,only_depth,94448,377792,5235904,249,30776,63672,0.8067039998422842,3.4433479992333798,8.555502999032777,4029203184,8071876544,672335663680,4029108736,83.16578199992364,85.9978559992669
openmarcie_bicycle,cuda,tcn,openmarcie_bicycle__only_depth__qwen3_4b,qwen3_4b,only_depth,33048,132192,2034624,19188,33048,0,1.014835000205494,8.263426999798172,22.622608000045794,4029141784,8071630944,731435187520,4029108736,81.45021299969812,83.06865200029279
openmarcie_bicycle,cuda,ts_transformer,openmarcie_bicycle__only_depth__qwen3_4b,qwen3_4b,only_depth,45912,183648,3083200,19188,45912,0,1.1110750001535052,8.359205999619222,22.715685998872424,4029154648,8071682400,731436236096,4029108736,81.45021299969812,83.1574929998169
openmarcie_bicycle,cuda,patchtst,openmarcie_bicycle__only_depth__qwen3_4b,qwen3_4b,only_depth,39928,159712,69986496,19188,39928,0,1.1954259998674388,8.451365999968617,22.814156999328326,4029148664,8071658464,547057798592,4029108736,82.35712700025033,84.24071700119384
openmarcie_bicycle,mixed,distrixsense,openmarcie_bicycle__only_depth__qwen3_4b,qwen3_4b,only_depth,94448,377792,5235904,249,30776,63672,0.8134239997161785,3.184196999096754,7.765508998008025,4029203184,8071876544,672335663680,4029108736,83.16578199992364,85.42653399945266
openmarcie_bicycle,mixed,dense,openmarcie_bicycle__only_depth__qwen3_4b,qwen3_4b,only_depth,81080,324320,10845376,12972,27704,53376,0.6073730000935029,6.299133999486675,17.53532500066669,4029189816,8071823072,1206983708224,4029108736,83.29172199955792,85.12391099975503
openmarcie_bicycle,mixed,dense_tokens,openmarcie_bicycle__only_depth__qwen3_4b,qwen3_4b,only_depth,88208,352832,5186752,3300,27704,60504,0.5823030005558394,3.759054000506585,9.941986000726175,4029196944,8071851584,672335614528,4029108736,83.16578199992364,85.06739099993865
openmarcie_bicycle,mixed,raw,openmarcie_bicycle__only_depth__qwen3_4b,qwen3_4b,only_depth,81080,324320,10845376,19188,81080,0,1.4441570001508808,8.64004800092174,22.892568000923994,4029189816,8071823072,1206983708224,4029108736,83.29172199955792,85.24697099892364
openmarcie_bicycle,mixed,early_fusion,openmarcie_bicycle__only_depth__qwen3_4b,qwen3_4b,only_depth,47224,188896,3220672,19188,47224,0,1.2525960000857594,8.448197000285505,22.70003699929358,4029155960,8071687648,731436373568,4029108736,81.45021299969812,83.15699100057827
openmarcie_bicycle,mixed,late_fusion,openmarcie_bicycle__only_depth__qwen3_4b,qwen3_4b,only_depth,54564,218256,3381504,288,0,54564,0.10895000013988465,2.4374310001487145,6.946121999767993,4022522660,8045154448,620455248640,4022468096,82.37975700012612,83.590823999657
openmarcie_bicycle,mixed,local_only,openmarcie_bicycle__only_depth__qwen3_4b,qwen3_4b,only_depth,54564,218256,3381504,156,0,54564,0.15942099980748026,2.4422519993708933,6.879703999222733,4022522660,8045154448,620455248640,4022468096,82.37975700012612,83.65823399981309
openmarcie_bicycle,mixed,bottleneck,openmarcie_bicycle__only_depth__qwen3_4b,qwen3_4b,only_depth,81956,327824,10894528,2052,28184,53772,0.6266629998208373,3.4215840007809923,8.878316001585592,4029190692,8071826576,1206983757376,4029108736,83.29172199955792,85.19633199921373
openmarcie_bicycle,mixed,tokenlearner,openmarcie_bicycle__only_depth__qwen3_4b,qwen3_4b,only_depth,85040,340160,5137600,3300,27704,57336,0.5885629998374498,3.742203998622135,9.913275997846213,4029193776,8071838912,672335565376,4029108736,83.16578199992364,85.06122100061475
openmarcie_bicycle,mixed,posthoc_vq,openmarcie_bicycle__only_depth__qwen3_4b,qwen3_4b,only_depth,93368,373472,11041984,600,30776,62592,0.8180439999705413,3.3236559993348784,8.166957998572325,4029202104,8071872224,1206983904832,4029108736,83.29172199955792,85.71685500010062
openmarcie_bicycle,mixed,joint_vq,openmarcie_bicycle__only_depth__qwen3_4b,qwen3_4b,only_depth,100496,401984,5235904,249,30776,69720,0.8256040000560461,3.2734570001014855,8.008649001484608,4029209232,8071900736,672335663680,4029108736,83.16578199992364,85.64929400108667
openmarcie_bicycle,mixed,deepconvlstm,openmarcie_bicycle__only_depth__qwen3_4b,qwen3_4b,only_depth,76748,306992,4821760,19188,76748,0,0.9011039992401493,8.094854998995503,22.346954998891952,4029185484,8071805744,731437974656,4029108736,81.45021299969812,82.8134699995644
openmarcie_bicycle,mixed,unrestricted_bank,openmarcie_bicycle__only_depth__qwen3_4b,qwen3_4b,only_depth,100784,403136,5334208,249,30776,70008,0.608074000410852,2.9801350007222265,7.565668000014719,4029209520,8071901888,672335761984,4029108736,83.16578199992364,85.23673299987422
openmarcie_bicycle,mixed,separate_banks,openmarcie_bicycle__only_depth__qwen3_4b,qwen3_4b,only_depth,94448,377792,5235904,249,30776,63672,0.8432949998677941,3.226135999863187,7.809048999578389,4029203184,8071876544,672335663680,4029108736,83.16578199992364,85.44475300004706
openmarcie_bicycle,mixed,fixed_resampling,openmarcie_bicycle__only_depth__qwen3_4b,qwen3_4b,only_depth,94448,377792,4412608,249,30776,63672,0.8253739997599041,3.1253649991743497,7.573746998704317,4029203184,8071876544,672334840384,4029108736,83.16578199992364,85.17746300003637
openmarcie_bicycle,mixed,finetune_encoders,openmarcie_bicycle__only_depth__qwen3_4b,qwen3_4b,only_depth,94448,377792,5235904,249,30776,63672,0.813053999991098,3.180674999963527,7.763687000905501,4029203184,8071876544,672335663680,4029108736,83.16578199992364,85.4046529993866
openmarcie_bicycle,mixed,no_alignment,openmarcie_bicycle__only_depth__qwen3_4b,qwen3_4b,only_depth,94448,377792,5235904,249,30776,63672,0.811383999462123,3.1777949985883662,7.759196998366841,4029203184,8071876544,672335663680,4029108736,83.16578199992364,85.44202299981407
openmarcie_bicycle,mixed,no_usage,openmarcie_bicycle__only_depth__qwen3_4b,qwen3_4b,only_depth,94448,377792,5235904,249,30776,63672,0.8264640000561485,3.1995650011925374,7.782687001880712,4029203184,8071876544,672335663680,4029108736,83.16578199992364,85.44868399985717
openmarcie_bicycle,mixed,tcn,openmarcie_bicycle__only_depth__qwen3_4b,qwen3_4b,only_depth,33048,132192,2034624,19188,33048,0,1.0195650002060574,8.210345000912854,22.462125001464948,4029141784,8071630944,731435187520,4029108736,81.45021299969812,82.94016099989676
openmarcie_bicycle,mixed,ts_transformer,openmarcie_bicycle__only_depth__qwen3_4b,qwen3_4b,only_depth,45912,183648,3083200,19188,45912,0,1.1138549998577219,8.307065999866824,22.558895999890147,4029154648,8071682400,731436236096,4029108736,81.45021299969812,83.09573199949227
openmarcie_bicycle,mixed,patchtst,openmarcie_bicycle__only_depth__qwen3_4b,qwen3_4b,only_depth,39928,159712,69986496,19188,39928,0,1.1908260003110627,8.381026000785129,22.632756000956498,4029148664,8071658464,547057798592,4029108736,82.35712700025033,84.01853499981371
openmarcie_bicycle,cuda,distrixsense,openmarcie_bicycle__only_imu__qwen3_4b,qwen3_4b,only_imu,39074,156296,1063488,81,28600,10474,0.5662430003212648,3.1390650001702713,3.1390650001702713,4029147810,8071655048,524958064064,4029108736,81.30560200061154,82.747270001164
openmarcie_bicycle,cuda,dense,openmarcie_bicycle__only_imu__qwen3_4b,qwen3_4b,only_imu,34618,138472,2441792,4324,27576,7042,0.4731520002678735,6.293103000057035,6.293103000057035,4029143354,8071637224,701927879104,4029108736,81.2692520003111,82.50372800102923
openmarcie_bicycle,cuda,dense_tokens,openmarcie_bicycle__only_imu__qwen3_4b,qwen3_4b,only_imu,36994,147976,1047104,1100,27576,9418,0.44209200041223085,3.794395000108925,3.794395000108925,4029145730,8071646728,524958047680,4029108736,81.30560200061154,82.60561800034338
openmarcie_bicycle,cuda,raw,openmarcie_bicycle__only_imu__qwen3_4b,qwen3_4b,only_imu,34618,138472,2441792,16164,34618,0,0.799753999672248,15.829293999239791,15.829293999239791,4029143354,8071637224,701927879104,4029108736,81.2692520003111,82.53142800003843
openmarcie_bicycle,cuda,early_fusion,openmarcie_bicycle__only_imu__qwen3_4b,qwen3_4b,only_imu,28858,115432,2075200,16164,28858,0,0.8249250004155328,15.860236001252826,15.860236001252826,4029137594,8071614184,701927512512,4029108736,81.2692520003111,82.5182290009252
openmarcie_bicycle,cuda,late_fusion,openmarcie_bicycle__only_imu__qwen3_4b,qwen3_4b,only_imu,7438,29752,444672,96,0,7438,0.07987099979800405,2.548192999315867,2.548192999315867,4022475534,8044965944,591015375104,4022468096,82.07034599945473,82.86589999988792
openmarcie_bicycle,cuda,local_only,openmarcie_bicycle__only_imu__qwen3_4b,qwen3_4b,only_imu,7438,29752,444672,52,0,7438,0.09853099982137792,2.5399130002074175,2.5399130002074175,4022475534,8044965944,591015375104,4022468096,82.07034599945473,82.89348000016616
openmarcie_bicycle,cuda,bottleneck,openmarcie_bicycle__only_imu__qwen3_4b,qwen3_4b,only_imu,34910,139640,2458176,684,27736,7174,0.4778619995704503,3.4302339984342574,3.4302339984342574,4029143646,8071638392,701927895488,4029108736,81.2692520003111,82.54161900094914
openmarcie_bicycle,cuda,tokenlearner,openmarcie_bicycle__only_imu__qwen3_4b,qwen3_4b,only_imu,35938,143752,1030720,1100,27576,8362,0.45420200058288174,3.7964940001937793,3.7964940001937793,4029144674,8071642504,524958031296,4029108736,81.30560200061154,82.59451800131501
openmarcie_bicycle,cuda,posthoc_vq,openmarcie_bicycle__only_imu__qwen3_4b,qwen3_4b,only_imu,36666,146664,2507328,192,28600,8066,0.5735429995183949,3.3064449995239498,3.3064449995239498,4029145402,8071645416,701927944640,4029108736,81.2692520003111,82.85897099995054
openmarcie_bicycle,cuda,joint_vq,openmarcie_bicycle__only_imu__qwen3_4b,qwen3_4b,only_imu,39042,156168,1063488,81,28600,10442,0.5575229997702991,3.2802169990026275,3.2802169990026275,4029147778,8071654920,524958064064,4029108736,81.30560200061154,82.91212000040105
openmarcie_bicycle,cuda,deepconvlstm,openmarcie_bicycle__only_imu__qwen3_4b,qwen3_4b,only_imu,36686,146744,2279680,16164,36686,0,0.46705200020369375,15.489812000531867,15.489812000531867,4029145422,8071645496,701927716992,4029108736,81.2692520003111,82.19841600021027
openmarcie_bicycle,cuda,unrestricted_bank,openmarcie_bicycle__only_imu__qwen3_4b,qwen3_4b,only_imu,39074,156296,1063488,81,28600,10474,0.45557200064649805,3.0288350008339737,3.0288350008339737,4029147810,8071655048,524958064064,4029108736,81.30560200061154,82.69464900149615
openmarcie_bicycle,cuda,separate_banks,openmarcie_bicycle__only_imu__qwen3_4b,qwen3_4b,only_imu,39074,156296,1063488,81,28600,10474,0.5626530000881758,3.122955000464467,3.122955000464467,4029147810,8071655048,524958064064,4029108736,81.30560200061154,82.77021000139939
openmarcie_bicycle,cuda,fixed_resampling,openmarcie_bicycle__only_imu__qwen3_4b,qwen3_4b,only_imu,39074,156296,1031232,81,28600,10474,0.5529330001081689,3.0962450000805664,3.0962450000805664,4029147810,8071655048,524958031808,4029108736,81.30560200061154,82.71422000052553
openmarcie_bicycle,cuda,finetune_encoders,openmarcie_bicycle__only_imu__qwen3_4b,qwen3_4b,only_imu,39074,156296,1063488,81,28600,10474,0.5564029997913167,3.115265999469452,3.115265999469452,4029147810,8071655048,524958064064,4029108736,81.30560200061154,82.74661899940838
openmarcie_bicycle,cuda,no_alignment,openmarcie_bicycle__only_imu__qwen3_4b,qwen3_4b,only_imu,39074,156296,1063488,81,28600,10474,0.5456319995573722,3.122254999681795,3.122254999681795,4029147810,8071655048,524958064064,4029108736,81.30560200061154,82.74218899987318
openmarcie_bicycle,cuda,no_usage,openmarcie_bicycle__only_imu__qwen3_4b,qwen3_4b,only_imu,39074,156296,1063488,81,28600,10474,0.5785329994978383,3.283206999214494,3.283206999214494,4029147810,8071655048,524958064064,4029108736,81.30560200061154,82.75566000065737
openmarcie_bicycle,cuda,tcn,openmarcie_bicycle__only_imu__qwen3_4b,qwen3_4b,only_imu,14746,58984,889152,16164,14746,0,0.5999630002406775,15.63553400105685,15.63553400105685,4029123482,8071557736,701926326464,4029108736,81.2692520003111,82.29503799975646
openmarcie_bicycle,cuda,ts_transformer,openmarcie_bicycle__only_imu__qwen3_4b,qwen3_4b,only_imu,27610,110440,1937728,16164,27610,0,0.6828330006101169,15.708784001298238,15.708784001298238,4029136346,8071609192,701927375040,4029108736,81.2692520003111,82.38864700069826
openmarcie_bicycle,cuda,patchtst,openmarcie_bicycle__only_imu__qwen3_4b,qwen3_4b,only_imu,27162,108648,7602496,16164,27162,0,0.7935339999676216,15.820504001248093,15.820504001248093,4029135898,8071607400,517605663808,4029108736,81.52396300010878,82.70873900073639
openmarcie_bicycle,mixed,distrixsense,openmarcie_bicycle__only_imu__qwen3_4b,qwen3_4b,only_imu,39074,156296,1063488,81,28600,10474,0.5542429998968146,2.8772539999698754,2.8772539999698754,4029147810,8071655048,524958064064,4029108736,81.30560200061154,82.59259900114557
openmarcie_bicycle,mixed,dense,openmarcie_bicycle__only_imu__qwen3_4b,qwen3_4b,only_imu,34618,138472,2441792,4324,27576,7042,0.5063120006525423,6.170213001819083,6.170213001819083,4029143354,8071637224,701927879104,4029108736,81.2692520003111,82.40183799989609
openmarcie_bicycle,mixed,dense_tokens,openmarcie_bicycle__only_imu__qwen3_4b,qwen3_4b,only_imu,36994,147976,1047104,1100,27576,9418,0.5438129992398899,3.71649400039576,3.71649400039576,4029145730,8071646728,524958047680,4029108736,81.30560200061154,82.76055999976961
openmarcie_bicycle,mixed,raw,openmarcie_bicycle__only_imu__qwen3_4b,qwen3_4b,only_imu,34618,138472,2441792,16164,34618,0,0.807944000371208,15.781183999614779,15.781183999614779,4029143354,8071637224,701927879104,4029108736,81.2692520003111,82.48411900058272
openmarcie_bicycle,mixed,early_fusion,openmarcie_bicycle__only_imu__qwen3_4b,qwen3_4b,only_imu,28858,115432,2075200,16164,28858,0,0.8265140004368732,15.801245000738174,15.801245000738174,4029137594,8071614184,701927512512,4029108736,81.2692520003111,82.48036700024386
openmarcie_bicycle,mixed,late_fusion,openmarcie_bicycle__only_imu__qwen3_4b,qwen3_4b,only_imu,7438,29752,444672,96,0,7438,0.07581099998787977,2.3617619995686225,2.3617619995686225,4022475534,8044965944,591015375104,4022468096,82.07034599945473,82.87625999855663
openmarcie_bicycle,mixed,local_only,openmarcie_bicycle__only_imu__qwen3_4b,qwen3_4b,only_imu,7438,29752,444672,52,0,7438,0.09113000032812124,2.3434020006493315,2.3434020006493315,4022475534,8044965944,591015375104,4022468096,82.07034599945473,82.76888999989751
openmarcie_bicycle,mixed,bottleneck,openmarcie_bicycle__only_imu__qwen3_4b,qwen3_4b,only_imu,34910,139640,2458176,684,27736,7174,0.5261430005703005,3.2837439996647184,3.2837439996647184,4029143646,8071638392,701927895488,4029108736,81.2692520003111,82.44746800028224
openmarcie_bicycle,mixed,tokenlearner,openmarcie_bicycle__only_imu__qwen3_4b,qwen3_4b,only_imu,35938,143752,1030720,1100,27576,8362,0.4575729999487521,3.5772450000830576,3.5772450000830576,4029144674,8071642504,524958031296,4029108736,81.30560200061154,82.46287900055904
openmarcie_bicycle,mixed,posthoc_vq,openmarcie_bicycle__only_imu__qwen3_4b,qwen3_4b,only_imu,36666,146664,2507328,192,28600,8066,0.5697730002793833,3.0325839994278736,3.0325839994278736,4029145402,8071645416,701927944640,4029108736,81.2692520003111,82.63703899956454
openmarcie_bicycle,mixed,joint_vq,openmarcie_bicycle__only_imu__qwen3_4b,qwen3_4b,only_imu,39042,156168,1063488,81,28600,10442,0.5535520003832062,2.957413000360143,2.957413000360143,4029147778,8071654920,524958064064,4029108736,81.30560200061154,82.70348800124339
openmarcie_bicycle,mixed,deepconvlstm,openmarcie_bicycle__only_imu__qwen3_4b,qwen3_4b,only_imu,36686,146744,2279680,16164,36686,0,0.4708819997176761,15.447871999321261,15.447871999321261,4029145422,8071645496,701927716992,4029108736,81.2692520003111,82.12512699992658
openmarcie_bicycle,mixed,unrestricted_bank,openmarcie_bicycle__only_imu__qwen3_4b,qwen3_4b,only_imu,39074,156296,1063488,81,28600,10474,0.46494300022459356,2.79153499926168,2.79153499926168,4029147810,8071655048,524958064064,4029108736,81.30560200061154,82.53640700149845
openmarcie_bicycle,mixed,separate_banks,openmarcie_bicycle__only_imu__qwen3_4b,qwen3_4b,only_imu,39074,156296,1063488,81,28600,10474,0.5681229995389003,2.8915040002465364,2.8915040002465364,4029147810,8071655048,524958064064,4029108736,81.30560200061154,82.70317800088378
openmarcie_bicycle,mixed,fixed_resampling,openmarcie_bicycle__only_imu__qwen3_4b,qwen3_4b,only_imu,39074,156296,1031232,81,28600,10474,0.5532730001505115,2.807374000469176,2.807374000469176,4029147810,8071655048,524958031808,4029108736,81.30560200061154,82.5206680001429
openmarcie_bicycle,mixed,finetune_encoders,openmarcie_bicycle__only_imu__qwen3_4b,qwen3_4b,only_imu,39074,156296,1063488,81,28600,10474,0.5577129995799623,2.8834259983631316,2.8834259983631316,4029147810,8071655048,524958064064,4029108736,81.30560200061154,82.60618799977237
openmarcie_bicycle,mixed,no_alignment,openmarcie_bicycle__only_imu__qwen3_4b,qwen3_4b,only_imu,39074,156296,1063488,81,28600,10474,0.5519630003618659,2.877674999610358,2.877674999610358,4029147810,8071655048,524958064064,4029108736,81.30560200061154,82.61800900072558
openmarcie_bicycle,mixed,no_usage,openmarcie_bicycle__only_imu__qwen3_4b,qwen3_4b,only_imu,39074,156296,1063488,81,28600,10474,0.5525530004888424,2.8881039998231106,2.8881039998231106,4029147810,8071655048,524958064064,4029108736,81.30560200061154,82.61003799998434
openmarcie_bicycle,mixed,tcn,openmarcie_bicycle__only_imu__qwen3_4b,qwen3_4b,only_imu,14746,58984,889152,16164,14746,0,0.5961930000921711,15.57453299997088,15.57453299997088,4029123482,8071557736,701926326464,4029108736,81.2692520003111,82.26582800034521
openmarcie_bicycle,mixed,ts_transformer,openmarcie_bicycle__only_imu__qwen3_4b,qwen3_4b,only_imu,27610,110440,1937728,16164,27610,0,0.6847739996374003,15.65774399991734,15.65774399991734,4029136346,8071609192,701927375040,4029108736,81.2692520003111,82.34096800060797
openmarcie_bicycle,mixed,patchtst,openmarcie_bicycle__only_imu__qwen3_4b,qwen3_4b,only_imu,27162,108648,7602496,16164,27162,0,0.7693540001127985,15.744264998510527,15.744264998510527,4029135898,8071607400,517605663808,4029108736,81.52396300010878,82.6722299998437
openmarcie_bicycle,cuda,distrixsense,openmarcie_bicycle__only_magnetometer__qwen3_4b,qwen3_4b,only_magnetometer,36734,146936,915264,81,28600,8134,0.5677929993908037,3.143575999303616,3.143575999303616,4029145470,8071645688,524957915840,4029108736,81.30560200061154,83.00549000068713
openmarcie_bicycle,cuda,dense,openmarcie_bicycle__only_magnetometer__qwen3_4b,qwen3_4b,only_magnetometer,32278,129112,2293568,4324,27576,4702,0.47772200014151167,6.302272999487049,6.302272999487049,4029141014,8071627864,701927730880,4029108736,81.2692520003111,82.51936799933901
openmarcie_bicycle,cuda,dense_tokens,openmarcie_bicycle__only_magnetometer__qwen3_4b,qwen3_4b,only_magnetometer,34654,138616,898880,1100,27576,7078,0.4552529999273247,3.828505000451405,3.828505000451405,4029143390,8071637368,524957899456,4029108736,81.30560200061154,82.60752800015325
openmarcie_bicycle,cuda,raw,openmarcie_bicycle__only_magnetometer__qwen3_4b,qwen3_4b,only_magnetometer,32278,129112,2293568,1244,32278,0,0.8072840000750148,3.890065000191203,3.890065000191203,4029141014,8071627864,701927730880,4029108736,81.2692520003111,82.48376800111146
openmarcie_bicycle,cuda,early_fusion,openmarcie_bicycle__only_magnetometer__qwen3_4b,qwen3_4b,only_magnetometer,28054,112216,2025280,1244,28054,0,0.8304749999297201,3.910455999643705,3.910455999643705,4029136790,8071610968,701927462592,4029108736,81.2692520003111,82.51061900045897
openmarcie_bicycle,cuda,late_fusion,openmarcie_bicycle__only_magnetometer__qwen3_4b,qwen3_4b,only_magnetometer,5098,20392,296448,96,0,5098,0.0781700000516139,2.55250300012012,2.55250300012012,4022473194,8044956584,591015226880,4022468096,82.07034599945473,82.861399999274
openmarcie_bicycle,cuda,local_only,openmarcie_bicycle__only_magnetometer__qwen3_4b,qwen3_4b,only_magnetometer,5098,20392,296448,52,0,5098,0.09317100011685397,2.5484129994469926,2.5484129994469926,4022473194,8044956584,591015226880,4022468096,82.07034599945473,82.91100000042206
openmarcie_bicycle,cuda,bottleneck,openmarcie_bicycle__only_magnetometer__qwen3_4b,qwen3_4b,only_magnetometer,32570,130280,2309952,684,27736,4834,0.4840320007133414,3.44370500103744,3.44370500103744,4029141306,8071629032,701927747264,4029108736,81.2692520003111,82.55049799936387
openmarcie_bicycle,cuda,tokenlearner,openmarcie_bicycle__only_magnetometer__qwen3_4b,qwen3_4b,only_magnetometer,33598,134392,882496,1100,27576,6022,0.4454529998838552,3.785263998902228,3.785263998902228,4029142334,8071633144,524957883072,4029108736,81.30560200061154,82.6112180002383
openmarcie_bicycle,cuda,posthoc_vq,openmarcie_bicycle__only_magnetometer__qwen3_4b,qwen3_4b,only_magnetometer,34326,137304,2359104,192,28600,5726,0.5768130004071281,3.3233660002027987,3.3233660002027987,4029143062,8071636056,701927796416,4029108736,81.2692520003111,82.83893000043463
openmarcie_bicycle,cuda,joint_vq,openmarcie_bicycle__only_magnetometer__qwen3_4b,qwen3_4b,only_magnetometer,36702,146808,915264,81,28600,8102,0.5570829998760018,3.28871599961702,3.28871599961702,4029145438,8071645560,524957915840,4029108736,81.30560200061154,82.90900000065449
openmarcie_bicycle,cuda,deepconvlstm,openmarcie_bicycle__only_magnetometer__qwen3_4b,qwen3_4b,only_magnetometer,34346,137384,2131456,1244,34346,0,0.4702719998022076,3.5532320002991358,3.5532320002991358,4029143082,8071636136,701927568768,4029108736,81.2692520003111,82.15942700007872
openmarcie_bicycle,cuda,unrestricted_bank,openmarcie_bicycle__only_magnetometer__qwen3_4b,qwen3_4b,only_magnetometer,36734,146936,915264,81,28600,8134,0.5006129995308584,3.0630060009861015,3.0630060009861015,4029145470,8071645688,524957915840,4029108736,81.30560200061154,82.71696899919334
openmarcie_bicycle,cuda,separate_banks,openmarcie_bicycle__only_magnetometer__qwen3_4b,qwen3_4b,only_magnetometer,36734,146936,915264,81,28600,8134,0.5620329993689666,3.152985999833513,3.152985999833513,4029145470,8071645688,524957915840,4029108736,81.30560200061154,82.75947000038286
openmarcie_bicycle,cuda,fixed_resampling,openmarcie_bicycle__only_magnetometer__qwen3_4b,qwen3_4b,only_magnetometer,36734,146936,908352,81,28600,8134,0.5505429999175249,3.0821049986406113,3.0821049986406113,4029145470,8071645688,524957908928,4029108736,81.30560200061154,82.7280690009502
openmarcie_bicycle,cuda,finetune_encoders,openmarcie_bicycle__only_magnetometer__qwen3_4b,qwen3_4b,only_magnetometer,36734,146936,915264,81,28600,8134,0.547603000086383,3.133306001502101,3.133306001502101,4029145470,8071645688,524957915840,4029108736,81.30560200061154,82.76797000053193
openmarcie_bicycle,cuda,no_alignment,openmarcie_bicycle__only_magnetometer__qwen3_4b,qwen3_4b,only_magnetometer,36734,146936,915264,81,28600,8134,0.5779820003226632,3.1503440013983752,3.1503440013983752,4029145470,8071645688,524957915840,4029108736,81.30560200061154,82.74931000050856
openmarcie_bicycle,cuda,no_usage,openmarcie_bicycle__only_magnetometer__qwen3_4b,qwen3_4b,only_magnetometer,36734,146936,915264,81,28600,8134,0.5499330000020564,3.123695999449305,3.123695999449305,4029145470,8071645688,524957915840,4029108736,81.30560200061154,82.76163900063693
openmarcie_bicycle,cuda,tcn,openmarcie_bicycle__only_magnetometer__qwen3_4b,qwen3_4b,only_magnetometer,13942,55768,839232,1244,13942,0,0.5980129999443307,3.6791529996796046,3.6791529996796046,4029122678,8071554520,701926276544,4029108736,81.2692520003111,82.279417000791
openmarcie_bicycle,cuda,ts_transformer,openmarcie_bicycle__only_magnetometer__qwen3_4b,qwen3_4b,only_magnetometer,26806,107224,1887808,1244,26806,0,0.6872039994050283,3.766053998801613,3.766053998801613,4029135542,8071605976,701927325120,4029108736,81.2692520003111,82.36011800090637
openmarcie_bicycle,cuda,patchtst,openmarcie_bicycle__only_magnetometer__qwen3_4b,qwen3_4b,only_magnetometer,26742,106968,3254848,1244,26742,0,0.7668130001547979,3.8454739992763964,3.8454739992763964,4029135478,8071605720,517601316160,4029108736,81.52396300010878,82.71650000096997
openmarcie_bicycle,mixed,distrixsense,openmarcie_bicycle__only_magnetometer__qwen3_4b,qwen3_4b,only_magnetometer,36734,146936,915264,81,28600,8134,0.5592730003627366,2.8745050003925687,2.8745050003925687,4029145470,8071645688,524957915840,4029108736,81.30560200061154,82.6260280009592
openmarcie_bicycle,mixed,dense,openmarcie_bicycle__only_magnetometer__qwen3_4b,qwen3_4b,only_magnetometer,32278,129112,2293568,4324,27576,4702,0.5203720002100454,6.16981299968278,6.16981299968278,4029141014,8071627864,701927730880,4029108736,81.2692520003111,82.410678000997
openmarcie_bicycle,mixed,dense_tokens,openmarcie_bicycle__only_magnetometer__qwen3_4b,qwen3_4b,only_magnetometer,34654,138616,898880,1100,27576,7078,0.45955299992783694,3.571553999786265,3.571553999786265,4029143390,8071637368,524957899456,4029108736,81.30560200061154,82.4772470014068
openmarcie_bicycle,mixed,raw,openmarcie_bicycle__only_magnetometer__qwen3_4b,qwen3_4b,only_magnetometer,32278,129112,2293568,1244,32278,0,0.8082939993983018,3.8375039989793325,3.8375039989793325,4029141014,8071627864,701927730880,4029108736,81.2692520003111,82.46873900043283
openmarcie_bicycle,mixed,early_fusion,openmarcie_bicycle__only_magnetometer__qwen3_4b,qwen3_4b,only_magnetometer,28054,112216,2025280,1244,28054,0,0.8306939998874441,3.859505000504828,3.859505000504828,4029136790,8071610968,701927462592,4029108736,81.2692520003111,82.46899799996754
openmarcie_bicycle,mixed,late_fusion,openmarcie_bicycle__only_magnetometer__qwen3_4b,qwen3_4b,only_magnetometer,5098,20392,296448,96,0,5098,0.07731999994575744,2.34851100009582,2.34851100009582,4022473194,8044956584,591015226880,4022468096,82.07034599945473,82.72488999864436
openmarcie_bicycle,mixed,local_only,openmarcie_bicycle__only_magnetometer__qwen3_4b,qwen3_4b,only_magnetometer,5098,20392,296448,52,0,5098,0.0938299999688752,2.339229999295168,2.339229999295168,4022473194,8044956584,591015226880,4022468096,82.07034599945473,82.7539899992189
openmarcie_bicycle,mixed,bottleneck,openmarcie_bicycle__only_magnetometer__qwen3_4b,qwen3_4b,only_magnetometer,32570,130280,2309952,684,27736,4834,0.4829619992960943,3.231612999362394,3.231612999362394,4029141306,8071629032,701927747264,4029108736,81.2692520003111,82.4329890010631
openmarcie_bicycle,mixed,tokenlearner,openmarcie_bicycle__only_magnetometer__qwen3_4b,qwen3_4b,only_magnetometer,33598,134392,882496,1100,27576,6022,0.45018200034974143,3.5602430007155634,3.5602430007155634,4029142334,8071633144,524957883072,4029108736,81.30560200061154,82.45471899954282
openmarcie_bicycle,mixed,posthoc_vq,openmarcie_bicycle__only_magnetometer__qwen3_4b,qwen3_4b,only_magnetometer,34326,137304,2359104,192,28600,5726,0.5757529997936217,3.03969400063433,3.03969400063433,4029143062,8071636056,701927796416,4029108736,81.2692520003111,82.6627490005194
openmarcie_bicycle,mixed,joint_vq,openmarcie_bicycle__only_magnetometer__qwen3_4b,qwen3_4b,only_magnetometer,36702,146808,915264,81,28600,8102,0.554102000023704,2.950654000443942,2.950654000443942,4029145438,8071645560,524957915840,4029108736,81.30560200061154,82.67154900113383
openmarcie_bicycle,mixed,deepconvlstm,openmarcie_bicycle__only_magnetometer__qwen3_4b,qwen3_4b,only_magnetometer,34346,137384,2131456,1244,34346,0,0.46191199999157107,3.494421999234578,3.494421999234578,4029143082,8071636136,701927568768,4029108736,81.2692520003111,82.11320500049624
openmarcie_bicycle,mixed,unrestricted_bank,openmarcie_bicycle__only_magnetometer__qwen3_4b,qwen3_4b,only_magnetometer,36734,146936,915264,81,28600,8134,0.46824299988657003,2.786314000360912,2.786314000360912,4029145470,8071645688,524957915840,4029108736,81.30560200061154,82.52865699978429
openmarcie_bicycle,mixed,separate_banks,openmarcie_bicycle__only_magnetometer__qwen3_4b,qwen3_4b,only_magnetometer,36734,146936,915264,81,28600,8134,0.5692929998986074,2.883704999505321,2.883704999505321,4029145470,8071645688,524957915840,4029108736,81.30560200061154,82.61508800114825
openmarcie_bicycle,mixed,fixed_resampling,openmarcie_bicycle__only_magnetometer__qwen3_4b,qwen3_4b,only_magnetometer,36734,146936,908352,81,28600,8134,0.5566530007854453,2.801595000193524,2.801595000193524,4029145470,8071645688,524957908928,4029108736,81.30560200061154,82.51163700060715
openmarcie_bicycle,mixed,finetune_encoders,openmarcie_bicycle__only_magnetometer__qwen3_4b,qwen3_4b,only_magnetometer,36734,146936,915264,81,28600,8134,0.5587830000877148,2.8753340002657612,2.8753340002657612,4029145470,8071645688,524957915840,4029108736,81.30560200061154,82.5943180007016
openmarcie_bicycle,mixed,no_alignment,openmarcie_bicycle__only_magnetometer__qwen3_4b,qwen3_4b,only_magnetometer,36734,146936,915264,81,28600,8134,0.5563230006373487,2.8792149996951455,2.8792149996951455,4029145470,8071645688,524957915840,4029108736,81.30560200061154,82.60992800023814
openmarcie_bicycle,mixed,no_usage,openmarcie_bicycle__only_magnetometer__qwen3_4b,qwen3_4b,only_magnetometer,36734,146936,915264,81,28600,8134,0.5630020004900871,2.8780229995680973,2.8780229995680973,4029145470,8071645688,524957915840,4029108736,81.30560200061154,82.6282390007691
openmarcie_bicycle,mixed,tcn,openmarcie_bicycle__only_magnetometer__qwen3_4b,qwen3_4b,only_magnetometer,13942,55768,839232,1244,13942,0,0.6010529996274272,3.629742999250698,3.629742999250698,4029122678,8071554520,701926276544,4029108736,81.2692520003111,82.25291700091475
openmarcie_bicycle,mixed,ts_transformer,openmarcie_bicycle__only_magnetometer__qwen3_4b,qwen3_4b,only_magnetometer,26806,107224,1887808,1244,26806,0,0.6842829998277011,3.7133629989645445,3.7133629989645445,4029135542,8071605976,701927325120,4029108736,81.2692520003111,82.33566800026892
openmarcie_bicycle,mixed,patchtst,openmarcie_bicycle__only_magnetometer__qwen3_4b,qwen3_4b,only_magnetometer,26742,106968,3254848,1244,26742,0,0.7655839999642922,3.794694000602863,3.794694000602863,4029135478,8071605720,517601316160,4029108736,81.52396300010878,82.66488899971591
openmarcie_bicycle,cuda,distrixsense,openmarcie_bicycle__only_rgb__qwen3_4b,qwen3_4b,only_rgb,256112,1024448,15533248,249,30776,225336,0.7956839999678778,3.691176999960886,8.802470999316009,4029364848,8072523200,672345961024,4029108736,83.16578199992364,85.99671499996475
openmarcie_bicycle,cuda,dense,openmarcie_bicycle__only_rgb__qwen3_4b,qwen3_4b,only_rgb,242744,970976,21142720,12972,27704,215040,0.5943529995420249,6.48074599971982,18.10382799891542,4029351480,8072469728,1206994005568,4029108736,83.29172199955792,85.51494399944204
openmarcie_bicycle,cuda,dense_tokens,openmarcie_bicycle__only_rgb__qwen3_4b,qwen3_4b,only_rgb,249872,999488,15484096,3300,27704,222168,0.5733329999202397,3.9974760002177208,10.68193100125849,4029358608,8072498240,672345911872,4029108736,83.16578199992364,85.65231500051596
openmarcie_bicycle,cuda,raw,openmarcie_bicycle__only_rgb__qwen3_4b,qwen3_4b,only_rgb,242744,970976,21142720,56724,242744,0,1.4449469999817666,18.713987999893003,53.09388899952742,4029351480,8072469728,1206994005568,4029108736,83.29172199955792,85.3722129995731
openmarcie_bicycle,cuda,early_fusion,openmarcie_bicycle__only_rgb__qwen3_4b,qwen3_4b,only_rgb,159736,638944,10372288,56724,159736,0,1.4185469999574707,18.68766799993217,53.06465799988351,4029268472,8072137696,731443525184,4029108736,81.45021299969812,83.2963920011025
openmarcie_bicycle,cuda,late_fusion,openmarcie_bicycle__only_rgb__qwen3_4b,qwen3_4b,only_rgb,216228,864912,13678848,288,0,216228,0.10968100013997173,2.6373740007013082,7.550046999945689,4022684324,8045801104,620465545984,4022468096,82.37975700012612,84.04613499988045
openmarcie_bicycle,cuda,local_only,openmarcie_bicycle__only_rgb__qwen3_4b,qwen3_4b,only_rgb,216228,864912,13678848,156,0,216228,0.1520610003353795,2.6670349991650086,7.540519999386055,4022684324,8045801104,620465545984,4022468096,82.37975700012612,84.11777499986783
openmarcie_bicycle,cuda,bottleneck,openmarcie_bicycle__only_rgb__qwen3_4b,qwen3_4b,only_rgb,243620,974480,21191872,2052,28184,215436,0.6145239995021257,3.6276269986692817,9.498499998529116,4029352356,8072473232,1206994054720,4029108736,83.29172199955792,85.618844000237
openmarcie_bicycle,cuda,tokenlearner,openmarcie_bicycle__only_rgb__qwen3_4b,qwen3_4b,only_rgb,246704,986816,15434944,3300,27704,219000,0.5792329993710155,3.99339599970961,10.663220999944897,4029355440,8072485568,672345862720,4029108736,83.16578199992364,85.62675299981493
openmarcie_bicycle,cuda,posthoc_vq,openmarcie_bicycle__only_rgb__qwen3_4b,qwen3_4b,only_rgb,255032,1020128,21339328,600,30776,224256,0.8184640000763466,3.6532169997337043,9.105334000185831,4029363768,8072518880,1206994202176,4029108736,83.29172199955792,86.42357700045977
openmarcie_bicycle,cuda,joint_vq,openmarcie_bicycle__only_rgb__qwen3_4b,qwen3_4b,only_rgb,262160,1048640,15533248,249,30776,231384,0.8057140003074892,3.6095979991262777,9.046244996997283,4029370896,8072547392,672345961024,4029108736,83.16578199992364,86.78384100039693
openmarcie_bicycle,cuda,deepconvlstm,openmarcie_bicycle__only_rgb__qwen3_4b,qwen3_4b,only_rgb,238412,953648,15119104,56724,238412,0,0.9030649998749141,18.179175000061957,52.55975500024638,4029347148,8072452400,731448272000,4029108736,81.45021299969812,82.97522100019705
openmarcie_bicycle,cuda,unrestricted_bank,openmarcie_bicycle__only_rgb__qwen3_4b,qwen3_4b,only_rgb,262448,1049792,15631552,249,30776,231672,0.6069230003049597,3.243396999674884,8.354710999727994,4029371184,8072548544,672346059328,4029108736,83.16578199992364,85.8710450002036
openmarcie_bicycle,cuda,separate_banks,openmarcie_bicycle__only_rgb__qwen3_4b,qwen3_4b,only_rgb,256112,1024448,15533248,249,30776,225336,1.1249059998590383,3.763319000096386,8.873593999768653,4029364848,8072523200,672345961024,4029108736,83.16578199992364,86.03674599999067
openmarcie_bicycle,cuda,fixed_resampling,openmarcie_bicycle__only_rgb__qwen3_4b,qwen3_4b,only_rgb,256112,1024448,8344768,249,30776,225336,0.8104240005195606,3.419475999759312,8.479580000229342,4029364848,8072523200,672338772544,4029108736,83.16578199992364,85.91055699980643
openmarcie_bicycle,cuda,finetune_encoders,openmarcie_bicycle__only_rgb__qwen3_4b,qwen3_4b,only_rgb,256112,1024448,15533248,249,30776,225336,0.8022140000321087,3.447347999678028,8.555403999624994,4029364848,8072523200,672345961024,4029108736,83.16578199992364,86.03696699992724
openmarcie_bicycle,cuda,no_alignment,openmarcie_bicycle__only_rgb__qwen3_4b,qwen3_4b,only_rgb,256112,1024448,15533248,249,30776,225336,0.7937640002637636,3.4303459994010392,8.537529998565313,4029364848,8072523200,672345961024,4029108736,83.16578199992364,86.05161600007705
openmarcie_bicycle,cuda,no_usage,openmarcie_bicycle__only_rgb__qwen3_4b,qwen3_4b,only_rgb,256112,1024448,15533248,249,30776,225336,0.8073039998635068,3.4448279999526914,8.554861999899893,4029364848,8072523200,672345961024,4029108736,83.16578199992364,86.00596700034657
openmarcie_bicycle,cuda,tcn,openmarcie_bicycle__only_rgb__qwen3_4b,qwen3_4b,only_rgb,145560,582240,9186240,56724,145560,0,1.0268850001011742,18.295725999399007,52.673545998758215,4029254296,8072080992,731442339136,4029108736,81.45021299969812,83.08274999944842
openmarcie_bicycle,cuda,ts_transformer,openmarcie_bicycle__only_rgb__qwen3_4b,qwen3_4b,only_rgb,158424,633696,10234816,56724,158424,0,1.1036750001949258,18.379596000106982,52.761456999931994,4029267160,8072132448,731443387712,4029108736,81.45021299969812,83.21398199950636
openmarcie_bicycle,cuda,patchtst,openmarcie_bicycle__only_rgb__qwen3_4b,qwen3_4b,only_rgb,140152,560608,214665408,56724,140152,0,1.189816000078281,18.461336999228376,52.83963799941253,4029248888,8072059360,547202477504,4029108736,82.35712700025033,84.1634360003809
openmarcie_bicycle,mixed,distrixsense,openmarcie_bicycle__only_rgb__qwen3_4b,qwen3_4b,only_rgb,256112,1024448,15533248,249,30776,225336,0.811623999652511,3.208045999268803,7.8384879979321145,4029364848,8072523200,672345961024,4029108736,83.16578199992364,85.52448299997195
openmarcie_bicycle,mixed,dense,openmarcie_bicycle__only_rgb__qwen3_4b,qwen3_4b,only_rgb,242744,970976,21142720,12972,27704,215040,0.6027139997968334,6.325475000589667,17.599928000039853,4029351480,8072469728,1206994005568,4029108736,83.29172199955792,85.15459999853192
openmarcie_bicycle,mixed,dense_tokens,openmarcie_bicycle__only_rgb__qwen3_4b,qwen3_4b,only_rgb,249872,999488,15484096,3300,27704,222168,0.583643000027223,3.7663640005074557,9.995956000224979,4029358608,8072498240,672345911872,4029108736,83.16578199992364,85.17832300003647
openmarcie_bicycle,mixed,raw,openmarcie_bicycle__only_rgb__qwen3_4b,qwen3_4b,only_rgb,242744,970976,21142720,56724,242744,0,1.454758000363654,18.672728000586073,52.947958001667445,4029351480,8072469728,1206994005568,4029108736,83.29172199955792,85.24949199909315
openmarcie_bicycle,mixed,early_fusion,openmarcie_bicycle__only_rgb__qwen3_4b,qwen3_4b,only_rgb,159736,638944,10372288,56724,159736,0,1.2678260000029695,18.484795999886853,52.75901600073544,4029268472,8072137696,731443525184,4029108736,81.45021299969812,83.20386200011853
openmarcie_bicycle,mixed,late_fusion,openmarcie_bicycle__only_rgb__qwen3_4b,qwen3_4b,only_rgb,216228,864912,13678848,288,0,216228,0.1104299999497016,2.4483609991559176,6.997102999499102,4022684324,8045801104,620465545984,4022468096,82.37975700012612,83.65960300125153
openmarcie_bicycle,mixed,local_only,openmarcie_bicycle__only_rgb__qwen3_4b,qwen3_4b,only_rgb,216228,864912,13678848,156,0,216228,0.14779100001760526,2.461163000832568,6.946085000711213,4022684324,8045801104,620465545984,4022468096,82.37975700012612,83.72896400032914
openmarcie_bicycle,mixed,bottleneck,openmarcie_bicycle__only_rgb__qwen3_4b,qwen3_4b,only_rgb,243620,974480,21191872,2052,28184,215436,0.6307629992079455,3.452583998542675,8.952275998865918,4029352356,8072473232,1206994054720,4029108736,83.29172199955792,85.24456199938868
openmarcie_bicycle,mixed,tokenlearner,openmarcie_bicycle__only_rgb__qwen3_4b,qwen3_4b,only_rgb,246704,986816,15434944,3300,27704,219000,0.5886629996894044,3.7710340002330485,9.993785999526736,4029355440,8072485568,672345862720,4029108736,83.16578199992364,85.13715199933358
openmarcie_bicycle,mixed,posthoc_vq,openmarcie_bicycle__only_rgb__qwen3_4b,qwen3_4b,only_rgb,255032,1020128,21339328,600,30776,224256,0.8783439998296672,3.4082870006351733,8.31220900271408,4029363768,8072518880,1206994202176,4029108736,83.29172199955792,85.79819399983535
openmarcie_bicycle,mixed,joint_vq,openmarcie_bicycle__only_rgb__qwen3_4b,qwen3_4b,only_rgb,262160,1048640,15533248,249,30776,231384,0.8254539998233668,3.2989149991738724,8.07804799834137,4029370896,8072547392,672345961024,4029108736,83.16578199992364,85.74352399955387
openmarcie_bicycle,mixed,deepconvlstm,openmarcie_bicycle__only_rgb__qwen3_4b,qwen3_4b,only_rgb,238412,953648,15119104,56724,238412,0,0.9060339998541167,18.125614999865217,52.40015500005816,4029347148,8072452400,731448272000,4029108736,81.45021299969812,82.85470999999234
openmarcie_bicycle,mixed,unrestricted_bank,openmarcie_bicycle__only_rgb__qwen3_4b,qwen3_4b,only_rgb,262448,1049792,15631552,249,30776,231672,0.6104929998400621,3.0047559990965294,7.631147998753457,4029371184,8072548544,672346059328,4029108736,83.16578199992364,85.41005400002177
openmarcie_bicycle,mixed,separate_banks,openmarcie_bicycle__only_rgb__qwen3_4b,qwen3_4b,only_rgb,256112,1024448,15533248,249,30776,225336,0.8528450007361243,3.25180700077574,7.873549000495567,4029364848,8072523200,672345961024,4029108736,83.16578199992364,85.62870500009012
openmarcie_bicycle,mixed,fixed_resampling,openmarcie_bicycle__only_rgb__qwen3_4b,qwen3_4b,only_rgb,256112,1024448,8344768,249,30776,225336,0.8357140004591201,3.14266600038202,7.603158000992133,4029364848,8072523200,672338772544,4029108736,83.16578199992364,85.2269229999365
openmarcie_bicycle,mixed,finetune_encoders,openmarcie_bicycle__only_rgb__qwen3_4b,qwen3_4b,only_rgb,256112,1024448,15533248,249,30776,225336,0.8313739999721292,3.231696000181115,7.858079000387969,4029364848,8072523200,672345961024,4029108736,83.16578199992364,85.7477839999774
openmarcie_bicycle,mixed,no_alignment,openmarcie_bicycle__only_rgb__qwen3_4b,qwen3_4b,only_rgb,256112,1024448,15533248,249,30776,225336,0.8829050002532313,3.3443260005117974,7.972347999301727,4029364848,8072523200,672345961024,4029108736,83.16578199992364,85.52147400041576
openmarcie_bicycle,mixed,no_usage,openmarcie_bicycle__only_rgb__qwen3_4b,qwen3_4b,only_rgb,256112,1024448,15533248,249,30776,225336,0.8234549995904672,3.225255999165098,7.847649998356227,4029364848,8072523200,672345961024,4029108736,83.16578199992364,85.51703400007682
openmarcie_bicycle,mixed,tcn,openmarcie_bicycle__only_rgb__qwen3_4b,qwen3_4b,only_rgb,145560,582240,9186240,56724,145560,0,1.025984999614593,18.236936000851426,52.51043600112885,4029254296,8072080992,731442339136,4029108736,81.45021299969812,82.96833999975206
openmarcie_bicycle,mixed,ts_transformer,openmarcie_bicycle__only_rgb__qwen3_4b,qwen3_4b,only_rgb,158424,633696,10234816,56724,158424,0,1.1293260004094918,18.345225999785622,52.61897599923819,4029267160,8072132448,731443387712,4029108736,81.45021299969812,83.03705100024672
openmarcie_bicycle,mixed,patchtst,openmarcie_bicycle__only_rgb__qwen3_4b,qwen3_4b,only_rgb,140152,560608,214665408,56724,140152,0,1.487398000790563,18.7008390011605,52.974389000909156,4029248888,8072059360,547202477504,4029108736,82.35712700025033,84.03149600053439
openmarcie_bicycle,cuda,distrixsense,openmarcie_bicycle__only_spectrometer__qwen3_4b,qwen3_4b,only_spectrometer,39704,158816,1103424,81,28600,11104,0.5442630008474225,3.106104999489512,3.106104999489512,4029148440,8071657568,524958104000,4029108736,81.30560200061154,82.75722000144015
openmarcie_bicycle,cuda,dense,openmarcie_bicycle__only_spectrometer__qwen3_4b,qwen3_4b,only_spectrometer,35248,140992,2481728,4324,27576,7672,0.4714819997388986,6.303094000354339,6.303094000354339,4029143984,8071639744,701927919040,4029108736,81.2692520003111,82.51585900143255
openmarcie_bicycle,cuda,dense_tokens,openmarcie_bicycle__only_spectrometer__qwen3_4b,qwen3_4b,only_spectrometer,37624,150496,1087040,1100,27576,10048,0.442802000179654,3.7908040003411587,3.7908040003411587,4029146360,8071649248,524958087616,4029108736,81.30560200061154,82.66190900121728
openmarcie_bicycle,cuda,raw,openmarcie_bicycle__only_spectrometer__qwen3_4b,qwen3_4b,only_spectrometer,35248,140992,2481728,3100,35248,0,0.800983999397431,5.371744000000472,5.371744000000472,4029143984,8071639744,701927919040,4029108736,81.2692520003111,82.48453800115385
openmarcie_bicycle,cuda,early_fusion,openmarcie_bicycle__only_spectrometer__qwen3_4b,qwen3_4b,only_spectrometer,29104,116416,2090560,3100,29104,0,0.8940550005718251,5.467695001640532,5.467695001640532,4029137840,8071615168,701927527872,4029108736,81.2692520003111,82.50470800066978
openmarcie_bicycle,cuda,late_fusion,openmarcie_bicycle__only_spectrometer__qwen3_4b,qwen3_4b,only_spectrometer,8068,32272,484608,96,0,8068,0.0778599996920093,2.5491029996966943,2.5491029996966943,4022476164,8044968464,591015415040,4022468096,82.07034599945473,82.8653509988726
openmarcie_bicycle,cuda,local_only,openmarcie_bicycle__only_spectrometer__qwen3_4b,qwen3_4b,only_spectrometer,8068,32272,484608,52,0,8068,0.09703100022306899,2.540043000651605,2.540043000651605,4022476164,8044968464,591015415040,4022468096,82.07034599945473,82.87825999832421
openmarcie_bicycle,cuda,bottleneck,openmarcie_bicycle__only_spectrometer__qwen3_4b,qwen3_4b,only_spectrometer,35540,142160,2498112,684,27736,7804,0.4746829999930924,3.4165050003785176,3.4165050003785176,4029144276,8071640912,701927935424,4029108736,81.2692520003111,82.53874799993355
openmarcie_bicycle,cuda,tokenlearner,openmarcie_bicycle__only_spectrometer__qwen3_4b,qwen3_4b,only_spectrometer,36568,146272,1070656,1100,27576,8992,0.4507530002229032,3.8004039997712242,3.8004039997712242,4029145304,8071645024,524958071232,4029108736,81.30560200061154,82.60582799994154
openmarcie_bicycle,cuda,posthoc_vq,openmarcie_bicycle__only_spectrometer__qwen3_4b,qwen3_4b,only_spectrometer,37296,149184,2547264,192,28600,8696,0.5925830000705901,3.3362159998236107,3.3362159998236107,4029146032,8071647936,701927984576,4029108736,81.2692520003111,82.82800000051793
openmarcie_bicycle,cuda,joint_vq,openmarcie_bicycle__only_spectrometer__qwen3_4b,qwen3_4b,only_spectrometer,39672,158688,1103424,81,28600,11072,0.5468230001497432,3.2696660000800737,3.2696660000800737,4029148408,8071657440,524958104000,4029108736,81.30560200061154,82.93133900042449
openmarcie_bicycle,cuda,deepconvlstm,openmarcie_bicycle__only_spectrometer__qwen3_4b,qwen3_4b,only_spectrometer,37316,149264,2319616,3100,37316,0,0.4671120004786644,5.04473300082871,5.04473300082871,4029146052,8071648016,701927756928,4029108736,81.2692520003111,82.14980699995067
openmarcie_bicycle,cuda,unrestricted_bank,openmarcie_bicycle__only_spectrometer__qwen3_4b,qwen3_4b,only_spectrometer,39704,158816,1103424,81,28600,11104,0.4555929999696673,3.036875999925437,3.036875999925437,4029148440,8071657568,524958104000,4029108736,81.30560200061154,82.68131900058506
openmarcie_bicycle,cuda,separate_banks,openmarcie_bicycle__only_spectrometer__qwen3_4b,qwen3_4b,only_spectrometer,39704,158816,1103424,81,28600,11104,0.559232999876258,3.1272849992382223,3.1272849992382223,4029148440,8071657568,524958104000,4029108736,81.30560200061154,82.74758900097368
openmarcie_bicycle,cuda,fixed_resampling,openmarcie_bicycle__only_spectrometer__qwen3_4b,qwen3_4b,only_spectrometer,39704,158816,1061952,81,28600,11104,0.5426529996839236,3.0870359996987506,3.0870359996987506,4029148440,8071657568,524958062528,4029108736,81.30560200061154,82.71944900025119
openmarcie_bicycle,cuda,finetune_encoders,openmarcie_bicycle__only_spectrometer__qwen3_4b,qwen3_4b,only_spectrometer,39704,158816,1103424,81,28600,11104,0.545142000191845,3.111813999595947,3.111813999595947,4029148440,8071657568,524958104000,4029108736,81.30560200061154,83.04871100062883
openmarcie_bicycle,cuda,no_alignment,openmarcie_bicycle__only_spectrometer__qwen3_4b,qwen3_4b,only_spectrometer,39704,158816,1103424,81,28600,11104,0.5490630001077079,3.116666000125301,3.116666000125301,4029148440,8071657568,524958104000,4029108736,81.30560200061154,82.73823900071875
openmarcie_bicycle,cuda,no_usage,openmarcie_bicycle__only_spectrometer__qwen3_4b,qwen3_4b,only_spectrometer,39704,158816,1103424,81,28600,11104,0.5471829999805777,3.1138450003999285,3.1138450003999285,4029148440,8071657568,524958104000,4029108736,81.30560200061154,82.75701800084789
openmarcie_bicycle,cuda,tcn,openmarcie_bicycle__only_spectrometer__qwen3_4b,qwen3_4b,only_spectrometer,14992,59968,904512,3100,14992,0,0.5963730000075884,5.163572999150784,5.163572999150784,4029123728,8071558720,701926341824,4029108736,81.2692520003111,82.28205800060095
openmarcie_bicycle,cuda,ts_transformer,openmarcie_bicycle__only_spectrometer__qwen3_4b,qwen3_4b,only_spectrometer,27856,111424,1953088,3100,27856,0,0.6818829997428111,5.254293001086335,5.254293001086335,4029136592,8071610176,701927390400,4029108736,81.2692520003111,82.37298800122517
openmarcie_bicycle,cuda,patchtst,openmarcie_bicycle__only_spectrometer__qwen3_4b,qwen3_4b,only_spectrometer,27312,109248,8692288,3100,27312,0,0.7685139999011881,5.333124999594002,5.333124999594002,4029136048,8071608000,517606753600,4029108736,81.52396300010878,82.70404800077813
openmarcie_bicycle,mixed,distrixsense,openmarcie_bicycle__only_spectrometer__qwen3_4b,qwen3_4b,only_spectrometer,39704,158816,1103424,81,28600,11104,0.6584129996554111,3.0338939987194724,3.0338939987194724,4029148440,8071657568,524958104000,4029108736,81.30560200061154,82.76445000046806
openmarcie_bicycle,mixed,dense,openmarcie_bicycle__only_spectrometer__qwen3_4b,qwen3_4b,only_spectrometer,35248,140992,2481728,4324,27576,7672,0.5717129997719894,6.2640339996094,6.2640339996094,4029143984,8071639744,701927919040,4029108736,81.2692520003111,82.56215800065547
openmarcie_bicycle,mixed,dense_tokens,openmarcie_bicycle__only_spectrometer__qwen3_4b,qwen3_4b,only_spectrometer,37624,150496,1087040,1100,27576,10048,0.5489220002345974,3.72606300060841,3.72606300060841,4029146360,8071649248,524958087616,4029108736,81.30560200061154,82.62312799979554
openmarcie_bicycle,mixed,raw,openmarcie_bicycle__only_spectrometer__qwen3_4b,qwen3_4b,only_spectrometer,35248,140992,2481728,3100,35248,0,0.8054239997363766,5.319604001157568,5.319604001157568,4029143984,8071639744,701927919040,4029108736,81.2692520003111,82.45162799994432
openmarcie_bicycle,mixed,early_fusion,openmarcie_bicycle__only_spectrometer__qwen3_4b,qwen3_4b,only_spectrometer,29104,116416,2090560,3100,29104,0,0.8320739998453064,5.346303999828233,5.346303999828233,4029137840,8071615168,701927527872,4029108736,81.2692520003111,82.46690699979808
openmarcie_bicycle,mixed,late_fusion,openmarcie_bicycle__only_spectrometer__qwen3_4b,qwen3_4b,only_spectrometer,8068,32272,484608,96,0,8068,0.09620099990570452,2.4260819996608887,2.4260819996608887,4022476164,8044968464,591015415040,4022468096,82.07034599945473,82.80473899958452
openmarcie_bicycle,mixed,local_only,openmarcie_bicycle__only_spectrometer__qwen3_4b,qwen3_4b,only_spectrometer,8068,32272,484608,52,0,8068,0.11660000018309802,2.412651000911393,2.412651000911393,4022476164,8044968464,591015415040,4022468096,82.07034599945473,82.83095100068749
openmarcie_bicycle,mixed,bottleneck,openmarcie_bicycle__only_spectrometer__qwen3_4b,qwen3_4b,only_spectrometer,35540,142160,2498112,684,27736,7804,0.5902430002606707,3.388024000988505,3.388024000988505,4029144276,8071640912,701927935424,4029108736,81.2692520003111,82.59094900040509
openmarcie_bicycle,mixed,tokenlearner,openmarcie_bicycle__only_spectrometer__qwen3_4b,qwen3_4b,only_spectrometer,36568,146272,1070656,1100,27576,8992,0.5495830000654678,3.714974001008959,3.714974001008959,4029145304,8071645024,524958071232,4029108736,81.30560200061154,82.61025899992092
openmarcie_bicycle,mixed,posthoc_vq,openmarcie_bicycle__only_spectrometer__qwen3_4b,qwen3_4b,only_spectrometer,37296,149184,2547264,192,28600,8696,0.6813529998908052,3.1935249995316495,3.1935249995316495,4029146032,8071647936,701927984576,4029108736,81.2692520003111,82.73068999915267
openmarcie_bicycle,mixed,joint_vq,openmarcie_bicycle__only_spectrometer__qwen3_4b,qwen3_4b,only_spectrometer,39672,158688,1103424,81,28600,11072,0.5563730001085787,3.0414850007508765,3.0414850007508765,4029148408,8071657440,524958104000,4029108736,81.30560200061154,82.70010000160255
openmarcie_bicycle,mixed,deepconvlstm,openmarcie_bicycle__only_spectrometer__qwen3_4b,qwen3_4b,only_spectrometer,37316,149264,2319616,3100,37316,0,0.4648730000553769,4.978613000672777,4.978613000672777,4029146052,8071648016,701927756928,4029108736,81.2692520003111,82.13212700047734
openmarcie_bicycle,mixed,unrestricted_bank,openmarcie_bicycle__only_spectrometer__qwen3_4b,qwen3_4b,only_spectrometer,39704,158816,1103424,81,28600,11104,0.4635719997168053,2.8633929996721097,2.8633929996721097,4029148440,8071657568,524958104000,4029108736,81.30560200061154,82.52662800077815
openmarcie_bicycle,mixed,separate_banks,openmarcie_bicycle__only_spectrometer__qwen3_4b,qwen3_4b,only_spectrometer,39704,158816,1103424,81,28600,11104,0.5695529998774873,2.891324001240614,2.891324001240614,4029148440,8071657568,524958104000,4029108736,81.30560200061154,82.61382800083084
openmarcie_bicycle,mixed,fixed_resampling,openmarcie_bicycle__only_spectrometer__qwen3_4b,qwen3_4b,only_spectrometer,39704,158816,1061952,81,28600,11104,0.5511629997272394,2.7986229997913004,2.7986229997913004,4029148440,8071657568,524958062528,4029108736,81.30560200061154,82.52440800060867
openmarcie_bicycle,mixed,finetune_encoders,openmarcie_bicycle__only_spectrometer__qwen3_4b,qwen3_4b,only_spectrometer,39704,158816,1103424,81,28600,11104,0.5923229991822154,2.9130639996145735,2.9130639996145735,4029148440,8071657568,524958104000,4029108736,81.30560200061154,82.60424900072394
openmarcie_bicycle,mixed,no_alignment,openmarcie_bicycle__only_spectrometer__qwen3_4b,qwen3_4b,only_spectrometer,39704,158816,1103424,81,28600,11104,0.5660619999616756,2.892662999358331,2.892662999358331,4029148440,8071657568,524958104000,4029108736,81.30560200061154,82.59577799981344
openmarcie_bicycle,mixed,no_usage,openmarcie_bicycle__only_spectrometer__qwen3_4b,qwen3_4b,only_spectrometer,39704,158816,1103424,81,28600,11104,0.5548330000237911,2.8762739994198316,2.8762739994198316,4029148440,8071657568,524958104000,4029108736,81.30560200061154,82.60184900154854
openmarcie_bicycle,mixed,tcn,openmarcie_bicycle__only_spectrometer__qwen3_4b,qwen3_4b,only_spectrometer,14992,59968,904512,3100,14992,0,0.5972130002191989,5.11167400094244,5.11167400094244,4029123728,8071558720,701926341824,4029108736,81.2692520003111,82.25416599998425
openmarcie_bicycle,mixed,ts_transformer,openmarcie_bicycle__only_spectrometer__qwen3_4b,qwen3_4b,only_spectrometer,27856,111424,1953088,3100,27856,0,0.678522999805864,5.193032999556163,5.193032999556163,4029136592,8071610176,701927390400,4029108736,81.2692520003111,82.34842700039735
openmarcie_bicycle,mixed,patchtst,openmarcie_bicycle__only_spectrometer__qwen3_4b,qwen3_4b,only_spectrometer,27312,109248,8692288,3100,27312,0,0.7656640000277548,5.279985000412562,5.279985000412562,4029136048,8071608000,517606753600,4029108736,81.52396300010878,82.66903900039324
openmarcie_bicycle,cuda,distrixsense,openmarcie_bicycle__only_temperature__qwen3_4b,qwen3_4b,only_temperature,35672,142688,848064,81,28600,7072,0.552683000023535,3.117136000611831,3.117136000611831,4029144408,8071641440,524957848640,4029108736,81.30560200061154,82.74829800120642
openmarcie_bicycle,cuda,dense,openmarcie_bicycle__only_temperature__qwen3_4b,qwen3_4b,only_temperature,31216,124864,2226368,4324,27576,3640,0.47896199976094067,6.299093999909691,6.299093999909691,4029139952,8071623616,701927663680,4029108736,81.2692520003111,82.51015900077618
openmarcie_bicycle,cuda,dense_tokens,openmarcie_bicycle__only_temperature__qwen3_4b,qwen3_4b,only_temperature,33592,134368,831680,1100,27576,6016,0.44382199939718703,3.8027939990523736,3.8027939990523736,4029142328,8071633120,524957832256,4029108736,81.30560200061154,82.59571800044796
openmarcie_bicycle,cuda,raw,openmarcie_bicycle__only_temperature__qwen3_4b,qwen3_4b,only_temperature,31216,124864,2226368,524,31216,0,0.8183840000128839,3.3230940006576013,3.3230940006576013,4029139952,8071623616,701927663680,4029108736,81.2692520003111,82.48188800007483
openmarcie_bicycle,cuda,early_fusion,openmarcie_bicycle__only_temperature__qwen3_4b,qwen3_4b,only_temperature,27760,111040,2007232,524,27760,0,0.8581340007367544,3.3624740007468965,3.3624740007468965,4029136496,8071609792,701927444544,4029108736,81.2692520003111,82.50836800016259
openmarcie_bicycle,cuda,late_fusion,openmarcie_bicycle__only_temperature__qwen3_4b,qwen3_4b,only_temperature,4036,16144,229248,96,0,4036,0.07842000013624784,2.555832000839652,2.555832000839652,4022472132,8044952336,598372624384,4022468096,81.26205099961226,82.05248499962181
openmarcie_bicycle,cuda,local_only,openmarcie_bicycle__only_temperature__qwen3_4b,qwen3_4b,only_temperature,4036,16144,229248,52,0,4036,0.09987099929276155,2.5376129981554927,2.5376129981554927,4022472132,8044952336,598372624384,4022468096,81.26205099961226,82.07358499930706
openmarcie_bicycle,cuda,bottleneck,openmarcie_bicycle__only_temperature__qwen3_4b,qwen3_4b,only_temperature,31508,126032,2242752,684,27736,3772,0.47559199992974754,3.4259839997239645,3.4259839997239645,4029140244,8071624784,701927680064,4029108736,81.2692520003111,82.54160799970123
openmarcie_bicycle,cuda,tokenlearner,openmarcie_bicycle__only_temperature__qwen3_4b,qwen3_4b,only_temperature,32536,130144,815296,1100,27576,4960,0.4480620000322233,3.7923450008701183,3.7923450008701183,4029141272,8071628896,524957815872,4029108736,81.30560200061154,82.60203800000454
openmarcie_bicycle,cuda,posthoc_vq,openmarcie_bicycle__only_temperature__qwen3_4b,qwen3_4b,only_temperature,33264,133056,2291904,192,28600,4664,0.5705020003006211,3.3214040009428514,3.3214040009428514,4029142000,8071631808,701927729216,4029108736,81.2692520003111,82.85210100075346
openmarcie_bicycle,cuda,joint_vq,openmarcie_bicycle__only_temperature__qwen3_4b,qwen3_4b,only_temperature,35640,142560,848064,81,28600,7040,0.5558430002565729,3.2855169993416755,3.2855169993416755,4029144376,8071641312,524957848640,4029108736,81.30560200061154,82.92495900059293
openmarcie_bicycle,cuda,deepconvlstm,openmarcie_bicycle__only_temperature__qwen3_4b,qwen3_4b,only_temperature,33284,133136,2064256,524,33284,0,0.46836300043651136,2.9702640003194567,2.9702640003194567,4029142020,8071631888,701927501568,4029108736,81.2692520003111,82.15673600079754
openmarcie_bicycle,cuda,unrestricted_bank,openmarcie_bicycle__only_temperature__qwen3_4b,qwen3_4b,only_temperature,35672,142688,848064,81,28600,7072,0.4577130002871854,3.040396000898804,3.040396000898804,4029144408,8071641440,524957848640,4029108736,81.30560200061154,82.68180800041591
openmarcie_bicycle,cuda,separate_banks,openmarcie_bicycle__only_temperature__qwen3_4b,qwen3_4b,only_temperature,35672,142688,848064,81,28600,7072,0.5626029997074511,3.1376869992817635,3.1376869992817635,4029144408,8071641440,524957848640,4029108736,81.30560200061154,82.7595590008059
openmarcie_bicycle,cuda,fixed_resampling,openmarcie_bicycle__only_temperature__qwen3_4b,qwen3_4b,only_temperature,35672,142688,846912,81,28600,7072,0.5530129992621369,3.090654998260911,3.090654998260911,4029144408,8071641440,524957847488,4029108736,81.30560200061154,82.69678800024849
openmarcie_bicycle,cuda,finetune_encoders,openmarcie_bicycle__only_temperature__qwen3_4b,qwen3_4b,only_temperature,35672,142688,848064,81,28600,7072,0.5627129994536517,3.128565999788302,3.128565999788302,4029144408,8071641440,524957848640,4029108736,81.30560200061154,82.78153000082966
openmarcie_bicycle,cuda,no_alignment,openmarcie_bicycle__only_temperature__qwen3_4b,qwen3_4b,only_temperature,35672,142688,848064,81,28600,7072,0.5726429999413085,3.1511750003409222,3.1511750003409222,4029144408,8071641440,524957848640,4029108736,81.30560200061154,82.75084900105867
openmarcie_bicycle,cuda,no_usage,openmarcie_bicycle__only_temperature__qwen3_4b,qwen3_4b,only_temperature,35672,142688,848064,81,28600,7072,0.544962999811105,3.110175999638054,3.110175999638054,4029144408,8071641440,524957848640,4029108736,81.30560200061154,82.77202899989788
openmarcie_bicycle,cuda,tcn,openmarcie_bicycle__only_temperature__qwen3_4b,qwen3_4b,only_temperature,13648,54592,821184,524,13648,0,0.6010130000504432,3.1028929997007246,3.1028929997007246,4029122384,8071553344,701926258496,4029108736,81.2692520003111,82.27808800074854
openmarcie_bicycle,cuda,ts_transformer,openmarcie_bicycle__only_temperature__qwen3_4b,qwen3_4b,only_temperature,26512,106048,1869760,524,26512,0,0.6903929997861269,3.198574000558164,3.198574000558164,4029135248,8071604800,701927307072,4029108736,81.2692520003111,82.36808800029394
openmarcie_bicycle,cuda,patchtst,openmarcie_bicycle__only_temperature__qwen3_4b,qwen3_4b,only_temperature,26640,106560,1087936,524,26640,0,0.76081399947725,3.265463998937502,3.265463998937502,4029135376,8071605312,517599149248,4029108736,81.52396300010878,82.69402899986744
openmarcie_bicycle,mixed,distrixsense,openmarcie_bicycle__only_temperature__qwen3_4b,qwen3_4b,only_temperature,35672,142688,848064,81,28600,7072,0.6571639996764134,3.025955000368308,3.025955000368308,4029144408,8071641440,524957848640,4029108736,81.30560200061154,82.75799900093261
openmarcie_bicycle,mixed,dense,openmarcie_bicycle__only_temperature__qwen3_4b,qwen3_4b,only_temperature,31216,124864,2226368,4324,27576,3640,0.47168200035230257,6.158302999533352,6.158302999533352,4029139952,8071623616,701927663680,4029108736,81.2692520003111,82.44694800032448
openmarcie_bicycle,mixed,dense_tokens,openmarcie_bicycle__only_temperature__qwen3_4b,qwen3_4b,only_temperature,33592,134368,831680,1100,27576,6016,0.45183199927123496,3.561903999975475,3.561903999975475,4029142328,8071633120,524957832256,4029108736,81.30560200061154,82.4560270020811
openmarcie_bicycle,mixed,raw,openmarcie_bicycle__only_temperature__qwen3_4b,qwen3_4b,only_temperature,31216,124864,2226368,524,31216,0,0.8022040001378627,3.260063999655994,3.260063999655994,4029139952,8071623616,701927663680,4029108736,81.2692520003111,82.4630180004533
openmarcie_bicycle,mixed,early_fusion,openmarcie_bicycle__only_temperature__qwen3_4b,qwen3_4b,only_temperature,27760,111040,2007232,524,27760,0,0.8313739999721292,3.286664000293694,3.286664000293694,4029136496,8071609792,701927444544,4029108736,81.2692520003111,82.50757799942221
openmarcie_bicycle,mixed,late_fusion,openmarcie_bicycle__only_temperature__qwen3_4b,qwen3_4b,only_temperature,4036,16144,229248,96,0,4036,0.07707100030529546,2.3479230008571874,2.3479230008571874,4022472132,8044952336,598372624384,4022468096,81.26205099961226,81.91848399928858
openmarcie_bicycle,mixed,local_only,openmarcie_bicycle__only_temperature__qwen3_4b,qwen3_4b,only_temperature,4036,16144,229248,52,0,4036,0.10765099978016224,2.3469710006497566,2.3469710006497566,4022472132,8044952336,598372624384,4022468096,81.26205099961226,81.95850499942026
openmarcie_bicycle,mixed,bottleneck,openmarcie_bicycle__only_temperature__qwen3_4b,qwen3_4b,only_temperature,31508,126032,2242752,684,27736,3772,0.4827129996556323,3.23061399946803,3.23061399946803,4029140244,8071624784,701927680064,4029108736,81.2692520003111,82.42551700004697
openmarcie_bicycle,mixed,tokenlearner,openmarcie_bicycle__only_temperature__qwen3_4b,qwen3_4b,only_temperature,32536,130144,815296,1100,27576,4960,0.44567199984157924,3.5569029996576136,3.5569029996576136,4029141272,8071628896,524957815872,4029108736,81.30560200061154,82.45758800148906
openmarcie_bicycle,mixed,posthoc_vq,openmarcie_bicycle__only_temperature__qwen3_4b,qwen3_4b,only_temperature,33264,133056,2291904,192,28600,4664,0.5804330003229552,3.025464999680838,3.025464999680838,4029142000,8071631808,701927729216,4029108736,81.2692520003111,82.70742800050357
openmarcie_bicycle,mixed,joint_vq,openmarcie_bicycle__only_temperature__qwen3_4b,qwen3_4b,only_temperature,35640,142560,848064,81,28600,7040,0.547333000213257,2.938515001034725,2.938515001034725,4029144376,8071641312,524957848640,4029108736,81.30560200061154,82.67033900119714
openmarcie_bicycle,mixed,deepconvlstm,openmarcie_bicycle__only_temperature__qwen3_4b,qwen3_4b,only_temperature,33284,133136,2064256,524,33284,0,0.4656629998862627,2.917993999213376,2.917993999213376,4029142020,8071631888,701927501568,4029108736,81.2692520003111,82.11765700070828
openmarcie_bicycle,mixed,unrestricted_bank,openmarcie_bicycle__only_temperature__qwen3_4b,qwen3_4b,only_temperature,35672,142688,848064,81,28600,7072,0.46948299950599903,2.7852960002127336,2.7852960002127336,4029144408,8071641440,524957848640,4029108736,81.30560200061154,82.52105900101014
openmarcie_bicycle,mixed,separate_banks,openmarcie_bicycle__only_temperature__qwen3_4b,qwen3_4b,only_temperature,35672,142688,848064,81,28600,7072,0.563083000088227,2.878744000583433,2.878744000583433,4029144408,8071641440,524957848640,4029108736,81.30560200061154,82.66387000003306
openmarcie_bicycle,mixed,fixed_resampling,openmarcie_bicycle__only_temperature__qwen3_4b,qwen3_4b,only_temperature,35672,142688,846912,81,28600,7072,0.5648530004691565,2.8106350009983405,2.8106350009983405,4029144408,8071641440,524957847488,4029108736,81.30560200061154,82.51166800073406
openmarcie_bicycle,mixed,finetune_encoders,openmarcie_bicycle__only_temperature__qwen3_4b,qwen3_4b,only_temperature,35672,142688,848064,81,28600,7072,0.5578330001299037,2.868685000095761,2.868685000095761,4029144408,8071641440,524957848640,4029108736,81.30560200061154,82.60599900131638
openmarcie_bicycle,mixed,no_alignment,openmarcie_bicycle__only_temperature__qwen3_4b,qwen3_4b,only_temperature,35672,142688,848064,81,28600,7072,0.5505629997060169,2.867405000899348,2.867405000899348,4029144408,8071641440,524957848640,4029108736,81.30560200061154,82.59138800076471
openmarcie_bicycle,mixed,no_usage,openmarcie_bicycle__only_temperature__qwen3_4b,qwen3_4b,only_temperature,35672,142688,848064,81,28600,7072,0.5476930000440916,2.8598350000101025,2.8598350000101025,4029144408,8071641440,524957848640,4029108736,81.30560200061154,82.59642900065955
openmarcie_bicycle,mixed,tcn,openmarcie_bicycle__only_temperature__qwen3_4b,qwen3_4b,only_temperature,13648,54592,821184,524,13648,0,0.6116230006227852,3.0641130005421466,3.0641130005421466,4029122384,8071553344,701926258496,4029108736,81.2692520003111,82.3207370003729
openmarcie_bicycle,mixed,ts_transformer,openmarcie_bicycle__only_temperature__qwen3_4b,qwen3_4b,only_temperature,26512,106048,1869760,524,26512,0,0.7812229996488895,3.234222999631765,3.234222999631765,4029135248,8071604800,701927307072,4029108736,81.2692520003111,82.32788700024685
openmarcie_bicycle,mixed,patchtst,openmarcie_bicycle__only_temperature__qwen3_4b,qwen3_4b,only_temperature,26640,106560,1087936,524,26640,0,0.7674739999856683,3.221324000983895,3.221324000983895,4029135376,8071605312,517599149248,4029108736,81.52396300010878,82.68876900001487
openmarcie_bicycle,cuda,distrixsense,openmarcie_bicycle__only_thermal__qwen3_4b,qwen3_4b,only_thermal,72672,290688,3200064,81,28600,44072,0.5770729994765134,3.170895999602985,3.170895999602985,4029181408,8071789440,524960200640,4029108736,81.30560200061154,82.78118900125264
openmarcie_bicycle,cuda,dense,openmarcie_bicycle__only_thermal__qwen3_4b,qwen3_4b,only_thermal,68216,272864,4578368,4324,27576,40640,0.4760830006489414,6.312806001328444,6.312806001328444,4029176952,8071771616,701930015680,4029108736,81.2692520003111,82.51433899931726
openmarcie_bicycle,cuda,dense_tokens,openmarcie_bicycle__only_thermal__qwen3_4b,qwen3_4b,only_thermal,70592,282368,3183680,1100,27576,43016,0.44996199994784547,3.8298440003881113,3.8298440003881113,4029179328,8071781120,524960184256,4029108736,81.30560200061154,82.63287800036778
openmarcie_bicycle,cuda,raw,openmarcie_bicycle__only_thermal__qwen3_4b,qwen3_4b,only_thermal,68216,272864,4578368,15804,68216,0,1.0722449997047079,15.808125000011863,15.808125000011863,4029176952,8071771616,701930015680,4029108736,81.2692520003111,82.50232799946389
openmarcie_bicycle,cuda,early_fusion,openmarcie_bicycle__only_thermal__qwen3_4b,qwen3_4b,only_thermal,48760,195040,3335232,15804,48760,0,0.8299740002257749,15.574474000322446,15.574474000322446,4029157496,8071693792,701928772544,4029108736,81.2692520003111,82.52069800073514
openmarcie_bicycle,cuda,late_fusion,openmarcie_bicycle__only_thermal__qwen3_4b,qwen3_4b,only_thermal,41036,164144,2581248,96,0,41036,0.07587100026285043,2.5538030000145198,2.5538030000145198,4022509132,8045100336,591017511680,4022468096,82.07034599945473,83.16710999861243
openmarcie_bicycle,cuda,local_only,openmarcie_bicycle__only_thermal__qwen3_4b,qwen3_4b,only_thermal,41036,164144,2581248,52,0,41036,0.09034000049723545,2.5407710002286708,2.5407710002286708,4022509132,8045100336,591017511680,4022468096,82.07034599945473,82.90094999938447
openmarcie_bicycle,cuda,bottleneck,openmarcie_bicycle__only_thermal__qwen3_4b,qwen3_4b,only_thermal,68508,274032,4594752,684,27736,40772,0.4748619994643377,3.431323000105319,3.431323000105319,4029177244,8071772784,701930032064,4029108736,81.2692520003111,82.69956899948738
openmarcie_bicycle,cuda,tokenlearner,openmarcie_bicycle__only_thermal__qwen3_4b,qwen3_4b,only_thermal,69536,278144,3167296,1100,27576,41960,0.5167629997231415,3.8775550001399823,3.8775550001399823,4029178272,8071776896,524960167872,4029108736,81.30560200061154,82.636738000474
openmarcie_bicycle,cuda,posthoc_vq,openmarcie_bicycle__only_thermal__qwen3_4b,qwen3_4b,only_thermal,70264,281056,4643904,192,28600,41664,0.5760629992437316,3.335026999210089,3.335026999210089,4029179000,8071779808,701930081216,4029108736,81.2692520003111,82.88632099993265
openmarcie_bicycle,cuda,joint_vq,openmarcie_bicycle__only_thermal__qwen3_4b,qwen3_4b,only_thermal,72640,290560,3200064,81,28600,44040,0.5511330000445014,3.305287998984463,3.305287998984463,4029181376,8071789312,524960200640,4029108736,81.30560200061154,82.94030999968527
openmarcie_bicycle,cuda,deepconvlstm,openmarcie_bicycle__only_thermal__qwen3_4b,qwen3_4b,only_thermal,70284,281136,4416256,15804,70284,0,0.4805819999091909,15.222621999646002,15.222621999646002,4029179020,8071779888,701929853568,4029108736,81.2692520003111,82.19480600018869
openmarcie_bicycle,cuda,unrestricted_bank,openmarcie_bicycle__only_thermal__qwen3_4b,qwen3_4b,only_thermal,72672,290688,3200064,81,28600,44072,0.4574719996526255,3.046483999270899,3.046483999270899,4029181408,8071789440,524960200640,4029108736,81.30560200061154,82.6972900013061
openmarcie_bicycle,cuda,separate_banks,openmarcie_bicycle__only_thermal__qwen3_4b,qwen3_4b,only_thermal,72672,290688,3200064,81,28600,44072,0.5635730003632489,3.146146001228667,3.146146001228667,4029181408,8071789440,524960200640,4029108736,81.30560200061154,82.78510000036476
openmarcie_bicycle,cuda,fixed_resampling,openmarcie_bicycle__only_thermal__qwen3_4b,qwen3_4b,only_thermal,72672,290688,2126912,81,28600,44072,0.5555329998969682,3.101515999362059,3.101515999362059,4029181408,8071789440,524959127488,4029108736,81.30560200061154,82.74862000052963
openmarcie_bicycle,cuda,finetune_encoders,openmarcie_bicycle__only_thermal__qwen3_4b,qwen3_4b,only_thermal,72672,290688,3200064,81,28600,44072,0.5546620004679426,3.1784849998365505,3.1784849998365505,4029181408,8071789440,524960200640,4029108736,81.30560200061154,82.77060000000347
openmarcie_bicycle,cuda,no_alignment,openmarcie_bicycle__only_thermal__qwen3_4b,qwen3_4b,only_thermal,72672,290688,3200064,81,28600,44072,0.5451030001495383,3.126926999386237,3.126926999386237,4029181408,8071789440,524960200640,4029108736,81.30560200061154,82.83598000070924
openmarcie_bicycle,cuda,no_usage,openmarcie_bicycle__only_thermal__qwen3_4b,qwen3_4b,only_thermal,72672,290688,3200064,81,28600,44072,0.549812999452115,3.133026998540922,3.133026998540922,4029181408,8071789440,524960200640,4029108736,81.30560200061154,82.83073999973567
openmarcie_bicycle,cuda,tcn,openmarcie_bicycle__only_thermal__qwen3_4b,qwen3_4b,only_thermal,34648,138592,2149184,15804,34648,0,0.6010039996908745,15.342804000146792,15.342804000146792,4029143384,8071637344,701927586496,4029108736,81.2692520003111,82.29868700072984
openmarcie_bicycle,cuda,ts_transformer,openmarcie_bicycle__only_thermal__qwen3_4b,qwen3_4b,only_thermal,47512,190048,3197760,15804,47512,0,0.6866339999760385,15.422315000113962,15.422315000113962,4029156248,8071688800,701928635072,4029108736,81.2692520003111,82.3880170000848
openmarcie_bicycle,cuda,patchtst,openmarcie_bicycle__only_thermal__qwen3_4b,qwen3_4b,only_thermal,43640,174560,47183936,15804,43640,0,0.7782039992889622,15.523414000062552,15.523414000062552,4029152376,8071673312,517645245248,4029108736,81.52396300010878,82.74136800082488
openmarcie_bicycle,mixed,distrixsense,openmarcie_bicycle__only_thermal__qwen3_4b,qwen3_4b,only_thermal,72672,290688,3200064,81,28600,44072,0.561851999918872,2.892853999612166,2.892853999612166,4029181408,8071789440,524960200640,4029108736,81.30560200061154,82.64557800066541
openmarcie_bicycle,mixed,dense,openmarcie_bicycle__only_thermal__qwen3_4b,qwen3_4b,only_thermal,68216,272864,4578368,4324,27576,40640,0.46857200049998937,6.128423000841157,6.128423000841157,4029176952,8071771616,701930015680,4029108736,81.2692520003111,82.43225699970935
openmarcie_bicycle,mixed,dense_tokens,openmarcie_bicycle__only_thermal__qwen3_4b,qwen3_4b,only_thermal,70592,282368,3183680,1100,27576,43016,0.4500320001170621,3.590682999851997,3.590682999851997,4029179328,8071781120,524960184256,4029108736,81.30560200061154,82.49131800039322
openmarcie_bicycle,mixed,raw,openmarcie_bicycle__only_thermal__qwen3_4b,qwen3_4b,only_thermal,68216,272864,4578368,15804,68216,0,0.8254539998233668,15.509803999384097,15.509803999384097,4029176952,8071771616,701930015680,4029108736,81.2692520003111,82.47945899984188
openmarcie_bicycle,mixed,early_fusion,openmarcie_bicycle__only_thermal__qwen3_4b,qwen3_4b,only_thermal,48760,195040,3335232,15804,48760,0,0.8311150004374213,15.515266000738414,15.515266000738414,4029157496,8071693792,701928772544,4029108736,81.2692520003111,82.49009899918747
openmarcie_bicycle,mixed,late_fusion,openmarcie_bicycle__only_thermal__qwen3_4b,qwen3_4b,only_thermal,41036,164144,2581248,96,0,41036,0.07573000038973987,2.363780999590014,2.363780999590014,4022509132,8045100336,591017511680,4022468096,82.07034599945473,82.75266899909184
openmarcie_bicycle,mixed,local_only,openmarcie_bicycle__only_thermal__qwen3_4b,qwen3_4b,only_thermal,41036,164144,2581248,52,0,41036,0.09257000056095421,2.3575710013278526,2.3575710013278526,4022509132,8045100336,591017511680,4022468096,82.07034599945473,82.78214999882039
openmarcie_bicycle,mixed,bottleneck,openmarcie_bicycle__only_thermal__qwen3_4b,qwen3_4b,only_thermal,68508,274032,4594752,684,27736,40772,0.48628200056555215,3.250472999089677,3.250472999089677,4029177244,8071772784,701930032064,4029108736,81.2692520003111,82.45196700045199
openmarcie_bicycle,mixed,tokenlearner,openmarcie_bicycle__only_thermal__qwen3_4b,qwen3_4b,only_thermal,69536,278144,3167296,1100,27576,41960,0.45100300030753715,3.5757040013730874,3.5757040013730874,4029178272,8071776896,524960167872,4029108736,81.30560200061154,82.47998800015921
openmarcie_bicycle,mixed,posthoc_vq,openmarcie_bicycle__only_thermal__qwen3_4b,qwen3_4b,only_thermal,70264,281056,4643904,192,28600,41664,0.5880429998796899,3.055464999832469,3.055464999832469,4029179000,8071779808,701930081216,4029108736,81.2692520003111,82.64219900138414
openmarcie_bicycle,mixed,joint_vq,openmarcie_bicycle__only_thermal__qwen3_4b,qwen3_4b,only_thermal,72640,290560,3200064,81,28600,44040,0.553922999642964,2.9619439992819796,2.9619439992819796,4029181376,8071789312,524960200640,4029108736,81.30560200061154,82.71515000069485
openmarcie_bicycle,mixed,deepconvlstm,openmarcie_bicycle__only_thermal__qwen3_4b,qwen3_4b,only_thermal,70284,281136,4416256,15804,70284,0,0.47890299993014196,15.162253000061831,15.162253000061831,4029179020,8071779888,701929853568,4029108736,81.2692520003111,82.14551600030973
openmarcie_bicycle,mixed,unrestricted_bank,openmarcie_bicycle__only_thermal__qwen3_4b,qwen3_4b,only_thermal,72672,290688,3200064,81,28600,44072,0.4697620006481884,2.8082330009346013,2.8082330009346013,4029181408,8071789440,524960200640,4029108736,81.30560200061154,82.55351800016797
openmarcie_bicycle,mixed,separate_banks,openmarcie_bicycle__only_thermal__qwen3_4b,qwen3_4b,only_thermal,72672,290688,3200064,81,28600,44072,0.5752830002165865,2.9096039998256717,2.9096039998256717,4029181408,8071789440,524960200640,4029108736,81.30560200061154,82.6398990011512
openmarcie_bicycle,mixed,fixed_resampling,openmarcie_bicycle__only_thermal__qwen3_4b,qwen3_4b,only_thermal,72672,290688,2126912,81,28600,44072,0.5561730004046694,2.823614000619168,2.823614000619168,4029181408,8071789440,524959127488,4029108736,81.30560200061154,82.54461900014576
openmarcie_bicycle,mixed,finetune_encoders,openmarcie_bicycle__only_thermal__qwen3_4b,qwen3_4b,only_thermal,72672,290688,3200064,81,28600,44072,0.5538130008062581,2.8952740013045375,2.8952740013045375,4029181408,8071789440,524960200640,4029108736,81.30560200061154,82.61361800123268
openmarcie_bicycle,mixed,no_alignment,openmarcie_bicycle__only_thermal__qwen3_4b,qwen3_4b,only_thermal,72672,290688,3200064,81,28600,44072,0.5666529996233294,2.9054960005231667,2.9054960005231667,4029181408,8071789440,524960200640,4029108736,81.30560200061154,82.63067999996565
openmarcie_bicycle,mixed,no_usage,openmarcie_bicycle__only_thermal__qwen3_4b,qwen3_4b,only_thermal,72672,290688,3200064,81,28600,44072,0.5499130002135644,2.8815340010913904,2.8815340010913904,4029181408,8071789440,524960200640,4029108736,81.30560200061154,82.62301800095884
openmarcie_bicycle,mixed,tcn,openmarcie_bicycle__only_thermal__qwen3_4b,qwen3_4b,only_thermal,34648,138592,2149184,15804,34648,0,0.6001130004733568,15.285893000372674,15.285893000372674,4029143384,8071637344,701927586496,4029108736,81.2692520003111,82.26262600055634
openmarcie_bicycle,mixed,ts_transformer,openmarcie_bicycle__only_thermal__qwen3_4b,qwen3_4b,only_thermal,47512,190048,3197760,15804,47512,0,0.6941539995750645,15.377874999876006,15.377874999876006,4029156248,8071688800,701928635072,4029108736,81.2692520003111,82.35592700020788
openmarcie_bicycle,mixed,patchtst,openmarcie_bicycle__only_thermal__qwen3_4b,qwen3_4b,only_thermal,43640,174560,47183936,15804,43640,0,0.7879840004534344,15.472114000521763,15.472114000521763,4029152376,8071673312,517645245248,4029108736,81.52396300010878,82.6974000001428
openmarcie_printer,cuda,distrixsense,openmarcie_printer__all__qwen3_4b,qwen3_4b,all,1379624,5518496,97098432,1634,48184,1331440,2.6810729996213922,6.187601000905468,39.21158300181995,4030488360,8077017248,1868401875008,4029108736,84.34931699957815,97.46271399853867
openmarcie_printer,cuda,dense,openmarcie_printer__all__qwen3_4b,qwen3_4b,all,1294960,5179840,207336128,82156,28728,1266232,1.5802179996171617,11.560302999130252,100.1146440025223,4030403696,8076678592,5443928527936,4029108736,96.7177399998036,105.99044700029481
openmarcie_printer,cuda,dense_tokens,openmarcie_printer__all__qwen3_4b,qwen3_4b,all,1340104,5360416,96787136,20900,28728,1311376,1.472427999942738,6.473044998927216,52.88223499755142,4030448840,8076859168,1868401563712,4029108736,84.34931699957815,95.35937199962063
openmarcie_printer,cuda,raw,openmarcie_printer__all__qwen3_4b,qwen3_4b,all,1294960,5179840,207336128,965612,1294960,0,6.273351999880106,321.28352400008123,806.5291209988637,4030403696,8076678592,5443928527936,4029108736,96.7177399998036,105.81243599881418
openmarcie_printer,cuda,early_fusion,openmarcie_printer__all__qwen3_4b,qwen3_4b,all,901168,3604672,57498304,965612,901168,0,4.6061330003794865,319.61997600132133,804.8339340031881,4030009904,8075103424,968231853120,4029108736,81.96730500003468,88.65185900049255
openmarcie_printer,cuda,late_fusion,openmarcie_printer__all__qwen3_4b,qwen3_4b,all,1273756,5095024,80640768,1824,0,1273756,0.3731520000656019,3.6389380007480154,35.118136998268476,4023741852,8050031216,856707478784,4022468096,81.77696499933518,90.02522699938709
openmarcie_printer,cuda,local_only,openmarcie_printer__all__qwen3_4b,qwen3_4b,all,1273756,5095024,80640768,988,0,1273756,0.610783999945852,3.822449999445747,34.90957699957121,4023741852,8050031216,856707478784,4022468096,81.77696499933518,90.3681889985819
openmarcie_printer,cuda,bottleneck,openmarcie_printer__all__qwen3_4b,qwen3_4b,all,1300508,5202032,207647424,12996,31768,1268740,1.7360789997837855,6.228326000373322,45.803308998836215,4030409244,8076700784,5443928839232,4029108736,96.7177399998036,106.75170099966635
openmarcie_printer,cuda,tokenlearner,openmarcie_printer__all__qwen3_4b,qwen3_4b,all,1320040,5280160,96475840,20900,28728,1291312,1.488396999775432,6.466413998566859,52.753482998551334,4030428776,8076778912,1868401252416,4029108736,84.34931699957815,95.23596199960593
openmarcie_printer,cuda,posthoc_vq,openmarcie_printer__all__qwen3_4b,qwen3_4b,all,1567344,6269376,208581312,4028,48184,1519160,2.7807039996332605,6.784202000466047,42.8937330002749,4030676080,8077768128,5443929773120,4029108736,96.7177399998036,111.45632499938074
openmarcie_printer,cuda,joint_vq,openmarcie_printer__all__qwen3_4b,qwen3_4b,all,1612488,6449952,97098432,1634,48184,1564304,2.654734000316239,6.417973999790754,42.122424999438216,4030721224,8077948704,1868401875008,4029108736,84.34931699957815,100.36356799901114
openmarcie_printer,cuda,deepconvlstm,openmarcie_printer__all__qwen3_4b,qwen3_4b,all,1239428,4957712,78923008,965612,1239428,0,4.153021000092849,319.16637499938486,804.386828998947,4030348164,8076456464,968253277824,4029108736,81.96730500003468,88.28820700000506
openmarcie_printer,cuda,unrestricted_bank,openmarcie_printer__all__qwen3_4b,qwen3_4b,all,1740776,6963104,102701760,1634,48184,1692592,1.6057289994932944,5.076785999821348,38.10851399885431,4030849512,8078461856,1868407478336,4029108736,84.34931699957815,96.29993799990189
openmarcie_printer,cuda,separate_banks,openmarcie_printer__all__qwen3_4b,qwen3_4b,all,1379624,5518496,97098432,1634,48184,1331440,2.813994999996794,6.319241000286618,39.70894200120237,4030488360,8077017248,1868401875008,4029108736,84.34931699957815,97.82498499953363
openmarcie_printer,cuda,fixed_resampling,openmarcie_printer__all__qwen3_4b,qwen3_4b,all,1379624,5518496,46995648,1634,48184,1331440,2.693803999136435,6.383851999575179,38.94341899831924,4030488360,8077017248,1868351772224,4029108736,84.34931699957815,97.2947620002742
openmarcie_printer,cuda,finetune_encoders,openmarcie_printer__all__qwen3_4b,qwen3_4b,all,1379624,5518496,97098432,1634,48184,1331440,2.6732830001492403,6.163639001473691,39.20759900211559,4030488360,8077017248,1868401875008,4029108736,84.34931699957815,97.41917299925262
openmarcie_printer,cuda,no_alignment,openmarcie_printer__all__qwen3_4b,qwen3_4b,all,1379624,5518496,97098432,1634,48184,1331440,2.6679539996621315,6.150521000139613,39.15253899959206,4030488360,8077017248,1868401875008,4029108736,84.34931699957815,97.45858399946883
openmarcie_printer,cuda,no_usage,openmarcie_printer__all__qwen3_4b,qwen3_4b,all,1379624,5518496,97098432,1634,48184,1331440,2.662722999957623,6.119129999691702,39.10629600341489,4030488360,8077017248,1868401875008,4029108736,84.34931699957815,97.43904299921269
openmarcie_printer,cuda,tcn,openmarcie_printer__all__qwen3_4b,qwen3_4b,all,886480,3545920,56312256,965612,886480,0,4.318102000070212,319.3261159994462,804.551861997613,4029995216,8075044672,968230667072,4029108736,81.96730500003468,88.42373699917516
openmarcie_printer,cuda,ts_transformer,openmarcie_printer__all__qwen3_4b,qwen3_4b,all,899344,3597376,57360832,965612,899344,0,4.438681999999972,319.45461400022293,804.6589409988948,4030008080,8075096128,968231715648,4029108736,81.96730500003468,88.5280780003086
openmarcie_printer,cuda,patchtst,openmarcie_printer__all__qwen3_4b,qwen3_4b,all,815280,3261120,992372416,965612,815280,0,4.615963000105694,319.62200699939683,804.8439609994667,4029924016,8074759872,783777668032,4029108736,82.67976899969653,89.45009299895901
openmarcie_printer,mixed,distrixsense,openmarcie_printer__all__qwen3_4b,qwen3_4b,all,1379624,5518496,97098432,1634,48184,1331440,2.683483000510023,5.728988000131701,34.94594999756808,4030488360,8077017248,1868401875008,4029108736,84.34931699957815,94.18154600007256
openmarcie_printer,mixed,dense,openmarcie_printer__all__qwen3_4b,qwen3_4b,all,1294960,5179840,207336128,82156,28728,1266232,1.6329079999195528,11.378992998431821,97.49215900085623,4030403696,8076678592,5443928527936,4029108736,96.7177399998036,103.62524399988615
openmarcie_printer,mixed,dense_tokens,openmarcie_printer__all__qwen3_4b,qwen3_4b,all,1340104,5360416,96787136,20900,28728,1311376,1.501667000411544,6.064231000380241,48.77915200230811,4030448840,8076859168,1868401563712,4029108736,84.34931699957815,91.92039599929558
openmarcie_printer,mixed,raw,openmarcie_printer__all__qwen3_4b,qwen3_4b,all,1294960,5179840,207336128,965612,1294960,0,6.30500200077222,321.2361450004563,805.5298249984909,4030403696,8076678592,5443928527936,4029108736,96.7177399998036,104.41984999943088
openmarcie_printer,mixed,early_fusion,openmarcie_printer__all__qwen3_4b,qwen3_4b,all,901168,3604672,57498304,965612,901168,0,4.564023999591882,319.49969599912845,803.7922590003355,4030009904,8075103424,968231853120,4029108736,81.96730500003468,87.78449500005081
openmarcie_printer,mixed,late_fusion,openmarcie_printer__all__qwen3_4b,qwen3_4b,all,1273756,5095024,80640768,1824,0,1273756,0.3936419998353813,3.271286000725371,31.741852997972035,4023741852,8050031216,856707478784,4022468096,81.77696499933518,87.24415200049407
openmarcie_printer,mixed,local_only,openmarcie_printer__all__qwen3_4b,qwen3_4b,all,1273756,5095024,80640768,988,0,1273756,0.6204530000104569,3.4619269999738784,31.710032998280575,4023741852,8050031216,856707478784,4022468096,81.77696499933518,87.60747499945865
openmarcie_printer,mixed,bottleneck,openmarcie_printer__all__qwen3_4b,qwen3_4b,all,1300508,5202032,207647424,12996,31768,1268740,1.7753190004441421,5.616643000385061,42.480829999328776,4030409244,8076700784,5443928839232,4029108736,96.7177399998036,104.44060000099853
openmarcie_printer,mixed,tokenlearner,openmarcie_printer__all__qwen3_4b,qwen3_4b,all,1320040,5280160,96475840,20900,28728,1291312,1.5311380002458463,6.08532199970592,49.09881299735454,4030428776,8076778912,1868401252416,4029108736,84.34931699957815,91.78363499904663
openmarcie_printer,mixed,posthoc_vq,openmarcie_printer__all__qwen3_4b,qwen3_4b,all,1567344,6269376,208581312,4028,48184,1519160,2.8106949994253227,6.113169999201654,37.531209997288336,4030676080,8077768128,5443929773120,4029108736,96.7177399998036,107.30641499958438
openmarcie_printer,mixed,joint_vq,openmarcie_printer__all__qwen3_4b,qwen3_4b,all,1612488,6449952,97098432,1634,48184,1564304,2.701903999877686,5.879038999895763,36.19271699972595,4030721224,8077948704,1868401875008,4029108736,84.34931699957815,95.17830100048741
openmarcie_printer,mixed,deepconvlstm,openmarcie_printer__all__qwen3_4b,qwen3_4b,all,1239428,4957712,78923008,965612,1239428,0,4.141971000535705,319.0901939996719,803.385725000414,4030348164,8076456464,968253277824,4029108736,81.96730500003468,87.47369400043681
openmarcie_printer,mixed,unrestricted_bank,openmarcie_printer__all__qwen3_4b,qwen3_4b,all,1740776,6963104,102701760,1634,48184,1692592,1.660418000028585,4.697061999226187,33.99436299969673,4030849512,8078461856,1868407478336,4029108736,84.34931699957815,95.11576099885133
openmarcie_printer,mixed,separate_banks,openmarcie_printer__all__qwen3_4b,qwen3_4b,all,1379624,5518496,97098432,1634,48184,1331440,2.7543529995455174,5.78209700100522,35.345797998165644,4030488360,8077017248,1868401875008,4029108736,84.34931699957815,93.86926599927392
openmarcie_printer,mixed,fixed_resampling,openmarcie_printer__all__qwen3_4b,qwen3_4b,all,1379624,5518496,46995648,1634,48184,1331440,2.643093000187946,5.620628000118793,34.161136998595595,4030488360,8077017248,1868351772224,4029108736,84.34931699957815,92.0857849996537
openmarcie_printer,mixed,finetune_encoders,openmarcie_printer__all__qwen3_4b,qwen3_4b,all,1379624,5518496,97098432,1634,48184,1331440,2.65062400012539,5.6719480012670624,34.81715800081,4030488360,8077017248,1868401875008,4029108736,84.34931699957815,93.75619499951426
openmarcie_printer,mixed,no_alignment,openmarcie_printer__all__qwen3_4b,qwen3_4b,all,1379624,5518496,97098432,1634,48184,1331440,2.650202999575413,5.6691280001668725,34.80483999920105,4030488360,8077017248,1868401875008,4029108736,84.34931699957815,93.70461399976193
openmarcie_printer,mixed,no_usage,openmarcie_printer__all__qwen3_4b,qwen3_4b,all,1379624,5518496,97098432,1634,48184,1331440,2.6586730000417447,5.681537001268205,34.83241700087527,4030488360,8077017248,1868401875008,4029108736,84.34931699957815,93.78199399907317
openmarcie_printer,mixed,tcn,openmarcie_printer__all__qwen3_4b,qwen3_4b,all,886480,3545920,56312256,965612,886480,0,4.332251000050746,319.27017500032787,803.5634650024869,4029995216,8075044672,968230667072,4029108736,81.96730500003468,87.55351399940992
openmarcie_printer,mixed,ts_transformer,openmarcie_printer__all__qwen3_4b,qwen3_4b,all,899344,3597376,57360832,965612,899344,0,4.415381999933743,319.3502450002951,803.6421760009099,4030008080,8075096128,968231715648,4029108736,81.96730500003468,87.62520199979917
openmarcie_printer,mixed,patchtst,openmarcie_printer__all__qwen3_4b,qwen3_4b,all,815280,3261120,992372416,965612,815280,0,4.620493999937025,319.5623869996224,803.8552689997297,4029924016,8074759872,783777668032,4029108736,82.67976899969653,88.55044799929601
openmarcie_printer,cuda,distrixsense,openmarcie_printer__only_audio__qwen3_4b,qwen3_4b,only_audio,740836,2963344,46156160,164,29688,711148,0.6808439993619686,3.3192269996417103,5.897148998581734,4029849572,8074462096,598630887936,4029108736,81.26205099961226,83.49310199992033
openmarcie_printer,cuda,dense,openmarcie_printer__only_audio__qwen3_4b,qwen3_4b,only_audio,731924,2927696,49404288,8648,27640,704284,0.5306029997882433,6.41484499952161,12.243575999227213,4029840660,8074426448,953816717824,4029108736,81.04271999945922,82.82755999971414
openmarcie_printer,cuda,dense_tokens,openmarcie_printer__only_audio__qwen3_4b,qwen3_4b,only_audio,736676,2946704,46123392,2200,27640,709036,0.5230029992162599,3.9326359983487054,7.291377998617245,4029845412,8074445456,598630855168,4029108736,81.26205099961226,83.21862099910504
openmarcie_printer,cuda,raw,openmarcie_printer__only_audio__qwen3_4b,qwen3_4b,only_audio,731924,2927696,49404288,780968,731924,0,1.1703660002240213,315.80216699961863,630.3005779999492,4029840660,8074426448,953816717824,4029108736,81.04271999945922,82.94024899987562
openmarcie_printer,cuda,early_fusion,openmarcie_printer__only_audio__qwen3_4b,qwen3_4b,only_audio,594164,2376656,38121856,780968,594164,0,1.0803159993884037,315.71597599935455,630.2136459997907,4029702900,8073875408,716715057664,4029108736,81.99424499980523,83.78532500046276
openmarcie_printer,cuda,late_fusion,openmarcie_printer__only_audio__qwen3_4b,qwen3_4b,only_audio,705076,2820304,44935936,192,0,705076,0.09282999963033944,2.6225120005303295,5.088944000936311,4023173172,8047756496,605775975424,4022468096,81.28961200054619,82.59055899998202
openmarcie_printer,cuda,local_only,openmarcie_printer__only_audio__qwen3_4b,qwen3_4b,only_audio,705076,2820304,44935936,104,0,705076,0.12798999978258507,2.622813000259595,5.06949600051936,4023173172,8047756496,605775975424,4022468096,81.28961200054619,82.60892900034378
openmarcie_printer,cuda,bottleneck,openmarcie_printer__only_audio__qwen3_4b,qwen3_4b,only_audio,732508,2930032,49437056,1368,27960,704548,0.5586830002357601,3.56037500048026,6.513206999936351,4029841244,8074428784,953816750592,4029108736,81.04271999945922,82.90770999974484
openmarcie_printer,cuda,tokenlearner,openmarcie_printer__only_audio__qwen3_4b,qwen3_4b,only_audio,734564,2938256,46090624,2200,27640,706924,0.5248830002528848,3.929665000209643,7.286727000054961,4029843300,8074437008,598630822400,4029108736,81.26205099961226,83.21689099921059
openmarcie_printer,cuda,posthoc_vq,openmarcie_printer__only_audio__qwen3_4b,qwen3_4b,only_audio,738068,2952272,49535360,392,29688,708380,0.7036440001684241,3.5029580010698527,6.246222000822448,4029846804,8074451024,953816848896,4029108736,81.04271999945922,83.46805199926166
openmarcie_printer,cuda,joint_vq,openmarcie_printer__only_audio__qwen3_4b,qwen3_4b,only_audio,742820,2971280,46156160,164,29688,713132,0.6761729991922039,3.478317999301094,6.217431000248517,4029851556,8074470032,598630887936,4029108736,81.26205099961226,83.85868399909668
openmarcie_printer,cuda,deepconvlstm,openmarcie_printer__only_audio__qwen3_4b,qwen3_4b,only_audio,730792,2923168,46573568,780968,730792,0,0.7204429994089878,315.35504500055947,629.8531860001074,4029839528,8074421920,716723509376,4029108736,81.99424499980523,83.43463299934228
openmarcie_printer,cuda,unrestricted_bank,openmarcie_printer__only_audio__qwen3_4b,qwen3_4b,only_audio,742948,2971792,46188928,164,29688,713260,0.5430229994090041,3.174745000555145,5.747179001144296,4029851684,8074470544,598630920704,4029108736,81.26205099961226,83.49825299956137
openmarcie_printer,cuda,separate_banks,openmarcie_printer__only_audio__qwen3_4b,qwen3_4b,only_audio,740836,2963344,46156160,164,29688,711148,0.705163999555225,3.383976998824533,5.964528999055084,4029849572,8074462096,598630887936,4029108736,81.26205099961226,83.49594099945534
openmarcie_printer,cuda,fixed_resampling,openmarcie_printer__only_audio__qwen3_4b,qwen3_4b,only_audio,740836,2963344,12141696,164,29688,711148,0.680972999361984,3.257675998915243,5.782467998568073,4029849572,8074462096,598596873472,4029108736,81.26205099961226,83.38790099969628
openmarcie_printer,cuda,finetune_encoders,openmarcie_printer__only_audio__qwen3_4b,qwen3_4b,only_audio,740836,2963344,46156160,164,29688,711148,0.6801330000598682,3.3162169996413517,5.894499999765877,4029849572,8074462096,598630887936,4029108736,81.26205099961226,83.62824199866736
openmarcie_printer,cuda,no_alignment,openmarcie_printer__only_audio__qwen3_4b,qwen3_4b,only_audio,740836,2963344,46156160,164,29688,711148,0.6853229997432209,3.3194149994725244,5.893576999067783,4029849572,8074462096,598630887936,4029108736,81.26205099961226,83.48209100040549
openmarcie_printer,cuda,no_usage,openmarcie_printer__only_audio__qwen3_4b,qwen3_4b,only_audio,740836,2963344,46156160,164,29688,711148,0.6897429993841797,3.3264049992195446,5.904216998413368,4029849572,8074462096,598630887936,4029108736,81.26205099961226,83.5068529995624
openmarcie_printer,cuda,tcn,openmarcie_printer__only_audio__qwen3_4b,qwen3_4b,only_audio,580020,2320080,36935808,780968,580020,0,0.8402740004385123,315.4720450001504,629.9694959988099,4029688756,8073818832,716713871616,4029108736,81.99424499980523,83.54107299965108
openmarcie_printer,cuda,ts_transformer,openmarcie_printer__only_audio__qwen3_4b,qwen3_4b,only_audio,592884,2371536,37984384,780968,592884,0,0.9327349998784484,315.5634770009227,630.0607180008935,4029701620,8073870288,716714920192,4029108736,81.99424499980523,83.63887300038186
openmarcie_printer,cuda,patchtst,openmarcie_printer__only_audio__qwen3_4b,qwen3_4b,only_audio,560180,2240720,404298112,780968,560180,0,1.0167350001211162,315.6506770000659,630.1484069998676,4029668916,8073739472,532694875520,4029108736,81.93365500028449,83.66003400078625
openmarcie_printer,mixed,distrixsense,openmarcie_printer__only_audio__qwen3_4b,qwen3_4b,only_audio,740836,2963344,46156160,164,29688,711148,0.6945340001038858,3.1366349997680167,5.527046000377787,4029849572,8074462096,598630887936,4029108736,81.26205099961226,83.26706200023182
openmarcie_printer,mixed,dense,openmarcie_printer__only_audio__qwen3_4b,qwen3_4b,only_audio,731924,2927696,49404288,8648,27640,704284,0.5401030002758489,6.3119440013494925,12.026935001549171,4029840660,8074426448,953816717824,4029108736,81.04271999945922,82.73128799919505
openmarcie_printer,mixed,dense_tokens,openmarcie_printer__only_audio__qwen3_4b,qwen3_4b,only_audio,736676,2946704,46123392,2200,27640,709036,0.5251719994703308,3.7595940002528367,6.948956000078178,4029845412,8074445456,598630855168,4029108736,81.26205099961226,83.03660999990825
openmarcie_printer,mixed,raw,openmarcie_printer__only_audio__qwen3_4b,qwen3_4b,only_audio,731924,2927696,49404288,780968,731924,0,1.1848459998873295,315.73444700001244,630.1531879997835,4029840660,8074426448,953816717824,4029108736,81.04271999945922,82.81380899916257
openmarcie_printer,mixed,early_fusion,openmarcie_printer__only_audio__qwen3_4b,qwen3_4b,only_audio,594164,2376656,38121856,780968,594164,0,1.0790260002977448,315.6292769999153,630.0492369999827,4029702900,8073875408,716715057664,4029108736,81.99424499980523,83.65061299991794
openmarcie_printer,mixed,late_fusion,openmarcie_printer__only_audio__qwen3_4b,qwen3_4b,only_audio,705076,2820304,44935936,192,0,705076,0.09405000037077116,2.4858510001333314,4.833522000927036,4023173172,8047756496,605775975424,4022468096,81.28961200054619,82.55864800048585
openmarcie_printer,mixed,local_only,openmarcie_printer__only_audio__qwen3_4b,qwen3_4b,only_audio,705076,2820304,44935936,104,0,705076,0.1234499995916849,2.478580999438674,4.791472999872861,4023173172,8047756496,605775975424,4022468096,81.28961200054619,82.48188699963066
openmarcie_printer,mixed,bottleneck,openmarcie_printer__only_audio__qwen3_4b,qwen3_4b,only_audio,732508,2930032,49437056,1368,27960,704548,0.5459230005726567,3.4181540006748286,6.244785000983079,4029841244,8074428784,953816750592,4029108736,81.04271999945922,82.85745999910432
openmarcie_printer,mixed,tokenlearner,openmarcie_printer__only_audio__qwen3_4b,qwen3_4b,only_audio,734564,2938256,46090624,2200,27640,706924,0.5263729999569478,3.7593449987933854,6.947405998280155,4029843300,8074437008,598630822400,4029108736,81.26205099961226,83.00693099954515
openmarcie_printer,mixed,posthoc_vq,openmarcie_printer__only_audio__qwen3_4b,qwen3_4b,only_audio,738068,2952272,49535360,392,29688,708380,0.7096030003594933,3.2946450008123764,5.821497000919911,4029846804,8074451024,953816848896,4029108736,81.04271999945922,83.17142099895136
openmarcie_printer,mixed,joint_vq,openmarcie_printer__only_audio__qwen3_4b,qwen3_4b,only_audio,742820,2971280,46156160,164,29688,713132,0.6944730002942379,3.215615001257998,5.683367001136695,4029851556,8074470032,598630887936,4029108736,81.26205099961226,83.44533299987233
openmarcie_printer,mixed,deepconvlstm,openmarcie_printer__only_audio__qwen3_4b,qwen3_4b,only_audio,730792,2923168,46573568,780968,730792,0,0.7582039997942047,315.30785399985587,629.7276849999232,4029839528,8074421920,716723509376,4029108736,81.99424499980523,83.28273099959915
openmarcie_printer,mixed,unrestricted_bank,openmarcie_printer__only_audio__qwen3_4b,qwen3_4b,only_audio,742948,2971792,46188928,164,29688,713260,0.5451530005302629,2.9964159997090114,5.384048000149242,4029851684,8074470544,598630920704,4029108736,81.26205099961226,83.13045100021554
openmarcie_printer,mixed,separate_banks,openmarcie_printer__only_audio__qwen3_4b,qwen3_4b,only_audio,740836,2963344,46156160,164,29688,711148,0.7178429996201885,3.156093999981845,5.542865999512479,4029849572,8074462096,598630887936,4029108736,81.26205099961226,83.3060420000038
openmarcie_printer,mixed,fixed_resampling,openmarcie_printer__only_audio__qwen3_4b,qwen3_4b,only_audio,740836,2963344,12141696,164,29688,711148,0.6943730004422832,2.9994840000054914,5.253484999837575,4029849572,8074462096,598596873472,4029108736,81.26205099961226,83.04702999976143
openmarcie_printer,mixed,finetune_encoders,openmarcie_printer__only_audio__qwen3_4b,qwen3_4b,only_audio,740836,2963344,46156160,164,29688,711148,0.7009230002950062,3.1455060009958338,5.533168001118803,4029849572,8074462096,598630887936,4029108736,81.26205099961226,83.30651199958083
openmarcie_printer,mixed,no_alignment,openmarcie_printer__only_audio__qwen3_4b,qwen3_4b,only_audio,740836,2963344,46156160,164,29688,711148,0.6879040001877001,3.2177859996719285,5.604827999985183,4029849572,8074462096,598630887936,4029108736,81.26205099961226,83.26155200029461
openmarcie_printer,mixed,no_usage,openmarcie_printer__only_audio__qwen3_4b,qwen3_4b,only_audio,740836,2963344,46156160,164,29688,711148,0.6984439996813308,3.137565999472013,5.526077998791344,4029849572,8074462096,598630887936,4029108736,81.26205099961226,83.26360199953342
openmarcie_printer,mixed,tcn,openmarcie_printer__only_audio__qwen3_4b,qwen3_4b,only_audio,580020,2320080,36935808,780968,580020,0,0.8432839995293762,315.3931150008601,629.8127350008851,4029688756,8073818832,716713871616,4029108736,81.99424499980523,83.40536299874657
openmarcie_printer,mixed,ts_transformer,openmarcie_printer__only_audio__qwen3_4b,qwen3_4b,only_audio,592884,2371536,37984384,780968,592884,0,0.9275649999835878,315.48087500044755,629.9001750011282,4029701620,8073870288,716714920192,4029108736,81.99424499980523,83.56106299925159
openmarcie_printer,mixed,patchtst,openmarcie_printer__only_audio__qwen3_4b,qwen3_4b,only_audio,560180,2240720,404298112,780968,560180,0,1.0007849996327423,315.5572459990607,629.9767459985358,4029668916,8073739472,532694875520,4029108736,81.93365500028449,83.5958039997422
openmarcie_printer,cuda,distrixsense,openmarcie_printer__only_barometer__qwen3_4b,qwen3_4b,only_barometer,35502,142008,837312,81,28600,6902,0.550042999748257,3.12882499932301,3.12882499932301,4029144238,8071640760,524957837888,4029108736,81.30560200061154,82.75381000112247
openmarcie_printer,cuda,dense,openmarcie_printer__only_barometer__qwen3_4b,qwen3_4b,only_barometer,31046,124184,2215616,4324,27576,3470,0.47255300069082296,6.298765001115261,6.298765001115261,4029139782,8071622936,701927652928,4029108736,81.2692520003111,82.5362479999967
openmarcie_printer,cuda,dense_tokens,openmarcie_printer__only_barometer__qwen3_4b,qwen3_4b,only_barometer,33422,133688,820928,1100,27576,5846,0.47776199971849564,3.8409750004528904,3.8409750004528904,4029142158,8071632440,524957821504,4029108736,81.30560200061154,82.6031000005969
openmarcie_printer,cuda,raw,openmarcie_printer__only_barometer__qwen3_4b,qwen3_4b,only_barometer,31046,124184,2215616,404,31046,0,0.8019240003704908,3.2152450000005075,3.2152450000005075,4029139782,8071622936,701927652928,4029108736,81.2692520003111,82.47977900009573
openmarcie_printer,cuda,early_fusion,openmarcie_printer__only_barometer__qwen3_4b,qwen3_4b,only_barometer,27718,110872,2004672,404,27718,0,0.8339839996551746,3.244733998734958,3.244733998734958,4029136454,8071609624,701927441984,4029108736,81.2692520003111,82.50950900037424
openmarcie_printer,cuda,late_fusion,openmarcie_printer__only_barometer__qwen3_4b,qwen3_4b,only_barometer,3866,15464,218496,96,0,3866,0.07486100003006868,2.5323030000119586,2.5323030000119586,4022471962,8044951656,591015148928,4022468096,82.07034599945473,82.99620099933236
openmarcie_printer,cuda,local_only,openmarcie_printer__only_barometer__qwen3_4b,qwen3_4b,only_barometer,3866,15464,218496,52,0,3866,0.09132000013778452,2.531002000312111,2.531002000312111,4022471962,8044951656,591015148928,4022468096,82.07034599945473,82.88244999948802
openmarcie_printer,cuda,bottleneck,openmarcie_printer__only_barometer__qwen3_4b,qwen3_4b,only_barometer,31338,125352,2232000,684,27736,3602,0.48579200029053027,3.4279340000203113,3.4279340000203113,4029140074,8071624104,701927669312,4029108736,81.2692520003111,82.59416800046893
openmarcie_printer,cuda,tokenlearner,openmarcie_printer__only_barometer__qwen3_4b,qwen3_4b,only_barometer,32366,129464,804544,1100,27576,4790,0.4508620004344266,3.7969750001092324,3.7969750001092324,4029141102,8071628216,524957805120,4029108736,81.30560200061154,82.61695900091581
openmarcie_printer,cuda,posthoc_vq,openmarcie_printer__only_barometer__qwen3_4b,qwen3_4b,only_barometer,33094,132376,2281152,192,28600,4494,0.5792230003862642,3.5071879998016753,3.5071879998016753,4029141830,8071631128,701927718464,4029108736,81.2692520003111,82.83139100149128
openmarcie_printer,cuda,joint_vq,openmarcie_printer__only_barometer__qwen3_4b,qwen3_4b,only_barometer,35470,141880,837312,81,28600,6870,0.5448419997264864,3.277644998917717,3.277644998917717,4029144206,8071640632,524957837888,4029108736,81.30560200061154,82.91928000107873
openmarcie_printer,cuda,deepconvlstm,openmarcie_printer__only_barometer__qwen3_4b,qwen3_4b,only_barometer,33114,132456,2053504,404,33114,0,0.46729299992875895,2.8815829997704014,2.8815829997704014,4029141850,8071631208,701927490816,4029108736,81.2692520003111,82.16772699961439
openmarcie_printer,cuda,unrestricted_bank,openmarcie_printer__only_barometer__qwen3_4b,qwen3_4b,only_barometer,35502,142008,837312,81,28600,6902,0.46269199992821086,3.034386000792333,3.034386000792333,4029144238,8071640760,524957837888,4029108736,81.30560200061154,82.66861900028744
openmarcie_printer,cuda,separate_banks,openmarcie_printer__only_barometer__qwen3_4b,qwen3_4b,only_barometer,35502,142008,837312,81,28600,6902,0.564233000659442,3.1359559998526354,3.1359559998526354,4029144238,8071640760,524957837888,4029108736,81.30560200061154,82.75206899998011
openmarcie_printer,cuda,fixed_resampling,openmarcie_printer__only_barometer__qwen3_4b,qwen3_4b,only_barometer,35502,142008,836672,81,28600,6902,0.550233000467415,3.0873160003756173,3.0873160003756173,4029144238,8071640760,524957837248,4029108736,81.30560200061154,82.84632000049896
openmarcie_printer,cuda,finetune_encoders,openmarcie_printer__only_barometer__qwen3_4b,qwen3_4b,only_barometer,35502,142008,837312,81,28600,6902,0.5623430006380659,3.1297350006133318,3.1297350006133318,4029144238,8071640760,524957837888,4029108736,81.30560200061154,82.92558000084682
openmarcie_printer,cuda,no_alignment,openmarcie_printer__only_barometer__qwen3_4b,qwen3_4b,only_barometer,35502,142008,837312,81,28600,6902,0.544921999789949,3.1230549994069268,3.1230549994069268,4029144238,8071640760,524957837888,4029108736,81.30560200061154,82.77206900038436
openmarcie_printer,cuda,no_usage,openmarcie_printer__only_barometer__qwen3_4b,qwen3_4b,only_barometer,35502,142008,837312,81,28600,6902,0.5531819997486309,3.122215000104811,3.122215000104811,4029144238,8071640760,524957837888,4029108736,81.30560200061154,82.83427900096285
openmarcie_printer,cuda,tcn,openmarcie_printer__only_barometer__qwen3_4b,qwen3_4b,only_barometer,13606,54424,818624,404,13606,0,0.6285730005402002,3.038423000952392,3.038423000952392,4029122342,8071553176,701926255936,4029108736,81.2692520003111,82.28482699996675
openmarcie_printer,cuda,ts_transformer,openmarcie_printer__only_barometer__qwen3_4b,qwen3_4b,only_barometer,26470,105880,1867200,404,26470,0,0.6802540001444868,3.0956050010438076,3.0956050010438076,4029135206,8071604632,701927304512,4029108736,81.2692520003111,82.36018699972192
openmarcie_printer,cuda,patchtst,openmarcie_printer__only_barometer__qwen3_4b,qwen3_4b,only_barometer,26630,106520,727232,404,26630,0,0.7423040005960502,3.149503999929223,3.149503999929223,4029135366,8071605272,517598788544,4029108736,81.52396300010878,82.66287799960992
openmarcie_printer,mixed,distrixsense,openmarcie_printer__only_barometer__qwen3_4b,qwen3_4b,only_barometer,35502,142008,837312,81,28600,6902,0.79466399984085,3.1727149999204673,3.1727149999204673,4029144238,8071640760,524957837888,4029108736,81.30560200061154,82.67976000115596
openmarcie_printer,mixed,dense,openmarcie_printer__only_barometer__qwen3_4b,qwen3_4b,only_barometer,31046,124184,2215616,4324,27576,3470,0.49178300014318665,6.155953999363864,6.155953999363864,4029139782,8071622936,701927652928,4029108736,81.2692520003111,82.57029800006421
openmarcie_printer,mixed,dense_tokens,openmarcie_printer__only_barometer__qwen3_4b,qwen3_4b,only_barometer,33422,133688,820928,1100,27576,5846,0.45308199969440466,3.5967929998104227,3.5967929998104227,4029142158,8071632440,524957821504,4029108736,81.30560200061154,82.4686180021672
openmarcie_printer,mixed,raw,openmarcie_printer__only_barometer__qwen3_4b,qwen3_4b,only_barometer,31046,124184,2215616,404,31046,0,0.8029639993765159,3.160723999507539,3.160723999507539,4029139782,8071622936,701927652928,4029108736,81.2692520003111,82.4660580001364
openmarcie_printer,mixed,early_fusion,openmarcie_printer__only_barometer__qwen3_4b,qwen3_4b,only_barometer,27718,110872,2004672,404,27718,0,0.8157739994203439,3.172783999297465,3.172783999297465,4029136454,8071609624,701927441984,4029108736,81.2692520003111,82.47248900079285
openmarcie_printer,mixed,late_fusion,openmarcie_printer__only_barometer__qwen3_4b,qwen3_4b,only_barometer,3866,15464,218496,96,0,3866,0.07547099994553719,2.347472999249655,2.347472999249655,4022471962,8044951656,591015148928,4022468096,82.07034599945473,82.7222799998708
openmarcie_printer,mixed,local_only,openmarcie_printer__only_barometer__qwen3_4b,qwen3_4b,only_barometer,3866,15464,218496,52,0,3866,0.09316999967268202,2.3416009992319973,2.3416009992319973,4022471962,8044951656,591015148928,4022468096,82.07034599945473,82.7522189993033
openmarcie_printer,mixed,bottleneck,openmarcie_printer__only_barometer__qwen3_4b,qwen3_4b,only_barometer,31338,125352,2232000,684,27736,3602,0.48062299993034685,3.2361039987072466,3.2361039987072466,4029140074,8071624104,701927669312,4029108736,81.2692520003111,82.47862700136466
openmarcie_printer,mixed,tokenlearner,openmarcie_printer__only_barometer__qwen3_4b,qwen3_4b,only_barometer,32366,129464,804544,1100,27576,4790,0.48016299933806295,3.5975849996201577,3.5975849996201577,4029141102,8071628216,524957805120,4029108736,81.30560200061154,82.4493980007901
openmarcie_printer,mixed,posthoc_vq,openmarcie_printer__only_barometer__qwen3_4b,qwen3_4b,only_barometer,33094,132376,2281152,192,28600,4494,0.5726730005335412,3.02241500101299,3.02241500101299,4029141830,8071631128,701927718464,4029108736,81.2692520003111,82.62311900034547
openmarcie_printer,mixed,joint_vq,openmarcie_printer__only_barometer__qwen3_4b,qwen3_4b,only_barometer,35470,141880,837312,81,28600,6870,0.5580830002145376,2.9499940001477487,2.9499940001477487,4029144206,8071640632,524957837888,4029108736,81.30560200061154,82.6743190009438
openmarcie_printer,mixed,deepconvlstm,openmarcie_printer__only_barometer__qwen3_4b,qwen3_4b,only_barometer,33114,132456,2053504,404,33114,0,0.4701929992734222,2.826993000461883,2.826993000461883,4029141850,8071631208,701927490816,4029108736,81.2692520003111,82.11481600028492
openmarcie_printer,mixed,unrestricted_bank,openmarcie_printer__only_barometer__qwen3_4b,qwen3_4b,only_barometer,35502,142008,837312,81,28600,6902,0.46378200022445526,2.7843340003818273,2.7843340003818273,4029144238,8071640760,524957837888,4029108736,81.30560200061154,82.50538800075446
openmarcie_printer,mixed,separate_banks,openmarcie_printer__only_barometer__qwen3_4b,qwen3_4b,only_barometer,35502,142008,837312,81,28600,6902,0.5882229997951072,2.915714000693592,2.915714000693592,4029144238,8071640760,524957837888,4029108736,81.30560200061154,82.59382800042658
openmarcie_printer,mixed,fixed_resampling,openmarcie_printer__only_barometer__qwen3_4b,qwen3_4b,only_barometer,35502,142008,836672,81,28600,6902,0.558051999178133,2.806651999919163,2.806651999919163,4029144238,8071640760,524957837248,4029108736,81.30560200061154,82.51295800164371
openmarcie_printer,mixed,finetune_encoders,openmarcie_printer__only_barometer__qwen3_4b,qwen3_4b,only_barometer,35502,142008,837312,81,28600,6902,0.5509930006155628,2.8710340011747437,2.8710340011747437,4029144238,8071640760,524957837888,4029108736,81.30560200061154,82.5963290008076
openmarcie_printer,mixed,no_alignment,openmarcie_printer__only_barometer__qwen3_4b,qwen3_4b,only_barometer,35502,142008,837312,81,28600,6902,0.5623719998766319,2.891173999188945,2.891173999188945,4029144238,8071640760,524957837888,4029108736,81.30560200061154,82.58731800106034
openmarcie_printer,mixed,no_usage,openmarcie_printer__only_barometer__qwen3_4b,qwen3_4b,only_barometer,35502,142008,837312,81,28600,6902,0.5508330004886375,2.867813998847746,2.867813998847746,4029144238,8071640760,524957837888,4029108736,81.30560200061154,82.60157800032175
openmarcie_printer,mixed,tcn,openmarcie_printer__only_barometer__qwen3_4b,qwen3_4b,only_barometer,13606,54424,818624,404,13606,0,0.6022930001563509,2.958593000266049,2.958593000266049,4029122342,8071553176,701926255936,4029108736,81.2692520003111,82.24801699998352
openmarcie_printer,mixed,ts_transformer,openmarcie_printer__only_barometer__qwen3_4b,qwen3_4b,only_barometer,26470,105880,1867200,404,26470,0,0.6854840003143181,3.044474000170524,3.044474000170524,4029135206,8071604632,701927304512,4029108736,81.2692520003111,82.32702700024674
openmarcie_printer,mixed,patchtst,openmarcie_printer__only_barometer__qwen3_4b,qwen3_4b,only_barometer,26630,106520,727232,404,26630,0,0.7451240007867455,3.1019740005369414,3.1019740005369414,4029135366,8071605272,517598788544,4029108736,81.52396300010878,82.73894900048617
openmarcie_printer,cuda,distrixsense,openmarcie_printer__only_depth__qwen3_4b,qwen3_4b,only_depth,161384,645536,10716544,504,34040,127344,1.2706759998764028,3.993170000229427,16.769792001133542,4029270120,8072144288,894286021120,4029108736,82.28194699950109,87.20756199909374
openmarcie_printer,cuda,dense,openmarcie_printer__only_depth__qwen3_4b,qwen3_4b,only_depth,134648,538592,26359168,25944,27896,106752,0.7764639995002653,7.003457999739784,36.05873599838418,4029243384,8072037344,1974797908480,4029108736,86.14497600046889,89.72175300095842
openmarcie_printer,cuda,dense_tokens,openmarcie_printer__only_depth__qwen3_4b,qwen3_4b,only_depth,148904,595616,10618240,6600,27896,121008,0.7473340001524775,4.225028000287129,20.94946200028906,4029257640,8072094368,894285922816,4029108736,82.28194699950109,86.50950899937015
openmarcie_printer,cuda,raw,openmarcie_printer__only_depth__qwen3_4b,qwen3_4b,only_depth,134648,538592,26359168,38376,134648,0,2.3499510007241042,9.663832001530169,45.555394003110834,4029243384,8072037344,1974797908480,4029108736,86.14497600046889,89.46029200069461
openmarcie_printer,cuda,early_fusion,openmarcie_printer__only_depth__qwen3_4b,qwen3_4b,only_depth,66904,267616,4443520,38376,66904,0,1.8654500008778996,9.181660001155466,45.07824300375198,4029175640,8071766368,775734559232,4029108736,82.13391600020259,84.82124900001509
openmarcie_printer,cuda,late_fusion,openmarcie_printer__only_depth__qwen3_4b,qwen3_4b,only_depth,109128,436512,6763008,576,0,109128,0.15875999997660983,2.743872000396729,15.052373000245261,4022577224,8045372704,664649424640,4022468096,82.34532699952979,85.34384099948511
openmarcie_printer,cuda,local_only,openmarcie_printer__only_depth__qwen3_4b,qwen3_4b,only_depth,109128,436512,6763008,312,0,109128,0.2339309994567884,2.7937829993493155,14.965579999265982,4022577224,8045372704,664649424640,4022468096,82.34532699952979,85.42371200019261
openmarcie_printer,cuda,bottleneck,openmarcie_printer__only_depth__qwen3_4b,qwen3_4b,only_depth,136400,545600,26457472,4104,28856,107544,0.8151140000336454,3.900887000118953,18.59783000202348,4029245136,8072044352,1974798006784,4029108736,86.14497600046889,90.19436700054939
openmarcie_printer,cuda,tokenlearner,openmarcie_printer__only_depth__qwen3_4b,qwen3_4b,only_depth,142568,570272,10519936,6600,27896,114672,0.7481539996661013,4.221426998806128,20.8987699988659,4029251304,8072069024,894285824512,4029108736,82.28194699950109,86.42078799948649
openmarcie_printer,cuda,posthoc_vq,openmarcie_printer__only_depth__qwen3_4b,qwen3_4b,only_depth,177656,710624,26752384,1224,34040,143616,1.1957859996982734,4.079098000333982,17.729031000481207,4029286392,8072209376,1974798301696,4029108736,86.14497600046889,91.6100140002527
openmarcie_printer,cuda,joint_vq,openmarcie_printer__only_depth__qwen3_4b,qwen3_4b,only_depth,191912,767648,10716544,504,34040,157872,1.171465999505017,4.03904999979072,17.614916999838247,4029300648,8072266400,894286021120,4029108736,82.28194699950109,88.15987700018013
openmarcie_printer,cuda,deepconvlstm,openmarcie_printer__only_depth__qwen3_4b,qwen3_4b,only_depth,120716,482864,7611136,38376,120716,0,1.5222080000967253,8.828608000436576,44.718609000790295,4029229452,8071981616,775737726848,4029108736,82.13391600020259,84.61532999990595
openmarcie_printer,cuda,unrestricted_bank,openmarcie_printer__only_depth__qwen3_4b,qwen3_4b,only_depth,193064,772256,11208064,504,34040,159024,0.7847340002626879,3.487877000169235,16.265389999381373,4029301800,8072271008,894286512640,4029108736,82.28194699950109,86.84485999947356
openmarcie_printer,cuda,separate_banks,openmarcie_printer__only_depth__qwen3_4b,qwen3_4b,only_depth,161384,645536,10716544,504,34040,127344,1.197575999867695,3.908858998273488,16.689740997782142,4029270120,8072144288,894286021120,4029108736,82.28194699950109,87.20969299884018
openmarcie_printer,cuda,fixed_resampling,openmarcie_printer__only_depth__qwen3_4b,qwen3_4b,only_depth,161384,645536,9069952,504,34040,127344,1.150865999989037,3.8137989994889243,16.39102000047504,4029270120,8072144288,894284374528,4029108736,82.28194699950109,86.97259099881194
openmarcie_printer,cuda,finetune_encoders,openmarcie_printer__only_depth__qwen3_4b,qwen3_4b,only_depth,161384,645536,10716544,504,34040,127344,1.1509149999255897,3.852077999853052,16.616518999973128,4029270120,8072144288,894286021120,4029108736,82.28194699950109,87.18544299972564
openmarcie_printer,cuda,no_alignment,openmarcie_printer__only_depth__qwen3_4b,qwen3_4b,only_depth,161384,645536,10716544,504,34040,127344,1.1534260002008523,3.8813780001315057,16.644678998665118,4029270120,8072144288,894286021120,4029108736,82.28194699950109,87.13757199893735
openmarcie_printer,cuda,no_usage,openmarcie_printer__only_depth__qwen3_4b,qwen3_4b,only_depth,161384,645536,10716544,504,34040,127344,1.1599560002650833,3.8656480000450277,16.65314000059087,4029270120,8072144288,894286021120,4029108736,82.28194699950109,87.20492299835314
openmarcie_printer,cuda,tcn,openmarcie_printer__only_depth__qwen3_4b,qwen3_4b,only_depth,52632,210528,3257472,38376,52632,0,1.6391489998568431,8.955779999774892,44.845892998944166,4029161368,8071709280,775733373184,4029108736,82.13391600020259,84.71729899974889
openmarcie_printer,cuda,ts_transformer,openmarcie_printer__only_depth__qwen3_4b,qwen3_4b,only_depth,65496,261984,4306048,38376,65496,0,1.7312379995928495,9.042559000187099,44.930620999673394,4029174232,8071760736,775734421760,4029108736,82.13391600020259,84.76883999992424
openmarcie_printer,cuda,patchtst,openmarcie_printer__only_depth__qwen3_4b,qwen3_4b,only_depth,53272,213088,139966848,38376,53272,0,1.8234290000691544,9.136560000621317,45.02193300080528,4029162008,8071711840,591247794560,4029108736,82.07034599945473,84.78033099981985
openmarcie_printer,mixed,distrixsense,openmarcie_printer__only_depth__qwen3_4b,qwen3_4b,only_depth,161384,645536,10716544,504,34040,127344,1.2251260004632059,3.72356000019731,15.432408000953078,4029270120,8072144288,894286021120,4029108736,82.28194699950109,85.94001599885814
openmarcie_printer,mixed,dense,openmarcie_printer__only_depth__qwen3_4b,qwen3_4b,only_depth,134648,538592,26359168,25944,27896,106752,0.8163740003510611,6.573785000323132,34.670219001899056,4029243384,8072037344,1974797908480,4029108736,86.14497600046889,88.90534000056505
openmarcie_printer,mixed,dense_tokens,openmarcie_printer__only_depth__qwen3_4b,qwen3_4b,only_depth,148904,595616,10618240,6600,27896,121008,0.7774540008540498,4.168657002078253,19.80637200173922,4029257640,8072094368,894285922816,4029108736,82.28194699950109,86.40724899942143
openmarcie_printer,mixed,raw,openmarcie_printer__only_depth__qwen3_4b,qwen3_4b,only_depth,134648,538592,26359168,38376,134648,0,2.360272000260011,9.6194830007846,45.24876300214366,4029243384,8072037344,1974797908480,4029108736,86.14497600046889,89.12233199953334
openmarcie_printer,mixed,early_fusion,openmarcie_printer__only_depth__qwen3_4b,qwen3_4b,only_depth,66904,267616,4443520,38376,66904,0,1.8758590003926656,9.133690000049898,44.76299000028796,4029175640,8071766368,775734559232,4029108736,82.13391600020259,84.58311799950025
openmarcie_printer,mixed,late_fusion,openmarcie_printer__only_depth__qwen3_4b,qwen3_4b,only_depth,109128,436512,6763008,576,0,109128,0.1643999994485057,2.6027420004222193,14.098287000152759,4022577224,8045372704,664649424640,4022468096,82.34532699952979,84.61228799933451
openmarcie_printer,mixed,local_only,openmarcie_printer__only_depth__qwen3_4b,qwen3_4b,only_depth,109128,436512,6763008,312,0,109128,0.31319200024881866,2.7441140002951956,14.109848998127644,4022577224,8045372704,664649424640,4022468096,82.34532699952979,84.51492799940752
openmarcie_printer,mixed,bottleneck,openmarcie_printer__only_depth__qwen3_4b,qwen3_4b,only_depth,136400,545600,26457472,4104,28856,107544,0.8894849997886922,3.808976998944697,17.48013099734286,4029245136,8072044352,1974798006784,4029108736,86.14497600046889,89.13263099930191
openmarcie_printer,mixed,tokenlearner,openmarcie_printer__only_depth__qwen3_4b,qwen3_4b,only_depth,142568,570272,10519936,6600,27896,114672,0.8366540005226852,4.110466000379238,19.617852001801367,4029251304,8072069024,894285824512,4029108736,82.28194699950109,85.48834300017916
openmarcie_printer,mixed,posthoc_vq,openmarcie_printer__only_depth__qwen3_4b,qwen3_4b,only_depth,177656,710624,26752384,1224,34040,143616,1.2260559997230303,3.8999479995300526,16.066956998866097,4029286392,8072209376,1974798301696,4029108736,86.14497600046889,90.96568000040861
openmarcie_printer,mixed,joint_vq,openmarcie_printer__only_depth__qwen3_4b,qwen3_4b,only_depth,191912,767648,10716544,504,34040,157872,1.1640860002444242,3.7532480000104873,15.854276999226645,4029300648,8072266400,894286021120,4029108736,82.28194699950109,87.12865199959197
openmarcie_printer,mixed,deepconvlstm,openmarcie_printer__only_depth__qwen3_4b,qwen3_4b,only_depth,120716,482864,7611136,38376,120716,0,1.5578880002067308,8.8173590007102,44.44683899995418,4029229452,8071981616,775737726848,4029108736,82.13391600020259,84.29142800014233
openmarcie_printer,mixed,unrestricted_bank,openmarcie_printer__only_depth__qwen3_4b,qwen3_4b,only_depth,193064,772256,11208064,504,34040,159024,0.8128839999699267,3.441896999846492,15.219952999933671,4029301800,8072271008,894286512640,4029108736,82.28194699950109,85.69206399988616
openmarcie_printer,mixed,separate_banks,openmarcie_printer__only_depth__qwen3_4b,qwen3_4b,only_depth,161384,645536,10716544,504,34040,127344,1.2605960000655614,3.77449799901892,15.259752997400287,4029270120,8072144288,894286021120,4029108736,82.28194699950109,86.65516899964132
openmarcie_printer,mixed,fixed_resampling,openmarcie_printer__only_depth__qwen3_4b,qwen3_4b,only_depth,161384,645536,9069952,504,34040,127344,1.2341859992375248,3.6526970006330406,14.949342000028341,4029270120,8072144288,894284374528,4029108736,82.28194699950109,85.54477299912833
openmarcie_printer,mixed,finetune_encoders,openmarcie_printer__only_depth__qwen3_4b,qwen3_4b,only_depth,161384,645536,10716544,504,34040,127344,1.1993859998256085,3.712639000640181,15.472477002396122,4029270120,8072144288,894286021120,4029108736,82.28194699950109,86.41149899995071
openmarcie_printer,mixed,no_alignment,openmarcie_printer__only_depth__qwen3_4b,qwen3_4b,only_depth,161384,645536,10716544,504,34040,127344,1.236236000295321,3.765629000498436,15.47815400102198,4029270120,8072144288,894286021120,4029108736,82.28194699950109,86.6098279993821
openmarcie_printer,mixed,no_usage,openmarcie_printer__only_depth__qwen3_4b,qwen3_4b,only_depth,161384,645536,10716544,504,34040,127344,1.2212860001454828,3.807039000038046,15.35871400176919,4029270120,8072144288,894286021120,4029108736,82.28194699950109,86.64312799919571
openmarcie_printer,mixed,tcn,openmarcie_printer__only_depth__qwen3_4b,qwen3_4b,only_depth,52632,210528,3257472,38376,52632,0,1.6820679993543308,8.939577999223035,44.56896799850931,4029161368,8071709280,775733373184,4029108736,82.13391600020259,84.38643800036516
openmarcie_printer,mixed,ts_transformer,openmarcie_printer__only_depth__qwen3_4b,qwen3_4b,only_depth,65496,261984,4306048,38376,65496,0,1.7447190002712887,9.00085100016098,44.630262001498906,4029174232,8071760736,775734421760,4029108736,82.13391600020259,84.453477000352
openmarcie_printer,mixed,patchtst,openmarcie_printer__only_depth__qwen3_4b,qwen3_4b,only_depth,53272,213088,139966848,38376,53272,0,1.834238999435911,9.092308998839359,44.722219002630865,4029162008,8071711840,591247794560,4029108736,82.07034599945473,84.48292799948831
openmarcie_printer,cuda,distrixsense,openmarcie_printer__only_imu__qwen3_4b,qwen3_4b,only_imu,50224,200896,2083456,164,29688,20536,0.6941629999346333,3.308985998350277,5.850188997708948,4029158960,8071699648,598586815232,4029108736,81.26205099961226,83.43398199940566
openmarcie_printer,cuda,dense,openmarcie_printer__only_imu__qwen3_4b,qwen3_4b,only_imu,41312,165248,5331584,8648,27640,13672,0.5377030001909588,6.372224999135814,12.15970699896341,4029150048,8071664000,953772645120,4029108736,81.04271999945922,82.7620489990295
openmarcie_printer,cuda,dense_tokens,openmarcie_printer__only_imu__qwen3_4b,qwen3_4b,only_imu,46064,184256,2050688,2200,27640,18424,0.5170730000827461,3.9046359997836406,7.24553799954243,4029154800,8071683008,598586782464,4029108736,81.26205099961226,83.16936999926838
openmarcie_printer,cuda,raw,openmarcie_printer__only_imu__qwen3_4b,qwen3_4b,only_imu,41312,165248,5331584,30888,41312,0,1.1043059994335636,15.576187999658973,29.991638999581546,4029150048,8071664000,953772645120,4029108736,81.04271999945922,82.68219899946416
openmarcie_printer,cuda,early_fusion,openmarcie_printer__only_imu__qwen3_4b,qwen3_4b,only_imu,30016,120064,2142848,30888,30016,0,1.0405460006950307,15.512865999926394,29.931186999510892,4029138752,8071618816,716679078656,4029108736,81.99424499980523,83.56104300037259
openmarcie_printer,cuda,late_fusion,openmarcie_printer__only_imu__qwen3_4b,qwen3_4b,only_imu,14464,57856,863232,192,0,14464,0.09277000026486348,2.5776620009903097,5.013723001075408,4022482560,8044994048,605731902720,4022468096,81.28961200054619,82.50597800088144
openmarcie_printer,cuda,local_only,openmarcie_printer__only_imu__qwen3_4b,qwen3_4b,only_imu,14464,57856,863232,104,0,14464,0.13226100054453127,2.5883729997690184,5.00168400006711,4022482560,8044994048,605731902720,4022468096,81.28961200054619,82.550748000358
openmarcie_printer,cuda,bottleneck,openmarcie_printer__only_imu__qwen3_4b,qwen3_4b,only_imu,41896,167584,5364352,1368,27960,13936,0.5500830002347357,3.525235001026001,6.446026000541728,4029150632,8071666336,953772677888,4029108736,81.04271999945922,82.87044899952889
openmarcie_printer,cuda,tokenlearner,openmarcie_printer__only_imu__qwen3_4b,qwen3_4b,only_imu,43952,175808,2017920,2200,27640,16312,0.5172229994059308,3.888774999718298,7.2095280001938225,4029152688,8071674560,598586749696,4029108736,81.26205099961226,83.14233100009005
openmarcie_printer,cuda,posthoc_vq,openmarcie_printer__only_imu__qwen3_4b,qwen3_4b,only_imu,47456,189824,5462656,392,29688,17768,0.6971839993639151,3.463126998019358,6.175510997831728,4029156192,8071688576,953772776192,4029108736,81.04271999945922,83.45635299974674
openmarcie_printer,cuda,joint_vq,openmarcie_printer__only_imu__qwen3_4b,qwen3_4b,only_imu,52208,208832,2083456,164,29688,22520,0.6854229995951755,3.4568459999119163,6.14577000002847,4029160944,8071707584,598586815232,4029108736,81.26205099961226,83.73478399971646
openmarcie_printer,cuda,deepconvlstm,openmarcie_printer__only_imu__qwen3_4b,qwen3_4b,only_imu,40180,160720,2500864,30888,40180,0,0.6851530006315443,15.15680400011664,29.572884000208497,4029148916,8071659472,716679436672,4029108736,81.99424499980523,83.22195999971882
openmarcie_printer,cuda,unrestricted_bank,openmarcie_printer__only_imu__qwen3_4b,qwen3_4b,only_imu,52336,209344,2116224,164,29688,22648,0.542273000064597,3.135175999281369,5.665387998913694,4029161072,8071708096,598586848000,4029108736,81.26205099961226,83.27747199928126
openmarcie_printer,cuda,separate_banks,openmarcie_printer__only_imu__qwen3_4b,qwen3_4b,only_imu,50224,200896,2083456,164,29688,20536,0.7021829997029272,3.3053349992170347,5.843966998934967,4029158960,8071699648,598586815232,4029108736,81.26205099961226,83.4277120002298
openmarcie_printer,cuda,fixed_resampling,openmarcie_printer__only_imu__qwen3_4b,qwen3_4b,only_imu,50224,200896,2024576,164,29688,20536,0.6869129992992384,3.5314259988209464,6.033187998280674,4029158960,8071699648,598586756352,4029108736,81.26205099961226,83.33143099935114
openmarcie_printer,cuda,finetune_encoders,openmarcie_printer__only_imu__qwen3_4b,qwen3_4b,only_imu,50224,200896,2083456,164,29688,20536,0.6813529998908052,3.282716000589158,5.820889000158978,4029158960,8071699648,598586815232,4029108736,81.26205099961226,83.40383300037502
openmarcie_printer,cuda,no_alignment,openmarcie_printer__only_imu__qwen3_4b,qwen3_4b,only_imu,50224,200896,2083456,164,29688,20536,0.6813630006945459,3.2685350000375415,5.803337000241491,4029158960,8071699648,598586815232,4029108736,81.26205099961226,83.39884100041672
openmarcie_printer,cuda,no_usage,openmarcie_printer__only_imu__qwen3_4b,qwen3_4b,only_imu,50224,200896,2083456,164,29688,20536,0.6974839998292737,3.3054279995977645,5.85964000007899,4029158960,8071699648,598586815232,4029108736,81.26205099961226,83.4100820002277
openmarcie_printer,cuda,tcn,openmarcie_printer__only_imu__qwen3_4b,qwen3_4b,only_imu,15872,63488,956800,30888,15872,0,0.806323999313463,15.27933499896793,29.69508499891169,4029124608,8071562240,716677892608,4029108736,81.99424499980523,83.31570299924351
openmarcie_printer,cuda,ts_transformer,openmarcie_printer__only_imu__qwen3_4b,qwen3_4b,only_imu,28736,114944,2005376,30888,28736,0,0.8877149994077627,15.357905998871534,29.77467599894232,4029137472,8071613696,716678941184,4029108736,81.99424499980523,83.40694199978316
openmarcie_printer,cuda,patchtst,openmarcie_printer__only_imu__qwen3_4b,qwen3_4b,only_imu,27648,110592,14472832,30888,27648,0,0.9742150004967698,15.44696600108185,29.864566001470003,4029136384,8071609344,532305050240,4029108736,81.93365500028449,83.42064300086349
openmarcie_printer,mixed,distrixsense,openmarcie_printer__only_imu__qwen3_4b,qwen3_4b,only_imu,50224,200896,2083456,164,29688,20536,0.7682340001338162,3.1690250010197865,5.516986001264932,4029158960,8071699648,598586815232,4029108736,81.26205099961226,83.35786200041184
openmarcie_printer,mixed,dense,openmarcie_printer__only_imu__qwen3_4b,qwen3_4b,only_imu,41312,165248,5331584,8648,27640,13672,0.5829530000482919,6.279103999399685,11.930354000205151,4029150048,8071664000,953772645120,4029108736,81.04271999945922,82.58135699907143
openmarcie_printer,mixed,dense_tokens,openmarcie_printer__only_imu__qwen3_4b,qwen3_4b,only_imu,46064,184256,2050688,2200,27640,18424,0.6308629999693949,3.8267559993936446,6.975796999531449,4029154800,8071683008,598586782464,4029108736,81.26205099961226,83.04626999870379
openmarcie_printer,mixed,raw,openmarcie_printer__only_imu__qwen3_4b,qwen3_4b,only_imu,41312,165248,5331584,30888,41312,0,1.1511160000736709,15.573766000716237,29.944606000845006,4029150048,8071664000,953772645120,4029108736,81.04271999945922,82.6468980003483
openmarcie_printer,mixed,early_fusion,openmarcie_printer__only_imu__qwen3_4b,qwen3_4b,only_imu,30016,120064,2142848,30888,30016,0,1.2756859996443382,15.697945998954342,30.068685999231157,4029138752,8071618816,716679078656,4029108736,81.99424499980523,83.51743199909833
openmarcie_printer,mixed,late_fusion,openmarcie_printer__only_imu__qwen3_4b,qwen3_4b,only_imu,14464,57856,863232,192,0,14464,0.12229999992996454,2.491251000324334,4.747902000536118,4022482560,8044994048,605731902720,4022468096,81.28961200054619,82.26435700089496
openmarcie_printer,mixed,local_only,openmarcie_printer__only_imu__qwen3_4b,qwen3_4b,only_imu,14464,57856,863232,104,0,14464,0.15973100016708486,2.489402000962838,4.762153001624904,4022482560,8044994048,605731902720,4022468096,81.28961200054619,82.33037700028945
openmarcie_printer,mixed,bottleneck,openmarcie_printer__only_imu__qwen3_4b,qwen3_4b,only_imu,41896,167584,5364352,1368,27960,13936,0.5589230004261481,3.3368839997556528,6.07080500007401,4029150632,8071666336,953772677888,4029108736,81.04271999945922,82.61129699985759
openmarcie_printer,mixed,tokenlearner,openmarcie_printer__only_imu__qwen3_4b,qwen3_4b,only_imu,43952,175808,2017920,2200,27640,16312,0.5283620002956013,3.665404000453127,6.7576850005841695,4029152688,8071674560,598586749696,4029108736,81.26205099961226,82.87395899969852
openmarcie_printer,mixed,posthoc_vq,openmarcie_printer__only_imu__qwen3_4b,qwen3_4b,only_imu,47456,189824,5462656,392,29688,17768,0.7052540004224284,3.216965999660967,5.673367999929318,4029156192,8071688576,953772776192,4029108736,81.04271999945922,83.02119999916613
openmarcie_printer,mixed,joint_vq,openmarcie_printer__only_imu__qwen3_4b,qwen3_4b,only_imu,52208,208832,2083456,164,29688,22520,0.706613999682304,3.13228499938678,5.503917999402084,4029160944,8071707584,598586815232,4029108736,81.26205099961226,83.21988199986663
openmarcie_printer,mixed,deepconvlstm,openmarcie_printer__only_imu__qwen3_4b,qwen3_4b,only_imu,40180,160720,2500864,30888,40180,0,0.7076540005073184,15.13117500057891,29.497945000093814,4029148916,8071659472,716679436672,4029108736,81.99424499980523,83.12724100051128
openmarcie_printer,mixed,unrestricted_bank,openmarcie_printer__only_imu__qwen3_4b,qwen3_4b,only_imu,52336,209344,2116224,164,29688,22648,0.5516830005944939,2.899754001495335,5.192425000739796,4029161072,8071708096,598586848000,4029108736,81.26205099961226,82.93822899941006
openmarcie_printer,mixed,separate_banks,openmarcie_printer__only_imu__qwen3_4b,qwen3_4b,only_imu,50224,200896,2083456,164,29688,20536,0.714564000190876,3.0718159999506547,5.365246999343263,4029158960,8071699648,598586815232,4029108736,81.26205099961226,83.09250899947074
openmarcie_printer,mixed,fixed_resampling,openmarcie_printer__only_imu__qwen3_4b,qwen3_4b,only_imu,50224,200896,2024576,164,29688,20536,0.9764950000317185,3.252296999866399,5.471899000138556,4029158960,8071699648,598586756352,4029108736,81.26205099961226,82.91311000084534
openmarcie_printer,mixed,finetune_encoders,openmarcie_printer__only_imu__qwen3_4b,qwen3_4b,only_imu,50224,200896,2083456,164,29688,20536,0.6820039998274297,3.041984999376023,5.337576000482123,4029158960,8071699648,598586815232,4029108736,81.26205099961226,83.07157000035659
openmarcie_printer,mixed,no_alignment,openmarcie_printer__only_imu__qwen3_4b,qwen3_4b,only_imu,50224,200896,2083456,164,29688,20536,0.6982439999774215,3.0565560003507066,5.348567001117964,4029158960,8071699648,598586815232,4029108736,81.26205099961226,83.08086099896173
openmarcie_printer,mixed,no_usage,openmarcie_printer__only_imu__qwen3_4b,qwen3_4b,only_imu,50224,200896,2083456,164,29688,20536,0.6985130003158702,3.0490840002440613,5.340844999107695,4029158960,8071699648,598586815232,4029108736,81.26205099961226,83.08410900008312
openmarcie_printer,mixed,tcn,openmarcie_printer__only_imu__qwen3_4b,qwen3_4b,only_imu,15872,63488,956800,30888,15872,0,0.8136340002238285,15.231514000379352,29.598705000444234,4029124608,8071562240,716677892608,4029108736,81.99424499980523,83.26526099972398
openmarcie_printer,mixed,ts_transformer,openmarcie_printer__only_imu__qwen3_4b,qwen3_4b,only_imu,28736,114944,2005376,30888,28736,0,0.9062939998329966,15.325284999607934,29.692115998932486,4029137472,8071613696,716678941184,4029108736,81.99424499980523,83.33732199935184
openmarcie_printer,mixed,patchtst,openmarcie_printer__only_imu__qwen3_4b,qwen3_4b,only_imu,27648,110592,14472832,30888,27648,0,0.976125000306638,15.3940350001449,29.760755000188574,4029136384,8071609344,532305050240,4029108736,81.93365500028449,83.34918299988203
openmarcie_printer,cuda,distrixsense,openmarcie_printer__only_magnetometer__qwen3_4b,qwen3_4b,only_magnetometer,36194,144776,881088,81,28600,7594,0.5643530002998887,3.1324250003598397,3.1324250003598397,4029144930,8071643528,524957881664,4029108736,81.30560200061154,82.79865000076825
openmarcie_printer,cuda,dense,openmarcie_printer__only_magnetometer__qwen3_4b,qwen3_4b,only_magnetometer,31738,126952,2259392,4324,27576,4162,0.4668620003940305,6.30291299999475,6.30291299999475,4029140474,8071625704,701927696704,4029108736,81.2692520003111,82.5122480000573
openmarcie_printer,cuda,dense_tokens,openmarcie_printer__only_magnetometer__qwen3_4b,qwen3_4b,only_magnetometer,34114,136456,864704,1100,27576,6538,0.4490230003284523,3.812726001337869,3.812726001337869,4029142850,8071635208,524957865280,4029108736,81.30560200061154,82.61494799990032
openmarcie_printer,cuda,raw,openmarcie_printer__only_magnetometer__qwen3_4b,qwen3_4b,only_magnetometer,31738,126952,2259392,884,31738,0,0.7985840002220357,3.5963240004231807,3.5963240004231807,4029140474,8071625704,701927696704,4029108736,81.2692520003111,82.49105900085851
openmarcie_printer,cuda,early_fusion,openmarcie_printer__only_magnetometer__qwen3_4b,qwen3_4b,only_magnetometer,27898,111592,2015680,884,27898,0,0.8281640002678614,3.61952399972796,3.61952399972796,4029136634,8071610344,701927452992,4029108736,81.2692520003111,82.55883800029551
openmarcie_printer,cuda,late_fusion,openmarcie_printer__only_magnetometer__qwen3_4b,qwen3_4b,only_magnetometer,4558,18232,262272,96,0,4558,0.07642100081284298,2.5429220009438693,2.5429220009438693,4022472654,8044954424,591015192704,4022468096,82.07034599945473,82.88330999948812
openmarcie_printer,cuda,local_only,openmarcie_printer__only_magnetometer__qwen3_4b,qwen3_4b,only_magnetometer,4558,18232,262272,52,0,4558,0.0923609995879815,2.528901999783085,2.528901999783085,4022472654,8044954424,591015192704,4022468096,82.07034599945473,82.90442999987135
openmarcie_printer,cuda,bottleneck,openmarcie_printer__only_magnetometer__qwen3_4b,qwen3_4b,only_magnetometer,32030,128120,2275776,684,27736,4294,0.47611299942218466,3.428534000041534,3.428534000041534,4029140766,8071626872,701927713088,4029108736,81.2692520003111,82.60728900040704
openmarcie_printer,cuda,tokenlearner,openmarcie_printer__only_magnetometer__qwen3_4b,qwen3_4b,only_magnetometer,33058,132232,848320,1100,27576,5482,0.4409520006447565,3.7802950000649433,3.7802950000649433,4029141794,8071630984,524957848896,4029108736,81.30560200061154,82.59728800112498
openmarcie_printer,cuda,posthoc_vq,openmarcie_printer__only_magnetometer__qwen3_4b,qwen3_4b,only_magnetometer,33786,135144,2324928,192,28600,5186,0.5735830000048736,3.3155759989116573,3.3155759989116573,4029142522,8071633896,701927762240,4029108736,81.2692520003111,82.83766000022297
openmarcie_printer,cuda,joint_vq,openmarcie_printer__only_magnetometer__qwen3_4b,qwen3_4b,only_magnetometer,36162,144648,881088,81,28600,7562,0.5450129992823349,3.274755999001977,3.274755999001977,4029144898,8071643400,524957881664,4029108736,81.30560200061154,82.91993900093075
openmarcie_printer,cuda,deepconvlstm,openmarcie_printer__only_magnetometer__qwen3_4b,qwen3_4b,only_magnetometer,33806,135224,2097280,884,33806,0,0.4675919999499456,3.266882000130124,3.266882000130124,4029142542,8071633976,701927534592,4029108736,81.2692520003111,82.18641700023
openmarcie_printer,cuda,unrestricted_bank,openmarcie_printer__only_magnetometer__qwen3_4b,qwen3_4b,only_magnetometer,36194,144776,881088,81,28600,7594,0.46054199992795475,3.0253739996914053,3.0253739996914053,4029144930,8071643528,524957881664,4029108736,81.30560200061154,82.68696000050113
openmarcie_printer,cuda,separate_banks,openmarcie_printer__only_magnetometer__qwen3_4b,qwen3_4b,only_magnetometer,36194,144776,881088,81,28600,7594,0.5750820000685053,3.148014000573207,3.148014000573207,4029144930,8071643528,524957881664,4029108736,81.30560200061154,82.77937000002566
openmarcie_printer,cuda,fixed_resampling,openmarcie_printer__only_magnetometer__qwen3_4b,qwen3_4b,only_magnetometer,36194,144776,877632,81,28600,7594,0.7330339994950918,3.2670959990645176,3.2670959990645176,4029144930,8071643528,524957878208,4029108736,81.30560200061154,82.71027900082117
openmarcie_printer,cuda,finetune_encoders,openmarcie_printer__only_magnetometer__qwen3_4b,qwen3_4b,only_magnetometer,36194,144776,881088,81,28600,7594,0.5454629999803728,3.1241259994493564,3.1241259994493564,4029144930,8071643528,524957881664,4029108736,81.30560200061154,82.75206000053004
openmarcie_printer,cuda,no_alignment,openmarcie_printer__only_magnetometer__qwen3_4b,qwen3_4b,only_magnetometer,36194,144776,881088,81,28600,7594,0.5480330000864342,3.1130559991942253,3.1130559991942253,4029144930,8071643528,524957881664,4029108736,81.30560200061154,82.75474900074187
openmarcie_printer,cuda,no_usage,openmarcie_printer__only_magnetometer__qwen3_4b,qwen3_4b,only_magnetometer,36194,144776,881088,81,28600,7594,0.5552130005526124,3.1241250017336686,3.1241250017336686,4029144930,8071643528,524957881664,4029108736,81.30560200061154,82.78093000080844
openmarcie_printer,cuda,tcn,openmarcie_printer__only_magnetometer__qwen3_4b,qwen3_4b,only_magnetometer,13786,55144,829632,884,13786,0,0.6030630001987447,3.3996730005266613,3.3996730005266613,4029122522,8071553896,701926266944,4029108736,81.2692520003111,82.31419700041442
openmarcie_printer,cuda,ts_transformer,openmarcie_printer__only_magnetometer__qwen3_4b,qwen3_4b,only_magnetometer,26650,106600,1878208,884,26650,0,0.6921140002305037,3.485504000050412,3.485504000050412,4029135386,8071605352,701927315520,4029108736,81.2692520003111,82.37758700033737
openmarcie_printer,cuda,patchtst,openmarcie_printer__only_magnetometer__qwen3_4b,qwen3_4b,only_magnetometer,26682,106728,2170816,884,26682,0,0.7507640002586413,3.5468949997404593,3.5468949997404593,4029135418,8071605480,517600232128,4029108736,81.52396300010878,82.71684999999707
openmarcie_printer,mixed,distrixsense,openmarcie_printer__only_magnetometer__qwen3_4b,qwen3_4b,only_magnetometer,36194,144776,881088,81,28600,7594,0.694753999596287,3.0852069994870224,3.0852069994870224,4029144930,8071643528,524957881664,4029108736,81.30560200061154,82.80154900057823
openmarcie_printer,mixed,dense,openmarcie_printer__only_magnetometer__qwen3_4b,qwen3_4b,only_magnetometer,31738,126952,2259392,4324,27576,4162,0.5718530001104227,6.255693999587256,6.255693999587256,4029140474,8071625704,701927696704,4029108736,81.2692520003111,82.5387969998701
openmarcie_printer,mixed,dense_tokens,openmarcie_printer__only_magnetometer__qwen3_4b,qwen3_4b,only_magnetometer,34114,136456,864704,1100,27576,6538,0.5448029996841797,3.711243999527942,3.711243999527942,4029142850,8071635208,524957865280,4029108736,81.30560200061154,82.6214489998165
openmarcie_printer,mixed,raw,openmarcie_printer__only_magnetometer__qwen3_4b,qwen3_4b,only_magnetometer,31738,126952,2259392,884,31738,0,0.8170639994204976,3.563503998261865,3.563503998261865,4029140474,8071625704,701927696704,4029108736,81.2692520003111,82.47040800142713
openmarcie_printer,mixed,early_fusion,openmarcie_printer__only_magnetometer__qwen3_4b,qwen3_4b,only_magnetometer,27898,111592,2015680,884,27898,0,0.8254340000348748,3.566273999890825,3.566273999890825,4029136634,8071610344,701927452992,4029108736,81.2692520003111,82.46401800079184
openmarcie_printer,mixed,late_fusion,openmarcie_printer__only_magnetometer__qwen3_4b,qwen3_4b,only_magnetometer,4558,18232,262272,96,0,4558,0.09640000007493654,2.424240999576065,2.424240999576065,4022472654,8044954424,591015192704,4022468096,82.07034599945473,82.80177899905539
openmarcie_printer,mixed,local_only,openmarcie_printer__only_magnetometer__qwen3_4b,qwen3_4b,only_magnetometer,4558,18232,262272,52,0,4558,0.12000100014120108,2.411751999959489,2.411751999959489,4022472654,8044954424,591015192704,4022468096,82.07034599945473,82.90076099910948
openmarcie_printer,mixed,bottleneck,openmarcie_printer__only_magnetometer__qwen3_4b,qwen3_4b,only_magnetometer,32030,128120,2275776,684,27736,4294,0.4992020003555808,3.286682999961183,3.286682999961183,4029140766,8071626872,701927713088,4029108736,81.2692520003111,82.49101800083736
openmarcie_printer,mixed,tokenlearner,openmarcie_printer__only_magnetometer__qwen3_4b,qwen3_4b,only_magnetometer,33058,132232,848320,1100,27576,5482,0.45828299971617525,3.599223999112728,3.599223999112728,4029141794,8071630984,524957848896,4029108736,81.30560200061154,82.51802800077712
openmarcie_printer,mixed,posthoc_vq,openmarcie_printer__only_magnetometer__qwen3_4b,qwen3_4b,only_magnetometer,33786,135144,2324928,192,28600,5186,0.6092330004321411,3.1063650008749333,3.1063650008749333,4029142522,8071633896,701927762240,4029108736,81.2692520003111,82.70351999999548
openmarcie_printer,mixed,joint_vq,openmarcie_printer__only_magnetometer__qwen3_4b,qwen3_4b,only_magnetometer,36162,144648,881088,81,28600,7562,0.5583629999819095,3.0125039993726066,3.0125039993726066,4029144898,8071643400,524957881664,4029108736,81.30560200061154,82.76707900131441
openmarcie_printer,mixed,deepconvlstm,openmarcie_printer__only_magnetometer__qwen3_4b,qwen3_4b,only_magnetometer,33806,135224,2097280,884,33806,0,0.47154200001386926,3.2121719993621696,3.2121719993621696,4029142542,8071633976,701927534592,4029108736,81.2692520003111,82.11629600009474
openmarcie_printer,mixed,unrestricted_bank,openmarcie_printer__only_magnetometer__qwen3_4b,qwen3_4b,only_magnetometer,36194,144776,881088,81,28600,7594,0.5603420004263171,2.9361830002307077,2.9361830002307077,4029144930,8071643528,524957881664,4029108736,81.30560200061154,82.66903799994907
openmarcie_printer,mixed,separate_banks,openmarcie_printer__only_magnetometer__qwen3_4b,qwen3_4b,only_magnetometer,36194,144776,881088,81,28600,7594,0.5809129997942364,2.947104999322514,2.947104999322514,4029144930,8071643528,524957881664,4029108736,81.30560200061154,82.70714900027087
openmarcie_printer,mixed,fixed_resampling,openmarcie_printer__only_magnetometer__qwen3_4b,qwen3_4b,only_magnetometer,36194,144776,877632,81,28600,7594,0.5676129994753865,2.847183999649028,2.847183999649028,4029144930,8071643528,524957878208,4029108736,81.30560200061154,82.55084800020995
openmarcie_printer,mixed,finetune_encoders,openmarcie_printer__only_magnetometer__qwen3_4b,qwen3_4b,only_magnetometer,36194,144776,881088,81,28600,7594,0.5548020008063759,2.9065530016231467,2.9065530016231467,4029144930,8071643528,524957881664,4029108736,81.30560200061154,82.94536999983393
openmarcie_printer,mixed,no_alignment,openmarcie_printer__only_magnetometer__qwen3_4b,qwen3_4b,only_magnetometer,36194,144776,881088,81,28600,7594,0.5563619997701608,2.872072999736597,2.872072999736597,4029144930,8071643528,524957881664,4029108736,81.30560200061154,82.59476900002483
openmarcie_printer,mixed,no_usage,openmarcie_printer__only_magnetometer__qwen3_4b,qwen3_4b,only_magnetometer,36194,144776,881088,81,28600,7594,0.5505930002982495,2.867804000772489,2.867804000772489,4029144930,8071643528,524957881664,4029108736,81.30560200061154,82.59113900112425
openmarcie_printer,mixed,tcn,openmarcie_printer__only_magnetometer__qwen3_4b,qwen3_4b,only_magnetometer,13786,55144,829632,884,13786,0,0.6038629999238765,3.3442430000970376,3.3442430000970376,4029122522,8071553896,701926266944,4029108736,81.2692520003111,82.24383700144244
openmarcie_printer,mixed,ts_transformer,openmarcie_printer__only_magnetometer__qwen3_4b,qwen3_4b,only_magnetometer,26650,106600,1878208,884,26650,0,0.6886940000185859,3.429095000424411,3.429095000424411,4029135386,8071605352,701927315520,4029108736,81.2692520003111,82.33885700065002
openmarcie_printer,mixed,patchtst,openmarcie_printer__only_magnetometer__qwen3_4b,qwen3_4b,only_magnetometer,26682,106728,2170816,884,26682,0,0.7579240000268328,3.4986540001365825,3.4986540001365825,4029135418,8071605480,517600232128,4029108736,81.52396300010878,82.6657890002025
openmarcie_printer,cuda,distrixsense,openmarcie_printer__only_rgb__qwen3_4b,qwen3_4b,only_rgb,484712,1938848,31311232,504,34040,450672,1.1838159998660558,4.106041999819851,16.955232999527002,4029593448,8073437600,894306615808,4029108736,82.28194699950109,87.69103400027234
openmarcie_printer,cuda,dense,openmarcie_printer__only_rgb__qwen3_4b,qwen3_4b,only_rgb,457976,1831904,46953856,25944,27896,430080,0.7805539999026223,6.732787001378473,35.786555999155496,4029566712,8073330656,1974818503168,4029108736,86.14497600046889,89.71776500129636
openmarcie_printer,cuda,dense_tokens,openmarcie_printer__only_rgb__qwen3_4b,qwen3_4b,only_rgb,472232,1888928,31212928,6600,27896,444336,0.776734000282886,4.260866999170394,20.99318899851758,4029580968,8073387680,894306517504,4029108736,82.28194699950109,86.48043900029734
openmarcie_printer,cuda,raw,openmarcie_printer__only_rgb__qwen3_4b,qwen3_4b,only_rgb,457976,1831904,46953856,113448,457976,0,2.3728119995212182,19.72524299885016,105.6748639990995,4029566712,8073330656,1974818503168,4029108736,86.14497600046889,89.41108299950429
openmarcie_printer,cuda,early_fusion,openmarcie_printer__only_rgb__qwen3_4b,qwen3_4b,only_rgb,291928,1167712,18746752,113448,291928,0,1.8826490004357765,19.218569000206923,105.16817100111194,4029400664,8072666464,775748862464,4029108736,82.13391600020259,84.8846400003822
openmarcie_printer,cuda,late_fusion,openmarcie_printer__only_rgb__qwen3_4b,qwen3_4b,only_rgb,432456,1729824,27357696,576,0,432456,0.16093000067485264,2.75812200067339,15.073089999888161,4022900552,8046666016,664670019328,4022468096,82.34532699952979,85.2707920003013
openmarcie_printer,cuda,local_only,openmarcie_printer__only_rgb__qwen3_4b,qwen3_4b,only_rgb,432456,1729824,27357696,312,0,432456,0.24115099949995056,2.8002740002807345,14.94866500216166,4022900552,8046666016,664670019328,4022468096,82.34532699952979,85.40183399873058
openmarcie_printer,cuda,bottleneck,openmarcie_printer__only_rgb__qwen3_4b,qwen3_4b,only_rgb,459728,1838912,47052160,4104,28856,430872,0.8286539996333886,4.191139000132377,18.873679000195047,4029568464,8073337664,1974818601472,4029108736,86.14497600046889,89.9661350003953
openmarcie_printer,cuda,tokenlearner,openmarcie_printer__only_rgb__qwen3_4b,qwen3_4b,only_rgb,465896,1863584,31114624,6600,27896,438000,0.7444329994541476,4.2133759998204185,20.928968001471077,4029574632,8073362336,894306419200,4029108736,82.28194699950109,86.47234799900616
openmarcie_printer,cuda,posthoc_vq,openmarcie_printer__only_rgb__qwen3_4b,qwen3_4b,only_rgb,500984,2003936,47347072,1224,34040,466944,1.1834360002467292,4.0877589992351595,17.77240600061328,4029609720,8073502688,1974818896384,4029108736,86.14497600046889,91.5984439998283
openmarcie_printer,cuda,joint_vq,openmarcie_printer__only_rgb__qwen3_4b,qwen3_4b,only_rgb,515240,2060960,31311232,504,34040,481200,1.1329560002195649,3.99967000061092,17.57409799996029,4029623976,8073559712,894306615808,4029108736,82.28194699950109,88.14569700007269
openmarcie_printer,cuda,deepconvlstm,openmarcie_printer__only_rgb__qwen3_4b,qwen3_4b,only_rgb,444044,1776176,28205824,113448,444044,0,1.5621070006091031,18.918658000932634,104.8634390023447,4029552780,8073274928,775758321536,4029108736,82.13391600020259,84.53968799949507
openmarcie_printer,cuda,unrestricted_bank,openmarcie_printer__only_rgb__qwen3_4b,qwen3_4b,only_rgb,516392,2065568,31802752,504,34040,482352,0.7942040001580608,3.5035669988597395,16.28851999942643,4029625128,8073564320,894307107328,4029108736,82.28194699950109,86.86190999924293
openmarcie_printer,cuda,separate_banks,openmarcie_printer__only_rgb__qwen3_4b,qwen3_4b,only_rgb,484712,1938848,31311232,504,34040,450672,1.1910860002899426,3.903159999880288,16.698662000300178,4029593448,8073437600,894306615808,4029108736,82.28194699950109,87.25143199899321
openmarcie_printer,cuda,fixed_resampling,openmarcie_printer__only_rgb__qwen3_4b,qwen3_4b,only_rgb,484712,1938848,16934272,504,34040,450672,1.1433259996920242,3.816808999489283,16.416119997876454,4029593448,8073437600,894292238848,4029108736,82.28194699950109,87.03253099974972
openmarcie_printer,cuda,finetune_encoders,openmarcie_printer__only_rgb__qwen3_4b,qwen3_4b,only_rgb,484712,1938848,31311232,504,34040,450672,1.1560160000954056,3.901979999626335,16.70439299926446,4029593448,8073437600,894306615808,4029108736,82.28194699950109,87.21784099998331
openmarcie_printer,cuda,no_alignment,openmarcie_printer__only_rgb__qwen3_4b,qwen3_4b,only_rgb,484712,1938848,31311232,504,34040,450672,1.1562959998627775,3.8652700004045504,16.666381001988416,4029593448,8073437600,894306615808,4029108736,82.28194699950109,87.18888199928188
openmarcie_printer,cuda,no_usage,openmarcie_printer__only_rgb__qwen3_4b,qwen3_4b,only_rgb,484712,1938848,31311232,504,34040,450672,1.159835999715142,3.8677399988396677,16.65265300073887,4029593448,8073437600,894306615808,4029108736,82.28194699950109,87.1998619986698
openmarcie_printer,cuda,tcn,openmarcie_printer__only_rgb__qwen3_4b,qwen3_4b,only_rgb,277656,1110624,17560704,113448,277656,0,1.6351089998352109,18.981649000072945,104.92565000245787,4029386392,8072609376,775747676416,4029108736,82.13391600020259,84.69795900055033
openmarcie_printer,cuda,ts_transformer,openmarcie_printer__only_rgb__qwen3_4b,qwen3_4b,only_rgb,290520,1162080,18609280,113448,290520,0,1.73419900056615,19.07650000061302,105.02993000196267,4029399256,8072660832,775748724992,4029108736,82.13391600020259,84.79434000037145
openmarcie_printer,cuda,patchtst,openmarcie_printer__only_rgb__qwen3_4b,qwen3_4b,only_rgb,253720,1014880,429324672,113448,253720,0,1.818959000047471,19.15477999950134,105.108252999032,4029362456,8072513632,591537152384,4029108736,82.07034599945473,84.91503099958209
openmarcie_printer,mixed,distrixsense,openmarcie_printer__only_rgb__qwen3_4b,qwen3_4b,only_rgb,484712,1938848,31311232,504,34040,450672,1.1745949996111449,3.6436279996801635,15.203803000650883,4029593448,8073437600,894306615808,4029108736,82.28194699950109,86.06309599963424
openmarcie_printer,mixed,dense,openmarcie_printer__only_rgb__qwen3_4b,qwen3_4b,only_rgb,457976,1831904,46953856,25944,27896,430080,0.8105639999484993,6.5822459995204,34.78836999886738,4029566712,8073330656,1974818503168,4029108736,86.14497600046889,89.02067000144598
openmarcie_printer,mixed,dense_tokens,openmarcie_printer__only_rgb__qwen3_4b,qwen3_4b,only_rgb,472232,1888928,31212928,6600,27896,444336,0.7631839998794021,4.018845000241417,19.594440001100594,4029580968,8073387680,894306517504,4029108736,82.28194699950109,85.38481299910927
openmarcie_printer,mixed,raw,openmarcie_printer__only_rgb__qwen3_4b,qwen3_4b,only_rgb,457976,1831904,46953856,113448,457976,0,2.385151999988011,19.671922999753303,105.35471299923057,4029566712,8073330656,1974818503168,4029108736,86.14497600046889,89.22145200085652
openmarcie_printer,mixed,early_fusion,openmarcie_printer__only_rgb__qwen3_4b,qwen3_4b,only_rgb,291928,1167712,18746752,113448,291928,0,1.8779000001813984,19.165711000771704,104.84940099982606,4029400664,8072666464,775748862464,4029108736,82.13391600020259,84.63629900052183
openmarcie_printer,mixed,late_fusion,openmarcie_printer__only_rgb__qwen3_4b,qwen3_4b,only_rgb,432456,1729824,27357696,576,0,432456,0.16265999965980882,2.6278620003406075,14.242969001671717,4022900552,8046666016,664670019328,4022468096,82.34532699952979,84.80485999916709
openmarcie_printer,mixed,local_only,openmarcie_printer__only_rgb__qwen3_4b,qwen3_4b,only_rgb,432456,1729824,27357696,312,0,432456,0.23838100059947465,2.743723000337451,14.224318999008473,4022900552,8046666016,664670019328,4022468096,82.34532699952979,84.62846800011903
openmarcie_printer,mixed,bottleneck,openmarcie_printer__only_rgb__qwen3_4b,qwen3_4b,only_rgb,459728,1838912,47052160,4104,28856,430872,0.8432639997408842,3.7497349997202285,17.507200000751403,4029568464,8073337664,1974818601472,4029108736,86.14497600046889,89.22074200108909
openmarcie_printer,mixed,tokenlearner,openmarcie_printer__only_rgb__qwen3_4b,qwen3_4b,only_rgb,465896,1863584,31114624,6600,27896,438000,0.7623339997735457,3.9940860005980356,19.533894000205038,4029574632,8073362336,894306419200,4029108736,82.28194699950109,85.40785300010612
openmarcie_printer,mixed,posthoc_vq,openmarcie_printer__only_rgb__qwen3_4b,qwen3_4b,only_rgb,500984,2003936,47347072,1224,34040,466944,1.193705999867234,3.7963790002368505,16.049467000111925,4029609720,8073502688,1974818896384,4029108736,86.14497600046889,90.28772800047591
openmarcie_printer,mixed,joint_vq,openmarcie_printer__only_rgb__qwen3_4b,qwen3_4b,only_rgb,515240,2060960,31311232,504,34040,481200,1.1619960005191388,3.710967000132357,15.659374999478391,4029623976,8073559712,894306615808,4029108736,82.28194699950109,86.53364699966914
openmarcie_printer,mixed,deepconvlstm,openmarcie_printer__only_rgb__qwen3_4b,qwen3_4b,only_rgb,444044,1776176,28205824,113448,444044,0,1.7406090000804397,19.0231710002471,104.70788100215697,4029552780,8073274928,775758321536,4029108736,82.13391600020259,84.27138600109174
openmarcie_printer,mixed,unrestricted_bank,openmarcie_printer__only_rgb__qwen3_4b,qwen3_4b,only_rgb,516392,2065568,31802752,504,34040,482352,0.811613999758265,3.2826249989180245,14.87269999836943,4029625128,8073564320,894307107328,4029108736,82.28194699950109,85.77642499949434
openmarcie_printer,mixed,separate_banks,openmarcie_printer__only_rgb__qwen3_4b,qwen3_4b,only_rgb,484712,1938848,31311232,504,34040,450672,1.3052959993729019,3.7824769996755525,15.34320200028677,4029593448,8073437600,894306615808,4029108736,82.28194699950109,86.12764599911316
openmarcie_printer,mixed,fixed_resampling,openmarcie_printer__only_rgb__qwen3_4b,qwen3_4b,only_rgb,484712,1938848,16934272,504,34040,450672,1.1727959999916493,3.5502669997536462,14.704510999428098,4029593448,8073437600,894292238848,4029108736,82.28194699950109,85.52938399952836
openmarcie_printer,mixed,finetune_encoders,openmarcie_printer__only_rgb__qwen3_4b,qwen3_4b,only_rgb,484712,1938848,31311232,504,34040,450672,1.1632659998213057,3.625358000079857,15.21455600016569,4029593448,8073437600,894306615808,4029108736,82.28194699950109,86.08969699980662
openmarcie_printer,mixed,no_alignment,openmarcie_printer__only_rgb__qwen3_4b,qwen3_4b,only_rgb,484712,1938848,31311232,504,34040,450672,1.161544999376929,3.625157999466453,15.203022997985759,4029593448,8073437600,894306615808,4029108736,82.28194699950109,86.06924600007915
openmarcie_printer,mixed,no_usage,openmarcie_printer__only_rgb__qwen3_4b,qwen3_4b,only_rgb,484712,1938848,31311232,504,34040,450672,1.1719159992935602,3.6391769999122947,15.227113000611357,4029593448,8073437600,894306615808,4029108736,82.28194699950109,86.07059599944478
openmarcie_printer,mixed,tcn,openmarcie_printer__only_rgb__qwen3_4b,qwen3_4b,only_rgb,277656,1110624,17560704,113448,277656,0,1.648519000809756,18.937439000131132,104.62201899977782,4029386392,8072609376,775747676416,4029108736,82.13391600020259,84.42195700081356
openmarcie_printer,mixed,ts_transformer,openmarcie_printer__only_rgb__qwen3_4b,qwen3_4b,only_rgb,290520,1162080,18609280,113448,290520,0,1.7421689999537193,19.03670000041792,104.71975000169306,4029399256,8072660832,775748724992,4029108736,82.13391600020259,84.49807899978623
openmarcie_printer,mixed,patchtst,openmarcie_printer__only_rgb__qwen3_4b,qwen3_4b,only_rgb,253720,1014880,429324672,113448,253720,0,1.813609000237193,19.108618999728503,104.813440000414,4029362456,8072513632,591537152384,4029108736,82.07034599945473,84.5174779988156
openmarcie_printer,cuda,distrixsense,openmarcie_printer__only_temperature__qwen3_4b,qwen3_4b,only_temperature,35844,143376,858944,81,28600,7244,0.5447220000860398,3.1134749997653532,3.1134749997653532,4029144580,8071642128,524957859520,4029108736,81.30560200061154,82.74587900086772
openmarcie_printer,cuda,dense,openmarcie_printer__only_temperature__qwen3_4b,qwen3_4b,only_temperature,31388,125552,2237248,4324,27576,3812,0.48504200003662845,6.326752999807231,6.326752999807231,4029140124,8071624304,701927674560,4029108736,81.2692520003111,82.51161800035334
openmarcie_printer,cuda,dense_tokens,openmarcie_printer__only_temperature__qwen3_4b,qwen3_4b,only_temperature,33764,135056,842560,1100,27576,6188,0.4459020001377212,3.797484000638069,3.797484000638069,4029142500,8071633808,524957843136,4029108736,81.30560200061154,82.64302000043244
openmarcie_printer,cuda,raw,openmarcie_printer__only_temperature__qwen3_4b,qwen3_4b,only_temperature,31388,125552,2237248,644,31388,0,0.7900139999037492,3.3918849996391103,3.3918849996391103,4029140124,8071624304,701927674560,4029108736,81.2692520003111,82.49843800058443
openmarcie_printer,cuda,early_fusion,openmarcie_printer__only_temperature__qwen3_4b,qwen3_4b,only_temperature,27804,111216,2009920,644,27804,0,0.8215139996536891,3.4244939999391093,3.4244939999391093,4029136540,8071609968,701927447232,4029108736,81.2692520003111,82.50896800018381
openmarcie_printer,cuda,late_fusion,openmarcie_printer__only_temperature__qwen3_4b,qwen3_4b,only_temperature,4208,16832,240128,96,0,4208,0.07639000068593305,2.5431830004574265,2.5431830004574265,4022472304,8044953024,591015170560,4022468096,82.07034599945473,82.85331099887117
openmarcie_printer,cuda,local_only,openmarcie_printer__only_temperature__qwen3_4b,qwen3_4b,only_temperature,4208,16832,240128,52,0,4208,0.09280999984184746,2.5497120007162097,2.5497120007162097,4022472304,8044953024,591015170560,4022468096,82.07034599945473,82.88821899895993
openmarcie_printer,cuda,bottleneck,openmarcie_printer__only_temperature__qwen3_4b,qwen3_4b,only_temperature,31680,126720,2253632,684,27736,3944,0.483953000184556,3.4437050001279452,3.4437050001279452,4029140416,8071625472,701927690944,4029108736,81.2692520003111,82.55001900033676
openmarcie_printer,cuda,tokenlearner,openmarcie_printer__only_temperature__qwen3_4b,qwen3_4b,only_temperature,32708,130832,826176,1100,27576,5132,0.4493019996516523,3.7953539986073155,3.7953539986073155,4029141444,8071629584,524957826752,4029108736,81.30560200061154,82.64455800144788
openmarcie_printer,cuda,posthoc_vq,openmarcie_printer__only_temperature__qwen3_4b,qwen3_4b,only_temperature,33436,133744,2302784,192,28600,4836,0.580982999963453,3.3173859997790656,3.3173859997790656,4029142172,8071632496,701927740096,4029108736,81.2692520003111,82.84346900018136
openmarcie_printer,cuda,joint_vq,openmarcie_printer__only_temperature__qwen3_4b,qwen3_4b,only_temperature,35812,143248,858944,81,28600,7212,0.5479430001287255,3.2838259994895314,3.2838259994895314,4029144548,8071642000,524957859520,4029108736,81.30560200061154,82.90723000027356
openmarcie_printer,cuda,deepconvlstm,openmarcie_printer__only_temperature__qwen3_4b,qwen3_4b,only_temperature,33456,133824,2075136,644,33456,0,0.4965130001437501,3.0975030005558395,3.0975030005558395,4029142192,8071632576,701927512448,4029108736,81.2692520003111,82.14392700028839
openmarcie_printer,cuda,unrestricted_bank,openmarcie_printer__only_temperature__qwen3_4b,qwen3_4b,only_temperature,35844,143376,858944,81,28600,7244,0.4549019995465642,3.0220839981046854,3.0220839981046854,4029144580,8071642128,524957859520,4029108736,81.30560200061154,82.68210900041595
openmarcie_printer,cuda,separate_banks,openmarcie_printer__only_temperature__qwen3_4b,qwen3_4b,only_temperature,35844,143376,858944,81,28600,7244,0.5641030002152547,3.1418650005724746,3.1418650005724746,4029144580,8071642128,524957859520,4029108736,81.30560200061154,82.76417000070069
openmarcie_printer,cuda,fixed_resampling,openmarcie_printer__only_temperature__qwen3_4b,qwen3_4b,only_temperature,35844,143376,857152,81,28600,7244,0.5511720000868081,3.0779740009455825,3.0779740009455825,4029144580,8071642128,524957857728,4029108736,81.30560200061154,82.70604000063031
openmarcie_printer,cuda,finetune_encoders,openmarcie_printer__only_temperature__qwen3_4b,qwen3_4b,only_temperature,35844,143376,858944,81,28600,7244,0.6996140000410378,3.2772360000598244,3.2772360000598244,4029144580,8071642128,524957859520,4029108736,81.30560200061154,82.74891000110074
openmarcie_printer,cuda,no_alignment,openmarcie_printer__only_temperature__qwen3_4b,qwen3_4b,only_temperature,35844,143376,858944,81,28600,7244,0.5456529997900361,3.115935999659891,3.115935999659891,4029144580,8071642128,524957859520,4029108736,81.30560200061154,82.76207900144072
openmarcie_printer,cuda,no_usage,openmarcie_printer__only_temperature__qwen3_4b,qwen3_4b,only_temperature,35844,143376,858944,81,28600,7244,0.5762329992649029,3.1566950001723715,3.1566950001723715,4029144580,8071642128,524957859520,4029108736,81.30560200061154,82.75127000069915
openmarcie_printer,cuda,tcn,openmarcie_printer__only_temperature__qwen3_4b,qwen3_4b,only_temperature,13692,54768,823872,644,13692,0,0.6021630006216583,3.2022240013086005,3.2022240013086005,4029122428,8071553520,701926261184,4029108736,81.2692520003111,82.29455799937568
openmarcie_printer,cuda,ts_transformer,openmarcie_printer__only_temperature__qwen3_4b,qwen3_4b,only_temperature,26556,106224,1872448,644,26556,0,0.6720540004607756,3.277205000979116,3.277205000979116,4029135292,8071604976,701927309760,4029108736,81.2692520003111,82.37989799999923
openmarcie_printer,cuda,patchtst,openmarcie_printer__only_temperature__qwen3_4b,qwen3_4b,only_temperature,26652,106608,1448768,644,26652,0,0.759833999836701,3.357735000629141,3.357735000629141,4029135388,8071605360,517599510080,4029108736,81.52396300010878,82.70552900103212
openmarcie_printer,mixed,distrixsense,openmarcie_printer__only_temperature__qwen3_4b,qwen3_4b,only_temperature,35844,143376,858944,81,28600,7244,0.5668330004482414,2.9398950009925873,2.9398950009925873,4029144580,8071642128,524957859520,4029108736,81.30560200061154,82.65917000062473
openmarcie_printer,mixed,dense,openmarcie_printer__only_temperature__qwen3_4b,qwen3_4b,only_temperature,31388,125552,2237248,4324,27576,3812,0.5691430005754228,6.256934000116179,6.256934000116179,4029140124,8071624304,701927674560,4029108736,81.2692520003111,82.55887900122616
openmarcie_printer,mixed,dense_tokens,openmarcie_printer__only_temperature__qwen3_4b,qwen3_4b,only_temperature,33764,135056,842560,1100,27576,6188,0.4446929997357074,3.562353999764018,3.562353999764018,4029142500,8071633808,524957843136,4029108736,81.30560200061154,82.44875700074772
openmarcie_printer,mixed,raw,openmarcie_printer__only_temperature__qwen3_4b,qwen3_4b,only_temperature,31388,125552,2237248,644,31388,0,0.7980239997777971,3.3467440009027953,3.3467440009027953,4029140124,8071624304,701927674560,4029108736,81.2692520003111,82.44693900087441
openmarcie_printer,mixed,early_fusion,openmarcie_printer__only_temperature__qwen3_4b,qwen3_4b,only_temperature,27804,111216,2009920,644,27804,0,0.8294039998872904,3.3776849988336792,3.3776849988336792,4029136540,8071609968,701927447232,4029108736,81.2692520003111,82.46519899967097
openmarcie_printer,mixed,late_fusion,openmarcie_printer__only_temperature__qwen3_4b,qwen3_4b,only_temperature,4208,16832,240128,96,0,4208,0.07821000053809257,2.49922200106557,2.49922200106557,4022472304,8044953024,591015170560,4022468096,82.07034599945473,82.776639000258
openmarcie_printer,mixed,local_only,openmarcie_printer__only_temperature__qwen3_4b,qwen3_4b,only_temperature,4208,16832,240128,52,0,4208,0.0929100006032968,2.3576310006933285,2.3576310006933285,4022472304,8044953024,591015170560,4022468096,82.07034599945473,82.80017899960512
openmarcie_printer,mixed,bottleneck,openmarcie_printer__only_temperature__qwen3_4b,qwen3_4b,only_temperature,31680,126720,2253632,684,27736,3944,0.5098630008433247,3.272794001778518,3.272794001778518,4029140416,8071625472,701927690944,4029108736,81.2692520003111,82.44229799947789
openmarcie_printer,mixed,tokenlearner,openmarcie_printer__only_temperature__qwen3_4b,qwen3_4b,only_temperature,32708,130832,826176,1100,27576,5132,0.5478130005940329,3.7141850007127504,3.7141850007127504,4029141444,8071629584,524957826752,4029108736,81.30560200061154,82.61233900066145
openmarcie_printer,mixed,posthoc_vq,openmarcie_printer__only_temperature__qwen3_4b,qwen3_4b,only_temperature,33436,133744,2302784,192,28600,4836,0.6910939991939813,3.19650699800913,3.19650699800913,4029142172,8071632496,701927740096,4029108736,81.2692520003111,82.8115300000718
openmarcie_printer,mixed,joint_vq,openmarcie_printer__only_temperature__qwen3_4b,qwen3_4b,only_temperature,35812,143248,858944,81,28600,7212,0.6624630004807841,3.130435000486509,3.130435000486509,4029144548,8071642000,524957859520,4029108736,81.30560200061154,82.67123800123954
openmarcie_printer,mixed,deepconvlstm,openmarcie_printer__only_temperature__qwen3_4b,qwen3_4b,only_temperature,33456,133824,2075136,644,33456,0,0.46522200045728823,3.0133619995305665,3.0133619995305665,4029142192,8071632576,701927512448,4029108736,81.2692520003111,82.11759600089863
openmarcie_printer,mixed,unrestricted_bank,openmarcie_printer__only_temperature__qwen3_4b,qwen3_4b,only_temperature,35844,143376,858944,81,28600,7244,0.4697719996329397,2.790493000276806,2.790493000276806,4029144580,8071642128,524957859520,4029108736,81.30560200061154,82.51880800071376
openmarcie_printer,mixed,separate_banks,openmarcie_printer__only_temperature__qwen3_4b,qwen3_4b,only_temperature,35844,143376,858944,81,28600,7244,0.582222999582882,2.9094049996564397,2.9094049996564397,4029144580,8071642128,524957859520,4029108736,81.30560200061154,82.61807800045062
openmarcie_printer,mixed,fixed_resampling,openmarcie_printer__only_temperature__qwen3_4b,qwen3_4b,only_temperature,35844,143376,857152,81,28600,7244,0.5537529996217927,2.8072739997077267,2.8072739997077267,4029144580,8071642128,524957857728,4029108736,81.30560200061154,82.57791899995937
openmarcie_printer,mixed,finetune_encoders,openmarcie_printer__only_temperature__qwen3_4b,qwen3_4b,only_temperature,35844,143376,858944,81,28600,7244,0.5706530000679777,2.8948040008180076,2.8948040008180076,4029144580,8071642128,524957859520,4029108736,81.30560200061154,82.60482900095667
openmarcie_printer,mixed,no_alignment,openmarcie_printer__only_temperature__qwen3_4b,qwen3_4b,only_temperature,35844,143376,858944,81,28600,7244,0.5477630002133083,2.8724650001385132,2.8724650001385132,4029144580,8071642128,524957859520,4029108736,81.30560200061154,82.59327800078609
openmarcie_printer,mixed,no_usage,openmarcie_printer__only_temperature__qwen3_4b,qwen3_4b,only_temperature,35844,143376,858944,81,28600,7244,0.5460620004669181,2.8740930002021603,2.8740930002021603,4029144580,8071642128,524957859520,4029108736,81.30560200061154,82.61951000076806
openmarcie_printer,mixed,tcn,openmarcie_printer__only_temperature__qwen3_4b,qwen3_4b,only_temperature,13692,54768,823872,644,13692,0,0.6037829998604138,3.1525930009431207,3.1525930009431207,4029122428,8071553520,701926261184,4029108736,81.2692520003111,82.37095700042119
openmarcie_printer,mixed,ts_transformer,openmarcie_printer__only_temperature__qwen3_4b,qwen3_4b,only_temperature,26556,106224,1872448,644,26556,0,0.9154339995802729,3.464063998928573,3.464063998928573,4029135292,8071604976,701927309760,4029108736,81.2692520003111,82.33250800185488
openmarcie_printer,mixed,patchtst,openmarcie_printer__only_temperature__qwen3_4b,qwen3_4b,only_temperature,26652,106608,1448768,644,26652,0,0.7640140001967666,3.312034000539093,3.312034000539093,4029135388,8071605360,517599510080,4029108736,81.52396300010878,82.67359000001306
nymeria,cuda,distrixsense,nymeria__all__qwen3_4b,qwen3_4b,all,7934884,31739536,543573952,3567,71988,7862896,5.159756000466587,13.349254000583919,37.59676500097484,4037043620,8103238288,3562622366528,4029108736,90.72228000059113,115.33564400087926
nymeria,cuda,dense,nymeria__all__qwen3_4b,qwen3_4b,all,7752188,31008752,1003004864,177284,30004,7722184,2.9248749997350387,47.3480860004039,170.66199499934038,4036860924,8102507504,11840268499776,4029108736,119.98757800029125,138.29583000006096
nymeria,cuda,dense_tokens,nymeria__all__qwen3_4b,qwen3_4b,all,7849604,31398416,542902208,45100,30004,7819600,2.728964000198175,19.434601000669936,67.24529999925844,4036958340,8102897168,3562621694784,4029108736,90.72228000059113,111.77772700011701
nymeria,cuda,raw,nymeria__all__qwen3_4b,qwen3_4b,all,7752188,31008752,1003004864,10718368,7752188,0,12.83743499971024,3615.4877519991073,8605.017622999243,4036860924,8102507504,11840268499776,4029108736,119.98757800029125,139.28454500091902
nymeria,cuda,early_fusion,nymeria__all__qwen3_4b,qwen3_4b,all,6923516,27694064,442477504,10718368,6923516,0,9.173096000267833,3611.806231000382,8601.348904002465,4036032252,8099192816,1296108356416,4029108736,84.50688799985073,99.70962499937741
nymeria,cuda,late_fusion,nymeria__all__qwen3_4b,qwen3_4b,all,7735714,30942856,493376640,3608,0,7735714,0.7306540001081885,7.98120699901277,30.065294997006863,4030203810,8075879048,1183833171072,4022468096,83.07607100050518,99.22644300058892
nymeria,cuda,local_only,nymeria__all__qwen3_4b,qwen3_4b,all,7735714,30942856,493376640,2132,0,7735714,1.616378000107943,8.756380999713926,30.181721999403404,4030203810,8075879048,1183833171072,4022468096,83.07607100050518,99.97903600014979
nymeria,cuda,bottleneck,nymeria__all__qwen3_4b,qwen3_4b,all,7764160,31056640,1003676608,28044,36564,7727596,3.1905160003589117,15.721378999352327,52.14664099893718,4036872896,8102555392,11840269171520,4029108736,119.98757800029125,139.1112940009407
nymeria,cuda,tokenlearner,nymeria__all__qwen3_4b,qwen3_4b,all,7806308,31225232,542230464,45100,30004,7776304,2.7344339996488998,19.37329899958393,67.02712499961316,4036915044,8102723984,3562621023040,4029108736,90.72228000059113,110.66459100038628
nymeria,cuda,posthoc_vq,nymeria__all__qwen3_4b,qwen3_4b,all,8046076,32184304,1005691840,8856,71988,7974088,5.393167999500292,15.42236899934198,44.730671999586235,4037154812,8103683056,11840271186752,4029108736,119.98757800029125,147.56134700019174
nymeria,cuda,joint_vq,nymeria__all__qwen3_4b,qwen3_4b,all,8143492,32573968,543573952,3567,71988,8071504,5.153166000127385,14.730499998929467,43.01345000052024,4037252228,8104072720,3562622366528,4029108736,90.72228000059113,120.45156000112911
nymeria,cuda,deepconvlstm,nymeria__all__qwen3_4b,qwen3_4b,all,7626322,30505288,487321728,10718368,7626322,0,8.785064999756287,3611.395490999466,8600.938522000492,4036735058,8102004040,1296153200640,4029108736,84.50688799985073,99.28866300015216
nymeria,cuda,unrestricted_bank,nymeria__all__qwen3_4b,qwen3_4b,all,9666724,38666896,570443712,3567,71988,9594736,2.92337500013673,11.148021000533213,35.56562400020411,4038775460,8110165648,3562649236288,4029108736,90.72228000059113,112.51254100079677
nymeria,cuda,separate_banks,nymeria__all__qwen3_4b,qwen3_4b,all,7934884,31739536,543573952,3567,71988,7862896,5.351636999876064,13.550484998429333,37.774787998690584,4037043620,8103238288,3562622366528,4029108736,90.72228000059113,115.51459500060446
nymeria,cuda,fixed_resampling,nymeria__all__qwen3_4b,qwen3_4b,all,7934884,31739536,114399680,3567,71988,7862896,5.135096000230988,12.819839998680713,36.14366699942693,4037043620,8103238288,3562193192256,4029108736,90.72228000059113,113.44328499944822
nymeria,cuda,finetune_encoders,nymeria__all__qwen3_4b,qwen3_4b,all,7934884,31739536,543573952,3567,71988,7862896,5.169926000235137,13.358134000352315,38.18215800068501,4037043620,8103238288,3562622366528,4029108736,90.72228000059113,115.38966500120296
nymeria,cuda,no_alignment,nymeria__all__qwen3_4b,qwen3_4b,all,7934884,31739536,543573952,3567,71988,7862896,5.159336999895459,13.364024999443522,37.62220600159125,4037043620,8103238288,3562622366528,4029108736,90.72228000059113,115.11629300002824
nymeria,cuda,no_usage,nymeria__all__qwen3_4b,qwen3_4b,all,7934884,31739536,543573952,3567,71988,7862896,5.175256000256923,13.336443000095919,37.54660300031318,4037043620,8103238288,3562622366528,4029108736,90.72228000059113,115.04024300029414
nymeria,cuda,tcn,nymeria__all__qwen3_4b,qwen3_4b,all,6908124,27632496,441291456,10718368,6908124,0,8.974045000286424,3611.597210000336,8601.135013000261,4036016860,8099131248,1296107170368,4029108736,84.50688799985073,99.47486300006858
nymeria,cuda,ts_transformer,nymeria__all__qwen3_4b,qwen3_4b,all,6920988,27683952,442340032,10718368,6920988,0,9.076606000235188,3611.679581000071,8601.211661999572,4036029724,8099182704,1296108218944,4029108736,84.50688799985073,99.56111399969814
nymeria,cuda,patchtst,nymeria__all__qwen3_4b,qwen3_4b,all,6744572,26978288,2403034176,10718368,6744572,0,9.582327999851259,3612.1859330003003,8601.706926001556,4035853308,8098477040,1111382241088,4029108736,83.49086300040653,99.08467100103735
nymeria,mixed,distrixsense,nymeria__all__qwen3_4b,qwen3_4b,all,7934884,31739536,543573952,3567,71988,7862896,7.262676000209467,13.874415001534821,32.781029002156714,4037043620,8103238288,3562622366528,4029108736,90.72228000059113,108.51608000029955
nymeria,mixed,dense,nymeria__all__qwen3_4b,qwen3_4b,all,7752188,31008752,1003004864,177284,30004,7722184,2.949225000520528,46.050089000693454,165.15963000094808,4036860924,8102507504,11840268499776,4029108736,119.98757800029125,133.23399500040978
nymeria,mixed,dense_tokens,nymeria__all__qwen3_4b,qwen3_4b,all,7849604,31398416,542902208,45100,30004,7819600,2.7429339997979696,17.793711999205406,60.581574000452825,4036958340,8102897168,3562621694784,4029108736,90.72228000059113,104.84650200032775
nymeria,mixed,raw,nymeria__all__qwen3_4b,qwen3_4b,all,7752188,31008752,1003004864,10718368,7752188,0,12.951274999977613,3614.7743960006933,8602.648311000907,4036860924,8102507504,11840268499776,4029108736,119.98757800029125,137.52287800070917
nymeria,mixed,early_fusion,nymeria__all__qwen3_4b,qwen3_4b,all,6923516,27694064,442477504,10718368,6923516,0,9.224587000062456,3611.0215189998867,8598.890861999338,4036032252,8099192816,1296108356416,4029108736,84.50688799985073,97.45557400037796
nymeria,mixed,late_fusion,nymeria__all__qwen3_4b,qwen3_4b,all,7735714,30942856,493376640,3608,0,7735714,0.7357630001934012,6.690719000381918,24.41732699910485,4030203810,8075879048,1183833171072,4022468096,83.07607100050518,93.77373500046815
nymeria,mixed,local_only,nymeria__all__qwen3_4b,qwen3_4b,all,7735714,30942856,493376640,2132,0,7735714,1.2741760001517832,6.824131999949075,23.764539999908035,4030203810,8075879048,1183833171072,4022468096,83.07607100050518,94.24345800107403
nymeria,mixed,bottleneck,nymeria__all__qwen3_4b,qwen3_4b,all,7764160,31056640,1003676608,28044,36564,7727596,3.3195669993801857,14.410151999492244,46.51350799830845,4036872896,8102555392,11840269171520,4029108736,119.98757800029125,133.73158800004603
nymeria,mixed,tokenlearner,nymeria__all__qwen3_4b,qwen3_4b,all,7806308,31225232,542230464,45100,30004,7776304,2.755074000560853,17.832352000754035,60.56147600017547,4036915044,8102723984,3562621023040,4029108736,90.72228000059113,104.60703000080684
nymeria,mixed,posthoc_vq,nymeria__all__qwen3_4b,qwen3_4b,all,8046076,32184304,1005691840,8856,71988,7974088,5.470297000101709,14.235152000427316,36.88311999920134,4037154812,8103683056,11840271186752,4029108736,119.98757800029125,139.70392899955186
nymeria,mixed,joint_vq,nymeria__all__qwen3_4b,qwen3_4b,all,8143492,32573968,543573952,3567,71988,8071504,5.111065999699349,13.150631000623711,33.5042410009315,4037252228,8104072720,3562622366528,4029108736,90.72228000059113,110.02604700024676
nymeria,mixed,deepconvlstm,nymeria__all__qwen3_4b,qwen3_4b,all,7626322,30505288,487321728,10718368,7626322,0,8.736073999898508,3610.6763260010935,8598.77315000091,4036735058,8102004040,1296153200640,4029108736,84.50688799985073,99.01355199963291
nymeria,mixed,unrestricted_bank,nymeria__all__qwen3_4b,qwen3_4b,all,9666724,38666896,570443712,3567,71988,9594736,2.9612549997182214,9.428264000032236,28.48601899798595,4038775460,8110165648,3562649236288,4029108736,90.72228000059113,106.2644880003063
nymeria,mixed,separate_banks,nymeria__all__qwen3_4b,qwen3_4b,all,7934884,31739536,543573952,3567,71988,7862896,5.385097000726091,12.038517000998858,30.91616200284406,4037043620,8103238288,3562622366528,4029108736,90.72228000059113,108.73795099996642
nymeria,mixed,fixed_resampling,nymeria__all__qwen3_4b,qwen3_4b,all,7934884,31739536,114399680,3567,71988,7862896,5.225726000389841,10.769129999768943,27.53550300106653,4037043620,8103238288,3562193192256,4029108736,90.72228000059113,105.24139300105162
nymeria,mixed,finetune_encoders,nymeria__all__qwen3_4b,qwen3_4b,all,7934884,31739536,543573952,3567,71988,7862896,5.232835999777308,11.906416999206435,31.05397199882063,4037043620,8103238288,3562622366528,4029108736,90.72228000059113,108.20509900077013
nymeria,mixed,no_alignment,nymeria__all__qwen3_4b,qwen3_4b,all,7934884,31739536,543573952,3567,71988,7862896,5.1869559993065195,11.802104999130556,30.631079998178024,4037043620,8103238288,3562622366528,4029108736,90.72228000059113,108.0858180012001
nymeria,mixed,no_usage,nymeria__all__qwen3_4b,qwen3_4b,all,7934884,31739536,543573952,3567,71988,7862896,5.143995999787876,11.535014000198593,30.35681100057772,4037043620,8103238288,3562622366528,4029108736,90.72228000059113,108.41758900005516
nymeria,mixed,tcn,nymeria__all__qwen3_4b,qwen3_4b,all,6908124,27632496,441291456,10718368,6908124,0,8.87851499919634,3610.723216998603,8598.603848999177,4036016860,8099131248,1296107170368,4029108736,84.50688799985073,97.20561300036934
nymeria,mixed,ts_transformer,nymeria__all__qwen3_4b,qwen3_4b,all,6920988,27683952,442340032,10718368,6920988,0,8.975636000286613,3610.830847000879,8598.705732002658,4036029724,8099182704,1296108218944,4029108736,84.50688799985073,97.32255299968529
nymeria,mixed,patchtst,nymeria__all__qwen3_4b,qwen3_4b,all,6744572,26978288,2403034176,10718368,6744572,0,9.660409000389336,3611.535061001386,8599.424746001263,4035853308,8098477040,1111382241088,4029108736,83.49086300040653,97.34903400021722
nymeria,cuda,distrixsense,nymeria__only_audio__qwen3_4b,qwen3_4b,only_audio,7109164,28436656,453406464,164,29556,7079608,0.6952839994482929,3.334035999008943,5.913938999281719,4036217900,8099935408,599038138240,4029108736,81.26205099961226,83.52425299926836
nymeria,cuda,dense,nymeria__only_audio__qwen3_4b,qwen3_4b,only_audio,7100252,28401008,456648448,8648,27508,7072744,0.5379820004236535,6.535055000635784,12.471198001284828,4036208988,8099899760,954223961984,4029108736,81.04271999945922,83.04144100020494
nymeria,cuda,dense_tokens,nymeria__only_audio__qwen3_4b,qwen3_4b,only_audio,7105004,28420016,453373696,2200,27508,7077496,0.5301319997670362,3.9588560002765734,7.340609000484401,4036213740,8099918768,599038105472,4029108736,81.26205099961226,83.53020300000935
nymeria,cuda,raw,nymeria__only_audio__qwen3_4b,qwen3_4b,only_audio,7100252,28401008,456648448,8232152,7100252,0,1.3205459999880986,3297.5048430001457,6592.879904999488,4036208988,8099899760,954223961984,4029108736,81.04271999945922,84.51513599902682
nymeria,cuda,early_fusion,nymeria__only_audio__qwen3_4b,qwen3_4b,only_audio,6633532,26534128,424316672,8232152,6633532,0,1.187887000014598,3297.3444130005496,6592.728265000612,4035742268,8098032880,717101252480,4029108736,81.99424499980523,85.31990099982067
nymeria,cuda,late_fusion,nymeria__only_audio__qwen3_4b,qwen3_4b,only_audio,7073404,28293616,452188160,176,0,7073404,0.09229100032825954,2.6893929999891317,5.234675000151456,4029541500,8073229808,606183227648,4022468096,81.28961200054619,82.73508000092988
nymeria,cuda,local_only,nymeria__only_audio__qwen3_4b,qwen3_4b,only_audio,7073404,28293616,452188160,104,0,7073404,0.1265500004592468,2.691723000923486,5.214085000748094,4029541500,8073229808,606183227648,4022468096,81.28961200054619,82.7667889998338
nymeria,cuda,bottleneck,nymeria__only_audio__qwen3_4b,qwen3_4b,only_audio,7100836,28403344,456681216,1368,27828,7073008,0.5550329997277004,3.6323849992832287,6.662168000313663,4036209572,8099902096,954223994752,4029108736,81.04271999945922,83.06016099959379
nymeria,cuda,tokenlearner,nymeria__only_audio__qwen3_4b,qwen3_4b,only_audio,7102892,28411568,453340928,2200,27508,7075384,0.5251729999145027,3.9567749990918673,7.343187999131041,4036211628,8099910320,599038072704,4029108736,81.26205099961226,83.3066509994751
nymeria,cuda,posthoc_vq,nymeria__only_audio__qwen3_4b,qwen3_4b,only_audio,7106396,28425584,456779520,392,29556,7076840,0.7047429999147425,3.6260169997942984,6.4840999990106445,4036215132,8099924336,954224093056,4029108736,81.04271999945922,83.7170029990375
nymeria,cuda,joint_vq,nymeria__only_audio__qwen3_4b,qwen3_4b,only_audio,7111148,28444592,453406464,164,29556,7081592,0.6964840004002326,3.5095870001297094,6.250850000167894,4036219884,8099943344,599038138240,4029108736,81.26205099961226,83.84856299926469
nymeria,cuda,deepconvlstm,nymeria__only_audio__qwen3_4b,qwen3_4b,only_audio,7099186,28396744,453825920,8232152,7099186,0,0.841085000502062,3297.3111550012013,6592.7106080004405,4036207922,8099895496,717130761728,4029108736,81.99424499980523,84.99106999988726
nymeria,cuda,unrestricted_bank,nymeria__only_audio__qwen3_4b,qwen3_4b,only_audio,7111276,28445104,453439232,164,29556,7081720,0.5453229996419395,3.1881870002817827,5.775690000217047,4036220012,8099943856,599038171008,4029108736,81.26205099961226,83.37085099901742
nymeria,cuda,separate_banks,nymeria__only_audio__qwen3_4b,qwen3_4b,only_audio,7109164,28436656,453406464,164,29556,7079608,0.7109340003808029,3.376589000558038,5.9657320004300445,4036217900,8099935408,599038138240,4029108736,81.26205099961226,83.57795200026885
nymeria,cuda,fixed_resampling,nymeria__only_audio__qwen3_4b,qwen3_4b,only_audio,7109164,28436656,38456320,164,29556,7079608,0.6876940005895449,3.286287000568432,5.814760000856232,4036217900,8099935408,598623188096,4029108736,81.26205099961226,83.39973199963424
nymeria,cuda,finetune_encoders,nymeria__only_audio__qwen3_4b,qwen3_4b,only_audio,7109164,28436656,453406464,164,29556,7079608,0.7411540000248351,3.374448000007856,5.951390999751503,4036217900,8099935408,599038138240,4029108736,81.26205099961226,83.52405300047394
nymeria,cuda,no_alignment,nymeria__only_audio__qwen3_4b,qwen3_4b,only_audio,7109164,28436656,453406464,164,29556,7079608,0.6992039998294786,3.5224779997716773,6.1063419995373,4036217900,8099935408,599038138240,4029108736,81.26205099961226,83.51653199952125
nymeria,cuda,no_usage,nymeria__only_audio__qwen3_4b,qwen3_4b,only_audio,7109164,28436656,453406464,164,29556,7079608,0.6878330004838062,3.3257560010807588,5.912229000994749,4036217900,8099935408,599038138240,4029108736,81.26205099961226,83.50460199926601
nymeria,cuda,tcn,nymeria__only_audio__qwen3_4b,qwen3_4b,only_audio,6619388,26477552,423130624,8232152,6619388,0,0.9419839998372481,3297.091730001133,6592.470343001575,4035728124,8097976304,717100066432,4029108736,81.99424499980523,85.11345099941536
nymeria,cuda,ts_transformer,nymeria__only_audio__qwen3_4b,qwen3_4b,only_audio,6632252,26529008,424179200,8232152,6632252,0,1.0273549996782094,3297.2177819995827,6592.584674000743,4035740988,8098027760,717101115008,4029108736,81.99424499980523,85.21996099989337
nymeria,cuda,patchtst,nymeria__only_audio__qwen3_4b,qwen3_4b,only_audio,6517308,26069232,1710926208,8232152,6517308,0,1.4489380000668461,3297.5876739995633,6592.97257699897,4035626044,8097567984,534001503616,4029108736,81.93365500028449,85.52720300122019
nymeria,mixed,distrixsense,nymeria__only_audio__qwen3_4b,qwen3_4b,only_audio,7109164,28436656,453406464,164,29556,7079608,0.7146839998313226,3.573338000327663,6.355920999947749,4036217900,8099935408,599038138240,4029108736,81.26205099961226,84.02330499939126
nymeria,mixed,dense,nymeria__only_audio__qwen3_4b,qwen3_4b,only_audio,7100252,28401008,456648448,8648,27508,7072744,0.5441829998744652,6.664856000820454,12.735909001739381,4036208988,8099899760,954223961984,4029108736,81.04271999945922,83.4554630000639
nymeria,mixed,dense_tokens,nymeria__only_audio__qwen3_4b,qwen3_4b,only_audio,7105004,28420016,453373696,2200,27508,7077496,0.5246529999567429,4.240886999464128,7.775969999774825,4036213740,8099918768,599038105472,4029108736,81.26205099961226,83.77174300039769
nymeria,mixed,raw,nymeria__only_audio__qwen3_4b,qwen3_4b,only_audio,7100252,28401008,456648448,8232152,7100252,0,1.287046000470582,3297.1375310001654,6592.2037719998725,4036208988,8099899760,954223961984,4029108736,81.04271999945922,83.87699399827397
nymeria,mixed,early_fusion,nymeria__only_audio__qwen3_4b,qwen3_4b,only_audio,6633532,26534128,424316672,8232152,6633532,0,1.19632600035402,3297.052541000388,6592.122692000582,4035742268,8098032880,717101252480,4029108736,81.99424499980523,84.81359899906238
nymeria,mixed,late_fusion,nymeria__only_audio__qwen3_4b,qwen3_4b,only_audio,7073404,28293616,452188160,176,0,7073404,0.09441099973628297,2.8642249991639166,5.58231799941028,4029541500,8073229808,606183227648,4022468096,81.28961200054619,83.19704099994851
nymeria,mixed,local_only,nymeria__only_audio__qwen3_4b,qwen3_4b,only_audio,7073404,28293616,452188160,104,0,7073404,0.12289000005694106,2.8576549996318876,5.543618000533536,4029541500,8073229808,606183227648,4022468096,81.28961200054619,83.25734200025181
nymeria,mixed,bottleneck,nymeria__only_audio__qwen3_4b,qwen3_4b,only_audio,7100836,28403344,456681216,1368,27828,7073008,0.5692929998986074,3.81010699972742,7.000129999634787,4036209572,8099902096,954223994752,4029108736,81.04271999945922,83.51776199833694
nymeria,mixed,tokenlearner,nymeria__only_audio__qwen3_4b,qwen3_4b,only_audio,7102892,28411568,453340928,2200,27508,7075384,0.5337929997040192,4.1398060002346755,7.691829000568541,4036211628,8099910320,599038072704,4029108736,81.26205099961226,83.7529029995494
nymeria,mixed,posthoc_vq,nymeria__only_audio__qwen3_4b,qwen3_4b,only_audio,7106396,28425584,456779520,392,29556,7076840,0.7224339997264906,3.666238000539376,6.5435210004348425,4036215132,8099924336,954224093056,4029108736,81.04271999945922,83.89770399935514
nymeria,mixed,joint_vq,nymeria__only_audio__qwen3_4b,qwen3_4b,only_audio,7111148,28444592,453406464,164,29556,7081592,0.7116130000213161,3.6401179989608003,6.484791999053606,4036219884,8099943344,599038138240,4029108736,81.26205099961226,84.6623469997212
nymeria,mixed,deepconvlstm,nymeria__only_audio__qwen3_4b,qwen3_4b,only_audio,7099186,28396744,453825920,8232152,7099186,0,0.8332639999935054,3296.7146289996285,6591.817669999425,4036207922,8099895496,717130761728,4029108736,81.99424499980523,84.38434599975153
nymeria,mixed,unrestricted_bank,nymeria__only_audio__qwen3_4b,qwen3_4b,only_audio,7111276,28445104,453439232,164,29556,7081720,0.5529629997909069,3.4525779986634966,6.210850998894067,4036220012,8099943856,599038171008,4029108736,81.26205099961226,83.85835399985808
nymeria,mixed,separate_banks,nymeria__only_audio__qwen3_4b,qwen3_4b,only_audio,7109164,28436656,453406464,164,29556,7079608,0.726193999980751,3.6511180008657043,6.39088100130558,4036217900,8099935408,599038138240,4029108736,81.26205099961226,84.078494998721
nymeria,mixed,fixed_resampling,nymeria__only_audio__qwen3_4b,qwen3_4b,only_audio,7109164,28436656,38456320,164,29556,7079608,0.7441240004482097,3.3493670001317746,5.89916999949147,4036217900,8099935408,598623188096,4029108736,81.26205099961226,84.53222699972684
nymeria,mixed,finetune_encoders,nymeria__only_audio__qwen3_4b,qwen3_4b,only_audio,7109164,28436656,453406464,164,29556,7079608,0.7573940001748269,3.8967499998162616,6.967104999301419,4036217900,8099935408,599038138240,4029108736,81.26205099961226,84.02375400055462
nymeria,mixed,no_alignment,nymeria__only_audio__qwen3_4b,qwen3_4b,only_audio,7109164,28436656,453406464,164,29556,7079608,0.7217639995360514,3.8495399997683357,6.91516499925293,4036217900,8099935408,599038138240,4029108736,81.26205099961226,84.01801400032127
nymeria,mixed,no_usage,nymeria__only_audio__qwen3_4b,qwen3_4b,only_audio,7109164,28436656,453406464,164,29556,7079608,0.704114000654954,3.5126780006377025,6.252550999914284,4036217900,8099935408,599038138240,4029108736,81.26205099961226,84.00455500031967
nymeria,mixed,tcn,nymeria__only_audio__qwen3_4b,qwen3_4b,only_audio,6619388,26477552,423130624,8232152,6619388,0,0.9479650007051532,3296.797629999977,6591.864130999663,4035728124,8097976304,717100066432,4029108736,81.99424499980523,84.5218169997679
nymeria,mixed,ts_transformer,nymeria__only_audio__qwen3_4b,qwen3_4b,only_audio,6632252,26529008,424179200,8232152,6632252,0,1.0108559999935096,3296.868060999562,6591.938661998635,4035740988,8098027760,717101115008,4029108736,81.99424499980523,84.62833799967484
nymeria,mixed,patchtst,nymeria__only_audio__qwen3_4b,qwen3_4b,only_audio,6517308,26069232,1710926208,8232152,6517308,0,1.4256470003601862,3297.291291999803,6592.358692999976,4035626044,8097567984,534001503616,4029108736,81.93365500028449,84.98111999961111
nymeria,cuda,distrixsense,nymeria__only_barometer__qwen3_4b,qwen3_4b,only_barometer,43024,172096,1633792,164,29556,13468,0.6798129998060176,3.2719459998898905,5.811617999523342,4029151760,8071670848,598586365568,4029108736,81.26205099961226,83.43591199991351
nymeria,cuda,dense,nymeria__only_barometer__qwen3_4b,qwen3_4b,only_barometer,34112,136448,4875776,8648,27508,6604,0.5225119994065608,6.368823998268216,12.158875998201873,4029142848,8071635200,953772189312,4029108736,81.04271999945922,82.77363799970772
nymeria,cuda,dense_tokens,nymeria__only_barometer__qwen3_4b,qwen3_4b,only_barometer,38864,155456,1601024,2200,27508,11356,0.5270130004646489,3.8995150007348274,7.2212370014219776,4029147600,8071654208,598586332800,4029108736,81.26205099961226,83.16056200055755
nymeria,cuda,raw,nymeria__only_barometer__qwen3_4b,qwen3_4b,only_barometer,34112,136448,4875776,2488,34112,0,1.0965159999614116,4.20189599982648,7.261776000659075,4029142848,8071635200,953772189312,4029108736,81.04271999945922,82.67119799984357
nymeria,cuda,early_fusion,nymeria__only_barometer__qwen3_4b,qwen3_4b,only_barometer,27680,110720,2002432,2488,27680,0,1.0265660002914956,4.126586999077222,7.18127699931697,4029136416,8071609472,716678938240,4029108736,81.99424499980523,83.53773199996795
nymeria,cuda,late_fusion,nymeria__only_barometer__qwen3_4b,qwen3_4b,only_barometer,7264,29056,415488,176,0,7264,0.09374000001116656,2.5870720002307555,5.026523999999754,4022475360,8044965248,605731454976,4022468096,81.28961200054619,82.49919900026725
nymeria,cuda,local_only,nymeria__only_barometer__qwen3_4b,qwen3_4b,only_barometer,7264,29056,415488,104,0,7264,0.12260000039532315,2.5788610003178123,4.993922000298847,4022475360,8044965248,605731454976,4022468096,81.28961200054619,82.53972900092776
nymeria,cuda,bottleneck,nymeria__only_barometer__qwen3_4b,qwen3_4b,only_barometer,34696,138784,4908544,1368,27828,6868,0.5455330001495895,3.511624001722364,6.425065001660236,4029143432,8071637536,953772222080,4029108736,81.04271999945922,82.84855900001276
nymeria,cuda,tokenlearner,nymeria__only_barometer__qwen3_4b,qwen3_4b,only_barometer,36752,147008,1568256,2200,27508,9244,0.5149420003363048,3.879764000880532,7.197196000551921,4029145488,8071645760,598586300032,4029108736,81.26205099961226,83.12133099934726
nymeria,cuda,posthoc_vq,nymeria__only_barometer__qwen3_4b,qwen3_4b,only_barometer,40256,161024,5006848,392,29556,10700,0.6909940002515214,3.5996469994527405,6.302049999771547,4029148992,8071659776,953772320384,4029108736,81.04271999945922,83.39622299899929
nymeria,cuda,joint_vq,nymeria__only_barometer__qwen3_4b,qwen3_4b,only_barometer,45008,180032,1633792,164,29556,15452,0.676633999319165,3.4339479992323554,6.132620999476977,4029153744,8071678784,598586365568,4029108736,81.26205099961226,83.75703299952875
nymeria,cuda,deepconvlstm,nymeria__only_barometer__qwen3_4b,qwen3_4b,only_barometer,33046,132184,2053248,2488,33046,0,0.799783999354986,3.8981849998114515,6.953234999882034,4029141782,8071630936,716678989056,4029108736,81.99424499980523,83.17249099945911
nymeria,cuda,unrestricted_bank,nymeria__only_barometer__qwen3_4b,qwen3_4b,only_barometer,45136,180544,1666560,164,29556,15580,0.5411520005509374,3.195174001424771,5.743976000911253,4029153872,8071679296,598586398336,4029108736,81.26205099961226,83.27259199904802
nymeria,cuda,separate_banks,nymeria__only_barometer__qwen3_4b,qwen3_4b,only_barometer,43024,172096,1633792,164,29556,13468,0.7059730005494202,3.301245000633667,5.84358700113463,4029151760,8071670848,598586365568,4029108736,81.26205099961226,83.41757299876917
nymeria,cuda,fixed_resampling,nymeria__only_barometer__qwen3_4b,qwen3_4b,only_barometer,43024,172096,1633280,164,29556,13468,0.6862939999336959,3.2625859997407183,5.780258999646513,4029151760,8071670848,598586365056,4029108736,81.26205099961226,83.36799100015924
nymeria,cuda,finetune_encoders,nymeria__only_barometer__qwen3_4b,qwen3_4b,only_barometer,43024,172096,1633792,164,29556,13468,0.6857530006527668,3.2762760004826355,5.813238000581087,4029151760,8071670848,598586365568,4029108736,81.26205099961226,83.40841100016405
nymeria,cuda,no_alignment,nymeria__only_barometer__qwen3_4b,qwen3_4b,only_barometer,43024,172096,1633792,164,29556,13468,0.6753529996785801,3.2702849997204844,5.813707999248628,4029151760,8071670848,598586365568,4029108736,81.26205099961226,83.40394200058654
nymeria,cuda,no_usage,nymeria__only_barometer__qwen3_4b,qwen3_4b,only_barometer,43024,172096,1633792,164,29556,13468,0.6831529999544728,3.2777459994887117,5.8149779994602895,4029151760,8071670848,598586365568,4029108736,81.26205099961226,83.40225199935958
nymeria,cuda,tcn,nymeria__only_barometer__qwen3_4b,qwen3_4b,only_barometer,13536,54144,816384,2488,13536,0,0.7939639999676729,3.893414000699227,6.950204000558506,4029122272,8071552896,716677752192,4029108736,81.99424499980523,83.29836099983368
nymeria,cuda,ts_transformer,nymeria__only_barometer__qwen3_4b,qwen3_4b,only_barometer,26400,105600,1864960,2488,26400,0,0.8787440001469804,3.9784039986577002,7.032913998072536,4029135136,8071604352,716678800768,4029108736,81.99424499980523,83.383863000563
nymeria,cuda,patchtst,nymeria__only_barometer__qwen3_4b,qwen3_4b,only_barometer,26528,106112,726144,2488,26528,0,0.9406950002812664,4.045475000125112,7.101885000365065,4029135264,8071604864,532291303552,4029108736,81.93365500028449,83.39340299971809
nymeria,mixed,distrixsense,nymeria__only_barometer__qwen3_4b,qwen3_4b,only_barometer,43024,172096,1633792,164,29556,13468,0.7761639999444014,3.1133850000825127,5.396186000023782,4029151760,8071670848,598586365568,4029108736,81.26205099961226,83.0532289983239
nymeria,mixed,dense,nymeria__only_barometer__qwen3_4b,qwen3_4b,only_barometer,34112,136448,4875776,8648,27508,6604,0.6380340000760043,6.29809400048065,11.90792400003327,4029142848,8071635200,953772189312,4029108736,81.04271999945922,82.58452799964289
nymeria,mixed,dense_tokens,nymeria__only_barometer__qwen3_4b,qwen3_4b,only_barometer,38864,155456,1601024,2200,27508,11356,0.5835430001752684,3.720133999190584,6.807405999088369,4029147600,8071654208,598586332800,4029108736,81.26205099961226,82.93809899987536
nymeria,mixed,raw,nymeria__only_barometer__qwen3_4b,qwen3_4b,only_barometer,34112,136448,4875776,2488,34112,0,1.1049659997297567,4.15816699980012,7.162696999357059,4029142848,8071635200,953772189312,4029108736,81.04271999945922,82.66940900011832
nymeria,mixed,early_fusion,nymeria__only_barometer__qwen3_4b,qwen3_4b,only_barometer,27680,110720,2002432,2488,27680,0,1.0437260007165605,4.095746000998293,7.10045600047065,4029136416,8071609472,716678938240,4029108736,81.99424499980523,83.44209199913166
nymeria,mixed,late_fusion,nymeria__only_barometer__qwen3_4b,qwen3_4b,only_barometer,7264,29056,415488,176,0,7264,0.18623100004333537,2.4242920000210053,4.619552000162785,4022475360,8044965248,605731454976,4022468096,81.28961200054619,82.10443600000872
nymeria,mixed,local_only,nymeria__only_barometer__qwen3_4b,qwen3_4b,only_barometer,7264,29056,415488,104,0,7264,0.1211199996760115,2.3360019988717626,4.505452998760086,4022475360,8044965248,605731454976,4022468096,81.28961200054619,82.14591700107121
nymeria,mixed,bottleneck,nymeria__only_barometer__qwen3_4b,qwen3_4b,only_barometer,34696,138784,4908544,1368,27828,6868,0.5552029997488717,3.279273999643035,5.956924999320158,4029143432,8071637536,953772222080,4029108736,81.04271999945922,82.48707599886984
nymeria,mixed,tokenlearner,nymeria__only_barometer__qwen3_4b,qwen3_4b,only_barometer,36752,147008,1568256,2200,27508,9244,0.5259629997453885,3.6123339996219146,6.643894999788026,4029145488,8071645760,598586300032,4029108736,81.26205099961226,82.68925699940155
nymeria,mixed,posthoc_vq,nymeria__only_barometer__qwen3_4b,qwen3_4b,only_barometer,40256,161024,5006848,392,29556,10700,0.7135440000638482,3.126576001511491,5.484697002043098,4029148992,8071659776,953772320384,4029108736,81.04271999945922,82.83808899977885
nymeria,mixed,joint_vq,nymeria__only_barometer__qwen3_4b,qwen3_4b,only_barometer,45008,180032,1633792,164,29556,15452,0.6843929995739018,3.0416639995874952,5.346424999214115,4029153744,8071678784,598586365568,4029108736,81.26205099961226,83.10718999928213
nymeria,mixed,deepconvlstm,nymeria__only_barometer__qwen3_4b,qwen3_4b,only_barometer,33046,132184,2053248,2488,33046,0,0.688203999743564,3.741503999221709,6.746763999244059,4029141782,8071630936,716678989056,4029108736,81.99424499980523,83.14607100055582
nymeria,mixed,unrestricted_bank,nymeria__only_barometer__qwen3_4b,qwen3_4b,only_barometer,45136,180544,1666560,164,29556,15580,0.5484319999595755,2.83885300026132,5.075344001550739,4029153872,8071679296,598586398336,4029108736,81.26205099961226,82.8061889997116
nymeria,mixed,separate_banks,nymeria__only_barometer__qwen3_4b,qwen3_4b,only_barometer,43024,172096,1633792,164,29556,13468,0.7110130000000936,3.0024639985041226,5.23934499839762,4029151760,8071670848,598586365568,4029108736,81.26205099961226,82.95271899896761
nymeria,mixed,fixed_resampling,nymeria__only_barometer__qwen3_4b,qwen3_4b,only_barometer,43024,172096,1633280,164,29556,13468,0.6838429999334039,2.9530850000211153,5.169335000271722,4029151760,8071670848,598586365056,4029108736,81.26205099961226,82.89999899989198
nymeria,mixed,finetune_encoders,nymeria__only_barometer__qwen3_4b,qwen3_4b,only_barometer,43024,172096,1633792,164,29556,13468,0.6907240003783954,2.9862050008288,5.221316001250862,4029151760,8071670848,598586365568,4029108736,81.26205099961226,82.97146999939287
nymeria,mixed,no_alignment,nymeria__only_barometer__qwen3_4b,qwen3_4b,only_barometer,43024,172096,1633792,164,29556,13468,0.6863440003144206,2.981725999538053,5.21808699947379,4029151760,8071670848,598586365568,4029108736,81.26205099961226,82.9382389993043
nymeria,mixed,no_usage,nymeria__only_barometer__qwen3_4b,qwen3_4b,only_barometer,43024,172096,1633792,164,29556,13468,0.6957529994906508,2.9866339994751847,5.225254999157379,4029151760,8071670848,598586365568,4029108736,81.26205099961226,82.93896999930439
nymeria,mixed,tcn,nymeria__only_barometer__qwen3_4b,qwen3_4b,only_barometer,13536,54144,816384,2488,13536,0,0.8012440002858057,3.8492440003343975,6.854023999975971,4029122272,8071552896,716677752192,4029108736,81.99424499980523,83.21581199925276
nymeria,mixed,ts_transformer,nymeria__only_barometer__qwen3_4b,qwen3_4b,only_barometer,26400,105600,1864960,2488,26400,0,0.877395000316028,3.92946500006899,6.934305000895029,4029135136,8071604352,716678800768,4029108736,81.99424499980523,83.29220200084819
nymeria,mixed,patchtst,nymeria__only_barometer__qwen3_4b,qwen3_4b,only_barometer,26528,106112,726144,2488,26528,0,0.9479049995206879,3.996706000648078,7.001556000458868,4029135264,8071604864,532291303552,4029108736,81.93365500028449,83.30028100044728
nymeria,cuda,distrixsense,nymeria__only_body_acceleration__qwen3_4b,qwen3_4b,only_body_acceleration,51182,204728,1839552,81,28468,22714,0.5481729995153728,3.144254999853624,3.144254999853624,4029159918,8071703480,524958840128,4029108736,81.30560200061154,82.77254800032097
nymeria,cuda,dense,nymeria__only_body_acceleration__qwen3_4b,qwen3_4b,only_body_acceleration,46726,186904,3214784,4324,27444,19282,0.4685020003307727,6.3107230010743836,6.3107230010743836,4029155462,8071685656,701928652096,4029108736,81.2692520003111,82.80068000021856
nymeria,cuda,dense_tokens,nymeria__only_body_acceleration__qwen3_4b,qwen3_4b,only_body_acceleration,49102,196408,1823168,1100,27444,21658,0.4538319999483065,3.818833999498456,3.818833999498456,4029157838,8071695160,524958823744,4029108736,81.30560200061154,82.6386389999243
nymeria,cuda,raw,nymeria__only_body_acceleration__qwen3_4b,qwen3_4b,only_body_acceleration,46726,186904,3214784,205452,46726,0,0.8252940006059362,167.33721500115263,167.33721500115263,4029155462,8071685656,701928652096,4029108736,81.2692520003111,82.56317900031718
nymeria,cuda,early_fusion,nymeria__only_body_acceleration__qwen3_4b,qwen3_4b,only_body_acceleration,34822,139288,2454976,205452,34822,0,0.8261139992100652,167.3257049991842,167.3257049991842,4029143558,8071638040,701927892288,4029108736,81.2692520003111,82.5640189996193
nymeria,cuda,late_fusion,nymeria__only_body_acceleration__qwen3_4b,qwen3_4b,only_body_acceleration,19612,78448,1221760,88,0,19612,0.07516999994550133,2.5468620007335905,2.5468620007335905,4022487708,8045014640,591016152192,4022468096,82.07034599945473,82.88250900022831
nymeria,cuda,local_only,nymeria__only_body_acceleration__qwen3_4b,qwen3_4b,only_body_acceleration,19612,78448,1221760,52,0,19612,0.09777000013855286,2.5594620003789545,2.5594620003789545,4022487708,8045014640,591016152192,4022468096,82.07034599945473,82.9146199985189
nymeria,cuda,bottleneck,nymeria__only_body_acceleration__qwen3_4b,qwen3_4b,only_body_acceleration,47018,188072,3231168,684,27604,19414,0.4858920001424849,3.458233999727806,3.458233999727806,4029155754,8071686824,701928668480,4029108736,81.2692520003111,82.57312899968383
nymeria,cuda,tokenlearner,nymeria__only_body_acceleration__qwen3_4b,qwen3_4b,only_body_acceleration,48046,192184,1806784,1100,27444,20602,0.446662000285869,3.830214999647869,3.830214999647869,4029156782,8071690936,524958807360,4029108736,81.30560200061154,82.62912800091726
nymeria,cuda,posthoc_vq,nymeria__only_body_acceleration__qwen3_4b,qwen3_4b,only_body_acceleration,48774,195096,3280320,192,28468,20306,0.5709630004275823,3.3324270003307843,3.3324270003307843,4029157510,8071693848,701928717632,4029108736,81.2692520003111,82.85575100126152
nymeria,cuda,joint_vq,nymeria__only_body_acceleration__qwen3_4b,qwen3_4b,only_body_acceleration,51150,204600,1839552,81,28468,22682,0.5429120001281262,3.5924680005626985,3.5924680005626985,4029159886,8071703352,524958840128,4029108736,81.30560200061154,82.93147900076292
nymeria,cuda,deepconvlstm,nymeria__only_body_acceleration__qwen3_4b,qwen3_4b,only_body_acceleration,48860,195440,3056768,205452,48860,0,0.48013300056481967,166.98906300045547,166.98906300045547,4029157596,8071694192,701928494080,4029108736,81.2692520003111,82.2360270012723
nymeria,cuda,unrestricted_bank,nymeria__only_body_acceleration__qwen3_4b,qwen3_4b,only_body_acceleration,51182,204728,1839552,81,28468,22714,0.46747299984417623,3.0606649998225155,3.0606649998225155,4029159918,8071703480,524958840128,4029108736,81.30560200061154,82.69649000067147
nymeria,cuda,separate_banks,nymeria__only_body_acceleration__qwen3_4b,qwen3_4b,only_body_acceleration,51182,204728,1839552,81,28468,22714,0.5619029998342739,3.145045999219187,3.145045999219187,4029159918,8071703480,524958840128,4029108736,81.30560200061154,82.80078900043009
nymeria,cuda,fixed_resampling,nymeria__only_body_acceleration__qwen3_4b,qwen3_4b,only_body_acceleration,51182,204728,1521600,81,28468,22714,0.5525119995581917,3.1168249998080544,3.1168249998080544,4029159918,8071703480,524958522176,4029108736,81.30560200061154,82.73402800023177
nymeria,cuda,finetune_encoders,nymeria__only_body_acceleration__qwen3_4b,qwen3_4b,only_body_acceleration,51182,204728,1839552,81,28468,22714,0.5414130000644946,3.144455000467028,3.144455000467028,4029159918,8071703480,524958840128,4029108736,81.30560200061154,82.77527900099813
nymeria,cuda,no_alignment,nymeria__only_body_acceleration__qwen3_4b,qwen3_4b,only_body_acceleration,51182,204728,1839552,81,28468,22714,0.5428920003396343,3.128454000063252,3.128454000063252,4029159918,8071703480,524958840128,4029108736,81.30560200061154,82.77757000087149
nymeria,cuda,no_usage,nymeria__only_body_acceleration__qwen3_4b,qwen3_4b,only_body_acceleration,51182,204728,1839552,81,28468,22714,0.5438719999801833,3.1329439998734276,3.1329439998734276,4029159918,8071703480,524958840128,4029108736,81.30560200061154,82.7799690014217
nymeria,cuda,tcn,nymeria__only_body_acceleration__qwen3_4b,qwen3_4b,only_body_acceleration,20710,82840,1268928,205452,20710,0,0.7038640005703201,167.20174400090383,167.20174400090383,4029129446,8071581592,701926706240,4029108736,81.2692520003111,82.33494800060726
nymeria,cuda,ts_transformer,nymeria__only_body_acceleration__qwen3_4b,qwen3_4b,only_body_acceleration,33574,134296,2317504,205452,33574,0,0.6814829994254978,167.1844139986386,167.1844139986386,4029142310,8071633048,701927754816,4029108736,81.2692520003111,82.43507699990005
nymeria,cuda,patchtst,nymeria__only_body_acceleration__qwen3_4b,qwen3_4b,only_body_acceleration,31590,126360,25176384,205452,31590,0,0.7929940002213698,167.29199499915904,167.29199499915904,4029140326,8071625112,517623237696,4029108736,81.52396300010878,82.77643800010992
nymeria,mixed,distrixsense,nymeria__only_body_acceleration__qwen3_4b,qwen3_4b,only_body_acceleration,51182,204728,1839552,81,28468,22714,0.5448129995784257,2.8937039997180225,2.8937039997180225,4029159918,8071703480,524958840128,4029108736,81.30560200061154,82.61783800116973
nymeria,mixed,dense,nymeria__only_body_acceleration__qwen3_4b,qwen3_4b,only_body_acceleration,46726,186904,3214784,4324,27444,19282,0.476032999358722,6.153923999004054,6.153923999004054,4029155462,8071685656,701928652096,4029108736,81.2692520003111,82.44805700087454
nymeria,mixed,dense_tokens,nymeria__only_body_acceleration__qwen3_4b,qwen3_4b,only_body_acceleration,49102,196408,1823168,1100,27444,21658,0.4567019996102317,3.595592998858483,3.595592998858483,4029157838,8071695160,524958823744,4029108736,81.30560200061154,82.47648799988383
nymeria,mixed,raw,nymeria__only_body_acceleration__qwen3_4b,qwen3_4b,only_body_acceleration,46726,186904,3214784,205452,46726,0,0.8216549995267997,167.26019599847842,167.26019599847842,4029155462,8071685656,701928652096,4029108736,81.2692520003111,82.51131900033215
nymeria,mixed,early_fusion,nymeria__only_body_acceleration__qwen3_4b,qwen3_4b,only_body_acceleration,34822,139288,2454976,205452,34822,0,0.8272539998870343,167.26340400093233,167.26340400093233,4029143558,8071638040,701927892288,4029108736,81.2692520003111,82.51011800075503
nymeria,mixed,late_fusion,nymeria__only_body_acceleration__qwen3_4b,qwen3_4b,only_body_acceleration,19612,78448,1221760,88,0,19612,0.07621999975526705,2.369030999168381,2.369030999168381,4022487708,8045014640,591016152192,4022468096,82.07034599945473,82.74877999974706
nymeria,mixed,local_only,nymeria__only_body_acceleration__qwen3_4b,qwen3_4b,only_body_acceleration,19612,78448,1221760,52,0,19612,0.09164099992631236,2.360531999572669,2.360531999572669,4022487708,8045014640,591016152192,4022468096,82.07034599945473,82.79541899992182
nymeria,mixed,bottleneck,nymeria__only_body_acceleration__qwen3_4b,qwen3_4b,only_body_acceleration,47018,188072,3231168,684,27604,19414,0.47868199999356875,3.2527529995341204,3.2527529995341204,4029155754,8071686824,701928668480,4029108736,81.2692520003111,82.45542799977557
nymeria,mixed,tokenlearner,nymeria__only_body_acceleration__qwen3_4b,qwen3_4b,only_body_acceleration,48046,192184,1806784,1100,27444,20602,0.4444230007720762,3.5796940001045003,3.5796940001045003,4029156782,8071690936,524958807360,4029108736,81.30560200061154,82.4847170006251
nymeria,mixed,posthoc_vq,nymeria__only_body_acceleration__qwen3_4b,qwen3_4b,only_body_acceleration,48774,195096,3280320,192,28468,20306,0.5774330002168426,3.057585000149987,3.057585000149987,4029157510,8071693848,701928717632,4029108736,81.2692520003111,82.64295800108812
nymeria,mixed,joint_vq,nymeria__only_body_acceleration__qwen3_4b,qwen3_4b,only_body_acceleration,51150,204600,1839552,81,28468,22682,0.5520129998330958,2.9769449993472197,2.9769449993472197,4029159886,8071703352,524958840128,4029108736,81.30560200061154,82.70092899965675
nymeria,mixed,deepconvlstm,nymeria__only_body_acceleration__qwen3_4b,qwen3_4b,only_body_acceleration,48860,195440,3056768,205452,48860,0,0.49308199959341437,166.9284629992215,166.9284629992215,4029157596,8071694192,701928494080,4029108736,81.2692520003111,82.17819600031362
nymeria,mixed,unrestricted_bank,nymeria__only_body_acceleration__qwen3_4b,qwen3_4b,only_body_acceleration,51182,204728,1839552,81,28468,22714,0.46736200056329835,2.811143001083005,2.811143001083005,4029159918,8071703480,524958840128,4029108736,81.30560200061154,82.54919800128846
nymeria,mixed,separate_banks,nymeria__only_body_acceleration__qwen3_4b,qwen3_4b,only_body_acceleration,51182,204728,1839552,81,28468,22714,0.5777529995611985,2.926273999975715,2.926273999975715,4029159918,8071703480,524958840128,4029108736,81.30560200061154,82.64054000119359
nymeria,mixed,fixed_resampling,nymeria__only_body_acceleration__qwen3_4b,qwen3_4b,only_body_acceleration,51182,204728,1521600,81,28468,22714,0.5555930001719389,2.8274640017406316,2.8274640017406316,4029159918,8071703480,524958522176,4029108736,81.30560200061154,82.53863900063152
nymeria,mixed,finetune_encoders,nymeria__only_body_acceleration__qwen3_4b,qwen3_4b,only_body_acceleration,51182,204728,1839552,81,28468,22714,0.5466630000228179,2.8919950000562356,2.8919950000562356,4029159918,8071703480,524958840128,4029108736,81.30560200061154,82.62275000015507
nymeria,mixed,no_alignment,nymeria__only_body_acceleration__qwen3_4b,qwen3_4b,only_body_acceleration,51182,204728,1839552,81,28468,22714,0.6059730003471486,2.9434940006757504,2.9434940006757504,4029159918,8071703480,524958840128,4029108736,81.30560200061154,82.62742799979605
nymeria,mixed,no_usage,nymeria__only_body_acceleration__qwen3_4b,qwen3_4b,only_body_acceleration,51182,204728,1839552,81,28468,22714,0.5614030005745008,2.9035740008402033,2.9035740008402033,4029159918,8071703480,524958840128,4029108736,81.30560200061154,82.62504899994383
nymeria,mixed,tcn,nymeria__only_body_acceleration__qwen3_4b,qwen3_4b,only_body_acceleration,20710,82840,1268928,205452,20710,0,0.5983229993944406,167.04435300054666,167.04435300054666,4029129446,8071581592,701926706240,4029108736,81.2692520003111,82.29211799971381
nymeria,mixed,ts_transformer,nymeria__only_body_acceleration__qwen3_4b,qwen3_4b,only_body_acceleration,33574,134296,2317504,205452,33574,0,0.6854929997643922,167.1216429999002,167.1216429999002,4029142310,8071633048,701927754816,4029108736,81.2692520003111,82.38838800025405
nymeria,mixed,patchtst,nymeria__only_body_acceleration__qwen3_4b,qwen3_4b,only_body_acceleration,31590,126360,25176384,205452,31590,0,0.7951640000101179,167.2405440007604,167.2405440007604,4029140326,8071625112,517623237696,4029108736,81.52396300010878,82.73043999997753
nymeria,cuda,distrixsense,nymeria__only_body_orientation__qwen3_4b,qwen3_4b,only_body_orientation,58680,234720,2316480,81,28468,30212,0.5463130000862293,3.1337359996831626,3.1337359996831626,4029167416,8071733472,524959317056,4029108736,81.30560200061154,82.7675390009972
nymeria,cuda,dense,nymeria__only_body_orientation__qwen3_4b,qwen3_4b,only_body_orientation,54224,216896,3691712,4324,27444,26780,0.4688720000558533,6.299343999994325,6.299343999994325,4029162960,8071715648,701929129024,4029108736,81.2692520003111,82.52855699902284
nymeria,cuda,dense_tokens,nymeria__only_body_orientation__qwen3_4b,qwen3_4b,only_body_orientation,56600,226400,2300096,1100,27444,29156,0.44272200011619134,3.814734000111348,3.814734000111348,4029165336,8071725152,524959300672,4029108736,81.30560200061154,82.62323900089541
nymeria,cuda,raw,nymeria__only_body_orientation__qwen3_4b,qwen3_4b,only_body_orientation,54224,216896,3691712,272952,54224,0,0.8176539995474741,221.33256499939654,221.33256499939654,4029162960,8071715648,701929129024,4029108736,81.2692520003111,82.70154899946647
nymeria,cuda,early_fusion,nymeria__only_body_orientation__qwen3_4b,qwen3_4b,only_body_orientation,39376,157504,2743488,272952,39376,0,0.8584540000811103,221.37183399929546,221.37183399929546,4029148112,8071656256,701928180800,4029108736,81.2692520003111,82.5928490012302
nymeria,cuda,late_fusion,nymeria__only_body_orientation__qwen3_4b,qwen3_4b,only_body_orientation,27110,108440,1698688,88,0,27110,0.07543999981862726,2.5480610003318636,2.5480610003318636,4022495206,8045044632,591016629120,4022468096,82.07034599945473,82.8927599986855
nymeria,cuda,local_only,nymeria__only_body_orientation__qwen3_4b,qwen3_4b,only_body_orientation,27110,108440,1698688,52,0,27110,0.0911900006030919,2.539232000588055,2.539232000588055,4022495206,8045044632,591016629120,4022468096,82.07034599945473,82.90244999807328
nymeria,cuda,bottleneck,nymeria__only_body_orientation__qwen3_4b,qwen3_4b,only_body_orientation,54516,218064,3708096,684,27604,26912,0.4770420000568265,3.4296249998724555,3.4296249998724555,4029163252,8071716816,701929145408,4029108736,81.2692520003111,82.56118900044385
nymeria,cuda,tokenlearner,nymeria__only_body_orientation__qwen3_4b,qwen3_4b,only_body_orientation,55544,222176,2283712,1100,27444,28100,0.44559300022228854,3.8090250000049126,3.8090250000049126,4029164280,8071720928,524959284288,4029108736,81.30560200061154,82.6298690008116
nymeria,cuda,posthoc_vq,nymeria__only_body_orientation__qwen3_4b,qwen3_4b,only_body_orientation,56272,225088,3757248,192,28468,27804,0.5739730004279409,3.3260060013875714,3.3260060013875714,4029165008,8071723840,701929194560,4029108736,81.2692520003111,82.89632000105485
nymeria,cuda,joint_vq,nymeria__only_body_orientation__qwen3_4b,qwen3_4b,only_body_orientation,58648,234592,2316480,81,28468,30180,0.5636429996229708,3.3036759987516096,3.3036759987516096,4029167384,8071733344,524959317056,4029108736,81.30560200061154,82.93553100065765
nymeria,cuda,deepconvlstm,nymeria__only_body_orientation__qwen3_4b,qwen3_4b,only_body_orientation,56358,225432,3533696,272952,56358,0,0.48804300058691297,221.0010840011126,221.0010840011126,4029165094,8071724184,701928971008,4029108736,81.2692520003111,82.2520980009358
nymeria,cuda,unrestricted_bank,nymeria__only_body_orientation__qwen3_4b,qwen3_4b,only_body_orientation,58680,234720,2316480,81,28468,30212,0.4538319999483065,3.026834000622225,3.026834000622225,4029167416,8071733472,524959317056,4029108736,81.30560200061154,82.69704800113686
nymeria,cuda,separate_banks,nymeria__only_body_orientation__qwen3_4b,qwen3_4b,only_body_orientation,58680,234720,2316480,81,28468,30212,0.5572529998971731,3.1361359997680527,3.1361359997680527,4029167416,8071733472,524959317056,4029108736,81.30560200061154,82.98346000083257
nymeria,cuda,fixed_resampling,nymeria__only_body_orientation__qwen3_4b,qwen3_4b,only_body_orientation,58680,234720,1757120,81,28468,30212,0.5523630006791791,3.1127650018169195,3.1127650018169195,4029167416,8071733472,524958757696,4029108736,81.30560200061154,82.73662900046475
nymeria,cuda,finetune_encoders,nymeria__only_body_orientation__qwen3_4b,qwen3_4b,only_body_orientation,58680,234720,2316480,81,28468,30212,0.5492419995789533,3.1377739997259457,3.1377739997259457,4029167416,8071733472,524959317056,4029108736,81.30560200061154,82.76336000017182
nymeria,cuda,no_alignment,nymeria__only_body_orientation__qwen3_4b,qwen3_4b,only_body_orientation,58680,234720,2316480,81,28468,30212,0.5472630000440404,3.1264450008456013,3.1264450008456013,4029167416,8071733472,524959317056,4029108736,81.30560200061154,82.76066000053106
nymeria,cuda,no_usage,nymeria__only_body_orientation__qwen3_4b,qwen3_4b,only_body_orientation,58680,234720,2316480,81,28468,30212,0.5511029994522687,3.1359059994719107,3.1359059994719107,4029167416,8071733472,524959317056,4029108736,81.30560200061154,82.80907000062143
nymeria,cuda,tcn,nymeria__only_body_orientation__qwen3_4b,qwen3_4b,only_body_orientation,25264,101056,1557440,272952,25264,0,0.5960230000709998,221.1194939994346,221.1194939994346,4029134000,8071599808,701926994752,4029108736,81.2692520003111,82.3570180000388
nymeria,cuda,ts_transformer,nymeria__only_body_orientation__qwen3_4b,qwen3_4b,only_body_orientation,38128,152512,2606016,272952,38128,0,0.6852540000181762,221.1979950000785,221.1979950000785,4029146864,8071651264,701928043328,4029108736,81.2692520003111,82.46338800017838
nymeria,cuda,patchtst,nymeria__only_body_orientation__qwen3_4b,qwen3_4b,only_body_orientation,35408,141632,33702208,272952,35408,0,0.7853839997551404,221.30919399871692,221.30919399871692,4029144144,8071640384,517631763520,4029108736,81.52396300010878,82.79581900023913
nymeria,mixed,distrixsense,nymeria__only_body_orientation__qwen3_4b,qwen3_4b,only_body_orientation,58680,234720,2316480,81,28468,30212,0.5395429998316104,2.883194999441807,2.883194999441807,4029167416,8071733472,524959317056,4029108736,81.30560200061154,82.61850000053528
nymeria,mixed,dense,nymeria__only_body_orientation__qwen3_4b,qwen3_4b,only_body_orientation,54224,216896,3691712,4324,27444,26780,0.47349299984489335,6.141603999235248,6.141603999235248,4029162960,8071715648,701929129024,4029108736,81.2692520003111,82.45819799958554
nymeria,mixed,dense_tokens,nymeria__only_body_orientation__qwen3_4b,qwen3_4b,only_body_orientation,56600,226400,2300096,1100,27444,29156,0.4408020004120772,3.6003239993032183,3.6003239993032183,4029165336,8071725152,524959300672,4029108736,81.30560200061154,82.49093700032972
nymeria,mixed,raw,nymeria__only_body_orientation__qwen3_4b,qwen3_4b,only_body_orientation,54224,216896,3691712,272952,54224,0,0.81568400037213,221.2691040006792,221.2691040006792,4029162960,8071715648,701929129024,4029108736,81.2692520003111,82.52592900043965
nymeria,mixed,early_fusion,nymeria__only_body_orientation__qwen3_4b,qwen3_4b,only_body_orientation,39376,157504,2743488,272952,39376,0,0.8356150001418428,221.28316600021554,221.28316600021554,4029148112,8071656256,701928180800,4029108736,81.2692520003111,82.54741800101328
nymeria,mixed,late_fusion,nymeria__only_body_orientation__qwen3_4b,qwen3_4b,only_body_orientation,27110,108440,1698688,88,0,27110,0.07711000034760218,2.3764720009671056,2.3764720009671056,4022495206,8045044632,591016629120,4022468096,82.07034599945473,82.75833099924057
nymeria,mixed,local_only,nymeria__only_body_orientation__qwen3_4b,qwen3_4b,only_body_orientation,27110,108440,1698688,52,0,27110,0.09186100032820832,2.370093000779417,2.370093000779417,4022495206,8045044632,591016629120,4022468096,82.07034599945473,82.79568899888545
nymeria,mixed,bottleneck,nymeria__only_body_orientation__qwen3_4b,qwen3_4b,only_body_orientation,54516,218064,3708096,684,27604,26912,0.48460200014233124,3.2624629996198813,3.2624629996198813,4029163252,8071716816,701929145408,4029108736,81.2692520003111,82.46954800142703
nymeria,mixed,tokenlearner,nymeria__only_body_orientation__qwen3_4b,qwen3_4b,only_body_orientation,55544,222176,2283712,1100,27444,28100,0.4473019998840755,3.5891030001902253,3.5891030001902253,4029164280,8071720928,524959284288,4029108736,81.30560200061154,82.49321700077417
nymeria,mixed,posthoc_vq,nymeria__only_body_orientation__qwen3_4b,qwen3_4b,only_body_orientation,56272,225088,3757248,192,28468,27804,0.5752030001531239,3.07743500032156,3.07743500032156,4029165008,8071723840,701929194560,4029108736,81.2692520003111,82.67699000043649
nymeria,mixed,joint_vq,nymeria__only_body_orientation__qwen3_4b,qwen3_4b,only_body_orientation,58648,234592,2316480,81,28468,30180,0.5758030001743464,2.9963949992014793,2.9963949992014793,4029167384,8071733344,524959317056,4029108736,81.30560200061154,82.70156000071438
nymeria,mixed,deepconvlstm,nymeria__only_body_orientation__qwen3_4b,qwen3_4b,only_body_orientation,56358,225432,3533696,272952,56358,0,0.4862730002059834,220.94013300040734,220.94013300040734,4029165094,8071724184,701928971008,4029108736,81.2692520003111,82.21991699974751
nymeria,mixed,unrestricted_bank,nymeria__only_body_orientation__qwen3_4b,qwen3_4b,only_body_orientation,58680,234720,2316480,81,28468,30212,0.4773720002049231,2.896944000014523,2.896944000014523,4029167416,8071733472,524959317056,4029108736,81.30560200061154,82.64840900028503
nymeria,mixed,separate_banks,nymeria__only_body_orientation__qwen3_4b,qwen3_4b,only_body_orientation,58680,234720,2316480,81,28468,30212,0.576123000428197,2.9867950006809085,2.9867950006809085,4029167416,8071733472,524959317056,4029108736,81.30560200061154,82.81026000076963
nymeria,mixed,fixed_resampling,nymeria__only_body_orientation__qwen3_4b,qwen3_4b,only_body_orientation,58680,234720,1757120,81,28468,30212,0.6491429994639475,2.976595999854803,2.976595999854803,4029167416,8071733472,524958757696,4029108736,81.30560200061154,82.7056280004399
nymeria,mixed,finetune_encoders,nymeria__only_body_orientation__qwen3_4b,qwen3_4b,only_body_orientation,58680,234720,2316480,81,28468,30212,0.6559129997185664,3.082514999761665,3.082514999761665,4029167416,8071733472,524959317056,4029108736,81.30560200061154,82.81279000129871
nymeria,mixed,no_alignment,nymeria__only_body_orientation__qwen3_4b,qwen3_4b,only_body_orientation,58680,234720,2316480,81,28468,30212,0.6851030002508196,3.121535000020126,3.121535000020126,4029167416,8071733472,524959317056,4029108736,81.30560200061154,82.81053100017743
nymeria,mixed,no_usage,nymeria__only_body_orientation__qwen3_4b,qwen3_4b,only_body_orientation,58680,234720,2316480,81,28468,30212,0.8072739992712741,3.230864999779337,3.230864999779337,4029167416,8071733472,524959317056,4029108736,81.30560200061154,82.71344900094846
nymeria,mixed,tcn,nymeria__only_body_orientation__qwen3_4b,qwen3_4b,only_body_orientation,25264,101056,1557440,272952,25264,0,0.5876329996681307,221.0349139998687,221.0349139998687,4029134000,8071599808,701926994752,4029108736,81.2692520003111,82.30398700106889
nymeria,mixed,ts_transformer,nymeria__only_body_orientation__qwen3_4b,qwen3_4b,only_body_orientation,38128,152512,2606016,272952,38128,0,0.6873029997223057,221.133813998971,221.133813998971,4029146864,8071651264,701928043328,4029108736,81.2692520003111,82.40232699972694
nymeria,mixed,patchtst,nymeria__only_body_orientation__qwen3_4b,qwen3_4b,only_body_orientation,35408,141632,33702208,272952,35408,0,0.784253999881912,221.23126500020936,221.23126500020936,4029144144,8071640384,517631763520,4029108736,81.52396300010878,82.74379900012718
nymeria,cuda,distrixsense,nymeria__only_body_position__qwen3_4b,qwen3_4b,only_body_position,51182,204728,1839552,81,28468,22714,0.5535430000236374,3.1704660005124286,3.1704660005124286,4029159918,8071703480,524958840128,4029108736,81.30560200061154,82.78481000070315
nymeria,cuda,dense,nymeria__only_body_position__qwen3_4b,qwen3_4b,only_body_position,46726,186904,3214784,4324,27444,19282,0.464832000034221,6.310613000418688,6.310613000418688,4029155462,8071685656,701928652096,4029108736,81.2692520003111,82.53700900058902
nymeria,cuda,dense_tokens,nymeria__only_body_position__qwen3_4b,qwen3_4b,only_body_position,49102,196408,1823168,1100,27444,21658,0.4471929996725521,3.82490500032407,3.82490500032407,4029157838,8071695160,524958823744,4029108736,81.30560200061154,82.63690800049517
nymeria,cuda,raw,nymeria__only_body_position__qwen3_4b,qwen3_4b,only_body_position,46726,186904,3214784,205452,46726,0,0.8350150001206202,167.33894599967226,167.33894599967226,4029155462,8071685656,701928652096,4029108736,81.2692520003111,82.57458900061465
nymeria,cuda,early_fusion,nymeria__only_body_position__qwen3_4b,qwen3_4b,only_body_position,34822,139288,2454976,205452,34822,0,0.8326139995915582,167.33664600034882,167.33664600034882,4029143558,8071638040,701927892288,4029108736,81.2692520003111,82.57526800025516
nymeria,cuda,late_fusion,nymeria__only_body_position__qwen3_4b,qwen3_4b,only_body_position,19612,78448,1221760,88,0,19612,0.0757609996071551,2.553813998153992,2.553813998153992,4022487708,8045014640,591016152192,4022468096,82.07034599945473,82.88093999908597
nymeria,cuda,local_only,nymeria__only_body_position__qwen3_4b,qwen3_4b,only_body_position,19612,78448,1221760,52,0,19612,0.11490100041555706,2.5817930002335574,2.5817930002335574,4022487708,8045014640,591016152192,4022468096,82.07034599945473,82.91346999976668
nymeria,cuda,bottleneck,nymeria__only_body_position__qwen3_4b,qwen3_4b,only_body_position,47018,188072,3231168,684,27604,19414,0.4826419999517384,3.4474350006994676,3.4474350006994676,4029155754,8071686824,701928668480,4029108736,81.2692520003111,82.57823900021322
nymeria,cuda,tokenlearner,nymeria__only_body_position__qwen3_4b,qwen3_4b,only_body_position,48046,192184,1806784,1100,27444,20602,0.44630199954553973,3.8141340000901254,3.8141340000901254,4029156782,8071690936,524958807360,4029108736,81.30560200061154,82.63498799988156
nymeria,cuda,posthoc_vq,nymeria__only_body_position__qwen3_4b,qwen3_4b,only_body_position,48774,195096,3280320,192,28468,20306,0.6043729999873904,3.38113499999817,3.38113499999817,4029157510,8071693848,701928717632,4029108736,81.2692520003111,82.86872100052278
nymeria,cuda,joint_vq,nymeria__only_body_position__qwen3_4b,qwen3_4b,only_body_position,51150,204600,1839552,81,28468,22682,0.5506030001924955,3.29985700048554,3.29985700048554,4029159886,8071703352,524958840128,4029108736,81.30560200061154,82.93396900080552
nymeria,cuda,deepconvlstm,nymeria__only_body_position__qwen3_4b,qwen3_4b,only_body_position,48860,195440,3056768,205452,48860,0,0.5001819999961299,167.00263199929378,167.00263199929378,4029157596,8071694192,701928494080,4029108736,81.2692520003111,82.23986800021521
nymeria,cuda,unrestricted_bank,nymeria__only_body_position__qwen3_4b,qwen3_4b,only_body_position,51182,204728,1839552,81,28468,22714,0.4624519997378229,3.063434000097809,3.063434000097809,4029159918,8071703480,524958840128,4029108736,81.30560200061154,82.69525000014255
nymeria,cuda,separate_banks,nymeria__only_body_position__qwen3_4b,qwen3_4b,only_body_position,51182,204728,1839552,81,28468,22714,0.5689519994120928,3.160224999220995,3.160224999220995,4029159918,8071703480,524958840128,4029108736,81.30560200061154,82.80792000095971
nymeria,cuda,fixed_resampling,nymeria__only_body_position__qwen3_4b,qwen3_4b,only_body_position,51182,204728,1521600,81,28468,22714,0.5453930007206509,3.1000650006097974,3.1000650006097974,4029159918,8071703480,524958522176,4029108736,81.30560200061154,82.74277000055008
nymeria,cuda,finetune_encoders,nymeria__only_body_position__qwen3_4b,qwen3_4b,only_body_position,51182,204728,1839552,81,28468,22714,0.548803000128828,3.149526000954106,3.149526000954106,4029159918,8071703480,524958840128,4029108736,81.30560200061154,82.7692790007859
nymeria,cuda,no_alignment,nymeria__only_body_position__qwen3_4b,qwen3_4b,only_body_position,51182,204728,1839552,81,28468,22714,0.5443829995783744,3.144615999219136,3.144615999219136,4029159918,8071703480,524958840128,4029108736,81.30560200061154,82.77739900040615
nymeria,cuda,no_usage,nymeria__only_body_position__qwen3_4b,qwen3_4b,only_body_position,51182,204728,1839552,81,28468,22714,0.7108139998308616,3.298386999660474,3.298386999660474,4029159918,8071703480,524958840128,4029108736,81.30560200061154,82.77467000061733
nymeria,cuda,tcn,nymeria__only_body_position__qwen3_4b,qwen3_4b,only_body_position,20710,82840,1268928,205452,20710,0,0.5962530003671418,167.10109300076493,167.10109300076493,4029129446,8071581592,701926706240,4029108736,81.2692520003111,82.34265700048127
nymeria,cuda,ts_transformer,nymeria__only_body_position__qwen3_4b,qwen3_4b,only_body_position,33574,134296,2317504,205452,33574,0,0.6843230003141798,167.18530400014043,167.18530400014043,4029142310,8071633048,701927754816,4029108736,81.2692520003111,82.43333700011135
nymeria,cuda,patchtst,nymeria__only_body_position__qwen3_4b,qwen3_4b,only_body_position,31590,126360,25176384,205452,31590,0,0.7801639994795551,167.2829640005328,167.2829640005328,4029140326,8071625112,517623237696,4029108736,81.52396300010878,82.77426999939053
nymeria,mixed,distrixsense,nymeria__only_body_position__qwen3_4b,qwen3_4b,only_body_position,51182,204728,1839552,81,28468,22714,0.570832999983395,2.9205240007576183,2.9205240007576183,4029159918,8071703480,524958840128,4029108736,81.30560200061154,82.62687900059973
nymeria,mixed,dense,nymeria__only_body_position__qwen3_4b,qwen3_4b,only_body_position,46726,186904,3214784,4324,27444,19282,0.47474299935856834,6.145423999764479,6.145423999764479,4029155462,8071685656,701928652096,4029108736,81.2692520003111,82.43449700057681
nymeria,mixed,dense_tokens,nymeria__only_body_position__qwen3_4b,qwen3_4b,only_body_position,49102,196408,1823168,1100,27444,21658,0.4461230000742944,3.6026560001072356,3.6026560001072356,4029157838,8071695160,524958823744,4029108736,81.30560200061154,82.4958470002457
nymeria,mixed,raw,nymeria__only_body_position__qwen3_4b,qwen3_4b,only_body_position,46726,186904,3214784,205452,46726,0,0.8281640002678614,167.26438500101705,167.26438500101705,4029155462,8071685656,701928652096,4029108736,81.2692520003111,82.52639900001668
nymeria,mixed,early_fusion,nymeria__only_body_position__qwen3_4b,qwen3_4b,only_body_position,34822,139288,2454976,205452,34822,0,0.8257549998234026,167.26278599928247,167.26278599928247,4029143558,8071638040,701927892288,4029108736,81.2692520003111,82.52433800043946
nymeria,mixed,late_fusion,nymeria__only_body_position__qwen3_4b,qwen3_4b,only_body_position,19612,78448,1221760,88,0,19612,0.07664099939574953,2.389502998219023,2.389502998219023,4022487708,8045014640,591016152192,4022468096,82.07034599945473,82.75699899877509
nymeria,mixed,local_only,nymeria__only_body_position__qwen3_4b,qwen3_4b,only_body_position,19612,78448,1221760,52,0,19612,0.09697000041342108,2.3636910011805243,2.3636910011805243,4022487708,8045014640,591016152192,4022468096,82.07034599945473,82.79296999990038
nymeria,mixed,bottleneck,nymeria__only_body_position__qwen3_4b,qwen3_4b,only_body_position,47018,188072,3231168,684,27604,19414,0.480112999866833,3.2602839994715644,3.2602839994715644,4029155754,8071686824,701928668480,4029108736,81.2692520003111,82.46097800019925
nymeria,mixed,tokenlearner,nymeria__only_body_position__qwen3_4b,qwen3_4b,only_body_position,48046,192184,1806784,1100,27444,20602,0.4512229997999384,3.615204999728012,3.615204999728012,4029156782,8071690936,524958807360,4029108736,81.30560200061154,82.49232900107017
nymeria,mixed,posthoc_vq,nymeria__only_body_position__qwen3_4b,qwen3_4b,only_body_position,48774,195096,3280320,192,28468,20306,0.5828829998790752,3.0555139997690217,3.0555139997690217,4029157510,8071693848,701928717632,4029108736,81.2692520003111,82.67344900013995
nymeria,mixed,joint_vq,nymeria__only_body_position__qwen3_4b,qwen3_4b,only_body_position,51150,204600,1839552,81,28468,22682,0.5584330001511262,2.9810450005533173,2.9810450005533173,4029159886,8071703352,524958840128,4029108736,81.30560200061154,82.71625900124491
nymeria,mixed,deepconvlstm,nymeria__only_body_position__qwen3_4b,qwen3_4b,only_body_position,48860,195440,3056768,205452,48860,0,0.49246199978369987,166.92838300006753,166.92838300006753,4029157596,8071694192,701928494080,4029108736,81.2692520003111,82.1773560010115
nymeria,mixed,unrestricted_bank,nymeria__only_body_position__qwen3_4b,qwen3_4b,only_body_position,51182,204728,1839552,81,28468,22714,0.4662020000978373,2.8077529996443307,2.8077529996443307,4029159918,8071703480,524958840128,4029108736,81.30560200061154,82.55047900001955
nymeria,mixed,separate_banks,nymeria__only_body_position__qwen3_4b,qwen3_4b,only_body_position,51182,204728,1839552,81,28468,22714,0.5660820006596623,2.9148930007357965,2.9148930007357965,4029159918,8071703480,524958840128,4029108736,81.30560200061154,82.63647000057972
nymeria,mixed,fixed_resampling,nymeria__only_body_position__qwen3_4b,qwen3_4b,only_body_position,51182,204728,1521600,81,28468,22714,0.5481030002556508,2.819373999074637,2.819373999074637,4029159918,8071703480,524958522176,4029108736,81.30560200061154,82.54722799938463
nymeria,mixed,finetune_encoders,nymeria__only_body_position__qwen3_4b,qwen3_4b,only_body_position,51182,204728,1839552,81,28468,22714,0.8398740001211991,3.193104999838292,3.193104999838292,4029159918,8071703480,524958840128,4029108736,81.30560200061154,82.62693800134002
nymeria,mixed,no_alignment,nymeria__only_body_position__qwen3_4b,qwen3_4b,only_body_position,51182,204728,1839552,81,28468,22714,0.5504929995368002,2.8973439994223416,2.8973439994223416,4029159918,8071703480,524958840128,4029108736,81.30560200061154,82.63044900013483
nymeria,mixed,no_usage,nymeria__only_body_position__qwen3_4b,qwen3_4b,only_body_position,51182,204728,1839552,81,28468,22714,0.5479920000652783,2.964913000170677,2.964913000170677,4029159918,8071703480,524958840128,4029108736,81.30560200061154,82.63011800045206
nymeria,mixed,tcn,nymeria__only_body_position__qwen3_4b,qwen3_4b,only_body_position,20710,82840,1268928,205452,20710,0,0.6022229999871342,167.04664299906636,167.04664299906636,4029129446,8071581592,701926706240,4029108736,81.2692520003111,82.2849979995226
nymeria,mixed,ts_transformer,nymeria__only_body_position__qwen3_4b,qwen3_4b,only_body_position,33574,134296,2317504,205452,33574,0,0.6805739994888427,167.12541399776438,167.12541399776438,4029142310,8071633048,701927754816,4029108736,81.2692520003111,82.39355699970474
nymeria,mixed,patchtst,nymeria__only_body_position__qwen3_4b,qwen3_4b,only_body_position,31590,126360,25176384,205452,31590,0,0.7882539994170656,167.2259149994896,167.2259149994896,4029140326,8071625112,517623237696,4029108736,81.52396300010878,82.75245999993786
nymeria,cuda,distrixsense,nymeria__only_body_velocity__qwen3_4b,qwen3_4b,only_body_velocity,51182,204728,1839552,81,28468,22714,0.55406200044672,3.1507640005946858,3.1507640005946858,4029159918,8071703480,524958840128,4029108736,81.30560200061154,82.78899100059789
nymeria,cuda,dense,nymeria__only_body_velocity__qwen3_4b,qwen3_4b,only_body_velocity,46726,186904,3214784,4324,27444,19282,0.4727420000563143,6.308604000291543,6.308604000291543,4029155462,8071685656,701928652096,4029108736,81.2692520003111,82.68427999973937
nymeria,cuda,dense_tokens,nymeria__only_body_velocity__qwen3_4b,qwen3_4b,only_body_velocity,49102,196408,1823168,1100,27444,21658,0.44823300049756654,3.834716001615452,3.834716001615452,4029157838,8071695160,524958823744,4029108736,81.30560200061154,82.63713800079131
nymeria,cuda,raw,nymeria__only_body_velocity__qwen3_4b,qwen3_4b,only_body_velocity,46726,186904,3214784,205452,46726,0,0.8328240000992082,167.34177399886886,167.34177399886886,4029155462,8071685656,701928652096,4029108736,81.2692520003111,82.56779800012737
nymeria,cuda,early_fusion,nymeria__only_body_velocity__qwen3_4b,qwen3_4b,only_body_velocity,34822,139288,2454976,205452,34822,0,0.83362399982434,167.34157499960912,167.34157499960912,4029143558,8071638040,701927892288,4029108736,81.2692520003111,82.57083800071996
nymeria,cuda,late_fusion,nymeria__only_body_velocity__qwen3_4b,qwen3_4b,only_body_velocity,19612,78448,1221760,88,0,19612,0.07672999981878093,2.552310999951651,2.552310999951651,4022487708,8045014640,591016152192,4022468096,82.07034599945473,82.89100999900256
nymeria,cuda,local_only,nymeria__only_body_velocity__qwen3_4b,qwen3_4b,only_body_velocity,19612,78448,1221760,52,0,19612,0.09473000045545632,2.56416200069678,2.56416200069678,4022487708,8045014640,591016152192,4022468096,82.07034599945473,82.91552100035915
nymeria,cuda,bottleneck,nymeria__only_body_velocity__qwen3_4b,qwen3_4b,only_body_velocity,47018,188072,3231168,684,27604,19414,0.4887830000370741,3.463434999749577,3.463434999749577,4029155754,8071686824,701928668480,4029108736,81.2692520003111,82.59148900015134
nymeria,cuda,tokenlearner,nymeria__only_body_velocity__qwen3_4b,qwen3_4b,only_body_velocity,48046,192184,1806784,1100,27444,20602,0.44728299963026075,3.8213460002178907,3.8213460002178907,4029156782,8071690936,524958807360,4029108736,81.30560200061154,82.63859800081264
nymeria,cuda,posthoc_vq,nymeria__only_body_velocity__qwen3_4b,qwen3_4b,only_body_velocity,48774,195096,3280320,192,28468,20306,0.570573000004515,3.349656000480894,3.349656000480894,4029157510,8071693848,701928717632,4029108736,81.2692520003111,82.87132999976166
nymeria,cuda,joint_vq,nymeria__only_body_velocity__qwen3_4b,qwen3_4b,only_body_velocity,51150,204600,1839552,81,28468,22682,0.5518429998119245,3.448736999445723,3.448736999445723,4029159886,8071703352,524958840128,4029108736,81.30560200061154,82.95197000006738
nymeria,cuda,deepconvlstm,nymeria__only_body_velocity__qwen3_4b,qwen3_4b,only_body_velocity,48860,195440,3056768,205452,48860,0,0.48660199990990805,166.98492200013771,166.98492200013771,4029157596,8071694192,701928494080,4029108736,81.2692520003111,82.25621699966723
nymeria,cuda,unrestricted_bank,nymeria__only_body_velocity__qwen3_4b,qwen3_4b,only_body_velocity,51182,204728,1839552,81,28468,22714,0.4638520003936719,3.0627160013244836,3.0627160013244836,4029159918,8071703480,524958840128,4029108736,81.30560200061154,82.70903900029225
nymeria,cuda,separate_banks,nymeria__only_body_velocity__qwen3_4b,qwen3_4b,only_body_velocity,51182,204728,1839552,81,28468,22714,0.577313000576396,3.1738349998994497,3.1738349998994497,4029159918,8071703480,524958840128,4029108736,81.30560200061154,82.7986600006625
nymeria,cuda,fixed_resampling,nymeria__only_body_velocity__qwen3_4b,qwen3_4b,only_body_velocity,51182,204728,1521600,81,28468,22714,0.5666429997290834,3.1198650004006456,3.1198650004006456,4029159918,8071703480,524958522176,4029108736,81.30560200061154,82.74918000097387
nymeria,cuda,finetune_encoders,nymeria__only_body_velocity__qwen3_4b,qwen3_4b,only_body_velocity,51182,204728,1839552,81,28468,22714,0.5472430002555484,3.1397849998319405,3.1397849998319405,4029159918,8071703480,524958840128,4029108736,81.30560200061154,82.77643900055409
nymeria,cuda,no_alignment,nymeria__only_body_velocity__qwen3_4b,qwen3_4b,only_body_velocity,51182,204728,1839552,81,28468,22714,0.5657920000885497,3.163265001632576,3.163265001632576,4029159918,8071703480,524958840128,4029108736,81.30560200061154,82.79713900174102
nymeria,cuda,no_usage,nymeria__only_body_velocity__qwen3_4b,qwen3_4b,only_body_velocity,51182,204728,1839552,81,28468,22714,0.5570529992837692,3.1579849992630304,3.1579849992630304,4029159918,8071703480,524958840128,4029108736,81.30560200061154,82.78566900025908
nymeria,cuda,tcn,nymeria__only_body_velocity__qwen3_4b,qwen3_4b,only_body_velocity,20710,82840,1268928,205452,20710,0,0.6044029996701283,167.10570299930606,167.10570299930606,4029129446,8071581592,701926706240,4029108736,81.2692520003111,82.34394699957193
nymeria,cuda,ts_transformer,nymeria__only_body_velocity__qwen3_4b,qwen3_4b,only_body_velocity,33574,134296,2317504,205452,33574,0,0.6840930000180379,167.18613300092312,167.18613300092312,4029142310,8071633048,701927754816,4029108736,81.2692520003111,82.44619800007058
nymeria,cuda,patchtst,nymeria__only_body_velocity__qwen3_4b,qwen3_4b,only_body_velocity,31590,126360,25176384,205452,31590,0,0.7865540001148474,167.28659400034286,167.28659400034286,4029140326,8071625112,517623237696,4029108736,81.52396300010878,82.78899000106321
nymeria,mixed,distrixsense,nymeria__only_body_velocity__qwen3_4b,qwen3_4b,only_body_velocity,51182,204728,1839552,81,28468,22714,0.5532420000236016,2.9047030011787545,2.9047030011787545,4029159918,8071703480,524958840128,4029108736,81.30560200061154,82.65142999971431
nymeria,mixed,dense,nymeria__only_body_velocity__qwen3_4b,qwen3_4b,only_body_velocity,46726,186904,3214784,4324,27444,19282,0.47111200001381803,6.145532999976003,6.145532999976003,4029155462,8071685656,701928652096,4029108736,81.2692520003111,82.43266799945559
nymeria,mixed,dense_tokens,nymeria__only_body_velocity__qwen3_4b,qwen3_4b,only_body_velocity,49102,196408,1823168,1100,27444,21658,0.44599199918593513,3.5861229998726047,3.5861229998726047,4029157838,8071695160,524958823744,4029108736,81.30560200061154,82.49153800079512
nymeria,mixed,raw,nymeria__only_body_velocity__qwen3_4b,qwen3_4b,only_body_velocity,46726,186904,3214784,205452,46726,0,0.8296440000776784,167.26614400196905,167.26614400196905,4029155462,8071685656,701928652096,4029108736,81.2692520003111,82.51575800113642
nymeria,mixed,early_fusion,nymeria__only_body_velocity__qwen3_4b,qwen3_4b,only_body_velocity,34822,139288,2454976,205452,34822,0,0.8455150000372669,167.28155499951737,167.28155499951737,4029143558,8071638040,701927892288,4029108736,81.2692520003111,82.53608799896028
nymeria,mixed,late_fusion,nymeria__only_body_velocity__qwen3_4b,qwen3_4b,only_body_velocity,19612,78448,1221760,88,0,19612,0.07716999971307814,2.3688909997394423,2.3688909997394423,4022487708,8045014640,591016152192,4022468096,82.07034599945473,82.76693900006649
nymeria,mixed,local_only,nymeria__only_body_velocity__qwen3_4b,qwen3_4b,only_body_velocity,19612,78448,1221760,52,0,19612,0.09252000018022954,2.3599710014127426,2.3599710014127426,4022487708,8045014640,591016152192,4022468096,82.07034599945473,82.7828799992858
nymeria,mixed,bottleneck,nymeria__only_body_velocity__qwen3_4b,qwen3_4b,only_body_velocity,47018,188072,3231168,684,27604,19414,0.4791230003320379,3.2549549989844557,3.2549549989844557,4029155754,8071686824,701928668480,4029108736,81.2692520003111,82.46499700089771
nymeria,mixed,tokenlearner,nymeria__only_body_velocity__qwen3_4b,qwen3_4b,only_body_velocity,48046,192184,1806784,1100,27444,20602,0.44914299996889895,3.588513999597926,3.588513999597926,4029156782,8071690936,524958807360,4029108736,81.30560200061154,82.49674900071113
nymeria,mixed,posthoc_vq,nymeria__only_body_velocity__qwen3_4b,qwen3_4b,only_body_velocity,48774,195096,3280320,192,28468,20306,0.6022930001563509,3.082063999116502,3.082063999116502,4029157510,8071693848,701928717632,4029108736,81.2692520003111,82.66043900039222
nymeria,mixed,joint_vq,nymeria__only_body_velocity__qwen3_4b,qwen3_4b,only_body_velocity,51150,204600,1839552,81,28468,22682,0.5528629999389523,3.0014449994558934,3.0014449994558934,4029159886,8071703352,524958840128,4029108736,81.30560200061154,82.71718000105466
nymeria,mixed,deepconvlstm,nymeria__only_body_velocity__qwen3_4b,qwen3_4b,only_body_velocity,48860,195440,3056768,205452,48860,0,0.4863229996772134,166.92876299968685,166.92876299968685,4029157596,8071694192,701928494080,4029108736,81.2692520003111,82.21194700126944
nymeria,mixed,unrestricted_bank,nymeria__only_body_velocity__qwen3_4b,qwen3_4b,only_body_velocity,51182,204728,1839552,81,28468,22714,0.4680320007537375,2.8089230000040377,2.8089230000040377,4029159918,8071703480,524958840128,4029108736,81.30560200061154,82.55317800012563
nymeria,mixed,separate_banks,nymeria__only_body_velocity__qwen3_4b,qwen3_4b,only_body_velocity,51182,204728,1839552,81,28468,22714,0.5650630000673118,2.90635400054442,2.90635400054442,4029159918,8071703480,524958840128,4029108736,81.30560200061154,82.64034900003026
nymeria,mixed,fixed_resampling,nymeria__only_body_velocity__qwen3_4b,qwen3_4b,only_body_velocity,51182,204728,1521600,81,28468,22714,0.5684730003849836,2.8389440003883326,2.8389440003883326,4029159918,8071703480,524958522176,4029108736,81.30560200061154,82.54141900033574
nymeria,mixed,finetune_encoders,nymeria__only_body_velocity__qwen3_4b,qwen3_4b,only_body_velocity,51182,204728,1839552,81,28468,22714,0.5509229995368514,2.8963549994222237,2.8963549994222237,4029159918,8071703480,524958840128,4029108736,81.30560200061154,82.70518900008028
nymeria,mixed,no_alignment,nymeria__only_body_velocity__qwen3_4b,qwen3_4b,only_body_velocity,51182,204728,1839552,81,28468,22714,0.559441999939736,2.9073430005445378,2.9073430005445378,4029159918,8071703480,524958840128,4029108736,81.30560200061154,82.62240800013387
nymeria,mixed,no_usage,nymeria__only_body_velocity__qwen3_4b,qwen3_4b,only_body_velocity,51182,204728,1839552,81,28468,22714,0.5548130002352991,2.904975000121235,2.904975000121235,4029159918,8071703480,524958840128,4029108736,81.30560200061154,82.6247989998592
nymeria,mixed,tcn,nymeria__only_body_velocity__qwen3_4b,qwen3_4b,only_body_velocity,20710,82840,1268928,205452,20710,0,0.5992930000502383,167.0354440006302,167.0354440006302,4029129446,8071581592,701926706240,4029108736,81.2692520003111,82.28680800039001
nymeria,mixed,ts_transformer,nymeria__only_body_velocity__qwen3_4b,qwen3_4b,only_body_velocity,33574,134296,2317504,205452,33574,0,0.6916940001246985,167.13259400095905,167.13259400095905,4029142310,8071633048,701927754816,4029108736,81.2692520003111,82.39691800008586
nymeria,mixed,patchtst,nymeria__only_body_velocity__qwen3_4b,qwen3_4b,only_body_velocity,31590,126360,25176384,205452,31590,0,0.792434000686626,167.23127399965944,167.23127399965944,4029140326,8071625112,517623237696,4029108736,81.52396300010878,82.73708899923804
nymeria,cuda,distrixsense,nymeria__only_eye_images__qwen3_4b,qwen3_4b,only_eye_images,72004,288016,3472384,164,29556,42448,0.686243000018294,3.294615999342664,5.852488998851378,4029180740,8071786768,598588204160,4029108736,81.26205099961226,83.44722299898422
nymeria,cuda,dense,nymeria__only_eye_images__qwen3_4b,qwen3_4b,only_eye_images,63092,252368,6714368,8648,27508,35584,0.5317029999787337,6.402804000894993,12.221005000091717,4029171828,8071751120,953774027904,4029108736,81.04271999945922,82.80500799992296
nymeria,cuda,dense_tokens,nymeria__only_eye_images__qwen3_4b,qwen3_4b,only_eye_images,67844,271376,3439616,2200,27508,40336,0.5264729998089024,3.9193150005256756,7.26438699984079,4029176580,8071770128,598588171392,4029108736,81.26205099961226,83.20045100117568
nymeria,cuda,raw,nymeria__only_eye_images__qwen3_4b,qwen3_4b,only_eye_images,63092,252368,6714368,15968,63092,0,1.1421660001360578,9.643106000551477,18.090177000854723,4029171828,8071751120,953774027904,4029108736,81.04271999945922,82.7214279988766
nymeria,cuda,early_fusion,nymeria__only_eye_images__qwen3_4b,qwen3_4b,only_eye_images,40532,162128,2808832,15968,40532,0,1.0563850000835373,9.559775000055076,18.009514999872167,4029149268,8071660880,716679744640,4029108736,81.99424499980523,83.56372199978068
nymeria,cuda,late_fusion,nymeria__only_eye_images__qwen3_4b,qwen3_4b,only_eye_images,36244,144976,2254080,176,0,36244,0.09253000007447554,2.594222000104701,5.051674000510375,4022504340,8045081168,605733293568,4022468096,81.28961200054619,82.6070590001109
nymeria,cuda,local_only,nymeria__only_eye_images__qwen3_4b,qwen3_4b,only_eye_images,36244,144976,2254080,104,0,36244,0.12371000048005953,2.605083001315035,5.043925002187246,4022504340,8045081168,605733293568,4022468096,81.28961200054619,82.58844800002407
nymeria,cuda,bottleneck,nymeria__only_eye_images__qwen3_4b,qwen3_4b,only_eye_images,63676,254704,6747136,1368,27828,35848,0.5460430002131034,3.835376998968993,6.7691489989938916,4029172412,8071753456,953774060672,4029108736,81.04271999945922,82.87767999900097
nymeria,cuda,tokenlearner,nymeria__only_eye_images__qwen3_4b,qwen3_4b,only_eye_images,65732,262928,3406848,2200,27508,38224,0.512791999426554,3.9134549988328944,7.2571880000302915,4029174468,8071761680,598588138624,4029108736,81.26205099961226,83.2047000003513
nymeria,cuda,posthoc_vq,nymeria__only_eye_images__qwen3_4b,qwen3_4b,only_eye_images,69236,276944,6845440,392,29556,39680,0.7139830004234682,3.633947001423873,6.367719001513755,4029177972,8071775696,953774158976,4029108736,81.04271999945922,83.42841200010298
nymeria,cuda,joint_vq,nymeria__only_eye_images__qwen3_4b,qwen3_4b,only_eye_images,73988,295952,3472384,164,29556,44432,0.6869239996376564,3.471397000188613,6.1839100004983365,4029182724,8071794704,598588204160,4029108736,81.26205099961226,83.78170399919327
nymeria,cuda,deepconvlstm,nymeria__only_eye_images__qwen3_4b,qwen3_4b,only_eye_images,62026,248104,3891840,15968,62026,0,0.7054839998090756,9.202575000456697,17.651035001077375,4029170762,8071746856,716680827648,4029108736,81.99424499980523,83.23193099931814
nymeria,cuda,unrestricted_bank,nymeria__only_eye_images__qwen3_4b,qwen3_4b,only_eye_images,74116,296464,3505152,164,29556,44560,0.547583000297891,3.1809460000059566,5.735168000381428,4029182852,8071795216,598588236928,4029108736,81.26205099961226,83.32572000017535
nymeria,cuda,separate_banks,nymeria__only_eye_images__qwen3_4b,qwen3_4b,only_eye_images,72004,288016,3472384,164,29556,42448,0.7187840001279255,3.3377660004899603,5.891818001753755,4029180740,8071786768,598588204160,4029108736,81.26205099961226,83.46064299985301
nymeria,cuda,fixed_resampling,nymeria__only_eye_images__qwen3_4b,qwen3_4b,only_eye_images,72004,288016,2923520,164,29556,42448,0.6911840000611846,3.286175999468565,5.817318999714381,4029180740,8071786768,598587655296,4029108736,81.26205099961226,83.39987199997267
nymeria,cuda,finetune_encoders,nymeria__only_eye_images__qwen3_4b,qwen3_4b,only_eye_images,72004,288016,3472384,164,29556,42448,0.6841439999334398,3.303085999808996,5.859267999465565,4029180740,8071786768,598588204160,4029108736,81.26205099961226,83.46166199953586
nymeria,cuda,no_alignment,nymeria__only_eye_images__qwen3_4b,qwen3_4b,only_eye_images,72004,288016,3472384,164,29556,42448,0.693504000082612,3.314827000698738,5.870940000630263,4029180740,8071786768,598588204160,4029108736,81.26205099961226,83.45622199885838
nymeria,cuda,no_usage,nymeria__only_eye_images__qwen3_4b,qwen3_4b,only_eye_images,72004,288016,3472384,164,29556,42448,0.7116339993444853,3.331886999452859,5.886819000505248,4029180740,8071786768,598588204160,4029108736,81.26205099961226,83.48416299941164
nymeria,cuda,tcn,nymeria__only_eye_images__qwen3_4b,qwen3_4b,only_eye_images,26388,105552,1622784,15968,26388,0,0.8113340009003878,9.31338500093522,17.760895001598087,4029135124,8071604304,716678558592,4029108736,81.99424499980523,83.3247209993715
nymeria,cuda,ts_transformer,nymeria__only_eye_images__qwen3_4b,qwen3_4b,only_eye_images,39252,157008,2671360,15968,39252,0,0.9024249993672129,9.40589499849272,17.854634997971274,4029147988,8071655760,716679607168,4029108736,81.99424499980523,83.40967200001614
nymeria,cuda,patchtst,nymeria__only_eye_images__qwen3_4b,qwen3_4b,only_eye_images,35348,141392,46658688,15968,35348,0,0.9981850007534376,9.505655001233087,17.95310600115566,4029144084,8071640144,532337236096,4029108736,81.93365500028449,83.45052300046518
nymeria,mixed,distrixsense,nymeria__only_eye_images__qwen3_4b,qwen3_4b,only_eye_images,72004,288016,3472384,164,29556,42448,0.6896730001244578,3.035354000834655,5.330555000608193,4029180740,8071786768,598588204160,4029108736,81.26205099961226,83.07616000001872
nymeria,mixed,dense,nymeria__only_eye_images__qwen3_4b,qwen3_4b,only_eye_images,63092,252368,6714368,8648,27508,35584,0.5431230001704535,6.225454001064226,11.848994001147256,4029171828,8071751120,953774027904,4029108736,81.04271999945922,82.54570799999783
nymeria,mixed,dense_tokens,nymeria__only_eye_images__qwen3_4b,qwen3_4b,only_eye_images,67844,271376,3439616,2200,27508,40336,0.5188719997022417,3.665763999374467,6.763924999167793,4029176580,8071770128,598588171392,4029108736,81.26205099961226,82.83772000049794
nymeria,mixed,raw,nymeria__only_eye_images__qwen3_4b,qwen3_4b,only_eye_images,63092,252368,6714368,15968,63092,0,1.1539360002643662,9.60045700001762,17.996906999511097,4029171828,8071751120,953774027904,4029108736,81.04271999945922,82.63649800028361
nymeria,mixed,early_fusion,nymeria__only_eye_images__qwen3_4b,qwen3_4b,only_eye_images,40532,162128,2808832,15968,40532,0,1.0501160004423582,9.497596001422487,17.89401600214272,4029149268,8071660880,716679744640,4029108736,81.99424499980523,83.50331299971003
nymeria,mixed,late_fusion,nymeria__only_eye_images__qwen3_4b,qwen3_4b,only_eye_images,36244,144976,2254080,176,0,36244,0.09313100053987,2.3857620000375666,4.634152999001217,4022504340,8045081168,605733293568,4022468096,81.28961200054619,82.25703700190934
nymeria,mixed,local_only,nymeria__only_eye_images__qwen3_4b,qwen3_4b,only_eye_images,36244,144976,2254080,104,0,36244,0.1226009999300004,2.3923530000206314,4.616632999873184,4022504340,8045081168,605733293568,4022468096,81.28961200054619,82.27573600106552
nymeria,mixed,bottleneck,nymeria__only_eye_images__qwen3_4b,qwen3_4b,only_eye_images,63676,254704,6747136,1368,27828,35848,0.5606830000033369,3.335304000093881,6.06381500032699,4029172412,8071753456,953774060672,4029108736,81.04271999945922,82.58180800021364
nymeria,mixed,tokenlearner,nymeria__only_eye_images__qwen3_4b,qwen3_4b,only_eye_images,65732,262928,3406848,2200,27508,38224,0.6310630005827988,3.822864001444832,6.963625000925967,4029174468,8071761680,598588138624,4029108736,81.26205099961226,83.05473099972005
nymeria,mixed,posthoc_vq,nymeria__only_eye_images__qwen3_4b,qwen3_4b,only_eye_images,69236,276944,6845440,392,29556,39680,0.7017239995548152,3.2036760001458577,5.631296999649343,4029177972,8071775696,953774158976,4029108736,81.04271999945922,82.96805099871563
nymeria,mixed,joint_vq,nymeria__only_eye_images__qwen3_4b,qwen3_4b,only_eye_images,73988,295952,3472384,164,29556,44432,0.6963139994695666,3.117955999490828,5.483966999843879,4029182724,8071794704,598588204160,4029108736,81.26205099961226,83.24086199900194
nymeria,mixed,deepconvlstm,nymeria__only_eye_images__qwen3_4b,qwen3_4b,only_eye_images,62026,248104,3891840,15968,62026,0,0.7069929997669533,9.154533999647235,17.55106400011367,4029170762,8071746856,716680827648,4029108736,81.99424499980523,83.1340309987354
nymeria,mixed,unrestricted_bank,nymeria__only_eye_images__qwen3_4b,qwen3_4b,only_eye_images,74116,296464,3505152,164,29556,44560,0.5440630002340185,2.90981400060819,5.205746000381815,4029182852,8071795216,598588236928,4029108736,81.26205099961226,82.95523000015237
nymeria,mixed,separate_banks,nymeria__only_eye_images__qwen3_4b,qwen3_4b,only_eye_images,72004,288016,3472384,164,29556,42448,0.7081040002958616,3.0526870007944176,5.3445480004195005,4029180740,8071786768,598588204160,4029108736,81.26205099961226,83.09757900042314
nymeria,mixed,fixed_resampling,nymeria__only_eye_images__qwen3_4b,qwen3_4b,only_eye_images,72004,288016,2923520,164,29556,42448,0.6856640002297354,2.9745559998756157,5.1996669996408045,4029180740,8071786768,598587655296,4029108736,81.26205099961226,82.95130899932701
nymeria,mixed,finetune_encoders,nymeria__only_eye_images__qwen3_4b,qwen3_4b,only_eye_images,72004,288016,3472384,164,29556,42448,0.6980230000408483,3.044593999524391,5.338244998409401,4029180740,8071786768,598588204160,4029108736,81.26205099961226,83.08882099936454
nymeria,mixed,no_alignment,nymeria__only_eye_images__qwen3_4b,qwen3_4b,only_eye_images,72004,288016,3472384,164,29556,42448,0.6936929994481034,3.0419359985299756,5.338527998599794,4029180740,8071786768,598588204160,4029108736,81.26205099961226,83.09551000002102
nymeria,mixed,no_usage,nymeria__only_eye_images__qwen3_4b,qwen3_4b,only_eye_images,72004,288016,3472384,164,29556,42448,0.6833639999968,3.036125999946403,5.326987000142445,4029180740,8071786768,598588204160,4029108736,81.26205099961226,83.07049999984883
nymeria,mixed,tcn,nymeria__only_eye_images__qwen3_4b,qwen3_4b,only_eye_images,26388,105552,1622784,15968,26388,0,0.8165340004779864,9.26198400018881,17.658583999914967,4029135124,8071604304,716678558592,4029108736,81.99424499980523,83.26350200059096
nymeria,mixed,ts_transformer,nymeria__only_eye_images__qwen3_4b,qwen3_4b,only_eye_images,39252,157008,2671360,15968,39252,0,0.89822500012815,9.344594999204553,17.741104999882495,4029147988,8071655760,716679607168,4029108736,81.99424499980523,83.32758200049284
nymeria,mixed,patchtst,nymeria__only_eye_images__qwen3_4b,qwen3_4b,only_eye_images,35348,141392,46658688,15968,35348,0,1.0039750004580128,9.449435001882073,17.846095002792694,4029144084,8071640144,532337236096,4029108736,81.93365500028449,83.36324200081435
nymeria,cuda,distrixsense,nymeria__only_foot_contacts__qwen3_4b,qwen3_4b,only_foot_contacts,35712,142848,857792,81,28468,7244,0.568182999813871,3.130615000401926,3.130615000401926,4029144448,8071641600,524957858368,4029108736,81.30560200061154,82.76772000135679
nymeria,cuda,dense,nymeria__only_foot_contacts__qwen3_4b,qwen3_4b,only_foot_contacts,31256,125024,2233024,4324,27444,3812,0.4708420001406921,6.297733999740321,6.297733999740321,4029139992,8071623776,701927670336,4029108736,81.2692520003111,82.5351680005042
nymeria,cuda,dense_tokens,nymeria__only_foot_contacts__qwen3_4b,qwen3_4b,only_foot_contacts,33632,134528,841408,1100,27444,6188,0.4516320004768204,3.812934000957175,3.812934000957175,4029142368,8071633280,524957841984,4029108736,81.30560200061154,82.61906800089491
nymeria,cuda,raw,nymeria__only_foot_contacts__qwen3_4b,qwen3_4b,only_foot_contacts,31256,125024,2233024,14696,31256,0,0.803653999355447,14.656435000678245,14.656435000678245,4029139992,8071623776,701927670336,4029108736,81.2692520003111,82.4995589991886
nymeria,cuda,early_fusion,nymeria__only_foot_contacts__qwen3_4b,qwen3_4b,only_foot_contacts,27672,110688,2005696,14696,27672,0,0.8317739993799478,14.68341399867211,14.68341399867211,4029136408,8071609440,701927443008,4029108736,81.2692520003111,82.52492900010111
nymeria,cuda,late_fusion,nymeria__only_foot_contacts__qwen3_4b,qwen3_4b,only_foot_contacts,4142,16568,240000,88,0,4142,0.07675000051676761,2.544511000585253,2.544511000585253,4022472238,8044952760,591015170432,4022468096,82.07034599945473,82.85112000066874
nymeria,cuda,local_only,nymeria__only_foot_contacts__qwen3_4b,qwen3_4b,only_foot_contacts,4142,16568,240000,52,0,4142,0.09983099971577758,2.548872999129782,2.548872999129782,4022472238,8044952760,591015170432,4022468096,82.07034599945473,82.88430999982666
nymeria,cuda,bottleneck,nymeria__only_foot_contacts__qwen3_4b,qwen3_4b,only_foot_contacts,31548,126192,2249408,684,27604,3944,0.47815300058573484,3.4197349998712774,3.4197349998712774,4029140284,8071624944,701927686720,4029108736,81.2692520003111,82.55009799995605
nymeria,cuda,tokenlearner,nymeria__only_foot_contacts__qwen3_4b,qwen3_4b,only_foot_contacts,32576,130304,825024,1100,27444,5132,0.445222000053036,3.8042440000889473,3.8042440000889473,4029141312,8071629056,524957825600,4029108736,81.30560200061154,82.61295900047116
nymeria,cuda,posthoc_vq,nymeria__only_foot_contacts__qwen3_4b,qwen3_4b,only_foot_contacts,33304,133216,2298560,192,28468,4836,0.6109129999458673,3.350495998873515,3.350495998873515,4029142040,8071631968,701927735872,4029108736,81.2692520003111,82.85437999984424
nymeria,cuda,joint_vq,nymeria__only_foot_contacts__qwen3_4b,qwen3_4b,only_foot_contacts,35680,142720,857792,81,28468,7212,0.5531730002985569,3.2859870007377,3.2859870007377,4029144416,8071641472,524957858368,4029108736,81.30560200061154,82.93960100036202
nymeria,cuda,deepconvlstm,nymeria__only_foot_contacts__qwen3_4b,qwen3_4b,only_foot_contacts,33390,133560,2075008,14696,33390,0,0.46097199992800597,14.318193000680255,14.318193000680255,4029142126,8071632312,701927512320,4029108736,81.2692520003111,82.17545600018639
nymeria,cuda,unrestricted_bank,nymeria__only_foot_contacts__qwen3_4b,qwen3_4b,only_foot_contacts,35712,142848,857792,81,28468,7244,0.4707119996965048,3.051004000582802,3.051004000582802,4029144448,8071641600,524957858368,4029108736,81.30560200061154,82.69279900105175
nymeria,cuda,separate_banks,nymeria__only_foot_contacts__qwen3_4b,qwen3_4b,only_foot_contacts,35712,142848,857792,81,28468,7244,0.5705630001102691,3.160755999517173,3.160755999517173,4029144448,8071641600,524957858368,4029108736,81.30560200061154,82.76593000027788
nymeria,cuda,fixed_resampling,nymeria__only_foot_contacts__qwen3_4b,qwen3_4b,only_foot_contacts,35712,142848,856000,81,28468,7244,0.5471429994940991,3.0959949990864377,3.0959949990864377,4029144448,8071641600,524957856576,4029108736,81.30560200061154,82.76222900076391
nymeria,cuda,finetune_encoders,nymeria__only_foot_contacts__qwen3_4b,qwen3_4b,only_foot_contacts,35712,142848,857792,81,28468,7244,0.5568030001086299,3.121795999533683,3.121795999533683,4029144448,8071641600,524957858368,4029108736,81.30560200061154,82.75738900101715
nymeria,cuda,no_alignment,nymeria__only_foot_contacts__qwen3_4b,qwen3_4b,only_foot_contacts,35712,142848,857792,81,28468,7244,0.5557530002988642,3.115215999998222,3.115215999998222,4029144448,8071641600,524957858368,4029108736,81.30560200061154,82.74958900074125
nymeria,cuda,no_usage,nymeria__only_foot_contacts__qwen3_4b,qwen3_4b,only_foot_contacts,35712,142848,857792,81,28468,7244,0.5543529996430152,3.1221150002528564,3.1221150002528564,4029144448,8071641600,524957858368,4029108736,81.30560200061154,82.76919000036287
nymeria,cuda,tcn,nymeria__only_foot_contacts__qwen3_4b,qwen3_4b,only_foot_contacts,13560,54240,819648,14696,13560,0,0.5948529997112928,14.451842999723228,14.451842999723228,4029122296,8071552992,701926256960,4029108736,81.2692520003111,82.29043800020008
nymeria,cuda,ts_transformer,nymeria__only_foot_contacts__qwen3_4b,qwen3_4b,only_foot_contacts,26424,105696,1868224,14696,26424,0,0.6868840000606724,14.537683999141224,14.537683999141224,4029135160,8071604448,701927305536,4029108736,81.2692520003111,82.37744700090843
nymeria,cuda,patchtst,nymeria__only_foot_contacts__qwen3_4b,qwen3_4b,only_foot_contacts,26520,106080,1447744,14696,26520,0,0.7655339995835675,14.619375000610377,14.619375000610377,4029135256,8071604832,517599509056,4029108736,81.52396300010878,82.70193800035486
nymeria,mixed,distrixsense,nymeria__only_foot_contacts__qwen3_4b,qwen3_4b,only_foot_contacts,35712,142848,857792,81,28468,7244,0.5576929997914704,2.8930239996333373,2.8930239996333373,4029144448,8071641600,524957858368,4029108736,81.30560200061154,82.62717800062092
nymeria,mixed,dense,nymeria__only_foot_contacts__qwen3_4b,qwen3_4b,only_foot_contacts,31256,125024,2233024,4324,27444,3812,0.48253200020553777,6.142983001477423,6.142983001477423,4029139992,8071623776,701927670336,4029108736,81.2692520003111,82.41228900078568
nymeria,mixed,dense_tokens,nymeria__only_foot_contacts__qwen3_4b,qwen3_4b,only_foot_contacts,33632,134528,841408,1100,27444,6188,0.4478330001802533,3.577235998813994,3.577235998813994,4029142368,8071633280,524957841984,4029108736,81.30560200061154,82.48097700106882
nymeria,mixed,raw,nymeria__only_foot_contacts__qwen3_4b,qwen3_4b,only_foot_contacts,31256,125024,2233024,14696,31256,0,0.803853999968851,14.610294999319082,14.610294999319082,4029139992,8071623776,701927670336,4029108736,81.2692520003111,82.4623269991207
nymeria,mixed,early_fusion,nymeria__only_foot_contacts__qwen3_4b,qwen3_4b,only_foot_contacts,27672,110688,2005696,14696,27672,0,0.833604000035848,14.642404000359308,14.642404000359308,4029136408,8071609440,701927443008,4029108736,81.2692520003111,82.49263900052028
nymeria,mixed,late_fusion,nymeria__only_foot_contacts__qwen3_4b,qwen3_4b,only_foot_contacts,4142,16568,240000,88,0,4142,0.0753009999243659,2.358802000478527,2.358802000478527,4022472238,8044952760,591015170432,4022468096,82.07034599945473,82.75786899957893
nymeria,mixed,local_only,nymeria__only_foot_contacts__qwen3_4b,qwen3_4b,only_foot_contacts,4142,16568,240000,52,0,4142,0.09198099996865494,2.3479519989154882,2.3479519989154882,4022472238,8044952760,591015170432,4022468096,82.07034599945473,82.77627899951767
nymeria,mixed,bottleneck,nymeria__only_foot_contacts__qwen3_4b,qwen3_4b,only_foot_contacts,31548,126192,2249408,684,27604,3944,0.48238199997285847,3.250702999385819,3.250702999385819,4029140284,8071624944,701927686720,4029108736,81.2692520003111,82.44881900009204
nymeria,mixed,tokenlearner,nymeria__only_foot_contacts__qwen3_4b,qwen3_4b,only_foot_contacts,32576,130304,825024,1100,27444,5132,0.45787200087943347,3.5872940015859784,3.5872940015859784,4029141312,8071629056,524957825600,4029108736,81.30560200061154,82.47356800166017
nymeria,mixed,posthoc_vq,nymeria__only_foot_contacts__qwen3_4b,qwen3_4b,only_foot_contacts,33304,133216,2298560,192,28468,4836,0.5905930001972592,3.053724000509095,3.053724000509095,4029142040,8071631968,701927735872,4029108736,81.2692520003111,82.66268800070975
nymeria,mixed,joint_vq,nymeria__only_foot_contacts__qwen3_4b,qwen3_4b,only_foot_contacts,35680,142720,857792,81,28468,7212,0.5584820000876789,2.969724000678875,2.969724000678875,4029144416,8071641472,524957858368,4029108736,81.30560200061154,82.69196900073439
nymeria,mixed,deepconvlstm,nymeria__only_foot_contacts__qwen3_4b,qwen3_4b,only_foot_contacts,33390,133560,2075008,14696,33390,0,0.4718119998869952,14.278722000189079,14.278722000189079,4029142126,8071632312,701927512320,4029108736,81.2692520003111,82.13146700109064
nymeria,mixed,unrestricted_bank,nymeria__only_foot_contacts__qwen3_4b,qwen3_4b,only_foot_contacts,35712,142848,857792,81,28468,7244,0.4612220000126399,2.79726299962193,2.79726299962193,4029144448,8071641600,524957858368,4029108736,81.30560200061154,82.54979899993486
nymeria,mixed,separate_banks,nymeria__only_foot_contacts__qwen3_4b,qwen3_4b,only_foot_contacts,35712,142848,857792,81,28468,7244,0.5619129997285199,2.8945949980260455,2.8945949980260455,4029144448,8071641600,524957858368,4029108736,81.30560200061154,82.63514800091798
nymeria,mixed,fixed_resampling,nymeria__only_foot_contacts__qwen3_4b,qwen3_4b,only_foot_contacts,35712,142848,856000,81,28468,7244,0.5556129999604309,2.8205740000265767,2.8205740000265767,4029144448,8071641600,524957856576,4029108736,81.30560200061154,82.63105800051562
nymeria,mixed,finetune_encoders,nymeria__only_foot_contacts__qwen3_4b,qwen3_4b,only_foot_contacts,35712,142848,857792,81,28468,7244,0.5504330001713242,2.8875839998653507,2.8875839998653507,4029144448,8071641600,524957858368,4029108736,81.30560200061154,82.6137980011481
nymeria,mixed,no_alignment,nymeria__only_foot_contacts__qwen3_4b,qwen3_4b,only_foot_contacts,35712,142848,857792,81,28468,7244,0.5631529993479489,2.900636000078416,2.900636000078416,4029144448,8071641600,524957858368,4029108736,81.30560200061154,82.62587000172061
nymeria,mixed,no_usage,nymeria__only_foot_contacts__qwen3_4b,qwen3_4b,only_foot_contacts,35712,142848,857792,81,28468,7244,0.5896430002394482,2.9246540007369592,2.9246540007369592,4029144448,8071641600,524957858368,4029108736,81.30560200061154,82.61545999994269
nymeria,mixed,tcn,nymeria__only_foot_contacts__qwen3_4b,qwen3_4b,only_foot_contacts,13560,54240,819648,14696,13560,0,0.6011730001773685,14.404602999992564,14.404602999992564,4029122296,8071552992,701926256960,4029108736,81.2692520003111,82.26430700051424
nymeria,mixed,ts_transformer,nymeria__only_foot_contacts__qwen3_4b,qwen3_4b,only_foot_contacts,26424,105696,1868224,14696,26424,0,0.6778540000595967,14.480514000741893,14.480514000741893,4029135160,8071604448,701927305536,4029108736,81.2692520003111,82.34521800113725
nymeria,mixed,patchtst,nymeria__only_foot_contacts__qwen3_4b,qwen3_4b,only_foot_contacts,26520,106080,1447744,14696,26520,0,0.7613340003445046,14.565253999525227,14.565253999525227,4029135256,8071604832,517599509056,4029108736,81.52396300010878,82.67911999973876
nymeria,cuda,distrixsense,nymeria__only_gaze__qwen3_4b,qwen3_4b,only_gaze,43700,174800,1676544,164,29556,14144,0.6854329994894215,3.2915260001883375,5.833388000308524,4029152436,8071673552,598586408320,4029108736,81.26205099961226,83.41625100001693
nymeria,cuda,dense,nymeria__only_gaze__qwen3_4b,qwen3_4b,only_gaze,34788,139152,4918528,8648,27508,7280,0.5293029998938437,6.387185000089393,12.181526999219821,4029143524,8071637904,953772232064,4029108736,81.04271999945922,82.75362799940922
nymeria,cuda,dense_tokens,nymeria__only_gaze__qwen3_4b,qwen3_4b,only_gaze,39540,158160,1643776,2200,27508,12032,0.5306229995767353,3.912925000799878,7.248556999902357,4029148276,8071656912,598586375552,4029108736,81.26205099961226,83.14573099960398
nymeria,cuda,raw,nymeria__only_gaze__qwen3_4b,qwen3_4b,only_gaze,34788,139152,4918528,1048,34788,0,1.1250650004512863,3.6555560008452623,6.133806001190713,4029143524,8071637904,953772232064,4029108736,81.04271999945922,82.66862799973751
nymeria,cuda,early_fusion,nymeria__only_gaze__qwen3_4b,qwen3_4b,only_gaze,27844,111376,2012416,1048,27844,0,1.036155999827315,3.5577669986339053,6.037187999783235,4029136580,8071610128,716678948224,4029108736,81.99424499980523,83.5248719986339
nymeria,cuda,late_fusion,nymeria__only_gaze__qwen3_4b,qwen3_4b,only_gaze,7940,31760,458240,176,0,7940,0.09362099990539718,2.580862000420375,5.018144000400626,4022476036,8044967952,605731497728,4022468096,81.28961200054619,82.50208800109249
nymeria,cuda,local_only,nymeria__only_gaze__qwen3_4b,qwen3_4b,only_gaze,7940,31760,458240,104,0,7940,0.12118999984522816,2.578482000233163,4.988933000763575,4022476036,8044967952,605731497728,4022468096,81.28961200054619,82.55199800078117
nymeria,cuda,bottleneck,nymeria__only_gaze__qwen3_4b,qwen3_4b,only_gaze,35372,141488,4951296,1368,27828,7544,0.5433620008261641,3.5110850015107893,6.430577002485784,4029144108,8071640240,953772264832,4029108736,81.04271999945922,82.83210799891094
nymeria,cuda,tokenlearner,nymeria__only_gaze__qwen3_4b,qwen3_4b,only_gaze,37428,149712,1611008,2200,27508,9920,0.5349630000637262,3.9060950002702883,7.223276999857044,4029146164,8071648464,598586342784,4029108736,81.26205099961226,83.14103999964573
nymeria,cuda,posthoc_vq,nymeria__only_gaze__qwen3_4b,qwen3_4b,only_gaze,40932,163728,5049600,392,29556,11376,0.6985339996390394,3.488707999883697,6.195471000477986,4029149668,8071662480,953772363136,4029108736,81.04271999945922,83.38039199952618
nymeria,cuda,joint_vq,nymeria__only_gaze__qwen3_4b,qwen3_4b,only_gaze,45684,182736,1676544,164,29556,16128,0.6749730000592535,3.428606000246969,6.123857999835501,4029154420,8071681488,598586408320,4029108736,81.26205099961226,83.7166929995874
nymeria,cuda,deepconvlstm,nymeria__only_gaze__qwen3_4b,qwen3_4b,only_gaze,33722,134888,2096000,1048,33722,0,0.6961030003367341,3.21595400047563,5.69398400132868,4029142458,8071633640,716679031808,4029108736,81.99424499980523,83.18157099984091
nymeria,cuda,unrestricted_bank,nymeria__only_gaze__qwen3_4b,qwen3_4b,only_gaze,45812,183248,1709312,164,29556,16256,0.5770329998995294,3.214706000411848,5.761629000215372,4029154548,8071682000,598586441088,4029108736,81.26205099961226,83.28163099940866
nymeria,cuda,separate_banks,nymeria__only_gaze__qwen3_4b,qwen3_4b,only_gaze,43700,174800,1676544,164,29556,14144,0.7079140004861983,3.30980599968289,5.8500579995490725,4029152436,8071673552,598586408320,4029108736,81.26205099961226,83.41805199961527
nymeria,cuda,fixed_resampling,nymeria__only_gaze__qwen3_4b,qwen3_4b,only_gaze,43700,174800,1674240,164,29556,14144,0.6892139999763458,3.2543169994224677,5.768820000110473,4029152436,8071673552,598586406016,4029108736,81.26205099961226,83.33544099969004
nymeria,cuda,finetune_encoders,nymeria__only_gaze__qwen3_4b,qwen3_4b,only_gaze,43700,174800,1676544,164,29556,14144,0.6867339998279931,3.330215999389207,5.8692579984092035,4029152436,8071673552,598586408320,4029108736,81.26205099961226,83.42410099976405
nymeria,cuda,no_alignment,nymeria__only_gaze__qwen3_4b,qwen3_4b,only_gaze,43700,174800,1676544,164,29556,14144,0.7009339997239294,3.2906270001459283,5.82898899908124,4029152436,8071673552,598586408320,4029108736,81.26205099961226,83.40226199925382
nymeria,cuda,no_usage,nymeria__only_gaze__qwen3_4b,qwen3_4b,only_gaze,43700,174800,1676544,164,29556,14144,0.6813230002080672,3.276384999784664,5.812256999586872,4029152436,8071673552,598586408320,4029108736,81.26205099961226,83.40430200041737
nymeria,cuda,tcn,nymeria__only_gaze__qwen3_4b,qwen3_4b,only_gaze,13700,54800,826368,1048,13700,0,0.8033839994823211,3.324623999938648,5.80277399952265,4029122436,8071553552,716677762176,4029108736,81.99424499980523,83.28813100069965
nymeria,cuda,ts_transformer,nymeria__only_gaze__qwen3_4b,qwen3_4b,only_gaze,26564,106256,1874944,1048,26564,0,0.8895249993656762,3.4137249985321425,5.894204998941312,4029135300,8071605008,716678810752,4029108736,81.99424499980523,83.393053000691
nymeria,cuda,patchtst,nymeria__only_gaze__qwen3_4b,qwen3_4b,only_gaze,26564,106256,2168704,1048,26564,0,0.9749450000526849,3.5044850009541726,5.98629500094048,4029135300,8071605008,532292746112,4029108736,81.93365500028449,83.45243300027505
nymeria,mixed,distrixsense,nymeria__only_gaze__qwen3_4b,qwen3_4b,only_gaze,43700,174800,1676544,164,29556,14144,0.6828630002928548,3.0236740006640552,5.313275000542681,4029152436,8071673552,598586408320,4029108736,81.26205099961226,83.07432999936282
nymeria,mixed,dense,nymeria__only_gaze__qwen3_4b,qwen3_4b,only_gaze,34788,139152,4918528,8648,27508,7280,0.5329030000211787,6.191175001144747,11.804366001987981,4029143524,8071637904,953772232064,4029108736,81.04271999945922,82.78750799945556
nymeria,mixed,dense_tokens,nymeria__only_gaze__qwen3_4b,qwen3_4b,only_gaze,39540,158160,1643776,2200,27508,12032,0.5186829994272557,3.662903998697293,6.749044999187172,4029148276,8071656912,598586375552,4029108736,81.26205099961226,82.90891900014685
nymeria,mixed,raw,nymeria__only_gaze__qwen3_4b,qwen3_4b,only_gaze,34788,139152,4918528,1048,34788,0,1.1156749997098814,3.585946000308194,6.013876000753406,4029143524,8071637904,953772232064,4029108736,81.04271999945922,82.59384699886141
nymeria,mixed,early_fusion,nymeria__only_gaze__qwen3_4b,qwen3_4b,only_gaze,27844,111376,2012416,1048,27844,0,1.0418349993415177,3.512275999051507,5.94021599848147,4029136580,8071610128,716678948224,4029108736,81.99424499980523,83.45489200019074
nymeria,mixed,late_fusion,nymeria__only_gaze__qwen3_4b,qwen3_4b,only_gaze,7940,31760,458240,176,0,7940,0.12041100035276031,2.465581999010674,4.752202999311394,4022476036,8044967952,605731497728,4022468096,81.28961200054619,82.34608800012211
nymeria,mixed,local_only,nymeria__only_gaze__qwen3_4b,qwen3_4b,only_gaze,7940,31760,458240,104,0,7940,0.12174099992989795,2.5423520003346143,4.761463000736478,4022476036,8044967952,605731497728,4022468096,81.28961200054619,82.2844870008339
nymeria,mixed,bottleneck,nymeria__only_gaze__qwen3_4b,qwen3_4b,only_gaze,35372,141488,4951296,1368,27828,7544,0.7130630001483951,3.5278439993553796,6.299324999001378,4029144108,8071640240,953772264832,4029108736,81.04271999945922,82.79047799987893
nymeria,mixed,tokenlearner,nymeria__only_gaze__qwen3_4b,qwen3_4b,only_gaze,37428,149712,1611008,2200,27508,9920,0.6377540003086324,3.81963499966776,6.954966998809832,4029146164,8071648464,598586342784,4029108736,81.26205099961226,82.84747999914543
nymeria,mixed,posthoc_vq,nymeria__only_gaze__qwen3_4b,qwen3_4b,only_gaze,40932,163728,5049600,392,29556,11376,0.7000940004218137,3.1978360009700526,5.617837001022557,4029149668,8071662480,953772363136,4029108736,81.04271999945922,82.9502099995807
nymeria,mixed,joint_vq,nymeria__only_gaze__qwen3_4b,qwen3_4b,only_gaze,45684,182736,1676544,164,29556,16128,0.6928530001459876,3.1137549998075933,5.483467000584106,4029154420,8071681488,598586408320,4029108736,81.26205099961226,83.22229999976116
nymeria,mixed,deepconvlstm,nymeria__only_gaze__qwen3_4b,qwen3_4b,only_gaze,33722,134888,2096000,1048,33722,0,0.6847639997431543,3.155153998628247,5.583093998967705,4029142458,8071633640,716679031808,4029108736,81.99424499980523,83.10496099966258
nymeria,mixed,unrestricted_bank,nymeria__only_gaze__qwen3_4b,qwen3_4b,only_gaze,45812,183248,1709312,164,29556,16256,0.5525730002773344,2.902254000522685,5.190486001691362,4029154548,8071682000,598586441088,4029108736,81.26205099961226,82.9241789997468
nymeria,mixed,separate_banks,nymeria__only_gaze__qwen3_4b,qwen3_4b,only_gaze,43700,174800,1676544,164,29556,14144,0.7090340004651807,3.050726000159653,5.340037000376661,4029152436,8071673552,598586408320,4029108736,81.26205099961226,83.08342999953311
nymeria,mixed,fixed_resampling,nymeria__only_gaze__qwen3_4b,qwen3_4b,only_gaze,43700,174800,1674240,164,29556,14144,0.6908339992151014,2.9601639974626828,5.17440499667665,4029152436,8071673552,598586406016,4029108736,81.26205099961226,82.89967899963813
nymeria,mixed,finetune_encoders,nymeria__only_gaze__qwen3_4b,qwen3_4b,only_gaze,43700,174800,1676544,164,29556,14144,0.6854439998278394,3.027964999395504,5.3153259993161655,4029152436,8071673552,598586408320,4029108736,81.26205099961226,83.05489999929705
nymeria,mixed,no_alignment,nymeria__only_gaze__qwen3_4b,qwen3_4b,only_gaze,43700,174800,1676544,164,29556,14144,0.6977839993851376,3.043184999418468,5.331115999677614,4029152436,8071673552,598586408320,4029108736,81.26205099961226,83.07379099915124
nymeria,mixed,no_usage,nymeria__only_gaze__qwen3_4b,qwen3_4b,only_gaze,43700,174800,1676544,164,29556,14144,0.7011730003796401,3.045204001258849,5.336955001137731,4029152436,8071673552,598586408320,4029108736,81.26205099961226,83.07508899997629
nymeria,mixed,tcn,nymeria__only_gaze__qwen3_4b,qwen3_4b,only_gaze,13700,54800,826368,1048,13700,0,0.8058439998421818,3.27585499955212,5.7036549995531445,4029122436,8071553552,716677762176,4029108736,81.99424499980523,83.21610999973927
nymeria,mixed,ts_transformer,nymeria__only_gaze__qwen3_4b,qwen3_4b,only_gaze,26564,106256,1874944,1048,26564,0,0.8988339995994465,3.369213999499788,5.797253998781706,4029135300,8071605008,716678810752,4029108736,81.99424499980523,83.31163199909497
nymeria,mixed,patchtst,nymeria__only_gaze__qwen3_4b,qwen3_4b,only_gaze,26564,106256,2168704,1048,26564,0,0.9766350003701518,3.4520050011594314,5.8798850012239186,4029135300,8071605008,532292746112,4029108736,81.93365500028449,83.33104099983757
nymeria,cuda,distrixsense,nymeria__only_imu__qwen3_4b,qwen3_4b,only_imu,96836,387344,7606656,672,36084,60752,1.3946369999757735,4.585031999636243,13.575974999458028,4029205572,8071886096,1042835986432,4029108736,83.53833299952385,89.30532300018967
nymeria,cuda,dense,nymeria__only_imu__qwen3_4b,qwen3_4b,only_imu,61188,244752,32371072,34592,27892,33296,0.9382950001963763,10.6707889991935,39.3137190000106,4029169924,8071743504,2493488076800,4029108736,87.47092299927317,91.69380399998772
nymeria,cuda,dense_tokens,nymeria__only_imu__qwen3_4b,qwen3_4b,only_imu,80196,320784,7475584,8800,27892,52304,0.8645249999972293,5.616179000242264,19.327483000553038,4029188932,8071819536,1042835855360,4029108736,83.53833299952385,88.42005699898436
nymeria,cuda,raw,nymeria__only_imu__qwen3_4b,qwen3_4b,only_imu,61188,244752,32371072,616576,61188,0,2.8854949996457435,128.60968699994828,504.9602309994043,4029169924,8071743504,2493488076800,4029108736,87.47092299927317,91.76561499953095
nymeria,cuda,early_fusion,nymeria__only_imu__qwen3_4b,qwen3_4b,only_imu,30244,120976,2136448,616576,30244,0,2.2809510001025046,128.01157299970782,504.3819860014082,4029138980,8071619728,805287153664,4029108736,82.86867999959213,86.36052799920435
nymeria,cuda,late_fusion,nymeria__only_imu__qwen3_4b,qwen3_4b,only_imu,35936,143744,2097152,704,0,35936,0.19683099981193664,3.4401070004085894,11.931505999174481,4022504032,8045079936,694128881408,4022468096,81.28507200035529,84.78610900147032
nymeria,cuda,local_only,nymeria__only_imu__qwen3_4b,qwen3_4b,only_imu,35936,143744,2097152,416,0,35936,0.29823099976056255,3.238905000201124,11.5541660006164,4022504032,8045079936,694128881408,4022468096,81.28507200035529,84.92161100002704
nymeria,cuda,bottleneck,nymeria__only_imu__qwen3_4b,qwen3_4b,only_imu,63524,254096,32502144,5472,29172,34352,0.9681139999884181,4.959207999481855,16.316528000025045,4029172260,8071752848,2493488207872,4029108736,87.47092299927317,91.98090599966235
nymeria,cuda,tokenlearner,nymeria__only_imu__qwen3_4b,qwen3_4b,only_imu,71748,286992,7344512,8800,27892,43856,0.8679249995111604,5.601928999965603,19.279179999785846,4029180484,8071785744,1042835724288,4029108736,83.53833299952385,88.33452699946065
nymeria,cuda,posthoc_vq,nymeria__only_imu__qwen3_4b,qwen3_4b,only_imu,102148,408592,32895360,1632,36084,66064,1.4488769993477035,4.996321998858626,15.021749000363657,4029210884,8071907344,2493488601088,4029108736,87.47092299927317,93.89606599961553
nymeria,cuda,joint_vq,nymeria__only_imu__qwen3_4b,qwen3_4b,only_imu,121156,484624,7606656,672,36084,85072,1.377087000037136,4.913924000288802,14.79749200125332,4029229892,8071983376,1042835986432,4029108736,83.53833299952385,90.46771699922829
nymeria,cuda,deepconvlstm,nymeria__only_imu__qwen3_4b,qwen3_4b,only_imu,40922,163688,2551424,616576,40922,0,1.901009999528469,127.62913200010644,503.98275500019736,4029149658,8071662440,805287568640,4029108736,82.86867999959213,86.02209499986202
nymeria,cuda,unrestricted_bank,nymeria__only_imu__qwen3_4b,qwen3_4b,only_imu,155972,623888,8524160,672,36084,119888,0.9348650000902126,4.134920000365213,13.125794000461953,4029264708,8072122640,1042836903936,4029108736,83.53833299952385,88.82837900000595
nymeria,cuda,separate_banks,nymeria__only_imu__qwen3_4b,qwen3_4b,only_imu,96836,387344,7606656,672,36084,60752,1.4413879998755874,4.6333529993035825,13.5990379979379,4029205572,8071886096,1042835986432,4029108736,83.53833299952385,89.33184300076391
nymeria,cuda,fixed_resampling,nymeria__only_imu__qwen3_4b,qwen3_4b,only_imu,96836,387344,7579008,672,36084,60752,1.363146999210585,4.530092999925813,13.329225000507337,4029205572,8071886096,1042835958784,4029108736,83.53833299952385,89.01553199939372
nymeria,cuda,finetune_encoders,nymeria__only_imu__qwen3_4b,qwen3_4b,only_imu,96836,387344,7606656,672,36084,60752,1.3767370001005474,4.629241999578056,13.605295999969146,4029205572,8071886096,1042835986432,4029108736,83.53833299952385,89.26548199997342
nymeria,cuda,no_alignment,nymeria__only_imu__qwen3_4b,qwen3_4b,only_imu,96836,387344,7606656,672,36084,60752,1.401238000653393,4.584183000884053,13.553478001358942,4029205572,8071886096,1042835986432,4029108736,83.53833299952385,89.2607619998671
nymeria,cuda,no_usage,nymeria__only_imu__qwen3_4b,qwen3_4b,only_imu,96836,387344,7606656,672,36084,60752,1.389226999890525,4.606972999977273,13.604326000222843,4029205572,8071886096,1042835986432,4029108736,83.53833299952385,89.27946299900213
nymeria,cuda,tcn,nymeria__only_imu__qwen3_4b,qwen3_4b,only_imu,15908,63632,950400,616576,15908,0,2.106889999595296,127.84337099953973,504.2045829998642,4029124644,8071562384,805285967616,4029108736,82.86867999959213,86.09603499917284
nymeria,cuda,ts_transformer,nymeria__only_imu__qwen3_4b,qwen3_4b,only_imu,28772,115088,1998976,616576,28772,0,2.1062799996798276,127.83860199949686,504.1985949995251,4029137508,8071613840,805287016192,4029108736,82.86867999959213,86.22166699933587
nymeria,cuda,patchtst,nymeria__only_imu__qwen3_4b,qwen3_4b,only_imu,27236,108944,17322496,616576,27236,0,2.217800999460451,127.95089299931988,504.3115860001308,4029135972,8071607696,620562086912,4029108736,82.37975700012612,85.85047399992618
nymeria,mixed,distrixsense,nymeria__only_imu__qwen3_4b,qwen3_4b,only_imu,96836,387344,7606656,672,36084,60752,1.3992479998705676,4.210410998280253,12.089550998371466,4029205572,8071886096,1042835986432,4029108736,83.53833299952385,88.04010599942558
nymeria,mixed,dense,nymeria__only_imu__qwen3_4b,qwen3_4b,only_imu,61188,244752,32371072,34592,27892,33296,0.9012239997900906,10.373526999644563,38.24169299935412,4029169924,8071743504,2493488076800,4029108736,87.47092299927317,90.94584999911604
nymeria,mixed,dense_tokens,nymeria__only_imu__qwen3_4b,qwen3_4b,only_imu,80196,320784,7475584,8800,27892,52304,0.8795250005277921,5.269948001512384,17.950357000473595,4029188932,8071819536,1042835855360,4029108736,83.53833299952385,87.23399199971027
nymeria,mixed,raw,nymeria__only_imu__qwen3_4b,qwen3_4b,only_imu,61188,244752,32371072,616576,61188,0,2.877664999687113,128.52193599981092,504.6321580005497,4029169924,8071743504,2493488076800,4029108736,87.47092299927317,91.3305419990138
nymeria,mixed,early_fusion,nymeria__only_imu__qwen3_4b,qwen3_4b,only_imu,30244,120976,2136448,616576,30244,0,2.281850999679591,127.9263929992112,504.03875500005597,4029138980,8071619728,805287153664,4029108736,82.86867999959213,86.06550599870388
nymeria,mixed,late_fusion,nymeria__only_imu__qwen3_4b,qwen3_4b,only_imu,35936,143744,2097152,704,0,35936,0.19570100084820297,2.893684001485654,10.509200001225912,4022504032,8045079936,694128881408,4022468096,81.28507200035529,83.9341360006074
nymeria,mixed,local_only,nymeria__only_imu__qwen3_4b,qwen3_4b,only_imu,35936,143744,2097152,416,0,35936,0.3189919998476398,2.9724849991752884,10.454542000781524,4022504032,8045079936,694128881408,4022468096,81.28507200035529,84.02035600011004
nymeria,mixed,bottleneck,nymeria__only_imu__qwen3_4b,qwen3_4b,only_imu,63524,254096,32502144,5472,29172,34352,0.9688150003057672,4.642138000226673,15.140323999694573,4029172260,8071752848,2493488207872,4029108736,87.47092299927317,91.06164099921443
nymeria,mixed,tokenlearner,nymeria__only_imu__qwen3_4b,qwen3_4b,only_imu,71748,286992,7344512,8800,27892,43856,0.8757350005907938,5.2598480000940615,17.904714000679668,4029180484,8071785744,1042835724288,4029108736,83.53833299952385,87.23344300051394
nymeria,mixed,posthoc_vq,nymeria__only_imu__qwen3_4b,qwen3_4b,only_imu,102148,408592,32895360,1632,36084,66064,1.7089279999709106,4.781861999488761,13.393489000402356,4029210884,8071907344,2493488601088,4029108736,87.47092299927317,93.27344199846266
nymeria,mixed,joint_vq,nymeria__only_imu__qwen3_4b,qwen3_4b,only_imu,121156,484624,7606656,672,36084,85072,1.5474479996555601,4.640332999156357,13.125672996739356,4029229892,8071983376,1042835986432,4029108736,83.53833299952385,88.4994279995226
nymeria,mixed,deepconvlstm,nymeria__only_imu__qwen3_4b,qwen3_4b,only_imu,40922,163688,2551424,616576,40922,0,1.9292699998914031,127.57997100022749,503.69051100124125,4029149658,8071662440,805287568640,4029108736,82.86867999959213,85.75325399942813
nymeria,mixed,unrestricted_bank,nymeria__only_imu__qwen3_4b,qwen3_4b,only_imu,155972,623888,8524160,672,36084,119888,0.9727149999889662,3.8102589990786275,11.715557000843889,4029264708,8072122640,1042836903936,4029108736,83.53833299952385,88.42247800021141
nymeria,mixed,separate_banks,nymeria__only_imu__qwen3_4b,qwen3_4b,only_imu,96836,387344,7606656,672,36084,60752,1.4409380000870442,4.394902000353881,12.691870999606524,4029205572,8071886096,1042835986432,4029108736,83.53833299952385,88.90917999997328
nymeria,mixed,fixed_resampling,nymeria__only_imu__qwen3_4b,qwen3_4b,only_imu,96836,387344,7579008,672,36084,60752,1.4265170002545347,4.121930000405968,11.621235999246325,4029205572,8071886096,1042835958784,4029108736,83.53833299952385,88.29955699911807
nymeria,mixed,finetune_encoders,nymeria__only_imu__qwen3_4b,qwen3_4b,only_imu,96836,387344,7606656,672,36084,60752,1.4662670000689104,4.424871000378602,12.458289000551646,4029205572,8071886096,1042835986432,4029108736,83.53833299952385,88.28916699985712
nymeria,mixed,no_alignment,nymeria__only_imu__qwen3_4b,qwen3_4b,only_imu,96836,387344,7606656,672,36084,60752,1.4892780000081984,4.358131000412953,12.325490000239713,4029205572,8071886096,1042835986432,4029108736,83.53833299952385,88.9248690000386
nymeria,mixed,no_usage,nymeria__only_imu__qwen3_4b,qwen3_4b,only_imu,96836,387344,7606656,672,36084,60752,1.4373670001077699,4.397701000311912,12.707671000771713,4029205572,8071886096,1042835986432,4029108736,83.53833299952385,88.24634699885792
nymeria,mixed,tcn,nymeria__only_imu__qwen3_4b,qwen3_4b,only_imu,15908,63632,950400,616576,15908,0,2.0372300004964927,127.70589100007328,503.8672929998029,4029124644,8071562384,805285967616,4029108736,82.86867999959213,86.48313799949392
nymeria,mixed,ts_transformer,nymeria__only_imu__qwen3_4b,qwen3_4b,only_imu,28772,115088,1998976,616576,28772,0,2.1344509996197303,127.80920300072012,503.99028399924646,4029137508,8071613840,805287016192,4029108736,82.86867999959213,85.91438599887624
nymeria,mixed,patchtst,nymeria__only_imu__qwen3_4b,qwen3_4b,only_imu,27236,108944,17322496,616576,27236,0,2.2390909998648567,127.8951620007092,504.0501120004592,4029135972,8071607696,620562086912,4029108736,82.37975700012612,86.21663600024476
nymeria,cuda,distrixsense,nymeria__only_joint_angles__qwen3_4b,qwen3_4b,only_joint_angles,51182,204728,1839552,81,28468,22714,0.5444629996418371,3.1337669998100726,3.1337669998100726,4029159918,8071703480,524958840128,4029108736,81.30560200061154,82.79939900057798
nymeria,cuda,dense,nymeria__only_joint_angles__qwen3_4b,qwen3_4b,only_joint_angles,46726,186904,3214784,4324,27444,19282,0.49117300022771815,6.332274000082852,6.332274000082852,4029155462,8071685656,701928652096,4029108736,81.2692520003111,82.547338999575
nymeria,cuda,dense_tokens,nymeria__only_joint_angles__qwen3_4b,qwen3_4b,only_joint_angles,49102,196408,1823168,1100,27444,21658,0.4453020001164987,3.827654998526559,3.827654998526559,4029157838,8071695160,524958823744,4029108736,81.30560200061154,82.64460800000961
nymeria,cuda,raw,nymeria__only_joint_angles__qwen3_4b,qwen3_4b,only_joint_angles,46726,186904,3214784,205452,46726,0,0.8351639999091276,167.3361639999892,167.3361639999892,4029155462,8071685656,701928652096,4029108736,81.2692520003111,82.56959899972571
nymeria,cuda,early_fusion,nymeria__only_joint_angles__qwen3_4b,qwen3_4b,only_joint_angles,34822,139288,2454976,205452,34822,0,1.0916760002146475,167.5947069992797,167.5947069992797,4029143558,8071638040,701927892288,4029108736,81.2692520003111,82.56117800010543
nymeria,cuda,late_fusion,nymeria__only_joint_angles__qwen3_4b,qwen3_4b,only_joint_angles,19612,78448,1221760,88,0,19612,0.07401999937428627,2.5564519993599153,2.5564519993599153,4022487708,8045014640,591016152192,4022468096,82.07034599945473,82.87819099950866
nymeria,cuda,local_only,nymeria__only_joint_angles__qwen3_4b,qwen3_4b,only_joint_angles,19612,78448,1221760,52,0,19612,0.0903510008356534,2.5446229995099943,2.5446229995099943,4022487708,8045014640,591016152192,4022468096,82.07034599945473,82.90211999883468
nymeria,cuda,bottleneck,nymeria__only_joint_angles__qwen3_4b,qwen3_4b,only_joint_angles,47018,188072,3231168,684,27604,19414,0.47310199988714885,3.4371229997041404,3.4371229997041404,4029155754,8071686824,701928668480,4029108736,81.2692520003111,82.56623800025409
nymeria,cuda,tokenlearner,nymeria__only_joint_angles__qwen3_4b,qwen3_4b,only_joint_angles,48046,192184,1806784,1100,27444,20602,0.44144200001028366,3.808385000406706,3.808385000406706,4029156782,8071690936,524958807360,4029108736,81.30560200061154,82.75581000089005
nymeria,cuda,posthoc_vq,nymeria__only_joint_angles__qwen3_4b,qwen3_4b,only_joint_angles,48774,195096,3280320,192,28468,20306,0.5859529992449097,3.356914999656868,3.356914999656868,4029157510,8071693848,701928717632,4029108736,81.2692520003111,82.85273100045742
nymeria,cuda,joint_vq,nymeria__only_joint_angles__qwen3_4b,qwen3_4b,only_joint_angles,51150,204600,1839552,81,28468,22682,0.5492929994943552,3.2987749991951976,3.2987749991951976,4029159886,8071703352,524958840128,4029108736,81.30560200061154,82.93025100101659
nymeria,cuda,deepconvlstm,nymeria__only_joint_angles__qwen3_4b,qwen3_4b,only_joint_angles,48860,195440,3056768,205452,48860,0,0.7733440006632009,167.27322500211795,167.27322500211795,4029157596,8071694192,701928494080,4029108736,81.2692520003111,82.23396599987609
nymeria,cuda,unrestricted_bank,nymeria__only_joint_angles__qwen3_4b,qwen3_4b,only_joint_angles,51182,204728,1839552,81,28468,22714,0.4562419999274425,3.045814999524632,3.045814999524632,4029159918,8071703480,524958840128,4029108736,81.30560200061154,82.7309280002737
nymeria,cuda,separate_banks,nymeria__only_joint_angles__qwen3_4b,qwen3_4b,only_joint_angles,51182,204728,1839552,81,28468,22714,0.7281029993464472,3.3212449998535565,3.3212449998535565,4029159918,8071703480,524958840128,4029108736,81.30560200061154,82.78219900057593
nymeria,cuda,fixed_resampling,nymeria__only_joint_angles__qwen3_4b,qwen3_4b,only_joint_angles,51182,204728,1521600,81,28468,22714,0.5497729998751311,3.101926000483113,3.101926000483113,4029159918,8071703480,524958522176,4029108736,81.30560200061154,82.73917000133224
nymeria,cuda,finetune_encoders,nymeria__only_joint_angles__qwen3_4b,qwen3_4b,only_joint_angles,51182,204728,1839552,81,28468,22714,0.5982630000289646,3.181006000006059,3.181006000006059,4029159918,8071703480,524958840128,4029108736,81.30560200061154,82.7856090008936
nymeria,cuda,no_alignment,nymeria__only_joint_angles__qwen3_4b,qwen3_4b,only_joint_angles,51182,204728,1839552,81,28468,22714,0.5521230004887911,3.1478950004674378,3.1478950004674378,4029159918,8071703480,524958840128,4029108736,81.30560200061154,82.82614000108879
nymeria,cuda,no_usage,nymeria__only_joint_angles__qwen3_4b,qwen3_4b,only_joint_angles,51182,204728,1839552,81,28468,22714,0.5475529997056583,3.129315999132709,3.129315999132709,4029159918,8071703480,524958840128,4029108736,81.30560200061154,82.77543900112505
nymeria,cuda,tcn,nymeria__only_joint_angles__qwen3_4b,qwen3_4b,only_joint_angles,20710,82840,1268928,205452,20710,0,0.6019729999025003,167.10071299932662,167.10071299932662,4029129446,8071581592,701926706240,4029108736,81.2692520003111,82.39224799945077
nymeria,cuda,ts_transformer,nymeria__only_joint_angles__qwen3_4b,qwen3_4b,only_joint_angles,33574,134296,2317504,205452,33574,0,0.6799539996791282,167.17854399978006,167.17854399978006,4029142310,8071633048,701927754816,4029108736,81.2692520003111,82.65378800024337
nymeria,cuda,patchtst,nymeria__only_joint_angles__qwen3_4b,qwen3_4b,only_joint_angles,31590,126360,25176384,205452,31590,0,0.7872739997765166,167.29003499987795,167.29003499987795,4029140326,8071625112,517623237696,4029108736,81.52396300010878,82.78146900102001
nymeria,mixed,distrixsense,nymeria__only_joint_angles__qwen3_4b,qwen3_4b,only_joint_angles,51182,204728,1839552,81,28468,22714,0.664173000586743,3.0712540010716882,3.0712540010716882,4029159918,8071703480,524958840128,4029108736,81.30560200061154,82.64862000123685
nymeria,mixed,dense,nymeria__only_joint_angles__qwen3_4b,qwen3_4b,only_joint_angles,46726,186904,3214784,4324,27444,19282,0.5707529999199323,6.302154000290774,6.302154000290774,4029155462,8071685656,701928652096,4029108736,81.2692520003111,82.58637000017188
nymeria,mixed,dense_tokens,nymeria__only_joint_angles__qwen3_4b,qwen3_4b,only_joint_angles,49102,196408,1823168,1100,27444,21658,0.543433000530058,3.746493999637896,3.746493999637896,4029157838,8071695160,524958823744,4029108736,81.30560200061154,82.66398900104832
nymeria,mixed,raw,nymeria__only_joint_angles__qwen3_4b,qwen3_4b,only_joint_angles,46726,186904,3214784,205452,46726,0,0.8598040003562346,167.30365400091597,167.30365400091597,4029155462,8071685656,701928652096,4029108736,81.2692520003111,82.73160999942775
nymeria,mixed,early_fusion,nymeria__only_joint_angles__qwen3_4b,qwen3_4b,only_joint_angles,34822,139288,2454976,205452,34822,0,1.0827550004250952,167.5368250002246,167.5368250002246,4029143558,8071638040,701927892288,4029108736,81.2692520003111,82.69400900007895
nymeria,mixed,late_fusion,nymeria__only_joint_angles__qwen3_4b,qwen3_4b,only_joint_angles,19612,78448,1221760,88,0,19612,0.07804100005159853,2.4040119989398865,2.4040119989398865,4022487708,8045014640,591016152192,4022468096,82.07034599945473,82.77043899943237
nymeria,mixed,local_only,nymeria__only_joint_angles__qwen3_4b,qwen3_4b,only_joint_angles,19612,78448,1221760,52,0,19612,0.12086100014130352,2.45046200076784,2.45046200076784,4022487708,8045014640,591016152192,4022468096,82.07034599945473,82.88903899847355
nymeria,mixed,bottleneck,nymeria__only_joint_angles__qwen3_4b,qwen3_4b,only_joint_angles,47018,188072,3231168,684,27604,19414,0.5712629999834462,3.398033999720635,3.398033999720635,4029155754,8071686824,701928668480,4029108736,81.2692520003111,82.62036800078931
nymeria,mixed,tokenlearner,nymeria__only_joint_angles__qwen3_4b,qwen3_4b,only_joint_angles,48046,192184,1806784,1100,27444,20602,0.4749220006488031,3.6165340015894616,3.6165340015894616,4029156782,8071690936,524958807360,4029108736,81.30560200061154,82.5044280018119
nymeria,mixed,posthoc_vq,nymeria__only_joint_angles__qwen3_4b,qwen3_4b,only_joint_angles,48774,195096,3280320,192,28468,20306,0.6024129997967975,3.1472559999914607,3.1472559999914607,4029157510,8071693848,701928717632,4029108736,81.2692520003111,82.92267900014849
nymeria,mixed,joint_vq,nymeria__only_joint_angles__qwen3_4b,qwen3_4b,only_joint_angles,51150,204600,1839552,81,28468,22682,0.6494039998869994,3.177685999646096,3.177685999646096,4029159886,8071703352,524958840128,4029108736,81.30560200061154,82.9492710008708
nymeria,mixed,deepconvlstm,nymeria__only_joint_angles__qwen3_4b,qwen3_4b,only_joint_angles,48860,195440,3056768,205452,48860,0,0.4838419999941834,166.92627200101907,166.92627200101907,4029157596,8071694192,701928494080,4029108736,81.2692520003111,82.21088699974644
nymeria,mixed,unrestricted_bank,nymeria__only_joint_angles__qwen3_4b,qwen3_4b,only_joint_angles,51182,204728,1839552,81,28468,22714,0.4531920003501,2.8004340011028805,2.8004340011028805,4029159918,8071703480,524958840128,4029108736,81.30560200061154,82.71237000099063
nymeria,mixed,separate_banks,nymeria__only_joint_angles__qwen3_4b,qwen3_4b,only_joint_angles,51182,204728,1839552,81,28468,22714,0.6660440003543044,3.074475001114374,3.074475001114374,4029159918,8071703480,524958840128,4029108736,81.30560200061154,82.81133000036789
nymeria,mixed,fixed_resampling,nymeria__only_joint_angles__qwen3_4b,qwen3_4b,only_joint_angles,51182,204728,1521600,81,28468,22714,0.6522029998450307,2.9734840000236407,2.9734840000236407,4029159918,8071703480,524958522176,4029108736,81.30560200061154,82.70234900101059
nymeria,mixed,finetune_encoders,nymeria__only_joint_angles__qwen3_4b,qwen3_4b,only_joint_angles,51182,204728,1839552,81,28468,22714,0.6591530000150669,3.076504000120517,3.076504000120517,4029159918,8071703480,524958840128,4029108736,81.30560200061154,82.81425000041054
nymeria,mixed,no_alignment,nymeria__only_joint_angles__qwen3_4b,qwen3_4b,only_joint_angles,51182,204728,1839552,81,28468,22714,0.651192999612249,3.062673999949661,3.062673999949661,4029159918,8071703480,524958840128,4029108736,81.30560200061154,82.80976100104454
nymeria,mixed,no_usage,nymeria__only_joint_angles__qwen3_4b,qwen3_4b,only_joint_angles,51182,204728,1839552,81,28468,22714,0.862173999848892,3.2762859991925186,3.2762859991925186,4029159918,8071703480,524958840128,4029108736,81.30560200061154,82.7374990003591
nymeria,mixed,tcn,nymeria__only_joint_angles__qwen3_4b,qwen3_4b,only_joint_angles,20710,82840,1268928,205452,20710,0,0.6019630000082543,167.05777399913114,167.05777399913114,4029129446,8071581592,701926706240,4029108736,81.2692520003111,82.37352800097142
nymeria,mixed,ts_transformer,nymeria__only_joint_angles__qwen3_4b,qwen3_4b,only_joint_angles,33574,134296,2317504,205452,33574,0,0.7898240000940859,167.23534500162697,167.23534500162697,4029142310,8071633048,701927754816,4029108736,81.2692520003111,82.55413899951236
nymeria,mixed,patchtst,nymeria__only_joint_angles__qwen3_4b,qwen3_4b,only_joint_angles,31590,126360,25176384,205452,31590,0,0.8067340004345169,167.25447500122738,167.25447500122738,4029140326,8071625112,517623237696,4029108736,81.52396300010878,82.73965999978827
nymeria,cuda,distrixsense,nymeria__only_magnetometer__qwen3_4b,qwen3_4b,only_magnetometer,43700,174800,1676544,164,29556,14144,0.7151130002966966,3.312425000634999,5.843177000013576,4029152436,8071673552,598586408320,4029108736,81.26205099961226,83.4274529997856
nymeria,cuda,dense,nymeria__only_magnetometer__qwen3_4b,qwen3_4b,only_magnetometer,34788,139152,4918528,8648,27508,7280,0.5351730005713762,6.382685001294466,12.182387001038913,4029143524,8071637904,953772232064,4029108736,81.04271999945922,82.75903799858497
nymeria,cuda,dense_tokens,nymeria__only_magnetometer__qwen3_4b,qwen3_4b,only_magnetometer,39540,158160,1643776,2200,27508,12032,0.5171829998289468,3.8822949982158024,7.204266998078092,4029148276,8071656912,598586375552,4029108736,81.26205099961226,83.15277099882223
nymeria,cuda,raw,nymeria__only_magnetometer__qwen3_4b,qwen3_4b,only_magnetometer,34788,139152,4918528,1048,34788,0,1.1054659998990246,3.63080599974246,6.110595999263204,4029143524,8071637904,953772232064,4029108736,81.04271999945922,82.66557799925067
nymeria,cuda,early_fusion,nymeria__only_magnetometer__qwen3_4b,qwen3_4b,only_magnetometer,27844,111376,2012416,1048,27844,0,1.031365999551781,3.554886999077734,6.035637000269524,4029136580,8071610128,716678948224,4029108736,81.99424499980523,83.53807299863547
nymeria,cuda,late_fusion,nymeria__only_magnetometer__qwen3_4b,qwen3_4b,only_magnetometer,7940,31760,458240,176,0,7940,0.09589099954609992,2.5705629988328202,5.002934999806585,4022476036,8044967952,605731497728,4022468096,81.28961200054619,82.49817800151504
nymeria,cuda,local_only,nymeria__only_magnetometer__qwen3_4b,qwen3_4b,only_magnetometer,7940,31760,458240,104,0,7940,0.12115099980292143,2.6131920005968654,5.026573000154679,4022476036,8044967952,605731497728,4022468096,81.28961200054619,82.54604800004017
nymeria,cuda,bottleneck,nymeria__only_magnetometer__qwen3_4b,qwen3_4b,only_magnetometer,35372,141488,4951296,1368,27828,7544,0.5530230000658776,3.531855000138446,6.453595999611984,4029144108,8071640240,953772264832,4029108736,81.04271999945922,82.8255979995447
nymeria,cuda,tokenlearner,nymeria__only_magnetometer__qwen3_4b,qwen3_4b,only_magnetometer,37428,149712,1611008,2200,27508,9920,0.5311019995133393,3.904743999550992,7.23504599954118,4029146164,8071648464,598586342784,4029108736,81.26205099961226,83.30680099970778
nymeria,cuda,posthoc_vq,nymeria__only_magnetometer__qwen3_4b,qwen3_4b,only_magnetometer,40932,163728,5049600,392,29556,11376,0.6997139998929924,3.5730179995764746,6.29513099972842,4029149668,8071662480,953772363136,4029108736,81.04271999945922,83.36768099979963
nymeria,cuda,joint_vq,nymeria__only_magnetometer__qwen3_4b,qwen3_4b,only_magnetometer,45684,182736,1676544,164,29556,16128,0.6715829995300737,3.4275780002045444,6.119870000173442,4029154420,8071681488,598586408320,4029108736,81.26205099961226,83.6974839994582
nymeria,cuda,deepconvlstm,nymeria__only_magnetometer__qwen3_4b,qwen3_4b,only_magnetometer,33722,134888,2096000,1048,33722,0,0.6795640001655556,3.201465000452753,5.679485001411557,4029142458,8071633640,716679031808,4029108736,81.99424499980523,83.19606199984264
nymeria,cuda,unrestricted_bank,nymeria__only_magnetometer__qwen3_4b,qwen3_4b,only_magnetometer,45812,183248,1709312,164,29556,16256,0.5446230006782571,3.1358250010581337,5.673908000670245,4029154548,8071682000,598586441088,4029108736,81.26205099961226,83.3070909993694
nymeria,cuda,separate_banks,nymeria__only_magnetometer__qwen3_4b,qwen3_4b,only_magnetometer,43700,174800,1676544,164,29556,14144,0.7063829998514848,3.298045999448828,5.836277999758941,4029152436,8071673552,598586408320,4029108736,81.26205099961226,83.41117099917028
nymeria,cuda,fixed_resampling,nymeria__only_magnetometer__qwen3_4b,qwen3_4b,only_magnetometer,43700,174800,1674240,164,29556,14144,0.6905330001245602,3.2564849992323666,5.769176999518287,4029152436,8071673552,598586406016,4029108736,81.26205099961226,83.32335199975205
nymeria,cuda,finetune_encoders,nymeria__only_magnetometer__qwen3_4b,qwen3_4b,only_magnetometer,43700,174800,1676544,164,29556,14144,0.6953629999770783,3.2969269999140174,5.842779000584606,4029152436,8071673552,598586408320,4029108736,81.26205099961226,83.39351299946429
nymeria,cuda,no_alignment,nymeria__only_magnetometer__qwen3_4b,qwen3_4b,only_magnetometer,43700,174800,1676544,164,29556,14144,0.6888739999340032,3.282375998727826,5.816637999185524,4029152436,8071673552,598586408320,4029108736,81.26205099961226,83.40717099872563
nymeria,cuda,no_usage,nymeria__only_magnetometer__qwen3_4b,qwen3_4b,only_magnetometer,43700,174800,1676544,164,29556,14144,0.6846830001450144,3.2873860003147506,5.827339001069241,4029152436,8071673552,598586408320,4029108736,81.26205099961226,83.43624199915212
nymeria,cuda,tcn,nymeria__only_magnetometer__qwen3_4b,qwen3_4b,only_magnetometer,13700,54800,826368,1048,13700,0,0.8115339996948023,3.333903999114863,5.810733999015973,4029122436,8071553552,716677762176,4029108736,81.99424499980523,83.30718199977127
nymeria,cuda,ts_transformer,nymeria__only_magnetometer__qwen3_4b,qwen3_4b,only_magnetometer,26564,106256,1874944,1048,26564,0,0.925114999517973,3.448895999932301,5.9272169999816455,4029135300,8071605008,716678810752,4029108736,81.99424499980523,83.41851200020756
nymeria,cuda,patchtst,nymeria__only_magnetometer__qwen3_4b,qwen3_4b,only_magnetometer,26564,106256,2168704,1048,26564,0,1.0304950001227553,3.5558059989086352,6.034795998704247,4029135300,8071605008,532292746112,4029108736,81.93365500028449,83.51650300028268
nymeria,mixed,distrixsense,nymeria__only_magnetometer__qwen3_4b,qwen3_4b,only_magnetometer,43700,174800,1676544,164,29556,14144,0.720873999853211,3.1302249993442324,5.483845998849766,4029152436,8071673552,598586408320,4029108736,81.26205099961226,83.39138099927368
nymeria,mixed,dense,nymeria__only_magnetometer__qwen3_4b,qwen3_4b,only_magnetometer,34788,139152,4918528,8648,27508,7280,0.6541229995491449,6.386553999941261,12.058275999797369,4029143524,8071637904,953772232064,4029108736,81.04271999945922,82.72341799874994
nymeria,mixed,dense_tokens,nymeria__only_magnetometer__qwen3_4b,qwen3_4b,only_magnetometer,39540,158160,1643776,2200,27508,12032,0.6813439995312365,3.9526759992394362,7.04731699896889,4029148276,8071656912,598586375552,4029108736,81.26205099961226,82.91109000037977
nymeria,mixed,raw,nymeria__only_magnetometer__qwen3_4b,qwen3_4b,only_magnetometer,34788,139152,4918528,1048,34788,0,1.1082259998147492,3.5784859991651494,6.0063859990181285,4029143524,8071637904,953772232064,4029108736,81.04271999945922,82.59316899875557
nymeria,mixed,early_fusion,nymeria__only_magnetometer__qwen3_4b,qwen3_4b,only_magnetometer,27844,111376,2012416,1048,27844,0,1.053295000019716,3.523414999031683,5.951354998461646,4029136580,8071610128,716678948224,4029108736,81.99424499980523,83.44753200071864
nymeria,mixed,late_fusion,nymeria__only_magnetometer__qwen3_4b,qwen3_4b,only_magnetometer,7940,31760,458240,176,0,7940,0.1184009997814428,2.4723620000690336,4.7673629990593875,4022476036,8044967952,605731497728,4022468096,81.28961200054619,82.39564900122787
nymeria,mixed,local_only,nymeria__only_magnetometer__qwen3_4b,qwen3_4b,only_magnetometer,7940,31760,458240,104,0,7940,0.1619909999135416,2.4796620002848444,4.7430930003747225,4022476036,8044967952,605731497728,4022468096,81.28961200054619,82.41366800120886
nymeria,mixed,bottleneck,nymeria__only_magnetometer__qwen3_4b,qwen3_4b,only_magnetometer,35372,141488,4951296,1368,27828,7544,0.5554030003622756,3.3263039997755435,6.0499349997754095,4029144108,8071640240,953772264832,4029108736,81.04271999945922,82.61229699928663
nymeria,mixed,tokenlearner,nymeria__only_magnetometer__qwen3_4b,qwen3_4b,only_magnetometer,37428,149712,1611008,2200,27508,9920,0.5211320003581932,3.6573240004098624,6.7474650013443895,4029146164,8071648464,598586342784,4029108736,81.26205099961226,82.81838899983995
nymeria,mixed,posthoc_vq,nymeria__only_magnetometer__qwen3_4b,qwen3_4b,only_magnetometer,40932,163728,5049600,392,29556,11376,0.7197039994935039,3.192537000165682,5.6125279994144455,4029149668,8071662480,953772363136,4029108736,81.04271999945922,82.99144000011438
nymeria,mixed,joint_vq,nymeria__only_magnetometer__qwen3_4b,qwen3_4b,only_magnetometer,45684,182736,1676544,164,29556,16128,0.6909730000188574,3.1302950004229437,5.4944660011353434,4029154420,8071681488,598586408320,4029108736,81.26205099961226,83.21262099889282
nymeria,mixed,deepconvlstm,nymeria__only_magnetometer__qwen3_4b,qwen3_4b,only_magnetometer,33722,134888,2096000,1048,33722,0,0.687263999679999,3.1628840005539125,5.59092399983583,4029142458,8071633640,716679031808,4029108736,81.99424499980523,83.38947299944266
nymeria,mixed,unrestricted_bank,nymeria__only_magnetometer__qwen3_4b,qwen3_4b,only_magnetometer,45812,183248,1709312,164,29556,16256,0.5431729996416834,2.8909749992945812,5.177935999807424,4029154548,8071682000,598586441088,4029108736,81.26205099961226,82.93877899996005
nymeria,mixed,separate_banks,nymeria__only_magnetometer__qwen3_4b,qwen3_4b,only_magnetometer,43700,174800,1676544,164,29556,14144,0.7097640000210959,3.052115000477084,5.341937000292283,4029152436,8071673552,598586408320,4029108736,81.26205099961226,83.16580099926796
nymeria,mixed,fixed_resampling,nymeria__only_magnetometer__qwen3_4b,qwen3_4b,only_magnetometer,43700,174800,1674240,164,29556,14144,0.6904729998495895,2.9780639991568982,5.19267499900544,4029152436,8071673552,598586406016,4029108736,81.26205099961226,82.91625000038039
nymeria,mixed,finetune_encoders,nymeria__only_magnetometer__qwen3_4b,qwen3_4b,only_magnetometer,43700,174800,1676544,164,29556,14144,0.6933739996384247,3.038235000834998,5.326976000713522,4029152436,8071673552,598586408320,4029108736,81.26205099961226,83.09489999919606
nymeria,mixed,no_alignment,nymeria__only_magnetometer__qwen3_4b,qwen3_4b,only_magnetometer,43700,174800,1676544,164,29556,14144,0.6978730007176637,3.0562450004564248,5.351466000018455,4029152436,8071673552,598586408320,4029108736,81.26205099961226,83.0696490002083
nymeria,mixed,no_usage,nymeria__only_magnetometer__qwen3_4b,qwen3_4b,only_magnetometer,43700,174800,1676544,164,29556,14144,0.6949139997232123,3.042915000454837,5.333046000185469,4029152436,8071673552,598586408320,4029108736,81.26205099961226,83.06465900022886
nymeria,mixed,tcn,nymeria__only_magnetometer__qwen3_4b,qwen3_4b,only_magnetometer,13700,54800,826368,1048,13700,0,0.8119840003928402,3.2826140003778157,5.710904000653862,4029122436,8071553552,716677762176,4029108736,81.99424499980523,83.23173099961423
nymeria,mixed,ts_transformer,nymeria__only_magnetometer__qwen3_4b,qwen3_4b,only_magnetometer,26564,106256,1874944,1048,26564,0,0.8953939995990368,3.370283998188551,5.798213998633763,4029135300,8071605008,716678810752,4029108736,81.99424499980523,83.31356199960283
nymeria,mixed,patchtst,nymeria__only_magnetometer__qwen3_4b,qwen3_4b,only_magnetometer,26564,106256,2168704,1048,26564,0,1.0161549998883856,3.486496000655915,5.914386000614648,4029135300,8071605008,532292746112,4029108736,81.93365500028449,83.35466100106714
nymeria,cuda,distrixsense,nymeria__only_pointcloud__qwen3_4b,qwen3_4b,only_pointcloud,37160,148640,949440,81,28468,8692,0.5565429992202553,3.049604997642641,3.049604997642641,4029145896,8071647392,524957950016,4029108736,81.30560200061154,82.79591000064102
nymeria,cuda,dense,nymeria__only_pointcloud__qwen3_4b,qwen3_4b,only_pointcloud,32704,130816,2324672,4324,27444,5260,0.4872130002695485,6.22862400119151,6.22862400119151,4029141440,8071629568,701927761984,4029108736,81.2692520003111,82.44035699954111
nymeria,cuda,dense_tokens,nymeria__only_pointcloud__qwen3_4b,qwen3_4b,only_pointcloud,35080,140320,933056,1100,27444,7636,0.4533619994617766,4.022445998993935,4.022445998993935,4029143816,8071639072,524957933632,4029108736,81.30560200061154,82.5509990008868
nymeria,cuda,raw,nymeria__only_pointcloud__qwen3_4b,qwen3_4b,only_pointcloud,32704,130816,2324672,96,32704,0,0.7149240000217105,2.8800539999476285,2.8800539999476285,4029141440,8071629568,701927761984,4029108736,81.2692520003111,82.39061799940828
nymeria,cuda,early_fusion,nymeria__only_pointcloud__qwen3_4b,qwen3_4b,only_pointcloud,28096,112384,2031808,96,28096,0,0.7494039991797763,2.909803998195636,2.909803998195636,4029136832,8071611136,701927469120,4029108736,81.2692520003111,82.4267369998779
nymeria,cuda,late_fusion,nymeria__only_pointcloud__qwen3_4b,qwen3_4b,only_pointcloud,5590,22360,331648,88,0,5590,0.07487099992431467,2.4485419991355504,2.4485419991355504,4022473686,8044958552,591015262080,4022468096,82.07034599945473,82.78048899865098
nymeria,cuda,local_only,nymeria__only_pointcloud__qwen3_4b,qwen3_4b,only_pointcloud,5590,22360,331648,52,0,5590,0.09203100034937961,2.4450620005768373,2.4450620005768373,4022473686,8044958552,591015262080,4022468096,82.07034599945473,82.8298589995029
nymeria,cuda,bottleneck,nymeria__only_pointcloud__qwen3_4b,qwen3_4b,only_pointcloud,32996,131984,2341056,684,27604,5392,0.4834020000998862,3.3478030002434274,3.3478030002434274,4029141732,8071630736,701927778368,4029108736,81.2692520003111,82.60145900021598
nymeria,cuda,tokenlearner,nymeria__only_pointcloud__qwen3_4b,qwen3_4b,only_pointcloud,34024,136096,916672,1100,27444,6580,0.4441430000952096,3.705096000880876,3.705096000880876,4029142760,8071634848,524957917248,4029108736,81.30560200061154,82.53585700094845
nymeria,cuda,posthoc_vq,nymeria__only_pointcloud__qwen3_4b,qwen3_4b,only_pointcloud,34752,139008,2390208,192,28468,6284,0.5688929995812941,3.2253550003391807,3.2253550003391807,4029143488,8071637760,701927827520,4029108736,81.2692520003111,82.77401000032114
nymeria,cuda,joint_vq,nymeria__only_pointcloud__qwen3_4b,qwen3_4b,only_pointcloud,37128,148512,949440,81,28468,8660,0.55145199985418,3.195344999796257,3.195344999796257,4029145864,8071647264,524957950016,4029108736,81.30560200061154,82.83819999996922
nymeria,cuda,deepconvlstm,nymeria__only_pointcloud__qwen3_4b,qwen3_4b,only_pointcloud,34838,139352,2166656,96,34838,0,0.376531999791041,2.5371619991030427,2.5371619991030427,4029143574,8071638104,701927603968,4029108736,81.2692520003111,82.0793959992443
nymeria,cuda,unrestricted_bank,nymeria__only_pointcloud__qwen3_4b,qwen3_4b,only_pointcloud,37160,148640,949440,81,28468,8692,0.4627130001608748,2.945827001014445,2.945827001014445,4029145896,8071647392,524957950016,4029108736,81.30560200061154,82.63213800000813
nymeria,cuda,separate_banks,nymeria__only_pointcloud__qwen3_4b,qwen3_4b,only_pointcloud,37160,148640,949440,81,28468,8692,0.5648229998769239,3.0531349994197488,3.0531349994197488,4029145896,8071647392,524957950016,4029108736,81.30560200061154,82.68427799976052
nymeria,cuda,fixed_resampling,nymeria__only_pointcloud__qwen3_4b,qwen3_4b,only_pointcloud,37160,148640,937920,81,28468,8692,0.5623629995170631,3.0143860003880807,3.0143860003880807,4029145896,8071647392,524957938496,4029108736,81.30560200061154,82.64740900085599
nymeria,cuda,finetune_encoders,nymeria__only_pointcloud__qwen3_4b,qwen3_4b,only_pointcloud,37160,148640,949440,81,28468,8692,0.5611830001726048,3.0589949992935406,3.0589949992935406,4029145896,8071647392,524957950016,4029108736,81.30560200061154,82.6824680007121
nymeria,cuda,no_alignment,nymeria__only_pointcloud__qwen3_4b,qwen3_4b,only_pointcloud,37160,148640,949440,81,28468,8692,0.5600029999186518,3.043665999968548,3.043665999968548,4029145896,8071647392,524957950016,4029108736,81.30560200061154,82.66057000128058
nymeria,cuda,no_usage,nymeria__only_pointcloud__qwen3_4b,qwen3_4b,only_pointcloud,37160,148640,949440,81,28468,8692,0.5497530000866391,3.0478749995671794,3.0478749995671794,4029145896,8071647392,524957950016,4029108736,81.30560200061154,82.70297899980505
nymeria,cuda,tcn,nymeria__only_pointcloud__qwen3_4b,qwen3_4b,only_pointcloud,13984,55936,845760,96,13984,0,0.5544929999814485,2.7231139989136834,2.7231139989136834,4029122720,8071554688,701926283072,4029108736,81.2692520003111,82.20940600040194
nymeria,cuda,ts_transformer,nymeria__only_pointcloud__qwen3_4b,qwen3_4b,only_pointcloud,26848,107392,1894336,96,26848,0,0.6048130007911823,2.765333001266478,2.765333001266478,4029135584,8071606144,701927331648,4029108736,81.2692520003111,82.29350700094074
nymeria,cuda,patchtst,nymeria__only_pointcloud__qwen3_4b,qwen3_4b,only_pointcloud,26688,106752,4339008,96,26688,0,0.7984039993971237,2.971194999704673,2.971194999704673,4029135424,8071605504,517602400320,4029108736,81.52396300010878,82.62247800030309
nymeria,mixed,distrixsense,nymeria__only_pointcloud__qwen3_4b,qwen3_4b,only_pointcloud,37160,148640,949440,81,28468,8692,0.5507629994099261,2.840453998971393,2.840453998971393,4029145896,8071647392,524957950016,4029108736,81.30560200061154,82.72780800052715
nymeria,mixed,dense,nymeria__only_pointcloud__qwen3_4b,qwen3_4b,only_pointcloud,32704,130816,2324672,4324,27444,5260,0.472362999971665,6.096403000223963,6.096403000223963,4029141440,8071629568,701927761984,4029108736,81.2692520003111,82.38899700063484
nymeria,mixed,dense_tokens,nymeria__only_pointcloud__qwen3_4b,qwen3_4b,only_pointcloud,35080,140320,933056,1100,27444,7636,0.4527319997578161,3.535082998491707,3.535082998491707,4029143816,8071639072,524957933632,4029108736,81.30560200061154,82.44334700066247
nymeria,mixed,raw,nymeria__only_pointcloud__qwen3_4b,qwen3_4b,only_pointcloud,32704,130816,2324672,96,32704,0,0.7201430007626186,2.8314030001321924,2.8314030001321924,4029141440,8071629568,701927761984,4029108736,81.2692520003111,82.36878699972294
nymeria,mixed,early_fusion,nymeria__only_pointcloud__qwen3_4b,qwen3_4b,only_pointcloud,28096,112384,2031808,96,28096,0,0.8577640001021791,2.9671760008251993,2.9671760008251993,4029136832,8071611136,701927469120,4029108736,81.2692520003111,82.39107700046588
nymeria,mixed,late_fusion,nymeria__only_pointcloud__qwen3_4b,qwen3_4b,only_pointcloud,5590,22360,331648,88,0,5590,0.07625000034749974,2.3299810010461717,2.3299810010461717,4022473686,8044958552,591015262080,4022468096,82.07034599945473,82.71649899870681
nymeria,mixed,local_only,nymeria__only_pointcloud__qwen3_4b,qwen3_4b,only_pointcloud,5590,22360,331648,52,0,5590,0.09836100070970133,2.314531999461434,2.314531999461434,4022473686,8044958552,591015262080,4022468096,82.07034599945473,82.74003899987292
nymeria,mixed,bottleneck,nymeria__only_pointcloud__qwen3_4b,qwen3_4b,only_pointcloud,32996,131984,2341056,684,27604,5392,0.48403300024801865,3.2161740002912005,3.2161740002912005,4029141732,8071630736,701927778368,4029108736,81.2692520003111,82.39850800146087
nymeria,mixed,tokenlearner,nymeria__only_pointcloud__qwen3_4b,qwen3_4b,only_pointcloud,34024,136096,916672,1100,27444,6580,0.46160199963196646,3.5577239996154093,3.5577239996154093,4029142760,8071634848,524957917248,4029108736,81.30560200061154,82.43082899934961
nymeria,mixed,posthoc_vq,nymeria__only_pointcloud__qwen3_4b,qwen3_4b,only_pointcloud,34752,139008,2390208,192,28468,6284,0.5844030001753708,3.005564000503358,3.005564000503358,4029143488,8071637760,701927827520,4029108736,81.2692520003111,82.60433900159114
nymeria,mixed,joint_vq,nymeria__only_pointcloud__qwen3_4b,qwen3_4b,only_pointcloud,37128,148512,949440,81,28468,8660,0.562833000003593,2.933174000674521,2.933174000674521,4029145864,8071647264,524957950016,4029108736,81.30560200061154,82.6584290007304
nymeria,mixed,deepconvlstm,nymeria__only_pointcloud__qwen3_4b,qwen3_4b,only_pointcloud,34838,139352,2166656,96,34838,0,0.3853719999824534,2.500632001615665,2.500632001615665,4029143574,8071638104,701927603968,4029108736,81.2692520003111,82.03962500010675
nymeria,mixed,unrestricted_bank,nymeria__only_pointcloud__qwen3_4b,qwen3_4b,only_pointcloud,37160,148640,949440,81,28468,8692,0.4617220001819078,2.755403000293777,2.755403000293777,4029145896,8071647392,524957950016,4029108736,81.30560200061154,82.61090900032286
nymeria,mixed,separate_banks,nymeria__only_pointcloud__qwen3_4b,qwen3_4b,only_pointcloud,37160,148640,949440,81,28468,8692,0.5670430000463966,2.8617850003064493,2.8617850003064493,4029145896,8071647392,524957950016,4029108736,81.30560200061154,82.62808900053642
nymeria,mixed,fixed_resampling,nymeria__only_pointcloud__qwen3_4b,qwen3_4b,only_pointcloud,37160,148640,937920,81,28468,8692,0.560182999834069,2.7815840003603487,2.7815840003603487,4029145896,8071647392,524957938496,4029108736,81.30560200061154,82.51058899986674
nymeria,mixed,finetune_encoders,nymeria__only_pointcloud__qwen3_4b,qwen3_4b,only_pointcloud,37160,148640,949440,81,28468,8692,0.5590130003838567,2.8531240014052717,2.8531240014052717,4029145896,8071647392,524957950016,4029108736,81.30560200061154,82.58948900038376
nymeria,mixed,no_alignment,nymeria__only_pointcloud__qwen3_4b,qwen3_4b,only_pointcloud,37160,148640,949440,81,28468,8692,0.547362999895995,2.8335150000492693,2.8335150000492693,4029145896,8071647392,524957950016,4029108736,81.30560200061154,82.59077800084924
nymeria,mixed,no_usage,nymeria__only_pointcloud__qwen3_4b,qwen3_4b,only_pointcloud,37160,148640,949440,81,28468,8692,0.5647729994961992,2.8667739998417208,2.8667739998417208,4029145896,8071647392,524957950016,4029108736,81.30560200061154,82.58577700053138
nymeria,mixed,tcn,nymeria__only_pointcloud__qwen3_4b,qwen3_4b,only_pointcloud,13984,55936,845760,96,13984,0,0.5168729994693422,2.63245299862792,2.63245299862792,4029122720,8071554688,701926283072,4029108736,81.2692520003111,82.16918600010104
nymeria,mixed,ts_transformer,nymeria__only_pointcloud__qwen3_4b,qwen3_4b,only_pointcloud,26848,107392,1894336,96,26848,0,0.7305340004677419,2.840474000154424,2.840474000154424,4029135584,8071606144,701927331648,4029108736,81.2692520003111,82.25328600019566
nymeria,mixed,patchtst,nymeria__only_pointcloud__qwen3_4b,qwen3_4b,only_pointcloud,26688,106752,4339008,96,26688,0,0.6877639998492668,2.7972949997685617,2.7972949997685617,4029135424,8071605504,517602400320,4029108736,81.52396300010878,82.60188900021603
nymeria,cuda,distrixsense,nymeria__only_rgb__qwen3_4b,qwen3_4b,only_rgb,332180,1328720,20755584,332,31732,300448,0.9359050000057323,3.603818000225443,11.287346999365859,4029440916,8072827472,746214844160,4029108736,81.28799199948844,84.88435899926117
nymeria,cuda,dense,nymeria__only_rgb__qwen3_4b,qwen3_4b,only_rgb,314356,1257424,29205632,17296,27636,286720,0.6602829998882953,6.559015000998206,23.989171001102438,4029423092,8072756176,1461571290880,4029108736,83.75163399978192,86.46392799892055
nymeria,cuda,dense_tokens,nymeria__only_rgb__qwen3_4b,qwen3_4b,only_rgb,323860,1295440,20690048,4400,27636,296224,0.6734240005243919,4.118148000993533,14.16464600059,4029432596,8072794192,746214778624,4029108736,81.28799199948844,84.34496700010641
nymeria,cuda,raw,nymeria__only_rgb__qwen3_4b,qwen3_4b,only_rgb,314356,1257424,29205632,188928,314356,0,1.7619690006540623,60.62575000021158,161.2968900009758,4029423092,8072756176,1461571290880,4029108736,83.75163399978192,86.3877469992076
nymeria,cuda,early_fusion,nymeria__only_rgb__qwen3_4b,qwen3_4b,only_rgb,203668,814672,13159552,188928,203668,0,1.479428000493499,60.332848998653816,161.01168999846715,4029312404,8072313424,746207248128,4029108736,81.28799199948844,83.49152299979323
nymeria,cuda,late_fusion,nymeria__only_rgb__qwen3_4b,qwen3_4b,only_rgb,288040,1152160,18237952,352,0,288040,0.1267909992748173,2.6624429985053486,10.011817998556326,4022756136,8046088352,635195651328,4022468096,82.05426499989699,84.15555500050687
nymeria,cuda,local_only,nymeria__only_rgb__qwen3_4b,qwen3_4b,only_rgb,288040,1152160,18237952,208,0,288040,0.1776510007402976,2.696484001050959,10.00456800108616,4022756136,8046088352,635195651328,4022468096,82.05426499989699,84.23651499924745
nymeria,cuda,bottleneck,nymeria__only_rgb__qwen3_4b,qwen3_4b,only_rgb,315524,1262096,29271168,2736,28276,287248,0.6779129998903954,3.6962249999042136,12.491601999576332,4029424260,8072760848,1461571356416,4029108736,83.75163399978192,86.58980900054303
nymeria,cuda,tokenlearner,nymeria__only_rgb__qwen3_4b,qwen3_4b,only_rgb,319636,1278544,20624512,4400,27636,292000,0.6502629994429299,4.080075998895045,14.098593998805445,4029428372,8072777296,746214713088,4029108736,81.28799199948844,84.3462869997893
nymeria,cuda,posthoc_vq,nymeria__only_rgb__qwen3_4b,qwen3_4b,only_rgb,334836,1339344,29467776,800,31732,303104,0.9401249999427819,3.812378998187487,12.021207999154868,4029443572,8072838096,1461571553024,4029108736,83.75163399978192,87.70270499917387
nymeria,cuda,joint_vq,nymeria__only_rgb__qwen3_4b,qwen3_4b,only_rgb,344340,1377360,20755584,332,31732,312608,0.909604999833391,4.0059599993004,12.179449001037305,4029453076,8072876112,746214844160,4029108736,81.28799199948844,85.45221399981529
nymeria,cuda,deepconvlstm,nymeria__only_rgb__qwen3_4b,qwen3_4b,only_rgb,306890,1227560,19481216,188928,306890,0,1.1153759996886947,59.97709699829417,160.64371899863482,4029415626,8072726312,746213569792,4029108736,81.28799199948844,83.13732099850313
nymeria,cuda,unrestricted_bank,nymeria__only_rgb__qwen3_4b,qwen3_4b,only_rgb,344852,1379408,20952192,332,31732,313120,0.6924429999344284,3.350825999074301,11.011752999861805,4029453588,8072878160,746215040768,4029108736,81.28799199948844,84.78289899994707
nymeria,cuda,separate_banks,nymeria__only_rgb__qwen3_4b,qwen3_4b,only_rgb,332180,1328720,20755584,332,31732,300448,0.9689950002211845,3.6438280009281936,11.330615001993742,4029440916,8072827472,746214844160,4029108736,81.28799199948844,84.90304099996138
nymeria,cuda,fixed_resampling,nymeria__only_rgb__qwen3_4b,qwen3_4b,only_rgb,332180,1328720,11170944,332,31732,300448,0.9169450004264945,3.538268000407994,11.115175000254844,4029440916,8072827472,746205259520,4029108736,81.28799199948844,84.69032999983028
nymeria,cuda,finetune_encoders,nymeria__only_rgb__qwen3_4b,qwen3_4b,only_rgb,332180,1328720,20755584,332,31732,300448,0.9396949999427306,3.607029000373883,11.279367001903033,4029440916,8072827472,746214844160,4029108736,81.28799199948844,84.81037900037336
nymeria,cuda,no_alignment,nymeria__only_rgb__qwen3_4b,qwen3_4b,only_rgb,332180,1328720,20755584,332,31732,300448,0.922645000173361,3.581457999313285,11.257016000440949,4029440916,8072827472,746214844160,4029108736,81.28799199948844,84.85650100010389
nymeria,cuda,no_usage,nymeria__only_rgb__qwen3_4b,qwen3_4b,only_rgb,332180,1328720,20755584,332,31732,300448,0.9230050000041956,3.590497000583424,11.254235001202055,4029440916,8072827472,746214844160,4029108736,81.28799199948844,84.83181999963563
nymeria,cuda,tcn,nymeria__only_rgb__qwen3_4b,qwen3_4b,only_rgb,189460,757840,11973504,188928,189460,0,1.2227059996803291,60.081397000315945,160.74886900167195,4029298196,8072256592,746206062080,4029108736,81.28799199948844,83.26319199932186
nymeria,cuda,ts_transformer,nymeria__only_rgb__qwen3_4b,qwen3_4b,only_rgb,202324,809296,13022080,188928,202324,0,1.3140259998181136,60.16987600003037,160.84604800032986,4029311060,8072308048,746207110656,4029108736,81.28799199948844,83.36706299996877
nymeria,cuda,patchtst,nymeria__only_rgb__qwen3_4b,qwen3_4b,only_rgb,177876,711504,286217472,188928,177876,0,1.3984569995955098,60.25746799866599,160.92826999754772,4029286612,8072210256,561975982848,4029108736,81.24474199939868,83.41285200003767
nymeria,mixed,distrixsense,nymeria__only_rgb__qwen3_4b,qwen3_4b,only_rgb,332180,1328720,20755584,332,31732,300448,0.9186240004055435,3.4923870004025286,10.656760998740815,4029440916,8072827472,746214844160,4029108736,81.28799199948844,84.11354599866172
nymeria,mixed,dense,nymeria__only_rgb__qwen3_4b,qwen3_4b,only_rgb,314356,1257424,29205632,17296,27636,286720,0.6817129997216398,6.48277400010078,23.579088000968984,4029423092,8072756176,1461571290880,4029108736,83.75163399978192,86.18542700060061
nymeria,mixed,dense_tokens,nymeria__only_rgb__qwen3_4b,qwen3_4b,only_rgb,323860,1295440,20690048,4400,27636,296224,0.6980529997235863,4.0233950003265635,13.396227999673574,4029432596,8072794192,746214778624,4029108736,81.28799199948844,84.11296699978266
nymeria,mixed,raw,nymeria__only_rgb__qwen3_4b,qwen3_4b,only_rgb,314356,1257424,29205632,188928,314356,0,1.7714790001264191,60.581610000438985,161.09671099928102,4029423092,8072756176,1461571290880,4029108736,83.75163399978192,86.14680699974997
nymeria,mixed,early_fusion,nymeria__only_rgb__qwen3_4b,qwen3_4b,only_rgb,203668,814672,13159552,188928,203668,0,1.4810880002187332,60.28194799898617,160.7876779982501,4029312404,8072313424,746207248128,4029108736,81.28799199948844,83.30012199894554
nymeria,mixed,late_fusion,nymeria__only_rgb__qwen3_4b,qwen3_4b,only_rgb,288040,1152160,18237952,352,0,288040,0.12777099982486106,2.5483240007337646,9.532087000106658,4022756136,8046088352,635195651328,4022468096,82.05426499989699,83.85406499928649
nymeria,mixed,local_only,nymeria__only_rgb__qwen3_4b,qwen3_4b,only_rgb,288040,1152160,18237952,208,0,288040,0.18211099995824043,2.554962000674533,9.356404998534277,4022756136,8046088352,635195651328,4022468096,82.05426499989699,83.7214840003071
nymeria,mixed,bottleneck,nymeria__only_rgb__qwen3_4b,qwen3_4b,only_rgb,315524,1262096,29271168,2736,28276,287248,0.7509440001740586,3.6094169993439458,11.869839998402412,4029424260,8072760848,1461571356416,4029108736,83.75163399978192,86.13147500000196
nymeria,mixed,tokenlearner,nymeria__only_rgb__qwen3_4b,qwen3_4b,only_rgb,319636,1278544,20624512,4400,27636,292000,0.6817739995312877,3.947466999302269,13.455740998305846,4029428372,8072777296,746214713088,4029108736,81.28799199948844,83.69935500013526
nymeria,mixed,posthoc_vq,nymeria__only_rgb__qwen3_4b,qwen3_4b,only_rgb,334836,1339344,29467776,800,31732,303104,0.9963949996745214,3.6270979999209523,11.196983000431501,4029443572,8072838096,1461571553024,4029108736,83.75163399978192,87.27711200026533
nymeria,mixed,joint_vq,nymeria__only_rgb__qwen3_4b,qwen3_4b,only_rgb,344340,1377360,20755584,332,31732,312608,0.9652950002418947,3.552518000684655,11.003434001891314,4029453076,8072876112,746214844160,4029108736,81.28799199948844,84.60131899937551
nymeria,mixed,deepconvlstm,nymeria__only_rgb__qwen3_4b,qwen3_4b,only_rgb,306890,1227560,19481216,188928,306890,0,1.1141459999635117,59.91851800069841,160.4384080011908,4029415626,8072726312,746213569792,4029108736,81.28799199948844,83.25458199942659
nymeria,mixed,unrestricted_bank,nymeria__only_rgb__qwen3_4b,qwen3_4b,only_rgb,344852,1379408,20952192,332,31732,313120,0.723734000530385,3.216457000813831,10.17101000029043,4029453588,8072878160,746215040768,4029108736,81.28799199948844,84.31245700012369
nymeria,mixed,separate_banks,nymeria__only_rgb__qwen3_4b,qwen3_4b,only_rgb,332180,1328720,20755584,332,31732,300448,1.0375849997217301,3.5137270002781644,10.467091001869726,4029440916,8072827472,746214844160,4029108736,81.28799199948844,84.18238600006589
nymeria,mixed,fixed_resampling,nymeria__only_rgb__qwen3_4b,qwen3_4b,only_rgb,332180,1328720,11170944,332,31732,300448,0.9837249999691267,3.369317999055353,10.180490998705231,4029440916,8072827472,746205259520,4029108736,81.28799199948844,83.86943499863264
nymeria,mixed,finetune_encoders,nymeria__only_rgb__qwen3_4b,qwen3_4b,only_rgb,332180,1328720,20755584,332,31732,300448,0.9715149999465211,3.494496999916306,10.579900999387341,4029440916,8072827472,746214844160,4029108736,81.28799199948844,84.93108999937249
nymeria,mixed,no_alignment,nymeria__only_rgb__qwen3_4b,qwen3_4b,only_rgb,332180,1328720,20755584,332,31732,300448,1.03041599959397,3.5588189999874213,10.640503001509664,4029440916,8072827472,746214844160,4029108736,81.28799199948844,84.29625700046017
nymeria,mixed,no_usage,nymeria__only_rgb__qwen3_4b,qwen3_4b,only_rgb,332180,1328720,20755584,332,31732,300448,0.9776449996934389,3.4405459988523273,10.526870999042607,4029440916,8072827472,746214844160,4029108736,81.28799199948844,84.28640799957066
nymeria,mixed,tcn,nymeria__only_rgb__qwen3_4b,qwen3_4b,only_rgb,189460,757840,11973504,188928,189460,0,1.6385689996241126,60.44530899987282,160.9656199990962,4029298196,8072256592,746206062080,4029108736,81.28799199948844,83.11359999970591
nymeria,mixed,ts_transformer,nymeria__only_rgb__qwen3_4b,qwen3_4b,only_rgb,202324,809296,13022080,188928,202324,0,1.4609879999625264,60.268778000021,160.79401800032366,4029311060,8072308048,746207110656,4029108736,81.28799199948844,83.47111199964274
nymeria,mixed,patchtst,nymeria__only_rgb__qwen3_4b,qwen3_4b,only_rgb,177876,711504,286217472,188928,177876,0,1.4287879994299146,60.23794799864251,160.75925799866974,4029286612,8072210256,561975982848,4029108736,81.24474199939868,83.24301199991169
nymeria,cuda,distrixsense,nymeria__only_slam__qwen3_4b,qwen3_4b,only_slam,205876,823504,14525824,672,36084,169792,1.3834370001859497,4.621372999577119,13.729225999941606,4029314612,8072322256,1042842905600,4029108736,83.53833299952385,89.43845299927489
nymeria,cuda,dense,nymeria__only_slam__qwen3_4b,qwen3_4b,only_slam,170228,680912,39290240,34592,27892,142336,0.9464949998800876,10.704989000403183,39.453091001296265,4029278964,8072179664,2493494995968,4029108736,87.47092299927317,91.91284499956964
nymeria,cuda,dense_tokens,nymeria__only_slam__qwen3_4b,qwen3_4b,only_slam,189236,756944,14394752,8800,27892,161344,0.8717049995539128,5.653870999992941,19.474304001733834,4029297972,8072255696,1042842774528,4029108736,83.53833299952385,88.7403999986418
nymeria,cuda,raw,nymeria__only_slam__qwen3_4b,qwen3_4b,only_slam,170228,680912,39290240,159152,170228,0,2.977054999973916,43.488957000541944,138.98164900024562,4029278964,8072179664,2493494995968,4029108736,87.47092299927317,91.56214399899909
nymeria,cuda,early_fusion,nymeria__only_slam__qwen3_4b,qwen3_4b,only_slam,79892,319568,5254528,159152,79892,0,2.3014219996184693,42.801133998133395,138.2949359988313,4029188628,8071818320,805290271744,4029108736,82.86867999959213,86.26104799986933
nymeria,cuda,late_fusion,nymeria__only_slam__qwen3_4b,qwen3_4b,only_slam,144976,579904,9016320,704,0,144976,0.19709099979081657,3.2217750010594144,11.772976000403508,4022613072,8045516096,694135800576,4022468096,81.28507200035529,84.95053100068617
nymeria,cuda,local_only,nymeria__only_slam__qwen3_4b,qwen3_4b,only_slam,144976,579904,9016320,416,0,144976,0.2920810002251528,3.261805000859534,11.658696001115326,4022613072,8045516096,694135800576,4022468096,81.28507200035529,85.08489100040606
nymeria,cuda,bottleneck,nymeria__only_slam__qwen3_4b,qwen3_4b,only_slam,172564,690256,39421312,5472,29172,143392,0.9662450001997058,4.938829999437125,16.354712000029593,4029281300,8072189008,2493495127040,4029108736,87.47092299927317,92.09422699859715
nymeria,cuda,tokenlearner,nymeria__only_slam__qwen3_4b,qwen3_4b,only_slam,180788,723152,14263680,8800,27892,152896,0.8712740000191843,5.661950000501529,19.444482000609277,4029289524,8072221904,1042842643456,4029108736,83.53833299952385,88.46702799928607
nymeria,cuda,posthoc_vq,nymeria__only_slam__qwen3_4b,qwen3_4b,only_slam,211188,844752,39814528,1632,36084,175104,1.4289569999164087,5.109094000416086,15.239079000304942,4029319924,8072343504,2493495520256,4029108736,87.47092299927317,94.06604600007995
nymeria,cuda,joint_vq,nymeria__only_slam__qwen3_4b,qwen3_4b,only_slam,230196,920784,14525824,672,36084,194112,1.383916999657231,4.917553000564197,14.904801000102795,4029338932,8072419536,1042842905600,4029108736,83.53833299952385,90.57047899932513
nymeria,cuda,deepconvlstm,nymeria__only_slam__qwen3_4b,qwen3_4b,only_slam,149962,599848,9470592,159152,149962,0,1.960489999873971,42.456601999171056,137.95500399851585,4029258698,8072098600,805294487808,4029108736,82.86867999959213,85.85052399939741
nymeria,cuda,unrestricted_bank,nymeria__only_slam__qwen3_4b,qwen3_4b,only_slam,265012,1060048,15443328,672,36084,228928,0.9136749995377613,4.137169000682746,13.211072001741174,4029373748,8072558800,1042843823104,4029108736,83.53833299952385,88.94604999932199
nymeria,cuda,separate_banks,nymeria__only_slam__qwen3_4b,qwen3_4b,only_slam,205876,823504,14525824,672,36084,169792,1.4624069999626954,4.67298199903334,13.729436999983934,4029314612,8072322256,1042842905600,4029108736,83.53833299952385,89.42614199986565
nymeria,cuda,fixed_resampling,nymeria__only_slam__qwen3_4b,qwen3_4b,only_slam,205876,823504,12330368,672,36084,169792,1.3721269997404306,4.540563001069216,13.443094000922772,4029314612,8072322256,1042840710144,4029108736,83.53833299952385,89.1029009990234
nymeria,cuda,finetune_encoders,nymeria__only_slam__qwen3_4b,qwen3_4b,only_slam,205876,823504,14525824,672,36084,169792,1.3953779998701066,4.637622999621357,13.699778000318817,4029314612,8072322256,1042842905600,4029108736,83.53833299952385,89.37726199928875
nymeria,cuda,no_alignment,nymeria__only_slam__qwen3_4b,qwen3_4b,only_slam,205876,823504,14525824,672,36084,169792,1.4266469997892273,4.663043000914598,13.746177000303193,4029314612,8072322256,1042842905600,4029108736,83.53833299952385,89.47265299957508
nymeria,cuda,no_usage,nymeria__only_slam__qwen3_4b,qwen3_4b,only_slam,205876,823504,14525824,672,36084,169792,1.373516999592539,4.608581999787106,13.701594000213278,4029314612,8072322256,1042842905600,4029108736,83.53833299952385,89.37283299928822
nymeria,cuda,tcn,nymeria__only_slam__qwen3_4b,qwen3_4b,only_slam,65556,262224,4068480,159152,65556,0,2.03269099984027,42.54374199985827,138.0444050003032,4029174292,8071760976,805289085696,4029108736,82.86867999959213,85.97722499962401
nymeria,cuda,ts_transformer,nymeria__only_slam__qwen3_4b,qwen3_4b,only_slam,78420,313680,5117056,159152,78420,0,2.1277610003380687,42.626471999889276,138.11923400067167,4029187156,8071812432,805290134272,4029108736,82.86867999959213,86.07229699919117
nymeria,cuda,patchtst,nymeria__only_slam__qwen3_4b,qwen3_4b,only_slam,62036,248144,186619392,159152,62036,0,2.245280999886745,42.75033300104619,138.25184400070862,4029170772,8071746896,620731383808,4029108736,82.37975700012612,85.68528300020262
nymeria,mixed,distrixsense,nymeria__only_slam__qwen3_4b,qwen3_4b,only_slam,205876,823504,14525824,672,36084,169792,1.4135470000837813,4.169449998994509,11.849027999506122,4029314612,8072322256,1042842905600,4029108736,83.53833299952385,87.82622499893478
nymeria,mixed,dense,nymeria__only_slam__qwen3_4b,qwen3_4b,only_slam,170228,680912,39290240,34592,27892,142336,0.9130240005106316,10.33020700120458,38.02930200220536,4029278964,8072179664,2493494995968,4029108736,87.47092299927317,90.66805899965402
nymeria,mixed,dense_tokens,nymeria__only_slam__qwen3_4b,qwen3_4b,only_slam,189236,756944,14394752,8800,27892,161344,0.8782649993008818,5.198068000425119,17.669654001793823,4029297972,8072255696,1042842774528,4029108736,83.53833299952385,87.01501099949382
nymeria,mixed,raw,nymeria__only_slam__qwen3_4b,qwen3_4b,only_slam,170228,680912,39290240,159152,170228,0,2.9437350003718166,43.352916000864155,138.5539660016118,4029278964,8072179664,2493494995968,4029108736,87.47092299927317,91.28737299943168
nymeria,mixed,early_fusion,nymeria__only_slam__qwen3_4b,qwen3_4b,only_slam,79892,319568,5254528,159152,79892,0,2.2691619997203816,42.672193998393,137.8723149975965,4029188628,8071818320,805290271744,4029108736,82.86867999959213,85.85197600041283
nymeria,mixed,late_fusion,nymeria__only_slam__qwen3_4b,qwen3_4b,only_slam,144976,579904,9016320,704,0,144976,0.19171100029780064,2.8472640003591194,10.286179000987834,4022613072,8045516096,694135800576,4022468096,81.28507200035529,83.6456150000231
nymeria,mixed,local_only,nymeria__only_slam__qwen3_4b,qwen3_4b,only_slam,144976,579904,9016320,416,0,144976,0.29638100022566505,2.883833998551348,10.150128998185986,4022613072,8045516096,694135800576,4022468096,81.28507200035529,83.77271400058817
nymeria,mixed,bottleneck,nymeria__only_slam__qwen3_4b,qwen3_4b,only_slam,172564,690256,39421312,5472,29172,143392,0.9757649995663087,4.575727000874444,14.882553000425304,4029281300,8072189008,2493495127040,4029108736,87.47092299927317,90.84047899887082
nymeria,mixed,tokenlearner,nymeria__only_slam__qwen3_4b,qwen3_4b,only_slam,180788,723152,14263680,8800,27892,152896,0.8845339998515556,5.196507000107667,17.63612400077458,4029289524,8072221904,1042842643456,4029108736,83.53833299952385,86.97647099961614
nymeria,mixed,posthoc_vq,nymeria__only_slam__qwen3_4b,qwen3_4b,only_slam,211188,844752,39814528,1632,36084,175104,1.444118000108574,4.449072000950842,12.875639999431174,4029319924,8072343504,2493495520256,4029108736,87.47092299927317,92.03642699958436
nymeria,mixed,joint_vq,nymeria__only_slam__qwen3_4b,qwen3_4b,only_slam,230196,920784,14525824,672,36084,194112,1.3904870002079406,4.272642000910395,12.316139001359604,4029338932,8072419536,1042842905600,4029108736,83.53833299952385,88.31032600028266
nymeria,mixed,deepconvlstm,nymeria__only_slam__qwen3_4b,qwen3_4b,only_slam,149962,599848,9470592,159152,149962,0,1.9697500001711887,42.37265100068393,137.5724120009661,4029258698,8072098600,805294487808,4029108736,82.86867999959213,85.48791299926961
nymeria,mixed,unrestricted_bank,nymeria__only_slam__qwen3_4b,qwen3_4b,only_slam,265012,1060048,15443328,672,36084,228928,0.9311750000051688,3.6886380006081656,11.36832400088713,4029373748,8072558800,1042843823104,4029108736,83.53833299952385,87.31970100052422
nymeria,mixed,separate_banks,nymeria__only_slam__qwen3_4b,qwen3_4b,only_slam,205876,823504,14525824,672,36084,169792,1.4632570000685519,4.217680000078957,11.88221599959468,4029314612,8072322256,1042842905600,4029108736,83.53833299952385,87.84922399900097
nymeria,mixed,fixed_resampling,nymeria__only_slam__qwen3_4b,qwen3_4b,only_slam,205876,823504,12330368,672,36084,169792,1.4119470006335177,4.023928999527101,11.289814000793173,4029314612,8072322256,1042840710144,4029108736,83.53833299952385,87.19041099902824
nymeria,mixed,finetune_encoders,nymeria__only_slam__qwen3_4b,qwen3_4b,only_slam,205876,823504,14525824,672,36084,169792,1.404627000738401,4.15737000123508,11.836287000096833,4029314612,8072322256,1042842905600,4029108736,83.53833299952385,87.7848840000297
nymeria,mixed,no_alignment,nymeria__only_slam__qwen3_4b,qwen3_4b,only_slam,205876,823504,14525824,672,36084,169792,1.4139969998723245,4.1659910005592735,11.841668000034021,4029314612,8072322256,1042842905600,4029108736,83.53833299952385,87.7764440001556
nymeria,mixed,no_usage,nymeria__only_slam__qwen3_4b,qwen3_4b,only_slam,205876,823504,14525824,672,36084,169792,1.4325780002764077,4.18102099986308,11.84689700157867,4029314612,8072322256,1042842905600,4029108736,83.53833299952385,87.78697399975499
nymeria,mixed,tcn,nymeria__only_slam__qwen3_4b,qwen3_4b,only_slam,65556,262224,4068480,159152,65556,0,2.049329999863403,42.45739100037676,137.65764100139927,4029174292,8071760976,805289085696,4029108736,82.86867999959213,85.63024399973074
nymeria,mixed,ts_transformer,nymeria__only_slam__qwen3_4b,qwen3_4b,only_slam,78420,313680,5117056,159152,78420,0,2.142631000424444,42.54917400152985,137.75235400067027,4029187156,8071812432,805290134272,4029108736,82.86867999959213,85.7115149992751
nymeria,mixed,patchtst,nymeria__only_slam__qwen3_4b,qwen3_4b,only_slam,62036,248144,186619392,159152,62036,0,2.2885520002091653,42.6952829984169,137.89807399848792,4029170772,8071746896,620731383808,4029108736,82.37975700012612,85.31594200030668
nymeria,cuda,distrixsense,nymeria__only_trajectory__qwen3_4b,qwen3_4b,only_trajectory,62820,251280,3611264,332,31732,31088,0.9456850002607098,3.584507999800122,11.200374999630462,4029171556,8071750032,746197699840,4029108736,81.28799199948844,84.8153299984915
nymeria,cuda,dense,nymeria__only_trajectory__qwen3_4b,qwen3_4b,only_trajectory,44996,179984,12061312,17296,27636,17360,0.6522829999084934,6.536395000107167,23.930852000757074,4029153732,8071678736,1461554146560,4029108736,83.75163399978192,86.38013699965086
nymeria,cuda,dense_tokens,nymeria__only_trajectory__qwen3_4b,qwen3_4b,only_trajectory,54500,218000,3545728,4400,27636,26864,0.6415440002456307,4.075578000988462,14.085515001151652,4029163236,8071716752,746197634304,4029108736,81.28799199948844,84.26546800001233
nymeria,cuda,raw,nymeria__only_trajectory__qwen3_4b,qwen3_4b,only_trajectory,44996,179984,12061312,391456,44996,0,1.7020480008795857,82.21392900039825,323.3175099997911,4029153732,8071678736,1461554146560,4029108736,83.75163399978192,86.31714700004522
nymeria,cuda,early_fusion,nymeria__only_trajectory__qwen3_4b,qwen3_4b,only_trajectory,29028,116112,2077312,391456,29028,0,1.5270180001607514,82.03732999944657,323.14417099983393,4029137764,8071614864,746196165888,4029108736,81.28799199948844,83.52317299977585
nymeria,cuda,late_fusion,nymeria__only_trajectory__qwen3_4b,qwen3_4b,only_trajectory,18680,74720,1093632,352,0,18680,0.12670100022660336,2.647983999984199,9.958670998994167,4022486776,8045010912,635178507008,4022468096,82.05426499989699,84.33090600010473
nymeria,cuda,local_only,nymeria__only_trajectory__qwen3_4b,qwen3_4b,only_trajectory,18680,74720,1093632,208,0,18680,0.18702099987422116,2.6861930011977906,9.934387001585424,4022486776,8045010912,635178507008,4022468096,82.05426499989699,84.17526500034
nymeria,cuda,bottleneck,nymeria__only_trajectory__qwen3_4b,qwen3_4b,only_trajectory,46164,184656,12126848,2736,28276,17888,0.6957730001886375,3.9747370003815625,12.76290200083541,4029154900,8071683408,1461554212096,4029108736,83.75163399978192,86.53835899986007
nymeria,cuda,tokenlearner,nymeria__only_trajectory__qwen3_4b,qwen3_4b,only_trajectory,50276,201104,3480192,4400,27636,22640,0.6441530003939988,4.318335999409901,14.27996300024417,4029159012,8071699856,746197568768,4029108736,81.28799199948844,84.27388799918845
nymeria,cuda,posthoc_vq,nymeria__only_trajectory__qwen3_4b,qwen3_4b,only_trajectory,65476,261904,12323456,800,31732,33744,0.9352349998152931,3.767227999556926,11.938506999271922,4029174212,8071760656,1461554408704,4029108736,83.75163399978192,87.60301299935236
nymeria,cuda,joint_vq,nymeria__only_trajectory__qwen3_4b,qwen3_4b,only_trajectory,74980,299920,3611264,332,31732,43248,0.921464999919408,3.7390089997973757,11.833587999304022,4029183716,8071798672,746197699840,4029108736,81.28799199948844,85.40054199966107
nymeria,cuda,deepconvlstm,nymeria__only_trajectory__qwen3_4b,qwen3_4b,only_trajectory,37530,150120,2336896,391456,37530,0,1.0918360003415728,81.60375599990255,322.7044979997604,4029146266,8071648872,746196425472,4029108736,81.28799199948844,83.21587099908356
nymeria,cuda,unrestricted_bank,nymeria__only_trajectory__qwen3_4b,qwen3_4b,only_trajectory,75492,301968,3807872,332,31732,43760,0.6725729999743635,3.322385001080262,10.933973002052248,4029184228,8071800720,746197896448,4029108736,81.28799199948844,84.55014899936941
nymeria,cuda,separate_banks,nymeria__only_trajectory__qwen3_4b,qwen3_4b,only_trajectory,62820,251280,3611264,332,31732,31088,0.9560750004311558,3.5961670006475526,11.203493000307667,4029171556,8071750032,746197699840,4029108736,81.28799199948844,84.80714999950578
nymeria,cuda,fixed_resampling,nymeria__only_trajectory__qwen3_4b,qwen3_4b,only_trajectory,62820,251280,3593344,332,31732,31088,0.9247750003851252,3.532497999582416,11.041183998300134,4029171556,8071750032,746197681920,4029108736,81.28799199948844,84.61521999925026
nymeria,cuda,finetune_encoders,nymeria__only_trajectory__qwen3_4b,qwen3_4b,only_trajectory,62820,251280,3611264,332,31732,31088,0.9189450001940713,3.5645180001996106,11.185105000136268,4029171556,8071750032,746197699840,4029108736,81.28799199948844,84.76337999945827
nymeria,cuda,no_alignment,nymeria__only_trajectory__qwen3_4b,qwen3_4b,only_trajectory,62820,251280,3611264,332,31732,31088,0.9104839991778135,3.845417999069765,11.458316000739892,4029171556,8071750032,746197699840,4029108736,81.28799199948844,84.8112100002254
nymeria,cuda,no_usage,nymeria__only_trajectory__qwen3_4b,qwen3_4b,only_trajectory,62820,251280,3611264,332,31732,31088,0.9092240006793872,3.563878001510899,11.175264000981137,4029171556,8071750032,746197699840,4029108736,81.28799199948844,84.77102999950148
nymeria,cuda,tcn,nymeria__only_trajectory__qwen3_4b,qwen3_4b,only_trajectory,14820,59280,891264,391456,14820,0,1.2296859995331033,81.74561700078664,322.84843900047554,4029123556,8071558032,746194979840,4029108736,81.28799199948844,83.34596300028352
nymeria,cuda,ts_transformer,nymeria__only_trajectory__qwen3_4b,qwen3_4b,only_trajectory,27684,110736,1939840,391456,27684,0,1.3367270003072917,81.84500800060812,322.94498899987366,4029136420,8071609488,746196028416,4029108736,81.28799199948844,83.37181199931365
nymeria,cuda,patchtst,nymeria__only_trajectory__qwen3_4b,qwen3_4b,only_trajectory,26916,107664,10108672,391456,26916,0,1.404437000019243,81.91538900072226,323.0193289985923,4029135652,8071606416,561699874048,4029108736,81.24474199939868,83.43987299940636
nymeria,mixed,distrixsense,nymeria__only_trajectory__qwen3_4b,qwen3_4b,only_trajectory,62820,251280,3611264,332,31732,31088,0.9454849996473058,3.4086570000329868,10.509552000753779,4029171556,8071750032,746197699840,4029108736,81.28799199948844,84.19245599907299
nymeria,mixed,dense,nymeria__only_trajectory__qwen3_4b,qwen3_4b,only_trajectory,44996,179984,12061312,17296,27636,17360,0.6550530006279587,6.409524001678382,23.394818001560413,4029153732,8071678736,1461554146560,4029108736,83.75163399978192,86.04901600028825
nymeria,mixed,dense_tokens,nymeria__only_trajectory__qwen3_4b,qwen3_4b,only_trajectory,54500,218000,3545728,4400,27636,26864,0.6417929998860927,3.8653340006884536,13.265198000207892,4029163236,8071716752,746197634304,4029108736,81.28799199948844,83.7479549991258
nymeria,mixed,raw,nymeria__only_trajectory__qwen3_4b,qwen3_4b,only_trajectory,44996,179984,12061312,391456,44996,0,1.7351989999951911,82.19623999874636,323.159339997213,4029153732,8071678736,1461554146560,4029108736,83.75163399978192,86.20557599988388
nymeria,mixed,early_fusion,nymeria__only_trajectory__qwen3_4b,qwen3_4b,only_trajectory,29028,116112,2077312,391456,29028,0,1.4660369997727685,81.92639800116774,322.89083800092476,4029137764,8071614864,746196165888,4029108736,81.28799199948844,83.39449200047966
nymeria,mixed,late_fusion,nymeria__only_trajectory__qwen3_4b,qwen3_4b,only_trajectory,18680,74720,1093632,352,0,18680,0.1271110004381626,2.524483000477112,9.447205999631224,4022486776,8045010912,635178507008,4022468096,82.05426499989699,83.79622300071787
nymeria,mixed,local_only,nymeria__only_trajectory__qwen3_4b,qwen3_4b,only_trajectory,18680,74720,1093632,208,0,18680,0.18949100012832787,2.5621120005484785,9.34893500022547,4022486776,8045010912,635178507008,4022468096,82.05426499989699,83.82663300017157
nymeria,mixed,bottleneck,nymeria__only_trajectory__qwen3_4b,qwen3_4b,only_trajectory,46164,184656,12126848,2736,28276,17888,0.7071829995766166,3.563533999359631,11.876667998953153,4029154900,8071683408,1461554212096,4029108736,83.75163399978192,86.15181599907373
nymeria,mixed,tokenlearner,nymeria__only_trajectory__qwen3_4b,qwen3_4b,only_trajectory,50276,201104,3480192,4400,27636,22640,0.6455129996538744,3.8722049994202097,13.265368002048053,4029159012,8071699856,746197568768,4029108736,81.28799199948844,83.7166139999681
nymeria,mixed,posthoc_vq,nymeria__only_trajectory__qwen3_4b,qwen3_4b,only_trajectory,65476,261904,12323456,800,31732,33744,0.9570249994794722,3.538436998493271,10.947561999259634,4029174212,8071760656,1461554408704,4029108736,83.75163399978192,86.88462099962635
nymeria,mixed,joint_vq,nymeria__only_trajectory__qwen3_4b,qwen3_4b,only_trajectory,74980,299920,3611264,332,31732,43248,0.9457639998800005,3.463354999108857,10.689260000204108,4029183716,8071798672,746197699840,4029108736,81.28799199948844,84.49607800048398
nymeria,mixed,deepconvlstm,nymeria__only_trajectory__qwen3_4b,qwen3_4b,only_trajectory,37530,150120,2336896,391456,37530,0,1.1204760003238334,81.58476599882158,322.550506000292,4029146266,8071648872,746196425472,4029108736,81.28799199948844,83.06271199853654
nymeria,mixed,unrestricted_bank,nymeria__only_trajectory__qwen3_4b,qwen3_4b,only_trajectory,75492,301968,3807872,332,31732,43760,0.6799630000386969,3.1151640001883845,10.123697000877023,4029184228,8071800720,746197896448,4029108736,81.28799199948844,83.97207500001969
nymeria,mixed,separate_banks,nymeria__only_trajectory__qwen3_4b,qwen3_4b,only_trajectory,62820,251280,3611264,332,31732,31088,0.9635950000301818,3.408535999948368,10.420889000256743,4029171556,8071750032,746197699840,4029108736,81.28799199948844,84.24567800011573
nymeria,mixed,fixed_resampling,nymeria__only_trajectory__qwen3_4b,qwen3_4b,only_trajectory,62820,251280,3593344,332,31732,31088,0.9347940003863187,3.3008349997874813,10.084086999582091,4029171556,8071750032,746197681920,4029108736,81.28799199948844,83.89260500007367
nymeria,mixed,finetune_encoders,nymeria__only_trajectory__qwen3_4b,qwen3_4b,only_trajectory,62820,251280,3611264,332,31732,31088,0.9507950007900945,3.384806000791583,10.386639002304314,4029171556,8071750032,746197699840,4029108736,81.28799199948844,84.23630799916282
nymeria,mixed,no_alignment,nymeria__only_trajectory__qwen3_4b,qwen3_4b,only_trajectory,62820,251280,3611264,332,31732,31088,0.9368849996462814,3.368467999858991,10.368130999763984,4029171556,8071750032,746197699840,4029108736,81.28799199948844,84.25752799939801
nymeria,mixed,no_usage,nymeria__only_trajectory__qwen3_4b,qwen3_4b,only_trajectory,62820,251280,3611264,332,31732,31088,0.9378340000694152,3.3733759997961226,10.374919999362923,4029171556,8071750032,746197699840,4029108736,81.28799199948844,84.24094599922682
nymeria,mixed,tcn,nymeria__only_trajectory__qwen3_4b,qwen3_4b,only_trajectory,14820,59280,891264,391456,14820,0,1.223656000547635,81.6849170006102,322.6505780015518,4029123556,8071558032,746194979840,4029108736,81.28799199948844,83.18332199996803
nymeria,mixed,ts_transformer,nymeria__only_trajectory__qwen3_4b,qwen3_4b,only_trajectory,27684,110736,1939840,391456,27684,0,1.3028359999225358,81.76280699998495,322.72696800041876,4029136420,8071609488,746196028416,4029108736,81.28799199948844,83.26266099902568
nymeria,mixed,patchtst,nymeria__only_trajectory__qwen3_4b,qwen3_4b,only_trajectory,26916,107664,10108672,391456,26916,0,1.4042570001038257,81.86277900139282,322.82666100159395,4029135652,8071606416,561699874048,4029108736,81.24474199939868,83.47317300012946
