dataset,target,method,scenario_id,core_name,modality_set,parameters,weight_bytes,counted_flops,wire_bytes,core_parameters,edge_parameters,core_median_ms,parallel_estimate_ms,sequential_estimate_ms,full_parameters,full_weight_bytes,full_counted_flops,lm_parameters,lm_generation_ms,full_pipeline_estimate_ms
opportunity++,cpu,distrixsense,opportunity++__all__gemma3_1b,gemma3_1b,all,218128,872512,13895488,420,32820,185308,0.480341999718803,3.194444000041671,10.23110600284848,1001470352,2006109504,155418418496,1001252224,415.80851199978497,418.3247620003385
opportunity++,cpu,dense,opportunity++__all__gemma3_1b,gemma3_1b,all,195848,783392,25686848,21620,27700,168148,0.47468200136790983,9.786763002155093,26.687934001730987,1001448072,2006020384,327399356736,1001252224,471.1608480010909,473.41447600047104
opportunity++,cpu,dense_tokens,opportunity++__all__gemma3_1b,gemma3_1b,all,207728,830912,13813568,5500,27700,180028,0.33981100023083854,4.5573829997354185,13.889536000008228,1001459952,2006067904,155418336576,1001252224,415.80851199978497,417.8151389987761
opportunity++,cpu,raw,opportunity++__all__gemma3_1b,gemma3_1b,all,195848,783392,25686848,122912,195848,0,1.8736170004558517,46.81105700160637,108.33189800429952,1001448072,2006020384,327399356736,1001252224,471.1608480010909,473.8846469990676
opportunity++,cpu,early_fusion,opportunity++__all__gemma3_1b,gemma3_1b,all,115208,460832,7527232,122912,115208,0,0.9741330013639526,45.889454002236874,107.39299400190336,1001367432,2005697824,144056492352,1001252224,411.61412700057554,413.0392810002377
opportunity++,cpu,late_fusion,opportunity++__all__gemma3_1b,gemma3_1b,all,169798,679192,10679040,440,0,169798,0.04873000034422148,2.586932000433863,9.38074299773248,1000055750,2000451096,121345775872,999885952,401.79478200116137,403.12869700028386
opportunity++,cpu,local_only,opportunity++__all__gemma3_1b,gemma3_1b,all,169798,679192,10679040,260,0,169798,0.06553999992320314,2.546660999526433,9.253802999215084,1000055750,2000451096,121345775872,999885952,401.79478200116137,403.1260770007066
opportunity++,cpu,bottleneck,opportunity++__all__gemma3_1b,gemma3_1b,all,197308,789232,25768768,3420,28500,168808,0.48188100117840804,3.96964200353073,12.174265002434492,1001449532,2006026224,327399438656,1001252224,471.1608480010909,473.42884699901333
opportunity++,cpu,tokenlearner,opportunity++__all__gemma3_1b,gemma3_1b,all,202448,809792,13731648,5500,27700,174748,0.32090100103232544,4.518673000746057,13.826145001460098,1001454672,2006046784,155418254656,1001252224,415.80851199978497,417.7552689980075
opportunity++,cpu,posthoc_vq,opportunity++__all__gemma3_1b,gemma3_1b,all,221448,885792,26014528,1020,32820,188628,0.5318820003594737,3.399694000889291,10.70536700033082,1001473672,2006122784,327399684416,1001252224,471.1608480010909,474.02717800105165
opportunity++,cpu,joint_vq,opportunity++__all__gemma3_1b,gemma3_1b,all,233328,933312,13895488,420,32820,200508,0.4039209998154547,3.145003000395349,10.263356001033332,1001485552,2006170304,155418418496,1001252224,415.80851199978497,418.3865609993518
opportunity++,cpu,deepconvlstm,opportunity++__all__gemma3_1b,gemma3_1b,all,185182,740728,11725056,122912,185182,0,0.8091329982562456,45.722142998557814,107.22587300076245,1001437406,2005977720,144060690176,1001252224,411.61412700057554,412.84795200226654
opportunity++,cpu,unrestricted_bank,opportunity++__all__gemma3_1b,gemma3_1b,all,239248,956992,14223168,420,32820,206428,0.3417820007598493,2.9568750017689074,9.863227999758907,1001491472,2006193984,155418746176,1001252224,415.80851199978497,418.09912999997323
opportunity++,cpu,separate_banks,opportunity++__all__gemma3_1b,gemma3_1b,all,218128,872512,13895488,420,32820,185308,0.4134520004299702,3.034772999240062,9.946205001270515,1001470352,2006109504,155418418496,1001252224,415.80851199978497,418.05600999941817
opportunity++,cpu,fixed_resampling,opportunity++__all__gemma3_1b,gemma3_1b,all,218128,872512,9414848,420,32820,185308,0.4032720007671742,2.8719430031970608,9.545494004797307,1001470352,2006109504,155413937856,1001252224,415.80851199978497,417.6220290009951
opportunity++,cpu,finetune_encoders,opportunity++__all__gemma3_1b,gemma3_1b,all,218128,872512,13895488,420,32820,185308,0.39263200051209424,3.0164940001896814,9.913565999468789,1001470352,2006109504,155418418496,1001252224,415.80851199978497,418.04379999848607
opportunity++,cpu,no_alignment,opportunity++__all__gemma3_1b,gemma3_1b,all,218128,872512,13895488,420,32820,185308,0.3951109993067803,3.0131629994913003,9.930215000295663,1001470352,2006109504,155418418496,1001252224,415.80851199978497,418.0362189999869
opportunity++,cpu,no_usage,opportunity++__all__gemma3_1b,gemma3_1b,all,218128,872512,13895488,420,32820,185308,0.3912409993063193,3.0055730006325523,9.904295001561637,1001470352,2006109504,155418418496,1001252224,415.80851199978497,418.0433389992686
opportunity++,cpu,tcn,opportunity++__all__gemma3_1b,gemma3_1b,all,100968,403872,6341184,122912,100968,0,0.8058530002017505,45.718093000460925,107.22196299936601,1001353192,2005640864,144055306304,1001252224,411.61412700057554,412.8551010016963
opportunity++,cpu,ts_transformer,opportunity++__all__gemma3_1b,gemma3_1b,all,113832,455328,7389760,122912,113832,0,0.9203829995385604,45.83642400007315,107.34115499942251,1001366056,2005692320,144056354880,1001252224,411.61412700057554,412.9653430009057
opportunity++,cpu,patchtst,opportunity++__all__gemma3_1b,gemma3_1b,all,97640,390560,187823808,122912,97640,0,1.7901359988172771,46.70506600064195,108.21112600094327,1001349864,2005627552,108838529728,1001252224,403.06271699955687,405.2911449998646
opportunity++,cpu,distrixsense,opportunity++__only_ambient_sensors__gemma3_1b,gemma3_1b,only_ambient_sensors,42510,170040,1288640,81,28468,14042,0.2511909988243133,2.576812997205602,2.576812997205602,1001294734,2005407032,98786160576,1001252224,393.0131209999672,393.9296139997168
opportunity++,cpu,dense,opportunity++__only_ambient_sensors__gemma3_1b,gemma3_1b,only_ambient_sensors,38054,152216,2663872,4324,27444,10610,0.2181309992010938,5.860411000280455,5.860411000280455,1001290278,2005389208,132731526080,1001252224,406.60709900112124,407.4568320011167
opportunity++,cpu,dense_tokens,opportunity++__only_ambient_sensors__gemma3_1b,gemma3_1b,only_ambient_sensors,40430,161720,1272256,1100,27444,12986,0.20949999998265412,3.3325910007942,3.3325910007942,1001292654,2005398712,98786144192,1001252224,393.0131209999672,393.800514000759
opportunity++,cpu,raw,opportunity++__only_ambient_sensors__gemma3_1b,gemma3_1b,only_ambient_sensors,38054,152216,2663872,13976,38054,0,0.4535120006039506,13.65214200030996,13.65214200030996,1001290278,2005389208,132731526080,1001252224,406.60709900112124,407.4100020006881
opportunity++,cpu,early_fusion,opportunity++__only_ambient_sensors__gemma3_1b,gemma3_1b,only_ambient_sensors,30246,120984,2166208,13976,30246,0,0.453250999271404,13.651720998850488,13.651720998850488,1001282470,2005357976,132731028416,1001252224,406.60709900112124,407.39894099897356
opportunity++,cpu,late_fusion,opportunity++__only_ambient_sensors__gemma3_1b,gemma3_1b,only_ambient_sensors,10940,43760,670848,88,0,10940,0.02409999979136046,2.2767720021396873,2.2767720021396873,999896892,1999815664,110042927744,999885952,400.3555569997843,400.8023980004509
opportunity++,cpu,local_only,opportunity++__only_ambient_sensors__gemma3_1b,gemma3_1b,only_ambient_sensors,10940,43760,670848,52,0,10940,0.02958999903057702,2.2751209974262396,2.2751209974262396,999896892,1999815664,110042927744,999885952,400.3555569997843,400.81372799977544
opportunity++,cpu,bottleneck,opportunity++__only_ambient_sensors__gemma3_1b,gemma3_1b,only_ambient_sensors,38346,153384,2680256,684,27604,10742,0.2252609992865473,2.9668209993097,2.9668209993097,1001290570,2005390376,132731542464,1001252224,406.60709900112124,407.443781999973
opportunity++,cpu,tokenlearner,opportunity++__only_ambient_sensors__gemma3_1b,gemma3_1b,only_ambient_sensors,39374,157496,1255872,1100,27444,11930,0.2113009995809989,3.31963200005237,3.31963200005237,1001291598,2005394488,98786127808,1001252224,393.0131209999672,393.77169399813283
opportunity++,cpu,posthoc_vq,opportunity++__only_ambient_sensors__gemma3_1b,gemma3_1b,only_ambient_sensors,40102,160408,2729408,192,28468,11634,0.2519409990782151,2.686002998942416,2.686002998942416,1001292326,2005397400,132731591616,1001252224,406.60709900112124,407.5824820010894
opportunity++,cpu,joint_vq,opportunity++__only_ambient_sensors__gemma3_1b,gemma3_1b,only_ambient_sensors,42478,169912,1288640,81,28468,14010,0.2389010005572345,2.6123720008689677,2.6123720008689677,1001294702,2005406904,98786160576,1001252224,393.0131209999672,393.92202499766427
opportunity++,cpu,deepconvlstm,opportunity++__only_ambient_sensors__gemma3_1b,gemma3_1b,only_ambient_sensors,40188,160752,2505856,13976,40188,0,0.3645110009529162,13.56299100133574,13.56299100133574,1001292412,2005397744,132731368064,1001252224,406.60709900112124,407.2706710012426
opportunity++,cpu,unrestricted_bank,opportunity++__only_ambient_sensors__gemma3_1b,gemma3_1b,only_ambient_sensors,42510,170040,1288640,81,28468,14042,0.2156409991584951,2.522951998827816,2.522951998827816,1001294734,2005407032,98786160576,1001252224,393.0131209999672,393.8344039997901
opportunity++,cpu,separate_banks,opportunity++__only_ambient_sensors__gemma3_1b,gemma3_1b,only_ambient_sensors,42510,170040,1288640,81,28468,14042,0.24632100030430593,2.55418199870463,2.55418199870463,1001294734,2005407032,98786160576,1001252224,393.0131209999672,393.8680140017823
opportunity++,cpu,fixed_resampling,opportunity++__only_ambient_sensors__gemma3_1b,gemma3_1b,only_ambient_sensors,42510,170040,1193920,81,28468,14042,0.23958099882293027,2.4720219981026137,2.4720219981026137,1001294734,2005407032,98786065856,1001252224,393.0131209999672,393.7612839999929
opportunity++,cpu,finetune_encoders,opportunity++__only_ambient_sensors__gemma3_1b,gemma3_1b,only_ambient_sensors,42510,170040,1288640,81,28468,14042,0.24700099857000168,2.552072000100347,2.552072000100347,1001294734,2005407032,98786160576,1001252224,393.0131209999672,393.8466330000665
opportunity++,cpu,no_alignment,opportunity++__only_ambient_sensors__gemma3_1b,gemma3_1b,only_ambient_sensors,42510,170040,1288640,81,28468,14042,0.23805099954188336,2.5439220017068553,2.5439220017068553,1001294734,2005407032,98786160576,1001252224,393.0131209999672,393.84643400080677
opportunity++,cpu,no_usage,opportunity++__only_ambient_sensors__gemma3_1b,gemma3_1b,only_ambient_sensors,42510,170040,1288640,81,28468,14042,0.23589099873788655,2.541271999718342,2.541271999718342,1001294734,2005407032,98786160576,1001252224,393.0131209999672,393.88382300057856
opportunity++,cpu,tcn,opportunity++__only_ambient_sensors__gemma3_1b,gemma3_1b,only_ambient_sensors,16134,64536,980160,13976,16134,0,0.35549099993659183,13.553630998458084,13.553630998458084,1001268358,2005301528,132729842368,1001252224,406.60709900112124,407.3360110014619
opportunity++,cpu,ts_transformer,opportunity++__only_ambient_sensors__gemma3_1b,gemma3_1b,only_ambient_sensors,28998,115992,2028736,13976,28998,0,0.4440320008143317,13.643252000647317,13.643252000647317,1001281222,2005352984,132730890944,1001252224,406.60709900112124,407.3742620021221
opportunity++,cpu,patchtst,opportunity++__only_ambient_sensors__gemma3_1b,gemma3_1b,only_ambient_sensors,28038,112152,13427008,13976,28038,0,0.5536620010389015,13.752021999052795,13.752021999052795,1001280262,2005349144,97386628416,1001252224,396.52369399846066,397.40108699879784
opportunity++,cpu,distrixsense,opportunity++__only_body25__gemma3_1b,gemma3_1b,only_body25,53036,212144,1957440,81,28468,24568,0.24862099962774664,2.575512001414504,2.575512001414504,1001305260,2005449136,98786829376,1001252224,393.0131209999672,393.8954239984014
opportunity++,cpu,dense,opportunity++__only_body25__gemma3_1b,gemma3_1b,only_body25,48580,194320,3332672,4324,27444,21136,0.23193999913928565,5.874601000282145,5.874601000282145,1001300804,2005431312,132732194880,1001252224,406.60709900112124,407.41946200068924
opportunity++,cpu,dense_tokens,opportunity++__only_body25__gemma3_1b,gemma3_1b,only_body25,50956,203824,1941056,1100,27444,23512,0.21345100140024442,3.3225420011102687,3.3225420011102687,1001303180,2005440816,98786812992,1001252224,393.0131209999672,393.77747400067165
opportunity++,cpu,raw,opportunity++__only_body25__gemma3_1b,gemma3_1b,only_body25,48580,194320,3332672,9332,48580,0,0.45046200102660805,9.932222001113137,9.932222001113137,1001300804,2005431312,132732194880,1001252224,406.60709900112124,407.3792510007479
opportunity++,cpu,early_fusion,opportunity++__only_body25__gemma3_1b,gemma3_1b,only_body25,35908,143632,2523712,9332,35908,0,0.4434120000951225,9.92555300024515,9.92555300024515,1001288132,2005380624,132731385920,1001252224,406.60709900112124,407.3787209999864
opportunity++,cpu,late_fusion,opportunity++__only_body25__gemma3_1b,gemma3_1b,only_body25,21466,85864,1339648,88,0,21466,0.024400000256719068,2.293199999392009,2.293199999392009,999907418,1999857768,110043596544,999885952,400.3555569997843,400.7717579988821
opportunity++,cpu,local_only,opportunity++__only_body25__gemma3_1b,gemma3_1b,only_body25,21466,85864,1339648,52,0,21466,0.035850000131176785,2.3605910003129624,2.3605910003129624,999907418,1999857768,110043596544,999885952,400.3555569997843,400.7790979994752
opportunity++,cpu,bottleneck,opportunity++__only_body25__gemma3_1b,gemma3_1b,only_body25,48872,195488,3349056,684,27604,21268,0.22057100068195723,2.957962002502452,2.957962002502452,1001301096,2005432480,132732211264,1001252224,406.60709900112124,407.5352730014856
opportunity++,cpu,tokenlearner,opportunity++__only_body25__gemma3_1b,gemma3_1b,only_body25,49900,199600,1924672,1100,27444,22456,0.2512110004317947,3.3956110019015613,3.3956110019015613,1001302124,2005436592,98786796608,1001252224,393.0131209999672,393.9321750003728
opportunity++,cpu,posthoc_vq,opportunity++__only_body25__gemma3_1b,gemma3_1b,only_body25,50628,202512,3398208,192,28468,22160,0.2575710004748544,2.685712002474605,2.685712002474605,1001302852,2005439504,132732260416,1001252224,406.60709900112124,407.5997729996743
opportunity++,cpu,joint_vq,opportunity++__only_body25__gemma3_1b,gemma3_1b,only_body25,53004,212016,1957440,81,28468,24536,0.2470800009177765,2.6309409995809663,2.6309409995809663,1001305228,2005449008,98786829376,1001252224,393.0131209999672,393.9241129992297
opportunity++,cpu,deepconvlstm,opportunity++__only_body25__gemma3_1b,gemma3_1b,only_body25,50714,202856,3174656,9332,50714,0,0.35149199902662076,9.833221998520917,9.833221998520917,1001302938,2005439848,132732036864,1001252224,406.60709900112124,407.40258100049687
opportunity++,cpu,unrestricted_bank,opportunity++__only_body25__gemma3_1b,gemma3_1b,only_body25,53036,212144,1957440,81,28468,24568,0.255050999840023,2.6113630019898526,2.6113630019898526,1001305260,2005449136,98786829376,1001252224,393.0131209999672,393.96913499876973
opportunity++,cpu,separate_banks,opportunity++__only_body25__gemma3_1b,gemma3_1b,only_body25,53036,212144,1957440,81,28468,24568,0.30011099988769274,2.6555130016566952,2.6555130016566952,1001305260,2005449136,98786829376,1001252224,393.0131209999672,394.00355400175613
opportunity++,cpu,fixed_resampling,opportunity++__only_body25__gemma3_1b,gemma3_1b,only_body25,53036,212144,1583040,81,28468,24568,0.2912109994213097,2.561321999593824,2.561321999593824,1001305260,2005449136,98786454976,1001252224,393.0131209999672,393.9301139998861
opportunity++,cpu,finetune_encoders,opportunity++__only_body25__gemma3_1b,gemma3_1b,only_body25,53036,212144,1957440,81,28468,24568,0.23097099983715452,2.6026419991757255,2.6026419991757255,1001305260,2005449136,98786829376,1001252224,393.0131209999672,393.86421499875723
opportunity++,cpu,no_alignment,opportunity++__only_body25__gemma3_1b,gemma3_1b,only_body25,53036,212144,1957440,81,28468,24568,0.2482210002199281,2.558952001920156,2.558952001920156,1001305260,2005449136,98786829376,1001252224,393.0131209999672,393.8660340008937
opportunity++,cpu,no_usage,opportunity++__only_body25__gemma3_1b,gemma3_1b,only_body25,53036,212144,1957440,81,28468,24568,0.23821099966880865,2.548821999000106,2.548821999000106,1001305260,2005449136,98786829376,1001252224,393.0131209999672,393.85033399958047
opportunity++,cpu,tcn,opportunity++__only_body25__gemma3_1b,gemma3_1b,only_body25,21796,87184,1337664,9332,21796,0,0.35430200114205945,9.836252003766736,9.836252003766736,1001274020,2005324176,132730199872,1001252224,406.60709900112124,407.2783009996783
opportunity++,cpu,ts_transformer,opportunity++__only_body25__gemma3_1b,gemma3_1b,only_body25,34660,138640,2386240,9332,34660,0,0.4704610000771936,9.954611001263862,9.954611001263862,1001286884,2005375632,132731248448,1001252224,406.60709900112124,407.55661300318025
opportunity++,cpu,patchtst,opportunity++__only_body25__gemma3_1b,gemma3_1b,only_body25,32484,129936,27393984,9332,32484,0,0.6429919994843658,10.124652000628435,10.124652000628435,1001284708,2005366928,97400595392,1001252224,396.52369399846066,397.4990970000363
opportunity++,cpu,distrixsense,opportunity++__only_body_sensors__gemma3_1b,gemma3_1b,only_body_sensors,79986,319944,3673280,81,28468,51518,0.23522100127593148,2.6140120017152046,2.6140120017152046,1001332210,2005556936,98788545216,1001252224,393.0131209999672,393.87067499956174
opportunity++,cpu,dense,opportunity++__only_body_sensors__gemma3_1b,gemma3_1b,only_body_sensors,75530,302120,5048512,4324,27444,48086,0.22040100157028064,5.861021000195923,5.861021000195923,1001327754,2005539112,132733910720,1001252224,406.60709900112124,407.53610100000515
opportunity++,cpu,dense_tokens,opportunity++__only_body_sensors__gemma3_1b,gemma3_1b,only_body_sensors,77906,311624,3656896,1100,27444,50462,0.2477710004313849,3.4177220004447735,3.4177220004447735,1001330130,2005548616,98788528832,1001252224,393.0131209999672,394.00990499962063
opportunity++,cpu,raw,opportunity++__only_body_sensors__gemma3_1b,gemma3_1b,only_body_sensors,75530,302120,5048512,53584,75530,0,0.5913719996897271,45.484672000158156,45.484672000158156,1001327754,2005539112,132733910720,1001252224,406.60709900112124,407.63771300044027
opportunity++,cpu,early_fusion,opportunity++__only_body_sensors__gemma3_1b,gemma3_1b,only_body_sensors,53898,215592,3666112,53584,53898,0,0.5652319996443111,45.45860299890714,45.45860299890714,1001306122,2005452584,132732528320,1001252224,406.60709900112124,407.5714420014265
opportunity++,cpu,late_fusion,opportunity++__only_body_sensors__gemma3_1b,gemma3_1b,only_body_sensors,48416,193664,3055488,88,0,48416,0.02356000004510861,2.3477609994619617,2.3477609994619617,999934368,1999965568,110045312384,999885952,400.3555569997843,400.8738690008613
opportunity++,cpu,local_only,opportunity++__only_body_sensors__gemma3_1b,gemma3_1b,only_body_sensors,48416,193664,3055488,52,0,48416,0.038270000004558824,2.3582309998050563,2.3582309998050563,999934368,1999965568,110045312384,999885952,400.3555569997843,400.89341899692954
opportunity++,cpu,bottleneck,opportunity++__only_body_sensors__gemma3_1b,gemma3_1b,only_body_sensors,75822,303288,5064896,684,27604,48218,0.2305509988218546,2.9829119996711846,2.9829119996711846,1001328046,2005540280,132733927104,1001252224,406.60709900112124,407.563802000368
opportunity++,cpu,tokenlearner,opportunity++__only_body_sensors__gemma3_1b,gemma3_1b,only_body_sensors,76850,307400,3640512,1100,27444,49406,0.24019099873839878,3.356842000352917,3.356842000352917,1001329074,2005544392,98788512448,1001252224,393.0131209999672,393.8969239989092
opportunity++,cpu,posthoc_vq,opportunity++__only_body_sensors__gemma3_1b,gemma3_1b,only_body_sensors,77578,310312,5114048,192,28468,49110,0.282311000773916,2.7507320024400483,2.7507320024400483,1001329802,2005547304,132733976256,1001252224,406.60709900112124,407.64522300014505
opportunity++,cpu,joint_vq,opportunity++__only_body_sensors__gemma3_1b,gemma3_1b,only_body_sensors,79954,319816,3673280,81,28468,51486,0.2741309999692021,2.705272000668524,2.705272000668524,1001332178,2005556808,98788545216,1001252224,393.0131209999672,394.0676749989507
opportunity++,cpu,deepconvlstm,opportunity++__only_body_sensors__gemma3_1b,gemma3_1b,only_body_sensors,77664,310656,4890496,53584,77664,0,0.4445909999049036,45.335821999971216,45.335821999971216,1001329888,2005547648,132733752704,1001252224,406.60709900112124,407.4067319997994
opportunity++,cpu,unrestricted_bank,opportunity++__only_body_sensors__gemma3_1b,gemma3_1b,only_body_sensors,79986,319944,3673280,81,28468,51518,0.26365099984104745,2.608912001080066,2.608912001080066,1001332210,2005556936,98788545216,1001252224,393.0131209999672,393.9634739981557
opportunity++,cpu,separate_banks,opportunity++__only_body_sensors__gemma3_1b,gemma3_1b,only_body_sensors,79986,319944,3673280,81,28468,51518,0.2515110008971533,2.563832001243904,2.563832001243904,1001332210,2005556936,98788545216,1001252224,393.0131209999672,393.8666340018244
opportunity++,cpu,fixed_resampling,opportunity++__only_body_sensors__gemma3_1b,gemma3_1b,only_body_sensors,79986,319944,2299840,81,28468,51518,0.235490999330068,2.4743519998372765,2.4743519998372765,1001332210,2005556936,98787171776,1001252224,393.0131209999672,393.84918399809976
opportunity++,cpu,finetune_encoders,opportunity++__only_body_sensors__gemma3_1b,gemma3_1b,only_body_sensors,79986,319944,3673280,81,28468,51518,0.28877100157842506,2.666462000917713,2.666462000917713,1001332210,2005556936,98788545216,1001252224,393.0131209999672,393.99500400213583
opportunity++,cpu,no_alignment,opportunity++__only_body_sensors__gemma3_1b,gemma3_1b,only_body_sensors,79986,319944,3673280,81,28468,51518,0.2958510012831539,2.6872219996511237,2.6872219996511237,1001332210,2005556936,98788545216,1001252224,393.0131209999672,393.9764329988975
opportunity++,cpu,no_usage,opportunity++__only_body_sensors__gemma3_1b,gemma3_1b,only_body_sensors,79986,319944,3673280,81,28468,51518,0.23727100051473826,2.5582919998049736,2.5582919998049736,1001332210,2005556936,98788545216,1001252224,393.0131209999672,393.97171499877004
opportunity++,cpu,tcn,opportunity++__only_body_sensors__gemma3_1b,gemma3_1b,only_body_sensors,39786,159144,2480064,53584,39786,0,0.4424310009198962,45.336891001853786,45.336891001853786,1001292010,2005396136,132731342272,1001252224,406.60709900112124,407.5540230023762
opportunity++,cpu,ts_transformer,opportunity++__only_body_sensors__gemma3_1b,gemma3_1b,only_body_sensors,52650,210600,3528640,53584,52650,0,0.40606100083095953,45.294211002102514,45.294211002102514,1001304874,2005447592,132732390848,1001252224,406.60709900112124,407.3371419999603
opportunity++,cpu,patchtst,opportunity++__only_body_sensors__gemma3_1b,gemma3_1b,only_body_sensors,48234,192936,53606464,53584,48234,0,0.7506929996452527,45.63873399979579,45.63873399979579,1001300458,2005429928,97426807872,1001252224,396.52369399846066,397.6485379971564
opportunity++,cpu,distrixsense,opportunity++__only_object_sensors__gemma3_1b,gemma3_1b,only_object_sensors,48536,194144,1671360,81,28468,20068,0.2871310007321881,2.648482001888519,2.648482001888519,1001300760,2005431136,98786543296,1001252224,393.0131209999672,394.02213399989705
opportunity++,cpu,dense,opportunity++__only_object_sensors__gemma3_1b,gemma3_1b,only_object_sensors,44080,176320,3046592,4324,27444,16636,0.21508099962375127,5.849810999602359,5.849810999602359,1001296304,2005413312,132731908800,1001252224,406.60709900112124,407.49651200167136
opportunity++,cpu,dense_tokens,opportunity++__only_object_sensors__gemma3_1b,gemma3_1b,only_object_sensors,46456,185824,1654976,1100,27444,19012,0.243421000050148,3.369742002173443,3.369742002173443,1001298680,2005422816,98786526912,1001252224,393.0131209999672,393.84129400059464
opportunity++,cpu,raw,opportunity++__only_object_sensors__gemma3_1b,gemma3_1b,only_object_sensors,44080,176320,3046592,22396,44080,0,0.53134100016905,20.473020998987554,20.473020998987554,1001296304,2005413312,132731908800,1001252224,406.60709900112124,407.5317320002796
opportunity++,cpu,early_fusion,opportunity++__only_object_sensors__gemma3_1b,gemma3_1b,only_object_sensors,33328,133312,2360512,22396,33328,0,0.5476420010381844,20.4907030038967,20.4907030038967,1001285552,2005370304,132731222720,1001252224,406.60709900112124,407.63001199957216
opportunity++,cpu,late_fusion,opportunity++__only_object_sensors__gemma3_1b,gemma3_1b,only_object_sensors,16966,67864,1053568,88,0,16966,0.023689999579801224,2.278881000299798,2.278881000299798,999902918,1999839768,110043310464,999885952,400.3555569997843,400.75550799883786
opportunity++,cpu,local_only,opportunity++__only_object_sensors__gemma3_1b,gemma3_1b,only_object_sensors,16966,67864,1053568,52,0,16966,0.02761999894573819,2.2597010004278504,2.2597010004278504,999902918,1999839768,110043310464,999885952,400.3555569997843,400.82655799778877
opportunity++,cpu,bottleneck,opportunity++__only_object_sensors__gemma3_1b,gemma3_1b,only_object_sensors,44372,177488,3062976,684,27604,16768,0.22762099979445338,2.974971998147364,2.974971998147364,1001296596,2005414480,132731925184,1001252224,406.60709900112124,407.42876199874445
opportunity++,cpu,tokenlearner,opportunity++__only_object_sensors__gemma3_1b,gemma3_1b,only_object_sensors,45400,181600,1638592,1100,27444,17956,0.20118099928367883,3.325011999545386,3.325011999545386,1001297624,2005418592,98786510528,1001252224,393.0131209999672,393.82639300310984
opportunity++,cpu,posthoc_vq,opportunity++__only_object_sensors__gemma3_1b,gemma3_1b,only_object_sensors,46128,184512,3112128,192,28468,17660,0.2626210007292684,2.693942000022065,2.693942000022065,1001298352,2005421504,132731974336,1001252224,406.60709900112124,407.5667630004318
opportunity++,cpu,joint_vq,opportunity++__only_object_sensors__gemma3_1b,gemma3_1b,only_object_sensors,48504,194016,1671360,81,28468,20036,0.24209100047301035,2.623892000912642,2.623892000912642,1001300728,2005431008,98786543296,1001252224,393.0131209999672,393.9186939969659
opportunity++,cpu,deepconvlstm,opportunity++__only_object_sensors__gemma3_1b,gemma3_1b,only_object_sensors,46214,184856,2888576,22396,46214,0,0.34228100048494525,20.277540998075924,20.277540998075924,1001298438,2005421848,132731750784,1001252224,406.60709900112124,407.4151309996523
opportunity++,cpu,unrestricted_bank,opportunity++__only_object_sensors__gemma3_1b,gemma3_1b,only_object_sensors,48536,194144,1671360,81,28468,20068,0.22476100093626883,2.5254920010701287,2.5254920010701287,1001300760,2005431136,98786543296,1001252224,393.0131209999672,393.83190399894374
opportunity++,cpu,separate_banks,opportunity++__only_object_sensors__gemma3_1b,gemma3_1b,only_object_sensors,48536,194144,1671360,81,28468,20068,0.24391100123466458,2.5551009994450258,2.5551009994450258,1001300760,2005431136,98786543296,1001252224,393.0131209999672,393.91602399882686
opportunity++,cpu,fixed_resampling,opportunity++__only_object_sensors__gemma3_1b,gemma3_1b,only_object_sensors,48536,194144,1429440,81,28468,20068,0.23317000159295276,2.6397210013163974,2.6397210013163974,1001300760,2005431136,98786301376,1001252224,393.0131209999672,393.7803239987261
opportunity++,cpu,finetune_encoders,opportunity++__only_object_sensors__gemma3_1b,gemma3_1b,only_object_sensors,48536,194144,1671360,81,28468,20068,0.2410810011497233,2.554850999360392,2.554850999360392,1001300760,2005431136,98786543296,1001252224,393.0131209999672,393.85506299913686
opportunity++,cpu,no_alignment,opportunity++__only_object_sensors__gemma3_1b,gemma3_1b,only_object_sensors,48536,194144,1671360,81,28468,20068,0.23741099903418217,2.5455709992746822,2.5455709992746822,1001300760,2005431136,98786543296,1001252224,393.0131209999672,393.8450730001932
opportunity++,cpu,no_usage,opportunity++__only_object_sensors__gemma3_1b,gemma3_1b,only_object_sensors,48536,194144,1671360,81,28468,20068,0.2432410001347307,2.551602000523312,2.551602000523312,1001300760,2005431136,98786543296,1001252224,393.0131209999672,393.8542440009769
opportunity++,cpu,tcn,opportunity++__only_object_sensors__gemma3_1b,gemma3_1b,only_object_sensors,19216,76864,1174464,22396,19216,0,0.3599519986892119,20.29532199784538,20.29532199784538,1001271440,2005313856,132730036672,1001252224,406.60709900112124,407.4144919995888
opportunity++,cpu,ts_transformer,opportunity++__only_object_sensors__gemma3_1b,gemma3_1b,only_object_sensors,32080,128320,2223040,22396,32080,0,0.4913020002277335,20.43000199963811,20.43000199963811,1001284304,2005365312,132731085248,1001252224,406.60709900112124,407.32613100044546
opportunity++,cpu,patchtst,opportunity++__only_object_sensors__gemma3_1b,gemma3_1b,only_object_sensors,30384,121536,21858624,22396,30384,0,0.5983219998597633,20.53365199943895,20.53365199943895,1001282608,2005358528,97395060032,1001252224,396.52369399846066,397.3799869982031
opportunity++,cpu,distrixsense,opportunity++__only_rgb__gemma3_1b,gemma3_1b,only_rgb,103580,414320,5177280,81,28468,75112,0.23808100013411604,2.57734199934192,2.57734199934192,1001355804,2005651312,98790049216,1001252224,393.0131209999672,393.86696300061885
opportunity++,cpu,dense,opportunity++__only_rgb__gemma3_1b,gemma3_1b,only_rgb,99124,396496,6552512,4324,27444,71680,0.22849100059829652,5.888992000431917,5.888992000431917,1001351348,2005633488,132735414720,1001252224,406.60709900112124,407.54111200112675
opportunity++,cpu,dense_tokens,opportunity++__only_rgb__gemma3_1b,gemma3_1b,only_rgb,101500,406000,5160896,1100,27444,74056,0.26103100026375614,3.4365520004893186,3.4365520004893186,1001353724,2005642992,98790032832,1001252224,393.0131209999672,393.9148139979807
opportunity++,cpu,raw,opportunity++__only_rgb__gemma3_1b,gemma3_1b,only_rgb,99124,396496,6552512,23624,99124,0,0.4693020000559045,21.38681200014269,21.38681200014269,1001351348,2005633488,132735414720,1001252224,406.60709900112124,407.4962630020309
opportunity++,cpu,early_fusion,opportunity++__only_rgb__gemma3_1b,gemma3_1b,only_rgb,71476,285904,4785088,23624,71476,0,0.4477420006878674,21.365571999209514,21.365571999209514,1001323700,2005522896,132733647296,1001252224,406.60709900112124,407.47683300105564
opportunity++,cpu,late_fusion,opportunity++__only_rgb__gemma3_1b,gemma3_1b,only_rgb,72010,288040,4559488,88,0,72010,0.024060000214376487,2.3051000008739995,2.3051000008739995,999957962,2000059944,110046816384,999885952,400.3555569997843,400.7868789994973
opportunity++,cpu,local_only,opportunity++__only_rgb__gemma3_1b,gemma3_1b,only_rgb,72010,288040,4559488,52,0,72010,0.028270000257180072,2.2921009997548767,2.2921009997548767,999957962,2000059944,110046816384,999885952,400.3555569997843,400.7907579980383
opportunity++,cpu,bottleneck,opportunity++__only_rgb__gemma3_1b,gemma3_1b,only_rgb,99416,397664,6568896,684,27604,71812,0.22532100047101267,2.9810920007285198,2.9810920007285198,1001351640,2005634656,132735431104,1001252224,406.60709900112124,407.4364420011989
opportunity++,cpu,tokenlearner,opportunity++__only_rgb__gemma3_1b,gemma3_1b,only_rgb,100444,401776,5144512,1100,27444,73000,0.20399999993969686,3.316989999798243,3.316989999798243,1001352668,2005638768,98790016448,1001252224,393.0131209999672,393.7717139997403
opportunity++,cpu,posthoc_vq,opportunity++__only_rgb__gemma3_1b,gemma3_1b,only_rgb,101172,404688,6618048,192,28468,72704,0.262640998698771,2.718591996725439,2.718591996725439,1001353396,2005641680,132735480256,1001252224,406.60709900112124,407.5710020006227
opportunity++,cpu,joint_vq,opportunity++__only_rgb__gemma3_1b,gemma3_1b,only_rgb,103548,414192,5177280,81,28468,75080,0.2356509994569933,2.6375820007450645,2.6375820007450645,1001355772,2005651184,98790049216,1001252224,393.0131209999672,393.9444849984284
opportunity++,cpu,deepconvlstm,opportunity++__only_rgb__gemma3_1b,gemma3_1b,only_rgb,101258,405032,6394496,23624,101258,0,0.37635199987562373,21.293842000173917,21.293842000173917,1001353482,2005642024,132735256704,1001252224,406.60709900112124,407.2965320028743
opportunity++,cpu,unrestricted_bank,opportunity++__only_rgb__gemma3_1b,gemma3_1b,only_rgb,103580,414320,5177280,81,28468,75112,0.22695100051350892,2.54970200060769,2.54970200060769,1001355804,2005651312,98790049216,1001252224,393.0131209999672,393.9127039993764
opportunity++,cpu,separate_banks,opportunity++__only_rgb__gemma3_1b,gemma3_1b,only_rgb,103580,414320,5177280,81,28468,75112,0.29283100047905464,2.682402001511841,2.682402001511841,1001355804,2005651312,98790049216,1001252224,393.0131209999672,394.0642649995425
opportunity++,cpu,fixed_resampling,opportunity++__only_rgb__gemma3_1b,gemma3_1b,only_rgb,103580,414320,2781120,81,28468,75112,0.2392310016148258,2.4766010019737994,2.4766010019737994,1001355804,2005651312,98787653056,1001252224,393.0131209999672,393.77163399876736
opportunity++,cpu,finetune_encoders,opportunity++__only_rgb__gemma3_1b,gemma3_1b,only_rgb,103580,414320,5177280,81,28468,75112,0.23590099954162724,2.5758619986226083,2.5758619986226083,1001355804,2005651312,98790049216,1001252224,393.0131209999672,393.8615329989261
opportunity++,cpu,no_alignment,opportunity++__only_rgb__gemma3_1b,gemma3_1b,only_rgb,103580,414320,5177280,81,28468,75112,0.23817099827283528,2.5576119997202884,2.5576119997202884,1001355804,2005651312,98790049216,1001252224,393.0131209999672,393.9568439982395
opportunity++,cpu,no_usage,opportunity++__only_rgb__gemma3_1b,gemma3_1b,only_rgb,103580,414320,5177280,81,28468,75112,0.3744209989235969,2.758121999278851,2.758121999278851,1001355804,2005651312,98790049216,1001252224,393.0131209999672,394.0306549993693
opportunity++,cpu,tcn,opportunity++__only_rgb__gemma3_1b,gemma3_1b,only_rgb,57364,229456,3599040,23624,57364,0,0.4444819987838855,21.36584199908264,21.36584199908264,1001309588,2005466448,132732461248,1001252224,406.60709900112124,407.4385120020452
opportunity++,cpu,ts_transformer,opportunity++__only_rgb__gemma3_1b,gemma3_1b,only_rgb,70228,280912,4647616,23624,70228,0,0.4032720007671742,21.320912002207642,21.320912002207642,1001322452,2005517904,132733509824,1001252224,406.60709900112124,407.4823210012255
opportunity++,cpu,patchtst,opportunity++__only_rgb__gemma3_1b,gemma3_1b,only_rgb,64308,257232,71558208,23624,64308,0,1.163154000096256,22.08672400339872,22.08672400339872,1001316532,2005494224,97444759616,1001252224,396.52369399846066,397.9282799991779
openmarcie_bicycle,cpu,distrixsense,openmarcie_bicycle__all__gemma3_1b,gemma3_1b,all,774166,3096664,53792192,1105,41656,732510,0.7395819993689656,3.5791939998758027,25.076213998976513,1002026390,2008333656,269719978944,1001252224,455.60869200016896,460.74537100139423
openmarcie_bicycle,cpu,dense,openmarcie_bicycle__all__gemma3_1b,gemma3_1b,all,716238,2864952,110048704,56212,28344,687894,1.4486750005744398,10.873377000423242,69.16773500047894,1001968462,2008101944,728591834048,1001252224,613.0121189999045,618.3596179998858
openmarcie_bicycle,cpu,dense_tokens,openmarcie_bicycle__all__gemma3_1b,gemma3_1b,all,747126,2988504,53579200,14300,28344,718782,0.682103000144707,5.028934998734039,35.51266499678371,1001999350,2008225496,269719765952,1001252224,455.60869200016896,459.9754680002661
openmarcie_bicycle,cpu,raw,openmarcie_bicycle__all__gemma3_1b,gemma3_1b,all,716238,2864952,110048704,503756,716238,0,3.2371920005971333,317.76228200027515,426.49199200155755,1001968462,2008101944,728591834048,1001252224,613.0121189999045,617.9310359984811
openmarcie_bicycle,cpu,early_fusion,openmarcie_bicycle__all__gemma3_1b,gemma3_1b,all,487758,1951032,31210944,503756,487758,0,1.8518070010031806,316.37780699924303,425.1107869959572,1001739982,2007188024,166761276352,1001252224,418.1923599990114,420.6953890006844
openmarcie_bicycle,cpu,late_fusion,openmarcie_bicycle__all__gemma3_1b,gemma3_1b,all,693042,2772168,43793792,1248,0,693042,0.08926000009523705,2.6857110002114437,23.606489002023917,1000578994,2002544072,144005464960,999885952,411.61412700057554,414.58559700004116
openmarcie_bicycle,cpu,local_only,openmarcie_bicycle__all__gemma3_1b,gemma3_1b,all,693042,2772168,43793792,676,0,693042,0.14069999997445848,2.6677710020366825,23.192659003890423,1000578994,2002544072,144005464960,999885952,411.61412700057554,414.8413780021656
openmarcie_bicycle,cpu,bottleneck,openmarcie_bicycle__all__gemma3_1b,gemma3_1b,all,720034,2880136,110261696,8892,30424,689610,1.4448250003624707,4.974735999885574,31.10989299681692,1001972258,2008117128,728592047040,1001252224,613.0121189999045,618.4340280015022
openmarcie_bicycle,cpu,tokenlearner,openmarcie_bicycle__all__gemma3_1b,gemma3_1b,all,733398,2933592,53366208,14300,28344,705054,0.5794620010419749,4.822403998730588,34.841391993975265,1001985622,2008170584,269719552960,1001252224,455.60869200016896,459.8845380005514
openmarcie_bicycle,cpu,posthoc_vq,openmarcie_bicycle__all__gemma3_1b,gemma3_1b,all,862670,3450680,110900672,2704,41656,821014,1.4693749999423744,4.425006999805057,27.145438000593497,1002114894,2008687672,728592686016,1001252224,613.0121189999045,620.1231739996729
openmarcie_bicycle,cpu,joint_vq,openmarcie_bicycle__all__gemma3_1b,gemma3_1b,all,893558,3574232,53792192,1105,41656,851902,0.7262729996000417,3.533154999722261,25.53774500527105,1002145782,2008811224,269719978944,1001252224,455.60869200016896,461.4809430004243
openmarcie_bicycle,cpu,deepconvlstm,openmarcie_bicycle__all__gemma3_1b,gemma3_1b,all,679906,2719624,43260288,503756,679906,0,1.870235999376746,316.40123699975345,425.13243699710193,1001932130,2007956616,166773325696,1001252224,418.1923599990114,420.5866279971815
openmarcie_bicycle,cpu,unrestricted_bank,openmarcie_bicycle__all__gemma3_1b,gemma3_1b,all,938902,3755608,56348096,1105,41656,897246,0.6257320001168409,3.315335000415449,24.63722500258335,1002191126,2008992600,269722534848,1001252224,455.60869200016896,460.4691000004095
openmarcie_bicycle,cpu,separate_banks,openmarcie_bicycle__all__gemma3_1b,gemma3_1b,all,774166,3096664,53792192,1105,41656,732510,0.7506430010835174,3.442424999711453,24.715274996628054,1002026390,2008333656,269719978944,1001252224,455.60869200016896,460.6015789995581
openmarcie_bicycle,cpu,fixed_resampling,openmarcie_bicycle__all__gemma3_1b,gemma3_1b,all,774166,3096664,27617088,1105,41656,732510,0.7222219992399914,3.2598039969612147,23.676458995827474,1002026390,2008333656,269693803840,1001252224,455.60869200016896,459.4598660005431
openmarcie_bicycle,cpu,finetune_encoders,openmarcie_bicycle__all__gemma3_1b,gemma3_1b,all,774166,3096664,53792192,1105,41656,732510,0.9186429997498635,3.722723998116213,25.41958299705037,1002026390,2008333656,269719978944,1001252224,455.60869200016896,460.54584000012255
openmarcie_bicycle,cpu,no_alignment,openmarcie_bicycle__all__gemma3_1b,gemma3_1b,all,774166,3096664,53792192,1105,41656,732510,0.7310430009965785,3.421534000999178,24.669160999541404,1002026390,2008333656,269719978944,1001252224,455.60869200016896,460.58543999970425
openmarcie_bicycle,cpu,no_usage,openmarcie_bicycle__all__gemma3_1b,gemma3_1b,all,774166,3096664,53792192,1105,41656,732510,0.7285329993464984,3.4062860003628304,24.6467670008078,1002026390,2008333656,269719978944,1001252224,455.60869200016896,460.5496190015401
openmarcie_bicycle,cpu,tcn,openmarcie_bicycle__all__gemma3_1b,gemma3_1b,all,473262,1893048,30024896,503756,473262,0,1.7503359995316714,316.28299600009893,425.0119960025234,1001725486,2007130040,166760090304,1001252224,418.1923599990114,420.54208800072956
openmarcie_bicycle,cpu,ts_transformer,openmarcie_bicycle__all__gemma3_1b,gemma3_1b,all,486126,1944504,31073472,503756,486126,0,1.7697060011414578,316.2968770029137,425.0276380017215,1001738350,2007181496,166761138880,1001252224,418.1923599990114,420.598427999721
openmarcie_bicycle,cpu,patchtst,openmarcie_bicycle__all__gemma3_1b,gemma3_1b,all,438926,1755704,555664320,503756,438926,0,4.246245998729137,318.7713059978149,427.50119599901274,1001691150,2006992696,131802273728,1001252224,411.22162499959813,416.1499020010524
openmarcie_bicycle,cpu,distrixsense,openmarcie_bicycle__only_audio__gemma3_1b,gemma3_1b,only_audio,384174,1536696,23086784,81,28600,355574,0.2444809997541597,2.6855940004969714,2.6855940004969714,1001636398,2006773688,98807958720,1001252224,393.0131209999672,394.013614000869
openmarcie_bicycle,cpu,dense,openmarcie_bicycle__only_audio__gemma3_1b,gemma3_1b,only_audio,379718,1518872,24465088,4324,27576,352142,0.25183099933201447,6.000982999789575,6.000982999789575,1001631942,2006755864,132753327296,1001252224,406.60709900112124,407.6308120002068
openmarcie_bicycle,cpu,dense_tokens,openmarcie_bicycle__only_audio__gemma3_1b,gemma3_1b,only_audio,382094,1528376,23070400,1100,27576,354518,0.20989100084989332,3.4386620009125908,3.4386620009125908,1001634318,2006765368,98807942336,1001252224,393.0131209999672,393.86996400025964
openmarcie_bicycle,cpu,raw,openmarcie_bicycle__only_audio__gemma3_1b,gemma3_1b,only_audio,379718,1518872,24465088,390484,379718,0,0.5406220006989315,314.98325200294755,314.98325200294755,1001631942,2006755864,132753327296,1001252224,406.60709900112124,407.51609100152564
openmarcie_bicycle,cpu,early_fusion,openmarcie_bicycle__only_audio__gemma3_1b,gemma3_1b,only_audio,310854,1243416,20059840,390484,310854,0,0.5254719999356894,314.9723320001966,314.9723320001966,1001563078,2006480408,132748922048,1001252224,406.60709900112124,407.4915830005921
openmarcie_bicycle,cpu,late_fusion,openmarcie_bicycle__only_audio__gemma3_1b,gemma3_1b,only_audio,352538,1410152,22467968,96,0,352538,0.023220000002766028,2.3760110003106063,2.3760110003106063,1000238490,2001182056,110064724864,999885952,400.3555569997843,400.8547280009225
openmarcie_bicycle,cpu,local_only,openmarcie_bicycle__only_audio__gemma3_1b,gemma3_1b,only_audio,352538,1410152,22467968,52,0,352538,0.03853999987768475,2.3738709999338257,2.3738709999338257,1000238490,2001182056,110064724864,999885952,400.3555569997843,400.8666980007547
openmarcie_bicycle,cpu,bottleneck,openmarcie_bicycle__only_audio__gemma3_1b,gemma3_1b,only_audio,380010,1520040,24481472,684,27736,352274,0.2310109994141385,3.0639709987290438,3.0639709987290438,1001632234,2006757032,132753343680,1001252224,406.60709900112124,407.4976920001063
openmarcie_bicycle,cpu,tokenlearner,openmarcie_bicycle__only_audio__gemma3_1b,gemma3_1b,only_audio,381038,1524152,23054016,1100,27576,353462,0.20734099962282926,3.404932002008427,3.404932002008427,1001633262,2006761144,98807925952,1001252224,393.0131209999672,393.89737399869773
openmarcie_bicycle,cpu,posthoc_vq,openmarcie_bicycle__only_audio__gemma3_1b,gemma3_1b,only_audio,381766,1527064,24530624,192,28600,353166,0.2529909997974755,2.810473000480118,2.810473000480118,1001633990,2006764056,132753392832,1001252224,406.60709900112124,407.6515630022186
openmarcie_bicycle,cpu,joint_vq,openmarcie_bicycle__only_audio__gemma3_1b,gemma3_1b,only_audio,384142,1536568,23086784,81,28600,355542,0.27311099984217435,2.7442019991502864,2.7442019991502864,1001636366,2006773560,98807958720,1001252224,393.0131209999672,394.0180939989659
openmarcie_bicycle,cpu,deepconvlstm,openmarcie_bicycle__only_audio__gemma3_1b,gemma3_1b,only_audio,381786,1527144,24302976,390484,381786,0,0.43332100176485255,314.8757720045422,314.8757720045422,1001634010,2006764136,132753165184,1001252224,406.60709900112124,407.42034200047783
openmarcie_bicycle,cpu,unrestricted_bank,openmarcie_bicycle__only_audio__gemma3_1b,gemma3_1b,only_audio,384174,1536696,23086784,81,28600,355574,0.2136309994966723,2.6799230008981656,2.6799230008981656,1001636398,2006773688,98807958720,1001252224,393.0131209999672,393.92187500197906
openmarcie_bicycle,cpu,separate_banks,openmarcie_bicycle__only_audio__gemma3_1b,gemma3_1b,only_audio,384174,1536696,23086784,81,28600,355574,0.24890100030461326,2.651002000704361,2.651002000704361,1001636398,2006773688,98807958720,1001252224,393.0131209999672,393.9514739995502
openmarcie_bicycle,cpu,fixed_resampling,openmarcie_bicycle__only_audio__gemma3_1b,gemma3_1b,only_audio,384174,1536696,6079552,81,28600,355574,0.23959099962667096,2.514171997092385,2.514171997092385,1001636398,2006773688,98790951488,1001252224,393.0131209999672,393.79409399953147
openmarcie_bicycle,cpu,finetune_encoders,openmarcie_bicycle__only_audio__gemma3_1b,gemma3_1b,only_audio,384174,1536696,23086784,81,28600,355574,0.2440510015730979,2.6494120020578382,2.6494120020578382,1001636398,2006773688,98807958720,1001252224,393.0131209999672,393.94227500088164
openmarcie_bicycle,cpu,no_alignment,openmarcie_bicycle__only_audio__gemma3_1b,gemma3_1b,only_audio,384174,1536696,23086784,81,28600,355574,0.23987100030353758,2.638042999962531,2.638042999962531,1001636398,2006773688,98807958720,1001252224,393.0131209999672,393.9530640018347
openmarcie_bicycle,cpu,no_usage,openmarcie_bicycle__only_audio__gemma3_1b,gemma3_1b,only_audio,384174,1536696,23086784,81,28600,355574,0.24064999888651073,2.633791998079582,2.633791998079582,1001636398,2006773688,98807958720,1001252224,393.0131209999672,393.94221499969717
openmarcie_bicycle,cpu,tcn,openmarcie_bicycle__only_audio__gemma3_1b,gemma3_1b,only_audio,296742,1186968,18873792,390484,296742,0,0.4310309996071737,314.8833109971191,314.8833109971191,1001548966,2006423960,132747736000,1001252224,406.60709900112124,407.40761199958797
openmarcie_bicycle,cpu,ts_transformer,openmarcie_bicycle__only_audio__gemma3_1b,gemma3_1b,only_audio,309606,1238424,19922368,390484,309606,0,0.47618200005672406,314.9167329992805,314.9167329992805,1001561830,2006475416,132748784576,1001252224,406.60709900112124,407.44445200107293
openmarcie_bicycle,cpu,patchtst,openmarcie_bicycle__only_audio__gemma3_1b,gemma3_1b,only_audio,293382,1173528,202152128,390484,293382,0,1.4037450000614626,315.84702499998355,315.84702499998355,1001545606,2006410520,97575353536,1001252224,396.52369399846066,398.24962000056985
openmarcie_bicycle,cpu,distrixsense,openmarcie_bicycle__only_barometer__gemma3_1b,gemma3_1b,only_barometer,35672,142688,848064,81,28600,7072,0.2400009998382302,2.536671999252471,2.536671999252471,1001287896,2005379680,98785720000,1001252224,393.0131209999672,393.82831399962015
openmarcie_bicycle,cpu,dense,openmarcie_bicycle__only_barometer__gemma3_1b,gemma3_1b,only_barometer,31216,124864,2226368,4324,27576,3640,0.22177100072440226,5.838692001229664,5.838692001229664,1001283440,2005361856,132731088576,1001252224,406.60709900112124,407.383732002927
openmarcie_bicycle,cpu,dense_tokens,openmarcie_bicycle__only_barometer__gemma3_1b,gemma3_1b,only_barometer,33592,134368,831680,1100,27576,6016,0.21653099975083023,3.308141998781939,3.308141998781939,1001285816,2005371360,98785703616,1001252224,393.0131209999672,393.79948299938405
openmarcie_bicycle,cpu,raw,openmarcie_bicycle__only_barometer__gemma3_1b,gemma3_1b,only_barometer,31216,124864,2226368,524,31216,0,0.44326100032776594,2.8777310016409494,2.8777310016409494,1001283440,2005361856,132731088576,1001252224,406.60709900112124,407.36278200165543
openmarcie_bicycle,cpu,early_fusion,openmarcie_bicycle__only_barometer__gemma3_1b,gemma3_1b,only_barometer,27760,111040,2007232,524,27760,0,0.4260719997546403,2.860271997556719,2.860271997556719,1001279984,2005348032,132730869440,1001252224,406.60709900112124,407.3746720005147
openmarcie_bicycle,cpu,late_fusion,openmarcie_bicycle__only_barometer__gemma3_1b,gemma3_1b,only_barometer,4036,16144,229248,96,0,4036,0.023571001293021254,2.283652000701474,2.283652000701474,999889988,1999788048,111453345664,999885952,400.62420799949905,401.0706589997426
openmarcie_bicycle,cpu,local_only,openmarcie_bicycle__only_barometer__gemma3_1b,gemma3_1b,only_barometer,4036,16144,229248,52,0,4036,0.027680000130203553,2.2620210013587725,2.2620210013587725,999889988,1999788048,111453345664,999885952,400.62420799949905,401.07579000141413
openmarcie_bicycle,cpu,bottleneck,openmarcie_bicycle__only_barometer__gemma3_1b,gemma3_1b,only_barometer,31508,126032,2242752,684,27736,3772,0.22532100047101267,2.9561119993295755,2.9561119993295755,1001283732,2005363024,132731104960,1001252224,406.60709900112124,407.43546200246783
openmarcie_bicycle,cpu,tokenlearner,openmarcie_bicycle__only_barometer__gemma3_1b,gemma3_1b,only_barometer,32536,130144,815296,1100,27576,4960,0.20979999862902332,3.301901997469831,3.301901997469831,1001284760,2005367136,98785687232,1001252224,393.0131209999672,393.78025400219485
openmarcie_bicycle,cpu,posthoc_vq,openmarcie_bicycle__only_barometer__gemma3_1b,gemma3_1b,only_barometer,33264,133056,2291904,192,28600,4664,0.25545099924784154,2.6787019956631353,2.6787019956631353,1001285488,2005370048,132731154112,1001252224,406.60709900112124,407.544213001529
openmarcie_bicycle,cpu,joint_vq,openmarcie_bicycle__only_barometer__gemma3_1b,gemma3_1b,only_barometer,35640,142560,848064,81,28600,7040,0.2393710001342697,2.6080230009319028,2.6080230009319028,1001287864,2005379552,98785720000,1001252224,393.0131209999672,393.9127940011531
openmarcie_bicycle,cpu,deepconvlstm,openmarcie_bicycle__only_barometer__gemma3_1b,gemma3_1b,only_barometer,33284,133136,2064256,524,33284,0,0.3271310015406925,2.761371002557734,2.761371002557734,1001285508,2005370128,132730926464,1001252224,406.60709900112124,407.26372000244737
openmarcie_bicycle,cpu,unrestricted_bank,openmarcie_bicycle__only_barometer__gemma3_1b,gemma3_1b,only_barometer,35672,142688,848064,81,28600,7072,0.22146099945530295,2.514941998953768,2.514941998953768,1001287896,2005379680,98785720000,1001252224,393.0131209999672,393.823173999408
openmarcie_bicycle,cpu,separate_banks,openmarcie_bicycle__only_barometer__gemma3_1b,gemma3_1b,only_barometer,35672,142688,848064,81,28600,7072,0.2544609997130465,2.5479719998037442,2.5479719998037442,1001287896,2005379680,98785720000,1001252224,393.0131209999672,393.84600300036254
openmarcie_bicycle,cpu,fixed_resampling,openmarcie_bicycle__only_barometer__gemma3_1b,gemma3_1b,only_barometer,35672,142688,846912,81,28600,7072,0.24090000079013407,2.464911000999459,2.464911000999459,1001287896,2005379680,98785718848,1001252224,393.0131209999672,393.7663939996128
openmarcie_bicycle,cpu,finetune_encoders,openmarcie_bicycle__only_barometer__gemma3_1b,gemma3_1b,only_barometer,35672,142688,848064,81,28600,7072,0.23717999829386827,2.5345309996117837,2.5345309996117837,1001287896,2005379680,98785720000,1001252224,393.0131209999672,393.8398629998119
openmarcie_bicycle,cpu,no_alignment,openmarcie_bicycle__only_barometer__gemma3_1b,gemma3_1b,only_barometer,35672,142688,848064,81,28600,7072,0.253791000432102,2.546972001284198,2.546972001284198,1001287896,2005379680,98785720000,1001252224,393.0131209999672,393.8348040010169
openmarcie_bicycle,cpu,no_usage,openmarcie_bicycle__only_barometer__gemma3_1b,gemma3_1b,only_barometer,35672,142688,848064,81,28600,7072,0.24027099971135613,2.5333610001615714,2.5333610001615714,1001287896,2005379680,98785720000,1001252224,393.0131209999672,393.83216399801313
openmarcie_bicycle,cpu,tcn,openmarcie_bicycle__only_barometer__gemma3_1b,gemma3_1b,only_barometer,13648,54592,821184,524,13648,0,0.3506209995975951,2.784800997611182,2.784800997611182,1001265872,2005291584,132729683392,1001252224,406.60709900112124,407.28562100048293
openmarcie_bicycle,cpu,ts_transformer,openmarcie_bicycle__only_barometer__gemma3_1b,gemma3_1b,only_barometer,26512,106048,1869760,524,26512,0,0.3875309994327836,2.821731000872841,2.821731000872841,1001278736,2005343040,132730731968,1001252224,406.60709900112124,407.3279720014398
openmarcie_bicycle,cpu,patchtst,openmarcie_bicycle__only_barometer__gemma3_1b,gemma3_1b,only_barometer,26640,106560,1087936,524,26640,0,0.4404819992487319,2.874871999588958,2.874871999588958,1001278864,2005343552,97374289344,1001252224,396.52369399846066,397.207106998394
openmarcie_bicycle,cpu,distrixsense,openmarcie_bicycle__only_depth__gemma3_1b,gemma3_1b,only_depth,94448,377792,5235904,249,30776,63672,0.3166110000165645,2.639161999137583,7.220793996483716,1001346672,2005614784,127057334976,1001252224,409.282479000467,410.8797049993882
openmarcie_bicycle,cpu,dense,openmarcie_bicycle__only_depth__gemma3_1b,gemma3_1b,only_depth,81080,324320,10845376,12972,27704,53376,0.36319100036052987,6.028130998269934,17.284582999367757,1001333304,2005561312,229569673920,1001252224,437.94294000144873,439.5120860008319
openmarcie_bicycle,cpu,dense_tokens,openmarcie_bicycle__only_depth__gemma3_1b,gemma3_1b,only_depth,88208,352832,5186752,3300,27704,60504,0.2706710001803003,3.4107520004862453,9.617783001872013,1001340432,2005589824,127057285824,1001252224,409.282479000467,410.702344001038
openmarcie_bicycle,cpu,raw,openmarcie_bicycle__only_depth__gemma3_1b,gemma3_1b,only_depth,81080,324320,10845376,19188,81080,0,0.8513829998264555,8.000332999068847,22.252572998394236,1001333304,2005561312,229569673920,1001252224,437.94294000144873,439.31482400148525
openmarcie_bicycle,cpu,early_fusion,openmarcie_bicycle__only_depth__gemma3_1b,gemma3_1b,only_depth,47224,188896,3220672,19188,47224,0,0.6791020005039172,7.823562000845628,22.075901999113476,1001299448,2005425888,138390430400,1001252224,411.9542980006372,413.03952199996274
openmarcie_bicycle,cpu,late_fusion,openmarcie_bicycle__only_depth__gemma3_1b,gemma3_1b,only_depth,54564,218256,3381504,288,0,54564,0.04025000089313835,2.334091001616977,6.86061200003277,999940516,1999990160,115690354432,999885952,405.15455400054634,406.042148000779
openmarcie_bicycle,cpu,local_only,openmarcie_bicycle__only_depth__gemma3_1b,gemma3_1b,only_depth,54564,218256,3381504,156,0,54564,0.04603999877872411,2.302281001236662,6.75605199994829,999940516,1999990160,115690354432,999885952,405.15455400054634,406.04440800052544
openmarcie_bicycle,cpu,bottleneck,openmarcie_bicycle__only_depth__gemma3_1b,gemma3_1b,only_depth,81956,327824,10894528,2052,28184,53772,0.35286099955555983,3.1147219999830007,8.579123000175134,1001334180,2005564816,229569723072,1001252224,437.94294000144873,439.50620500072546
openmarcie_bicycle,cpu,tokenlearner,openmarcie_bicycle__only_depth__gemma3_1b,gemma3_1b,only_depth,85040,340160,5137600,3300,27704,57336,0.2788109995890409,3.400211997354636,9.59226399753301,1001337264,2005577152,127057236672,1001252224,409.282479000467,410.63604400187614
openmarcie_bicycle,cpu,posthoc_vq,openmarcie_bicycle__only_depth__gemma3_1b,gemma3_1b,only_depth,93368,373472,11041984,600,30776,62592,0.3966609983763192,2.970431996796979,7.883663996825344,1001345592,2005610464,229569870528,1001252224,437.94294000144873,439.91251700026623
openmarcie_bicycle,cpu,joint_vq,openmarcie_bicycle__only_depth__gemma3_1b,gemma3_1b,only_depth,100496,401984,5235904,249,30776,69720,0.347000999681768,2.7474120030422693,7.488384001507237,1001352720,2005638976,127057334976,1001252224,409.282479000467,411.10898600163637
openmarcie_bicycle,cpu,deepconvlstm,openmarcie_bicycle__only_depth__gemma3_1b,gemma3_1b,only_depth,76748,306992,4821760,19188,76748,0,0.5658520003635203,7.710472999457339,21.96263299962876,1001328972,2005543984,138392031488,1001252224,411.9542980006372,412.89288199914154
openmarcie_bicycle,cpu,unrestricted_bank,openmarcie_bicycle__only_depth__gemma3_1b,gemma3_1b,only_depth,100784,403136,5334208,249,30776,70008,0.28318099975876976,2.6083719982455715,7.196003995803929,1001353008,2005640128,127057433280,1001252224,409.282479000467,410.80165399944235
openmarcie_bicycle,cpu,separate_banks,openmarcie_bicycle__only_depth__gemma3_1b,gemma3_1b,only_depth,94448,377792,5235904,249,30776,63672,0.36565200025506783,2.695583001365163,7.288765001166192,1001346672,2005614784,127057334976,1001252224,409.282479000467,410.8775640015665
openmarcie_bicycle,cpu,fixed_resampling,openmarcie_bicycle__only_depth__gemma3_1b,gemma3_1b,only_depth,94448,377792,4412608,249,30776,63672,0.3272020003350917,2.576182003064174,7.011712003903975,1001346672,2005614784,127056511680,1001252224,409.282479000467,410.59052299897303
openmarcie_bicycle,cpu,finetune_encoders,openmarcie_bicycle__only_depth__gemma3_1b,gemma3_1b,only_depth,94448,377792,5235904,249,30776,63672,0.31716099874756765,2.6455819985461186,7.2314939961042715,1001346672,2005614784,127057334976,1001252224,409.282479000467,410.83773399986967
openmarcie_bicycle,cpu,no_alignment,openmarcie_bicycle__only_depth__gemma3_1b,gemma3_1b,only_depth,94448,377792,5235904,249,30776,63672,0.3190610004821792,2.651353000725363,7.235525002132798,1001346672,2005614784,127057334976,1001252224,409.282479000467,410.8357640016038
openmarcie_bicycle,cpu,no_usage,openmarcie_bicycle__only_depth__gemma3_1b,gemma3_1b,only_depth,94448,377792,5235904,249,30776,63672,0.3292519995738985,2.655781999816396,7.246883999786386,1001346672,2005614784,127057334976,1001252224,409.282479000467,410.99920500164444
openmarcie_bicycle,cpu,tcn,openmarcie_bicycle__only_depth__gemma3_1b,gemma3_1b,only_depth,33048,132192,2034624,19188,33048,0,0.6083120006223908,7.752482001302484,22.00439199775129,1001285272,2005369184,138389244352,1001252224,411.9542980006372,412.96332199999597
openmarcie_bicycle,cpu,ts_transformer,openmarcie_bicycle__only_depth__gemma3_1b,gemma3_1b,only_depth,45912,183648,3083200,19188,45912,0,0.6662520008831052,7.810101999490358,22.061612000169326,1001298136,2005420640,138390292928,1001252224,411.9542980006372,412.93576099997154
openmarcie_bicycle,cpu,patchtst,openmarcie_bicycle__only_depth__gemma3_1b,gemma3_1b,only_depth,39928,159712,69986496,19188,39928,0,1.0171039994020248,8.161063999574468,22.41301499786342,1001292152,2005396704,103080236224,1001252224,399.6100150015991,401.0029300006863
openmarcie_bicycle,cpu,distrixsense,openmarcie_bicycle__only_imu__gemma3_1b,gemma3_1b,only_imu,39074,156296,1063488,81,28600,10474,0.24995999956445303,2.572830998389586,2.572830998389586,1001291298,2005393288,98785935424,1001252224,393.0131209999672,393.87912299935124
openmarcie_bicycle,cpu,dense,openmarcie_bicycle__only_imu__gemma3_1b,gemma3_1b,only_imu,34618,138472,2441792,4324,27576,7042,0.2215209988207789,5.855950998334028,5.855950998334028,1001286842,2005375464,132731304000,1001252224,406.60709900112124,407.415662002677
openmarcie_bicycle,cpu,dense_tokens,openmarcie_bicycle__only_imu__gemma3_1b,gemma3_1b,only_imu,36994,147976,1047104,1100,27576,9418,0.2081910006381804,3.3147810008766827,3.3147810008766827,1001289218,2005384968,98785919040,1001252224,393.0131209999672,393.7877940006729
openmarcie_bicycle,cpu,raw,openmarcie_bicycle__only_imu__gemma3_1b,gemma3_1b,only_imu,34618,138472,2441792,16164,34618,0,0.4463219993340317,15.39628199920936,15.39628199920936,1001286842,2005375464,132731304000,1001252224,406.60709900112124,407.38766200047394
openmarcie_bicycle,cpu,early_fusion,openmarcie_bicycle__only_imu__gemma3_1b,gemma3_1b,only_imu,28858,115432,2075200,16164,28858,0,0.4392909995658556,15.388950997156837,15.388950997156837,1001281082,2005352424,132730937408,1001252224,406.60709900112124,407.37949200229195
openmarcie_bicycle,cpu,late_fusion,openmarcie_bicycle__only_imu__gemma3_1b,gemma3_1b,only_imu,7438,29752,444672,96,0,7438,0.02393000067968387,2.281080999241746,2.281080999241746,999893390,1999801656,110042701568,999885952,400.3555569997843,400.76573800070037
openmarcie_bicycle,cpu,local_only,openmarcie_bicycle__only_imu__gemma3_1b,gemma3_1b,only_imu,7438,29752,444672,52,0,7438,0.028980999559280463,2.263251000174461,2.263251000174461,999893390,1999801656,110042701568,999885952,400.3555569997843,400.77097899848013
openmarcie_bicycle,cpu,bottleneck,openmarcie_bicycle__only_imu__gemma3_1b,gemma3_1b,only_imu,34910,139640,2458176,684,27736,7174,0.2274510006827768,2.9617920011069394,2.9617920011069394,1001287134,2005376632,132731320384,1001252224,406.60709900112124,407.4252120008168
openmarcie_bicycle,cpu,tokenlearner,openmarcie_bicycle__only_imu__gemma3_1b,gemma3_1b,only_imu,35938,143752,1030720,1100,27576,8362,0.20385999960126355,3.301220996940974,3.301220996940974,1001288162,2005380744,98785902656,1001252224,393.0131209999672,393.7751340017712
openmarcie_bicycle,cpu,posthoc_vq,openmarcie_bicycle__only_imu__gemma3_1b,gemma3_1b,only_imu,36666,146664,2507328,192,28600,8066,0.2546109990362311,2.684382001078478,2.684382001078478,1001288890,2005383656,132731369536,1001252224,406.60709900112124,407.5570719996904
openmarcie_bicycle,cpu,joint_vq,openmarcie_bicycle__only_imu__gemma3_1b,gemma3_1b,only_imu,39042,156168,1063488,81,28600,10442,0.24040099924604874,2.622952998564765,2.622952998564765,1001291266,2005393160,98785935424,1001252224,393.0131209999672,393.916615001217
openmarcie_bicycle,cpu,deepconvlstm,openmarcie_bicycle__only_imu__gemma3_1b,gemma3_1b,only_imu,36686,146744,2279680,16164,36686,0,0.3482210013316944,15.298031001883839,15.298031001883839,1001288910,2005383736,132731141888,1001252224,406.60709900112124,407.2880110015831
openmarcie_bicycle,cpu,unrestricted_bank,openmarcie_bicycle__only_imu__gemma3_1b,gemma3_1b,only_imu,39074,156296,1063488,81,28600,10474,0.21268000091367867,2.5183709995252546,2.5183709995252546,1001291298,2005393288,98785935424,1001252224,393.0131209999672,393.8339550022647
openmarcie_bicycle,cpu,separate_banks,openmarcie_bicycle__only_imu__gemma3_1b,gemma3_1b,only_imu,39074,156296,1063488,81,28600,10474,0.25033100064320024,2.5563419995086267,2.5563419995086267,1001291298,2005393288,98785935424,1001252224,393.0131209999672,393.85281300019415
openmarcie_bicycle,cpu,fixed_resampling,openmarcie_bicycle__only_imu__gemma3_1b,gemma3_1b,only_imu,39074,156296,1031232,81,28600,10474,0.24706099975446705,2.488020999437035,2.488020999437035,1001291298,2005393288,98785903168,1001252224,393.0131209999672,393.75997400020424
openmarcie_bicycle,cpu,finetune_encoders,openmarcie_bicycle__only_imu__gemma3_1b,gemma3_1b,only_imu,39074,156296,1063488,81,28600,10474,0.25488999926892575,2.5615409986420534,2.5615409986420534,1001291298,2005393288,98785935424,1001252224,393.0131209999672,393.8627440002165
openmarcie_bicycle,cpu,no_alignment,openmarcie_bicycle__only_imu__gemma3_1b,gemma3_1b,only_imu,39074,156296,1063488,81,28600,10474,0.24869000117178075,2.5484009993596235,2.5484009993596235,1001291298,2005393288,98785935424,1001252224,393.0131209999672,393.8660040003015
openmarcie_bicycle,cpu,no_usage,openmarcie_bicycle__only_imu__gemma3_1b,gemma3_1b,only_imu,39074,156296,1063488,81,28600,10474,0.24706099975446705,2.56068100227993,2.56068100227993,1001291298,2005393288,98785935424,1001252224,393.0131209999672,393.85861399932764
openmarcie_bicycle,cpu,tcn,openmarcie_bicycle__only_imu__gemma3_1b,gemma3_1b,only_imu,14746,58984,889152,16164,14746,0,0.3856209987134207,15.335591998017673,15.335591998017673,1001266970,2005295976,132729751360,1001252224,406.60709900112124,407.3097719992802
openmarcie_bicycle,cpu,ts_transformer,openmarcie_bicycle__only_imu__gemma3_1b,gemma3_1b,only_imu,27610,110440,1937728,16164,27610,0,0.3962119990319479,15.345751999710966,15.345751999710966,1001279834,2005347432,132730799936,1001252224,406.60709900112124,407.33969200118736
openmarcie_bicycle,cpu,patchtst,openmarcie_bicycle__only_imu__gemma3_1b,gemma3_1b,only_imu,27162,108648,7602496,16164,27162,0,0.4936419991281582,15.443222999828333,15.443222999828333,1001279386,2005345640,97380803904,1001252224,396.52369399846066,397.2784569978103
openmarcie_bicycle,cpu,distrixsense,openmarcie_bicycle__only_magnetometer__gemma3_1b,gemma3_1b,only_magnetometer,36734,146936,915264,81,28600,8134,0.23681099992245436,2.5411929991895565,2.5411929991895565,1001288958,2005383928,98785787200,1001252224,393.0131209999672,393.8290040005086
openmarcie_bicycle,cpu,dense,openmarcie_bicycle__only_magnetometer__gemma3_1b,gemma3_1b,only_magnetometer,32278,129112,2293568,4324,27576,4702,0.22657100089418236,5.844421999749774,5.844421999749774,1001284502,2005366104,132731155776,1001252224,406.60709900112124,407.40016200288665
openmarcie_bicycle,cpu,dense_tokens,openmarcie_bicycle__only_magnetometer__gemma3_1b,gemma3_1b,only_magnetometer,34654,138616,898880,1100,27576,7078,0.21169100000406615,3.301811999331112,3.301811999331112,1001286878,2005375608,98785770816,1001252224,393.0131209999672,393.7592530000984
openmarcie_bicycle,cpu,raw,openmarcie_bicycle__only_magnetometer__gemma3_1b,gemma3_1b,only_magnetometer,32278,129112,2293568,1244,32278,0,0.4318920000514481,3.4430729988477426,3.4430729988477426,1001284502,2005366104,132731155776,1001252224,406.60709900112124,407.36269099943456
openmarcie_bicycle,cpu,early_fusion,openmarcie_bicycle__only_magnetometer__gemma3_1b,gemma3_1b,only_magnetometer,28054,112216,2025280,1244,28054,0,0.42893200043181423,3.4395120014911984,3.4395120014911984,1001280278,2005349208,132730887488,1001252224,406.60709900112124,407.36765200017544
openmarcie_bicycle,cpu,late_fusion,openmarcie_bicycle__only_magnetometer__gemma3_1b,gemma3_1b,only_magnetometer,5098,20392,296448,96,0,5098,0.02710999979171902,2.3146499975748127,2.3146499975748127,999891050,1999792296,110042553344,999885952,400.3555569997843,400.7567780008685
openmarcie_bicycle,cpu,local_only,openmarcie_bicycle__only_magnetometer__gemma3_1b,gemma3_1b,only_magnetometer,5098,20392,296448,52,0,5098,0.027659998522722162,2.2435799994741332,2.2435799994741332,999891050,1999792296,110042553344,999885952,400.3555569997843,400.7578079999803
openmarcie_bicycle,cpu,bottleneck,openmarcie_bicycle__only_magnetometer__gemma3_1b,gemma3_1b,only_magnetometer,32570,130280,2309952,684,27736,4834,0.22399099907488562,2.9635609992247076,2.9635609992247076,1001284794,2005367272,132731172160,1001252224,406.60709900112124,407.40496100079326
openmarcie_bicycle,cpu,tokenlearner,openmarcie_bicycle__only_magnetometer__gemma3_1b,gemma3_1b,only_magnetometer,33598,134392,882496,1100,27576,6022,0.2060999995592283,3.2952199999225558,3.2952199999225558,1001285822,2005371384,98785754432,1001252224,393.0131209999672,393.75034300064726
openmarcie_bicycle,cpu,posthoc_vq,openmarcie_bicycle__only_magnetometer__gemma3_1b,gemma3_1b,only_magnetometer,34326,137304,2359104,192,28600,5726,0.2594010002212599,2.6858819997672922,2.6858819997672922,1001286550,2005374296,132731221312,1001252224,406.60709900112124,407.5623920016369
openmarcie_bicycle,cpu,joint_vq,openmarcie_bicycle__only_magnetometer__gemma3_1b,gemma3_1b,only_magnetometer,36702,146808,915264,81,28600,8102,0.23818100089556538,2.625602998734289,2.625602998734289,1001288926,2005383800,98785787200,1001252224,393.0131209999672,393.9130850012589
openmarcie_bicycle,cpu,deepconvlstm,openmarcie_bicycle__only_magnetometer__gemma3_1b,gemma3_1b,only_magnetometer,34346,137384,2131456,1244,34346,0,0.3270520010119071,3.33782200097146,3.33782200097146,1001286570,2005374376,132730993664,1001252224,406.60709900112124,407.28472100090585
openmarcie_bicycle,cpu,unrestricted_bank,openmarcie_bicycle__only_magnetometer__gemma3_1b,gemma3_1b,only_magnetometer,36734,146936,915264,81,28600,8134,0.23925099958432838,2.539801999802771,2.539801999802771,1001288958,2005383928,98785787200,1001252224,393.0131209999672,393.8185839997459
openmarcie_bicycle,cpu,separate_banks,openmarcie_bicycle__only_magnetometer__gemma3_1b,gemma3_1b,only_magnetometer,36734,146936,915264,81,28600,8134,0.25323099907836877,2.5457619986190227,2.5457619986190227,1001288958,2005383928,98785787200,1001252224,393.0131209999672,393.8404050004465
openmarcie_bicycle,cpu,fixed_resampling,openmarcie_bicycle__only_magnetometer__gemma3_1b,gemma3_1b,only_magnetometer,36734,146936,908352,81,28600,8134,0.2378310000494821,2.467952000217233,2.467952000217233,1001288958,2005383928,98785780288,1001252224,393.0131209999672,393.87389500006975
openmarcie_bicycle,cpu,finetune_encoders,openmarcie_bicycle__only_magnetometer__gemma3_1b,gemma3_1b,only_magnetometer,36734,146936,915264,81,28600,8134,0.2409310000075493,2.5321119983635842,2.5321119983635842,1001288958,2005383928,98785787200,1001252224,393.0131209999672,393.8533839991578
openmarcie_bicycle,cpu,no_alignment,openmarcie_bicycle__only_magnetometer__gemma3_1b,gemma3_1b,only_magnetometer,36734,146936,915264,81,28600,8134,0.23679100013396237,2.5349310008385917,2.5349310008385917,1001288958,2005383928,98785787200,1001252224,393.0131209999672,393.8310739995359
openmarcie_bicycle,cpu,no_usage,openmarcie_bicycle__only_magnetometer__gemma3_1b,gemma3_1b,only_magnetometer,36734,146936,915264,81,28600,8134,0.24445099916192703,2.5391019981106044,2.5391019981106044,1001288958,2005383928,98785787200,1001252224,393.0131209999672,393.95531400077743
openmarcie_bicycle,cpu,tcn,openmarcie_bicycle__only_magnetometer__gemma3_1b,gemma3_1b,only_magnetometer,13942,55768,839232,1244,13942,0,0.4407010001159506,3.4515210022752174,3.4515210022752174,1001266166,2005292760,132729701440,1001252224,406.60709900112124,407.2688910000579
openmarcie_bicycle,cpu,ts_transformer,openmarcie_bicycle__only_magnetometer__gemma3_1b,gemma3_1b,only_magnetometer,26806,107224,1887808,1244,26806,0,0.3912209995178273,3.4020510006618454,3.4020510006618454,1001279030,2005344216,132730750016,1001252224,406.60709900112124,407.3283210018417
openmarcie_bicycle,cpu,patchtst,openmarcie_bicycle__only_magnetometer__gemma3_1b,gemma3_1b,only_magnetometer,26742,106968,3254848,1244,26742,0,0.4745719998027198,3.485351998747024,3.485351998747024,1001278966,2005343960,97376456256,1001252224,396.52369399846066,397.243316998356
openmarcie_bicycle,cpu,distrixsense,openmarcie_bicycle__only_rgb__gemma3_1b,gemma3_1b,only_rgb,256112,1024448,15533248,249,30776,225336,0.32065200139186345,2.66947300191198,7.306305001210584,1001508336,2006261440,127067632320,1001252224,409.282479000467,410.94922500269604
openmarcie_bicycle,cpu,dense,openmarcie_bicycle__only_rgb__gemma3_1b,gemma3_1b,only_rgb,242744,970976,21142720,12972,27704,215040,0.3321710009913659,5.987682001755037,17.260713001691528,1001494968,2006207968,229579971264,1001252224,437.94294000144873,439.44670500059146
openmarcie_bicycle,cpu,dense_tokens,openmarcie_bicycle__only_rgb__gemma3_1b,gemma3_1b,only_rgb,249872,999488,15484096,3300,27704,222168,0.2854209997167345,3.420322000233573,9.634923000689597,1001502096,2006236480,127067583168,1001252224,409.282479000467,410.73660400070366
openmarcie_bicycle,cpu,raw,openmarcie_bicycle__only_rgb__gemma3_1b,gemma3_1b,only_rgb,242744,970976,21142720,56724,242744,0,0.8956530000432394,18.051922999750683,52.32569299535376,1001494968,2006207968,229579971264,1001252224,437.94294000144873,439.3620250011736
openmarcie_bicycle,cpu,early_fusion,openmarcie_bicycle__only_rgb__gemma3_1b,gemma3_1b,only_rgb,159736,638944,10372288,56724,159736,0,0.7027020001260098,17.858982000637194,52.13272199928602,1001411960,2005875936,138397582016,1001252224,411.9542980006372,413.0356719997508
openmarcie_bicycle,cpu,late_fusion,openmarcie_bicycle__only_rgb__gemma3_1b,gemma3_1b,only_rgb,216228,864912,13678848,288,0,216228,0.03425000068091322,2.320541002122988,6.8558030031414,1000102180,2000636816,115700651776,999885952,405.15455400054634,406.0269370002061
openmarcie_bicycle,cpu,local_only,openmarcie_bicycle__only_rgb__gemma3_1b,gemma3_1b,only_rgb,216228,864912,13678848,156,0,216228,0.04957000055583194,2.305731000221823,6.778241999020287,1000102180,2000636816,115700651776,999885952,405.15455400054634,406.07900800023344
openmarcie_bicycle,cpu,bottleneck,openmarcie_bicycle__only_rgb__gemma3_1b,gemma3_1b,only_rgb,243620,974480,21191872,2052,28184,215436,0.3342119998706039,3.103683000764274,8.5977630031385,1001495844,2006211472,229580020416,1001252224,437.94294000144873,439.52257500131964
openmarcie_bicycle,cpu,tokenlearner,openmarcie_bicycle__only_rgb__gemma3_1b,gemma3_1b,only_rgb,246704,986816,15434944,3300,27704,219000,0.26130100013688207,3.410981998963398,9.641914000880789,1001498928,2006223808,127067534016,1001252224,409.282479000467,410.6879650007613
openmarcie_bicycle,cpu,posthoc_vq,openmarcie_bicycle__only_rgb__gemma3_1b,gemma3_1b,only_rgb,255032,1020128,21339328,600,30776,224256,0.3831809990515467,2.871681999746361,7.772613997065928,1001507256,2006257120,229580167872,1001252224,437.94294000144873,439.96918800257845
openmarcie_bicycle,cpu,joint_vq,openmarcie_bicycle__only_rgb__gemma3_1b,gemma3_1b,only_rgb,262160,1048640,15533248,249,30776,231384,0.3249909987061983,2.746832998706237,7.521264999840222,1001514384,2006285632,127067632320,1001252224,409.282479000467,411.1363350020838
openmarcie_bicycle,cpu,deepconvlstm,openmarcie_bicycle__only_rgb__gemma3_1b,gemma3_1b,only_rgb,238412,953648,15119104,56724,238412,0,0.621592000243254,17.77775299882968,52.05122299942437,1001490636,2006190640,138402328832,1001252224,411.9542980006372,412.9697920016042
openmarcie_bicycle,cpu,unrestricted_bank,openmarcie_bicycle__only_rgb__gemma3_1b,gemma3_1b,only_rgb,262448,1049792,15631552,249,30776,231672,0.27620099899650086,2.621341998416325,7.246993997713597,1001514672,2006286784,127067730624,1001252224,409.282479000467,410.857365000993
openmarcie_bicycle,cpu,separate_banks,openmarcie_bicycle__only_rgb__gemma3_1b,gemma3_1b,only_rgb,256112,1024448,15533248,249,30776,225336,0.3375209998921491,2.6805420035419285,7.306664004235225,1001508336,2006261440,127067632320,1001252224,409.282479000467,410.9162929999002
openmarcie_bicycle,cpu,fixed_resampling,openmarcie_bicycle__only_rgb__gemma3_1b,gemma3_1b,only_rgb,256112,1024448,8344768,249,30776,225336,0.32338100027118344,2.578091003339365,7.032801001431816,1001508336,2006261440,127060443840,1001252224,409.282479000467,410.6035439999687
openmarcie_bicycle,cpu,finetune_encoders,openmarcie_bicycle__only_rgb__gemma3_1b,gemma3_1b,only_rgb,256112,1024448,15533248,249,30776,225336,0.32163099967874587,2.6597720003667984,7.274583999705081,1001508336,2006261440,127067632320,1001252224,409.282479000467,410.88441500141926
openmarcie_bicycle,cpu,no_alignment,openmarcie_bicycle__only_rgb__gemma3_1b,gemma3_1b,only_rgb,256112,1024448,15533248,249,30776,225336,0.31655099883209914,2.670701998464507,7.2905640016951825,1001508336,2006261440,127067632320,1001252224,409.282479000467,410.91682500155
openmarcie_bicycle,cpu,no_usage,openmarcie_bicycle__only_rgb__gemma3_1b,gemma3_1b,only_rgb,256112,1024448,15533248,249,30776,225336,0.32384099904447794,2.6796819999038473,7.317335001888731,1001508336,2006261440,127067632320,1001252224,409.282479000467,410.90283500125224
openmarcie_bicycle,cpu,tcn,openmarcie_bicycle__only_rgb__gemma3_1b,gemma3_1b,only_rgb,145560,582240,9186240,56724,145560,0,0.6099920010456117,17.76610200062613,52.03957300348398,1001397784,2005819232,138396395968,1001252224,411.9542980006372,412.9470020016015
openmarcie_bicycle,cpu,ts_transformer,openmarcie_bicycle__only_rgb__gemma3_1b,gemma3_1b,only_rgb,158424,633696,10234816,56724,158424,0,0.6578219999937573,17.814662001858675,52.088352001945765,1001410648,2005870688,138397444544,1001252224,411.9542980006372,412.98491199995624
openmarcie_bicycle,cpu,patchtst,openmarcie_bicycle__only_rgb__gemma3_1b,gemma3_1b,only_rgb,140152,560608,214665408,56724,140152,0,1.759826000125031,18.91574599898639,53.189465999665714,1001392376,2005797600,103224915136,1001252224,399.6100150015991,401.70874200157414
openmarcie_bicycle,cpu,distrixsense,openmarcie_bicycle__only_spectrometer__gemma3_1b,gemma3_1b,only_spectrometer,39704,158816,1103424,81,28600,11104,0.24151099933078513,2.5422919998453697,2.5422919998453697,1001291928,2005395808,98785975360,1001252224,393.0131209999672,393.84416400025657
openmarcie_bicycle,cpu,dense,openmarcie_bicycle__only_spectrometer__gemma3_1b,gemma3_1b,only_spectrometer,35248,140992,2481728,4324,27576,7672,0.21897099941270426,5.848390998248523,5.848390998248523,1001287472,2005377984,132731343936,1001252224,406.60709900112124,407.38627199971233
openmarcie_bicycle,cpu,dense_tokens,openmarcie_bicycle__only_spectrometer__gemma3_1b,gemma3_1b,only_spectrometer,37624,150496,1087040,1100,27576,10048,0.2026410002144985,3.2945820003031985,3.2945820003031985,1001289848,2005387488,98785958976,1001252224,393.0131209999672,393.7548739995691
openmarcie_bicycle,cpu,raw,openmarcie_bicycle__only_spectrometer__gemma3_1b,gemma3_1b,only_spectrometer,35248,140992,2481728,3100,35248,0,0.4384320000099251,4.934021997938981,4.934021997938981,1001287472,2005377984,132731343936,1001252224,406.60709900112124,407.3738619990763
openmarcie_bicycle,cpu,early_fusion,openmarcie_bicycle__only_spectrometer__gemma3_1b,gemma3_1b,only_spectrometer,29104,116416,2090560,3100,29104,0,0.4427919993759133,4.938262002211996,4.938262002211996,1001281328,2005353408,132730952768,1001252224,406.60709900112124,407.37120199992205
openmarcie_bicycle,cpu,late_fusion,openmarcie_bicycle__only_spectrometer__gemma3_1b,gemma3_1b,only_spectrometer,8068,32272,484608,96,0,8068,0.023090000468073413,2.27570099974873,2.27570099974873,999894020,1999804176,110042741504,999885952,400.3555569997843,400.7481389999157
openmarcie_bicycle,cpu,local_only,openmarcie_bicycle__only_spectrometer__gemma3_1b,gemma3_1b,only_spectrometer,8068,32272,484608,52,0,8068,0.028100001145503484,2.2490599997285985,2.2490599997285985,999894020,1999804176,110042741504,999885952,400.3555569997843,400.7695189993683
openmarcie_bicycle,cpu,bottleneck,openmarcie_bicycle__only_spectrometer__gemma3_1b,gemma3_1b,only_spectrometer,35540,142160,2498112,684,27736,7804,0.220141000681906,2.94910100298787,2.94910100298787,1001287764,2005379152,132731360320,1001252224,406.60709900112124,407.4008820007293
openmarcie_bicycle,cpu,tokenlearner,openmarcie_bicycle__only_spectrometer__gemma3_1b,gemma3_1b,only_spectrometer,36568,146272,1070656,1100,27576,8992,0.21163000019441824,3.3027210010867565,3.3027210010867565,1001288792,2005383264,98785942592,1001252224,393.0131209999672,393.7623239999084
openmarcie_bicycle,cpu,posthoc_vq,openmarcie_bicycle__only_spectrometer__gemma3_1b,gemma3_1b,only_spectrometer,37296,149184,2547264,192,28600,8696,0.2615309986140346,2.6808719972708728,2.6808719972708728,1001289520,2005386176,132731409472,1001252224,406.60709900112124,407.5439219996042
openmarcie_bicycle,cpu,joint_vq,openmarcie_bicycle__only_spectrometer__gemma3_1b,gemma3_1b,only_spectrometer,39672,158688,1103424,81,28600,11072,0.23712099937256426,2.607741997991875,2.607741997991875,1001291896,2005395680,98785975360,1001252224,393.0131209999672,393.9453440016223
openmarcie_bicycle,cpu,deepconvlstm,openmarcie_bicycle__only_spectrometer__gemma3_1b,gemma3_1b,only_spectrometer,37316,149264,2319616,3100,37316,0,0.3305810005258536,4.8265409990894845,4.8265409990894845,1001289540,2005386256,132731181824,1001252224,406.60709900112124,407.27516100014327
openmarcie_bicycle,cpu,unrestricted_bank,openmarcie_bicycle__only_spectrometer__gemma3_1b,gemma3_1b,only_spectrometer,39704,158816,1103424,81,28600,11104,0.21182099953875877,2.5065119998834096,2.5065119998834096,1001291928,2005395808,98785975360,1001252224,393.0131209999672,393.81940300154383
openmarcie_bicycle,cpu,separate_banks,openmarcie_bicycle__only_spectrometer__gemma3_1b,gemma3_1b,only_spectrometer,39704,158816,1103424,81,28600,11104,0.2526909993321169,2.549320998725202,2.549320998725202,1001291928,2005395808,98785975360,1001252224,393.0131209999672,393.86055400063924
openmarcie_bicycle,cpu,fixed_resampling,openmarcie_bicycle__only_spectrometer__gemma3_1b,gemma3_1b,only_spectrometer,39704,158816,1061952,81,28600,11104,0.2400899993517669,2.4767209970667725,2.4767209970667725,1001291928,2005395808,98785933888,1001252224,393.0131209999672,393.7588240005425
openmarcie_bicycle,cpu,finetune_encoders,openmarcie_bicycle__only_spectrometer__gemma3_1b,gemma3_1b,only_spectrometer,39704,158816,1103424,81,28600,11104,0.23934099954203703,2.5402720011987956,2.5402720011987956,1001291928,2005395808,98785975360,1001252224,393.0131209999672,393.84116400105995
openmarcie_bicycle,cpu,no_alignment,openmarcie_bicycle__only_spectrometer__gemma3_1b,gemma3_1b,only_spectrometer,39704,158816,1103424,81,28600,11104,0.23388099907606374,2.5337419984060805,2.5337419984060805,1001291928,2005395808,98785975360,1001252224,393.0131209999672,393.83761399949435
openmarcie_bicycle,cpu,no_usage,openmarcie_bicycle__only_spectrometer__gemma3_1b,gemma3_1b,only_spectrometer,39704,158816,1103424,81,28600,11104,0.2412410012766486,2.5390210021504434,2.5390210021504434,1001291928,2005395808,98785975360,1001252224,393.0131209999672,393.8322639987746
openmarcie_bicycle,cpu,tcn,openmarcie_bicycle__only_spectrometer__gemma3_1b,gemma3_1b,only_spectrometer,14992,59968,904512,3100,14992,0,0.3524009989632759,4.848020997484564,4.848020997484564,1001267216,2005296960,132729766720,1001252224,406.60709900112124,407.2820710007363
openmarcie_bicycle,cpu,ts_transformer,openmarcie_bicycle__only_spectrometer__gemma3_1b,gemma3_1b,only_spectrometer,27856,111424,1953088,3100,27856,0,0.39132100027927663,4.887062001613668,4.887062001613668,1001280080,2005348416,132730815296,1001252224,406.60709900112124,407.3240210000222
openmarcie_bicycle,cpu,patchtst,openmarcie_bicycle__only_spectrometer__gemma3_1b,gemma3_1b,only_spectrometer,27312,109248,8692288,3100,27312,0,0.4967719996784581,4.992212000103319,4.992212000103319,1001279536,2005346240,97381893696,1001252224,396.52369399846066,397.2859569985303
openmarcie_bicycle,cpu,distrixsense,openmarcie_bicycle__only_temperature__gemma3_1b,gemma3_1b,only_temperature,35672,142688,848064,81,28600,7072,0.23699099983787164,2.5354120016635395,2.5354120016635395,1001287896,2005379680,98785720000,1001252224,393.0131209999672,393.8531640014844
openmarcie_bicycle,cpu,dense,openmarcie_bicycle__only_temperature__gemma3_1b,gemma3_1b,only_temperature,31216,124864,2226368,4324,27576,3640,0.2251010009786114,5.842861001251312,5.842861001251312,1001283440,2005361856,132731088576,1001252224,406.60709900112124,407.3858020001353
openmarcie_bicycle,cpu,dense_tokens,openmarcie_bicycle__only_temperature__gemma3_1b,gemma3_1b,only_temperature,33592,134368,831680,1100,27576,6016,0.19911100025638007,3.2882220002601388,3.2882220002601388,1001285816,2005371360,98785703616,1001252224,393.0131209999672,393.7739440007135
openmarcie_bicycle,cpu,raw,openmarcie_bicycle__only_temperature__gemma3_1b,gemma3_1b,only_temperature,31216,124864,2226368,524,31216,0,0.43084100070700515,2.8651510018932633,2.8651510018932633,1001283440,2005361856,132731088576,1001252224,406.60709900112124,407.3724920017412
openmarcie_bicycle,cpu,early_fusion,openmarcie_bicycle__only_temperature__gemma3_1b,gemma3_1b,only_temperature,27760,111040,2007232,524,27760,0,0.4283720008970704,2.8626919992490905,2.8626919992490905,1001279984,2005348032,132730869440,1001252224,406.60709900112124,407.36741200089455
openmarcie_bicycle,cpu,late_fusion,openmarcie_bicycle__only_temperature__gemma3_1b,gemma3_1b,only_temperature,4036,16144,229248,96,0,4036,0.0234199997066753,2.272820002476871,2.272820002476871,999889988,1999788048,111453345664,999885952,400.62420799949905,401.01094000056037
openmarcie_bicycle,cpu,local_only,openmarcie_bicycle__only_temperature__gemma3_1b,gemma3_1b,only_temperature,4036,16144,229248,52,0,4036,0.027869999030372128,2.247711000807141,2.247711000807141,999889988,1999788048,111453345664,999885952,400.62420799949905,401.03410899973824
openmarcie_bicycle,cpu,bottleneck,openmarcie_bicycle__only_temperature__gemma3_1b,gemma3_1b,only_temperature,31508,126032,2242752,684,27736,3772,0.22183100008987822,2.9531319999214496,2.9531319999214496,1001283732,2005363024,132731104960,1001252224,406.60709900112124,407.4018920000526
openmarcie_bicycle,cpu,tokenlearner,openmarcie_bicycle__only_temperature__gemma3_1b,gemma3_1b,only_temperature,32536,130144,815296,1100,27576,4960,0.20317100097599905,3.290372000260395,3.290372000260395,1001284760,2005367136,98785687232,1001252224,393.0131209999672,393.74891399893386
openmarcie_bicycle,cpu,posthoc_vq,openmarcie_bicycle__only_temperature__gemma3_1b,gemma3_1b,only_temperature,33264,133056,2291904,192,28600,4664,0.2589309988252353,2.677620997545449,2.677620997545449,1001285488,2005370048,132731154112,1001252224,406.60709900112124,407.55209200324316
openmarcie_bicycle,cpu,joint_vq,openmarcie_bicycle__only_temperature__gemma3_1b,gemma3_1b,only_temperature,35640,142560,848064,81,28600,7040,0.23610999960510526,2.6026519981604768,2.6026519981604768,1001287864,2005379552,98785720000,1001252224,393.0131209999672,393.90513400030613
openmarcie_bicycle,cpu,deepconvlstm,openmarcie_bicycle__only_temperature__gemma3_1b,gemma3_1b,only_temperature,33284,133136,2064256,524,33284,0,0.3391110003576614,2.773621001247829,2.773621001247829,1001285508,2005370128,132730926464,1001252224,406.60709900112124,407.255771000564
openmarcie_bicycle,cpu,unrestricted_bank,openmarcie_bicycle__only_temperature__gemma3_1b,gemma3_1b,only_temperature,35672,142688,848064,81,28600,7072,0.21363999985624105,2.5053709987622685,2.5053709987622685,1001287896,2005379680,98785720000,1001252224,393.0131209999672,393.8154530005704
openmarcie_bicycle,cpu,separate_banks,openmarcie_bicycle__only_temperature__gemma3_1b,gemma3_1b,only_temperature,35672,142688,848064,81,28600,7072,0.24313100038853008,2.5581319996780483,2.5581319996780483,1001287896,2005379680,98785720000,1001252224,393.0131209999672,393.8387039997906
openmarcie_bicycle,cpu,fixed_resampling,openmarcie_bicycle__only_temperature__gemma3_1b,gemma3_1b,only_temperature,35672,142688,846912,81,28600,7072,0.23772100030328147,2.4613410014643566,2.4613410014643566,1001287896,2005379680,98785718848,1001252224,393.0131209999672,393.7600740009657
openmarcie_bicycle,cpu,finetune_encoders,openmarcie_bicycle__only_temperature__gemma3_1b,gemma3_1b,only_temperature,35672,142688,848064,81,28600,7072,0.23484099983761553,2.533922000140487,2.533922000140487,1001287896,2005379680,98785720000,1001252224,393.0131209999672,393.83532399915566
openmarcie_bicycle,cpu,no_alignment,openmarcie_bicycle__only_temperature__gemma3_1b,gemma3_1b,only_temperature,35672,142688,848064,81,28600,7072,0.23438099924533162,2.529761998659419,2.529761998659419,1001287896,2005379680,98785720000,1001252224,393.0131209999672,393.83425500091107
openmarcie_bicycle,cpu,no_usage,openmarcie_bicycle__only_temperature__gemma3_1b,gemma3_1b,only_temperature,35672,142688,848064,81,28600,7072,0.24177100021915976,2.5365219999292865,2.5365219999292865,1001287896,2005379680,98785720000,1001252224,393.0131209999672,393.8343550016725
openmarcie_bicycle,cpu,tcn,openmarcie_bicycle__only_temperature__gemma3_1b,gemma3_1b,only_temperature,13648,54592,821184,524,13648,0,0.3805409996857634,2.8148110012950376,2.8148110012950376,1001265872,2005291584,132729683392,1001252224,406.60709900112124,407.27372100081993
openmarcie_bicycle,cpu,ts_transformer,openmarcie_bicycle__only_temperature__gemma3_1b,gemma3_1b,only_temperature,26512,106048,1869760,524,26512,0,0.41401199996471405,2.848521999035892,2.848521999035892,1001278736,2005343040,132730731968,1001252224,406.60709900112124,407.33088299930387
openmarcie_bicycle,cpu,patchtst,openmarcie_bicycle__only_temperature__gemma3_1b,gemma3_1b,only_temperature,26640,106560,1087936,524,26640,0,0.4353620006440906,2.8697319993768353,2.8697319993768353,1001278864,2005343552,97374289344,1001252224,396.52369399846066,397.22877699932724
openmarcie_bicycle,cpu,distrixsense,openmarcie_bicycle__only_thermal__gemma3_1b,gemma3_1b,only_thermal,72672,290688,3200064,81,28600,44072,0.24328099971171468,2.5564020025120815,2.5564020025120815,1001324896,2005527680,98788072000,1001252224,393.0131209999672,393.8536440000462
openmarcie_bicycle,cpu,dense,openmarcie_bicycle__only_thermal__gemma3_1b,gemma3_1b,only_thermal,68216,272864,4578368,4324,27576,40640,0.22580099903279915,5.860561998228822,5.860561998228822,1001320440,2005509856,132733440576,1001252224,406.60709900112124,407.42136200242385
openmarcie_bicycle,cpu,dense_tokens,openmarcie_bicycle__only_thermal__gemma3_1b,gemma3_1b,only_thermal,70592,282368,3183680,1100,27576,43016,0.2237209992017597,3.3295219982345587,3.3295219982345587,1001322816,2005519360,98788055616,1001252224,393.0131209999672,393.7756529994658
openmarcie_bicycle,cpu,raw,openmarcie_bicycle__only_thermal__gemma3_1b,gemma3_1b,only_thermal,68216,272864,4578368,15804,68216,0,0.444022000010591,15.104482001197105,15.104482001197105,1001320440,2005509856,132733440576,1001252224,406.60709900112124,407.43581199967593
openmarcie_bicycle,cpu,early_fusion,openmarcie_bicycle__only_thermal__gemma3_1b,gemma3_1b,only_thermal,48760,195040,3335232,15804,48760,0,0.4383510004117852,15.09923100079461,15.09923100079461,1001300984,2005432032,132732197440,1001252224,406.60709900112124,407.38462200170034
openmarcie_bicycle,cpu,late_fusion,openmarcie_bicycle__only_thermal__gemma3_1b,gemma3_1b,only_thermal,41036,164144,2581248,96,0,41036,0.023750000764266588,2.291380997635494,2.291380997635494,999926988,1999936048,110044838144,999885952,400.3555569997843,400.7637580016308
openmarcie_bicycle,cpu,local_only,openmarcie_bicycle__only_thermal__gemma3_1b,gemma3_1b,only_thermal,41036,164144,2581248,52,0,41036,0.02767000114545226,2.262121002120222,2.262121002120222,999926988,1999936048,110044838144,999885952,400.3555569997843,400.78115799951775
openmarcie_bicycle,cpu,bottleneck,openmarcie_bicycle__only_thermal__gemma3_1b,gemma3_1b,only_thermal,68508,274032,4594752,684,27736,40772,0.2234109997516498,2.9683920004308924,2.9683920004308924,1001320732,2005511024,132733456960,1001252224,406.60709900112124,407.42352200140886
openmarcie_bicycle,cpu,tokenlearner,openmarcie_bicycle__only_thermal__gemma3_1b,gemma3_1b,only_thermal,69536,278144,3167296,1100,27576,41960,0.20822000078624114,3.3103509995224885,3.3103509995224885,1001321760,2005515136,98788039232,1001252224,393.0131209999672,393.7815339995723
openmarcie_bicycle,cpu,posthoc_vq,openmarcie_bicycle__only_thermal__gemma3_1b,gemma3_1b,only_thermal,70264,281056,4643904,192,28600,41664,0.25094100055866875,2.6822209998303093,2.6822209998303093,1001322488,2005518048,132733506112,1001252224,406.60709900112124,407.57895299975644
openmarcie_bicycle,cpu,joint_vq,openmarcie_bicycle__only_thermal__gemma3_1b,gemma3_1b,only_thermal,72640,290560,3200064,81,28600,44040,0.2418610001768684,2.62678199854407,2.62678199854407,1001324864,2005527552,98788072000,1001252224,393.0131209999672,393.92748400132405
openmarcie_bicycle,cpu,deepconvlstm,openmarcie_bicycle__only_thermal__gemma3_1b,gemma3_1b,only_thermal,70284,281136,4416256,15804,70284,0,0.3500319999147905,15.01054199966304,15.01054199966304,1001322508,2005518128,132733278464,1001252224,406.60709900112124,407.2795510019205
openmarcie_bicycle,cpu,unrestricted_bank,openmarcie_bicycle__only_thermal__gemma3_1b,gemma3_1b,only_thermal,72672,290688,3200064,81,28600,44072,0.25183099933201447,2.5641319998902734,2.5641319998902734,1001324896,2005527680,98788072000,1001252224,393.0131209999672,393.83920399995986
openmarcie_bicycle,cpu,separate_banks,openmarcie_bicycle__only_thermal__gemma3_1b,gemma3_1b,only_thermal,72672,290688,3200064,81,28600,44072,0.2412510002613999,2.5595909983457066,2.5595909983457066,1001324896,2005527680,98788072000,1001252224,393.0131209999672,393.85096300065925
openmarcie_bicycle,cpu,fixed_resampling,openmarcie_bicycle__only_thermal__gemma3_1b,gemma3_1b,only_thermal,72672,290688,2126912,81,28600,44072,0.2600600000732811,2.4970109998611267,2.4970109998611267,1001324896,2005527680,98786998848,1001252224,393.0131209999672,393.7556830005633
openmarcie_bicycle,cpu,finetune_encoders,openmarcie_bicycle__only_thermal__gemma3_1b,gemma3_1b,only_thermal,72672,290688,3200064,81,28600,44072,0.23506099933001678,2.5426719994646962,2.5426719994646962,1001324896,2005527680,98788072000,1001252224,393.0131209999672,393.84686299854366
openmarcie_bicycle,cpu,no_alignment,openmarcie_bicycle__only_thermal__gemma3_1b,gemma3_1b,only_thermal,72672,290688,3200064,81,28600,44072,0.23742099983792286,2.5457620022570016,2.5457620022570016,1001324896,2005527680,98788072000,1001252224,393.0131209999672,393.85357399987697
openmarcie_bicycle,cpu,no_usage,openmarcie_bicycle__only_thermal__gemma3_1b,gemma3_1b,only_thermal,72672,290688,3200064,81,28600,44072,0.23476100068364758,2.5462530002477113,2.5462530002477113,1001324896,2005527680,98788072000,1001252224,393.0131209999672,393.8599630000681
openmarcie_bicycle,cpu,tcn,openmarcie_bicycle__only_thermal__gemma3_1b,gemma3_1b,only_thermal,34648,138592,2149184,15804,34648,0,0.3567910007404862,15.017221003153757,15.017221003153757,1001286872,2005375584,132731011392,1001252224,406.60709900112124,407.3003110006539
openmarcie_bicycle,cpu,ts_transformer,openmarcie_bicycle__only_thermal__gemma3_1b,gemma3_1b,only_thermal,47512,190048,3197760,15804,47512,0,0.3942020011891145,15.054652001571888,15.054652001571888,1001299736,2005427040,132732059968,1001252224,406.60709900112124,407.3267810017569
openmarcie_bicycle,cpu,patchtst,openmarcie_bicycle__only_thermal__gemma3_1b,gemma3_1b,only_thermal,43640,174560,47183936,15804,43640,0,0.7397619992843829,15.40066200127469,15.40066200127469,1001295864,2005411552,97420385344,1001252224,396.52369399846066,397.49461699830135
openmarcie_printer,cpu,distrixsense,openmarcie_printer__all__gemma3_1b,gemma3_1b,all,1379624,5518496,97098432,1634,48184,1331440,0.9661829990363913,3.7080540001024724,32.77755899762704,1002631848,2010755488,356354099392,1001252224,480.0654089995078,487.1463050003513
openmarcie_printer,cpu,dense,openmarcie_printer__all__gemma3_1b,gemma3_1b,all,1294960,5179840,207336128,82156,28728,1266232,2.2347279991663527,11.600330000107968,97.37738099413768,1002547184,2010416832,1039742808256,1001252224,737.9774809996889,745.9180299993022
openmarcie_printer,cpu,dense_tokens,openmarcie_printer__all__gemma3_1b,gemma3_1b,all,1340104,5360416,96787136,20900,28728,1311376,0.7883229991421103,5.086514999163919,48.23631300004374,1002592328,2010597408,356353788096,1001252224,480.0654089995078,486.6439730012644
openmarcie_printer,cpu,raw,openmarcie_printer__all__gemma3_1b,gemma3_1b,all,1294960,5179840,207336128,965612,1294960,0,5.140257999300957,319.7315390006578,804.0370900000263,1002547184,2010416832,1039742808256,1001252224,737.9774809996889,745.3805669993017
openmarcie_printer,cpu,early_fusion,openmarcie_printer__all__gemma3_1b,gemma3_1b,all,901168,3604672,57498304,965612,901168,0,2.5987489989347523,317.1832899988102,801.4838509954708,1002153392,2008841664,183834171584,1001252224,421.11961000045994,424.5411719984986
openmarcie_printer,cpu,late_fusion,openmarcie_printer__all__gemma3_1b,gemma3_1b,all,1273756,5095024,80640768,1824,0,1273756,0.12956999853486195,2.7485809983576415,31.269673999692476,1001159708,2004866928,161048025344,999885952,420.0601470001857,424.3256720001227
openmarcie_printer,cpu,local_only,openmarcie_printer__all__gemma3_1b,gemma3_1b,all,1273756,5095024,80640768,988,0,1273756,0.1878709990705829,2.7488030000158354,30.864434995937835,1001159708,2004866928,161048025344,999885952,420.0601470001857,424.52400299953297
openmarcie_printer,cpu,bottleneck,openmarcie_printer__all__gemma3_1b,gemma3_1b,all,1300508,5202032,207647424,12996,31768,1268740,2.3114579998946283,5.909389999023965,42.47115100209841,1002552732,2010439024,1039743119552,1001252224,737.9774809996889,746.316119999392
openmarcie_printer,cpu,tokenlearner,openmarcie_printer__all__gemma3_1b,gemma3_1b,all,1320040,5280160,96475840,20900,28728,1291312,0.771672999690054,5.081793999522924,47.686726002749054,1002572264,2010517152,356353476800,1001252224,480.0654089995078,486.1827299973811
openmarcie_printer,cpu,posthoc_vq,openmarcie_printer__all__gemma3_1b,gemma3_1b,all,1567344,6269376,208581312,4028,48184,1519160,2.470229001119151,5.498242000334011,36.84467799896209,1002819568,2011506368,1039744053440,1001252224,737.9774809996889,748.7791500007006
openmarcie_printer,cpu,joint_vq,openmarcie_printer__all__gemma3_1b,gemma3_1b,all,1612488,6449952,97098432,1634,48184,1564304,0.9678039987193188,3.8421459990185918,34.12235399810451,1002864712,2011686944,356354099392,1001252224,480.0654089995078,488.3708889992704
openmarcie_printer,cpu,deepconvlstm,openmarcie_printer__all__gemma3_1b,gemma3_1b,all,1239428,4957712,78923008,965612,1239428,0,2.5728189993969863,317.15914999944187,801.4569600020033,1002491652,2010194704,183855596288,1001252224,421.11961000045994,424.45433200191474
openmarcie_printer,cpu,unrestricted_bank,openmarcie_printer__all__gemma3_1b,gemma3_1b,all,1740776,6963104,102701760,1634,48184,1692592,0.9295439995185006,3.7375069983081426,33.31640099350333,1002993000,2012200096,356359702720,1001252224,480.0654089995078,486.9651030003297
openmarcie_printer,cpu,separate_banks,openmarcie_printer__all__gemma3_1b,gemma3_1b,all,1379624,5518496,97098432,1634,48184,1331440,0.9963230004359502,3.7381850011424627,32.79064999697292,1002631848,2010755488,356354099392,1001252224,480.0654089995078,487.0600039994315
openmarcie_printer,cpu,fixed_resampling,openmarcie_printer__all__gemma3_1b,gemma3_1b,all,1379624,5518496,46995648,1634,48184,1331440,0.9713840008771513,3.572855000615143,31.351314000862462,1002631848,2010755488,356303996608,1001252224,480.0654089995078,485.37798800134624
openmarcie_printer,cpu,finetune_encoders,openmarcie_printer__all__gemma3_1b,gemma3_1b,all,1379624,5518496,97098432,1634,48184,1331440,0.9581529993738513,3.6971140012010233,32.769667006509536,1002631848,2010755488,356354099392,1001252224,480.0654089995078,487.08502399858844
openmarcie_printer,cpu,no_alignment,openmarcie_printer__all__gemma3_1b,gemma3_1b,all,1379624,5518496,97098432,1634,48184,1331440,0.9783339992281981,3.7375259958334732,32.85819899429478,1002631848,2010755488,356354099392,1001252224,480.0654089995078,487.19808499845385
openmarcie_printer,cpu,no_usage,openmarcie_printer__all__gemma3_1b,gemma3_1b,all,1379624,5518496,97098432,1634,48184,1331440,0.9565029995428631,3.7294840017548063,32.789906001203036,1002631848,2010755488,356354099392,1001252224,480.0654089995078,487.0645639985014
openmarcie_printer,cpu,tcn,openmarcie_printer__all__gemma3_1b,gemma3_1b,all,886480,3545920,56312256,965612,886480,0,2.498559000741807,317.0802500025628,801.3768100010631,1002138704,2008782912,183832985536,1001252224,421.11961000045994,424.407381000492
openmarcie_printer,cpu,ts_transformer,openmarcie_printer__all__gemma3_1b,gemma3_1b,all,899344,3597376,57360832,965612,899344,0,2.4853790000634035,317.0686299999387,801.3635419958583,1002151568,2008834368,183834034112,1001252224,421.11961000045994,424.42418099926726
openmarcie_printer,cpu,patchtst,openmarcie_printer__all__gemma3_1b,gemma3_1b,all,815280,3261120,992372416,965612,815280,0,6.91562499923748,321.50287599864794,805.7981080002784,1002067504,2008498112,149221692096,1001252224,454.8999899998307,462.50347699970007
openmarcie_printer,cpu,distrixsense,openmarcie_printer__only_audio__gemma3_1b,gemma3_1b,only_audio,740836,2963344,46156160,164,29688,711148,0.34659099947020877,2.894763000162225,5.413433999518212,1001993060,2008200336,112953992064,1001252224,412.7263000009407,414.52331600157777
openmarcie_printer,cpu,dense,openmarcie_printer__only_audio__gemma3_1b,gemma3_1b,only_audio,731924,2927696,49404288,8648,27640,704284,0.297831000352744,6.062541999521945,11.794272998221894,1001984148,2008164688,181070140288,1001252224,420.29508799896576,421.7324129967892
openmarcie_printer,cpu,dense_tokens,openmarcie_printer__only_audio__gemma3_1b,gemma3_1b,only_audio,736676,2946704,46123392,2200,27640,709036,0.24670000129844993,3.5794109990046126,6.786111998726264,1001988900,2008183696,112953959296,1001252224,412.7263000009407,414.01236500132654
openmarcie_printer,cpu,raw,openmarcie_printer__only_audio__gemma3_1b,gemma3_1b,only_audio,731924,2927696,49404288,780968,731924,0,0.8371229996555485,315.3011529993263,629.7178630010219,1001984148,2008164688,181070140288,1001252224,420.29508799896576,421.6383319999295
openmarcie_printer,cpu,early_fusion,openmarcie_printer__only_audio__gemma3_1b,gemma3_1b,only_audio,594164,2376656,38121856,780968,594164,0,0.7647019992873538,315.2336219972666,629.6546919965092,1001846388,2007613648,135595731840,1001252224,412.74717999840504,414.0191349979432
openmarcie_printer,cpu,late_fusion,openmarcie_printer__only_audio__gemma3_1b,gemma3_1b,only_audio,705076,2820304,44935936,192,0,705076,0.02905000110331457,2.4059909997642506,4.762232000876241,1000591028,2002592208,112909124864,999885952,412.7263000009407,413.56768300101976
openmarcie_printer,cpu,local_only,openmarcie_printer__only_audio__gemma3_1b,gemma3_1b,only_audio,705076,2820304,44935936,104,0,705076,0.037200001315795816,2.3695510001448215,4.688173000008613,1000591028,2002592208,112909124864,999885952,412.7263000009407,413.5731630012742
openmarcie_printer,cpu,bottleneck,openmarcie_printer__only_audio__gemma3_1b,gemma3_1b,only_audio,732508,2930032,49437056,1368,27960,704548,0.28364100035105366,3.1350819993085928,5.956112998812436,1001984732,2008167024,181070173056,1001252224,420.29508799896576,421.6588719991705
openmarcie_printer,cpu,tokenlearner,openmarcie_printer__only_audio__gemma3_1b,gemma3_1b,only_audio,734564,2938256,46090624,2200,27640,706924,0.23523100026068278,3.4359530018217628,6.6209640008216954,1001986788,2008175248,112953926528,1001252224,412.7263000009407,413.999803000479
openmarcie_printer,cpu,posthoc_vq,openmarcie_printer__only_audio__gemma3_1b,gemma3_1b,only_audio,738068,2952272,49535360,392,29688,708380,0.31765099993208423,2.8563019994064933,5.369982998285699,1001990292,2008189264,181070271360,1001252224,420.29508799896576,421.94656399806263
openmarcie_printer,cpu,joint_vq,openmarcie_printer__only_audio__gemma3_1b,gemma3_1b,only_audio,742820,2971280,46156160,164,29688,713132,0.2771809995465446,2.7617730014154453,5.224484001399297,1001995044,2008208272,112953992064,1001252224,412.7263000009407,414.2809160020988
openmarcie_printer,cpu,deepconvlstm,openmarcie_printer__only_audio__gemma3_1b,gemma3_1b,only_audio,730792,2923168,46573568,780968,730792,0,0.6719029988744296,315.1367529971493,629.5552629979991,1001983016,2008160160,135604183552,1001252224,412.74717999840504,413.84892399946693
openmarcie_printer,cpu,unrestricted_bank,openmarcie_printer__only_audio__gemma3_1b,gemma3_1b,only_audio,742948,2971792,46188928,164,29688,713260,0.24956100060080644,2.6545720032428157,5.041264005438471,1001995172,2008208784,112954024832,1001252224,412.7263000009407,414.1026450015488
openmarcie_printer,cpu,separate_banks,openmarcie_printer__only_audio__gemma3_1b,gemma3_1b,only_audio,740836,2963344,46156160,164,29688,711148,0.29247099882923067,2.7033219997375504,5.088403001235029,1001993060,2008200336,112953992064,1001252224,412.7263000009407,414.18692500155885
openmarcie_printer,cpu,fixed_resampling,openmarcie_printer__only_audio__gemma3_1b,gemma3_1b,only_audio,740836,2963344,12141696,164,29688,711148,0.31419100014318246,2.63197200032128,4.9320129989320876,1001993060,2008200336,112919977600,1001252224,412.7263000009407,413.9606440003263
openmarcie_printer,cpu,finetune_encoders,openmarcie_printer__only_audio__gemma3_1b,gemma3_1b,only_audio,740836,2963344,46156160,164,29688,711148,0.2765809986158274,2.6813019997772294,5.064432997340383,1001993060,2008200336,112953992064,1001252224,412.7263000009407,414.1028150006605
openmarcie_printer,cpu,no_alignment,openmarcie_printer__only_audio__gemma3_1b,gemma3_1b,only_audio,740836,2963344,46156160,164,29688,711148,0.28226100039319135,2.6972319995676166,5.085322999246465,1001993060,2008200336,112953992064,1001252224,412.7263000009407,414.13088500121376
openmarcie_printer,cpu,no_usage,openmarcie_printer__only_audio__gemma3_1b,gemma3_1b,only_audio,740836,2963344,46156160,164,29688,711148,0.27727099950425327,2.6945920020208227,5.083763003011164,1001993060,2008200336,112953992064,1001252224,412.7263000009407,414.11798499939323
openmarcie_printer,cpu,tcn,openmarcie_printer__only_audio__gemma3_1b,gemma3_1b,only_audio,580020,2320080,36935808,780968,580020,0,0.6540620015584864,315.1178820007216,629.5360720013175,1001832244,2007557072,135594545792,1001252224,412.74717999840504,413.80923399810854
openmarcie_printer,cpu,ts_transformer,openmarcie_printer__only_audio__gemma3_1b,gemma3_1b,only_audio,592884,2371536,37984384,780968,592884,0,0.6677319997834275,315.13262200127326,629.550112000177,1001845108,2007608528,135595594368,1001252224,412.74717999840504,413.85721400001785
openmarcie_printer,cpu,patchtst,openmarcie_printer__only_audio__gemma3_1b,gemma3_1b,only_audio,560180,2240720,404298112,780968,560180,0,2.415359000224271,316.8811889990492,631.2996689993067,1001812404,2007477712,100595597696,1001252224,414.28169600112597,417.1786470033112
openmarcie_printer,cpu,distrixsense,openmarcie_printer__only_barometer__gemma3_1b,gemma3_1b,only_barometer,35502,142008,837312,81,28600,6902,0.24773099903541151,2.5621720024281647,2.5621720024281647,1001287726,2005379000,98785709248,1001252224,393.0131209999672,393.96338400183595
openmarcie_printer,cpu,dense,openmarcie_printer__only_barometer__gemma3_1b,gemma3_1b,only_barometer,31046,124184,2215616,4324,27576,3470,0.27932100056204945,5.950043000079622,5.950043000079622,1001283270,2005361176,132731077824,1001252224,406.60709900112124,407.5408320004499
openmarcie_printer,cpu,dense_tokens,openmarcie_printer__only_barometer__gemma3_1b,gemma3_1b,only_barometer,33422,133688,820928,1100,27576,5846,0.2826910003932426,3.4193720002757617,3.4193720002757617,1001285646,2005370680,98785692864,1001252224,393.0131209999672,393.96817500164616
openmarcie_printer,cpu,raw,openmarcie_printer__only_barometer__gemma3_1b,gemma3_1b,only_barometer,31046,124184,2215616,404,31046,0,0.4356520003057085,2.7820819992932257,2.7820819992932257,1001283270,2005361176,132731077824,1001252224,406.60709900112124,407.3722020002606
openmarcie_printer,cpu,early_fusion,openmarcie_printer__only_barometer__gemma3_1b,gemma3_1b,only_barometer,27718,110872,2004672,404,27718,0,0.4238319997966755,2.7623819984448374,2.7623819984448374,1001279942,2005347864,132730866880,1001252224,406.60709900112124,407.36518199992133
openmarcie_printer,cpu,late_fusion,openmarcie_printer__only_barometer__gemma3_1b,gemma3_1b,only_barometer,3866,15464,218496,96,0,3866,0.02319000122952275,2.2769400007429765,2.2769400007429765,999889818,1999787368,110042475392,999885952,400.3555569997843,400.7619580006576
openmarcie_printer,cpu,local_only,openmarcie_printer__only_barometer__gemma3_1b,gemma3_1b,only_barometer,3866,15464,218496,52,0,3866,0.027809999664896168,2.253610998438927,2.253610998438927,999889818,1999787368,110042475392,999885952,400.3555569997843,400.7691190017795
openmarcie_printer,cpu,bottleneck,openmarcie_printer__only_barometer__gemma3_1b,gemma3_1b,only_barometer,31338,125352,2232000,684,27736,3602,0.22873099987918977,2.9630619994996117,2.9630619994996117,1001283562,2005362344,132731094208,1001252224,406.60709900112124,407.40233100041223
openmarcie_printer,cpu,tokenlearner,openmarcie_printer__only_barometer__gemma3_1b,gemma3_1b,only_barometer,32366,129464,804544,1100,27576,4790,0.2018310005951207,3.282581999878748,3.282581999878748,1001284590,2005366456,98785676480,1001252224,393.0131209999672,393.7825339980918
openmarcie_printer,cpu,posthoc_vq,openmarcie_printer__only_barometer__gemma3_1b,gemma3_1b,only_barometer,33094,132376,2281152,192,28600,4494,0.3023610006493982,2.754972001256095,2.754972001256095,1001285318,2005369368,132731143360,1001252224,406.60709900112124,407.6545530006115
openmarcie_printer,cpu,joint_vq,openmarcie_printer__only_barometer__gemma3_1b,gemma3_1b,only_barometer,35470,141880,837312,81,28600,6870,0.29190100030973554,2.6881730000531068,2.6881730000531068,1001287694,2005378872,98785709248,1001252224,393.0131209999672,393.96973400107527
openmarcie_printer,cpu,deepconvlstm,openmarcie_printer__only_barometer__gemma3_1b,gemma3_1b,only_barometer,33114,132456,2053504,404,33114,0,0.40983200051414315,2.7479920005582272,2.7479920005582272,1001285338,2005369448,132730915712,1001252224,406.60709900112124,407.3533920018235
openmarcie_printer,cpu,unrestricted_bank,openmarcie_printer__only_barometer__gemma3_1b,gemma3_1b,only_barometer,35502,142008,837312,81,28600,6902,0.21200100127316546,2.508852002421813,2.508852002421813,1001287726,2005379000,98785709248,1001252224,393.0131209999672,393.8232529999368
openmarcie_printer,cpu,separate_banks,openmarcie_printer__only_barometer__gemma3_1b,gemma3_1b,only_barometer,35502,142008,837312,81,28600,6902,0.2676410003914498,2.577892998517095,2.577892998517095,1001287726,2005379000,98785709248,1001252224,393.0131209999672,393.92964400030905
openmarcie_printer,cpu,fixed_resampling,openmarcie_printer__only_barometer__gemma3_1b,gemma3_1b,only_barometer,35502,142008,836672,81,28600,6902,0.26415100001031533,2.5142210006669163,2.5142210006669163,1001287726,2005379000,98785708608,1001252224,393.0131209999672,393.7971840005048
openmarcie_printer,cpu,finetune_encoders,openmarcie_printer__only_barometer__gemma3_1b,gemma3_1b,only_barometer,35502,142008,837312,81,28600,6902,0.26057099967147224,2.5755020024297526,2.5755020024297526,1001287726,2005379000,98785709248,1001252224,393.0131209999672,393.8738229990122
openmarcie_printer,cpu,no_alignment,openmarcie_printer__only_barometer__gemma3_1b,gemma3_1b,only_barometer,35502,142008,837312,81,28600,6902,0.24232999930973165,2.5622099992978153,2.5622099992978153,1001287726,2005379000,98785709248,1001252224,393.0131209999672,393.8454939998337
openmarcie_printer,cpu,no_usage,openmarcie_printer__only_barometer__gemma3_1b,gemma3_1b,only_barometer,35502,142008,837312,81,28600,6902,0.23580999913974665,2.527440999103314,2.527440999103314,1001287726,2005379000,98785709248,1001252224,393.0131209999672,393.8857939974696
openmarcie_printer,cpu,tcn,openmarcie_printer__only_barometer__gemma3_1b,gemma3_1b,only_barometer,13606,54424,818624,404,13606,0,0.3669809993880335,2.7053110003627836,2.7053110003627836,1001265830,2005291416,132729680832,1001252224,406.60709900112124,407.31502100243233
openmarcie_printer,cpu,ts_transformer,openmarcie_printer__only_barometer__gemma3_1b,gemma3_1b,only_barometer,26470,105880,1867200,404,26470,0,0.41742200119188055,2.7555619996284832,2.7555619996284832,1001278694,2005342872,132730729408,1001252224,406.60709900112124,407.36481200110575
openmarcie_printer,cpu,patchtst,openmarcie_printer__only_barometer__gemma3_1b,gemma3_1b,only_barometer,26630,106520,727232,404,26630,0,0.4469619998417329,2.785411999547435,2.785411999547435,1001278854,2005343512,97373928640,1001252224,396.52369399846066,397.2199969975918
openmarcie_printer,cpu,distrixsense,openmarcie_printer__only_depth__gemma3_1b,gemma3_1b,only_depth,161384,645536,10716544,504,34040,127344,0.4359220001788344,2.7899429996419234,14.25612699825368,1001413608,2005882528,169623400320,1001252224,424.71074300010514,427.3226019995491
openmarcie_printer,cpu,dense,openmarcie_printer__only_depth__gemma3_1b,gemma3_1b,only_depth,134648,538592,26359168,25944,27896,106752,0.5317619998095324,6.208732000554609,34.34214499805279,1001386872,2005775584,376676777856,1001252224,485.6521479996445,488.2172459983849
openmarcie_printer,cpu,dense_tokens,openmarcie_printer__only_depth__gemma3_1b,gemma3_1b,only_depth,148904,595616,10618240,6600,27896,121008,0.3738809991773451,3.521472999632242,19.03527699866507,1001401128,2005832608,169623302016,1001252224,424.71074300010514,427.0518719986285
openmarcie_printer,cpu,raw,openmarcie_printer__only_depth__gemma3_1b,gemma3_1b,only_depth,134648,538592,26359168,38376,134648,0,1.4376449998962926,8.600684998378926,44.23080599675579,1001386872,2005775584,376676777856,1001252224,485.6521479996445,487.90774599910947
openmarcie_printer,cpu,early_fusion,openmarcie_printer__only_depth__gemma3_1b,gemma3_1b,only_depth,66904,267616,4443520,38376,66904,0,0.9766639996087179,8.139763999275816,43.769723998900574,1001319128,2005504608,146885564288,1001252224,422.27480500150705,423.7749399999302
openmarcie_printer,cpu,late_fusion,openmarcie_printer__only_depth__gemma3_1b,gemma3_1b,only_depth,109128,436512,6763008,576,0,109128,0.050689999625319615,2.4056910011178814,13.942066001064795,999995080,2000208416,124167199744,999885952,424.61148199981835,426.31869899923913
openmarcie_printer,cpu,local_only,openmarcie_printer__only_depth__gemma3_1b,gemma3_1b,only_depth,109128,436512,6763008,312,0,109128,0.07183000161603559,2.3571400008836294,13.523582001293915,999995080,2000208416,124167199744,999885952,424.61148199981835,426.2028979992465
openmarcie_printer,cpu,bottleneck,openmarcie_printer__only_depth__gemma3_1b,gemma3_1b,only_depth,136400,545600,26457472,4104,28856,107544,0.5846519998158328,3.3555020002231934,16.989885005046894,1001388624,2005782592,376676876160,1001252224,485.6521479996445,488.22530700090283
openmarcie_printer,cpu,tokenlearner,openmarcie_printer__only_depth__gemma3_1b,gemma3_1b,only_depth,142568,570272,10519936,6600,27896,114672,0.36196099972585216,3.512352001048275,19.004015000945657,1001394792,2005807264,169623203712,1001252224,424.71074300010514,426.98641199967824
openmarcie_printer,cpu,posthoc_vq,openmarcie_printer__only_depth__gemma3_1b,gemma3_1b,only_depth,177656,710624,26752384,1224,34040,143616,0.7117619989003288,3.2191129987086633,15.470017998477722,1001429880,2005947616,376677171072,1001252224,485.6521479996445,489.2981110024266
openmarcie_printer,cpu,joint_vq,openmarcie_printer__only_depth__gemma3_1b,gemma3_1b,only_depth,191912,767648,10716544,504,34040,157872,0.5850019988429267,3.039742999079451,15.01068900291219,1001444136,2006004640,169623400320,1001252224,424.71074300010514,427.7170240002306
openmarcie_printer,cpu,deepconvlstm,openmarcie_printer__only_depth__gemma3_1b,gemma3_1b,only_depth,120716,482864,7611136,38376,120716,0,0.8633030010969378,8.025802999833319,43.65599299793523,1001372940,2005719856,146888731904,1001252224,422.27480500150705,423.5729200008791
openmarcie_printer,cpu,unrestricted_bank,openmarcie_printer__only_depth__gemma3_1b,gemma3_1b,only_depth,193064,772256,11208064,504,34040,159024,0.40934199932962656,2.755222999383975,14.214734999433208,1001445288,2006009248,169623891840,1001252224,424.71074300010514,427.22054200203274
openmarcie_printer,cpu,separate_banks,openmarcie_printer__only_depth__gemma3_1b,gemma3_1b,only_depth,161384,645536,10716544,504,34040,127344,0.4707019998022588,2.8200119986091043,14.26949599920707,1001413608,2005882528,169623400320,1001252224,424.71074300010514,427.2978239987424
openmarcie_printer,cpu,fixed_resampling,openmarcie_printer__only_depth__gemma3_1b,gemma3_1b,only_depth,161384,645536,9069952,504,34040,127344,0.4366310004115803,2.717701002382953,13.811301998094937,1001413608,2005882528,169621753728,1001252224,424.71074300010514,426.7889409984491
openmarcie_printer,cpu,finetune_encoders,openmarcie_printer__only_depth__gemma3_1b,gemma3_1b,only_depth,161384,645536,10716544,504,34040,127344,0.43915199967159424,2.7943429985848955,14.268847003796768,1001413608,2005882528,169623400320,1001252224,424.71074300010514,427.362192000146
openmarcie_printer,cpu,no_alignment,openmarcie_printer__only_depth__gemma3_1b,gemma3_1b,only_depth,161384,645536,10716544,504,34040,127344,0.43252099931123666,2.780042000211822,14.236826001825907,1001413608,2005882528,169623400320,1001252224,424.71074300010514,427.3232619998453
openmarcie_printer,cpu,no_usage,openmarcie_printer__only_depth__gemma3_1b,gemma3_1b,only_depth,161384,645536,10716544,504,34040,127344,0.4343109994806582,2.8114819987772965,14.30631600090354,1001413608,2005882528,169623400320,1001252224,424.71074300010514,427.32118200001423
openmarcie_printer,cpu,tcn,openmarcie_printer__only_depth__gemma3_1b,gemma3_1b,only_depth,52632,210528,3257472,38376,52632,0,0.9064930000022287,8.094392999333865,43.728893001878006,1001304856,2005447520,146884378240,1001252224,422.27480500150705,423.68063000139955
openmarcie_printer,cpu,ts_transformer,openmarcie_printer__only_depth__gemma3_1b,gemma3_1b,only_depth,65496,261984,4306048,38376,65496,0,1.0092939992318861,8.171354999427637,43.80082499604889,1001317720,2005498976,146885426816,1001252224,422.27480500150705,423.64276999978756
openmarcie_printer,cpu,patchtst,openmarcie_printer__only_depth__gemma3_1b,gemma3_1b,only_depth,53272,213088,139966848,38376,53272,0,1.7024259996105684,8.864566000335104,44.49397699621606,1001305496,2005450080,111612178816,1001252224,400.62420799949905,402.7012549977371
openmarcie_printer,cpu,distrixsense,openmarcie_printer__only_imu__gemma3_1b,gemma3_1b,only_imu,50224,200896,2083456,164,29688,20536,0.35507200118445326,2.665113001361629,4.9560130015999775,1001302448,2005437888,112909919360,1001252224,412.7263000009407,414.0371240009699
openmarcie_printer,cpu,dense,openmarcie_printer__only_imu__gemma3_1b,gemma3_1b,only_imu,41312,165248,5331584,8648,27640,13672,0.2699010001379065,5.902440998720285,11.51991199977554,1001293536,2005402240,181026067584,1001252224,420.29508799896576,421.44240199741034
openmarcie_printer,cpu,dense_tokens,openmarcie_printer__only_imu__gemma3_1b,gemma3_1b,only_imu,46064,184256,2050688,2200,27640,18424,0.23094100106391124,3.3787530010112095,6.4679840015649095,1001298288,2005421248,112909886592,1001252224,412.7263000009407,413.7889740013634
openmarcie_printer,cpu,raw,openmarcie_printer__only_imu__gemma3_1b,gemma3_1b,only_imu,41312,165248,5331584,30888,41312,0,0.6443020010920009,15.023422002786933,29.389472001730674,1001293536,2005402240,181026067584,1001252224,420.29508799896576,421.3657809996221
openmarcie_printer,cpu,early_fusion,openmarcie_printer__only_imu__gemma3_1b,gemma3_1b,only_imu,30016,120064,2142848,30888,30016,0,0.5614509991573868,14.940901000090921,29.307071001403592,1001282240,2005357056,135559752832,1001252224,412.74717999840504,413.66605299845105
openmarcie_printer,cpu,late_fusion,openmarcie_printer__only_imu__gemma3_1b,gemma3_1b,only_imu,14464,57856,863232,192,0,14464,0.028599999495781958,2.2941699995182687,4.54101000025766,999900416,1999829760,112865052160,999885952,412.7263000009407,413.35995300141803
openmarcie_printer,cpu,local_only,openmarcie_printer__only_imu__gemma3_1b,gemma3_1b,only_imu,14464,57856,863232,104,0,14464,0.03637999907368794,2.2700399997733998,4.486440999730769,999900416,1999829760,112865052160,999885952,412.7263000009407,413.36614199826727
openmarcie_printer,cpu,bottleneck,openmarcie_printer__only_imu__gemma3_1b,gemma3_1b,only_imu,41896,167584,5364352,1368,27960,13936,0.28194100013934076,3.0333110010097037,5.761320999719878,1001294120,2005404576,181026100352,1001252224,420.29508799896576,421.45067299861694
openmarcie_printer,cpu,tokenlearner,openmarcie_printer__only_imu__gemma3_1b,gemma3_1b,only_imu,43952,175808,2017920,2200,27640,16312,0.3442409997660434,3.4517619987990473,6.545341999289812,1001296176,2005412800,112909853824,1001252224,412.7263000009407,413.83053400204517
openmarcie_printer,cpu,posthoc_vq,openmarcie_printer__only_imu__gemma3_1b,gemma3_1b,only_imu,47456,189824,5462656,392,29688,17768,0.3125809998891782,2.7523019987595734,5.17347299826229,1001299680,2005426816,181026198656,1001252224,420.29508799896576,421.71918299754907
openmarcie_printer,cpu,joint_vq,openmarcie_printer__only_imu__gemma3_1b,gemma3_1b,only_imu,52208,208832,2083456,164,29688,22520,0.27824099925055634,2.6688220007909926,5.030813000001409,1001304432,2005445824,112909919360,1001252224,412.7263000009407,414.1216340012761
openmarcie_printer,cpu,deepconvlstm,openmarcie_printer__only_imu__gemma3_1b,gemma3_1b,only_imu,40180,160720,2500864,30888,40180,0,0.44520199844555464,14.824391998490714,29.19041199866121,1001292404,2005397712,135560110848,1001252224,412.74717999840504,413.55170299902966
openmarcie_printer,cpu,unrestricted_bank,openmarcie_printer__only_imu__gemma3_1b,gemma3_1b,only_imu,52336,209344,2116224,164,29688,22648,0.24525099979655351,2.554001998154586,4.84108299921737,1001304560,2005446336,112909952128,1001252224,412.7263000009407,413.89341300055094
openmarcie_printer,cpu,separate_banks,openmarcie_printer__only_imu__gemma3_1b,gemma3_1b,only_imu,50224,200896,2083456,164,29688,20536,0.2902409996750066,2.598192002855381,4.884463004298787,1001302448,2005437888,112909919360,1001252224,412.7263000009407,413.9431149997108
openmarcie_printer,cpu,fixed_resampling,openmarcie_printer__only_imu__gemma3_1b,gemma3_1b,only_imu,50224,200896,2024576,164,29688,20536,0.2775310003926279,2.5224220010696676,4.7443730006018185,1001302448,2005437888,112909860480,1001252224,412.7263000009407,413.7501230015914
openmarcie_printer,cpu,finetune_encoders,openmarcie_printer__only_imu__gemma3_1b,gemma3_1b,only_imu,50224,200896,2083456,164,29688,20536,0.2854210015357239,2.5948220012051983,4.883193002268136,1001302448,2005437888,112909919360,1001252224,412.7263000009407,413.9073639998969
openmarcie_printer,cpu,no_alignment,openmarcie_printer__only_imu__gemma3_1b,gemma3_1b,only_imu,50224,200896,2083456,164,29688,20536,0.2988010000990471,2.6164519989234627,4.907702998633077,1001302448,2005437888,112909919360,1001252224,412.7263000009407,413.90984500139893
openmarcie_printer,cpu,no_usage,openmarcie_printer__only_imu__gemma3_1b,gemma3_1b,only_imu,50224,200896,2083456,164,29688,20536,0.32722099967941176,2.667151999352523,4.989261999679194,1001302448,2005437888,112909919360,1001252224,412.7263000009407,414.04974500073877
openmarcie_printer,cpu,tcn,openmarcie_printer__only_imu__gemma3_1b,gemma3_1b,only_imu,15872,63488,956800,30888,15872,0,0.518851999004255,14.902511999980593,29.272562000278477,1001268096,2005300480,135558566784,1001252224,412.74717999840504,413.6642829998891
openmarcie_printer,cpu,ts_transformer,openmarcie_printer__only_imu__gemma3_1b,gemma3_1b,only_imu,28736,114944,2005376,30888,28736,0,0.5926419999013888,14.976061997958855,29.345841998383612,1001280960,2005351936,135559615360,1001252224,412.74717999840504,413.60474199973396
openmarcie_printer,cpu,patchtst,openmarcie_printer__only_imu__gemma3_1b,gemma3_1b,only_imu,27648,110592,14472832,30888,27648,0,0.6798119993618457,15.05937200004158,29.425852000804362,1001279872,2005347584,100205772416,1001252224,414.28169600112597,415.2565600015805
openmarcie_printer,cpu,distrixsense,openmarcie_printer__only_magnetometer__gemma3_1b,gemma3_1b,only_magnetometer,36194,144776,881088,81,28600,7594,0.23784000040905084,2.5504410014326684,2.5504410014326684,1001288418,2005381768,98785753024,1001252224,393.0131209999672,393.8386729987542
openmarcie_printer,cpu,dense,openmarcie_printer__only_magnetometer__gemma3_1b,gemma3_1b,only_magnetometer,31738,126952,2259392,4324,27576,4162,0.2294509995408589,5.849042000004137,5.849042000004137,1001283962,2005363944,132731121600,1001252224,406.60709900112124,407.3825020022923
openmarcie_printer,cpu,dense_tokens,openmarcie_printer__only_magnetometer__gemma3_1b,gemma3_1b,only_magnetometer,34114,136456,864704,1100,27576,6538,0.2043109998339787,3.29324199992232,3.29324199992232,1001286338,2005373448,98785736640,1001252224,393.0131209999672,393.7670929990418
openmarcie_printer,cpu,raw,openmarcie_printer__only_magnetometer__gemma3_1b,gemma3_1b,only_magnetometer,31738,126952,2259392,884,31738,0,0.4370220012788195,3.1592620022958613,3.1592620022958613,1001283962,2005363944,132731121600,1001252224,406.60709900112124,407.3690719997103
openmarcie_printer,cpu,early_fusion,openmarcie_printer__only_magnetometer__gemma3_1b,gemma3_1b,only_magnetometer,27898,111592,2015680,884,27898,0,0.4347020003478974,3.157331999969017,3.157331999969017,1001280122,2005348584,132730877888,1001252224,406.60709900112124,407.36530200229026
openmarcie_printer,cpu,late_fusion,openmarcie_printer__only_magnetometer__gemma3_1b,gemma3_1b,only_magnetometer,4558,18232,262272,96,0,4558,0.022950000129640102,2.273130001926981,2.273130001926981,999890510,1999790136,110042519168,999885952,400.3555569997843,400.7527289995778
openmarcie_printer,cpu,local_only,openmarcie_printer__only_magnetometer__gemma3_1b,gemma3_1b,only_magnetometer,4558,18232,262272,52,0,4558,0.027489999411045574,2.2443809987339423,2.2443809987339423,999890510,1999790136,110042519168,999885952,400.3555569997843,400.7652190011868
openmarcie_printer,cpu,bottleneck,openmarcie_printer__only_magnetometer__gemma3_1b,gemma3_1b,only_magnetometer,32030,128120,2275776,684,27736,4294,0.22589000036532525,2.9522610023114133,2.9522610023114133,1001284254,2005365112,132731137984,1001252224,406.60709900112124,407.41816200170433
openmarcie_printer,cpu,tokenlearner,openmarcie_printer__only_magnetometer__gemma3_1b,gemma3_1b,only_magnetometer,33058,132232,848320,1100,27576,5482,0.20139000116614625,3.285661001423141,3.285661001423141,1001285282,2005369224,98785720256,1001252224,393.0131209999672,393.7552539991884
openmarcie_printer,cpu,posthoc_vq,openmarcie_printer__only_magnetometer__gemma3_1b,gemma3_1b,only_magnetometer,33786,135144,2324928,192,28600,5186,0.2516610002203379,2.6715920026421314,2.6715920026421314,1001286010,2005372136,132731187136,1001252224,406.60709900112124,407.5443820020155
openmarcie_printer,cpu,joint_vq,openmarcie_printer__only_magnetometer__gemma3_1b,gemma3_1b,only_magnetometer,36162,144648,881088,81,28600,7562,0.24052099979599006,2.6101529993246775,2.6101529993246775,1001288386,2005381640,98785753024,1001252224,393.0131209999672,393.9316850010073
openmarcie_printer,cpu,deepconvlstm,openmarcie_printer__only_magnetometer__gemma3_1b,gemma3_1b,only_magnetometer,33806,135224,2097280,884,33806,0,0.3284419999545207,3.050491998433415,3.050491998433415,1001286030,2005372216,132730959488,1001252224,406.60709900112124,407.2672510010307
openmarcie_printer,cpu,unrestricted_bank,openmarcie_printer__only_magnetometer__gemma3_1b,gemma3_1b,only_magnetometer,36194,144776,881088,81,28600,7594,0.2138109994120896,2.5060919988681096,2.5060919988681096,1001288418,2005381768,98785753024,1001252224,393.0131209999672,393.8162630001898
openmarcie_printer,cpu,separate_banks,openmarcie_printer__only_magnetometer__gemma3_1b,gemma3_1b,only_magnetometer,36194,144776,881088,81,28600,7594,0.24913100060075521,2.5444429984708083,2.5444429984708083,1001288418,2005381768,98785753024,1001252224,393.0131209999672,393.8393040007213
openmarcie_printer,cpu,fixed_resampling,openmarcie_printer__only_magnetometer__gemma3_1b,gemma3_1b,only_magnetometer,36194,144776,877632,81,28600,7594,0.23651099945709575,2.46586100095727,2.46586100095727,1001288418,2005381768,98785749568,1001252224,393.0131209999672,393.7502829994628
openmarcie_printer,cpu,finetune_encoders,openmarcie_printer__only_magnetometer__gemma3_1b,gemma3_1b,only_magnetometer,36194,144776,881088,81,28600,7594,0.24612100060039666,2.536062001155992,2.536062001155992,1001288418,2005381768,98785753024,1001252224,393.0131209999672,393.8506230024359
openmarcie_printer,cpu,no_alignment,openmarcie_printer__only_magnetometer__gemma3_1b,gemma3_1b,only_magnetometer,36194,144776,881088,81,28600,7594,0.24319099975400604,2.5461320010725874,2.5461320010725874,1001288418,2005381768,98785753024,1001252224,393.0131209999672,393.86524300061865
openmarcie_printer,cpu,no_usage,openmarcie_printer__only_magnetometer__gemma3_1b,gemma3_1b,only_magnetometer,36194,144776,881088,81,28600,7594,0.23748000057821628,2.5279210013030795,2.5279210013030795,1001288418,2005381768,98785753024,1001252224,393.0131209999672,393.84411399805686
openmarcie_printer,cpu,tcn,openmarcie_printer__only_magnetometer__gemma3_1b,gemma3_1b,only_magnetometer,13786,55144,829632,884,13786,0,0.35685100010596216,3.0792010008692046,3.0792010008692046,1001266010,2005292136,132729691840,1001252224,406.60709900112124,407.2693910002272
openmarcie_printer,cpu,ts_transformer,openmarcie_printer__only_magnetometer__gemma3_1b,gemma3_1b,only_magnetometer,26650,106600,1878208,884,26650,0,0.37686100040446036,3.0989309986718467,3.0989309986718467,1001278874,2005343592,132730740416,1001252224,406.60709900112124,407.30890200029535
openmarcie_printer,cpu,patchtst,openmarcie_printer__only_magnetometer__gemma3_1b,gemma3_1b,only_magnetometer,26682,106728,2170816,884,26682,0,0.4400609996082494,3.1626009992716604,3.1626009992716604,1001278906,2005343720,97375372224,1001252224,396.52369399846066,397.2209669973381
openmarcie_printer,cpu,distrixsense,openmarcie_printer__only_rgb__gemma3_1b,gemma3_1b,only_rgb,484712,1938848,31311232,504,34040,450672,0.44440199962991755,2.8229439985248495,14.390587999179193,1001736936,2007175840,169643995008,1001252224,424.71074300010514,427.4339229996258
openmarcie_printer,cpu,dense,openmarcie_printer__only_rgb__gemma3_1b,gemma3_1b,only_rgb,457976,1831904,46953856,25944,27896,430080,0.5278720000205794,6.218413000492309,34.399184998736416,1001710200,2007068896,376697372544,1001252224,485.6521479996445,488.2429579993186
openmarcie_printer,cpu,dense_tokens,openmarcie_printer__only_rgb__gemma3_1b,gemma3_1b,only_rgb,472232,1888928,31212928,6600,27896,444336,0.3562910005712183,3.508292000328656,19.069896999980557,1001724456,2007125920,169643896704,1001252224,424.71074300010514,427.06216200167546
openmarcie_printer,cpu,raw,openmarcie_printer__only_rgb__gemma3_1b,gemma3_1b,only_rgb,457976,1831904,46953856,113448,457976,0,1.5508750002481975,18.7282050009734,104.41717499784983,1001710200,2007068896,376697372544,1001252224,485.6521479996445,488.0722859998059
openmarcie_printer,cpu,early_fusion,openmarcie_printer__only_rgb__gemma3_1b,gemma3_1b,only_rgb,291928,1167712,18746752,113448,291928,0,1.1196840005140984,18.296725002021855,103.98063499965912,1001544152,2006404704,146899867520,1001252224,422.27480500150705,423.85735100106103
openmarcie_printer,cpu,late_fusion,openmarcie_printer__only_rgb__gemma3_1b,gemma3_1b,only_rgb,432456,1729824,27357696,576,0,432456,0.05818999852635898,2.543551000203658,13.979164002549787,1000318408,2001501728,124187794432,999885952,424.61148199981835,426.34842799998296
openmarcie_printer,cpu,local_only,openmarcie_printer__only_rgb__gemma3_1b,gemma3_1b,only_rgb,432456,1729824,27357696,312,0,432456,0.07844100036891177,2.4884829993129474,13.758685994257474,1000318408,2001501728,124187794432,999885952,424.61148199981835,426.4739379996172
openmarcie_printer,cpu,bottleneck,openmarcie_printer__only_rgb__gemma3_1b,gemma3_1b,only_rgb,459728,1838912,47052160,4104,28856,430872,0.6007419997331453,3.4442529979706045,17.308258000072023,1001711952,2007075904,376697470848,1001252224,485.6521479996445,488.6545989993465
openmarcie_printer,cpu,tokenlearner,openmarcie_printer__only_rgb__gemma3_1b,gemma3_1b,only_rgb,465896,1863584,31114624,6600,27896,438000,0.39586200000485405,3.617872998797684,19.220587000717643,1001718120,2007100576,169643798400,1001252224,424.71074300010514,427.22645200046827
openmarcie_printer,cpu,posthoc_vq,openmarcie_printer__only_rgb__gemma3_1b,gemma3_1b,only_rgb,500984,2003936,47347072,1224,34040,466944,0.6608420007978566,3.3999340004857395,15.638229003552858,1001753208,2007240928,376697765760,1001252224,485.6521479996445,489.39650199827156
openmarcie_printer,cpu,joint_vq,openmarcie_printer__only_rgb__gemma3_1b,gemma3_1b,only_rgb,515240,2060960,31311232,504,34040,481200,0.4561120003927499,3.0364240000731546,14.984679000582478,1001767464,2007297952,169643995008,1001252224,424.71074300010514,427.96850400009134
openmarcie_printer,cpu,deepconvlstm,openmarcie_printer__only_rgb__gemma3_1b,gemma3_1b,only_rgb,444044,1776176,28205824,113448,444044,0,1.0667229998944094,18.242432997742878,103.927682999399,1001696268,2007013168,146909326592,1001252224,422.27480500150705,423.8211800020508
openmarcie_printer,cpu,unrestricted_bank,openmarcie_printer__only_rgb__gemma3_1b,gemma3_1b,only_rgb,516392,2065568,31802752,504,34040,482352,0.5606519989669323,2.9928430003006246,14.630335999419263,1001768616,2007302560,169644486528,1001252224,424.71074300010514,427.45414300043194
openmarcie_printer,cpu,separate_banks,openmarcie_printer__only_rgb__gemma3_1b,gemma3_1b,only_rgb,484712,1938848,31311232,504,34040,450672,0.45444100032909773,2.839292000261182,14.433396999839974,1001736936,2007175840,169643995008,1001252224,424.71074300010514,427.5031140005012
openmarcie_printer,cpu,fixed_resampling,openmarcie_printer__only_rgb__gemma3_1b,gemma3_1b,only_rgb,484712,1938848,16934272,504,34040,450672,0.46268199912447017,2.7518129981568085,13.904286997450331,1001736936,2007175840,169629618048,1001252224,424.71074300010514,426.9706109989784
openmarcie_printer,cpu,finetune_encoders,openmarcie_printer__only_rgb__gemma3_1b,gemma3_1b,only_rgb,484712,1938848,31311232,504,34040,450672,0.4449719999684021,2.819953998312983,14.387918999665349,1001736936,2007175840,169643995008,1001252224,424.71074300010514,427.4528630012355
openmarcie_printer,cpu,no_alignment,openmarcie_printer__only_rgb__gemma3_1b,gemma3_1b,only_rgb,484712,1938848,31311232,504,34040,450672,0.44257199988351204,2.808333000701666,14.344707001902211,1001736936,2007175840,169643995008,1001252224,424.71074300010514,427.42412199913815
openmarcie_printer,cpu,no_usage,openmarcie_printer__only_rgb__gemma3_1b,gemma3_1b,only_rgb,484712,1938848,31311232,504,34040,450672,0.47640099910495337,2.894281999887014,14.494615999530001,1001736936,2007175840,169643995008,1001252224,424.71074300010514,427.5690829999803
openmarcie_printer,cpu,tcn,openmarcie_printer__only_rgb__gemma3_1b,gemma3_1b,only_rgb,277656,1110624,17560704,113448,277656,0,1.0567740009719273,18.233414000808704,103.9196949983828,1001529880,2006347616,146898681472,1001252224,422.27480500150705,424.0698310022708
openmarcie_printer,cpu,ts_transformer,openmarcie_printer__only_rgb__gemma3_1b,gemma3_1b,only_rgb,290520,1162080,18609280,113448,290520,0,1.0311930000170832,18.217273000066495,103.91560299982058,1001542744,2006399072,146899730048,1001252224,422.27480500150705,423.7821500009886
openmarcie_printer,cpu,patchtst,openmarcie_printer__only_rgb__gemma3_1b,gemma3_1b,only_rgb,253720,1014880,429324672,113448,253720,0,4.0454249992762925,21.221374998224643,106.90514499916145,1001505944,2006251872,111901536640,1001252224,400.62420799949905,405.10412299954623
openmarcie_printer,cpu,distrixsense,openmarcie_printer__only_temperature__gemma3_1b,gemma3_1b,only_temperature,35844,143376,858944,81,28600,7244,0.2401709989499068,2.5378819982796674,2.5378819982796674,1001288068,2005380368,98785730880,1001252224,393.0131209999672,393.8648639996245
openmarcie_printer,cpu,dense,openmarcie_printer__only_temperature__gemma3_1b,gemma3_1b,only_temperature,31388,125552,2237248,4324,27576,3812,0.21803100025863387,5.838242001441121,5.838242001441121,1001283612,2005362544,132731099456,1001252224,406.60709900112124,407.3973320009827
openmarcie_printer,cpu,dense_tokens,openmarcie_printer__only_temperature__gemma3_1b,gemma3_1b,only_temperature,33764,135056,842560,1100,27576,6188,0.21297099920047913,3.302611998146749,3.302611998146749,1001285988,2005372048,98785714496,1001252224,393.0131209999672,393.8035539977136
openmarcie_printer,cpu,raw,openmarcie_printer__only_temperature__gemma3_1b,gemma3_1b,only_temperature,31388,125552,2237248,644,31388,0,0.4603409997798735,2.9908210000778084,2.9908210000778084,1001283612,2005362544,132731099456,1001252224,406.60709900112124,407.3696120012755
openmarcie_printer,cpu,early_fusion,openmarcie_printer__only_temperature__gemma3_1b,gemma3_1b,only_temperature,27804,111216,2009920,644,27804,0,0.4251120008120779,2.9554819995448227,2.9554819995448227,1001280028,2005348208,132730872128,1001252224,406.60709900112124,407.40701200229523
openmarcie_printer,cpu,late_fusion,openmarcie_printer__only_temperature__gemma3_1b,gemma3_1b,only_temperature,4208,16832,240128,96,0,4208,0.02325999957975,2.2730110018212115,2.2730110018212115,999890160,1999788736,110042497024,999885952,400.3555569997843,400.74510900012683
openmarcie_printer,cpu,local_only,openmarcie_printer__only_temperature__gemma3_1b,gemma3_1b,only_temperature,4208,16832,240128,52,0,4208,0.028559999918797985,2.2454909988186786,2.2454909988186786,999890160,1999788736,110042497024,999885952,400.3555569997843,400.75237800010655
openmarcie_printer,cpu,bottleneck,openmarcie_printer__only_temperature__gemma3_1b,gemma3_1b,only_temperature,31680,126720,2253632,684,27736,3944,0.22133099992061034,2.945541999243712,2.945541999243712,1001283904,2005363712,132731115840,1001252224,406.60709900112124,407.39788100108854
openmarcie_printer,cpu,tokenlearner,openmarcie_printer__only_temperature__gemma3_1b,gemma3_1b,only_temperature,32708,130832,826176,1100,27576,5132,0.21051099975011311,3.296321998272906,3.296321998272906,1001284932,2005367824,98785698112,1001252224,393.0131209999672,393.7674529988726
openmarcie_printer,cpu,posthoc_vq,openmarcie_printer__only_temperature__gemma3_1b,gemma3_1b,only_temperature,33436,133744,2302784,192,28600,4836,0.2516709992050892,2.6889119977371534,2.6889119977371534,1001285660,2005370736,132731164992,1001252224,406.60709900112124,407.5619320010446
openmarcie_printer,cpu,joint_vq,openmarcie_printer__only_temperature__gemma3_1b,gemma3_1b,only_temperature,35812,143248,858944,81,28600,7212,0.23725999926682562,2.602840998435463,2.602840998435463,1001288036,2005380240,98785730880,1001252224,393.0131209999672,393.9200050008367
openmarcie_printer,cpu,deepconvlstm,openmarcie_printer__only_temperature__gemma3_1b,gemma3_1b,only_temperature,33456,133824,2075136,644,33456,0,0.3283709993411321,2.8585810015849304,2.8585810015849304,1001285680,2005370816,132730937344,1001252224,406.60709900112124,407.2587819991895
openmarcie_printer,cpu,unrestricted_bank,openmarcie_printer__only_temperature__gemma3_1b,gemma3_1b,only_temperature,35844,143376,858944,81,28600,7244,0.21776999892608728,2.509181998022436,2.509181998022436,1001288068,2005380368,98785730880,1001252224,393.0131209999672,393.8350439984788
openmarcie_printer,cpu,separate_banks,openmarcie_printer__only_temperature__gemma3_1b,gemma3_1b,only_temperature,35844,143376,858944,81,28600,7244,0.2444809997541597,2.553632001792616,2.553632001792616,1001288068,2005380368,98785730880,1001252224,393.0131209999672,393.8643140008935
openmarcie_printer,cpu,fixed_resampling,openmarcie_printer__only_temperature__gemma3_1b,gemma3_1b,only_temperature,35844,143376,857152,81,28600,7244,0.24595100148872007,2.4711619999215007,2.4711619999215007,1001288068,2005380368,98785729088,1001252224,393.0131209999672,393.7522539999918
openmarcie_printer,cpu,finetune_encoders,openmarcie_printer__only_temperature__gemma3_1b,gemma3_1b,only_temperature,35844,143376,858944,81,28600,7244,0.2655609987414209,2.567930999277346,2.567930999277346,1001288068,2005380368,98785730880,1001252224,393.0131209999672,393.8641130007454
openmarcie_printer,cpu,no_alignment,openmarcie_printer__only_temperature__gemma3_1b,gemma3_1b,only_temperature,35844,143376,858944,81,28600,7244,0.25782000011531636,2.5619909984305966,2.5619909984305966,1001288068,2005380368,98785730880,1001252224,393.0131209999672,393.88241399865365
openmarcie_printer,cpu,no_usage,openmarcie_printer__only_temperature__gemma3_1b,gemma3_1b,only_temperature,35844,143376,858944,81,28600,7244,0.2554810016590636,2.5552320012428797,2.5552320012428797,1001288068,2005380368,98785730880,1001252224,393.0131209999672,393.8560540009348
openmarcie_printer,cpu,tcn,openmarcie_printer__only_temperature__gemma3_1b,gemma3_1b,only_temperature,13692,54768,823872,644,13692,0,0.3443609984969953,2.874721998689161,2.874721998689161,1001265916,2005291760,132729686080,1001252224,406.60709900112124,407.276310999805
openmarcie_printer,cpu,ts_transformer,openmarcie_printer__only_temperature__gemma3_1b,gemma3_1b,only_temperature,26556,106224,1872448,644,26556,0,0.3800109989242628,2.910190998756839,2.910190998756839,1001278780,2005343216,132730734656,1001252224,406.60709900112124,407.3187210015021
openmarcie_printer,cpu,patchtst,openmarcie_printer__only_temperature__gemma3_1b,gemma3_1b,only_temperature,26652,106608,1448768,644,26652,0,0.4413819988258183,2.9718620009427426,2.9718620009427426,1001278876,2005343600,97374650176,1001252224,396.52369399846066,397.212526997464
nymeria,cpu,distrixsense,nymeria__all__gemma3_1b,gemma3_1b,all,7934884,31739536,543573952,3567,71988,7862896,2.2349379996740026,8.041467997625027,26.831710995187308,1009187108,2036976528,680860380608,1001252224,610.9232519993384,625.3220329981559
nymeria,cpu,dense,nymeria__all__gemma3_1b,gemma3_1b,all,7752188,31008752,1003004864,177284,30004,7722184,8.377719999771216,51.23271999799011,170.3792699993067,1009004412,2036245744,2256867031488,1001252224,1395.550279001327,1417.6891570004955
nymeria,cpu,dense_tokens,nymeria__all__gemma3_1b,gemma3_1b,all,7849604,31398416,542902208,45100,30004,7819600,1.6930660003708908,16.236456000500475,59.002129000391584,1009101828,2036635408,680859708864,1001252224,610.9232519993384,623.5435359994881
nymeria,cpu,raw,nymeria__all__gemma3_1b,gemma3_1b,all,7752188,31008752,1003004864,10718368,7752188,0,16.642337999655865,3617.365801998612,8605.239824996774,1009004412,2036245744,2256867031488,1001252224,1395.550279001327,1419.1066220009816
nymeria,cpu,early_fusion,nymeria__all__gemma3_1b,gemma3_1b,all,6923516,27694064,442477504,10718368,6923516,0,6.247331999475136,3606.9280670005624,8594.798350001896,1008175740,2032931056,246985785792,1001252224,443.79709099848696,453.21839499956695
nymeria,cpu,late_fusion,nymeria__all__gemma3_1b,gemma3_1b,all,7735714,30942856,493376640,3608,0,7735714,0.24989099983940832,5.556950000119954,23.187709995658814,1007621666,2030714760,224077449856,999885952,448.3098670007166,457.2592780004925
nymeria,cpu,local_only,nymeria__all__gemma3_1b,gemma3_1b,all,7735714,30942856,493376640,2132,0,7735714,0.39369200021610595,5.416900998554682,22.298132001785003,1007621666,2030714760,224077449856,999885952,448.3098670007166,457.5168500014115
nymeria,cpu,bottleneck,nymeria__all__gemma3_1b,gemma3_1b,all,7764160,31056640,1003676608,28044,36564,7727596,8.371399000679958,18.937778002019783,50.92097900414239,1009016384,2036293632,2256867703232,1001252224,1395.550279001327,1417.740817001686
nymeria,cpu,tokenlearner,nymeria__all__gemma3_1b,gemma3_1b,all,7806308,31225232,542230464,45100,30004,7776304,1.6732860003685346,16.187454999838955,58.80319699960645,1009058532,2036462224,680859037120,1001252224,610.9232519993384,623.319916001492
nymeria,cpu,posthoc_vq,nymeria__all__gemma3_1b,gemma3_1b,all,8046076,32184304,1005691840,8856,71988,7974088,8.635759999378934,16.146273999428214,38.467868998649834,1009298300,2037421296,2256869718464,1001252224,1395.550279001327,1421.475791001285
nymeria,cpu,joint_vq,nymeria__all__gemma3_1b,gemma3_1b,all,8143492,32573968,543573952,3567,71988,8071504,2.0574770005623577,8.396799001072672,28.522286000528396,1009395716,2037810960,680860380608,1001252224,610.9232519993384,626.583347999258
nymeria,cpu,deepconvlstm,nymeria__all__gemma3_1b,gemma3_1b,all,7626322,30505288,487321728,10718368,7626322,0,6.392291999873123,3607.0821649998193,8594.954827002824,1008878546,2035742280,247030630016,1001252224,443.79709099848696,452.8526129961392
nymeria,cpu,unrestricted_bank,nymeria__all__gemma3_1b,gemma3_1b,all,9666724,38666896,570443712,3567,71988,9594736,1.8015659989032429,7.802166999478964,26.881922995320195,1010918948,2043903888,680887250368,1001252224,610.9232519993384,625.2504429976398
nymeria,cpu,separate_banks,nymeria__all__gemma3_1b,gemma3_1b,all,7934884,31739536,543573952,3567,71988,7862896,2.127727999322815,7.978678997257981,26.73369099496412,1009187108,2036976528,680860380608,1001252224,610.9232519993384,624.9833119982213
nymeria,cpu,fixed_resampling,nymeria__all__gemma3_1b,gemma3_1b,all,7934884,31739536,114399680,3567,71988,7862896,2.059986998574459,6.981904998408305,23.671670999041083,1009187108,2036976528,680431206336,1001252224,610.9232519993384,623.647267000706
nymeria,cpu,finetune_encoders,nymeria__all__gemma3_1b,gemma3_1b,all,7934884,31739536,543573952,3567,71988,7862896,2.100767000229098,8.0130380008789,26.908590998876747,1009187108,2036976528,680860380608,1001252224,610.9232519993384,625.3448329989624
nymeria,cpu,no_alignment,nymeria__all__gemma3_1b,gemma3_1b,all,7934884,31739536,543573952,3567,71988,7862896,2.4066279984253924,8.267389999470929,27.133774994884874,1009187108,2036976528,680860380608,1001252224,610.9232519993384,624.9631619994034
nymeria,cpu,no_usage,nymeria__all__gemma3_1b,gemma3_1b,all,7934884,31739536,543573952,3567,71988,7862896,2.186977999372175,8.091579002009262,27.05299099973999,1009187108,2036976528,680860380608,1001252224,610.9232519993384,624.7585199980676
nymeria,cpu,tcn,nymeria__all__gemma3_1b,gemma3_1b,all,6908124,27632496,441291456,10718368,6908124,0,6.029582000337541,3606.777277000883,8594.671779003933,1008160348,2032869488,246984599744,1001252224,443.79709099848696,452.41592099955596
nymeria,cpu,ts_transformer,nymeria__all__gemma3_1b,gemma3_1b,all,6920988,27683952,442340032,10718368,6920988,0,6.088221998652443,3606.781126997457,8594.64812999528,1008173212,2032920944,246985648320,1001252224,443.79709099848696,452.4118629979057
nymeria,cpu,patchtst,nymeria__all__gemma3_1b,gemma3_1b,all,6744572,26978288,2403034176,10718368,6744572,0,16.462997999042273,3617.246492000713,8605.123035998135,1007996796,2032215280,213164697664,1001252224,434.17592699915986,454.22750800025824
nymeria,cpu,distrixsense,nymeria__only_audio__gemma3_1b,gemma3_1b,only_audio,7109164,28436656,453406464,164,29556,7079608,0.28380100047797896,3.1024740004196296,5.868797000101232,1008361388,2033673648,113361242368,1001252224,412.7263000009407,414.87827800119703
nymeria,cpu,dense,nymeria__only_audio__gemma3_1b,gemma3_1b,only_audio,7100252,28401008,456648448,8648,27508,7072744,0.27361100001144223,6.372743000933714,12.455855000288901,1008352476,2033638000,181477384448,1001252224,420.29508799896576,422.36570499881054
nymeria,cpu,dense_tokens,nymeria__only_audio__gemma3_1b,gemma3_1b,only_audio,7105004,28420016,453373696,2200,27508,7077496,0.24400100119237322,3.83269399935205,7.398335997995455,1008357228,2033657008,113361209600,1001252224,412.7263000009407,414.77033699993626
nymeria,cpu,raw,nymeria__only_audio__gemma3_1b,gemma3_1b,only_audio,7100252,28401008,456648448,8232152,7100252,0,1.6483859999425476,3297.1454780011604,6592.226068000552,1008352476,2033638000,181477384448,1001252224,420.29508799896576,423.24658800134785
nymeria,cpu,early_fusion,nymeria__only_audio__gemma3_1b,gemma3_1b,only_audio,6633532,26534128,424316672,8232152,6633532,0,1.389394999932847,3296.870968002016,6591.949399001048,1007885756,2031771120,135981926656,1001252224,412.74717999840504,415.3944200006663
nymeria,cpu,late_fusion,nymeria__only_audio__gemma3_1b,gemma3_1b,only_audio,7073404,28293616,452188160,176,0,7073404,0.029429998903651722,2.758432998368726,5.461404998909402,1006959356,2028065520,113316377088,999885952,412.7263000009407,414.27606499928515
nymeria,cpu,local_only,nymeria__only_audio__gemma3_1b,gemma3_1b,only_audio,7073404,28293616,452188160,104,0,7073404,0.03651999941212125,2.936083000593027,5.679406000613165,1006959356,2028065520,113316377088,999885952,412.7263000009407,414.4886560006853
nymeria,cpu,bottleneck,nymeria__only_audio__gemma3_1b,gemma3_1b,only_audio,7100836,28403344,456681216,1368,27828,7073008,0.30428100035351235,3.564402997900313,6.804465997031052,1008353060,2033640336,181477417216,1001252224,420.29508799896576,422.4043949998304
nymeria,cpu,tokenlearner,nymeria__only_audio__gemma3_1b,gemma3_1b,only_audio,7102892,28411568,453340928,2200,27508,7075384,0.2334910004719859,3.811383001443464,7.3595750018191755,1008355116,2033648560,113361176832,1001252224,412.7263000009407,414.73939700154006
nymeria,cpu,posthoc_vq,nymeria__only_audio__gemma3_1b,gemma3_1b,only_audio,7106396,28425584,456779520,392,29556,7076840,0.31838100039749406,3.227964000677527,6.107796999981068,1008358620,2033662576,181477515520,1001252224,420.29508799896576,422.69337700054166
nymeria,cpu,joint_vq,nymeria__only_audio__gemma3_1b,gemma3_1b,only_audio,7111148,28444592,453406464,164,29556,7081592,0.283551000393345,3.1452140013553667,5.975577002271358,1008363372,2033681584,113361242368,1001252224,412.7263000009407,415.0410070014914
nymeria,cpu,deepconvlstm,nymeria__only_audio__gemma3_1b,gemma3_1b,only_audio,7099186,28396744,453825920,8232152,7099186,0,1.4261249998526182,3296.9355069993376,6592.013477999596,1008351410,2033633736,136011435904,1001252224,412.74717999840504,415.41855899777147
nymeria,cpu,unrestricted_bank,nymeria__only_audio__gemma3_1b,gemma3_1b,only_audio,7111276,28445104,453439232,164,29556,7081720,0.25279100009356625,3.0442339996935566,5.800126999627729,1008363500,2033682096,113361275136,1001252224,412.7263000009407,414.85959800047567
nymeria,cpu,separate_banks,nymeria__only_audio__gemma3_1b,gemma3_1b,only_audio,7109164,28436656,453406464,164,29556,7079608,0.2961610007332638,3.0764630012837237,5.832375000562216,1008361388,2033673648,113361242368,1001252224,412.7263000009407,414.8919380004372
nymeria,cpu,fixed_resampling,nymeria__only_audio__gemma3_1b,gemma3_1b,only_audio,7109164,28436656,38456320,164,29556,7079608,0.2790910002659075,2.7163819998660124,5.135322999802348,1008361388,2033673648,112946292224,1001252224,412.7263000009407,414.192426000227
nymeria,cpu,finetune_encoders,nymeria__only_audio__gemma3_1b,gemma3_1b,only_audio,7109164,28436656,453406464,164,29556,7079608,0.28165100047772285,3.0890539986413437,5.833245998172252,1008361388,2033673648,113361242368,1001252224,412.7263000009407,414.9047370010521
nymeria,cpu,no_alignment,nymeria__only_audio__gemma3_1b,gemma3_1b,only_audio,7109164,28436656,453406464,164,29556,7079608,0.2793709991237847,3.0636029972211922,5.825344997600233,1008361388,2033673648,113361242368,1001252224,412.7263000009407,414.88870800276345
nymeria,cpu,no_usage,nymeria__only_audio__gemma3_1b,gemma3_1b,only_audio,7109164,28436656,453406464,164,29556,7079608,0.28167099844722543,3.064762995867664,5.823395995929069,1008361388,2033673648,113361242368,1001252224,412.7263000009407,414.8703880018729
nymeria,cpu,tcn,nymeria__only_audio__gemma3_1b,gemma3_1b,only_audio,6619388,26477552,423130624,8232152,6619388,0,1.2776740004483145,3296.737357000287,6591.816837001413,1007871612,2031714544,135980740608,1001252224,412.74717999840504,415.2624289963569
nymeria,cpu,ts_transformer,nymeria__only_audio__gemma3_1b,gemma3_1b,only_audio,6632252,26529008,424179200,8232152,6632252,0,1.3558149985328782,3296.8403279986283,6591.918868997406,1007884476,2031766000,135981789184,1001252224,412.74717999840504,415.29377899860265
nymeria,cpu,patchtst,nymeria__only_audio__gemma3_1b,gemma3_1b,only_audio,6517308,26069232,1710926208,8232152,6517308,0,7.31637600074464,3302.813648000059,6597.894068002158,1007769532,2031306224,101902225792,1001252224,414.28169600112597,423.12071600099443
nymeria,cpu,distrixsense,nymeria__only_barometer__gemma3_1b,gemma3_1b,only_barometer,43024,172096,1633792,164,29556,13468,0.29140100014046766,2.5497920017497613,4.786033002045052,1001295248,2005409088,112909469696,1001252224,412.7263000009407,413.8263240001834
nymeria,cpu,dense,nymeria__only_barometer__gemma3_1b,gemma3_1b,only_barometer,34112,136448,4875776,8648,27508,6604,0.2751709998847218,5.861310999857541,11.43347100033632,1001286336,2005373440,181025611776,1001252224,420.29508799896576,421.31805299868574
nymeria,cpu,dense_tokens,nymeria__only_barometer__gemma3_1b,gemma3_1b,only_barometer,38864,155456,1601024,2200,27508,11356,0.243421000050148,3.2999109971523284,6.33846199706546,1001291088,2005392448,112909436928,1001252224,412.7263000009407,413.693004000379
nymeria,cpu,raw,nymeria__only_barometer__gemma3_1b,gemma3_1b,only_barometer,34112,136448,4875776,2488,34112,0,0.5383319985412527,3.554661999728228,6.55927199934863,1001286336,2005373440,181025611776,1001252224,420.29508799896576,421.26162099884823
nymeria,cpu,early_fusion,nymeria__only_barometer__gemma3_1b,gemma3_1b,only_barometer,27680,110720,2002432,2488,27680,0,0.44061100015824195,3.457420999907004,6.46197100016193,1001279904,2005347712,135559612416,1001252224,412.74717999840504,413.54297299767495
nymeria,cpu,late_fusion,nymeria__only_barometer__gemma3_1b,gemma3_1b,only_barometer,7264,29056,415488,176,0,7264,0.029069999072817154,2.2425599965094354,4.433939995847013,999893216,1999800960,112864604416,999885952,412.7263000009407,413.208931000554
nymeria,cpu,local_only,nymeria__only_barometer__gemma3_1b,gemma3_1b,only_barometer,7264,29056,415488,104,0,7264,0.036720000935019925,2.2169700016706715,4.383021002045064,999893216,1999800960,112864604416,999885952,412.7263000009407,413.2413910010655
nymeria,cpu,bottleneck,nymeria__only_barometer__gemma3_1b,gemma3_1b,only_barometer,34696,138784,4908544,1368,27828,6868,0.277051000011852,2.9646009991402273,5.6371919986686905,1001286920,2005375776,181025644544,1001252224,420.29508799896576,421.33250199913164
nymeria,cpu,tokenlearner,nymeria__only_barometer__gemma3_1b,gemma3_1b,only_barometer,36752,147008,1568256,2200,27508,9244,0.2609210005175555,3.3057010004948824,6.331442002183175,1001288976,2005384000,112909404160,1001252224,412.7263000009407,413.65156400206615
nymeria,cpu,posthoc_vq,nymeria__only_barometer__gemma3_1b,gemma3_1b,only_barometer,40256,161024,5006848,392,29556,10700,0.31346099967777263,2.6901919998520287,5.0436530014617835,1001292480,2005398016,181025742848,1001252224,420.29508799896576,421.5941819984437
nymeria,cpu,joint_vq,nymeria__only_barometer__gemma3_1b,gemma3_1b,only_barometer,45008,180032,1633792,164,29556,15452,0.28335100068943575,2.6150630022440104,4.916394000854972,1001297232,2005417024,112909469696,1001252224,412.7263000009407,413.93749400049273
nymeria,cpu,deepconvlstm,nymeria__only_barometer__gemma3_1b,gemma3_1b,only_barometer,33046,132184,2053248,2488,33046,0,0.36073099909117445,3.377181000828091,6.3817510008715095,1001285270,2005369176,135559663232,1001252224,412.74717999840504,413.44089199992595
nymeria,cpu,unrestricted_bank,nymeria__only_barometer__gemma3_1b,gemma3_1b,only_barometer,45136,180544,1666560,164,29556,15580,0.24829099857015535,2.50732200068715,4.744411999734631,1001297360,2005417536,112909502464,1001252224,412.7263000009407,413.764994000303
nymeria,cpu,separate_banks,nymeria__only_barometer__gemma3_1b,gemma3_1b,only_barometer,43024,172096,1633792,164,29556,13468,0.28519100123958196,2.5369930011348565,4.76825400134495,1001295248,2005409088,112909469696,1001252224,412.7263000009407,413.79316299935454
nymeria,cpu,fixed_resampling,nymeria__only_barometer__gemma3_1b,gemma3_1b,only_barometer,43024,172096,1633280,164,29556,13468,0.27809099992737174,2.518001000075042,4.735042001510202,1001295248,2005409088,112909469184,1001252224,412.7263000009407,413.7483720005548
nymeria,cpu,finetune_encoders,nymeria__only_barometer__gemma3_1b,gemma3_1b,only_barometer,43024,172096,1633792,164,29556,13468,0.27810099891212303,2.5413410006277495,4.785811001664307,1001295248,2005409088,112909469696,1001252224,412.7263000009407,413.79264300121577
nymeria,cpu,no_alignment,nymeria__only_barometer__gemma3_1b,gemma3_1b,only_barometer,43024,172096,1633792,164,29556,13468,0.28415099950507283,2.536891999929235,4.769812000329885,1001295248,2005409088,112909469696,1001252224,412.7263000009407,413.78343399992445
nymeria,cpu,no_usage,nymeria__only_barometer__gemma3_1b,gemma3_1b,only_barometer,43024,172096,1633792,164,29556,13468,0.2792710001813248,2.5290520009858533,4.759553000138304,1001295248,2005409088,112909469696,1001252224,412.7263000009407,413.8105540023389
nymeria,cpu,tcn,nymeria__only_barometer__gemma3_1b,gemma3_1b,only_barometer,13536,54144,816384,2488,13536,0,0.3881209995597601,3.40470099901238,6.40939099778675,1001265760,2005291136,135558426368,1001252224,412.74717999840504,413.51335299805214
nymeria,cpu,ts_transformer,nymeria__only_barometer__gemma3_1b,gemma3_1b,only_barometer,26400,105600,1864960,2488,26400,0,0.4400709985930007,3.456650996226631,6.461550995508651,1001278624,2005342592,135559474944,1001252224,412.74717999840504,413.49040199747833
nymeria,cpu,patchtst,nymeria__only_barometer__gemma3_1b,gemma3_1b,only_barometer,26528,106112,726144,2488,26528,0,0.4364609994809143,3.453150998679735,6.4576709983424285,1001278752,2005343104,100192025728,1001252224,414.28169600112597,415.000028000577
nymeria,cpu,distrixsense,nymeria__only_body_acceleration__gemma3_1b,gemma3_1b,only_body_acceleration,51182,204728,1839552,81,28468,22714,0.2381510003033327,2.5596710011376533,2.5596710011376533,1001303406,2005441720,98786711488,1001252224,393.0131209999672,393.86245500099903
nymeria,cpu,dense,nymeria__only_body_acceleration__gemma3_1b,gemma3_1b,only_body_acceleration,46726,186904,3214784,4324,27444,19282,0.21807099983561784,5.860570996769401,5.860570996769401,1001298950,2005423896,132732076992,1001252224,406.60709900112124,407.4015820024215
nymeria,cpu,dense_tokens,nymeria__only_body_acceleration__gemma3_1b,gemma3_1b,only_body_acceleration,49102,196408,1823168,1100,27444,21658,0.20320000112405978,3.3298310008784755,3.3298310008784755,1001301326,2005433400,98786695104,1001252224,393.0131209999672,393.79620400177373
nymeria,cpu,raw,nymeria__only_body_acceleration__gemma3_1b,gemma3_1b,only_body_acceleration,46726,186904,3214784,205452,46726,0,0.48439199963468127,166.88556200044314,166.88556200044314,1001298950,2005423896,132732076992,1001252224,406.60709900112124,407.42597200187447
nymeria,cpu,early_fusion,nymeria__only_body_acceleration__gemma3_1b,gemma3_1b,only_body_acceleration,34822,139288,2454976,205452,34822,0,0.4532610000751447,166.85181099948733,166.85181099948733,1001287046,2005376280,132731317184,1001252224,406.60709900112124,407.4140320008155
nymeria,cpu,late_fusion,nymeria__only_body_acceleration__gemma3_1b,gemma3_1b,only_body_acceleration,19612,78448,1221760,88,0,19612,0.02356000004510861,2.2976310011903753,2.2976310011903753,999905564,1999850352,110043478656,999885952,400.3555569997843,400.7800889976352
nymeria,cpu,local_only,nymeria__only_body_acceleration__gemma3_1b,gemma3_1b,only_body_acceleration,19612,78448,1221760,52,0,19612,0.028119999115006067,2.270400998229417,2.270400998229417,999905564,1999850352,110043478656,999885952,400.3555569997843,400.7973689986102
nymeria,cpu,bottleneck,nymeria__only_body_acceleration__gemma3_1b,gemma3_1b,only_body_acceleration,47018,188072,3231168,684,27604,19414,0.22150100085127633,2.9746519997125027,2.9746519997125027,1001299242,2005425064,132732093376,1001252224,406.60709900112124,407.4307620030595
nymeria,cpu,tokenlearner,nymeria__only_body_acceleration__gemma3_1b,gemma3_1b,only_body_acceleration,48046,192184,1806784,1100,27444,20602,0.2034009994531516,3.3186019991216016,3.3186019991216016,1001300270,2005429176,98786678720,1001252224,393.0131209999672,393.78470399969956
nymeria,cpu,posthoc_vq,nymeria__only_body_acceleration__gemma3_1b,gemma3_1b,only_body_acceleration,48774,195096,3280320,192,28468,20306,0.25144999926851597,2.695820999705023,2.695820999705023,1001300998,2005432088,132732142528,1001252224,406.60709900112124,407.5730130007287
nymeria,cpu,joint_vq,nymeria__only_body_acceleration__gemma3_1b,gemma3_1b,only_body_acceleration,51150,204600,1839552,81,28468,22682,0.2346299988857936,2.6261909979729214,2.6261909979729214,1001303374,2005441592,98786711488,1001252224,393.0131209999672,393.9569250014756
nymeria,cpu,deepconvlstm,nymeria__only_body_acceleration__gemma3_1b,gemma3_1b,only_body_acceleration,48860,195440,3056768,205452,48860,0,0.3558810003596591,166.75488100319836,166.75488100319836,1001301084,2005432432,132731918976,1001252224,406.60709900112124,407.3230620015238
nymeria,cpu,unrestricted_bank,nymeria__only_body_acceleration__gemma3_1b,gemma3_1b,only_body_acceleration,51182,204728,1839552,81,28468,22714,0.2113009995809989,2.528701998955407,2.528701998955407,1001303406,2005441720,98786711488,1001252224,393.0131209999672,393.8663530007034
nymeria,cpu,separate_banks,nymeria__only_body_acceleration__gemma3_1b,gemma3_1b,only_body_acceleration,51182,204728,1839552,81,28468,22714,0.26586100102576893,2.5892920030236244,2.5892920030236244,1001303406,2005441720,98786711488,1001252224,393.0131209999672,393.8651539992861
nymeria,cpu,fixed_resampling,nymeria__only_body_acceleration__gemma3_1b,gemma3_1b,only_body_acceleration,51182,204728,1521600,81,28468,22714,0.2390909994574031,2.485391999500175,2.485391999500175,1001303406,2005441720,98786393536,1001252224,393.0131209999672,393.76457300022594
nymeria,cpu,finetune_encoders,nymeria__only_body_acceleration__gemma3_1b,gemma3_1b,only_body_acceleration,51182,204728,1839552,81,28468,22714,0.23422099911840633,2.5532019999735756,2.5532019999735756,1001303406,2005441720,98786711488,1001252224,393.0131209999672,393.8816850004514
nymeria,cpu,no_alignment,nymeria__only_body_acceleration__gemma3_1b,gemma3_1b,only_body_acceleration,51182,204728,1839552,81,28468,22714,0.2440109983581351,2.563681998282741,2.563681998282741,1001303406,2005441720,98786711488,1001252224,393.0131209999672,393.87102399814466
nymeria,cpu,no_usage,nymeria__only_body_acceleration__gemma3_1b,gemma3_1b,only_body_acceleration,51182,204728,1839552,81,28468,22714,0.23603099907631986,2.556851998662646,2.556851998662646,1001303406,2005441720,98786711488,1001252224,393.0131209999672,393.8616939994972
nymeria,cpu,tcn,nymeria__only_body_acceleration__gemma3_1b,gemma3_1b,only_body_acceleration,20710,82840,1268928,205452,20710,0,0.3677909990074113,166.7699419989911,166.7699419989911,1001272934,2005319832,132730131136,1001252224,406.60709900112124,407.3301820008055
nymeria,cpu,ts_transformer,nymeria__only_body_acceleration__gemma3_1b,gemma3_1b,only_body_acceleration,33574,134296,2317504,205452,33574,0,0.40522100061934907,166.8043220010257,166.8043220010257,1001285798,2005371288,132731179712,1001252224,406.60709900112124,407.36602100150776
nymeria,cpu,patchtst,nymeria__only_body_acceleration__gemma3_1b,gemma3_1b,only_body_acceleration,31590,126360,25176384,205452,31590,0,0.6188919996930053,167.01811199656714,167.01811199656714,1001283814,2005363352,97398377792,1001252224,396.52369399846066,397.44073700057925
nymeria,cpu,distrixsense,nymeria__only_body_orientation__gemma3_1b,gemma3_1b,only_body_orientation,58680,234720,2316480,81,28468,30212,0.24688099983904976,2.575641999130207,2.575641999130207,1001310904,2005471712,98787188416,1001252224,393.0131209999672,393.8641639997513
nymeria,cpu,dense,nymeria__only_body_orientation__gemma3_1b,gemma3_1b,only_body_orientation,54224,216896,3691712,4324,27444,26780,0.2209409994975431,5.869962002502452,5.869962002502452,1001306448,2005453888,132732553920,1001252224,406.60709900112124,407.4313519995485
nymeria,cpu,dense_tokens,nymeria__only_body_orientation__gemma3_1b,gemma3_1b,only_body_orientation,56600,226400,2300096,1100,27444,29156,0.2140300002793083,3.3367610012600197,3.3367610012600197,1001308824,2005463392,98787172032,1001252224,393.0131209999672,393.79144400118093
nymeria,cpu,raw,nymeria__only_body_orientation__gemma3_1b,gemma3_1b,only_body_orientation,54224,216896,3691712,272952,54224,0,0.47059200005605817,220.87593199951135,220.87593199951135,1001306448,2005453888,132732553920,1001252224,406.60709900112124,407.46539199972176
nymeria,cpu,early_fusion,nymeria__only_body_orientation__gemma3_1b,gemma3_1b,only_body_orientation,39376,157504,2743488,272952,39376,0,0.4504019998421427,220.8555820009895,220.8555820009895,1001291600,2005394496,132731605696,1001252224,406.60709900112124,407.41905200229667
nymeria,cpu,late_fusion,nymeria__only_body_orientation__gemma3_1b,gemma3_1b,only_body_orientation,27110,108440,1698688,88,0,27110,0.023949998649186455,2.3018499997737583,2.3018499997737583,999913062,1999880344,110043955584,999885952,400.3555569997843,400.7886379986303
nymeria,cpu,local_only,nymeria__only_body_orientation__gemma3_1b,gemma3_1b,only_body_orientation,27110,108440,1698688,52,0,27110,0.027539999791770242,2.277870998357213,2.277870998357213,999913062,1999880344,110043955584,999885952,400.3555569997843,400.80289900106436
nymeria,cpu,bottleneck,nymeria__only_body_orientation__gemma3_1b,gemma3_1b,only_body_orientation,54516,218064,3708096,684,27604,26912,0.22148099924379494,2.975651998232049,2.975651998232049,1001306740,2005455056,132732570304,1001252224,406.60709900112124,407.43381200081785
nymeria,cpu,tokenlearner,nymeria__only_body_orientation__gemma3_1b,gemma3_1b,only_body_orientation,55544,222176,2283712,1100,27444,28100,0.20709999989776406,3.3271810007089515,3.3271810007089515,1001307768,2005459168,98787155648,1001252224,393.0131209999672,393.78223399944545
nymeria,cpu,posthoc_vq,nymeria__only_body_orientation__gemma3_1b,gemma3_1b,only_body_orientation,56272,225088,3757248,192,28468,27804,0.25105099848588,2.7025609993674093,2.7025609993674093,1001308496,2005462080,132732619456,1001252224,406.60709900112124,407.57833200041205
nymeria,cpu,joint_vq,nymeria__only_body_orientation__gemma3_1b,gemma3_1b,only_body_orientation,58648,234592,2316480,81,28468,30180,0.24360099996556528,2.645361998503981,2.645361998503981,1001310872,2005471584,98787188416,1001252224,393.0131209999672,393.9404849988932
nymeria,cpu,deepconvlstm,nymeria__only_body_orientation__gemma3_1b,gemma3_1b,only_body_orientation,56358,225432,3533696,272952,56358,0,0.359870999091072,220.7653709986733,220.7653709986733,1001308582,2005462424,132732395904,1001252224,406.60709900112124,407.33391100002336
nymeria,cpu,unrestricted_bank,nymeria__only_body_orientation__gemma3_1b,gemma3_1b,only_body_orientation,58680,234720,2316480,81,28468,30212,0.21910000032221433,2.5412900004374794,2.5412900004374794,1001310904,2005471712,98787188416,1001252224,393.0131209999672,393.8338739990286
nymeria,cpu,separate_banks,nymeria__only_body_orientation__gemma3_1b,gemma3_1b,only_body_orientation,58680,234720,2316480,81,28468,30212,0.2463710006850306,2.574691999172396,2.574691999172396,1001310904,2005471712,98787188416,1001252224,393.0131209999672,393.8830240003881
nymeria,cpu,fixed_resampling,nymeria__only_body_orientation__gemma3_1b,gemma3_1b,only_body_orientation,58680,234720,1757120,81,28468,30212,0.23949000024003908,2.5297410002457443,2.5297410002457443,1001310904,2005471712,98786629056,1001252224,393.0131209999672,393.76568400075485
nymeria,cpu,finetune_encoders,nymeria__only_body_orientation__gemma3_1b,gemma3_1b,only_body_orientation,58680,234720,2316480,81,28468,30212,0.23428099848388229,2.5675619990869425,2.5675619990869425,1001310904,2005471712,98787188416,1001252224,393.0131209999672,393.85597399996186
nymeria,cpu,no_alignment,nymeria__only_body_orientation__gemma3_1b,gemma3_1b,only_body_orientation,58680,234720,2316480,81,28468,30212,0.23902000066300388,2.5741410018162103,2.5741410018162103,1001310904,2005471712,98787188416,1001252224,393.0131209999672,393.8665650002804
nymeria,cpu,no_usage,nymeria__only_body_orientation__gemma3_1b,gemma3_1b,only_body_orientation,58680,234720,2316480,81,28468,30212,0.23764100114931352,2.570662000863999,2.570662000863999,1001310904,2005471712,98787188416,1001252224,393.0131209999672,393.86912400004803
nymeria,cpu,tcn,nymeria__only_body_orientation__gemma3_1b,gemma3_1b,only_body_orientation,25264,101056,1557440,272952,25264,0,0.37389099998108577,220.7788809985903,220.7788809985903,1001277488,2005338048,132730419648,1001252224,406.60709900112124,407.34941200207686
nymeria,cpu,ts_transformer,nymeria__only_body_orientation__gemma3_1b,gemma3_1b,only_body_orientation,38128,152512,2606016,272952,38128,0,0.41257100019720383,220.81822200136577,220.81822200136577,1001290352,2005389504,132731468224,1001252224,406.60709900112124,407.37354200064146
nymeria,cpu,patchtst,nymeria__only_body_orientation__gemma3_1b,gemma3_1b,only_body_orientation,35408,141632,33702208,272952,35408,0,0.669273000312387,221.07438500035988,221.07438500035988,1001287632,2005378624,97406903616,1001252224,396.52369399846066,397.477586997411
nymeria,cpu,distrixsense,nymeria__only_body_position__gemma3_1b,gemma3_1b,only_body_position,51182,204728,1839552,81,28468,22714,0.23616100043000188,2.563172000947711,2.563172000947711,1001303406,2005441720,98786711488,1001252224,393.0131209999672,393.8613440004701
nymeria,cpu,dense,nymeria__only_body_position__gemma3_1b,gemma3_1b,only_body_position,46726,186904,3214784,4324,27444,19282,0.218750999920303,5.860672001613001,5.860672001613001,1001298950,2005423896,132732076992,1001252224,406.60709900112124,407.409692001238
nymeria,cpu,dense_tokens,nymeria__only_body_position__gemma3_1b,gemma3_1b,only_body_position,49102,196408,1823168,1100,27444,21658,0.2067300010821782,3.3224010003276634,3.3224010003276634,1001301326,2005433400,98786695104,1001252224,393.0131209999672,393.78534399838827
nymeria,cpu,raw,nymeria__only_body_position__gemma3_1b,gemma3_1b,only_body_position,46726,186904,3214784,205452,46726,0,0.4554820006887894,166.85449199887427,166.85449199887427,1001298950,2005423896,132732076992,1001252224,406.60709900112124,407.4263120000978
nymeria,cpu,early_fusion,nymeria__only_body_position__gemma3_1b,gemma3_1b,only_body_position,34822,139288,2454976,205452,34822,0,0.459502000012435,166.85797200027065,166.85797200027065,1001287046,2005376280,132731317184,1001252224,406.60709900112124,407.41528200123867
nymeria,cpu,late_fusion,nymeria__only_body_position__gemma3_1b,gemma3_1b,only_body_position,19612,78448,1221760,88,0,19612,0.023680000595049933,2.292600998905464,2.292600998905464,999905564,1999850352,110043478656,999885952,400.3555569997843,400.7711880003626
nymeria,cpu,local_only,nymeria__only_body_position__gemma3_1b,gemma3_1b,only_body_position,19612,78448,1221760,52,0,19612,0.02778000089165289,2.2747700015929526,2.2747700015929526,999905564,1999850352,110043478656,999885952,400.3555569997843,400.8065889993304
nymeria,cpu,bottleneck,nymeria__only_body_position__gemma3_1b,gemma3_1b,only_body_position,47018,188072,3231168,684,27604,19414,0.24561000100220554,2.996630999651668,2.996630999651668,1001299242,2005425064,132732093376,1001252224,406.60709900112124,407.42861200124025
nymeria,cpu,tokenlearner,nymeria__only_body_position__gemma3_1b,gemma3_1b,only_body_position,48046,192184,1806784,1100,27444,20602,0.20750099974975456,3.3168409991002408,3.3168409991002408,1001300270,2005429176,98786678720,1001252224,393.0131209999672,393.7814140008413
nymeria,cpu,posthoc_vq,nymeria__only_body_position__gemma3_1b,gemma3_1b,only_body_position,48774,195096,3280320,192,28468,20306,0.2521110000088811,2.6954220007413765,2.6954220007413765,1001300998,2005432088,132732142528,1001252224,406.60709900112124,407.5827130018297
nymeria,cpu,joint_vq,nymeria__only_body_position__gemma3_1b,gemma3_1b,only_body_position,51150,204600,1839552,81,28468,22682,0.23693100047239568,2.6303719996866537,2.6303719996866537,1001303374,2005441592,98786711488,1001252224,393.0131209999672,393.9247140006046
nymeria,cpu,deepconvlstm,nymeria__only_body_position__gemma3_1b,gemma3_1b,only_body_position,48860,195440,3056768,205452,48860,0,0.35764099993684795,166.75641100066042,166.75641100066042,1001301084,2005432432,132731918976,1001252224,406.60709900112124,407.3323020020325
nymeria,cpu,unrestricted_bank,nymeria__only_body_position__gemma3_1b,gemma3_1b,only_body_position,51182,204728,1839552,81,28468,22714,0.21186099911574274,2.530021997728804,2.530021997728804,1001303406,2005441720,98786711488,1001252224,393.0131209999672,393.86723399911716
nymeria,cpu,separate_banks,nymeria__only_body_position__gemma3_1b,gemma3_1b,only_body_position,51182,204728,1839552,81,28468,22714,0.24623100034659728,2.5663509996155742,2.5663509996155742,1001303406,2005441720,98786711488,1001252224,393.0131209999672,393.86754500083043
nymeria,cpu,fixed_resampling,nymeria__only_body_position__gemma3_1b,gemma3_1b,only_body_position,51182,204728,1521600,81,28468,22714,0.23749100000713952,2.4849819992886157,2.4849819992886157,1001303406,2005441720,98786393536,1001252224,393.0131209999672,393.792384000335
nymeria,cpu,finetune_encoders,nymeria__only_body_position__gemma3_1b,gemma3_1b,only_body_position,51182,204728,1839552,81,28468,22714,0.25340100000903476,2.584570999744651,2.584570999744651,1001303406,2005441720,98786711488,1001252224,393.0131209999672,393.8795640005992
nymeria,cpu,no_alignment,nymeria__only_body_position__gemma3_1b,gemma3_1b,only_body_position,51182,204728,1839552,81,28468,22714,0.23343099928752054,2.560352996653714,2.560352996653714,1001303406,2005441720,98786711488,1001252224,393.0131209999672,393.8541739989887
nymeria,cpu,no_usage,nymeria__only_body_position__gemma3_1b,gemma3_1b,only_body_position,51182,204728,1839552,81,28468,22714,0.23445100123353768,2.5621330014763632,2.5621330014763632,1001303406,2005441720,98786711488,1001252224,393.0131209999672,393.8565140015271
nymeria,cpu,tcn,nymeria__only_body_position__gemma3_1b,gemma3_1b,only_body_position,20710,82840,1268928,205452,20710,0,0.38065199987613596,166.77994299918265,166.77994299918265,1001272934,2005319832,132730131136,1001252224,406.60709900112124,407.3531920003006
nymeria,cpu,ts_transformer,nymeria__only_body_position__gemma3_1b,gemma3_1b,only_body_position,33574,134296,2317504,205452,33574,0,0.4148009993514279,166.81413099960974,166.81413099960974,1001285798,2005371288,132731179712,1001252224,406.60709900112124,407.3689410015504
nymeria,cpu,patchtst,nymeria__only_body_position__gemma3_1b,gemma3_1b,only_body_position,31590,126360,25176384,205452,31590,0,0.619001999439206,167.0181120020241,167.0181120020241,1001283814,2005363352,97398377792,1001252224,396.52369399846066,397.44273699761834
nymeria,cpu,distrixsense,nymeria__only_body_velocity__gemma3_1b,gemma3_1b,only_body_velocity,51182,204728,1839552,81,28468,22714,0.24258099983853754,2.5787119984960416,2.5787119984960416,1001303406,2005441720,98786711488,1001252224,393.0131209999672,393.8670629995613
nymeria,cpu,dense,nymeria__only_body_velocity__gemma3_1b,gemma3_1b,only_body_velocity,46726,186904,3214784,4324,27444,19282,0.22831100068287924,5.8730220010645455,5.8730220010645455,1001298950,2005423896,132732076992,1001252224,406.60709900112124,407.4148020026769
nymeria,cpu,dense_tokens,nymeria__only_body_velocity__gemma3_1b,gemma3_1b,only_body_velocity,49102,196408,1823168,1100,27444,21658,0.20367100114526693,3.3227720032254,3.3227720032254,1001301326,2005433400,98786695104,1001252224,393.0131209999672,393.77436399990984
nymeria,cpu,raw,nymeria__only_body_velocity__gemma3_1b,gemma3_1b,only_body_velocity,46726,186904,3214784,205452,46726,0,0.48380199950770475,166.88285199908916,166.88285199908916,1001298950,2005423896,132732076992,1001252224,406.60709900112124,407.43603100236214
nymeria,cpu,early_fusion,nymeria__only_body_velocity__gemma3_1b,gemma3_1b,only_body_velocity,34822,139288,2454976,205452,34822,0,0.45184200098447036,166.85089200056592,166.85089200056592,1001287046,2005376280,132731317184,1001252224,406.60709900112124,407.4090319991228
nymeria,cpu,late_fusion,nymeria__only_body_velocity__gemma3_1b,gemma3_1b,only_body_velocity,19612,78448,1221760,88,0,19612,0.02325000059499871,2.2911500001532024,2.2911500001532024,999905564,1999850352,110043478656,999885952,400.3555569997843,400.77932799977134
nymeria,cpu,local_only,nymeria__only_body_velocity__gemma3_1b,gemma3_1b,only_body_velocity,19612,78448,1221760,52,0,19612,0.027770000087912194,2.270419997573737,2.270419997573737,999905564,1999850352,110043478656,999885952,400.3555569997843,400.79334000074596
nymeria,cpu,bottleneck,nymeria__only_body_velocity__gemma3_1b,gemma3_1b,only_body_velocity,47018,188072,3231168,684,27604,19414,0.22261100093601272,2.9767320013625316,2.9767320013625316,1001299242,2005425064,132732093376,1001252224,406.60709900112124,407.4326520021714
nymeria,cpu,tokenlearner,nymeria__only_body_velocity__gemma3_1b,gemma3_1b,only_body_velocity,48046,192184,1806784,1100,27444,20602,0.2004510006372584,3.3137310001574223,3.3137310001574223,1001300270,2005429176,98786678720,1001252224,393.0131209999672,393.7880729990866
nymeria,cpu,posthoc_vq,nymeria__only_body_velocity__gemma3_1b,gemma3_1b,only_body_velocity,48774,195096,3280320,192,28468,20306,0.256250999882468,2.7042220004463102,2.7042220004463102,1001300998,2005432088,132732142528,1001252224,406.60709900112124,407.57351300271694
nymeria,cpu,joint_vq,nymeria__only_body_velocity__gemma3_1b,gemma3_1b,only_body_velocity,51150,204600,1839552,81,28468,22682,0.23630099894944578,2.6366129978049546,2.6366129978049546,1001303374,2005441592,98786711488,1001252224,393.0131209999672,393.92693400077405
nymeria,cpu,deepconvlstm,nymeria__only_body_velocity__gemma3_1b,gemma3_1b,only_body_velocity,48860,195440,3056768,205452,48860,0,0.3564609996828949,166.75495200017377,166.75495200017377,1001301084,2005432432,132731918976,1001252224,406.60709900112124,407.31174100073986
nymeria,cpu,unrestricted_bank,nymeria__only_body_velocity__gemma3_1b,gemma3_1b,only_body_velocity,51182,204728,1839552,81,28468,22714,0.21344100059650373,2.542012002806482,2.542012002806482,1001303406,2005441720,98786711488,1001252224,393.0131209999672,393.8420030008274
nymeria,cpu,separate_banks,nymeria__only_body_velocity__gemma3_1b,gemma3_1b,only_body_velocity,51182,204728,1839552,81,28468,22714,0.23946100009197835,2.5557920007776236,2.5557920007776236,1001303406,2005441720,98786711488,1001252224,393.0131209999672,393.8585640007659
nymeria,cpu,fixed_resampling,nymeria__only_body_velocity__gemma3_1b,gemma3_1b,only_body_velocity,51182,204728,1521600,81,28468,22714,0.23558100110676605,2.477321003454458,2.477321003454458,1001303406,2005441720,98786393536,1001252224,393.0131209999672,393.76204399923154
nymeria,cpu,finetune_encoders,nymeria__only_body_velocity__gemma3_1b,gemma3_1b,only_body_velocity,51182,204728,1839552,81,28468,22714,0.23438100106432103,2.556771999508678,2.556771999508678,1001303406,2005441720,98786711488,1001252224,393.0131209999672,393.85436400152685
nymeria,cpu,no_alignment,nymeria__only_body_velocity__gemma3_1b,gemma3_1b,only_body_velocity,51182,204728,1839552,81,28468,22714,0.23224999858939555,2.554819998323987,2.554819998323987,1001303406,2005441720,98786711488,1001252224,393.0131209999672,393.8557639994542
nymeria,cpu,no_usage,nymeria__only_body_velocity__gemma3_1b,gemma3_1b,only_body_velocity,51182,204728,1839552,81,28468,22714,0.23464100013370626,2.555151998450933,2.555151998450933,1001303406,2005441720,98786711488,1001252224,393.0131209999672,393.8534440003423
nymeria,cpu,tcn,nymeria__only_body_velocity__gemma3_1b,gemma3_1b,only_body_velocity,20710,82840,1268928,205452,20710,0,0.36635099968407303,166.76548100205747,166.76548100205747,1001272934,2005319832,132730131136,1001252224,406.60709900112124,407.32832200228586
nymeria,cpu,ts_transformer,nymeria__only_body_velocity__gemma3_1b,gemma3_1b,only_body_velocity,33574,134296,2317504,205452,33574,0,0.4042109994770726,166.8062619986993,166.8062619986993,1001285798,2005371288,132731179712,1001252224,406.60709900112124,407.3604320001323
nymeria,cpu,patchtst,nymeria__only_body_velocity__gemma3_1b,gemma3_1b,only_body_velocity,31590,126360,25176384,205452,31590,0,0.6156630006444175,167.01460300047967,167.01460300047967,1001283814,2005363352,97398377792,1001252224,396.52369399846066,397.43244699820934
nymeria,cpu,distrixsense,nymeria__only_eye_images__gemma3_1b,gemma3_1b,only_eye_images,72004,288016,3472384,164,29556,42448,0.2761409996310249,2.5922619991743936,4.884033000660757,1001324228,2005525008,112911308288,1001252224,412.7263000009407,413.92143400116765
nymeria,cpu,dense,nymeria__only_eye_images__gemma3_1b,gemma3_1b,only_eye_images,63092,252368,6714368,8648,27508,35584,0.2716609997150954,5.9055120003492805,11.524983000262617,1001315316,2005489360,181027450368,1001252224,420.29508799896576,421.40819099768123
nymeria,cpu,dense_tokens,nymeria__only_eye_images__gemma3_1b,gemma3_1b,only_eye_images,67844,271376,3439616,2200,27508,40336,0.23090099966793787,3.336581999969785,6.429651999487541,1001320068,2005508368,112911275520,1001252224,412.7263000009407,413.79517300083535
nymeria,cpu,raw,nymeria__only_eye_images__gemma3_1b,gemma3_1b,only_eye_images,63092,252368,6714368,15968,63092,0,0.6320320007944247,9.040692001220002,17.437022001982527,1001315316,2005489360,181027450368,1001252224,420.29508799896576,421.3520019984571
nymeria,cpu,early_fusion,nymeria__only_eye_images__gemma3_1b,gemma3_1b,only_eye_images,40532,162128,2808832,15968,40532,0,0.5624019995593699,8.971103998631285,17.36743399757482,1001292756,2005399120,135560418816,1001252224,412.74717999840504,413.6382129981939
nymeria,cpu,late_fusion,nymeria__only_eye_images__gemma3_1b,gemma3_1b,only_eye_images,36244,144976,2254080,176,0,36244,0.029189999622758478,2.2958409992019644,4.536742000977811,999922196,1999916880,112866443008,999885952,412.7263000009407,413.32561200215423
nymeria,cpu,local_only,nymeria__only_eye_images__gemma3_1b,gemma3_1b,only_eye_images,36244,144976,2254080,104,0,36244,0.03685000046971254,2.2682300016344756,4.484510000597732,999922196,1999916880,112866443008,999885952,412.7263000009407,413.3564820003812
nymeria,cpu,bottleneck,nymeria__only_eye_images__gemma3_1b,gemma3_1b,only_eye_images,63676,254704,6747136,1368,27828,35848,0.2825310002663173,3.0282820009879536,5.750763001326099,1001315900,2005491696,181027483136,1001252224,420.29508799896576,421.4671919999091
nymeria,cpu,tokenlearner,nymeria__only_eye_images__gemma3_1b,gemma3_1b,only_eye_images,65732,262928,3406848,2200,27508,38224,0.24147099975380115,3.342661999335978,6.427522999719949,1001317956,2005499920,112911242752,1001252224,412.7263000009407,413.7813340003049
nymeria,cpu,posthoc_vq,nymeria__only_eye_images__gemma3_1b,gemma3_1b,only_eye_images,69236,276944,6845440,392,29556,39680,0.3203710002708249,2.7623520025256556,5.180933003043314,1001321460,2005513936,181027581440,1001252224,420.29508799896576,421.7221629987762
nymeria,cpu,joint_vq,nymeria__only_eye_images__gemma3_1b,gemma3_1b,only_eye_images,73988,295952,3472384,164,29556,44432,0.27640100051939953,2.657191997363139,5.020572997335158,1001326212,2005532944,112911308288,1001252224,412.7263000009407,414.0588749996823
nymeria,cpu,deepconvlstm,nymeria__only_eye_images__gemma3_1b,gemma3_1b,only_eye_images,62026,248104,3891840,15968,62026,0,0.44552200051839463,8.85448200140933,17.25097200229878,1001314250,2005485096,135561501824,1001252224,412.74717999840504,413.5631529989041
nymeria,cpu,unrestricted_bank,nymeria__only_eye_images__gemma3_1b,gemma3_1b,only_eye_images,74116,296464,3505152,164,29556,44560,0.24613099958514795,2.5607020000589777,4.844252997525665,1001326340,2005533456,112911341056,1001252224,412.7263000009407,413.8873940028134
nymeria,cpu,separate_banks,nymeria__only_eye_images__gemma3_1b,gemma3_1b,only_eye_images,72004,288016,3472384,164,29556,42448,0.28784099959011655,2.5994009978004264,4.889831997086922,1001324228,2005525008,112911308288,1001252224,412.7263000009407,413.91976499835437
nymeria,cpu,fixed_resampling,nymeria__only_eye_images__gemma3_1b,gemma3_1b,only_eye_images,72004,288016,2923520,164,29556,42448,0.2733410001383163,2.5088720015756785,4.723512000662787,1001324228,2005525008,112910759424,1001252224,412.7263000009407,413.7524020006822
nymeria,cpu,finetune_encoders,nymeria__only_eye_images__gemma3_1b,gemma3_1b,only_eye_images,72004,288016,3472384,164,29556,42448,0.2776910005195532,2.591411999978032,4.880332999771973,1001324228,2005525008,112911308288,1001252224,412.7263000009407,413.91501399994013
nymeria,cpu,no_alignment,nymeria__only_eye_images__gemma3_1b,gemma3_1b,only_eye_images,72004,288016,3472384,164,29556,42448,0.2776910005195532,2.591932001754781,4.882703002902609,1001324228,2005525008,112911308288,1001252224,412.7263000009407,413.9151240015053
nymeria,cpu,no_usage,nymeria__only_eye_images__gemma3_1b,gemma3_1b,only_eye_images,72004,288016,3472384,164,29556,42448,0.27856099950440694,2.589891997862747,4.880452994864946,1001324228,2005525008,112911308288,1001252224,412.7263000009407,413.90859500097577
nymeria,cpu,tcn,nymeria__only_eye_images__gemma3_1b,gemma3_1b,only_eye_images,26388,105552,1622784,15968,26388,0,0.46138099969539326,8.870320998978848,17.266570998768415,1001278612,2005342544,135559232768,1001252224,412.74717999840504,413.55046299759124
nymeria,cpu,ts_transformer,nymeria__only_eye_images__gemma3_1b,gemma3_1b,only_eye_images,39252,157008,2671360,15968,39252,0,0.5014420003135456,8.912252000739379,17.309112000444415,1001291476,2005394000,135560281344,1001252224,412.74717999840504,413.59328299586195
nymeria,cpu,patchtst,nymeria__only_eye_images__gemma3_1b,gemma3_1b,only_eye_images,35348,141392,46658688,15968,35348,0,0.8160529996530386,9.224352996609802,17.620622996187862,1001287572,2005378384,100237958272,1001252224,414.28169600112597,415.3773200014257
nymeria,cpu,distrixsense,nymeria__only_foot_contacts__gemma3_1b,gemma3_1b,only_foot_contacts,35712,142848,857792,81,28468,7244,0.23342099848377984,2.5477709978366736,2.5477709978366736,1001287936,2005379840,98785729728,1001252224,393.0131209999672,393.8497629987978
nymeria,cpu,dense,nymeria__only_foot_contacts__gemma3_1b,gemma3_1b,only_foot_contacts,31256,125024,2233024,4324,27444,3812,0.22090099992055912,5.852870999983442,5.852870999983442,1001283480,2005362016,132731095232,1001252224,406.60709900112124,407.38967200013576
nymeria,cpu,dense_tokens,nymeria__only_foot_contacts__gemma3_1b,gemma3_1b,only_foot_contacts,33632,134528,841408,1100,27444,6188,0.20159099949523807,3.3071819998393766,3.3071819998393766,1001285856,2005371520,98785713344,1001252224,393.0131209999672,393.7705440002901
nymeria,cpu,raw,nymeria__only_foot_contacts__gemma3_1b,gemma3_1b,only_foot_contacts,31256,125024,2233024,14696,31256,0,0.4487919995881384,14.227251997898636,14.227251997898636,1001283480,2005362016,132731095232,1001252224,406.60709900112124,407.37902200089593
nymeria,cpu,early_fusion,nymeria__only_foot_contacts__gemma3_1b,gemma3_1b,only_foot_contacts,27672,110688,2005696,14696,27672,0,0.4509720001806272,14.229442001113854,14.229442001113854,1001279896,2005347680,132730867904,1001252224,406.60709900112124,407.38539999983914
nymeria,cpu,late_fusion,nymeria__only_foot_contacts__gemma3_1b,gemma3_1b,only_foot_contacts,4142,16568,240000,88,0,4142,0.02365000000281725,2.284820999327558,2.284820999327558,999890094,1999788472,110042496896,999885952,400.3555569997843,400.762579000002
nymeria,cpu,local_only,nymeria__only_foot_contacts__gemma3_1b,gemma3_1b,only_foot_contacts,4142,16568,240000,52,0,4142,0.02812000093399547,2.2619810017817885,2.2619810017817885,999890094,1999788472,110042496896,999885952,400.3555569997843,400.7733879989246
nymeria,cpu,bottleneck,nymeria__only_foot_contacts__gemma3_1b,gemma3_1b,only_foot_contacts,31548,126192,2249408,684,27604,3944,0.22255099975154735,2.9632410007898464,2.9632410007898464,1001283772,2005363184,132731111616,1001252224,406.60709900112124,407.4137520019576
nymeria,cpu,tokenlearner,nymeria__only_foot_contacts__gemma3_1b,gemma3_1b,only_foot_contacts,32576,130304,825024,1100,27444,5132,0.2016300004470395,3.306661001256434,3.306661001256434,1001284800,2005367296,98785696960,1001252224,393.0131209999672,393.76208299836435
nymeria,cpu,posthoc_vq,nymeria__only_foot_contacts__gemma3_1b,gemma3_1b,only_foot_contacts,33304,133216,2298560,192,28468,4836,0.25173100038955454,2.6828120004014577,2.6828120004014577,1001285528,2005370208,132731160768,1001252224,406.60709900112124,407.55357300076867
nymeria,cpu,joint_vq,nymeria__only_foot_contacts__gemma3_1b,gemma3_1b,only_foot_contacts,35680,142720,857792,81,28468,7212,0.23484099983761553,2.6164519977391,2.6164519977391,1001287904,2005379712,98785729728,1001252224,393.0131209999672,393.9249539998855
nymeria,cpu,deepconvlstm,nymeria__only_foot_contacts__gemma3_1b,gemma3_1b,only_foot_contacts,33390,133560,2075008,14696,33390,0,0.3459109993855236,14.124521000657184,14.124521000657184,1001285614,2005370552,132730937216,1001252224,406.60709900112124,407.27604100175085
nymeria,cpu,unrestricted_bank,nymeria__only_foot_contacts__gemma3_1b,gemma3_1b,only_foot_contacts,35712,142848,857792,81,28468,7244,0.21971099886286538,2.5307719998016953,2.5307719998016953,1001287936,2005379840,98785729728,1001252224,393.0131209999672,393.82802399995853
nymeria,cpu,separate_banks,nymeria__only_foot_contacts__gemma3_1b,gemma3_1b,only_foot_contacts,35712,142848,857792,81,28468,7244,0.2462209995428566,2.5536119983661454,2.5536119983661454,1001287936,2005379840,98785729728,1001252224,393.0131209999672,393.85149299960176
nymeria,cpu,fixed_resampling,nymeria__only_foot_contacts__gemma3_1b,gemma3_1b,only_foot_contacts,35712,142848,856000,81,28468,7244,0.24221999956353102,2.482449998780689,2.482449998780689,1001287936,2005379840,98785727936,1001252224,393.0131209999672,393.76275400172744
nymeria,cpu,finetune_encoders,nymeria__only_foot_contacts__gemma3_1b,gemma3_1b,only_foot_contacts,35712,142848,857792,81,28468,7244,0.24793099873932078,2.558971001264476,2.558971001264476,1001287936,2005379840,98785729728,1001252224,393.0131209999672,393.84573500137776
nymeria,cpu,no_alignment,nymeria__only_foot_contacts__gemma3_1b,gemma3_1b,only_foot_contacts,35712,142848,857792,81,28468,7244,0.2372310009377543,2.548290999613423,2.548290999613423,1001287936,2005379840,98785729728,1001252224,393.0131209999672,393.8533539985656
nymeria,cpu,no_usage,nymeria__only_foot_contacts__gemma3_1b,gemma3_1b,only_foot_contacts,35712,142848,857792,81,28468,7244,0.2365809996263124,2.5526510007984005,2.5526510007984005,1001287936,2005379840,98785729728,1001252224,393.0131209999672,393.8459849996434
nymeria,cpu,tcn,nymeria__only_foot_contacts__gemma3_1b,gemma3_1b,only_foot_contacts,13560,54240,819648,14696,13560,0,0.3594610006985022,14.138291001462564,14.138291001462564,1001265784,2005291232,132729681856,1001252224,406.60709900112124,407.2897610003565
nymeria,cpu,ts_transformer,nymeria__only_foot_contacts__gemma3_1b,gemma3_1b,only_foot_contacts,26424,105696,1868224,14696,26424,0,0.3928119986085221,14.171721998526552,14.171721998526552,1001278648,2005342688,132730730432,1001252224,406.60709900112124,407.33640100188495
nymeria,cpu,patchtst,nymeria__only_foot_contacts__gemma3_1b,gemma3_1b,only_foot_contacts,26520,106080,1447744,14696,26520,0,0.45254100041347556,14.231131000077655,14.231131000077655,1001278744,2005343072,97374649152,1001252224,396.52369399846066,397.24591699632583
nymeria,cpu,distrixsense,nymeria__only_gaze__gemma3_1b,gemma3_1b,only_gaze,43700,174800,1676544,164,29556,14144,0.2829610002663685,2.5848220014578196,4.8647129994316956,1001295924,2005411792,112909512448,1001252224,412.7263000009407,413.891493999472
nymeria,cpu,dense,nymeria__only_gaze__gemma3_1b,gemma3_1b,only_gaze,34788,139152,4918528,8648,27508,7280,0.27139099984196946,5.896202001490328,11.503731999900518,1001287012,2005376144,181025654528,1001252224,420.29508799896576,421.38954199981526
nymeria,cpu,dense_tokens,nymeria__only_gaze__gemma3_1b,gemma3_1b,only_gaze,39540,158160,1643776,2200,27508,12032,0.22967099903326016,3.324002000222099,6.406443000732688,1001291764,2005395152,112909479680,1001252224,412.7263000009407,413.7647640018258
nymeria,cpu,raw,nymeria__only_gaze__gemma3_1b,gemma3_1b,only_gaze,34788,139152,4918528,1048,34788,0,0.6254330000956543,3.0647629991251044,5.4926329992953455,1001287012,2005376144,181025654528,1001252224,420.29508799896576,421.3424909976311
nymeria,cpu,early_fusion,nymeria__only_gaze__gemma3_1b,gemma3_1b,only_gaze,27844,111376,2012416,1048,27844,0,0.539841999852797,2.979352000616654,5.406872001759801,1001280068,2005348368,135559622400,1001252224,412.74717999840504,413.62885299713525
nymeria,cpu,late_fusion,nymeria__only_gaze__gemma3_1b,gemma3_1b,only_gaze,7940,31760,458240,176,0,7940,0.028540000130305998,2.2748600005319806,4.507271002053003,999893892,1999803664,112864647168,999885952,412.7263000009407,413.320122001096
nymeria,cpu,local_only,nymeria__only_gaze__gemma3_1b,gemma3_1b,only_gaze,7940,31760,458240,104,0,7940,0.03704000118887052,2.2588500007873167,4.466389999411115,999893892,1999803664,112864647168,999885952,412.7263000009407,413.3386730009079
nymeria,cpu,bottleneck,nymeria__only_gaze__gemma3_1b,gemma3_1b,only_gaze,35372,141488,4951296,1368,27828,7544,0.27697099903889466,3.0115209995265353,5.7284110012388325,1001287596,2005378480,181025687296,1001252224,420.29508799896576,421.43857199880586
nymeria,cpu,tokenlearner,nymeria__only_gaze__gemma3_1b,gemma3_1b,only_gaze,37428,149712,1611008,2200,27508,9920,0.23491100000683218,3.3312319992500123,6.408721999823465,1001289652,2005386704,112909446912,1001252224,412.7263000009407,413.75912399962544
nymeria,cpu,posthoc_vq,nymeria__only_gaze__gemma3_1b,gemma3_1b,only_gaze,40932,163728,5049600,392,29556,11376,0.3153309990011621,2.748501998928329,5.155862998048682,1001293156,2005400720,181025785600,1001252224,420.29508799896576,421.6970540001057
nymeria,cpu,joint_vq,nymeria__only_gaze__gemma3_1b,gemma3_1b,only_gaze,45684,182736,1676544,164,29556,16128,0.27370099996915087,2.6495719997311475,5.003053000717237,1001297908,2005419728,112909512448,1001252224,412.7263000009407,414.0375850020064
nymeria,cpu,deepconvlstm,nymeria__only_gaze__gemma3_1b,gemma3_1b,only_gaze,33722,134888,2096000,1048,33722,0,0.433860999692115,2.873070999990613,5.30079099901868,1001285946,2005371880,135559705984,1001252224,412.74717999840504,413.522862998434
nymeria,cpu,unrestricted_bank,nymeria__only_gaze__gemma3_1b,gemma3_1b,only_gaze,45812,183248,1709312,164,29556,16256,0.24043099983828142,2.5449930002051637,4.826463001034618,1001298036,2005420240,112909545216,1001252224,412.7263000009407,413.87174400188087
nymeria,cpu,separate_banks,nymeria__only_gaze__gemma3_1b,gemma3_1b,only_gaze,43700,174800,1676544,164,29556,14144,0.2868409992515808,2.588421997947176,4.869672999728401,1001295924,2005411792,112909512448,1001252224,412.7263000009407,413.89826300292043
nymeria,cpu,fixed_resampling,nymeria__only_gaze__gemma3_1b,gemma3_1b,only_gaze,43700,174800,1674240,164,29556,14144,0.2787510002235649,2.5091919981915503,4.7199019979127215,1001295924,2005411792,112909510144,1001252224,412.7263000009407,413.74969400021655
nymeria,cpu,finetune_encoders,nymeria__only_gaze__gemma3_1b,gemma3_1b,only_gaze,43700,174800,1676544,164,29556,14144,0.27761099954659585,2.5819619989616562,4.864782999600912,1001295924,2005411792,112909512448,1001252224,412.7263000009407,413.92394400099874
nymeria,cpu,no_alignment,nymeria__only_gaze__gemma3_1b,gemma3_1b,only_gaze,43700,174800,1676544,164,29556,14144,0.2779810001811711,2.5876419989200308,4.869722998290136,1001295924,2005411792,112909512448,1001252224,412.7263000009407,413.903394000954
nymeria,cpu,no_usage,nymeria__only_gaze__gemma3_1b,gemma3_1b,only_gaze,43700,174800,1676544,164,29556,14144,0.2753509998001391,2.5748020001029595,4.856362999515305,1001295924,2005411792,112909512448,1001252224,412.7263000009407,413.8928339998529
nymeria,cpu,tcn,nymeria__only_gaze__gemma3_1b,gemma3_1b,only_gaze,13700,54800,826368,1048,13700,0,0.4474810011743102,2.8870420009440743,5.314731999379909,1001265924,2005291792,135558436352,1001252224,412.74717999840504,413.5392829975899
nymeria,cpu,ts_transformer,nymeria__only_gaze__gemma3_1b,gemma3_1b,only_gaze,26564,106256,1874944,1048,26564,0,0.4955219992552884,2.93477200094976,5.362372001246875,1001278788,2005343248,135559484928,1001252224,412.74717999840504,413.5737929991592
nymeria,cpu,patchtst,nymeria__only_gaze__gemma3_1b,gemma3_1b,only_gaze,26564,106256,2168704,1048,26564,0,0.5488520000653807,2.9885319981219247,5.416331998122949,1001278788,2005343248,100193468288,1001252224,414.28169600112597,415.11348899985023
nymeria,cpu,distrixsense,nymeria__only_imu__gemma3_1b,gemma3_1b,only_imu,96836,387344,7606656,672,36084,60752,0.5220020011620363,3.2292439994535873,11.080777999541512,1001349060,2005624336,198100509568,1001252224,429.2976100005035,432.64568199992937
nymeria,cpu,dense,nymeria__only_imu__gemma3_1b,gemma3_1b,only_imu,61188,244752,32371072,34592,27892,33296,0.7109729995136149,10.076193998572743,37.980097997778934,1001313412,2005481744,475974943616,1001252224,520.1788110007328,523.6543329992855
nymeria,cpu,dense_tokens,nymeria__only_imu__gemma3_1b,gemma3_1b,only_imu,80196,320784,7475584,8800,27892,52304,0.4346919995441567,4.751793000139296,17.47219800358929,1001332420,2005557776,198100378496,1001252224,429.2976100005035,432.2919810001622
nymeria,cpu,raw,nymeria__only_imu__gemma3_1b,gemma3_1b,only_imu,61188,244752,32371072,616576,61188,0,2.1523280011024326,127.60102900308539,503.70407900327336,1001313412,2005481744,475974943616,1001252224,520.1788110007328,523.5414729995682
nymeria,cpu,early_fusion,nymeria__only_imu__gemma3_1b,gemma3_1b,only_imu,30244,120976,2136448,616576,30244,0,1.4914349994796794,126.94233499776146,503.0502249976962,1001282468,2005357968,152550124416,1001252224,416.15807300149754,418.36220000186586
nymeria,cpu,late_fusion,nymeria__only_imu__gemma3_1b,gemma3_1b,only_imu,35936,143744,2097152,704,0,35936,0.06509000013465993,2.6825219999799272,10.354256003639824,999921888,1999915648,129815769600,999885952,412.7191509996919,414.83848899952136
nymeria,cpu,local_only,nymeria__only_imu__gemma3_1b,gemma3_1b,only_imu,35936,143744,2097152,416,0,35936,0.09202999899571296,2.6516820007445525,10.14579700125237,999921888,1999915648,129815769600,999885952,412.7191509996919,414.8050379990309
nymeria,cpu,bottleneck,nymeria__only_imu__gemma3_1b,gemma3_1b,only_imu,63524,254096,32502144,5472,29172,34352,0.7476730006601429,4.312845002450608,14.829589004839562,1001315748,2005491088,475975074688,1001252224,520.1788110007328,523.6952940012998
nymeria,cpu,tokenlearner,nymeria__only_imu__gemma3_1b,gemma3_1b,only_imu,71748,286992,7344512,8800,27892,43856,0.4185520010651089,4.713253998886794,17.382007997867767,1001323972,2005523984,198100247424,1001252224,429.2976100005035,432.2016599999188
nymeria,cpu,posthoc_vq,nymeria__only_imu__gemma3_1b,gemma3_1b,only_imu,102148,408592,32895360,1632,36084,66064,0.8127420005621389,3.7611239994094707,12.363929997656983,1001354372,2005645584,475975467904,1001252224,520.1788110007328,524.4608160010102
nymeria,cpu,joint_vq,nymeria__only_imu__gemma3_1b,gemma3_1b,only_imu,121156,484624,7606656,672,36084,85072,0.5151210007170448,3.3361040025966706,11.562040999070065,1001373380,2005721616,198100509568,1001252224,429.2976100005035,433.0614330010576
nymeria,cpu,deepconvlstm,nymeria__only_imu__gemma3_1b,gemma3_1b,only_imu,40922,163688,2551424,616576,40922,0,1.3718749996769475,126.81995499867753,502.93023700060075,1001293146,2005400680,152550539392,1001252224,416.15807300149754,418.239190001259
nymeria,cpu,unrestricted_bank,nymeria__only_imu__gemma3_1b,gemma3_1b,only_imu,155972,623888,8524160,672,36084,119888,0.4457619997992879,3.1465940013050333,11.010359000738733,1001408196,2005860880,198101427072,1001252224,429.2976100005035,432.53789200025494
nymeria,cpu,separate_banks,nymeria__only_imu__gemma3_1b,gemma3_1b,only_imu,96836,387344,7606656,672,36084,60752,0.5399620004027383,3.230393000490125,11.080438001318159,1001349060,2005624336,198100509568,1001252224,429.2976100005035,432.59882100028335
nymeria,cpu,fixed_resampling,nymeria__only_imu__gemma3_1b,gemma3_1b,only_imu,96836,387344,7579008,672,36084,60752,0.5152619996806607,3.0830130020377458,10.544157004278874,1001349060,2005624336,198100481920,1001252224,429.2976100005035,432.0164710006793
nymeria,cpu,finetune_encoders,nymeria__only_imu__gemma3_1b,gemma3_1b,only_imu,96836,387344,7606656,672,36084,60752,0.5186620001040865,3.2057940009736687,11.046539998733694,1001349060,2005624336,198100509568,1001252224,429.2976100005035,432.58837099892844
nymeria,cpu,no_alignment,nymeria__only_imu__gemma3_1b,gemma3_1b,only_imu,96836,387344,7606656,672,36084,60752,0.5084519998490578,3.2059839998738373,11.054599000363284,1001349060,2005624336,198100509568,1001252224,429.2976100005035,432.55802200292237
nymeria,cpu,no_usage,nymeria__only_imu__gemma3_1b,gemma3_1b,only_imu,96836,387344,7606656,672,36084,60752,0.5169510004634503,3.2099330004030837,11.054548003176366,1001349060,2005624336,198100509568,1001252224,429.2976100005035,432.5911109990557
nymeria,cpu,tcn,nymeria__only_imu__gemma3_1b,gemma3_1b,only_imu,15908,63632,950400,616576,15908,0,1.3757549986621598,126.82311599844525,502.9270079997332,1001268132,2005300624,152548938368,1001252224,416.15807300149754,418.20294100034516
nymeria,cpu,ts_transformer,nymeria__only_imu__gemma3_1b,gemma3_1b,only_imu,28772,115088,1998976,616576,28772,0,1.5245159993355628,126.9764859981251,503.0854260005981,1001280996,2005352080,152549986944,1001252224,416.15807300149754,418.27323000143224
nymeria,cpu,patchtst,nymeria__only_imu__gemma3_1b,gemma3_1b,only_imu,27236,108944,17322496,616576,27236,0,1.6251659999397816,127.0755260002943,503.1848560013714,1001279460,2005345936,117135102464,1001252224,403.3654979994026,405.61127599903557
nymeria,cpu,distrixsense,nymeria__only_joint_angles__gemma3_1b,gemma3_1b,only_joint_angles,51182,204728,1839552,81,28468,22714,0.2458909984852653,2.5844319980314,2.5844319980314,1001303406,2005441720,98786711488,1001252224,393.0131209999672,393.8975940018281
nymeria,cpu,dense,nymeria__only_joint_angles__gemma3_1b,gemma3_1b,only_joint_angles,46726,186904,3214784,4324,27444,19282,0.22062000061850995,5.878830001488258,5.878830001488258,1001298950,2005423896,132732076992,1001252224,406.60709900112124,407.4406520012417
nymeria,cpu,dense_tokens,nymeria__only_joint_angles__gemma3_1b,gemma3_1b,only_joint_angles,49102,196408,1823168,1100,27444,21658,0.20510000103968196,3.337090998679632,3.337090998679632,1001301326,2005433400,98786695104,1001252224,393.0131209999672,393.78774400029215
nymeria,cpu,raw,nymeria__only_joint_angles__gemma3_1b,gemma3_1b,only_joint_angles,46726,186904,3214784,205452,46726,0,0.4752220011141617,166.87284200217601,166.87284200217601,1001298950,2005423896,132732076992,1001252224,406.60709900112124,407.429762000902
nymeria,cpu,early_fusion,nymeria__only_joint_angles__gemma3_1b,gemma3_1b,only_joint_angles,34822,139288,2454976,205452,34822,0,0.45039100041321944,166.8480610000368,166.8480610000368,1001287046,2005376280,132731317184,1001252224,406.60709900112124,407.4141020009847
nymeria,cpu,late_fusion,nymeria__only_joint_angles__gemma3_1b,gemma3_1b,only_joint_angles,19612,78448,1221760,88,0,19612,0.02390100053162314,2.29525199951916,2.29525199951916,999905564,1999850352,110043478656,999885952,400.3555569997843,400.78030900076556
nymeria,cpu,local_only,nymeria__only_joint_angles__gemma3_1b,gemma3_1b,only_joint_angles,19612,78448,1221760,52,0,19612,0.028509999538073316,2.2737600022696656,2.2737600022696656,999905564,1999850352,110043478656,999885952,400.3555569997843,400.80030800163513
nymeria,cpu,bottleneck,nymeria__only_joint_angles__gemma3_1b,gemma3_1b,only_joint_angles,47018,188072,3231168,684,27604,19414,0.2226309989055153,2.9766819991628175,2.9766819991628175,1001299242,2005425064,132732093376,1001252224,406.60709900112124,407.42989200225566
nymeria,cpu,tokenlearner,nymeria__only_joint_angles__gemma3_1b,gemma3_1b,only_joint_angles,48046,192184,1806784,1100,27444,20602,0.20685099843831267,3.31931199797953,3.31931199797953,1001300270,2005429176,98786678720,1001252224,393.0131209999672,393.78496399876894
nymeria,cpu,posthoc_vq,nymeria__only_joint_angles__gemma3_1b,gemma3_1b,only_joint_angles,48774,195096,3280320,192,28468,20306,0.2606109992484562,2.708330997464503,2.708330997464503,1001300998,2005432088,132732142528,1001252224,406.60709900112124,407.56890200282214
nymeria,cpu,joint_vq,nymeria__only_joint_angles__gemma3_1b,gemma3_1b,only_joint_angles,51150,204600,1839552,81,28468,22682,0.23964100000739563,2.634971998333535,2.634971998333535,1001303374,2005441592,98786711488,1001252224,393.0131209999672,393.93511500202294
nymeria,cpu,deepconvlstm,nymeria__only_joint_angles__gemma3_1b,gemma3_1b,only_joint_angles,48860,195440,3056768,205452,48860,0,0.3605210004025139,166.7582109998146,166.7582109998146,1001301084,2005432432,132731918976,1001252224,406.60709900112124,407.32252100133337
nymeria,cpu,unrestricted_bank,nymeria__only_joint_angles__gemma3_1b,gemma3_1b,only_joint_angles,51182,204728,1839552,81,28468,22714,0.22052100030123256,2.541132001198898,2.541132001198898,1001303406,2005441720,98786711488,1001252224,393.0131209999672,393.8477830015472
nymeria,cpu,separate_banks,nymeria__only_joint_angles__gemma3_1b,gemma3_1b,only_joint_angles,51182,204728,1839552,81,28468,22714,0.2713710000534775,2.622502000151039,2.622502000151039,1001303406,2005441720,98786711488,1001252224,393.0131209999672,393.936684999062
nymeria,cpu,fixed_resampling,nymeria__only_joint_angles__gemma3_1b,gemma3_1b,only_joint_angles,51182,204728,1521600,81,28468,22714,0.2620610011945246,2.532461000584485,2.532461000584485,1001303406,2005441720,98786393536,1001252224,393.0131209999672,393.8385940000444
nymeria,cpu,finetune_encoders,nymeria__only_joint_angles__gemma3_1b,gemma3_1b,only_joint_angles,51182,204728,1839552,81,28468,22714,0.23577100000693463,2.584811999469716,2.584811999469716,1001303406,2005441720,98786711488,1001252224,393.0131209999672,393.85770500121
nymeria,cpu,no_alignment,nymeria__only_joint_angles__gemma3_1b,gemma3_1b,only_joint_angles,51182,204728,1839552,81,28468,22714,0.24671100072737318,2.565862000694219,2.565862000694219,1001303406,2005441720,98786711488,1001252224,393.0131209999672,393.8636550010415
nymeria,cpu,no_usage,nymeria__only_joint_angles__gemma3_1b,gemma3_1b,only_joint_angles,51182,204728,1839552,81,28468,22714,0.24538100115023553,2.5665419989599147,2.5665419989599147,1001303406,2005441720,98786711488,1001252224,393.0131209999672,393.8661629999842
nymeria,cpu,tcn,nymeria__only_joint_angles__gemma3_1b,gemma3_1b,only_joint_angles,20710,82840,1268928,205452,20710,0,0.37072200029797386,166.76839200174055,166.76839200174055,1001272934,2005319832,132730131136,1001252224,406.60709900112124,407.3324720029632
nymeria,cpu,ts_transformer,nymeria__only_joint_angles__gemma3_1b,gemma3_1b,only_joint_angles,33574,134296,2317504,205452,33574,0,0.41786200017668307,166.81583199844664,166.81583199844664,1001285798,2005371288,132731179712,1001252224,406.60709900112124,407.36717199979466
nymeria,cpu,patchtst,nymeria__only_joint_angles__gemma3_1b,gemma3_1b,only_joint_angles,31590,126360,25176384,205452,31590,0,0.6214919994818047,167.0203520001631,167.0203520001631,1001283814,2005363352,97398377792,1001252224,396.52369399846066,397.421776999181
nymeria,cpu,distrixsense,nymeria__only_magnetometer__gemma3_1b,gemma3_1b,only_magnetometer,43700,174800,1676544,164,29556,14144,0.2789210011542309,2.588831001352542,4.878921998777706,1001295924,2005411792,112909512448,1001252224,412.7263000009407,413.90615300042555
nymeria,cpu,dense,nymeria__only_magnetometer__gemma3_1b,gemma3_1b,only_magnetometer,34788,139152,4918528,8648,27508,7280,0.2716109993343707,5.898751999079413,11.510872999414895,1001287012,2005376144,181025654528,1001252224,420.29508799896576,421.3874630004284
nymeria,cpu,dense_tokens,nymeria__only_magnetometer__gemma3_1b,gemma3_1b,only_magnetometer,39540,158160,1643776,2200,27508,12032,0.23539999892818742,3.3325299973465734,6.417299997328664,1001291764,2005395152,112909479680,1001252224,412.7263000009407,413.77712399844313
nymeria,cpu,raw,nymeria__only_magnetometer__gemma3_1b,gemma3_1b,only_magnetometer,34788,139152,4918528,1048,34788,0,0.622812000074191,3.062432999209431,5.490082999887271,1001287012,2005376144,181025654528,1001252224,420.29508799896576,421.34482099936577
nymeria,cpu,early_fusion,nymeria__only_magnetometer__gemma3_1b,gemma3_1b,only_magnetometer,27844,111376,2012416,1048,27844,0,0.5481220014189603,2.9875820018020924,5.415282002860657,1001280068,2005348368,135559622400,1001252224,412.74717999840504,413.6275540004135
nymeria,cpu,late_fusion,nymeria__only_magnetometer__gemma3_1b,gemma3_1b,only_magnetometer,7940,31760,458240,176,0,7940,0.029460001314873807,2.279490001590084,4.513651003703544,999893892,1999803664,112864647168,999885952,412.7263000009407,413.3227930014982
nymeria,cpu,local_only,nymeria__only_magnetometer__gemma3_1b,gemma3_1b,only_magnetometer,7940,31760,458240,104,0,7940,0.03751999975065701,2.2630710002590435,4.4737720004695465,999893892,1999803664,112864647168,999885952,412.7263000009407,413.3565020019887
nymeria,cpu,bottleneck,nymeria__only_magnetometer__gemma3_1b,gemma3_1b,only_magnetometer,35372,141488,4951296,1368,27828,7544,0.291370999548235,3.02972099986712,5.753090998534439,1001287596,2005378480,181025687296,1001252224,420.29508799896576,421.45391199846927
nymeria,cpu,tokenlearner,nymeria__only_magnetometer__gemma3_1b,gemma3_1b,only_magnetometer,37428,149712,1611008,2200,27508,9920,0.2358209985686699,3.3296319979807594,6.41053300022555,1001289652,2005386704,112909446912,1001252224,412.7263000009407,413.75711300133844
nymeria,cpu,posthoc_vq,nymeria__only_magnetometer__gemma3_1b,gemma3_1b,only_magnetometer,40932,163728,5049600,392,29556,11376,0.3146520011796383,2.756353000938613,5.166984000947699,1001293156,2005400720,181025785600,1001252224,420.29508799896576,421.71358300038264
nymeria,cpu,joint_vq,nymeria__only_magnetometer__gemma3_1b,gemma3_1b,only_magnetometer,45684,182736,1676544,164,29556,16128,0.28224100060469937,2.6551919985050567,5.009662997206952,1001297908,2005419728,112909512448,1001252224,412.7263000009407,414.0394040005049
nymeria,cpu,deepconvlstm,nymeria__only_magnetometer__gemma3_1b,gemma3_1b,only_magnetometer,33722,134888,2096000,1048,33722,0,0.4353519998403499,2.874912002803921,5.302572006104491,1001285946,2005371880,135559705984,1001252224,412.74717999840504,413.5235329995339
nymeria,cpu,unrestricted_bank,nymeria__only_magnetometer__gemma3_1b,gemma3_1b,only_magnetometer,45812,183248,1709312,164,29556,16256,0.24804100030451082,2.560151999508985,4.849202998837619,1001298036,2005420240,112909545216,1001252224,412.7263000009407,413.8765540010354
nymeria,cpu,separate_banks,nymeria__only_magnetometer__gemma3_1b,gemma3_1b,only_magnetometer,43700,174800,1676544,164,29556,14144,0.28321100035100244,2.588241999850748,4.871412999517098,1001295924,2005411792,112909512448,1001252224,412.7263000009407,413.9006050008902
nymeria,cpu,fixed_resampling,nymeria__only_magnetometer__gemma3_1b,gemma3_1b,only_magnetometer,43700,174800,1674240,164,29556,14144,0.28551099967444316,2.5175109988905255,4.731631998464046,1001295924,2005411792,112909510144,1001252224,412.7263000009407,413.74165400156926
nymeria,cpu,finetune_encoders,nymeria__only_magnetometer__gemma3_1b,gemma3_1b,only_magnetometer,43700,174800,1676544,164,29556,14144,0.27853099891217425,2.5844319973967735,4.866352996639954,1001295924,2005411792,112909512448,1001252224,412.7263000009407,413.8926530013123
nymeria,cpu,no_alignment,nymeria__only_magnetometer__gemma3_1b,gemma3_1b,only_magnetometer,43700,174800,1676544,164,29556,14144,0.2773910000541946,2.5874219994276295,4.868192999009089,1001295924,2005411792,112909512448,1001252224,412.7263000009407,413.9144640012091
nymeria,cpu,no_usage,nymeria__only_magnetometer__gemma3_1b,gemma3_1b,only_magnetometer,43700,174800,1676544,164,29556,14144,0.280960999589297,2.5839519970159976,4.86934299685182,1001295924,2005411792,112909512448,1001252224,412.7263000009407,413.90202500224405
nymeria,cpu,tcn,nymeria__only_magnetometer__gemma3_1b,gemma3_1b,only_magnetometer,13700,54800,826368,1048,13700,0,0.4730420005216729,2.9125720010740217,5.340232000736613,1001265924,2005291792,135558436352,1001252224,412.74717999840504,413.5378219998529
nymeria,cpu,ts_transformer,nymeria__only_magnetometer__gemma3_1b,gemma3_1b,only_magnetometer,26564,106256,1874944,1048,26564,0,0.4966910000803182,2.9364010005480843,5.364371001479775,1001278788,2005343248,135559484928,1001252224,412.74717999840504,413.5742130001745
nymeria,cpu,patchtst,nymeria__only_magnetometer__gemma3_1b,gemma3_1b,only_magnetometer,26564,106256,2168704,1048,26564,0,0.5495519999385579,2.9888029984392226,5.416592995817517,1001278788,2005343248,100193468288,1001252224,414.28169600112597,415.1108280002518
nymeria,cpu,distrixsense,nymeria__only_pointcloud__gemma3_1b,gemma3_1b,only_pointcloud,37160,148640,949440,81,28468,8692,0.23369099835690577,2.4973119971326785,2.4973119971326785,1001289384,2005385632,98785821376,1001252224,393.0131209999672,393.7914929992985
nymeria,cpu,dense,nymeria__only_pointcloud__gemma3_1b,gemma3_1b,only_pointcloud,32704,130816,2324672,4324,27444,5260,0.21944099898973946,5.812522000592016,5.812522000592016,1001284928,2005367808,132731186880,1001252224,406.60709900112124,407.33665200059477
nymeria,cpu,dense_tokens,nymeria__only_pointcloud__gemma3_1b,gemma3_1b,only_pointcloud,35080,140320,933056,1100,27444,7636,0.2035710003838176,3.2629109973594312,3.2629109973594312,1001287304,2005377312,98785804992,1001252224,393.0131209999672,393.71634399867617
nymeria,cpu,raw,nymeria__only_pointcloud__gemma3_1b,gemma3_1b,only_pointcloud,32704,130816,2324672,96,32704,0,0.4061719992023427,2.4975319998386083,2.4975319998386083,1001284928,2005367808,132731186880,1001252224,406.60709900112124,407.32576100162987
nymeria,cpu,early_fusion,nymeria__only_pointcloud__gemma3_1b,gemma3_1b,only_pointcloud,28096,112384,2031808,96,28096,0,0.4153810004936531,2.5069110002415953,2.5069110002415953,1001280320,2005349376,132730894016,1001252224,406.60709900112124,407.3294510017149
nymeria,cpu,late_fusion,nymeria__only_pointcloud__gemma3_1b,gemma3_1b,only_pointcloud,5590,22360,331648,88,0,5590,0.023380000129691325,2.2391309977569382,2.2391309977569382,999891542,1999794264,110042588544,999885952,400.3555569997843,400.7203390010545
nymeria,cpu,local_only,nymeria__only_pointcloud__gemma3_1b,gemma3_1b,only_pointcloud,5590,22360,331648,52,0,5590,0.028210000891704112,2.2184500005709937,2.2184500005709937,999891542,1999794264,110042588544,999885952,400.3555569997843,400.73331799976586
nymeria,cpu,bottleneck,nymeria__only_pointcloud__gemma3_1b,gemma3_1b,only_pointcloud,32996,131984,2341056,684,27604,5392,0.2215409986092709,2.925671997464658,2.925671997464658,1001285220,2005368976,132731203264,1001252224,406.60709900112124,407.37435100163566
nymeria,cpu,tokenlearner,nymeria__only_pointcloud__gemma3_1b,gemma3_1b,only_pointcloud,34024,136096,916672,1100,27444,6580,0.2074509993690299,3.2729210015485295,3.2729210015485295,1001286248,2005373088,98785788608,1001252224,393.0131209999672,393.71682299861277
nymeria,cpu,posthoc_vq,nymeria__only_pointcloud__gemma3_1b,gemma3_1b,only_pointcloud,34752,139008,2390208,192,28468,6284,0.2598310002213111,2.648651999678253,2.648651999678253,1001286976,2005376000,132731252416,1001252224,406.60709900112124,407.49646200129064
nymeria,cpu,joint_vq,nymeria__only_pointcloud__gemma3_1b,gemma3_1b,only_pointcloud,37128,148512,949440,81,28468,8660,0.24289099928864744,2.580521998453955,2.580521998453955,1001289352,2005385504,98785821376,1001252224,393.0131209999672,393.867043998398
nymeria,cpu,deepconvlstm,nymeria__only_pointcloud__gemma3_1b,gemma3_1b,only_pointcloud,34838,139352,2166656,96,34838,0,0.29637099942192435,2.387571998556447,2.387571998556447,1001287062,2005376344,132731028864,1001252224,406.60709900112124,407.2314710010687
nymeria,cpu,unrestricted_bank,nymeria__only_pointcloud__gemma3_1b,gemma3_1b,only_pointcloud,37160,148640,949440,81,28468,8692,0.21007999930588994,2.4758009995201835,2.4758009995201835,1001289384,2005385632,98785821376,1001252224,393.0131209999672,393.766933999359
nymeria,cpu,separate_banks,nymeria__only_pointcloud__gemma3_1b,gemma3_1b,only_pointcloud,37160,148640,949440,81,28468,8692,0.2406210005574394,2.504583001638716,2.504583001638716,1001289384,2005385632,98785821376,1001252224,393.0131209999672,393.79801399809367
nymeria,cpu,fixed_resampling,nymeria__only_pointcloud__gemma3_1b,gemma3_1b,only_pointcloud,37160,148640,937920,81,28468,8692,0.2350309987377841,2.4320409984574187,2.4320409984574187,1001289384,2005385632,98785809856,1001252224,393.0131209999672,393.71781299996655
nymeria,cpu,finetune_encoders,nymeria__only_pointcloud__gemma3_1b,gemma3_1b,only_pointcloud,37160,148640,949440,81,28468,8692,0.24251099966932088,2.508541997514735,2.508541997514735,1001289384,2005385632,98785821376,1001252224,393.0131209999672,393.7888740001654
nymeria,cpu,no_alignment,nymeria__only_pointcloud__gemma3_1b,gemma3_1b,only_pointcloud,37160,148640,949440,81,28468,8692,0.234421000641305,2.4981810011303285,2.4981810011303285,1001289384,2005385632,98785821376,1001252224,393.0131209999672,393.7948340008006
nymeria,cpu,no_usage,nymeria__only_pointcloud__gemma3_1b,gemma3_1b,only_pointcloud,37160,148640,949440,81,28468,8692,0.2347209992876742,2.5014020002635196,2.5014020002635196,1001289384,2005385632,98785821376,1001252224,393.0131209999672,393.8069439991523
nymeria,cpu,tcn,nymeria__only_pointcloud__gemma3_1b,gemma3_1b,only_pointcloud,13984,55936,845760,96,13984,0,0.31827100065129343,2.4096309994685696,2.4096309994685696,1001266208,2005292928,132729707968,1001252224,406.60709900112124,407.23048000108975
nymeria,cpu,ts_transformer,nymeria__only_pointcloud__gemma3_1b,gemma3_1b,only_pointcloud,26848,107392,1894336,96,26848,0,0.3561020002962323,2.447321998775075,2.447321998775075,1001279072,2005344384,132730756544,1001252224,406.60709900112124,407.27484000126424
nymeria,cpu,patchtst,nymeria__only_pointcloud__gemma3_1b,gemma3_1b,only_pointcloud,26688,106752,4339008,96,26688,0,0.43586200081335846,2.5274320001382846,2.5274320001382846,1001278912,2005343744,97377540416,1001252224,396.52369399846066,397.2119259997271
nymeria,cpu,distrixsense,nymeria__only_rgb__gemma3_1b,gemma3_1b,only_rgb,332180,1328720,20755584,332,31732,300448,0.3556809988367604,2.716521999569819,9.643136000291001,1001584404,2006565712,141238417024,1001252224,413.07670199967106,415.0873190010316
nymeria,cpu,dense,nymeria__only_rgb__gemma3_1b,gemma3_1b,only_rgb,314356,1257424,29205632,17296,27636,286720,0.3930309994757408,6.081402000158723,23.056035000462504,1001566580,2006494416,278372345472,1001252224,454.51597800092713,456.47081500101194
nymeria,cpu,dense_tokens,nymeria__only_rgb__gemma3_1b,gemma3_1b,only_rgb,323860,1295440,20690048,4400,27636,296224,0.33155100027215667,3.494742000834667,12.88067400126194,1001576084,2006532432,141238351488,1001252224,413.07670199967106,414.8857380005211
nymeria,cpu,raw,nymeria__only_rgb__gemma3_1b,gemma3_1b,only_rgb,314356,1257424,29205632,188928,314356,0,1.151843998741242,59.86794399802736,160.37291399896213,1001566580,2006494416,278372345472,1001252224,454.51597800092713,456.61252600075386
nymeria,cpu,early_fusion,nymeria__only_rgb__gemma3_1b,gemma3_1b,only_rgb,203668,814672,13159552,188928,203668,0,0.8709630001249025,59.5870040023087,160.09171500461827,1001455892,2006051664,141230820992,1001252224,413.07670199967106,414.32622599859315
nymeria,cpu,late_fusion,nymeria__only_rgb__gemma3_1b,gemma3_1b,only_rgb,288040,1152160,18237952,352,0,288040,0.040529999751015566,2.3411809999265007,9.138603999044536,1000173992,2000924064,118528846848,999885952,407.2843809990445,408.44296499926713
nymeria,cpu,local_only,nymeria__only_rgb__gemma3_1b,gemma3_1b,only_rgb,288040,1152160,18237952,208,0,288040,0.05565999890677631,2.338970996122481,9.097403994992352,1000173992,2000924064,118528846848,999885952,407.2843809990445,408.48404499956814
nymeria,cpu,bottleneck,nymeria__only_rgb__gemma3_1b,gemma3_1b,only_rgb,315524,1262096,29271168,2736,28276,287248,0.4125219984416617,3.1879839991879884,11.431334999619239,1001567748,2006499088,278372411008,1001252224,454.51597800092713,456.460553999932
nymeria,cpu,tokenlearner,nymeria__only_rgb__gemma3_1b,gemma3_1b,only_rgb,319636,1278544,20624512,4400,27636,292000,0.2896309997595381,3.424951999472687,12.744555000590044,1001571860,2006515536,141238285952,1001252224,413.07670199967106,414.80357799991907
nymeria,cpu,posthoc_vq,nymeria__only_rgb__gemma3_1b,gemma3_1b,only_rgb,334836,1339344,29467776,800,31732,303104,0.4567720006889431,2.9378929993946805,10.264755999728223,1001587060,2006576336,278372607616,1001252224,454.51597800092713,456.9786160009244
nymeria,cpu,joint_vq,nymeria__only_rgb__gemma3_1b,gemma3_1b,only_rgb,344340,1377360,20755584,332,31732,312608,0.36152099892206024,2.7881320016934534,9.945285001363395,1001596564,2006614352,141238417024,1001252224,413.07670199967106,415.3441300004488
nymeria,cpu,deepconvlstm,nymeria__only_rgb__gemma3_1b,gemma3_1b,only_rgb,306890,1227560,19481216,188928,306890,0,0.7728429991402663,59.488462998045605,159.9929729965691,1001559114,2006464552,141237142656,1001252224,413.07670199967106,414.25661699940974
nymeria,cpu,unrestricted_bank,nymeria__only_rgb__gemma3_1b,gemma3_1b,only_rgb,344852,1379408,20952192,332,31732,313120,0.31268100065062754,2.665961999479192,9.61377299840506,1001597076,2006616400,141238613632,1001252224,413.07670199967106,415.01122799854784
nymeria,cpu,separate_banks,nymeria__only_rgb__gemma3_1b,gemma3_1b,only_rgb,332180,1328720,20755584,332,31732,300448,0.3754619992832886,2.7308730001426067,9.661526999975926,1001584404,2006565712,141238417024,1001252224,413.07670199967106,415.0467290000961
nymeria,cpu,fixed_resampling,nymeria__only_rgb__gemma3_1b,gemma3_1b,only_rgb,332180,1328720,11170944,332,31732,300448,0.3738510004041018,2.6496919996464623,9.340332999768457,1001584404,2006565712,141228832384,1001252224,413.07670199967106,414.69135799889045
nymeria,cpu,finetune_encoders,nymeria__only_rgb__gemma3_1b,gemma3_1b,only_rgb,332180,1328720,20755584,332,31732,300448,0.35777099947154056,2.715211997962184,9.664993999236053,1001584404,2006565712,141238417024,1001252224,413.07670199967106,415.06877900064865
nymeria,cpu,no_alignment,nymeria__only_rgb__gemma3_1b,gemma3_1b,only_rgb,332180,1328720,20755584,332,31732,300448,0.3544610008248128,2.7043520000336922,9.640295002596126,1001584404,2006565712,141238417024,1001252224,413.07670199967106,415.0387789995875
nymeria,cpu,no_usage,nymeria__only_rgb__gemma3_1b,gemma3_1b,only_rgb,332180,1328720,20755584,332,31732,300448,0.35780100006377324,2.717791999781481,9.652683997542503,1001584404,2006565712,141238417024,1001252224,413.07670199967106,415.0479389991233
nymeria,cpu,tcn,nymeria__only_rgb__gemma3_1b,gemma3_1b,only_rgb,189460,757840,11973504,188928,189460,0,0.7366819991148077,59.45217299711064,159.95671399667054,1001441684,2005994832,141229634944,1001252224,413.07670199967106,414.25125600108004
nymeria,cpu,ts_transformer,nymeria__only_rgb__gemma3_1b,gemma3_1b,only_rgb,202324,809296,13022080,188928,202324,0,0.7800729999871692,59.49626300104998,160.00188400192138,1001454548,2006046288,141230683520,1001252224,413.07670199967106,414.2592959997273
nymeria,cpu,patchtst,nymeria__only_rgb__gemma3_1b,gemma3_1b,only_rgb,177876,711504,286217472,188928,177876,0,2.0964980012649903,60.81251799957815,161.31780799894779,1001430100,2005948496,106116269312,1001252224,402.11305299999367,404.6509319996403
nymeria,cpu,distrixsense,nymeria__only_slam__gemma3_1b,gemma3_1b,only_slam,205876,823504,14525824,672,36084,169792,0.6208119993971195,3.3449039986636255,11.143408000225806,1001458100,2006060496,198107428736,1001252224,429.2976100005035,432.81890300022496
nymeria,cpu,dense,nymeria__only_slam__gemma3_1b,gemma3_1b,only_slam,170228,680912,39290240,34592,27892,142336,0.8283330007543555,10.148653999892739,37.93254700270146,1001422452,2005917904,475981862784,1001252224,520.1788110007328,523.2719420018839
nymeria,cpu,dense_tokens,nymeria__only_slam__gemma3_1b,gemma3_1b,only_slam,189236,756944,14394752,8800,27892,161344,0.4206710000289604,4.639654000527807,17.11524700090289,1001441460,2005993936,198107297664,1001252224,429.2976100005035,432.07041999994544
nymeria,cpu,raw,nymeria__only_slam__gemma3_1b,gemma3_1b,only_slam,170228,680912,39290240,159152,170228,0,1.9348870009707753,42.19518900021862,137.39893899878803,1001422452,2005917904,475981862784,1001252224,520.1788110007328,523.1237610005337
nymeria,cpu,early_fusion,nymeria__only_slam__gemma3_1b,gemma3_1b,only_slam,79892,319568,5254528,159152,79892,0,1.2199239990877686,41.48201399943568,136.68202399753932,1001332116,2005556560,152553242496,1001252224,416.15807300149754,417.8794300023583
nymeria,cpu,late_fusion,nymeria__only_slam__gemma3_1b,gemma3_1b,only_slam,144976,579904,9016320,704,0,144976,0.06734999988111667,2.595671997135342,10.008654996428453,1000030928,2000351808,129822688768,999885952,412.7191509996919,414.4726359991182
nymeria,cpu,local_only,nymeria__only_slam__gemma3_1b,gemma3_1b,only_slam,144976,579904,9016320,416,0,144976,0.0925799995457055,2.567312000776804,9.833727002780373,1000030928,2000351808,129822688768,999885952,412.7191509996919,414.52920699885
nymeria,cpu,bottleneck,nymeria__only_slam__gemma3_1b,gemma3_1b,only_slam,172564,690256,39421312,5472,29172,143392,0.8406629985984182,4.320863999046246,14.611227001260175,1001424788,2005927248,475981993856,1001252224,520.1788110007328,523.5566329993162
nymeria,cpu,tokenlearner,nymeria__only_slam__gemma3_1b,gemma3_1b,only_slam,180788,723152,14263680,8800,27892,152896,0.4234810003254097,4.632034001076827,17.07934800447314,1001433012,2005960144,198107166592,1001252224,429.2976100005035,431.9254900001397
nymeria,cpu,posthoc_vq,nymeria__only_slam__gemma3_1b,gemma3_1b,only_slam,211188,844752,39814528,1632,36084,175104,0.8136230007949052,3.6901650008604396,12.067219005468674,1001463412,2006081744,475982387072,1001252224,520.1788110007328,524.1901440003858
nymeria,cpu,joint_vq,nymeria__only_slam__gemma3_1b,gemma3_1b,only_slam,230196,920784,14525824,672,36084,194112,0.517821999892476,3.2755139985284534,11.29221199817073,1001482420,2006157776,198107428736,1001252224,429.2976100005035,432.8377919991908
nymeria,cpu,deepconvlstm,nymeria__only_slam__gemma3_1b,gemma3_1b,only_slam,149962,599848,9470592,159152,149962,0,1.1052840000047581,41.36483500219251,136.5690050035962,1001402186,2005836840,152557458560,1001252224,416.15807300149754,417.7935090028768
nymeria,cpu,unrestricted_bank,nymeria__only_slam__gemma3_1b,gemma3_1b,only_slam,265012,1060048,15443328,672,36084,228928,0.4431020006450126,3.080033999435813,10.74349900163759,1001517236,2006297040,198108346240,1001252224,429.2976100005035,432.26365100053954
nymeria,cpu,separate_banks,nymeria__only_slam__gemma3_1b,gemma3_1b,only_slam,205876,823504,14525824,672,36084,169792,0.5304619990056381,3.1566139972029252,10.817470997881516,1001458100,2006060496,198107428736,1001252224,429.2976100005035,432.3439010004222
nymeria,cpu,fixed_resampling,nymeria__only_slam__gemma3_1b,gemma3_1b,only_slam,205876,823504,12330368,672,36084,169792,0.5213610002101632,3.0180029992380644,10.279687000820902,1001458100,2006060496,198105233280,1001252224,429.2976100005035,431.7610180005431
nymeria,cpu,finetune_encoders,nymeria__only_slam__gemma3_1b,gemma3_1b,only_slam,205876,823504,14525824,672,36084,169792,0.5187320002733031,3.1464040005858753,10.802338001031218,1001458100,2006060496,198107428736,1001252224,429.2976100005035,432.76292299924535
nymeria,cpu,no_alignment,nymeria__only_slam__gemma3_1b,gemma3_1b,only_slam,205876,823504,14525824,672,36084,169792,0.5221419996814802,3.1478339972864835,10.799776998556242,1001458100,2006060496,198107428736,1001252224,429.2976100005035,432.3334900000191
nymeria,cpu,no_usage,nymeria__only_slam__gemma3_1b,gemma3_1b,only_slam,205876,823504,14525824,672,36084,169792,0.5200319992582081,3.1582939994451356,10.806507001052866,1001458100,2006060496,198107428736,1001252224,429.2976100005035,432.3450909996609
nymeria,cpu,tcn,nymeria__only_slam__gemma3_1b,gemma3_1b,only_slam,65556,262224,4068480,159152,65556,0,1.1583240011532325,41.41729500037977,136.61937600159285,1001317780,2005499216,152552056448,1001252224,416.15807300149754,417.7572680018784
nymeria,cpu,ts_transformer,nymeria__only_slam__gemma3_1b,gemma3_1b,only_slam,78420,313680,5117056,159152,78420,0,1.1547140002221568,41.41329400221943,136.61583600446897,1001330644,2005550672,152553105024,1001252224,416.15807300149754,417.83699900224747
nymeria,cpu,patchtst,nymeria__only_slam__gemma3_1b,gemma3_1b,only_slam,62036,248144,186619392,159152,62036,0,2.471439000146347,42.73220899990187,137.93829900100968,1001314260,2005485136,117304399360,1001252224,403.3654979994026,406.2797379992844
nymeria,cpu,distrixsense,nymeria__only_trajectory__gemma3_1b,gemma3_1b,only_trajectory,62820,251280,3611264,332,31732,31088,0.3555210005288245,2.729551997287059,9.70957499752813,1001315044,2005488272,141221272704,1001252224,413.07670199967106,415.11391999847547
nymeria,cpu,dense,nymeria__only_trajectory__gemma3_1b,gemma3_1b,only_trajectory,44996,179984,12061312,17296,27636,17360,0.3876410009979736,6.070902002061065,23.033432998471614,1001297220,2005416976,278355201152,1001252224,454.51597800092713,456.4357050003309
nymeria,cpu,dense_tokens,nymeria__only_trajectory__gemma3_1b,gemma3_1b,only_trajectory,54500,218000,3545728,4400,27636,26864,0.29158100005588494,3.4508120006602256,12.847204998233355,1001306724,2005454992,141221207168,1001252224,413.07670199967106,414.87517799942
nymeria,cpu,raw,nymeria__only_trajectory__gemma3_1b,gemma3_1b,only_trajectory,44996,179984,12061312,391456,44996,0,1.1695140001393156,81.52867399811691,322.48976399783123,1001297220,2005416976,278355201152,1001252224,454.51597800092713,456.4146350003284
nymeria,cpu,early_fusion,nymeria__only_trajectory__gemma3_1b,gemma3_1b,only_trajectory,29028,116112,2077312,391456,29028,0,0.9319830005551921,81.29134300005569,322.24862500002337,1001281252,2005353104,141219738752,1001252224,413.07670199967106,414.4939269990573
nymeria,cpu,late_fusion,nymeria__only_trajectory__gemma3_1b,gemma3_1b,only_trajectory,18680,74720,1093632,352,0,18680,0.039990000004763715,2.402019999997201,9.255871000814041,999904632,1999846624,118511702528,999885952,407.2843809990445,408.4567659992899
nymeria,cpu,local_only,nymeria__only_trajectory__gemma3_1b,gemma3_1b,only_trajectory,18680,74720,1093632,208,0,18680,0.056409999160678126,2.3455209987036882,9.112414000874129,999904632,1999846624,118511702528,999885952,407.2843809990445,408.4886259988707
nymeria,cpu,bottleneck,nymeria__only_trajectory__gemma3_1b,gemma3_1b,only_trajectory,46164,184656,12126848,2736,28276,17888,0.43246200038993265,3.228972999087116,11.5254059956752,1001298388,2005421648,278355266688,1001252224,454.51597800092713,456.5433160005341
nymeria,cpu,tokenlearner,nymeria__only_trajectory__gemma3_1b,gemma3_1b,only_trajectory,50276,201104,3480192,4400,27636,22640,0.28848100009781774,3.446310998692643,12.826302998273167,1001302500,2005438096,141221141632,1001252224,413.07670199967106,414.87043800043466
nymeria,cpu,posthoc_vq,nymeria__only_trajectory__gemma3_1b,gemma3_1b,only_trajectory,65476,261904,12323456,800,31732,33744,0.4534820000117179,2.9691839990811424,10.348517000224675,1001317700,2005498896,278355463296,1001252224,454.51597800092713,457.0443870015879
nymeria,cpu,joint_vq,nymeria__only_trajectory__gemma3_1b,gemma3_1b,only_trajectory,74980,299920,3611264,332,31732,43248,0.3531910006131511,2.8019029993050264,10.028486000506113,1001327204,2005536912,141221272704,1001252224,413.07670199967106,415.42886999741313
nymeria,cpu,deepconvlstm,nymeria__only_trajectory__gemma3_1b,gemma3_1b,only_trajectory,37530,150120,2336896,391456,37530,0,0.8138629982568091,81.17340299949171,322.13037299912094,1001289754,2005387112,141219998336,1001252224,413.07670199967106,414.39111700128706
nymeria,cpu,unrestricted_bank,nymeria__only_trajectory__gemma3_1b,gemma3_1b,only_trajectory,75492,301968,3807872,332,31732,43760,0.31777099866303615,2.6962119988059623,9.689004995875898,1001327716,2005538960,141221469312,1001252224,413.07670199967106,415.2290809997794
nymeria,cpu,separate_banks,nymeria__only_trajectory__gemma3_1b,gemma3_1b,only_trajectory,62820,251280,3611264,332,31732,31088,0.4667920002248138,2.9147629972033666,10.099045998272508,1001315044,2005488272,141221272704,1001252224,413.07670199967106,415.13413900065643
nymeria,cpu,fixed_resampling,nymeria__only_trajectory__gemma3_1b,gemma3_1b,only_trajectory,62820,251280,3593344,332,31732,31088,0.3565420011000242,2.6844029977258526,9.472784997838339,1001315044,2005488272,141221254784,1001252224,413.07670199967106,414.8292979989492
nymeria,cpu,finetune_encoders,nymeria__only_trajectory__gemma3_1b,gemma3_1b,only_trajectory,62820,251280,3611264,332,31732,31088,0.36336099947220646,2.7441420003345467,9.743525001381663,1001315044,2005488272,141221272704,1001252224,413.07670199967106,415.12362899993605
nymeria,cpu,no_alignment,nymeria__only_trajectory__gemma3_1b,gemma3_1b,only_trajectory,62820,251280,3611264,332,31732,31088,0.3501109986245865,2.7231119999090208,9.713935000532096,1001315044,2005488272,141221272704,1001252224,413.07670199967106,415.13548900002206
nymeria,cpu,no_usage,nymeria__only_trajectory__gemma3_1b,gemma3_1b,only_trajectory,62820,251280,3611264,332,31732,31088,0.355980999302119,2.7309809990004634,9.723764000723627,1001315044,2005488272,141221272704,1001252224,413.07670199967106,415.13601900078356
nymeria,cpu,tcn,nymeria__only_trajectory__gemma3_1b,gemma3_1b,only_trajectory,14820,59280,891264,391456,14820,0,0.8418529996561119,81.20085300114476,322.1581430028468,1001267044,2005296272,141218552704,1001252224,413.07670199967106,414.40040699853853
nymeria,cpu,ts_transformer,nymeria__only_trajectory__gemma3_1b,gemma3_1b,only_trajectory,27684,110736,1939840,391456,27684,0,0.8652529995742952,81.22596299844042,322.18743299959306,1001279908,2005347728,141219601280,1001252224,413.07670199967106,414.4423170018854
nymeria,cpu,patchtst,nymeria__only_trajectory__gemma3_1b,gemma3_1b,only_trajectory,26916,107664,10108672,391456,26916,0,1.0108030000992585,81.37090299904992,322.332592996057,1001279140,2005344656,105840160512,1001252224,402.11305299999367,403.5478379992128
