dataset,target,method,scenario_id,core_name,modality_set,side,node,streams,parameters,weight_bytes,buffer_bytes,serialized_state_bytes,counted_flops,compute_median_ms,compute_p95_ms,encoding_or_decoding_ms,wire_bytes,transfer_ms,bandwidth_mbps,link_utilization
opportunity++,cpu,distrixsense,opportunity++__all__qwen3_4b,qwen3_4b,all,edge,ambient_sensors_gateway,ambient_sensors,14042,56168,0,61299,801792,0.2599809995444957,0.29425300053844694,0.013869999747839756,84,2.0672,10.0,4.48e-05
opportunity++,cpu,distrixsense,opportunity++__all__qwen3_4b,qwen3_4b,all,edge,body_sensors_gateway,body_sensors,51518,206072,0,211315,3186432,0.2907010002672905,0.30555099874618463,0.011870000889757648,84,2.0672,10.0,4.48e-05
opportunity++,cpu,distrixsense,opportunity++__all__qwen3_4b,qwen3_4b,all,edge,camera,"rgb,body25",99680,398720,0,408131,6161024,0.4742920009448426,0.4924260994812357,0.02203999974881299,168,2.1344,10.0,8.96e-05
opportunity++,cpu,distrixsense,opportunity++__all__qwen3_4b,qwen3_4b,all,edge,object_sensors_gateway,object_sensors,20068,80272,0,85363,1184512,0.24409099933109246,0.26335100028518355,0.011940001058974303,84,2.0672,10.0,4.48e-05
opportunity++,cpu,distrixsense,opportunity++__all__qwen3_4b,qwen3_4b,all,core,core,,32820,131280,0,143214,2561728,0.49240100088354666,0.5003849011700368,0.04160000025876798,,,,
opportunity++,cpu,distrixsense,opportunity++__all__qwen3_4b,qwen3_4b,all,core,core_language,,4029108736,8071498752,256,,820175714176,1434.705108000344,1439.8645920009585,0.91151299966441,,,,
opportunity++,cpu,dense,opportunity++__all__qwen3_4b,qwen3_4b,all,edge,ambient_sensors_gateway,ambient_sensors,10610,42440,0,45581,670208,0.17685000057099387,0.17972190089494688,0.009010000212583691,4324,5.4592,10.0,0.0023061333333333333
opportunity++,cpu,dense,opportunity++__all__qwen3_4b,qwen3_4b,all,edge,body_sensors_gateway,body_sensors,48086,192344,0,195597,3054848,0.17828999989433214,0.18326700046600308,0.009699999282020144,4324,5.4592,10.0,0.0023061333333333333
opportunity++,cpu,dense,opportunity++__all__qwen3_4b,qwen3_4b,all,edge,camera,"rgb,body25",92816,371264,0,376499,5897856,0.30771100136917084,0.35389090044191107,0.01664000046730507,8648,8.9184,10.0,0.004612266666666667
opportunity++,cpu,dense,opportunity++__all__qwen3_4b,qwen3_4b,all,edge,object_sensors_gateway,object_sensors,16636,66544,0,69645,1052928,0.15483999959542416,0.1669819001108408,0.013281000065035187,4324,5.4592,10.0,0.0023061333333333333
opportunity++,cpu,dense,opportunity++__all__qwen3_4b,qwen3_4b,all,core,core,,27700,110800,0,122417,15011008,0.4691220001404872,0.49886610031535383,0.030029999834368937,,,,
opportunity++,cpu,dense,opportunity++__all__qwen3_4b,qwen3_4b,all,core,core_language,,4029108736,8071498752,256,,1717474980736,1650.023219999639,1650.1813770009903,2.327378999325447,,,,
opportunity++,cpu,dense_tokens,opportunity++__all__qwen3_4b,qwen3_4b,all,edge,ambient_sensors_gateway,ambient_sensors,12986,51944,0,56569,785408,0.2126399995177053,0.22980390094744507,0.008520000847056508,1100,2.88,10.0,0.0005866666666666667
opportunity++,cpu,dense_tokens,opportunity++__all__qwen3_4b,qwen3_4b,all,edge,body_sensors_gateway,body_sensors,50462,201848,0,206585,3170048,0.22732100114808418,0.2431510994938435,0.008560000424040481,1100,2.88,10.0,0.0005866666666666667
opportunity++,cpu,dense_tokens,opportunity++__all__qwen3_4b,qwen3_4b,all,edge,camera,"rgb,body25",97568,390272,0,398607,6128256,0.40337099926546216,0.4127039996092208,0.01591000000189524,2200,3.76,10.0,0.0011733333333333333
opportunity++,cpu,dense_tokens,opportunity++__all__qwen3_4b,qwen3_4b,all,edge,object_sensors_gateway,object_sensors,19012,76048,0,80633,1168128,0.21932100025878754,0.22119300010672305,0.008499999239575118,1100,2.88,10.0,0.0005866666666666667
opportunity++,cpu,dense_tokens,opportunity++__all__qwen3_4b,qwen3_4b,all,core,core,,27700,110800,0,122417,2561728,0.3421810015424853,0.36622899933718145,0.030170000172802247,,,,
opportunity++,cpu,dense_tokens,opportunity++__all__qwen3_4b,qwen3_4b,all,core,core_language,,4029108736,8071498752,256,,820175714176,1434.705108000344,1439.8645920009585,0.8228730002883822,,,,
opportunity++,cpu,raw,opportunity++__all__qwen3_4b,qwen3_4b,all,edge,ambient_sensors_gateway,ambient_sensors,0,0,0,0,0,0.000559999534743838,0.0010639991160132922,0.010439998732181266,13976,13.1808,10.0,0.007453866666666666
opportunity++,cpu,raw,opportunity++__all__qwen3_4b,qwen3_4b,all,edge,body_sensors_gateway,body_sensors,0,0,0,0,0,0.00046000059228390455,0.0005499996404978447,0.011899999663000926,53584,44.8672,10.0,0.028578133333333332
opportunity++,cpu,raw,opportunity++__all__qwen3_4b,qwen3_4b,all,edge,camera,"rgb,body25",0,0,0,0,0,0.000540998371434398,0.0006571008270839229,0.01990000055229757,32956,28.3648,10.0,0.017576533333333335
opportunity++,cpu,raw,opportunity++__all__qwen3_4b,qwen3_4b,all,edge,object_sensors_gateway,object_sensors,0,0,0,0,0,0.0004699995770351961,0.0005600002623395994,0.01030999919748865,22396,19.9168,10.0,0.011944533333333333
opportunity++,cpu,raw,opportunity++__all__qwen3_4b,qwen3_4b,all,core,core,,195848,783392,0,807353,25686848,1.2906540014228085,1.323522899656382,0.033889999031089246,,,,
opportunity++,cpu,raw,opportunity++__all__qwen3_4b,qwen3_4b,all,core,core_language,,4029108736,8071498752,256,,1717474980736,1650.023219999639,1650.1813770009903,2.2446279999712715,,,,
opportunity++,cpu,early_fusion,opportunity++__all__qwen3_4b,qwen3_4b,all,edge,ambient_sensors_gateway,ambient_sensors,0,0,0,0,0,0.0005000001692678779,0.0008330007403856143,0.01049999991664663,13976,13.1808,10.0,0.007453866666666666
opportunity++,cpu,early_fusion,opportunity++__all__qwen3_4b,qwen3_4b,all,edge,body_sensors_gateway,body_sensors,0,0,0,0,0,0.00070999885792844,0.0007549992005806416,0.012559999959194101,53584,44.8672,10.0,0.028578133333333332
opportunity++,cpu,early_fusion,opportunity++__all__qwen3_4b,qwen3_4b,all,edge,camera,"rgb,body25",0,0,0,0,0,0.0005300007615005597,0.0006829999620094895,0.020080000467714854,32956,28.3648,10.0,0.017576533333333335
opportunity++,cpu,early_fusion,opportunity++__all__qwen3_4b,qwen3_4b,all,edge,object_sensors_gateway,object_sensors,0,0,0,0,0,0.0004899993655271828,0.0005530011549126357,0.011229998563067056,22396,19.9168,10.0,0.011944533333333333
opportunity++,cpu,early_fusion,opportunity++__all__qwen3_4b,qwen3_4b,all,core,core,,115208,460832,0,479279,7527232,0.9493639990978409,0.9646900994994212,0.03416999970795587,,,,
opportunity++,cpu,early_fusion,opportunity++__all__qwen3_4b,qwen3_4b,all,core,core_language,,4029108736,8071498752,256,,760959742848,1402.618464000625,1413.0506708997927,0.8408130015595816,,,,
opportunity++,cpu,late_fusion,opportunity++__all__qwen3_4b,qwen3_4b,all,edge,ambient_sensors_gateway,ambient_sensors,10940,43760,0,47301,670848,0.17334000040136743,0.19226789954700507,0.008160999641404487,88,2.0704,10.0,4.6933333333333333e-05
opportunity++,cpu,late_fusion,opportunity++__all__qwen3_4b,qwen3_4b,all,edge,body_sensors_gateway,body_sensors,48416,193664,0,197317,3055488,0.18452099902788177,0.19821899986709468,0.008090000847005285,88,2.0704,10.0,4.6933333333333333e-05
opportunity++,cpu,late_fusion,opportunity++__all__qwen3_4b,qwen3_4b,all,edge,camera,"rgb,body25",93476,373904,0,380071,5899136,0.33764099862310104,0.3585299995393143,0.016260000847978517,176,2.1408,10.0,9.386666666666667e-05
opportunity++,cpu,late_fusion,opportunity++__all__qwen3_4b,qwen3_4b,all,edge,object_sensors_gateway,object_sensors,16966,67864,0,71365,1053568,0.16801000128907617,0.18216790012957063,0.007919999916339293,88,2.0704,10.0,4.6933333333333333e-05
opportunity++,cpu,late_fusion,opportunity++__all__qwen3_4b,qwen3_4b,all,core,core,,0,0,0,0,0,0.04783000076713506,0.05755900019721594,0.02812000093399547,,,,
opportunity++,cpu,late_fusion,opportunity++__all__qwen3_4b,qwen3_4b,all,core,core_language,,4022468096,8044936192,256,,649907678208,1396.6675529991335,1398.24786840054,0.1950900004885625,,,,
opportunity++,cpu,local_only,opportunity++__all__qwen3_4b,qwen3_4b,all,edge,ambient_sensors_gateway,ambient_sensors,10940,43760,0,47301,670848,0.17411999942851253,0.19639589918369893,0.008050001270021312,52,2.0416,10.0,2.7733333333333334e-05
opportunity++,cpu,local_only,opportunity++__all__qwen3_4b,qwen3_4b,all,edge,body_sensors_gateway,body_sensors,48416,193664,0,197317,3055488,0.18750100025499705,0.20334999881015392,0.008380000508623198,52,2.0416,10.0,2.7733333333333334e-05
opportunity++,cpu,local_only,opportunity++__all__qwen3_4b,qwen3_4b,all,edge,camera,"rgb,body25",93476,373904,0,380071,5899136,0.3390810015844181,0.34560599888209254,0.014799999917158857,104,2.0832,10.0,5.546666666666667e-05
opportunity++,cpu,local_only,opportunity++__all__qwen3_4b,qwen3_4b,all,edge,object_sensors_gateway,object_sensors,16966,67864,0,71365,1053568,0.16995100122585427,0.18463000069459667,0.008160999641404487,52,2.0416,10.0,2.7733333333333334e-05
opportunity++,cpu,local_only,opportunity++__all__qwen3_4b,qwen3_4b,all,core,core,,0,0,0,0,0,0.06739000127709005,0.07529289996455191,0.02807099917845335,,,,
opportunity++,cpu,local_only,opportunity++__all__qwen3_4b,qwen3_4b,all,core,core_language,,4022468096,8044936192,256,,649907678208,1396.6675529991335,1398.24786840054,0.17853100143838674,,,,
opportunity++,cpu,bottleneck,opportunity++__all__qwen3_4b,qwen3_4b,all,edge,ambient_sensors_gateway,ambient_sensors,10742,42968,0,46533,678400,0.18117100080417003,0.19163799897796707,0.008650000381749123,684,2.5472,10.0,0.0003648
opportunity++,cpu,bottleneck,opportunity++__all__qwen3_4b,qwen3_4b,all,edge,body_sensors_gateway,body_sensors,48218,192872,0,196549,3063040,0.1832510006352095,0.197065100655891,0.008269998943433166,684,2.5472,10.0,0.0003648
opportunity++,cpu,bottleneck,opportunity++__all__qwen3_4b,qwen3_4b,all,edge,camera,"rgb,body25",93080,372320,0,378535,5914240,0.3313919987704139,0.3515241007335135,0.01626999983272981,1368,3.0944000000000003,10.0,0.0007296
opportunity++,cpu,bottleneck,opportunity++__all__qwen3_4b,qwen3_4b,all,edge,object_sensors_gateway,object_sensors,16768,67072,0,70597,1061120,0.17303999993600883,0.1855508990047383,0.00819999877421651,684,2.5472,10.0,0.0003648
opportunity++,cpu,bottleneck,opportunity++__all__qwen3_4b,qwen3_4b,all,core,core,,28500,114000,0,128595,15051968,0.46799200026725885,0.5061511006715591,0.029230001018731855,,,,
opportunity++,cpu,bottleneck,opportunity++__all__qwen3_4b,qwen3_4b,all,core,core_language,,4029108736,8071498752,256,,1717474980736,1650.023219999639,1650.1813770009903,2.2654679996776395,,,,
opportunity++,cpu,tokenlearner,opportunity++__all__qwen3_4b,qwen3_4b,all,edge,ambient_sensors_gateway,ambient_sensors,11930,47720,0,51775,769024,0.20662099996116012,0.21884300003875978,0.008559998605051078,1100,2.88,10.0,0.0005866666666666667
opportunity++,cpu,tokenlearner,opportunity++__all__qwen3_4b,qwen3_4b,all,edge,body_sensors_gateway,body_sensors,49406,197624,0,201791,3153664,0.22022100165486336,0.2352861007238971,0.00864999856275972,1100,2.88,10.0,0.0005866666666666667
opportunity++,cpu,tokenlearner,opportunity++__all__qwen3_4b,qwen3_4b,all,edge,camera,"rgb,body25",95456,381824,0,389147,6095488,0.38263100032054354,0.40924399963842006,0.01674000122875441,2200,3.76,10.0,0.0011733333333333333
opportunity++,cpu,tokenlearner,opportunity++__all__qwen3_4b,qwen3_4b,all,edge,object_sensors_gateway,object_sensors,17956,71824,0,75839,1151744,0.2060410006379243,0.21837999865965685,0.008429999070358463,1100,2.88,10.0,0.0005866666666666667
opportunity++,cpu,tokenlearner,opportunity++__all__qwen3_4b,qwen3_4b,all,core,core,,27700,110800,0,122417,2561728,0.32799099972180557,0.34090599983755965,0.02860000131477136,,,,
opportunity++,cpu,tokenlearner,opportunity++__all__qwen3_4b,qwen3_4b,all,core,core_language,,4029108736,8071498752,256,,820175714176,1434.705108000344,1439.8645920009585,0.8185629994841293,,,,
opportunity++,cpu,posthoc_vq,opportunity++__all__qwen3_4b,qwen3_4b,all,edge,ambient_sensors_gateway,ambient_sensors,15730,62920,0,66313,735744,0.2559710010245908,0.27914599904761417,0.013410000974545255,204,2.1632,10.0,0.0001088
opportunity++,cpu,posthoc_vq,opportunity++__all__qwen3_4b,qwen3_4b,all,edge,body_sensors_gateway,body_sensors,53206,212824,0,216329,3120384,0.26952100051857997,0.27536200013855705,0.013630000466946512,204,2.1632,10.0,0.0001088
opportunity++,cpu,posthoc_vq,opportunity++__all__qwen3_4b,qwen3_4b,all,edge,camera,"rgb,body25",97936,391744,0,397232,6028928,0.4629909999493975,0.4875168988291989,0.024390001271967776,408,2.3264,10.0,0.0002176
opportunity++,cpu,posthoc_vq,opportunity++__all__qwen3_4b,qwen3_4b,all,edge,object_sensors_gateway,object_sensors,21756,87024,0,90377,1118464,0.25889999960782006,0.2654799000083585,0.013049999324721284,204,2.1632,10.0,0.0001088
opportunity++,cpu,posthoc_vq,opportunity++__all__qwen3_4b,qwen3_4b,all,core,core,,32820,131280,0,143214,15011008,0.530941999386414,0.5580769997322932,0.04535999869403895,,,,
opportunity++,cpu,posthoc_vq,opportunity++__all__qwen3_4b,qwen3_4b,all,core,core_language,,4029108736,8071498752,256,,1717474980736,1650.023219999639,1650.1813770009903,2.2599280000576982,,,,
opportunity++,cpu,joint_vq,opportunity++__all__qwen3_4b,qwen3_4b,all,edge,ambient_sensors_gateway,ambient_sensors,18106,72424,0,77302,801792,0.2890209998440696,0.3044739993129042,0.013689999832422473,84,2.0672,10.0,4.48e-05
opportunity++,cpu,joint_vq,opportunity++__all__qwen3_4b,qwen3_4b,all,edge,body_sensors_gateway,body_sensors,55582,222328,0,227318,3186432,0.29825099954905454,0.3097260001595714,0.012630000128410757,84,2.0672,10.0,4.48e-05
opportunity++,cpu,joint_vq,opportunity++__all__qwen3_4b,qwen3_4b,all,edge,camera,"rgb,body25",102688,410752,0,419404,6161024,0.5371619990910403,0.5390519987486186,0.023739999960525893,168,2.1344,10.0,8.96e-05
opportunity++,cpu,joint_vq,opportunity++__all__qwen3_4b,qwen3_4b,all,edge,object_sensors_gateway,object_sensors,24132,96528,0,101366,1184512,0.28476099942054134,0.30434499858529307,0.012700000297627412,84,2.0672,10.0,4.48e-05
opportunity++,cpu,joint_vq,opportunity++__all__qwen3_4b,qwen3_4b,all,core,core,,32820,131280,0,143214,2561728,0.40143199839803856,0.42004309925687267,0.04402000013215002,,,,
opportunity++,cpu,joint_vq,opportunity++__all__qwen3_4b,qwen3_4b,all,core,core_language,,4029108736,8071498752,256,,820175714176,1434.705108000344,1439.8645920009585,0.806653000836377,,,,
opportunity++,cpu,deepconvlstm,opportunity++__all__qwen3_4b,qwen3_4b,all,edge,ambient_sensors_gateway,ambient_sensors,0,0,0,0,0,0.0004699995770351961,0.0008120008715195581,0.010510000720387325,13976,13.1808,10.0,0.007453866666666666
opportunity++,cpu,deepconvlstm,opportunity++__all__qwen3_4b,qwen3_4b,all,edge,body_sensors_gateway,body_sensors,0,0,0,0,0,0.0004399989848025143,0.000655999974696897,0.011419999282225035,53584,44.8672,10.0,0.028578133333333332
opportunity++,cpu,deepconvlstm,opportunity++__all__qwen3_4b,qwen3_4b,all,edge,camera,"rgb,body25",0,0,0,0,0,0.0005800011422252283,0.0006880000000819564,0.01936999979079701,32956,28.3648,10.0,0.017576533333333335
opportunity++,cpu,deepconvlstm,opportunity++__all__qwen3_4b,qwen3_4b,all,edge,object_sensors_gateway,object_sensors,0,0,0,0,0,0.00042000101529993117,0.0005190007868804969,0.010710000424296595,22396,19.9168,10.0,0.011944533333333333
opportunity++,cpu,deepconvlstm,opportunity++__all__qwen3_4b,qwen3_4b,all,core,core,,185182,740728,0,752177,11725056,0.805832001788076,0.8815507999315741,0.03372999890416395,,,,
opportunity++,cpu,deepconvlstm,opportunity++__all__qwen3_4b,qwen3_4b,all,core,core_language,,4029108736,8071498752,256,,760959742848,1402.618464000625,1413.0506708997927,0.7175819991971366,,,,
opportunity++,cpu,unrestricted_bank,opportunity++__all__qwen3_4b,qwen3_4b,all,edge,ambient_sensors_gateway,ambient_sensors,18266,73064,0,78195,867328,0.22279100085143,0.23053999993862817,0.012509999578469433,84,2.0672,10.0,4.48e-05
opportunity++,cpu,unrestricted_bank,opportunity++__all__qwen3_4b,qwen3_4b,all,edge,body_sensors_gateway,body_sensors,55742,222968,0,228211,3251968,0.22568999884242658,0.24333990004379302,0.012689999493886717,84,2.0672,10.0,4.48e-05
opportunity++,cpu,unrestricted_bank,opportunity++__all__qwen3_4b,qwen3_4b,all,edge,camera,"rgb,body25",108128,432512,0,441923,6292096,0.4176210004516179,0.423831900661753,0.023040000087348744,168,2.1344,10.0,8.96e-05
opportunity++,cpu,unrestricted_bank,opportunity++__all__qwen3_4b,qwen3_4b,all,edge,object_sensors_gateway,object_sensors,24292,97168,0,102259,1250048,0.2147010000044247,0.23119799989217427,0.012639999113162048,84,2.0672,10.0,4.48e-05
opportunity++,cpu,unrestricted_bank,opportunity++__all__qwen3_4b,qwen3_4b,all,core,core,,32820,131280,0,143214,2561728,0.3434109985391842,0.3638139996837708,0.04343999898992479,,,,
opportunity++,cpu,unrestricted_bank,opportunity++__all__qwen3_4b,qwen3_4b,all,core,core_language,,4029108736,8071498752,256,,820175714176,1434.705108000344,1439.8645920009585,0.8013829992705723,,,,
opportunity++,cpu,separate_banks,opportunity++__all__qwen3_4b,qwen3_4b,all,edge,ambient_sensors_gateway,ambient_sensors,14042,56168,0,61299,801792,0.2254009996249806,0.23134100065362873,0.012700000297627412,84,2.0672,10.0,4.48e-05
opportunity++,cpu,separate_banks,opportunity++__all__qwen3_4b,qwen3_4b,all,edge,body_sensors_gateway,body_sensors,51518,206072,0,211315,3186432,0.2254209994134726,0.24146710038621677,0.012309999874560162,84,2.0672,10.0,4.48e-05
opportunity++,cpu,separate_banks,opportunity++__all__qwen3_4b,qwen3_4b,all,edge,camera,"rgb,body25",99680,398720,0,408131,6161024,0.4116810014238581,0.4397709002660122,0.02257999949506484,168,2.1344,10.0,8.96e-05
opportunity++,cpu,separate_banks,opportunity++__all__qwen3_4b,qwen3_4b,all,edge,object_sensors_gateway,object_sensors,20068,80272,0,85363,1184512,0.21707099949708208,0.22557600041182013,0.01238999902852811,84,2.0672,10.0,4.48e-05
opportunity++,cpu,separate_banks,opportunity++__all__qwen3_4b,qwen3_4b,all,core,core,,32820,131280,0,144354,2561728,0.4135120016144356,0.43154710037924815,0.043509999159141444,,,,
opportunity++,cpu,separate_banks,opportunity++__all__qwen3_4b,qwen3_4b,all,core,core_language,,4029108736,8071498752,256,,820175714176,1434.705108000344,1439.8645920009585,0.8001629994396353,,,,
opportunity++,cpu,fixed_resampling,opportunity++__all__qwen3_4b,qwen3_4b,all,edge,ambient_sensors_gateway,ambient_sensors,14042,56168,0,61299,707072,0.14631999874836765,0.16135989972099196,0.012489999789977446,84,2.0672,10.0,4.48e-05
opportunity++,cpu,fixed_resampling,opportunity++__all__qwen3_4b,qwen3_4b,all,edge,body_sensors_gateway,body_sensors,51518,206072,0,211315,1812992,0.15236999934131745,0.16904790099943057,0.012520999007392675,84,2.0672,10.0,4.48e-05
opportunity++,cpu,fixed_resampling,opportunity++__all__qwen3_4b,qwen3_4b,all,edge,camera,"rgb,body25",99680,398720,0,408131,3390464,0.2728409999690484,0.27821399962704163,0.023130000045057386,168,2.1344,10.0,8.96e-05
opportunity++,cpu,fixed_resampling,opportunity++__all__qwen3_4b,qwen3_4b,all,edge,object_sensors_gateway,object_sensors,20068,80272,0,85363,942592,0.1407509989803657,0.15388200008601416,0.012290000086068176,84,2.0672,10.0,4.48e-05
opportunity++,cpu,fixed_resampling,opportunity++__all__qwen3_4b,qwen3_4b,all,core,core,,32820,131280,0,143214,2561728,0.39818200093577616,0.42630610023479676,0.04422999882081058,,,,
opportunity++,cpu,fixed_resampling,opportunity++__all__qwen3_4b,qwen3_4b,all,core,core_language,,4029108736,8071498752,256,,820175714176,1434.705108000344,1439.8645920009585,0.8169730008376064,,,,
opportunity++,cpu,finetune_encoders,opportunity++__all__qwen3_4b,qwen3_4b,all,edge,ambient_sensors_gateway,ambient_sensors,14042,56168,0,61299,801792,0.21639099941239692,0.2386119993389002,0.012579999747686088,84,2.0672,10.0,4.48e-05
opportunity++,cpu,finetune_encoders,opportunity++__all__qwen3_4b,qwen3_4b,all,edge,body_sensors_gateway,body_sensors,51518,206072,0,211315,3186432,0.22958099907555152,0.2414880000287667,0.012771000911016017,84,2.0672,10.0,4.48e-05
opportunity++,cpu,finetune_encoders,opportunity++__all__qwen3_4b,qwen3_4b,all,edge,camera,"rgb,body25",99680,398720,0,408131,6161024,0.4112110000278335,0.43228990016359603,0.02328999835299328,168,2.1344,10.0,8.96e-05
opportunity++,cpu,finetune_encoders,opportunity++__all__qwen3_4b,qwen3_4b,all,edge,object_sensors_gateway,object_sensors,20068,80272,0,85363,1184512,0.21958100114716217,0.22650200080533978,0.012459999197744764,84,2.0672,10.0,4.48e-05
opportunity++,cpu,finetune_encoders,opportunity++__all__qwen3_4b,qwen3_4b,all,core,core,,32820,131280,0,143214,2561728,0.4054609999002423,0.42194090037810383,0.04277100015315227,,,,
opportunity++,cpu,finetune_encoders,opportunity++__all__qwen3_4b,qwen3_4b,all,core,core_language,,4029108736,8071498752,256,,820175714176,1434.705108000344,1439.8645920009585,0.8130330006679287,,,,
opportunity++,cpu,no_alignment,opportunity++__all__qwen3_4b,qwen3_4b,all,edge,ambient_sensors_gateway,ambient_sensors,14042,56168,0,61299,801792,0.21367099907365628,0.23462300014216453,0.01247000000148546,84,2.0672,10.0,4.48e-05
opportunity++,cpu,no_alignment,opportunity++__all__qwen3_4b,qwen3_4b,all,edge,body_sensors_gateway,body_sensors,51518,206072,0,211315,3186432,0.2321499996469356,0.24259089932456845,0.012140000762883574,84,2.0672,10.0,4.48e-05
opportunity++,cpu,no_alignment,opportunity++__all__qwen3_4b,qwen3_4b,all,edge,camera,"rgb,body25",99680,398720,0,408131,6161024,0.4237610010022763,0.43917889961448964,0.02336000034119934,168,2.1344,10.0,8.96e-05
opportunity++,cpu,no_alignment,opportunity++__all__qwen3_4b,qwen3_4b,all,edge,object_sensors_gateway,object_sensors,20068,80272,0,85363,1184512,0.21538100008910988,0.22818799970991677,0.012349999451544136,84,2.0672,10.0,4.48e-05
opportunity++,cpu,no_alignment,opportunity++__all__qwen3_4b,qwen3_4b,all,core,core,,32820,131280,0,143214,2561728,0.40155100032279734,0.4173010007434641,0.0439609993918566,,,,
opportunity++,cpu,no_alignment,opportunity++__all__qwen3_4b,qwen3_4b,all,core,core_language,,4029108736,8071498752,256,,820175714176,1434.705108000344,1439.8645920009585,0.799012999777915,,,,
opportunity++,cpu,no_usage,opportunity++__all__qwen3_4b,qwen3_4b,all,edge,ambient_sensors_gateway,ambient_sensors,14042,56168,0,61299,801792,0.21763099903182592,0.23764700017636642,0.012500000593718141,84,2.0672,10.0,4.48e-05
opportunity++,cpu,no_usage,opportunity++__all__qwen3_4b,qwen3_4b,all,edge,body_sensors_gateway,body_sensors,51518,206072,0,211315,3186432,0.22638100017502438,0.24000700013857568,0.012460001016734168,84,2.0672,10.0,4.48e-05
opportunity++,cpu,no_usage,opportunity++__all__qwen3_4b,qwen3_4b,all,edge,camera,"rgb,body25",99680,398720,0,408131,6161024,0.4076309996889904,0.4304469002818223,0.023810000129742548,168,2.1344,10.0,8.96e-05
opportunity++,cpu,no_usage,opportunity++__all__qwen3_4b,qwen3_4b,all,edge,object_sensors_gateway,object_sensors,20068,80272,0,85363,1184512,0.21880100030102767,0.22991509940766264,0.012450000212993473,84,2.0672,10.0,4.48e-05
opportunity++,cpu,no_usage,opportunity++__all__qwen3_4b,qwen3_4b,all,core,core,,32820,131280,0,143214,2561728,0.40608199924463406,0.4203730999506661,0.043340000047464855,,,,
opportunity++,cpu,no_usage,opportunity++__all__qwen3_4b,qwen3_4b,all,core,core_language,,4029108736,8071498752,256,,820175714176,1434.705108000344,1439.8645920009585,0.8072529999481048,,,,
opportunity++,cpu,tcn,opportunity++__all__qwen3_4b,qwen3_4b,all,edge,ambient_sensors_gateway,ambient_sensors,0,0,0,0,0,0.0005199999577598646,0.0008979992344393395,0.010279998605255969,13976,13.1808,10.0,0.007453866666666666
opportunity++,cpu,tcn,opportunity++__all__qwen3_4b,qwen3_4b,all,edge,body_sensors_gateway,body_sensors,0,0,0,0,0,0.0004699995770351961,0.0006860005669295788,0.012110000170650892,53584,44.8672,10.0,0.028578133333333332
opportunity++,cpu,tcn,opportunity++__all__qwen3_4b,qwen3_4b,all,edge,camera,"rgb,body25",0,0,0,0,0,0.0005500005499925464,0.0006670001312159002,0.0192299994523637,32956,28.3648,10.0,0.017576533333333335
opportunity++,cpu,tcn,opportunity++__all__qwen3_4b,qwen3_4b,all,edge,object_sensors_gateway,object_sensors,0,0,0,0,0,0.000459998773294501,0.0005410003723227419,0.01044000055117067,22396,19.9168,10.0,0.011944533333333333
opportunity++,cpu,tcn,opportunity++__all__qwen3_4b,qwen3_4b,all,core,core,,100968,403872,0,416869,6341184,0.8382830001210095,0.8792779995928868,0.034470000173314475,,,,
opportunity++,cpu,tcn,opportunity++__all__qwen3_4b,qwen3_4b,all,core,core_language,,4029108736,8071498752,256,,760959742848,1402.618464000625,1413.0506708997927,0.7101529990904965,,,,
opportunity++,cpu,ts_transformer,opportunity++__all__qwen3_4b,qwen3_4b,all,edge,ambient_sensors_gateway,ambient_sensors,0,0,0,0,0,0.0004699995770351961,0.0007850003385101445,0.010850000762729906,13976,13.1808,10.0,0.007453866666666666
opportunity++,cpu,ts_transformer,opportunity++__all__qwen3_4b,qwen3_4b,all,edge,body_sensors_gateway,body_sensors,0,0,0,0,0,0.0006299997039604932,0.0007560000085504726,0.01258999873243738,53584,44.8672,10.0,0.028578133333333332
opportunity++,cpu,ts_transformer,opportunity++__all__qwen3_4b,qwen3_4b,all,edge,camera,"rgb,body25",0,0,0,0,0,0.0005800011422252283,0.0007240012564579956,0.018930000805994496,32956,28.3648,10.0,0.017576533333333335
opportunity++,cpu,ts_transformer,opportunity++__all__qwen3_4b,qwen3_4b,all,edge,object_sensors_gateway,object_sensors,0,0,0,0,0,0.00044000080379191786,0.0005750001946580596,0.01044000055117067,22396,19.9168,10.0,0.011944533333333333
opportunity++,cpu,ts_transformer,opportunity++__all__qwen3_4b,qwen3_4b,all,core,core,,113832,455328,0,471937,7389760,0.8629130006738706,0.9004429999549757,0.033939999411813915,,,,
opportunity++,cpu,ts_transformer,opportunity++__all__qwen3_4b,qwen3_4b,all,core,core_language,,4029108736,8071498752,256,,760959742848,1402.618464000625,1413.0506708997927,0.7189129992184462,,,,
opportunity++,cpu,patchtst,opportunity++__all__qwen3_4b,qwen3_4b,all,edge,ambient_sensors_gateway,ambient_sensors,0,0,0,0,0,0.0005199999577598646,0.000853000528877601,0.010450001354911365,13976,13.1808,10.0,0.007453866666666666
opportunity++,cpu,patchtst,opportunity++__all__qwen3_4b,qwen3_4b,all,edge,body_sensors_gateway,body_sensors,0,0,0,0,0,0.00044000080379191786,0.0005390005753724836,0.012630000128410757,53584,44.8672,10.0,0.028578133333333332
opportunity++,cpu,patchtst,opportunity++__all__qwen3_4b,qwen3_4b,all,edge,camera,"rgb,body25",0,0,0,0,0,0.0005899983079871163,0.0007159986125770956,0.020590001440723427,32956,28.3648,10.0,0.017576533333333335
opportunity++,cpu,patchtst,opportunity++__all__qwen3_4b,qwen3_4b,all,edge,object_sensors_gateway,object_sensors,0,0,0,0,0,0.0005099991540191695,0.0005459987733047456,0.011100000847363845,22396,19.9168,10.0,0.011944533333333333
opportunity++,cpu,patchtst,opportunity++__all__qwen3_4b,qwen3_4b,all,core,core,,97640,390560,0,407169,187823808,1.7796270003600512,1.8062301001918968,0.03389999983482994,,,,
opportunity++,cpu,patchtst,opportunity++__all__qwen3_4b,qwen3_4b,all,core,core_language,,4029108736,8071498752,256,,576396437248,1371.211122999739,1404.6386358992095,0.5400920017564204,,,,
opportunity++,cpu,distrixsense,opportunity++__only_ambient_sensors__qwen3_4b,qwen3_4b,only_ambient_sensors,edge,ambient_sensors_gateway,ambient_sensors,14042,56168,0,61299,801792,0.21894999918004032,0.24183790064853383,0.012799999240087345,81,2.0648,10.0,4.32e-05
opportunity++,cpu,distrixsense,opportunity++__only_ambient_sensors__qwen3_4b,qwen3_4b,only_ambient_sensors,core,core,,28468,113872,0,125806,486848,0.24655100060044788,0.26614399885147577,0.010140000085812062,,,,
opportunity++,cpu,distrixsense,opportunity++__only_ambient_sensors__qwen3_4b,qwen3_4b,only_ambient_sensors,core,core_language,,4029108736,8071498752,256,,524957000576,1350.7986749991687,1368.5392131001208,0.5024919992138166,,,,
opportunity++,cpu,dense,opportunity++__only_ambient_sensors__qwen3_4b,qwen3_4b,only_ambient_sensors,edge,ambient_sensors_gateway,ambient_sensors,10610,42440,0,45581,670208,0.15808100033609662,0.17544110050948802,0.00911999995878432,4324,5.4592,10.0,0.0023061333333333333
opportunity++,cpu,dense,opportunity++__only_ambient_sensors__qwen3_4b,qwen3_4b,only_ambient_sensors,core,core,,27444,109776,0,121393,1993664,0.2229510009783553,0.2489790007530246,0.0064899995777523145,,,,
opportunity++,cpu,dense,opportunity++__only_ambient_sensors__qwen3_4b,qwen3_4b,only_ambient_sensors,core,core_language,,4029108736,8071498752,256,,701925437312,1383.517098000084,1384.5212963984523,0.8067539984040195,,,,
opportunity++,cpu,dense_tokens,opportunity++__only_ambient_sensors__qwen3_4b,qwen3_4b,only_ambient_sensors,edge,ambient_sensors_gateway,ambient_sensors,12986,51944,0,56569,785408,0.2185909997933777,0.2294449996043113,0.008130000423989259,1100,2.88,10.0,0.0005866666666666667
opportunity++,cpu,dense_tokens,opportunity++__only_ambient_sensors__qwen3_4b,qwen3_4b,only_ambient_sensors,core,core,,27444,109776,0,121393,486848,0.2102409998769872,0.23976999946171418,0.006260001100599766,,,,
opportunity++,cpu,dense_tokens,opportunity++__only_ambient_sensors__qwen3_4b,qwen3_4b,only_ambient_sensors,core,core_language,,4029108736,8071498752,256,,524957000576,1350.7986749991687,1368.5392131001208,0.43571199967118446,,,,
opportunity++,cpu,raw,opportunity++__only_ambient_sensors__qwen3_4b,qwen3_4b,only_ambient_sensors,edge,ambient_sensors_gateway,ambient_sensors,0,0,0,0,0,0.000559999534743838,0.0007849996109143831,0.010449999535921961,13976,13.1808,10.0,0.007453866666666666
opportunity++,cpu,raw,opportunity++__only_ambient_sensors__qwen3_4b,qwen3_4b,only_ambient_sensors,core,core,,38054,152216,0,166425,2663872,0.462322001112625,0.46974700035207206,0.00720999923942145,,,,
opportunity++,cpu,raw,opportunity++__only_ambient_sensors__qwen3_4b,qwen3_4b,only_ambient_sensors,core,core_language,,4029108736,8071498752,256,,701925437312,1383.517098000084,1384.5212963984523,0.7301929999812273,,,,
opportunity++,cpu,early_fusion,opportunity++__only_ambient_sensors__qwen3_4b,qwen3_4b,only_ambient_sensors,edge,ambient_sensors_gateway,ambient_sensors,0,0,0,0,0,0.0005299989425111562,0.0008449997039861046,0.01049999991664663,13976,13.1808,10.0,0.007453866666666666
opportunity++,cpu,early_fusion,opportunity++__only_ambient_sensors__qwen3_4b,qwen3_4b,only_ambient_sensors,core,core,,30246,120984,0,134559,2166208,0.455632000011974,0.461940999593935,0.00720999923942145,,,,
opportunity++,cpu,early_fusion,opportunity++__only_ambient_sensors__qwen3_4b,qwen3_4b,only_ambient_sensors,core,core_language,,4029108736,8071498752,256,,701925437312,1383.517098000084,1384.5212963984523,0.7361429998127278,,,,
opportunity++,cpu,late_fusion,opportunity++__only_ambient_sensors__qwen3_4b,qwen3_4b,only_ambient_sensors,edge,ambient_sensors_gateway,ambient_sensors,10940,43760,0,47301,670848,0.1865800004452467,0.1969309010746656,0.008420000085607171,88,2.0704,10.0,4.6933333333333333e-05
opportunity++,cpu,late_fusion,opportunity++__only_ambient_sensors__qwen3_4b,qwen3_4b,only_ambient_sensors,core,core,,0,0,0,0,0,0.024750001102802344,0.03117600026598666,0.006140000550658442,,,,
opportunity++,cpu,late_fusion,opportunity++__only_ambient_sensors__qwen3_4b,qwen3_4b,only_ambient_sensors,core,core_language,,4022468096,8044936192,256,,591014930432,1363.9552559998265,1364.4799317013167,0.20025100093334913,,,,
opportunity++,cpu,local_only,opportunity++__only_ambient_sensors__qwen3_4b,qwen3_4b,only_ambient_sensors,edge,ambient_sensors_gateway,ambient_sensors,10940,43760,0,47301,670848,0.17700100033835042,0.19203100018785335,0.008049999451031908,52,2.0416,10.0,2.7733333333333334e-05
opportunity++,cpu,local_only,opportunity++__only_ambient_sensors__qwen3_4b,qwen3_4b,only_ambient_sensors,core,core,,0,0,0,0,0,0.02882999979192391,0.03705600120156305,0.005989999408484437,,,,
opportunity++,cpu,local_only,opportunity++__only_ambient_sensors__qwen3_4b,qwen3_4b,only_ambient_sensors,core,core_language,,4022468096,8044936192,256,,591014930432,1363.9552559998265,1364.4799317013167,0.17320099868811667,,,,
opportunity++,cpu,bottleneck,opportunity++__only_ambient_sensors__qwen3_4b,qwen3_4b,only_ambient_sensors,edge,ambient_sensors_gateway,ambient_sensors,10742,42968,0,46533,678400,0.1754910008457955,0.18899010010500206,0.008290000550914556,684,2.5472,10.0,0.0003648
opportunity++,cpu,bottleneck,opportunity++__only_ambient_sensors__qwen3_4b,qwen3_4b,only_ambient_sensors,core,core,,27604,110416,0,122667,2001856,0.23169099949882366,0.2471170000717393,0.0061800001276424155,,,,
opportunity++,cpu,bottleneck,opportunity++__only_ambient_sensors__qwen3_4b,qwen3_4b,only_ambient_sensors,core,core_language,,4029108736,8071498752,256,,701925437312,1383.517098000084,1384.5212963984523,0.717453000106616,,,,
opportunity++,cpu,tokenlearner,opportunity++__only_ambient_sensors__qwen3_4b,qwen3_4b,only_ambient_sensors,edge,ambient_sensors_gateway,ambient_sensors,11930,47720,0,51775,769024,0.20222099919919856,0.21806100030516973,0.008660001185489818,1100,2.88,10.0,0.0005866666666666667
opportunity++,cpu,tokenlearner,opportunity++__only_ambient_sensors__qwen3_4b,qwen3_4b,only_ambient_sensors,core,core,,27444,109776,0,121393,486848,0.23935100034577772,0.2458759992805426,0.006260001100599766,,,,
opportunity++,cpu,tokenlearner,opportunity++__only_ambient_sensors__qwen3_4b,qwen3_4b,only_ambient_sensors,core,core_language,,4029108736,8071498752,256,,524957000576,1350.7986749991687,1368.5392131001208,0.41756200153031386,,,,
opportunity++,cpu,posthoc_vq,opportunity++__only_ambient_sensors__qwen3_4b,qwen3_4b,only_ambient_sensors,edge,ambient_sensors_gateway,ambient_sensors,11634,46536,0,49929,735744,0.2583009991212748,0.2661760001501534,0.014209999790182337,192,2.1536,10.0,0.0001024
opportunity++,cpu,posthoc_vq,opportunity++__only_ambient_sensors__qwen3_4b,qwen3_4b,only_ambient_sensors,core,core,,28468,113872,0,125806,1993664,0.2503809992049355,0.27485199989314424,0.011269999959040433,,,,
opportunity++,cpu,posthoc_vq,opportunity++__only_ambient_sensors__qwen3_4b,qwen3_4b,only_ambient_sensors,core,core_language,,4029108736,8071498752,256,,701925437312,1383.517098000084,1384.5212963984523,0.70967300052871,,,,
opportunity++,cpu,joint_vq,opportunity++__only_ambient_sensors__qwen3_4b,qwen3_4b,only_ambient_sensors,edge,ambient_sensors_gateway,ambient_sensors,14010,56040,0,60918,801792,0.29048100077488925,0.3129720011202153,0.012329999663052149,81,2.0648,10.0,4.32e-05
opportunity++,cpu,joint_vq,opportunity++__only_ambient_sensors__qwen3_4b,qwen3_4b,only_ambient_sensors,core,core,,28468,113872,0,125806,486848,0.23840100038796663,0.26728199864010094,0.010210000255028717,,,,
opportunity++,cpu,joint_vq,opportunity++__only_ambient_sensors__qwen3_4b,qwen3_4b,only_ambient_sensors,core,core_language,,4029108736,8071498752,256,,524957000576,1350.7986749991687,1368.5392131001208,0.4183909986750223,,,,
opportunity++,cpu,deepconvlstm,opportunity++__only_ambient_sensors__qwen3_4b,qwen3_4b,only_ambient_sensors,edge,ambient_sensors_gateway,ambient_sensors,0,0,0,0,0,0.000660000296193175,0.0008669989256304689,0.0102299982245313,13976,13.1808,10.0,0.007453866666666666
opportunity++,cpu,deepconvlstm,opportunity++__only_ambient_sensors__qwen3_4b,qwen3_4b,only_ambient_sensors,core,core,,40188,160752,0,167521,2505856,0.33941199944820255,0.37820109973836225,0.007059999916236848,,,,
opportunity++,cpu,deepconvlstm,opportunity++__only_ambient_sensors__qwen3_4b,qwen3_4b,only_ambient_sensors,core,core_language,,4029108736,8071498752,256,,701925437312,1383.517098000084,1384.5212963984523,0.702923000062583,,,,
opportunity++,cpu,unrestricted_bank,opportunity++__only_ambient_sensors__qwen3_4b,qwen3_4b,only_ambient_sensors,edge,ambient_sensors_gateway,ambient_sensors,14042,56168,0,61299,801792,0.21436099996208213,0.23874199996498646,0.012831000276491977,81,2.0648,10.0,4.32e-05
opportunity++,cpu,unrestricted_bank,opportunity++__only_ambient_sensors__qwen3_4b,qwen3_4b,only_ambient_sensors,core,core,,28468,113872,0,125806,486848,0.2145710004697321,0.2312930004336522,0.00982999881671276,,,,
opportunity++,cpu,unrestricted_bank,opportunity++__only_ambient_sensors__qwen3_4b,qwen3_4b,only_ambient_sensors,core,core_language,,4029108736,8071498752,256,,524957000576,1350.7986749991687,1368.5392131001208,0.416930999563192,,,,
opportunity++,cpu,separate_banks,opportunity++__only_ambient_sensors__qwen3_4b,qwen3_4b,only_ambient_sensors,edge,ambient_sensors_gateway,ambient_sensors,14042,56168,0,61299,801792,0.22987100055615883,0.25419799949304434,0.012720000086119398,81,2.0648,10.0,4.32e-05
opportunity++,cpu,separate_banks,opportunity++__only_ambient_sensors__qwen3_4b,qwen3_4b,only_ambient_sensors,core,core,,28468,113872,0,125806,486848,0.2411010009382153,0.2657169005033211,0.010010000551119447,,,,
opportunity++,cpu,separate_banks,opportunity++__only_ambient_sensors__qwen3_4b,qwen3_4b,only_ambient_sensors,core,core_language,,4029108736,8071498752,256,,524957000576,1350.7986749991687,1368.5392131001208,0.5002919988328358,,,,
opportunity++,cpu,fixed_resampling,opportunity++__only_ambient_sensors__qwen3_4b,qwen3_4b,only_ambient_sensors,edge,ambient_sensors_gateway,ambient_sensors,14042,56168,0,61299,707072,0.16961999972409103,0.17941289970622165,0.013880000551580451,81,2.0648,10.0,4.32e-05
opportunity++,cpu,fixed_resampling,opportunity++__only_ambient_sensors__qwen3_4b,qwen3_4b,only_ambient_sensors,core,core,,28468,113872,0,125806,486848,0.23527099983766675,0.2599759996883222,0.0099300013971515,,,,
opportunity++,cpu,fixed_resampling,opportunity++__only_ambient_sensors__qwen3_4b,qwen3_4b,only_ambient_sensors,core,core_language,,4029108736,8071498752,256,,524957000576,1350.7986749991687,1368.5392131001208,0.41585200051486026,,,,
opportunity++,cpu,finetune_encoders,opportunity++__only_ambient_sensors__qwen3_4b,qwen3_4b,only_ambient_sensors,edge,ambient_sensors_gateway,ambient_sensors,14042,56168,0,61299,801792,0.21697099873563275,0.23766200010868488,0.012689999493886717,81,2.0648,10.0,4.32e-05
opportunity++,cpu,finetune_encoders,opportunity++__only_ambient_sensors__qwen3_4b,qwen3_4b,only_ambient_sensors,core,core,,28468,113872,0,125806,486848,0.23865099865361117,0.25821790004556533,0.010059999112854712,,,,
opportunity++,cpu,finetune_encoders,opportunity++__only_ambient_sensors__qwen3_4b,qwen3_4b,only_ambient_sensors,core,core_language,,4029108736,8071498752,256,,524957000576,1350.7986749991687,1368.5392131001208,0.4214309992676135,,,,
opportunity++,cpu,no_alignment,opportunity++__only_ambient_sensors__qwen3_4b,qwen3_4b,only_ambient_sensors,edge,ambient_sensors_gateway,ambient_sensors,14042,56168,0,61299,801792,0.21431100140034687,0.236109000070428,0.012480000805226155,81,2.0648,10.0,4.32e-05
opportunity++,cpu,no_alignment,opportunity++__only_ambient_sensors__qwen3_4b,qwen3_4b,only_ambient_sensors,core,core,,28468,113872,0,125806,486848,0.23935100034577772,0.2566138999100076,0.01005000012810342,,,,
opportunity++,cpu,no_alignment,opportunity++__only_ambient_sensors__qwen3_4b,qwen3_4b,only_ambient_sensors,core,core_language,,4029108736,8071498752,256,,524957000576,1350.7986749991687,1368.5392131001208,0.4161220003879862,,,,
opportunity++,cpu,no_usage,opportunity++__only_ambient_sensors__qwen3_4b,qwen3_4b,only_ambient_sensors,edge,ambient_sensors_gateway,ambient_sensors,14042,56168,0,61299,801792,0.21568099873547908,0.2363720001085312,0.012559999959194101,81,2.0648,10.0,4.32e-05
opportunity++,cpu,no_usage,opportunity++__only_ambient_sensors__qwen3_4b,qwen3_4b,only_ambient_sensors,core,core,,28468,113872,0,125806,486848,0.2356709992454853,0.254940000922943,0.010080000720336102,,,,
opportunity++,cpu,no_usage,opportunity++__only_ambient_sensors__qwen3_4b,qwen3_4b,only_ambient_sensors,core,core_language,,4029108736,8071498752,256,,524957000576,1350.7986749991687,1368.5392131001208,0.42005199975392316,,,,
opportunity++,cpu,tcn,opportunity++__only_ambient_sensors__qwen3_4b,qwen3_4b,only_ambient_sensors,edge,ambient_sensors_gateway,ambient_sensors,0,0,0,0,0,0.0005399997462518513,0.00079200035543181,0.010429999747429974,13976,13.1808,10.0,0.007453866666666666
opportunity++,cpu,tcn,opportunity++__only_ambient_sensors__qwen3_4b,qwen3_4b,only_ambient_sensors,core,core,,16134,64536,0,72789,980160,0.3535410014592344,0.38134290007292293,0.007020000339252874,,,,
opportunity++,cpu,tcn,opportunity++__only_ambient_sensors__qwen3_4b,qwen3_4b,only_ambient_sensors,core,core_language,,4029108736,8071498752,256,,701925437312,1383.517098000084,1384.5212963984523,0.6996129995968658,,,,
opportunity++,cpu,ts_transformer,opportunity++__only_ambient_sensors__qwen3_4b,qwen3_4b,only_ambient_sensors,edge,ambient_sensors_gateway,ambient_sensors,0,0,0,0,0,0.0005200017767492682,0.0008710005204193294,0.010399999155197293,13976,13.1808,10.0,0.007453866666666666
opportunity++,cpu,ts_transformer,opportunity++__only_ambient_sensors__qwen3_4b,qwen3_4b,only_ambient_sensors,core,core,,28998,115992,0,127729,2028736,0.3909419992851326,0.4121729998587398,0.006919999577803537,,,,
opportunity++,cpu,ts_transformer,opportunity++__only_ambient_sensors__qwen3_4b,qwen3_4b,only_ambient_sensors,core,core_language,,4029108736,8071498752,256,,701925437312,1383.517098000084,1384.5212963984523,0.7181630007835338,,,,
opportunity++,cpu,patchtst,opportunity++__only_ambient_sensors__qwen3_4b,qwen3_4b,only_ambient_sensors,edge,ambient_sensors_gateway,ambient_sensors,0,0,0,0,0,0.0005299989425111562,0.0008630011507193558,0.010400000974186696,13976,13.1808,10.0,0.007453866666666666
opportunity++,cpu,patchtst,opportunity++__only_ambient_sensors__qwen3_4b,qwen3_4b,only_ambient_sensors,core,core,,28038,112152,0,123889,13427008,0.5566519994317787,0.5712508993383381,0.006969999958528206,,,,
opportunity++,cpu,patchtst,opportunity++__only_ambient_sensors__qwen3_4b,qwen3_4b,only_ambient_sensors,core,core_language,,4029108736,8071498752,256,,517598061312,1352.7679889994033,1353.2538566987569,0.5372819996409817,,,,
opportunity++,cpu,distrixsense,opportunity++__only_body25__qwen3_4b,qwen3_4b,only_body25,edge,camera,body25,24568,98272,0,103411,1470592,0.22676099979435094,0.23922599975776393,0.012480000805226155,81,2.0648,10.0,4.32e-05
opportunity++,cpu,distrixsense,opportunity++__only_body25__qwen3_4b,qwen3_4b,only_body25,core,core,,28468,113872,0,125806,486848,0.25032099983945955,0.26848299930861685,0.009999999747378752,,,,
opportunity++,cpu,distrixsense,opportunity++__only_body25__qwen3_4b,qwen3_4b,only_body25,core,core_language,,4029108736,8071498752,256,,524957000576,1350.7986749991687,1368.5392131001208,0.424461999500636,,,,
opportunity++,cpu,dense,opportunity++__only_body25__qwen3_4b,qwen3_4b,only_body25,edge,camera,body25,21136,84544,0,87693,1339008,0.16253099965979345,0.1713150000796304,0.008889999662642367,4324,5.4592,10.0,0.0023061333333333333
opportunity++,cpu,dense,opportunity++__only_body25__qwen3_4b,qwen3_4b,only_body25,core,core,,27444,109776,0,121393,1993664,0.22489100047096144,0.23966000062500825,0.006629999916185625,,,,
opportunity++,cpu,dense,opportunity++__only_body25__qwen3_4b,qwen3_4b,only_body25,core,core_language,,4029108736,8071498752,256,,701925437312,1383.517098000084,1384.5212963984523,0.7128329998522531,,,,
opportunity++,cpu,dense_tokens,opportunity++__only_body25__qwen3_4b,qwen3_4b,only_body25,edge,camera,body25,23512,94048,0,98681,1454208,0.20832100017287303,0.22386400032701204,0.008629998774267733,1100,2.88,10.0,0.0005866666666666667
opportunity++,cpu,dense_tokens,opportunity++__only_body25__qwen3_4b,qwen3_4b,only_body25,core,core,,27444,109776,0,121393,486848,0.22158100000524428,0.22888000057719182,0.00655999974696897,,,,
opportunity++,cpu,dense_tokens,opportunity++__only_body25__qwen3_4b,qwen3_4b,only_body25,core,core_language,,4029108736,8071498752,256,,524957000576,1350.7986749991687,1368.5392131001208,0.4182519987807609,,,,
opportunity++,cpu,raw,opportunity++__only_body25__qwen3_4b,qwen3_4b,only_body25,edge,camera,body25,0,0,0,0,0,0.00044000080379191786,0.000737000118533615,0.009310000677942298,9332,9.4656,10.0,0.004977066666666667
opportunity++,cpu,raw,opportunity++__only_body25__qwen3_4b,qwen3_4b,only_body25,core,core,,48580,194320,0,208473,3332672,0.4501120001805248,0.46597000109613873,0.006969999958528206,,,,
opportunity++,cpu,raw,opportunity++__only_body25__qwen3_4b,qwen3_4b,only_body25,core,core_language,,4029108736,8071498752,256,,701925437312,1383.517098000084,1384.5212963984523,0.707842998963315,,,,
opportunity++,cpu,early_fusion,opportunity++__only_body25__qwen3_4b,qwen3_4b,only_body25,edge,camera,body25,0,0,0,0,0,0.0004900011845165864,0.0007878992619225755,0.009560000762576237,9332,9.4656,10.0,0.004977066666666667
opportunity++,cpu,early_fusion,opportunity++__only_body25__qwen3_4b,qwen3_4b,only_body25,core,core,,35908,143632,0,157151,2523712,0.43757200000982266,0.45831700081180315,0.006979998943279497,,,,
opportunity++,cpu,early_fusion,opportunity++__only_body25__qwen3_4b,qwen3_4b,only_body25,core,core_language,,4029108736,8071498752,256,,701925437312,1383.517098000084,1384.5212963984523,0.7134530005714623,,,,
opportunity++,cpu,late_fusion,opportunity++__only_body25__qwen3_4b,qwen3_4b,only_body25,edge,camera,body25,21466,85864,0,89413,1339648,0.17278099949180614,0.1934719992277678,0.008170000000973232,88,2.0704,10.0,4.6933333333333333e-05
opportunity++,cpu,late_fusion,opportunity++__only_body25__qwen3_4b,qwen3_4b,only_body25,core,core,,0,0,0,0,0,0.024570999812567607,0.031014100022730418,0.005870000677532516,,,,
opportunity++,cpu,late_fusion,opportunity++__only_body25__qwen3_4b,qwen3_4b,only_body25,core,core_language,,4022468096,8044936192,256,,591014930432,1363.9552559998265,1364.4799317013167,0.16411100114055444,,,,
opportunity++,cpu,local_only,opportunity++__only_body25__qwen3_4b,qwen3_4b,only_body25,edge,camera,body25,21466,85864,0,89413,1339648,0.17931000002135988,0.19274789992778096,0.007969998478074558,52,2.0416,10.0,2.7733333333333334e-05
opportunity++,cpu,local_only,opportunity++__only_body25__qwen3_4b,qwen3_4b,only_body25,core,core,,0,0,0,0,0,0.02843999936885666,0.03768299902731087,0.005870000677532516,,,,
opportunity++,cpu,local_only,opportunity++__only_body25__qwen3_4b,qwen3_4b,only_body25,core,core_language,,4022468096,8044936192,256,,591014930432,1363.9552559998265,1364.4799317013167,0.163061000421294,,,,
opportunity++,cpu,bottleneck,opportunity++__only_body25__qwen3_4b,qwen3_4b,only_body25,edge,camera,body25,21268,85072,0,88645,1347200,0.2049710001301719,0.24359900089621078,0.008510000043315813,684,2.5472,10.0,0.0003648
opportunity++,cpu,bottleneck,opportunity++__only_body25__qwen3_4b,qwen3_4b,only_body25,core,core,,27604,110416,0,122603,2001856,0.23281100038730074,0.24491600088367704,0.006189999112393707,,,,
opportunity++,cpu,bottleneck,opportunity++__only_body25__qwen3_4b,qwen3_4b,only_body25,core,core_language,,4029108736,8071498752,256,,701925437312,1383.517098000084,1384.5212963984523,0.7084629996825242,,,,
opportunity++,cpu,tokenlearner,opportunity++__only_body25__qwen3_4b,qwen3_4b,only_body25,edge,camera,body25,22456,89824,0,93887,1437824,0.215051000850508,0.23589500142406905,0.008650000381749123,1100,2.88,10.0,0.0005866666666666667
opportunity++,cpu,tokenlearner,opportunity++__only_body25__qwen3_4b,qwen3_4b,only_body25,core,core,,27444,109776,0,121393,486848,0.2062010007648496,0.2253709993965458,0.006649999704677612,,,,
opportunity++,cpu,tokenlearner,opportunity++__only_body25__qwen3_4b,qwen3_4b,only_body25,core,core_language,,4029108736,8071498752,256,,524957000576,1350.7986749991687,1368.5392131001208,0.4275720002624439,,,,
opportunity++,cpu,posthoc_vq,opportunity++__only_body25__qwen3_4b,qwen3_4b,only_body25,edge,camera,body25,22160,88640,0,92041,1404544,0.2716110011533601,0.298071900033392,0.013109998690197244,192,2.1536,10.0,0.0001024
opportunity++,cpu,posthoc_vq,opportunity++__only_body25__qwen3_4b,qwen3_4b,only_body25,core,core,,28468,113872,0,125806,1993664,0.248701000600704,0.2741889995377278,0.01055999928212259,,,,
opportunity++,cpu,posthoc_vq,opportunity++__only_body25__qwen3_4b,qwen3_4b,only_body25,core,core_language,,4029108736,8071498752,256,,701925437312,1383.517098000084,1384.5212963984523,0.7143620005081175,,,,
opportunity++,cpu,joint_vq,opportunity++__only_body25__qwen3_4b,qwen3_4b,only_body25,edge,camera,body25,24536,98144,0,103030,1470592,0.2918419995694421,0.3151690996674006,0.012599999536178075,81,2.0648,10.0,4.32e-05
opportunity++,cpu,joint_vq,opportunity++__only_body25__qwen3_4b,qwen3_4b,only_body25,core,core,,28468,113872,0,125806,486848,0.23849100034567527,0.26061390090035275,0.010010000551119447,,,,
opportunity++,cpu,joint_vq,opportunity++__only_body25__qwen3_4b,qwen3_4b,only_body25,core,core_language,,4029108736,8071498752,256,,524957000576,1350.7986749991687,1368.5392131001208,0.4162519999226788,,,,
opportunity++,cpu,deepconvlstm,opportunity++__only_body25__qwen3_4b,qwen3_4b,only_body25,edge,camera,body25,0,0,0,0,0,0.0004899993655271828,0.0007509990609833039,0.009309998858952895,9332,9.4656,10.0,0.004977066666666667
opportunity++,cpu,deepconvlstm,opportunity++__only_body25__qwen3_4b,qwen3_4b,only_body25,core,core,,50714,202856,0,209569,3174656,0.3382220002094982,0.35546510080166627,0.00661999911244493,,,,
opportunity++,cpu,deepconvlstm,opportunity++__only_body25__qwen3_4b,qwen3_4b,only_body25,core,core_language,,4029108736,8071498752,256,,701925437312,1383.517098000084,1384.5212963984523,0.7360429990512785,,,,
opportunity++,cpu,unrestricted_bank,opportunity++__only_body25__qwen3_4b,qwen3_4b,only_body25,edge,camera,body25,24568,98272,0,103411,1470592,0.21570100034296047,0.23401600064971717,0.012779999451595359,81,2.0648,10.0,4.32e-05
opportunity++,cpu,unrestricted_bank,opportunity++__only_body25__qwen3_4b,qwen3_4b,only_body25,core,core,,28468,113872,0,125806,486848,0.21800099966640119,0.23342700023931684,0.010080000720336102,,,,
opportunity++,cpu,unrestricted_bank,opportunity++__only_body25__qwen3_4b,qwen3_4b,only_body25,core,core_language,,4029108736,8071498752,256,,524957000576,1350.7986749991687,1368.5392131001208,0.4371819995867554,,,,
opportunity++,cpu,separate_banks,opportunity++__only_body25__qwen3_4b,qwen3_4b,only_body25,edge,camera,body25,24568,98272,0,103411,1470592,0.22719099979440216,0.23045800044201314,0.012569998943945393,81,2.0648,10.0,4.32e-05
opportunity++,cpu,separate_banks,opportunity++__only_body25__qwen3_4b,qwen3_4b,only_body25,core,core,,28468,113872,0,125806,486848,0.2410710003459826,0.2640480004629353,0.009960000170394778,,,,
opportunity++,cpu,separate_banks,opportunity++__only_body25__qwen3_4b,qwen3_4b,only_body25,core,core_language,,4029108736,8071498752,256,,524957000576,1350.7986749991687,1368.5392131001208,0.4562619997159345,,,,
opportunity++,cpu,fixed_resampling,opportunity++__only_body25__qwen3_4b,qwen3_4b,only_body25,edge,camera,body25,24568,98272,0,103411,1096192,0.15132099906622898,0.15809709984750953,0.012680000509135425,81,2.0648,10.0,4.32e-05
opportunity++,cpu,fixed_resampling,opportunity++__only_body25__qwen3_4b,qwen3_4b,only_body25,core,core,,28468,113872,0,125806,486848,0.2376810007262975,0.2655360000062501,0.010140000085812062,,,,
opportunity++,cpu,fixed_resampling,opportunity++__only_body25__qwen3_4b,qwen3_4b,only_body25,core,core_language,,4029108736,8071498752,256,,524957000576,1350.7986749991687,1368.5392131001208,0.44114199954492506,,,,
opportunity++,cpu,finetune_encoders,opportunity++__only_body25__qwen3_4b,qwen3_4b,only_body25,edge,camera,body25,24568,98272,0,103411,1470592,0.22468099996331148,0.22990100042079575,0.012110998795833439,81,2.0648,10.0,4.32e-05
opportunity++,cpu,finetune_encoders,opportunity++__only_body25__qwen3_4b,qwen3_4b,only_body25,core,core,,28468,113872,0,125806,486848,0.23463099932996556,0.2552140002080705,0.010110001312568784,,,,
opportunity++,cpu,finetune_encoders,opportunity++__only_body25__qwen3_4b,qwen3_4b,only_body25,core,core_language,,4029108736,8071498752,256,,524957000576,1350.7986749991687,1368.5392131001208,0.4204910001135431,,,,
opportunity++,cpu,no_alignment,opportunity++__only_body25__qwen3_4b,qwen3_4b,only_body25,edge,camera,body25,24568,98272,0,103411,1470592,0.22363099924405105,0.22948099958739476,0.012660000720643438,81,2.0648,10.0,4.32e-05
opportunity++,cpu,no_alignment,opportunity++__only_body25__qwen3_4b,qwen3_4b,only_body25,core,core,,28468,113872,0,125806,486848,0.23251099992194213,0.25379599992447766,0.009840001439442858,,,,
opportunity++,cpu,no_alignment,opportunity++__only_body25__qwen3_4b,qwen3_4b,only_body25,core,core_language,,4029108736,8071498752,256,,524957000576,1350.7986749991687,1368.5392131001208,0.4153019999648677,,,,
opportunity++,cpu,no_usage,opportunity++__only_body25__qwen3_4b,qwen3_4b,only_body25,edge,camera,body25,24568,98272,0,103411,1470592,0.22080099915910978,0.22894600060681114,0.012399999832268804,81,2.0648,10.0,4.32e-05
opportunity++,cpu,no_usage,opportunity++__only_body25__qwen3_4b,qwen3_4b,only_body25,core,core,,28468,113872,0,125806,486848,0.23525100004917476,0.2591279988337192,0.010089999705087394,,,,
opportunity++,cpu,no_usage,opportunity++__only_body25__qwen3_4b,qwen3_4b,only_body25,core,core_language,,4029108736,8071498752,256,,524957000576,1350.7986749991687,1368.5392131001208,0.42411199865455274,,,,
opportunity++,cpu,tcn,opportunity++__only_body25__qwen3_4b,qwen3_4b,only_body25,edge,camera,body25,0,0,0,0,0,0.0004999983502784744,0.0008149991117534228,0.009209999916492961,9332,9.4656,10.0,0.004977066666666667
opportunity++,cpu,tcn,opportunity++__only_body25__qwen3_4b,qwen3_4b,only_body25,core,core,,21796,87184,0,95381,1337664,0.3668120007205289,0.38461310032289475,0.006629999916185625,,,,
opportunity++,cpu,tcn,opportunity++__only_body25__qwen3_4b,qwen3_4b,only_body25,core,core_language,,4029108736,8071498752,256,,701925437312,1383.517098000084,1384.5212963984523,0.7176629987952765,,,,
opportunity++,cpu,ts_transformer,opportunity++__only_body25__qwen3_4b,qwen3_4b,only_body25,edge,camera,body25,0,0,0,0,0,0.00043000000005122274,0.0007449991244357079,0.00906000059330836,9332,9.4656,10.0,0.004977066666666667
opportunity++,cpu,ts_transformer,opportunity++__only_body25__qwen3_4b,qwen3_4b,only_body25,core,core,,34660,138640,0,150321,2386240,0.39325199941231403,0.4268220012818347,0.006770000254618935,,,,
opportunity++,cpu,ts_transformer,opportunity++__only_body25__qwen3_4b,qwen3_4b,only_body25,core,core_language,,4029108736,8071498752,256,,701925437312,1383.517098000084,1384.5212963984523,0.7083630007400643,,,,
opportunity++,cpu,patchtst,opportunity++__only_body25__qwen3_4b,qwen3_4b,only_body25,edge,camera,body25,0,0,0,0,0,0.0005399997462518513,0.0008550005077267997,0.009300001693191007,9332,9.4656,10.0,0.004977066666666667
opportunity++,cpu,patchtst,opportunity++__only_body25__qwen3_4b,qwen3_4b,only_body25,core,core,,32484,129936,0,141617,27393984,0.6224230000952957,0.6365619987263926,0.009320001481682993,,,,
opportunity++,cpu,patchtst,opportunity++__only_body25__qwen3_4b,qwen3_4b,only_body25,core,core_language,,4029108736,8071498752,256,,517598061312,1352.7679889994033,1353.2538566987569,0.41524200059939176,,,,
opportunity++,cpu,distrixsense,opportunity++__only_body_sensors__qwen3_4b,qwen3_4b,only_body_sensors,edge,body_sensors_gateway,body_sensors,51518,206072,0,211315,3186432,0.23509099992224947,0.245305999123957,0.012659998901654035,81,2.0648,10.0,4.32e-05
opportunity++,cpu,distrixsense,opportunity++__only_body_sensors__qwen3_4b,qwen3_4b,only_body_sensors,core,core,,28468,113872,0,125806,486848,0.23702100043010432,0.2586570008134004,0.010089999705087394,,,,
opportunity++,cpu,distrixsense,opportunity++__only_body_sensors__qwen3_4b,qwen3_4b,only_body_sensors,core,core_language,,4029108736,8071498752,256,,524957000576,1350.7986749991687,1368.5392131001208,0.4148110001551686,,,,
opportunity++,cpu,dense,opportunity++__only_body_sensors__qwen3_4b,qwen3_4b,only_body_sensors,edge,body_sensors_gateway,body_sensors,48086,192344,0,195597,3054848,0.17443100114178378,0.18357499939156696,0.008779999916441739,4324,5.4592,10.0,0.0023061333333333333
opportunity++,cpu,dense,opportunity++__only_body_sensors__qwen3_4b,qwen3_4b,only_body_sensors,core,core,,27444,109776,0,121393,1993664,0.22524099949805532,0.24061299900495214,0.006439999197027646,,,,
opportunity++,cpu,dense,opportunity++__only_body_sensors__qwen3_4b,qwen3_4b,only_body_sensors,core,core_language,,4029108736,8071498752,256,,701925437312,1383.517098000084,1384.5212963984523,0.7085729994287249,,,,
opportunity++,cpu,dense_tokens,opportunity++__only_body_sensors__qwen3_4b,qwen3_4b,only_body_sensors,edge,body_sensors_gateway,body_sensors,50462,201848,0,206585,3170048,0.21942099920124747,0.23251600068761036,0.008159999197232537,1100,2.88,10.0,0.0005866666666666667
opportunity++,cpu,dense_tokens,opportunity++__only_body_sensors__qwen3_4b,qwen3_4b,only_body_sensors,core,core,,27444,109776,0,121393,486848,0.2015509999182541,0.2290639995408128,0.006510001185233705,,,,
opportunity++,cpu,dense_tokens,opportunity++__only_body_sensors__qwen3_4b,qwen3_4b,only_body_sensors,core,core_language,,4029108736,8071498752,256,,524957000576,1350.7986749991687,1368.5392131001208,0.42082199979631696,,,,
opportunity++,cpu,raw,opportunity++__only_body_sensors__qwen3_4b,qwen3_4b,only_body_sensors,edge,body_sensors_gateway,body_sensors,0,0,0,0,0,0.0005999991117278114,0.0008249991878983565,0.011800000720540993,53584,44.8672,10.0,0.028578133333333332
opportunity++,cpu,raw,opportunity++__only_body_sensors__qwen3_4b,qwen3_4b,only_body_sensors,core,core,,75530,302120,0,316441,5048512,0.4649620004784083,0.47913700036588125,0.008619999789516442,,,,
opportunity++,cpu,raw,opportunity++__only_body_sensors__qwen3_4b,qwen3_4b,only_body_sensors,core,core_language,,4029108736,8071498752,256,,701925437312,1383.517098000084,1384.5212963984523,0.7066529997246107,,,,
opportunity++,cpu,early_fusion,opportunity++__only_body_sensors__qwen3_4b,qwen3_4b,only_body_sensors,edge,body_sensors_gateway,body_sensors,0,0,0,0,0,0.0005099991540191695,0.0008880000677891076,0.011789999916800298,53584,44.8672,10.0,0.028578133333333332
opportunity++,cpu,early_fusion,opportunity++__only_body_sensors__qwen3_4b,qwen3_4b,only_body_sensors,core,core,,53898,215592,0,229279,3666112,0.45079200026520994,0.47940299973561196,0.008320001143147238,,,,
opportunity++,cpu,early_fusion,opportunity++__only_body_sensors__qwen3_4b,qwen3_4b,only_body_sensors,core,core_language,,4029108736,8071498752,256,,701925437312,1383.517098000084,1384.5212963984523,0.8547239995095879,,,,
opportunity++,cpu,late_fusion,opportunity++__only_body_sensors__qwen3_4b,qwen3_4b,only_body_sensors,edge,body_sensors_gateway,body_sensors,48416,193664,0,197317,3055488,0.19025000074179843,0.19958389984822134,0.00788000033935532,88,2.0704,10.0,4.6933333333333333e-05
opportunity++,cpu,late_fusion,opportunity++__only_body_sensors__qwen3_4b,qwen3_4b,only_body_sensors,core,core,,0,0,0,0,0,0.0234199997066753,0.02987300103995949,0.006009999196976423,,,,
opportunity++,cpu,late_fusion,opportunity++__only_body_sensors__qwen3_4b,qwen3_4b,only_body_sensors,core,core_language,,4022468096,8044936192,256,,591014930432,1363.9552559998265,1364.4799317013167,0.16399999913119245,,,,
opportunity++,cpu,local_only,opportunity++__only_body_sensors__qwen3_4b,qwen3_4b,only_body_sensors,edge,body_sensors_gateway,body_sensors,48416,193664,0,197317,3055488,0.188971000170568,0.21087699933559634,0.007900000127847306,52,2.0416,10.0,2.7733333333333334e-05
opportunity++,cpu,local_only,opportunity++__only_body_sensors__qwen3_4b,qwen3_4b,only_body_sensors,core,core,,0,0,0,0,0,0.028000000384054147,0.03607300095609389,0.005830001100548543,,,,
opportunity++,cpu,local_only,opportunity++__only_body_sensors__qwen3_4b,qwen3_4b,only_body_sensors,core,core_language,,4022468096,8044936192,256,,591014930432,1363.9552559998265,1364.4799317013167,0.163081000209786,,,,
opportunity++,cpu,bottleneck,opportunity++__only_body_sensors__qwen3_4b,qwen3_4b,only_body_sensors,edge,body_sensors_gateway,body_sensors,48218,192872,0,196549,3063040,0.18778099911287427,0.203989100009494,0.008439999874099158,684,2.5472,10.0,0.0003648
opportunity++,cpu,bottleneck,opportunity++__only_body_sensors__qwen3_4b,qwen3_4b,only_body_sensors,core,core,,27604,110416,0,122603,2001856,0.21761099924333394,0.2432520006550476,0.006370000846800394,,,,
opportunity++,cpu,bottleneck,opportunity++__only_body_sensors__qwen3_4b,qwen3_4b,only_body_sensors,core,core_language,,4029108736,8071498752,256,,701925437312,1383.517098000084,1384.5212963984523,0.7067729984555626,,,,
opportunity++,cpu,tokenlearner,opportunity++__only_body_sensors__qwen3_4b,qwen3_4b,only_body_sensors,edge,body_sensors_gateway,body_sensors,49406,197624,0,201791,3153664,0.22469099894806277,0.23180099906312535,0.008170000000973232,1100,2.88,10.0,0.0005866666666666667
opportunity++,cpu,tokenlearner,opportunity++__only_body_sensors__qwen3_4b,qwen3_4b,only_body_sensors,core,core,,27444,109776,0,121393,486848,0.20536100055323914,0.23146100120357005,0.006210000719875097,,,,
opportunity++,cpu,tokenlearner,opportunity++__only_body_sensors__qwen3_4b,qwen3_4b,only_body_sensors,core,core_language,,4029108736,8071498752,256,,524957000576,1350.7986749991687,1368.5392131001208,0.42704199950094335,,,,
opportunity++,cpu,posthoc_vq,opportunity++__only_body_sensors__qwen3_4b,qwen3_4b,only_body_sensors,edge,body_sensors_gateway,body_sensors,49110,196440,0,199945,3120384,0.26332099878345616,0.27901699977519456,0.013270000636111945,192,2.1536,10.0,0.0001024
opportunity++,cpu,posthoc_vq,opportunity++__only_body_sensors__qwen3_4b,qwen3_4b,only_body_sensors,core,core,,28468,113872,0,125806,1993664,0.2517709999665385,0.28122889907535864,0.013220000255387276,,,,
opportunity++,cpu,posthoc_vq,opportunity++__only_body_sensors__qwen3_4b,qwen3_4b,only_body_sensors,core,core_language,,4029108736,8071498752,256,,701925437312,1383.517098000084,1384.5212963984523,0.6998230001045158,,,,
opportunity++,cpu,joint_vq,opportunity++__only_body_sensors__qwen3_4b,qwen3_4b,only_body_sensors,edge,body_sensors_gateway,body_sensors,51486,205944,0,210934,3186432,0.3140619992336724,0.31624810108041856,0.012349999451544136,81,2.0648,10.0,4.32e-05
opportunity++,cpu,joint_vq,opportunity++__only_body_sensors__qwen3_4b,qwen3_4b,only_body_sensors,core,core,,28468,113872,0,125806,486848,0.23572099962620996,0.26182999936281703,0.010019999535870738,,,,
opportunity++,cpu,joint_vq,opportunity++__only_body_sensors__qwen3_4b,qwen3_4b,only_body_sensors,core,core_language,,4029108736,8071498752,256,,524957000576,1350.7986749991687,1368.5392131001208,0.4177010014245752,,,,
opportunity++,cpu,deepconvlstm,opportunity++__only_body_sensors__qwen3_4b,qwen3_4b,only_body_sensors,edge,body_sensors_gateway,body_sensors,0,0,0,0,0,0.0005099991540191695,0.0007799995728419162,0.011899999663000926,53584,44.8672,10.0,0.028578133333333332
opportunity++,cpu,deepconvlstm,opportunity++__only_body_sensors__qwen3_4b,qwen3_4b,only_body_sensors,core,core,,77664,310656,0,317537,4890496,0.34314199911023024,0.3657500006738701,0.008249999154941179,,,,
opportunity++,cpu,deepconvlstm,opportunity++__only_body_sensors__qwen3_4b,qwen3_4b,only_body_sensors,core,core_language,,4029108736,8071498752,256,,701925437312,1383.517098000084,1384.5212963984523,0.7183329998952104,,,,
opportunity++,cpu,unrestricted_bank,opportunity++__only_body_sensors__qwen3_4b,qwen3_4b,only_body_sensors,edge,body_sensors_gateway,body_sensors,51518,206072,0,211315,3186432,0.2376609991188161,0.26211399999738205,0.012320000678300858,81,2.0648,10.0,4.32e-05
opportunity++,cpu,unrestricted_bank,opportunity++__only_body_sensors__qwen3_4b,qwen3_4b,only_body_sensors,core,core,,28468,113872,0,125806,486848,0.21764100165455602,0.2337059995625168,0.010170000678044744,,,,
opportunity++,cpu,unrestricted_bank,opportunity++__only_body_sensors__qwen3_4b,qwen3_4b,only_body_sensors,core,core_language,,4029108736,8071498752,256,,524957000576,1350.7986749991687,1368.5392131001208,0.4146310002397513,,,,
opportunity++,cpu,separate_banks,opportunity++__only_body_sensors__qwen3_4b,qwen3_4b,only_body_sensors,edge,body_sensors_gateway,body_sensors,51518,206072,0,211315,3186432,0.2320809999218909,0.253464999696007,0.01283000165130943,81,2.0648,10.0,4.32e-05
opportunity++,cpu,separate_banks,opportunity++__only_body_sensors__qwen3_4b,qwen3_4b,only_body_sensors,core,core,,28468,113872,0,125806,486848,0.2438809988234425,0.27006200107280165,0.010030000339611433,,,,
opportunity++,cpu,separate_banks,opportunity++__only_body_sensors__qwen3_4b,qwen3_4b,only_body_sensors,core,core_language,,4029108736,8071498752,256,,524957000576,1350.7986749991687,1368.5392131001208,0.41951099956349935,,,,
opportunity++,cpu,fixed_resampling,opportunity++__only_body_sensors__qwen3_4b,qwen3_4b,only_body_sensors,edge,body_sensors_gateway,body_sensors,51518,206072,0,211315,1812992,0.15038099991215859,0.16407809871452628,0.012579999747686088,81,2.0648,10.0,4.32e-05
opportunity++,cpu,fixed_resampling,opportunity++__only_body_sensors__qwen3_4b,qwen3_4b,only_body_sensors,core,core,,28468,113872,0,125806,486848,0.24302100064232945,0.2582940003776457,0.009869998393696733,,,,
opportunity++,cpu,fixed_resampling,opportunity++__only_body_sensors__qwen3_4b,qwen3_4b,only_body_sensors,core,core_language,,4029108736,8071498752,256,,524957000576,1350.7986749991687,1368.5392131001208,0.4201320007268805,,,,
opportunity++,cpu,finetune_encoders,opportunity++__only_body_sensors__qwen3_4b,qwen3_4b,only_body_sensors,edge,body_sensors_gateway,body_sensors,51518,206072,0,211315,3186432,0.24149099954229314,0.246972001332324,0.012761000107275322,81,2.0648,10.0,4.32e-05
opportunity++,cpu,finetune_encoders,opportunity++__only_body_sensors__qwen3_4b,qwen3_4b,only_body_sensors,core,core,,28468,113872,0,125806,486848,0.23879100081103388,0.2548019992900663,0.010069999916595407,,,,
opportunity++,cpu,finetune_encoders,opportunity++__only_body_sensors__qwen3_4b,qwen3_4b,only_body_sensors,core,core_language,,4029108736,8071498752,256,,524957000576,1350.7986749991687,1368.5392131001208,0.4333420001785271,,,,
opportunity++,cpu,no_alignment,opportunity++__only_body_sensors__qwen3_4b,qwen3_4b,only_body_sensors,edge,body_sensors_gateway,body_sensors,51518,206072,0,211315,3186432,0.2265009989059763,0.2441950000502402,0.012680000509135425,81,2.0648,10.0,4.32e-05
opportunity++,cpu,no_alignment,opportunity++__only_body_sensors__qwen3_4b,qwen3_4b,only_body_sensors,core,core,,28468,113872,0,125806,486848,0.23268100085260812,0.2584390002084547,0.010059999112854712,,,,
opportunity++,cpu,no_alignment,opportunity++__only_body_sensors__qwen3_4b,qwen3_4b,only_body_sensors,core,core_language,,4029108736,8071498752,256,,524957000576,1350.7986749991687,1368.5392131001208,0.42534200110821985,,,,
opportunity++,cpu,no_usage,opportunity++__only_body_sensors__qwen3_4b,qwen3_4b,only_body_sensors,edge,body_sensors_gateway,body_sensors,51518,206072,0,211315,3186432,0.23865099865361117,0.24465399983455427,0.012189999324618839,81,2.0648,10.0,4.32e-05
opportunity++,cpu,no_usage,opportunity++__only_body_sensors__qwen3_4b,qwen3_4b,only_body_sensors,core,core,,28468,113872,0,125806,486848,0.23822100047254935,0.25407899975107284,0.009499999578110874,,,,
opportunity++,cpu,no_usage,opportunity++__only_body_sensors__qwen3_4b,qwen3_4b,only_body_sensors,core,core_language,,4029108736,8071498752,256,,524957000576,1350.7986749991687,1368.5392131001208,0.4164420006418368,,,,
opportunity++,cpu,tcn,opportunity++__only_body_sensors__qwen3_4b,qwen3_4b,only_body_sensors,edge,body_sensors_gateway,body_sensors,0,0,0,0,0,0.0004699995770351961,0.0007580014425911941,0.011980000635958277,53584,44.8672,10.0,0.028578133333333332
opportunity++,cpu,tcn,opportunity++__only_body_sensors__qwen3_4b,qwen3_4b,only_body_sensors,core,core,,39786,159144,0,167509,2480064,0.36185099997965153,0.39920189992699306,0.008479999451083131,,,,
opportunity++,cpu,tcn,opportunity++__only_body_sensors__qwen3_4b,qwen3_4b,only_body_sensors,core,core_language,,4029108736,8071498752,256,,701925437312,1383.517098000084,1384.5212963984523,0.7086630012054229,,,,
opportunity++,cpu,ts_transformer,opportunity++__only_body_sensors__qwen3_4b,qwen3_4b,only_body_sensors,edge,body_sensors_gateway,body_sensors,0,0,0,0,0,0.0005299989425111562,0.0009620009222999215,0.011690000974340364,53584,44.8672,10.0,0.028578133333333332
opportunity++,cpu,ts_transformer,opportunity++__only_body_sensors__qwen3_4b,qwen3_4b,only_body_sensors,core,core,,52650,210600,0,222449,3528640,0.40610200085211545,0.4239841004164191,0.008359998901141807,,,,
opportunity++,cpu,ts_transformer,opportunity++__only_body_sensors__qwen3_4b,qwen3_4b,only_body_sensors,core,core_language,,4029108736,8071498752,256,,701925437312,1383.517098000084,1384.5212963984523,0.7240729992190609,,,,
opportunity++,cpu,patchtst,opportunity++__only_body_sensors__qwen3_4b,qwen3_4b,only_body_sensors,edge,body_sensors_gateway,body_sensors,0,0,0,0,0,0.0005099991540191695,0.0007439999535563402,0.011910000466741621,53584,44.8672,10.0,0.028578133333333332
opportunity++,cpu,patchtst,opportunity++__only_body_sensors__qwen3_4b,qwen3_4b,only_body_sensors,core,core,,48234,192936,0,204785,53606464,0.7500230003643082,0.7839530000637751,0.008299999535665847,,,,
opportunity++,cpu,patchtst,opportunity++__only_body_sensors__qwen3_4b,qwen3_4b,only_body_sensors,core,core_language,,4029108736,8071498752,256,,517598061312,1352.7679889994033,1353.2538566987569,0.42711199967016,,,,
opportunity++,cpu,distrixsense,opportunity++__only_object_sensors__qwen3_4b,qwen3_4b,only_object_sensors,edge,object_sensors_gateway,object_sensors,20068,80272,0,85363,1184512,0.21776099856651854,0.23745299986330792,0.012390000847517513,81,2.0648,10.0,4.32e-05
opportunity++,cpu,distrixsense,opportunity++__only_object_sensors__qwen3_4b,qwen3_4b,only_object_sensors,core,core,,28468,113872,0,125806,486848,0.23742099983792286,0.26218990024062805,0.009929999578162096,,,,
opportunity++,cpu,distrixsense,opportunity++__only_object_sensors__qwen3_4b,qwen3_4b,only_object_sensors,core,core_language,,4029108736,8071498752,256,,524957000576,1350.7986749991687,1368.5392131001208,0.4231310012983158,,,,
opportunity++,cpu,dense,opportunity++__only_object_sensors__qwen3_4b,qwen3_4b,only_object_sensors,edge,object_sensors_gateway,object_sensors,16636,66544,0,69645,1052928,0.1569299984112149,0.1750029008690035,0.008979999620351009,4324,5.4592,10.0,0.0023061333333333333
opportunity++,cpu,dense,opportunity++__only_object_sensors__qwen3_4b,qwen3_4b,only_object_sensors,core,core,,27444,109776,0,121393,1993664,0.22367100064002443,0.24085199984256178,0.006369999027810991,,,,
opportunity++,cpu,dense,opportunity++__only_object_sensors__qwen3_4b,qwen3_4b,only_object_sensors,core,core_language,,4029108736,8071498752,256,,701925437312,1383.517098000084,1384.5212963984523,0.7156329993449617,,,,
opportunity++,cpu,dense_tokens,opportunity++__only_object_sensors__qwen3_4b,qwen3_4b,only_object_sensors,edge,object_sensors_gateway,object_sensors,19012,76048,0,80633,1168128,0.2033910004684003,0.22223610048968112,0.00813999940874055,1100,2.88,10.0,0.0005866666666666667
opportunity++,cpu,dense_tokens,opportunity++__only_object_sensors__qwen3_4b,qwen3_4b,only_object_sensors,core,core,,27444,109776,0,121393,486848,0.20099099856452085,0.22193310014699819,0.006529999154736288,,,,
opportunity++,cpu,dense_tokens,opportunity++__only_object_sensors__qwen3_4b,qwen3_4b,only_object_sensors,core,core_language,,4029108736,8071498752,256,,524957000576,1350.7986749991687,1368.5392131001208,0.4356920017016819,,,,
opportunity++,cpu,raw,opportunity++__only_object_sensors__qwen3_4b,qwen3_4b,only_object_sensors,edge,object_sensors_gateway,object_sensors,0,0,0,0,0,0.0005000001692678779,0.0008149992936523631,0.01055999928212259,22396,19.9168,10.0,0.011944533333333333
opportunity++,cpu,raw,opportunity++__only_object_sensors__qwen3_4b,qwen3_4b,only_object_sensors,core,core,,44080,176320,0,190489,3046592,0.4415319999679923,0.46806399932393106,0.007180000466178171,,,,
opportunity++,cpu,raw,opportunity++__only_object_sensors__qwen3_4b,qwen3_4b,only_object_sensors,core,core_language,,4029108736,8071498752,256,,701925437312,1383.517098000084,1384.5212963984523,0.7260229995154077,,,,
opportunity++,cpu,early_fusion,opportunity++__only_object_sensors__qwen3_4b,qwen3_4b,only_object_sensors,edge,object_sensors_gateway,object_sensors,0,0,0,0,0,0.0005199999577598646,0.000853000528877601,0.010849998943740502,22396,19.9168,10.0,0.011944533333333333
opportunity++,cpu,early_fusion,opportunity++__only_object_sensors__qwen3_4b,qwen3_4b,only_object_sensors,core,core,,33328,133312,0,146847,2360512,0.44330200034892187,0.4582321000270895,0.007329999789362773,,,,
opportunity++,cpu,early_fusion,opportunity++__only_object_sensors__qwen3_4b,qwen3_4b,only_object_sensors,core,core_language,,4029108736,8071498752,256,,701925437312,1383.517098000084,1384.5212963984523,0.7068730010360014,,,,
opportunity++,cpu,late_fusion,opportunity++__only_object_sensors__qwen3_4b,qwen3_4b,only_object_sensors,edge,object_sensors_gateway,object_sensors,16966,67864,0,71365,1053568,0.17012100033753086,0.18544800113886595,0.00808000004326459,88,2.0704,10.0,4.6933333333333333e-05
opportunity++,cpu,late_fusion,opportunity++__only_object_sensors__qwen3_4b,qwen3_4b,only_object_sensors,core,core,,0,0,0,0,0,0.02375999974901788,0.030609000168624334,0.0060300008044578135,,,,
opportunity++,cpu,late_fusion,opportunity++__only_object_sensors__qwen3_4b,qwen3_4b,only_object_sensors,core,core_language,,4022468096,8044936192,256,,591014930432,1363.9552559998265,1364.4799317013167,0.16343099923687987,,,,
opportunity++,cpu,local_only,opportunity++__only_object_sensors__qwen3_4b,qwen3_4b,only_object_sensors,edge,object_sensors_gateway,object_sensors,16966,67864,0,71365,1053568,0.1798900011635851,0.18983590034622466,0.00808000004326459,52,2.0416,10.0,2.7733333333333334e-05
opportunity++,cpu,local_only,opportunity++__only_object_sensors__qwen3_4b,qwen3_4b,only_object_sensors,core,core,,0,0,0,0,0,0.028440001187846065,0.03718800035130698,0.006779999239370227,,,,
opportunity++,cpu,local_only,opportunity++__only_object_sensors__qwen3_4b,qwen3_4b,only_object_sensors,core,core_language,,4022468096,8044936192,256,,591014930432,1363.9552559998265,1364.4799317013167,0.16769099966040812,,,,
opportunity++,cpu,bottleneck,opportunity++__only_object_sensors__qwen3_4b,qwen3_4b,only_object_sensors,edge,object_sensors_gateway,object_sensors,16768,67072,0,70597,1061120,0.17401100012648385,0.18914900047093397,0.008310000339406542,684,2.5472,10.0,0.0003648
opportunity++,cpu,bottleneck,opportunity++__only_object_sensors__qwen3_4b,qwen3_4b,only_object_sensors,core,core,,27604,110416,0,122603,2001856,0.21434100017359015,0.24030599979596445,0.006309999662335031,,,,
opportunity++,cpu,bottleneck,opportunity++__only_object_sensors__qwen3_4b,qwen3_4b,only_object_sensors,core,core_language,,4029108736,8071498752,256,,701925437312,1383.517098000084,1384.5212963984523,0.7295029990928015,,,,
opportunity++,cpu,tokenlearner,opportunity++__only_object_sensors__qwen3_4b,qwen3_4b,only_object_sensors,edge,object_sensors_gateway,object_sensors,17956,71824,0,75839,1151744,0.20966100055375136,0.2184360002502217,0.008479999451083131,1100,2.88,10.0,0.0005866666666666667
opportunity++,cpu,tokenlearner,opportunity++__only_object_sensors__qwen3_4b,qwen3_4b,only_object_sensors,core,core,,27444,109776,0,121393,486848,0.20358099936856888,0.22741299944755156,0.006329999450827017,,,,
opportunity++,cpu,tokenlearner,opportunity++__only_object_sensors__qwen3_4b,qwen3_4b,only_object_sensors,core,core_language,,4029108736,8071498752,256,,524957000576,1350.7986749991687,1368.5392131001208,0.4250820002198452,,,,
opportunity++,cpu,posthoc_vq,opportunity++__only_object_sensors__qwen3_4b,qwen3_4b,only_object_sensors,edge,object_sensors_gateway,object_sensors,17660,70640,0,73993,1118464,0.2527409997128416,0.2656020003996673,0.012839998817071319,192,2.1536,10.0,0.0001024
opportunity++,cpu,posthoc_vq,opportunity++__only_object_sensors__qwen3_4b,qwen3_4b,only_object_sensors,core,core,,28468,113872,0,125806,1993664,0.2469609989930177,0.2727189999859547,0.010409999958937988,,,,
opportunity++,cpu,posthoc_vq,opportunity++__only_object_sensors__qwen3_4b,qwen3_4b,only_object_sensors,core,core_language,,4029108736,8071498752,256,,701925437312,1383.517098000084,1384.5212963984523,0.7039530009933515,,,,
opportunity++,cpu,joint_vq,opportunity++__only_object_sensors__qwen3_4b,qwen3_4b,only_object_sensors,edge,object_sensors_gateway,object_sensors,20036,80144,0,84982,1184512,0.29238100069051143,0.30652900004497496,0.012329999663052149,81,2.0648,10.0,4.32e-05
opportunity++,cpu,joint_vq,opportunity++__only_object_sensors__qwen3_4b,qwen3_4b,only_object_sensors,core,core,,28468,113872,0,125806,486848,0.23988100110727828,0.26241700015816605,0.009900000804918818,,,,
opportunity++,cpu,joint_vq,opportunity++__only_object_sensors__qwen3_4b,qwen3_4b,only_object_sensors,core,core_language,,4029108736,8071498752,256,,524957000576,1350.7986749991687,1368.5392131001208,0.4277820007700939,,,,
opportunity++,cpu,deepconvlstm,opportunity++__only_object_sensors__qwen3_4b,qwen3_4b,only_object_sensors,edge,object_sensors_gateway,object_sensors,0,0,0,0,0,0.0005000001692678779,0.000896000892680604,0.010569998266873881,22396,19.9168,10.0,0.011944533333333333
opportunity++,cpu,deepconvlstm,opportunity++__only_object_sensors__qwen3_4b,qwen3_4b,only_object_sensors,core,core,,46214,184856,0,191585,2888576,0.333941999997478,0.35645910047605867,0.007140000889194198,,,,
opportunity++,cpu,deepconvlstm,opportunity++__only_object_sensors__qwen3_4b,qwen3_4b,only_object_sensors,core,core_language,,4029108736,8071498752,256,,701925437312,1383.517098000084,1384.5212963984523,0.7140329998946982,,,,
opportunity++,cpu,unrestricted_bank,opportunity++__only_object_sensors__qwen3_4b,qwen3_4b,only_object_sensors,edge,object_sensors_gateway,object_sensors,20068,80272,0,85363,1184512,0.21570100034296047,0.23286399973585503,0.01252999936696142,81,2.0648,10.0,4.32e-05
opportunity++,cpu,unrestricted_bank,opportunity++__only_object_sensors__qwen3_4b,qwen3_4b,only_object_sensors,core,core,,28468,113872,0,125806,486848,0.21680099962395616,0.23092200008250074,0.010300000212737359,,,,
opportunity++,cpu,unrestricted_bank,opportunity++__only_object_sensors__qwen3_4b,qwen3_4b,only_object_sensors,core,core_language,,4029108736,8071498752,256,,524957000576,1350.7986749991687,1368.5392131001208,0.42138100070587825,,,,
opportunity++,cpu,separate_banks,opportunity++__only_object_sensors__qwen3_4b,qwen3_4b,only_object_sensors,edge,object_sensors_gateway,object_sensors,20068,80272,0,85363,1184512,0.2228009998361813,0.23127899858081946,0.012280001101316884,81,2.0648,10.0,4.32e-05
opportunity++,cpu,separate_banks,opportunity++__only_object_sensors__qwen3_4b,qwen3_4b,only_object_sensors,core,core,,28468,113872,0,125806,486848,0.23935100034577772,0.26497400031075813,0.009920000593410805,,,,
opportunity++,cpu,separate_banks,opportunity++__only_object_sensors__qwen3_4b,qwen3_4b,only_object_sensors,core,core_language,,4029108736,8071498752,256,,524957000576,1350.7986749991687,1368.5392131001208,0.42499200026213657,,,,
opportunity++,cpu,fixed_resampling,opportunity++__only_object_sensors__qwen3_4b,qwen3_4b,only_object_sensors,edge,object_sensors_gateway,object_sensors,20068,80272,0,85363,942592,0.1424410002073273,0.15675909980927827,0.012790000255336054,81,2.0648,10.0,4.32e-05
opportunity++,cpu,fixed_resampling,opportunity++__only_object_sensors__qwen3_4b,qwen3_4b,only_object_sensors,core,core,,28468,113872,0,125806,486848,0.23284100097953342,0.2547379994211951,0.009870000212686136,,,,
opportunity++,cpu,fixed_resampling,opportunity++__only_object_sensors__qwen3_4b,qwen3_4b,only_object_sensors,core,core_language,,4029108736,8071498752,256,,524957000576,1350.7986749991687,1368.5392131001208,0.4286319999664556,,,,
opportunity++,cpu,finetune_encoders,opportunity++__only_object_sensors__qwen3_4b,qwen3_4b,only_object_sensors,edge,object_sensors_gateway,object_sensors,20068,80272,0,85363,1184512,0.21588100025837775,0.23236000033648452,0.012390000847517513,81,2.0648,10.0,4.32e-05
opportunity++,cpu,finetune_encoders,opportunity++__only_object_sensors__qwen3_4b,qwen3_4b,only_object_sensors,core,core,,28468,113872,0,125806,486848,0.23600100030307658,0.2631900000778842,0.009890000001178123,,,,
opportunity++,cpu,finetune_encoders,opportunity++__only_object_sensors__qwen3_4b,qwen3_4b,only_object_sensors,core,core_language,,4029108736,8071498752,256,,524957000576,1350.7986749991687,1368.5392131001208,0.42239199865434784,,,,
opportunity++,cpu,no_alignment,opportunity++__only_object_sensors__qwen3_4b,qwen3_4b,only_object_sensors,edge,object_sensors_gateway,object_sensors,20068,80272,0,85363,1184512,0.2187610007240437,0.22850799996376736,0.012619999324670061,81,2.0648,10.0,4.32e-05
opportunity++,cpu,no_alignment,opportunity++__only_object_sensors__qwen3_4b,qwen3_4b,only_object_sensors,core,core,,28468,113872,0,125806,486848,0.23486099962610751,0.2558399995905347,0.010019999535870738,,,,
opportunity++,cpu,no_alignment,opportunity++__only_object_sensors__qwen3_4b,qwen3_4b,only_object_sensors,core,core_language,,4029108736,8071498752,256,,524957000576,1350.7986749991687,1368.5392131001208,0.4247920005582273,,,,
opportunity++,cpu,no_usage,opportunity++__only_object_sensors__qwen3_4b,qwen3_4b,only_object_sensors,edge,object_sensors_gateway,object_sensors,20068,80272,0,85363,1184512,0.21790100072394125,0.2294750011060387,0.012321001122472808,81,2.0648,10.0,4.32e-05
opportunity++,cpu,no_usage,opportunity++__only_object_sensors__qwen3_4b,qwen3_4b,only_object_sensors,core,core,,28468,113872,0,125806,486848,0.23402100123348646,0.2593379995232681,0.009929999578162096,,,,
opportunity++,cpu,no_usage,opportunity++__only_object_sensors__qwen3_4b,qwen3_4b,only_object_sensors,core,core_language,,4029108736,8071498752,256,,524957000576,1350.7986749991687,1368.5392131001208,0.42415099960635416,,,,
opportunity++,cpu,tcn,opportunity++__only_object_sensors__qwen3_4b,qwen3_4b,only_object_sensors,edge,object_sensors_gateway,object_sensors,0,0,0,0,0,0.0005199999577598646,0.0008980008715298027,0.010579999070614576,22396,19.9168,10.0,0.011944533333333333
opportunity++,cpu,tcn,opportunity++__only_object_sensors__qwen3_4b,qwen3_4b,only_object_sensors,core,core,,19216,76864,0,85077,1174464,0.3608520000852877,0.3783659998589428,0.007139999070204794,,,,
opportunity++,cpu,tcn,opportunity++__only_object_sensors__qwen3_4b,qwen3_4b,only_object_sensors,core,core_language,,4029108736,8071498752,256,,701925437312,1383.517098000084,1384.5212963984523,0.7214729994302616,,,,
opportunity++,cpu,ts_transformer,opportunity++__only_object_sensors__qwen3_4b,qwen3_4b,only_object_sensors,edge,object_sensors_gateway,object_sensors,0,0,0,0,0,0.00047000139602459967,0.0008389999493374489,0.010769999789772555,22396,19.9168,10.0,0.011944533333333333
opportunity++,cpu,ts_transformer,opportunity++__only_object_sensors__qwen3_4b,qwen3_4b,only_object_sensors,core,core,,32080,128320,0,140017,2223040,0.3875919992424315,0.4102720000446425,0.007369999366346747,,,,
opportunity++,cpu,ts_transformer,opportunity++__only_object_sensors__qwen3_4b,qwen3_4b,only_object_sensors,core,core_language,,4029108736,8071498752,256,,701925437312,1383.517098000084,1384.5212963984523,0.705612999809091,,,,
opportunity++,cpu,patchtst,opportunity++__only_object_sensors__qwen3_4b,qwen3_4b,only_object_sensors,edge,object_sensors_gateway,object_sensors,0,0,0,0,0,0.0005399997462518513,0.0008549988706363365,0.010840001777978614,22396,19.9168,10.0,0.011944533333333333
opportunity++,cpu,patchtst,opportunity++__only_object_sensors__qwen3_4b,qwen3_4b,only_object_sensors,core,core,,30384,121536,0,133233,21858624,0.5950120012130355,0.6165859002067009,0.007100001312210225,,,,
opportunity++,cpu,patchtst,opportunity++__only_object_sensors__qwen3_4b,qwen3_4b,only_object_sensors,core,core_language,,4029108736,8071498752,256,,517598061312,1352.7679889994033,1353.2538566987569,0.4328909999458119,,,,
opportunity++,cpu,distrixsense,opportunity++__only_rgb__qwen3_4b,qwen3_4b,only_rgb,edge,camera,rgb,75112,300448,0,305459,4690432,0.23020100161375012,0.2468960010446608,0.012559999959194101,81,2.0648,10.0,4.32e-05
opportunity++,cpu,distrixsense,opportunity++__only_rgb__qwen3_4b,qwen3_4b,only_rgb,core,core,,28468,113872,0,125806,486848,0.23322099877987057,0.2575840006102226,0.010010000551119447,,,,
opportunity++,cpu,distrixsense,opportunity++__only_rgb__qwen3_4b,qwen3_4b,only_rgb,core,core_language,,4029108736,8071498752,256,,524957000576,1350.7986749991687,1368.5392131001208,0.42008200034615584,,,,
opportunity++,cpu,dense,opportunity++__only_rgb__qwen3_4b,qwen3_4b,only_rgb,edge,camera,rgb,71680,286720,0,289741,4558848,0.1741500000207452,0.1845369002694497,0.008889999662642367,4324,5.4592,10.0,0.0023061333333333333
opportunity++,cpu,dense,opportunity++__only_rgb__qwen3_4b,qwen3_4b,only_rgb,core,core,,27444,109776,0,121393,1993664,0.22657099907519296,0.2367320004850626,0.006439999197027646,,,,
opportunity++,cpu,dense,opportunity++__only_rgb__qwen3_4b,qwen3_4b,only_rgb,core,core_language,,4029108736,8071498752,256,,701925437312,1383.517098000084,1384.5212963984523,0.7098329988366459,,,,
opportunity++,cpu,dense_tokens,opportunity++__only_rgb__qwen3_4b,qwen3_4b,only_rgb,edge,camera,rgb,74056,296224,0,300729,4674048,0.22423100017476827,0.23563399990962353,0.008069999239523895,1100,2.88,10.0,0.0005866666666666667
opportunity++,cpu,dense_tokens,opportunity++__only_rgb__qwen3_4b,qwen3_4b,only_rgb,core,core,,27444,109776,0,121393,486848,0.21558100161200855,0.22337499940476846,0.008060000254772604,,,,
opportunity++,cpu,dense_tokens,opportunity++__only_rgb__qwen3_4b,qwen3_4b,only_rgb,core,core_language,,4029108736,8071498752,256,,524957000576,1350.7986749991687,1368.5392131001208,0.4196619993308559,,,,
opportunity++,cpu,raw,opportunity++__only_rgb__qwen3_4b,qwen3_4b,only_rgb,edge,camera,rgb,0,0,0,0,0,0.0005199999577598646,0.0007720005669398233,0.010949999705189839,23624,20.8992,10.0,0.012599466666666666
opportunity++,cpu,raw,opportunity++__only_rgb__qwen3_4b,qwen3_4b,only_rgb,core,core,,99124,396496,0,410521,6552512,0.45664200115425047,0.48382200020569144,0.007420001566060819,,,,
opportunity++,cpu,raw,opportunity++__only_rgb__qwen3_4b,qwen3_4b,only_rgb,core,core_language,,4029108736,8071498752,256,,701925437312,1383.517098000084,1384.5212963984523,0.719604000551044,,,,
opportunity++,cpu,early_fusion,opportunity++__only_rgb__qwen3_4b,qwen3_4b,only_rgb,edge,camera,rgb,0,0,0,0,0,0.0005300007615005597,0.0008090002665994689,0.010929999916697852,23624,20.8992,10.0,0.012599466666666666
opportunity++,cpu,early_fusion,opportunity++__only_rgb__qwen3_4b,qwen3_4b,only_rgb,core,core,,71476,285904,0,299295,4785088,0.45435199899657164,0.4708759994173306,0.007110000296961516,,,,
opportunity++,cpu,early_fusion,opportunity++__only_rgb__qwen3_4b,qwen3_4b,only_rgb,core,core_language,,4029108736,8071498752,256,,701925437312,1383.517098000084,1384.5212963984523,0.7144329993025167,,,,
opportunity++,cpu,late_fusion,opportunity++__only_rgb__qwen3_4b,qwen3_4b,only_rgb,edge,camera,rgb,72010,288040,0,291461,4559488,0.19065099877479952,0.20218900117470184,0.008159999197232537,88,2.0704,10.0,4.6933333333333333e-05
opportunity++,cpu,late_fusion,opportunity++__only_rgb__qwen3_4b,qwen3_4b,only_rgb,core,core,,0,0,0,0,0,0.023779999537509866,0.029801000528095756,0.006370000846800394,,,,
opportunity++,cpu,late_fusion,opportunity++__only_rgb__qwen3_4b,qwen3_4b,only_rgb,core,core_language,,4022468096,8044936192,256,,591014930432,1363.9552559998265,1364.4799317013167,0.16643100025248714,,,,
opportunity++,cpu,local_only,opportunity++__only_rgb__qwen3_4b,qwen3_4b,only_rgb,edge,camera,rgb,72010,288040,0,291461,4559488,0.191791001270758,0.21233799925539643,0.007979999281815253,52,2.0416,10.0,2.7733333333333334e-05
opportunity++,cpu,local_only,opportunity++__only_rgb__qwen3_4b,qwen3_4b,only_rgb,core,core,,0,0,0,0,0,0.028550000934046693,0.03679400051623816,0.005879999662283808,,,,
opportunity++,cpu,local_only,opportunity++__only_rgb__qwen3_4b,qwen3_4b,only_rgb,core,core_language,,4022468096,8044936192,256,,591014930432,1363.9552559998265,1364.4799317013167,0.16117100130941253,,,,
opportunity++,cpu,bottleneck,opportunity++__only_rgb__qwen3_4b,qwen3_4b,only_rgb,edge,camera,rgb,71812,287248,0,290693,4567040,0.18919099966296926,0.2071100008834037,0.00867000017024111,684,2.5472,10.0,0.0003648
opportunity++,cpu,bottleneck,opportunity++__only_rgb__qwen3_4b,qwen3_4b,only_rgb,core,core,,27604,110416,0,122603,2001856,0.21804099924338516,0.24225100023613777,0.006390000635292381,,,,
opportunity++,cpu,bottleneck,opportunity++__only_rgb__qwen3_4b,qwen3_4b,only_rgb,core,core_language,,4029108736,8071498752,256,,701925437312,1383.517098000084,1384.5212963984523,0.7320629993046168,,,,
opportunity++,cpu,tokenlearner,opportunity++__only_rgb__qwen3_4b,qwen3_4b,only_rgb,edge,camera,rgb,73000,292000,0,295935,4657664,0.218921000850969,0.23324899993895087,0.008429999070358463,1100,2.88,10.0,0.0005866666666666667
opportunity++,cpu,tokenlearner,opportunity++__only_rgb__qwen3_4b,qwen3_4b,only_rgb,core,core,,27444,109776,0,121393,486848,0.20925100034219213,0.22082500072428957,0.006299998858594336,,,,
opportunity++,cpu,tokenlearner,opportunity++__only_rgb__qwen3_4b,qwen3_4b,only_rgb,core,core_language,,4029108736,8071498752,256,,524957000576,1350.7986749991687,1368.5392131001208,0.42732200017780997,,,,
opportunity++,cpu,posthoc_vq,opportunity++__only_rgb__qwen3_4b,qwen3_4b,only_rgb,edge,camera,rgb,72704,290816,0,294089,4624384,0.26944199998979457,0.28753109982062597,0.013069999113213271,192,2.1536,10.0,0.0001024
opportunity++,cpu,posthoc_vq,opportunity++__only_rgb__qwen3_4b,qwen3_4b,only_rgb,core,core,,28468,113872,0,125806,1993664,0.26473100115254056,0.28712300008919556,0.010469999324413948,,,,
opportunity++,cpu,posthoc_vq,opportunity++__only_rgb__qwen3_4b,qwen3_4b,only_rgb,core,core_language,,4029108736,8071498752,256,,701925437312,1383.517098000084,1384.5212963984523,0.7211030006146757,,,,
opportunity++,cpu,joint_vq,opportunity++__only_rgb__qwen3_4b,qwen3_4b,only_rgb,edge,camera,rgb,75080,300320,0,305078,4690432,0.30707099904248025,0.3239649000533973,0.01247000000148546,81,2.0648,10.0,4.32e-05
opportunity++,cpu,joint_vq,opportunity++__only_rgb__qwen3_4b,qwen3_4b,only_rgb,core,core,,28468,113872,0,125806,486848,0.23444099861080758,0.25874999937514076,0.00990999978967011,,,,
opportunity++,cpu,joint_vq,opportunity++__only_rgb__qwen3_4b,qwen3_4b,only_rgb,core,core_language,,4029108736,8071498752,256,,524957000576,1350.7986749991687,1368.5392131001208,0.4281609999452485,,,,
opportunity++,cpu,deepconvlstm,opportunity++__only_rgb__qwen3_4b,qwen3_4b,only_rgb,edge,camera,rgb,0,0,0,0,0,0.0005399997462518513,0.0008549988706363365,0.010960000508930534,23624,20.8992,10.0,0.012599466666666666
opportunity++,cpu,deepconvlstm,opportunity++__only_rgb__qwen3_4b,qwen3_4b,only_rgb,core,core,,101258,405032,0,411617,6394496,0.3545620002114447,0.369852099356649,0.0071499998739454895,,,,
opportunity++,cpu,deepconvlstm,opportunity++__only_rgb__qwen3_4b,qwen3_4b,only_rgb,core,core_language,,4029108736,8071498752,256,,701925437312,1383.517098000084,1384.5212963984523,0.7181729997682851,,,,
opportunity++,cpu,unrestricted_bank,opportunity++__only_rgb__qwen3_4b,qwen3_4b,only_rgb,edge,camera,rgb,75112,300448,0,305459,4690432,0.23383100051432848,0.24675499971635872,0.012570000762934797,81,2.0648,10.0,4.32e-05
opportunity++,cpu,unrestricted_bank,opportunity++__only_rgb__qwen3_4b,qwen3_4b,only_rgb,core,core,,28468,113872,0,125806,486848,0.20857099843851756,0.22793899988755584,0.009740000677993521,,,,
opportunity++,cpu,unrestricted_bank,opportunity++__only_rgb__qwen3_4b,qwen3_4b,only_rgb,core,core_language,,4029108736,8071498752,256,,524957000576,1350.7986749991687,1368.5392131001208,0.4218320009385934,,,,
opportunity++,cpu,separate_banks,opportunity++__only_rgb__qwen3_4b,qwen3_4b,only_rgb,edge,camera,rgb,75112,300448,0,305459,4690432,0.23252100072568282,0.25255500004277565,0.01233999864780344,81,2.0648,10.0,4.32e-05
opportunity++,cpu,separate_banks,opportunity++__only_rgb__qwen3_4b,qwen3_4b,only_rgb,core,core,,28468,113872,0,125806,486848,0.24165099966921844,0.2681749003386358,0.009700001101009548,,,,
opportunity++,cpu,separate_banks,opportunity++__only_rgb__qwen3_4b,qwen3_4b,only_rgb,core,core_language,,4029108736,8071498752,256,,524957000576,1350.7986749991687,1368.5392131001208,0.4238919991621515,,,,
opportunity++,cpu,fixed_resampling,opportunity++__only_rgb__qwen3_4b,qwen3_4b,only_rgb,edge,camera,rgb,75112,300448,0,305459,2294272,0.16541099830647,0.16758000074332813,0.012299999070819467,81,2.0648,10.0,4.32e-05
opportunity++,cpu,fixed_resampling,opportunity++__only_rgb__qwen3_4b,qwen3_4b,only_rgb,core,core,,28468,113872,0,125806,486848,0.2390609988651704,0.2563058986197575,0.009869998393696733,,,,
opportunity++,cpu,fixed_resampling,opportunity++__only_rgb__qwen3_4b,qwen3_4b,only_rgb,core,core_language,,4029108736,8071498752,256,,524957000576,1350.7986749991687,1368.5392131001208,0.42158200085395947,,,,
opportunity++,cpu,finetune_encoders,opportunity++__only_rgb__qwen3_4b,qwen3_4b,only_rgb,edge,camera,rgb,75112,300448,0,305459,4690432,0.23576099920319393,0.2550569997765706,0.012329999663052149,81,2.0648,10.0,4.32e-05
opportunity++,cpu,finetune_encoders,opportunity++__only_rgb__qwen3_4b,qwen3_4b,only_rgb,core,core,,28468,113872,0,125806,486848,0.23914099983812775,0.26231600113533204,0.00990999978967011,,,,
opportunity++,cpu,finetune_encoders,opportunity++__only_rgb__qwen3_4b,qwen3_4b,only_rgb,core,core_language,,4029108736,8071498752,256,,524957000576,1350.7986749991687,1368.5392131001208,0.4240119997120928,,,,
opportunity++,cpu,no_alignment,opportunity++__only_rgb__qwen3_4b,qwen3_4b,only_rgb,edge,camera,rgb,75112,300448,0,305459,4690432,0.2321009997103829,0.24884099948394578,0.012540000170702115,81,2.0648,10.0,4.32e-05
opportunity++,cpu,no_alignment,opportunity++__only_rgb__qwen3_4b,qwen3_4b,only_rgb,core,core,,28468,113872,0,125806,486848,0.23357099962595385,0.255467999704706,0.010149999070563354,,,,
opportunity++,cpu,no_alignment,opportunity++__only_rgb__qwen3_4b,qwen3_4b,only_rgb,core,core_language,,4029108736,8071498752,256,,524957000576,1350.7986749991687,1368.5392131001208,0.4234810003254097,,,,
opportunity++,cpu,no_usage,opportunity++__only_rgb__qwen3_4b,qwen3_4b,only_rgb,edge,camera,rgb,75112,300448,0,305459,4690432,0.23110100119083654,0.2547529998992104,0.012290000086068176,81,2.0648,10.0,4.32e-05
opportunity++,cpu,no_usage,opportunity++__only_rgb__qwen3_4b,qwen3_4b,only_rgb,core,core,,28468,113872,0,125806,486848,0.2350310005567735,0.2627420013595838,0.009679999493528157,,,,
opportunity++,cpu,no_usage,opportunity++__only_rgb__qwen3_4b,qwen3_4b,only_rgb,core,core_language,,4029108736,8071498752,256,,524957000576,1350.7986749991687,1368.5392131001208,0.4361520004749764,,,,
opportunity++,cpu,tcn,opportunity++__only_rgb__qwen3_4b,qwen3_4b,only_rgb,edge,camera,rgb,0,0,0,0,0,0.00046000059228390455,0.0008379998689633794,0.011050000466639176,23624,20.8992,10.0,0.012599466666666666
opportunity++,cpu,tcn,opportunity++__only_rgb__qwen3_4b,qwen3_4b,only_rgb,core,core,,57364,229456,0,237525,3599040,0.3673709998111008,0.3924008999092621,0.007160000677686185,,,,
opportunity++,cpu,tcn,opportunity++__only_rgb__qwen3_4b,qwen3_4b,only_rgb,core,core_language,,4029108736,8071498752,256,,701925437312,1383.517098000084,1384.5212963984523,0.7811140003468608,,,,
opportunity++,cpu,ts_transformer,opportunity++__only_rgb__qwen3_4b,qwen3_4b,only_rgb,edge,camera,rgb,0,0,0,0,0,0.0005299989425111562,0.0008269998943433166,0.0106999996205559,23624,20.8992,10.0,0.012599466666666666
opportunity++,cpu,ts_transformer,opportunity++__only_rgb__qwen3_4b,qwen3_4b,only_rgb,core,core,,70228,280912,0,292465,4647616,0.41043199962587096,0.4245439993610489,0.007160000677686185,,,,
opportunity++,cpu,ts_transformer,opportunity++__only_rgb__qwen3_4b,qwen3_4b,only_rgb,core,core_language,,4029108736,8071498752,256,,701925437312,1383.517098000084,1384.5212963984523,0.7281429989234312,,,,
opportunity++,cpu,patchtst,opportunity++__only_rgb__qwen3_4b,qwen3_4b,only_rgb,edge,camera,rgb,0,0,0,0,0,0.0004699995770351961,0.000829999044071883,0.010879999535973184,23624,20.8992,10.0,0.012599466666666666
opportunity++,cpu,patchtst,opportunity++__only_rgb__qwen3_4b,qwen3_4b,only_rgb,core,core,,64308,257232,0,268785,71558208,0.8045430004131049,0.8343159002834,0.009620000128052197,,,,
opportunity++,cpu,patchtst,opportunity++__only_rgb__qwen3_4b,qwen3_4b,only_rgb,core,core_language,,4029108736,8071498752,256,,517598061312,1352.7679889994033,1353.2538566987569,0.43246200038993265,,,,
openmarcie_bicycle,cpu,distrixsense,openmarcie_bicycle__all__qwen3_4b,qwen3_4b,all,edge,audio0,audio0,355574,1422296,0,1427507,22598784,0.30478100052278023,0.32139499999175314,0.012459999197744764,85,2.068,10.0,4.5333333333333335e-05
openmarcie_bicycle,cpu,distrixsense,openmarcie_bicycle__all__qwen3_4b,qwen3_4b,all,edge,barometer_gateway,barometer,7072,28288,0,33459,360064,0.19740000061574392,0.21077490036987,0.01224000152433291,85,2.068,10.0,4.5333333333333335e-05
openmarcie_bicycle,cpu,distrixsense,openmarcie_bicycle__all__qwen3_4b,qwen3_4b,all,edge,chest_lidar0,"chest_lidar0_rgb,chest_lidar0_depth",96336,385344,0,394627,5948416,0.4086010012542829,0.4117249005503254,0.022750000425730832,170,2.136,10.0,9.066666666666667e-05
openmarcie_bicycle,cpu,distrixsense,openmarcie_bicycle__all__qwen3_4b,qwen3_4b,all,edge,imu_gateway,imu,10474,41896,0,47027,575488,0.21096099953865632,0.2220310003394843,0.01224000152433291,85,2.068,10.0,4.5333333333333335e-05
openmarcie_bicycle,cpu,distrixsense,openmarcie_bicycle__all__qwen3_4b,qwen3_4b,all,edge,magnetometer_gateway,magnetometer,8134,32536,0,37683,427264,0.2031900003203191,0.2246919000754133,0.012110000170650892,85,2.068,10.0,4.5333333333333335e-05
openmarcie_bicycle,cpu,distrixsense,openmarcie_bicycle__all__qwen3_4b,qwen3_4b,all,edge,room_rgbd0,"room_rgbd0_rgb,room_rgbd0_depth",96336,385344,0,394627,5948416,0.40080200051306747,0.42726200063043507,0.02266999945277348,170,2.136,10.0,9.066666666666667e-05
openmarcie_bicycle,cpu,distrixsense,openmarcie_bicycle__all__qwen3_4b,qwen3_4b,all,edge,room_rgbd1,"room_rgbd1_rgb,room_rgbd1_depth",96336,385344,0,394627,5948416,0.4159920008532936,0.4161629998634453,0.022659998649032786,170,2.136,10.0,9.066666666666667e-05
openmarcie_bicycle,cpu,distrixsense,openmarcie_bicycle__all__qwen3_4b,qwen3_4b,all,edge,spectrometer_gateway,spectrometer,11104,44416,0,49523,615424,0.20097100059501827,0.21473200158652617,0.01221999991685152,85,2.068,10.0,4.5333333333333335e-05
openmarcie_bicycle,cpu,distrixsense,openmarcie_bicycle__all__qwen3_4b,qwen3_4b,all,edge,temperature_gateway,temperature,7072,28288,0,33459,360064,0.21236999964457937,0.21786089928355068,0.012360000255284831,85,2.068,10.0,4.5333333333333335e-05
openmarcie_bicycle,cpu,distrixsense,openmarcie_bicycle__all__qwen3_4b,qwen3_4b,all,edge,thermal_gateway,thermal,44072,176288,0,181299,2712064,0.2156509999622358,0.23610800053575076,0.012010001228190958,85,2.068,10.0,4.5333333333333335e-05
openmarcie_bicycle,cpu,distrixsense,openmarcie_bicycle__all__qwen3_4b,qwen3_4b,all,core,core,,41656,166624,0,178542,8297792,0.7279630008270033,0.7569790001070942,0.1128309995692689,,,,
openmarcie_bicycle,cpu,distrixsense,openmarcie_bicycle__all__qwen3_4b,qwen3_4b,all,core,core_language,,4029108736,8071498752,256,,1416275451776,1572.10163200034,1585.8957826003461,1.7132270004367456,,,,
openmarcie_bicycle,cpu,dense,openmarcie_bicycle__all__qwen3_4b,qwen3_4b,all,edge,audio0,audio0,352142,1408568,0,1411853,22467200,0.2520609996281564,0.27081789976364234,0.008949999028118327,4324,5.4592,10.0,0.0023061333333333333
openmarcie_bicycle,cpu,dense,openmarcie_bicycle__all__qwen3_4b,qwen3_4b,all,edge,barometer_gateway,barometer,3640,14560,0,17741,228480,0.1417700004822109,0.155747899589187,0.009130000762525015,4324,5.4592,10.0,0.0023061333333333333
openmarcie_bicycle,cpu,dense,openmarcie_bicycle__all__qwen3_4b,qwen3_4b,all,edge,chest_lidar0,"chest_lidar0_rgb,chest_lidar0_depth",89472,357888,0,362995,5685248,0.2971909998450428,0.31009700087452075,0.016820000382722355,8648,8.9184,10.0,0.004612266666666667
openmarcie_bicycle,cpu,dense,openmarcie_bicycle__all__qwen3_4b,qwen3_4b,all,edge,imu_gateway,imu,7042,28168,0,31309,443904,0.16134099860209972,0.1620790006199968,0.008619999789516442,4324,5.4592,10.0,0.0023061333333333333
openmarcie_bicycle,cpu,dense,openmarcie_bicycle__all__qwen3_4b,qwen3_4b,all,edge,magnetometer_gateway,magnetometer,4702,18808,0,21965,295680,0.15009100025054067,0.1558230989758158,0.00864999856275972,4324,5.4592,10.0,0.0023061333333333333
openmarcie_bicycle,cpu,dense,openmarcie_bicycle__all__qwen3_4b,qwen3_4b,all,edge,room_rgbd0,"room_rgbd0_rgb,room_rgbd0_depth",89472,357888,0,362995,5685248,0.3060809995076852,0.3115628984232899,0.017100001059588976,8648,8.9184,10.0,0.004612266666666667
openmarcie_bicycle,cpu,dense,openmarcie_bicycle__all__qwen3_4b,qwen3_4b,all,edge,room_rgbd1,"room_rgbd1_rgb,room_rgbd1_depth",89472,357888,0,362995,5685248,0.2984910006489372,0.305376901087584,0.017050000678864308,8648,8.9184,10.0,0.004612266666666667
openmarcie_bicycle,cpu,dense,openmarcie_bicycle__all__qwen3_4b,qwen3_4b,all,edge,spectrometer_gateway,spectrometer,7672,30688,0,33805,483840,0.14325099982670508,0.15380709992314223,0.00878999890119303,4324,5.4592,10.0,0.0023061333333333333
openmarcie_bicycle,cpu,dense,openmarcie_bicycle__all__qwen3_4b,qwen3_4b,all,edge,temperature_gateway,temperature,3640,14560,0,17741,228480,0.1428299983672332,0.15115589994820766,0.00878999890119303,4324,5.4592,10.0,0.0023061333333333333
openmarcie_bicycle,cpu,dense,openmarcie_bicycle__all__qwen3_4b,qwen3_4b,all,edge,thermal_gateway,thermal,40640,162560,0,165581,2580480,0.15772099868627265,0.17841200005932478,0.008700000762473792,4324,5.4592,10.0,0.0023061333333333333
openmarcie_bicycle,cpu,dense,openmarcie_bicycle__all__qwen3_4b,qwen3_4b,all,core,core,,28344,113376,0,124977,66264896,1.2805850001313956,1.291052900342038,0.08146099935402162,,,,
openmarcie_bicycle,cpu,dense,openmarcie_bicycle__all__qwen3_4b,qwen3_4b,all,core,core_language,,4029108736,8071498752,256,,3814030375808,2368.9550529998087,2378.645798499383,5.420853000032366,,,,
openmarcie_bicycle,cpu,dense_tokens,openmarcie_bicycle__all__qwen3_4b,qwen3_4b,all,edge,audio0,audio0,354518,1418072,0,1422777,22582400,0.3152209992549615,0.3385589008757961,0.008760000127949752,1100,2.88,10.0,0.0005866666666666667
openmarcie_bicycle,cpu,dense_tokens,openmarcie_bicycle__all__qwen3_4b,qwen3_4b,all,edge,barometer_gateway,barometer,6016,24064,0,28729,343680,0.19653100025607273,0.21435100006783614,0.00841000110085588,1100,2.88,10.0,0.0005866666666666667
openmarcie_bicycle,cpu,dense_tokens,openmarcie_bicycle__all__qwen3_4b,qwen3_4b,all,edge,chest_lidar0,"chest_lidar0_rgb,chest_lidar0_depth",94224,376896,0,385103,5915648,0.39829100023780484,0.4124128994590137,0.017169999409816228,2200,3.76,10.0,0.0011733333333333333
openmarcie_bicycle,cpu,dense_tokens,openmarcie_bicycle__all__qwen3_4b,qwen3_4b,all,edge,imu_gateway,imu,9418,37672,0,42297,559104,0.20209099966450594,0.21881299962842604,0.00855000143928919,1100,2.88,10.0,0.0005866666666666667
openmarcie_bicycle,cpu,dense_tokens,openmarcie_bicycle__all__qwen3_4b,qwen3_4b,all,edge,magnetometer_gateway,magnetometer,7078,28312,0,32953,410880,0.19709099979081657,0.21050909908808535,0.008239998351200484,1100,2.88,10.0,0.0005866666666666667
openmarcie_bicycle,cpu,dense_tokens,openmarcie_bicycle__all__qwen3_4b,qwen3_4b,all,edge,room_rgbd0,"room_rgbd0_rgb,room_rgbd0_depth",94224,376896,0,385103,5915648,0.39685099909547716,0.4049338991535478,0.015920000805635937,2200,3.76,10.0,0.0011733333333333333
openmarcie_bicycle,cpu,dense_tokens,openmarcie_bicycle__all__qwen3_4b,qwen3_4b,all,edge,room_rgbd1,"room_rgbd1_rgb,room_rgbd1_depth",94224,376896,0,385103,5915648,0.3992420006397879,0.408826999955636,0.01601999974809587,2200,3.76,10.0,0.0011733333333333333
openmarcie_bicycle,cpu,dense_tokens,openmarcie_bicycle__all__qwen3_4b,qwen3_4b,all,edge,spectrometer_gateway,spectrometer,10048,40192,0,44793,599040,0.1998210009332979,0.21494099983101478,0.008249999154941179,1100,2.88,10.0,0.0005866666666666667
openmarcie_bicycle,cpu,dense_tokens,openmarcie_bicycle__all__qwen3_4b,qwen3_4b,all,edge,temperature_gateway,temperature,6016,24064,0,28729,343680,0.1925510005094111,0.20940799986419734,0.008459999662591144,1100,2.88,10.0,0.0005866666666666667
openmarcie_bicycle,cpu,dense_tokens,openmarcie_bicycle__all__qwen3_4b,qwen3_4b,all,edge,thermal_gateway,thermal,43016,172064,0,176569,2695680,0.22258100034378003,0.2301769985933788,0.008300001354655251,1100,2.88,10.0,0.0005866666666666667
openmarcie_bicycle,cpu,dense_tokens,openmarcie_bicycle__all__qwen3_4b,qwen3_4b,all,core,core,,28344,113376,0,124977,8297792,0.5812629988213303,0.5934751010499895,0.0767599995015189,,,,
openmarcie_bicycle,cpu,dense_tokens,openmarcie_bicycle__all__qwen3_4b,qwen3_4b,all,core,core_language,,4029108736,8071498752,256,,1416275451776,1572.10163200034,1585.8957826003461,1.6100470002129441,,,,
openmarcie_bicycle,cpu,raw,openmarcie_bicycle__all__qwen3_4b,qwen3_4b,all,edge,audio0,audio0,0,0,0,0,0,0.00044999978854320943,0.0008640003215987235,0.03823000042757485,390484,314.3872,10.0,0.20825813333333335
openmarcie_bicycle,cpu,raw,openmarcie_bicycle__all__qwen3_4b,qwen3_4b,all,edge,barometer_gateway,barometer,0,0,0,0,0,0.0005300007615005597,0.0006020000000717118,0.008379998689633794,524,2.4192,10.0,0.00027946666666666667
openmarcie_bicycle,cpu,raw,openmarcie_bicycle__all__qwen3_4b,qwen3_4b,all,edge,chest_lidar0,"chest_lidar0_rgb,chest_lidar0_depth",0,0,0,0,0,0.0005800011422252283,0.0007689999620197341,0.019889999748556875,25304,22.2432,10.0,0.013495466666666667
openmarcie_bicycle,cpu,raw,openmarcie_bicycle__all__qwen3_4b,qwen3_4b,all,edge,imu_gateway,imu,0,0,0,0,0,0.0004199991963105276,0.0006000005669193342,0.011550000635907054,16164,14.9312,10.0,0.0086208
openmarcie_bicycle,cpu,raw,openmarcie_bicycle__all__qwen3_4b,qwen3_4b,all,edge,magnetometer_gateway,magnetometer,0,0,0,0,0,0.00043000000005122274,0.0005740001142839901,0.008320001143147238,1244,2.9952,10.0,0.0006634666666666667
openmarcie_bicycle,cpu,raw,openmarcie_bicycle__all__qwen3_4b,qwen3_4b,all,edge,room_rgbd0,"room_rgbd0_rgb,room_rgbd0_depth",0,0,0,0,0,0.0005399997462518513,0.0006569993274752051,0.01883000004454516,25304,22.2432,10.0,0.013495466666666667
openmarcie_bicycle,cpu,raw,openmarcie_bicycle__all__qwen3_4b,qwen3_4b,all,edge,room_rgbd1,"room_rgbd1_rgb,room_rgbd1_depth",0,0,0,0,0,0.0007399994501611218,0.0007849997928133234,0.018789998648571782,25304,22.2432,10.0,0.013495466666666667
openmarcie_bicycle,cpu,raw,openmarcie_bicycle__all__qwen3_4b,qwen3_4b,all,edge,spectrometer_gateway,spectrometer,0,0,0,0,0,0.0004399989848025143,0.00053899875638308,0.008590001016273163,3100,4.48,10.0,0.0016533333333333333
openmarcie_bicycle,cpu,raw,openmarcie_bicycle__all__qwen3_4b,qwen3_4b,all,edge,temperature_gateway,temperature,0,0,0,0,0,0.00043000000005122274,0.0005560003046412021,0.008210001396946609,524,2.4192,10.0,0.00027946666666666667
openmarcie_bicycle,cpu,raw,openmarcie_bicycle__all__qwen3_4b,qwen3_4b,all,edge,thermal_gateway,thermal,0,0,0,0,0,0.0004199991963105276,0.0004740002623293549,0.009589999535819516,15804,14.6432,10.0,0.0084288
openmarcie_bicycle,cpu,raw,openmarcie_bicycle__all__qwen3_4b,qwen3_4b,all,core,core,,716238,2864952,0,2908643,110048704,3.2311030008713715,3.234568899824808,0.10335099977965001,,,,
openmarcie_bicycle,cpu,raw,openmarcie_bicycle__all__qwen3_4b,qwen3_4b,all,core,core_language,,4029108736,8071498752,256,,3814030375808,2368.9550529998087,2378.645798499383,5.364652999560349,,,,
openmarcie_bicycle,cpu,early_fusion,openmarcie_bicycle__all__qwen3_4b,qwen3_4b,all,edge,audio0,audio0,0,0,0,0,0,0.00048000038077589124,0.0007949995051603764,0.03451000156928785,390484,314.3872,10.0,0.20825813333333335
openmarcie_bicycle,cpu,early_fusion,openmarcie_bicycle__all__qwen3_4b,qwen3_4b,all,edge,barometer_gateway,barometer,0,0,0,0,0,0.00043000000005122274,0.0005919999239267781,0.00847000046633184,524,2.4192,10.0,0.00027946666666666667
openmarcie_bicycle,cpu,early_fusion,openmarcie_bicycle__all__qwen3_4b,qwen3_4b,all,edge,chest_lidar0,"chest_lidar0_rgb,chest_lidar0_depth",0,0,0,0,0,0.0005300007615005597,0.0007100004950189032,0.01857999995991122,25304,22.2432,10.0,0.013495466666666667
openmarcie_bicycle,cpu,early_fusion,openmarcie_bicycle__all__qwen3_4b,qwen3_4b,all,edge,imu_gateway,imu,0,0,0,0,0,0.0005000001692678779,0.0005900008545722812,0.010989999282173812,16164,14.9312,10.0,0.0086208
openmarcie_bicycle,cpu,early_fusion,openmarcie_bicycle__all__qwen3_4b,qwen3_4b,all,edge,magnetometer_gateway,magnetometer,0,0,0,0,0,0.000450001607532613,0.0005130001227371395,0.008540000635548495,1244,2.9952,10.0,0.0006634666666666667
openmarcie_bicycle,cpu,early_fusion,openmarcie_bicycle__all__qwen3_4b,qwen3_4b,all,edge,room_rgbd0,"room_rgbd0_rgb,room_rgbd0_depth",0,0,0,0,0,0.0005799993232358247,0.000687999818183016,0.01871000131359324,25304,22.2432,10.0,0.013495466666666667
openmarcie_bicycle,cpu,early_fusion,openmarcie_bicycle__all__qwen3_4b,qwen3_4b,all,edge,room_rgbd1,"room_rgbd1_rgb,room_rgbd1_depth",0,0,0,0,0,0.0006000009307172149,0.0006269998266361654,0.018780001482809894,25304,22.2432,10.0,0.013495466666666667
openmarcie_bicycle,cpu,early_fusion,openmarcie_bicycle__all__qwen3_4b,qwen3_4b,all,edge,spectrometer_gateway,spectrometer,0,0,0,0,0,0.00043000000005122274,0.0005560003046412021,0.008759998308960348,3100,4.48,10.0,0.0016533333333333333
openmarcie_bicycle,cpu,early_fusion,openmarcie_bicycle__all__qwen3_4b,qwen3_4b,all,edge,temperature_gateway,temperature,0,0,0,0,0,0.0005199999577598646,0.0005379997674026527,0.00847000046633184,524,2.4192,10.0,0.00027946666666666667
openmarcie_bicycle,cpu,early_fusion,openmarcie_bicycle__all__qwen3_4b,qwen3_4b,all,edge,thermal_gateway,thermal,0,0,0,0,0,0.00041000021155923605,0.0005089999831398018,0.009679999493528157,15804,14.6432,10.0,0.0084288
openmarcie_bicycle,cpu,early_fusion,openmarcie_bicycle__all__qwen3_4b,qwen3_4b,all,core,core,,487758,1951032,0,1979279,31210944,1.8370269990555244,1.8939889003377175,0.10257100075250491,,,,
openmarcie_bicycle,cpu,early_fusion,openmarcie_bicycle__all__qwen3_4b,qwen3_4b,all,core,core_language,,4029108736,8071498752,256,,879254846336,1428.7239590012177,1432.389331399827,0.8288339995488059,,,,
openmarcie_bicycle,cpu,late_fusion,openmarcie_bicycle__all__qwen3_4b,qwen3_4b,all,edge,audio0,audio0,352538,1410152,0,1413765,22467968,0.28895099967485294,0.3066189006858622,0.007950000508571975,96,2.0768,10.0,5.12e-05
openmarcie_bicycle,cpu,late_fusion,openmarcie_bicycle__all__qwen3_4b,qwen3_4b,all,edge,barometer_gateway,barometer,4036,16144,0,19717,229248,0.16299100025207736,0.171343000329216,0.008060000254772604,96,2.0768,10.0,5.12e-05
openmarcie_bicycle,cpu,late_fusion,openmarcie_bicycle__all__qwen3_4b,qwen3_4b,all,edge,chest_lidar0,"chest_lidar0_rgb,chest_lidar0_depth",90264,361056,0,367079,5686784,0.33313099993392825,0.3468029006398865,0.015100000382517464,192,2.1536,10.0,0.0001024
openmarcie_bicycle,cpu,late_fusion,openmarcie_bicycle__all__qwen3_4b,qwen3_4b,all,edge,imu_gateway,imu,7438,29752,0,33285,444672,0.16518099982931744,0.1772679988789605,0.008090000847005285,96,2.0768,10.0,5.12e-05
openmarcie_bicycle,cpu,late_fusion,openmarcie_bicycle__all__qwen3_4b,qwen3_4b,all,edge,magnetometer_gateway,magnetometer,5098,20392,0,23941,296448,0.16589999904681463,0.17184089883812703,0.008049999451031908,96,2.0768,10.0,5.12e-05
openmarcie_bicycle,cpu,late_fusion,openmarcie_bicycle__all__qwen3_4b,qwen3_4b,all,edge,room_rgbd0,"room_rgbd0_rgb,room_rgbd0_depth",90264,361056,0,367079,5686784,0.3266910007369006,0.3461048996541649,0.01486000110162422,192,2.1536,10.0,0.0001024
openmarcie_bicycle,cpu,late_fusion,openmarcie_bicycle__all__qwen3_4b,qwen3_4b,all,edge,room_rgbd1,"room_rgbd1_rgb,room_rgbd1_depth",90264,361056,0,367079,5686784,0.3241620015614899,0.34436609948897967,0.01503000021330081,192,2.1536,10.0,0.0001024
openmarcie_bicycle,cpu,late_fusion,openmarcie_bicycle__all__qwen3_4b,qwen3_4b,all,edge,spectrometer_gateway,spectrometer,8068,32272,0,35781,484608,0.15867100046307314,0.17250310029339744,0.00799999907030724,96,2.0768,10.0,5.12e-05
openmarcie_bicycle,cpu,late_fusion,openmarcie_bicycle__all__qwen3_4b,qwen3_4b,all,edge,temperature_gateway,temperature,4036,16144,0,19717,229248,0.1671310001256643,0.18097300107910996,0.008170000000973232,96,2.0768,10.0,5.12e-05
openmarcie_bicycle,cpu,late_fusion,openmarcie_bicycle__all__qwen3_4b,qwen3_4b,all,edge,thermal_gateway,thermal,41036,164144,0,167557,2581248,0.18763099978968967,0.19969099994341377,0.008040000466280617,96,2.0768,10.0,5.12e-05
openmarcie_bicycle,cpu,late_fusion,openmarcie_bicycle__all__qwen3_4b,qwen3_4b,all,core,core,,0,0,0,0,0,0.0881709984241752,0.09464109916734742,0.07449999975506216,,,,
openmarcie_bicycle,cpu,late_fusion,openmarcie_bicycle__all__qwen3_4b,qwen3_4b,all,core,core_language,,4022468096,8044936192,256,,767919666176,1404.7929179996572,1405.677423599991,0.2223110004706541,,,,
openmarcie_bicycle,cpu,local_only,openmarcie_bicycle__all__qwen3_4b,qwen3_4b,all,edge,audio0,audio0,352538,1410152,0,1413765,22467968,0.2739809988270281,0.2921798999523162,0.008210001396946609,52,2.0416,10.0,2.7733333333333334e-05
openmarcie_bicycle,cpu,local_only,openmarcie_bicycle__all__qwen3_4b,qwen3_4b,all,edge,barometer_gateway,barometer,4036,16144,0,19717,229248,0.16400000095018186,0.18071390059049008,0.007969998478074558,52,2.0416,10.0,2.7733333333333334e-05
openmarcie_bicycle,cpu,local_only,openmarcie_bicycle__all__qwen3_4b,qwen3_4b,all,edge,chest_lidar0,"chest_lidar0_rgb,chest_lidar0_depth",90264,361056,0,367079,5686784,0.32835100137162954,0.3526068998326082,0.015020001228549518,104,2.0832,10.0,5.546666666666667e-05
openmarcie_bicycle,cpu,local_only,openmarcie_bicycle__all__qwen3_4b,qwen3_4b,all,edge,imu_gateway,imu,7438,29752,0,33285,444672,0.17571099851920735,0.18207399916718714,0.008060000254772604,52,2.0416,10.0,2.7733333333333334e-05
openmarcie_bicycle,cpu,local_only,openmarcie_bicycle__all__qwen3_4b,qwen3_4b,all,edge,magnetometer_gateway,magnetometer,5098,20392,0,23941,296448,0.16140099978656508,0.1730380003209575,0.007749998985673301,52,2.0416,10.0,2.7733333333333334e-05
openmarcie_bicycle,cpu,local_only,openmarcie_bicycle__all__qwen3_4b,qwen3_4b,all,edge,room_rgbd0,"room_rgbd0_rgb,room_rgbd0_depth",90264,361056,0,367079,5686784,0.33278200135100633,0.33851410007628147,0.01514999894425273,104,2.0832,10.0,5.546666666666667e-05
openmarcie_bicycle,cpu,local_only,openmarcie_bicycle__all__qwen3_4b,qwen3_4b,all,edge,room_rgbd1,"room_rgbd1_rgb,room_rgbd1_depth",90264,361056,0,367079,5686784,0.33918100052687805,0.3407119011171744,0.015040001017041504,104,2.0832,10.0,5.546666666666667e-05
openmarcie_bicycle,cpu,local_only,openmarcie_bicycle__all__qwen3_4b,qwen3_4b,all,edge,spectrometer_gateway,spectrometer,8068,32272,0,35781,484608,0.16222100020968355,0.1778539994120365,0.007929998901090585,52,2.0416,10.0,2.7733333333333334e-05
openmarcie_bicycle,cpu,local_only,openmarcie_bicycle__all__qwen3_4b,qwen3_4b,all,edge,temperature_gateway,temperature,4036,16144,0,19717,229248,0.1705410013528308,0.2695230006793281,0.008039998647291213,52,2.0416,10.0,2.7733333333333334e-05
openmarcie_bicycle,cpu,local_only,openmarcie_bicycle__all__qwen3_4b,qwen3_4b,all,edge,thermal_gateway,thermal,41036,164144,0,167557,2581248,0.17507100164948497,0.1886511008706293,0.007950000508571975,52,2.0416,10.0,2.7733333333333334e-05
openmarcie_bicycle,cpu,local_only,openmarcie_bicycle__all__qwen3_4b,qwen3_4b,all,core,core,,0,0,0,0,0,0.1379309996991651,0.1502429988249787,0.07442100104526617,,,,
openmarcie_bicycle,cpu,local_only,openmarcie_bicycle__all__qwen3_4b,qwen3_4b,all,core,core_language,,4022468096,8044936192,256,,767919666176,1404.7929179996572,1405.677423599991,0.1976610001293011,,,,
openmarcie_bicycle,cpu,bottleneck,openmarcie_bicycle__all__qwen3_4b,qwen3_4b,all,edge,audio0,audio0,352274,1409096,0,1412741,22475392,0.26378100119472947,0.28511099990282673,0.008369999704882503,684,2.5472,10.0,0.0003648
openmarcie_bicycle,cpu,bottleneck,openmarcie_bicycle__all__qwen3_4b,qwen3_4b,all,edge,barometer_gateway,barometer,3772,15088,0,18693,236672,0.15957100004015956,0.17452900065109134,0.008349999916390516,684,2.5472,10.0,0.0003648
openmarcie_bicycle,cpu,bottleneck,openmarcie_bicycle__all__qwen3_4b,qwen3_4b,all,edge,chest_lidar0,"chest_lidar0_rgb,chest_lidar0_depth",89736,358944,0,365031,5701632,0.3343820008012699,0.3427880003073369,0.016059999325079843,1368,3.0944000000000003,10.0,0.0007296
openmarcie_bicycle,cpu,bottleneck,openmarcie_bicycle__all__qwen3_4b,qwen3_4b,all,edge,imu_gateway,imu,7174,28696,0,32261,452096,0.17080100042221602,0.19187000107194763,0.008259999958681874,684,2.5472,10.0,0.0003648
openmarcie_bicycle,cpu,bottleneck,openmarcie_bicycle__all__qwen3_4b,qwen3_4b,all,edge,magnetometer_gateway,magnetometer,4834,19336,0,22917,303872,0.1617699999769684,0.1735609001116245,0.008569999408791773,684,2.5472,10.0,0.0003648
openmarcie_bicycle,cpu,bottleneck,openmarcie_bicycle__all__qwen3_4b,qwen3_4b,all,edge,room_rgbd0,"room_rgbd0_rgb,room_rgbd0_depth",89736,358944,0,365031,5701632,0.3360409991728375,0.3396688996872399,0.015949999578879215,1368,3.0944000000000003,10.0,0.0007296
openmarcie_bicycle,cpu,bottleneck,openmarcie_bicycle__all__qwen3_4b,qwen3_4b,all,edge,room_rgbd1,"room_rgbd1_rgb,room_rgbd1_depth",89736,358944,0,365031,5701632,0.3384320007171482,0.33935809951799456,0.015759998859721236,1368,3.0944000000000003,10.0,0.0007296
openmarcie_bicycle,cpu,bottleneck,openmarcie_bicycle__all__qwen3_4b,qwen3_4b,all,edge,spectrometer_gateway,spectrometer,7804,31216,0,34757,492032,0.16259100084425882,0.1774590007698862,0.00833999911264982,684,2.5472,10.0,0.0003648
openmarcie_bicycle,cpu,bottleneck,openmarcie_bicycle__all__qwen3_4b,qwen3_4b,all,edge,temperature_gateway,temperature,3772,15088,0,18693,236672,0.16636100008327048,0.17572010056028375,0.008179998985724524,684,2.5472,10.0,0.0003648
openmarcie_bicycle,cpu,bottleneck,openmarcie_bicycle__all__qwen3_4b,qwen3_4b,all,edge,thermal_gateway,thermal,40772,163088,0,166533,2588672,0.19219099885958713,0.2223229994342546,0.008069999239523895,684,2.5472,10.0,0.0003648
openmarcie_bicycle,cpu,bottleneck,openmarcie_bicycle__all__qwen3_4b,qwen3_4b,all,core,core,,30424,121696,0,141027,66371392,1.3218160001997603,1.3338399990971084,0.07820000064384658,,,,
openmarcie_bicycle,cpu,bottleneck,openmarcie_bicycle__all__qwen3_4b,qwen3_4b,all,core,core_language,,4029108736,8071498752,256,,3814030375808,2368.9550529998087,2378.645798499383,5.347454998627654,,,,
openmarcie_bicycle,cpu,tokenlearner,openmarcie_bicycle__all__qwen3_4b,qwen3_4b,all,edge,audio0,audio0,353462,1413848,0,1418047,22566016,0.330032000420033,0.3485359995465842,0.008070001058513299,1100,2.88,10.0,0.0005866666666666667
openmarcie_bicycle,cpu,tokenlearner,openmarcie_bicycle__all__qwen3_4b,qwen3_4b,all,edge,barometer_gateway,barometer,4960,19840,0,23935,327296,0.1927599987538997,0.20118490010645473,0.00796000131231267,1100,2.88,10.0,0.0005866666666666667
openmarcie_bicycle,cpu,tokenlearner,openmarcie_bicycle__all__qwen3_4b,qwen3_4b,all,edge,chest_lidar0,"chest_lidar0_rgb,chest_lidar0_depth",92112,368448,0,375643,5882880,0.37541200072155334,0.38733699984732084,0.015420000636368059,2200,3.76,10.0,0.0011733333333333333
openmarcie_bicycle,cpu,tokenlearner,openmarcie_bicycle__all__qwen3_4b,qwen3_4b,all,edge,imu_gateway,imu,8362,33448,0,37503,542720,0.19617100042523816,0.20824900038860505,0.007970000297063962,1100,2.88,10.0,0.0005866666666666667
openmarcie_bicycle,cpu,tokenlearner,openmarcie_bicycle__all__qwen3_4b,qwen3_4b,all,edge,magnetometer_gateway,magnetometer,6022,24088,0,28159,394496,0.19031099873245694,0.2004089999900316,0.007970000297063962,1100,2.88,10.0,0.0005866666666666667
openmarcie_bicycle,cpu,tokenlearner,openmarcie_bicycle__all__qwen3_4b,qwen3_4b,all,edge,room_rgbd0,"room_rgbd0_rgb,room_rgbd0_depth",92112,368448,0,375643,5882880,0.3708320000441745,0.38587100061704405,0.015359999451902695,2200,3.76,10.0,0.0011733333333333333
openmarcie_bicycle,cpu,tokenlearner,openmarcie_bicycle__all__qwen3_4b,qwen3_4b,all,edge,room_rgbd1,"room_rgbd1_rgb,room_rgbd1_depth",92112,368448,0,375643,5882880,0.3709520005941158,0.3909410012056469,0.015300000086426735,2200,3.76,10.0,0.0011733333333333333
openmarcie_bicycle,cpu,tokenlearner,openmarcie_bicycle__all__qwen3_4b,qwen3_4b,all,edge,spectrometer_gateway,spectrometer,8992,35968,0,39999,582656,0.19447100021352526,0.20313800105213886,0.008159999197232537,1100,2.88,10.0,0.0005866666666666667
openmarcie_bicycle,cpu,tokenlearner,openmarcie_bicycle__all__qwen3_4b,qwen3_4b,all,edge,temperature_gateway,temperature,4960,19840,0,23935,327296,0.18769099915516563,0.19822999984171474,0.008029999662539922,1100,2.88,10.0,0.0005866666666666667
openmarcie_bicycle,cpu,tokenlearner,openmarcie_bicycle__all__qwen3_4b,qwen3_4b,all,edge,thermal_gateway,thermal,41960,167840,0,171775,2679296,0.20313099958002567,0.21420100038085366,0.008310000339406542,1100,2.88,10.0,0.0005866666666666667
openmarcie_bicycle,cpu,tokenlearner,openmarcie_bicycle__all__qwen3_4b,qwen3_4b,all,core,core,,28344,113376,0,124977,8297792,0.5617629994958406,0.5906971000513295,0.07774000005156267,,,,
openmarcie_bicycle,cpu,tokenlearner,openmarcie_bicycle__all__qwen3_4b,qwen3_4b,all,core,core_language,,4029108736,8071498752,256,,1416275451776,1572.10163200034,1585.8957826003461,1.6178779987967573,,,,
openmarcie_bicycle,cpu,posthoc_vq,openmarcie_bicycle__all__qwen3_4b,qwen3_4b,all,edge,audio0,audio0,365454,1461816,0,1465289,22532736,0.35070199919573497,0.35684900049091084,0.012820000847568735,208,2.1664,10.0,0.00011093333333333334
openmarcie_bicycle,cpu,posthoc_vq,openmarcie_bicycle__all__qwen3_4b,qwen3_4b,all,edge,barometer_gateway,barometer,16952,67808,0,71241,294016,0.24549100089643616,0.25313199948868714,0.012759999663103372,208,2.1664,10.0,0.00011093333333333334
openmarcie_bicycle,cpu,posthoc_vq,openmarcie_bicycle__all__qwen3_4b,qwen3_4b,all,edge,chest_lidar0,"chest_lidar0_rgb,chest_lidar0_depth",102784,411136,0,416496,5816320,0.46053199912421405,0.4659139995055739,0.025260000256821513,416,2.3327999999999998,10.0,0.00022186666666666667
openmarcie_bicycle,cpu,posthoc_vq,openmarcie_bicycle__all__qwen3_4b,qwen3_4b,all,edge,imu_gateway,imu,20354,81416,0,84809,509440,0.24464199850626756,0.25894209829857573,0.012759999663103372,208,2.1664,10.0,0.00011093333333333334
openmarcie_bicycle,cpu,posthoc_vq,openmarcie_bicycle__all__qwen3_4b,qwen3_4b,all,edge,magnetometer_gateway,magnetometer,18014,72056,0,75465,361216,0.24950099941634107,0.25029299922607606,0.012720000086119398,208,2.1664,10.0,0.00011093333333333334
openmarcie_bicycle,cpu,posthoc_vq,openmarcie_bicycle__all__qwen3_4b,qwen3_4b,all,edge,room_rgbd0,"room_rgbd0_rgb,room_rgbd0_depth",102784,411136,0,416496,5816320,0.45845299973734654,0.4655531003663782,0.024061000658548437,416,2.3327999999999998,10.0,0.00022186666666666667
openmarcie_bicycle,cpu,posthoc_vq,openmarcie_bicycle__all__qwen3_4b,qwen3_4b,all,edge,room_rgbd1,"room_rgbd1_rgb,room_rgbd1_depth",102784,411136,0,416496,5816320,0.45214199963083956,0.47660399959568167,0.02384999970672652,416,2.3327999999999998,10.0,0.00022186666666666667
openmarcie_bicycle,cpu,posthoc_vq,openmarcie_bicycle__all__qwen3_4b,qwen3_4b,all,edge,spectrometer_gateway,spectrometer,20984,83936,0,87305,549376,0.2444220008328557,0.2504420997865964,0.01272999907087069,208,2.1664,10.0,0.00011093333333333334
openmarcie_bicycle,cpu,posthoc_vq,openmarcie_bicycle__all__qwen3_4b,qwen3_4b,all,edge,temperature_gateway,temperature,16952,67808,0,71241,294016,0.2369109988649143,0.2534440000090399,0.012820999472751282,208,2.1664,10.0,0.00011093333333333334
openmarcie_bicycle,cpu,posthoc_vq,openmarcie_bicycle__all__qwen3_4b,qwen3_4b,all,edge,thermal_gateway,thermal,53952,215808,0,219081,2646016,0.2524510000512237,0.2658519999386044,0.01275000067835208,208,2.1664,10.0,0.00011093333333333334
openmarcie_bicycle,cpu,posthoc_vq,openmarcie_bicycle__all__qwen3_4b,qwen3_4b,all,core,core,,41656,166624,0,178542,66264896,1.394977000018116,1.4054070998099633,0.12009000056423247,,,,
openmarcie_bicycle,cpu,posthoc_vq,openmarcie_bicycle__all__qwen3_4b,qwen3_4b,all,core,core_language,,4029108736,8071498752,256,,3814030375808,2368.9550529998087,2378.645798499383,5.373014999349834,,,,
openmarcie_bicycle,cpu,joint_vq,openmarcie_bicycle__all__qwen3_4b,qwen3_4b,all,edge,audio0,audio0,367830,1471320,0,1476278,22598784,0.39837199983594473,0.46399099919653963,0.012900000001536682,85,2.068,10.0,4.5333333333333335e-05
openmarcie_bicycle,cpu,joint_vq,openmarcie_bicycle__all__qwen3_4b,qwen3_4b,all,edge,barometer_gateway,barometer,19328,77312,0,82230,360064,0.2748320002865512,0.29325410068850033,0.01269000131287612,85,2.068,10.0,4.5333333333333335e-05
openmarcie_bicycle,cpu,joint_vq,openmarcie_bicycle__all__qwen3_4b,qwen3_4b,all,edge,chest_lidar0,"chest_lidar0_rgb,chest_lidar0_depth",107536,430144,0,438668,5948416,0.5362430001696339,0.5576449997533928,0.02330999996047467,170,2.136,10.0,9.066666666666667e-05
openmarcie_bicycle,cpu,joint_vq,openmarcie_bicycle__all__qwen3_4b,qwen3_4b,all,edge,imu_gateway,imu,22730,90920,0,95798,575488,0.28878100056317635,0.29814190020260867,0.021660000129486434,85,2.068,10.0,4.5333333333333335e-05
openmarcie_bicycle,cpu,joint_vq,openmarcie_bicycle__all__qwen3_4b,qwen3_4b,all,edge,magnetometer_gateway,magnetometer,20390,81560,0,86454,427264,0.28276100056245923,0.28854800075350795,0.01221999991685152,85,2.068,10.0,4.5333333333333335e-05
openmarcie_bicycle,cpu,joint_vq,openmarcie_bicycle__all__qwen3_4b,qwen3_4b,all,edge,room_rgbd0,"room_rgbd0_rgb,room_rgbd0_depth",107536,430144,0,438668,5948416,0.5350029987312155,0.5443531001219526,0.023601000066264533,170,2.136,10.0,9.066666666666667e-05
openmarcie_bicycle,cpu,joint_vq,openmarcie_bicycle__all__qwen3_4b,qwen3_4b,all,edge,room_rgbd1,"room_rgbd1_rgb,room_rgbd1_depth",107536,430144,0,438668,5948416,0.5873930003872374,0.7018199004960479,0.02350999966438394,170,2.136,10.0,9.066666666666667e-05
openmarcie_bicycle,cpu,joint_vq,openmarcie_bicycle__all__qwen3_4b,qwen3_4b,all,edge,spectrometer_gateway,spectrometer,23360,93440,0,98294,615424,0.2781410003080964,0.28747399901476456,0.012329999663052149,85,2.068,10.0,4.5333333333333335e-05
openmarcie_bicycle,cpu,joint_vq,openmarcie_bicycle__all__qwen3_4b,qwen3_4b,all,edge,temperature_gateway,temperature,19328,77312,0,82230,360064,0.27620100081549026,0.28347299921733793,0.01230000088980887,85,2.068,10.0,4.5333333333333335e-05
openmarcie_bicycle,cpu,joint_vq,openmarcie_bicycle__all__qwen3_4b,qwen3_4b,all,edge,thermal_gateway,thermal,56328,225312,0,230070,2712064,0.3005310009029927,0.3337500007546623,0.012520000382210128,85,2.068,10.0,4.5333333333333335e-05
openmarcie_bicycle,cpu,joint_vq,openmarcie_bicycle__all__qwen3_4b,qwen3_4b,all,core,core,,41656,166624,0,178542,8297792,0.7166230006987462,0.7518499001889722,0.11401099982322194,,,,
openmarcie_bicycle,cpu,joint_vq,openmarcie_bicycle__all__qwen3_4b,qwen3_4b,all,core,core_language,,4029108736,8071498752,256,,1416275451776,1572.10163200034,1585.8957826003461,1.6605069995421218,,,,
openmarcie_bicycle,cpu,deepconvlstm,openmarcie_bicycle__all__qwen3_4b,qwen3_4b,all,edge,audio0,audio0,0,0,0,0,0,0.00046000059228390455,0.0008200000593205914,0.03693100006785244,390484,314.3872,10.0,0.20825813333333335
openmarcie_bicycle,cpu,deepconvlstm,openmarcie_bicycle__all__qwen3_4b,qwen3_4b,all,edge,barometer_gateway,barometer,0,0,0,0,0,0.00046000059228390455,0.000640000325802248,0.008229999366449192,524,2.4192,10.0,0.00027946666666666667
openmarcie_bicycle,cpu,deepconvlstm,openmarcie_bicycle__all__qwen3_4b,qwen3_4b,all,edge,chest_lidar0,"chest_lidar0_rgb,chest_lidar0_depth",0,0,0,0,0,0.0005399997462518513,0.0006570009645656683,0.018590000763651915,25304,22.2432,10.0,0.013495466666666667
openmarcie_bicycle,cpu,deepconvlstm,openmarcie_bicycle__all__qwen3_4b,qwen3_4b,all,edge,imu_gateway,imu,0,0,0,0,0,0.000459998773294501,0.000612999610893894,0.010530000508879311,16164,14.9312,10.0,0.0086208
openmarcie_bicycle,cpu,deepconvlstm,openmarcie_bicycle__all__qwen3_4b,qwen3_4b,all,edge,magnetometer_gateway,magnetometer,0,0,0,0,0,0.0005999991117278114,0.0006810007107560523,0.00833999911264982,1244,2.9952,10.0,0.0006634666666666667
openmarcie_bicycle,cpu,deepconvlstm,openmarcie_bicycle__all__qwen3_4b,qwen3_4b,all,edge,room_rgbd0,"room_rgbd0_rgb,room_rgbd0_depth",0,0,0,0,0,0.000660000296193175,0.0007769998774165288,0.01852999957918655,25304,22.2432,10.0,0.013495466666666667
openmarcie_bicycle,cpu,deepconvlstm,openmarcie_bicycle__all__qwen3_4b,qwen3_4b,all,edge,room_rgbd1,"room_rgbd1_rgb,room_rgbd1_depth",0,0,0,0,0,0.0005500005499925464,0.0006670001312159002,0.018269998690811917,25304,22.2432,10.0,0.013495466666666667
openmarcie_bicycle,cpu,deepconvlstm,openmarcie_bicycle__all__qwen3_4b,qwen3_4b,all,edge,spectrometer_gateway,spectrometer,0,0,0,0,0,0.00044999978854320943,0.0005579986463999376,0.00855000143928919,3100,4.48,10.0,0.0016533333333333333
openmarcie_bicycle,cpu,deepconvlstm,openmarcie_bicycle__all__qwen3_4b,qwen3_4b,all,edge,temperature_gateway,temperature,0,0,0,0,0,0.00044999978854320943,0.0005400004738476127,0.008049999451031908,524,2.4192,10.0,0.00027946666666666667
openmarcie_bicycle,cpu,deepconvlstm,openmarcie_bicycle__all__qwen3_4b,qwen3_4b,all,edge,thermal_gateway,thermal,0,0,0,0,0,0.00044000080379191786,0.00051200004236307,0.009580000551068224,15804,14.6432,10.0,0.0084288
openmarcie_bicycle,cpu,deepconvlstm,openmarcie_bicycle__all__qwen3_4b,qwen3_4b,all,core,core,,679906,2719624,0,2740881,43260288,1.835477998611168,1.848366900230758,0.1021999996737577,,,,
openmarcie_bicycle,cpu,deepconvlstm,openmarcie_bicycle__all__qwen3_4b,qwen3_4b,all,core,core_language,,4029108736,8071498752,256,,879254846336,1428.7239590012177,1432.389331399827,0.7364130015048431,,,,
openmarcie_bicycle,cpu,unrestricted_bank,openmarcie_bicycle__all__qwen3_4b,qwen3_4b,all,edge,audio0,audio0,368246,1472984,0,1478195,22795392,0.31215200033329893,0.3332830990984803,0.012540000170702115,85,2.068,10.0,4.5333333333333335e-05
openmarcie_bicycle,cpu,unrestricted_bank,openmarcie_bicycle__all__qwen3_4b,qwen3_4b,all,edge,barometer_gateway,barometer,19744,78976,0,84147,556672,0.21077099881949835,0.23498099981225096,0.012360000255284831,85,2.068,10.0,4.5333333333333335e-05
openmarcie_bicycle,cpu,unrestricted_bank,openmarcie_bicycle__all__qwen3_4b,qwen3_4b,all,edge,chest_lidar0,"chest_lidar0_rgb,chest_lidar0_depth",121680,486720,0,496003,6341632,0.4039920004288433,0.43604099955700804,0.02291000055265613,170,2.136,10.0,9.066666666666667e-05
openmarcie_bicycle,cpu,unrestricted_bank,openmarcie_bicycle__all__qwen3_4b,qwen3_4b,all,edge,imu_gateway,imu,23146,92584,0,97715,772096,0.21819100038555916,0.2405560004262952,0.012159998732386157,85,2.068,10.0,4.5333333333333335e-05
openmarcie_bicycle,cpu,unrestricted_bank,openmarcie_bicycle__all__qwen3_4b,qwen3_4b,all,edge,magnetometer_gateway,magnetometer,20806,83224,0,88371,623872,0.19939099911425728,0.2129629996488802,0.012290000086068176,85,2.068,10.0,4.5333333333333335e-05
openmarcie_bicycle,cpu,unrestricted_bank,openmarcie_bicycle__all__qwen3_4b,qwen3_4b,all,edge,room_rgbd0,"room_rgbd0_rgb,room_rgbd0_depth",121680,486720,0,496003,6341632,0.42567199852783233,0.4275260002032155,0.02305999987584073,170,2.136,10.0,9.066666666666667e-05
openmarcie_bicycle,cpu,unrestricted_bank,openmarcie_bicycle__all__qwen3_4b,qwen3_4b,all,edge,room_rgbd1,"room_rgbd1_rgb,room_rgbd1_depth",121680,486720,0,496003,6341632,0.4195509991404833,0.4762438004036085,0.022570000510313548,170,2.136,10.0,9.066666666666667e-05
openmarcie_bicycle,cpu,unrestricted_bank,openmarcie_bicycle__all__qwen3_4b,qwen3_4b,all,edge,spectrometer_gateway,spectrometer,23776,95104,0,100211,812032,0.20640100046875887,0.22947790075704688,0.012360000255284831,85,2.068,10.0,4.5333333333333335e-05
openmarcie_bicycle,cpu,unrestricted_bank,openmarcie_bicycle__all__qwen3_4b,qwen3_4b,all,edge,temperature_gateway,temperature,19744,78976,0,84147,556672,0.22082099894760177,0.22249499925237615,0.012059999789926223,85,2.068,10.0,4.5333333333333335e-05
openmarcie_bicycle,cpu,unrestricted_bank,openmarcie_bicycle__all__qwen3_4b,qwen3_4b,all,edge,thermal_gateway,thermal,56744,226976,0,231987,2908672,0.2258709992020158,0.24845200023264624,0.011899999663000926,85,2.068,10.0,4.5333333333333335e-05
openmarcie_bicycle,cpu,unrestricted_bank,openmarcie_bicycle__all__qwen3_4b,qwen3_4b,all,core,core,,41656,166624,0,178542,8297792,0.7103429998096544,0.7494848996429937,0.11445099880802445,,,,
openmarcie_bicycle,cpu,unrestricted_bank,openmarcie_bicycle__all__qwen3_4b,qwen3_4b,all,core,core_language,,4029108736,8071498752,256,,1416275451776,1572.10163200034,1585.8957826003461,1.8348789999436121,,,,
openmarcie_bicycle,cpu,separate_banks,openmarcie_bicycle__all__qwen3_4b,qwen3_4b,all,edge,audio0,audio0,355574,1422296,0,1427507,22598784,0.3669719990284648,0.36770100032299524,0.012900000001536682,85,2.068,10.0,4.5333333333333335e-05
openmarcie_bicycle,cpu,separate_banks,openmarcie_bicycle__all__qwen3_4b,qwen3_4b,all,edge,barometer_gateway,barometer,7072,28288,0,33459,360064,0.23458200121240225,0.2476040997862583,0.01275000067835208,85,2.068,10.0,4.5333333333333335e-05
openmarcie_bicycle,cpu,separate_banks,openmarcie_bicycle__all__qwen3_4b,qwen3_4b,all,edge,chest_lidar0,"chest_lidar0_rgb,chest_lidar0_depth",96336,385344,0,394627,5948416,0.40484199962520506,0.41778400027396856,0.023540000256616622,170,2.136,10.0,9.066666666666667e-05
openmarcie_bicycle,cpu,separate_banks,openmarcie_bicycle__all__qwen3_4b,qwen3_4b,all,edge,imu_gateway,imu,10474,41896,0,47027,575488,0.22540200006915256,0.225509100164345,0.01520999830972869,85,2.068,10.0,4.5333333333333335e-05
openmarcie_bicycle,cpu,separate_banks,openmarcie_bicycle__all__qwen3_4b,qwen3_4b,all,edge,magnetometer_gateway,magnetometer,8134,32536,0,37683,427264,0.20625099932658486,0.23674300100537948,0.012759999663103372,85,2.068,10.0,4.5333333333333335e-05
openmarcie_bicycle,cpu,separate_banks,openmarcie_bicycle__all__qwen3_4b,qwen3_4b,all,edge,room_rgbd0,"room_rgbd0_rgb,room_rgbd0_depth",96336,385344,0,394627,5948416,0.4169019994151313,0.4307439987314865,0.02320000021427404,170,2.136,10.0,9.066666666666667e-05
openmarcie_bicycle,cpu,separate_banks,openmarcie_bicycle__all__qwen3_4b,qwen3_4b,all,edge,room_rgbd1,"room_rgbd1_rgb,room_rgbd1_depth",96336,385344,0,394627,5948416,0.4005620012321742,0.4203080003208015,0.023210001018014736,170,2.136,10.0,9.066666666666667e-05
openmarcie_bicycle,cpu,separate_banks,openmarcie_bicycle__all__qwen3_4b,qwen3_4b,all,edge,spectrometer_gateway,spectrometer,11104,44416,0,49523,615424,0.2038610000454355,0.2225359998192289,0.012900000001536682,85,2.068,10.0,4.5333333333333335e-05
openmarcie_bicycle,cpu,separate_banks,openmarcie_bicycle__all__qwen3_4b,qwen3_4b,all,edge,temperature_gateway,temperature,7072,28288,0,33459,360064,0.19775100008700974,0.21499499944184208,0.01261000033991877,85,2.068,10.0,4.5333333333333335e-05
openmarcie_bicycle,cpu,separate_banks,openmarcie_bicycle__all__qwen3_4b,qwen3_4b,all,edge,thermal_gateway,thermal,44072,176288,0,181299,2712064,0.2283710000483552,0.23081000126694562,0.01221999991685152,85,2.068,10.0,4.5333333333333335e-05
openmarcie_bicycle,cpu,separate_banks,openmarcie_bicycle__all__qwen3_4b,qwen3_4b,all,core,core,,41656,166624,0,182090,8297792,0.7602839996252442,0.7699589996263967,0.1214399999298621,,,,
openmarcie_bicycle,cpu,separate_banks,openmarcie_bicycle__all__qwen3_4b,qwen3_4b,all,core,core_language,,4029108736,8071498752,256,,1416275451776,1572.10163200034,1585.8957826003461,1.6018679998524021,,,,
openmarcie_bicycle,cpu,fixed_resampling,openmarcie_bicycle__all__qwen3_4b,qwen3_4b,all,edge,audio0,audio0,355574,1422296,0,1427507,5591552,0.1847300009103492,0.19339789887453662,0.012489999789977446,85,2.068,10.0,4.5333333333333335e-05
openmarcie_bicycle,cpu,fixed_resampling,openmarcie_bicycle__all__qwen3_4b,qwen3_4b,all,edge,barometer_gateway,barometer,7072,28288,0,33459,358912,0.14604100033466239,0.15134110035432968,0.012250000509084202,85,2.068,10.0,4.5333333333333335e-05
openmarcie_bicycle,cpu,fixed_resampling,openmarcie_bicycle__all__qwen3_4b,qwen3_4b,all,edge,chest_lidar0,"chest_lidar0_rgb,chest_lidar0_depth",96336,385344,0,394627,3277824,0.2631509996717796,0.29906099971412914,0.024109998776111752,170,2.136,10.0,9.066666666666667e-05
openmarcie_bicycle,cpu,fixed_resampling,openmarcie_bicycle__all__qwen3_4b,qwen3_4b,all,edge,imu_gateway,imu,10474,41896,0,47027,543232,0.14192100024956744,0.166886999795679,0.012910000805277377,85,2.068,10.0,4.5333333333333335e-05
openmarcie_bicycle,cpu,fixed_resampling,openmarcie_bicycle__all__qwen3_4b,qwen3_4b,all,edge,magnetometer_gateway,magnetometer,8134,32536,0,37683,420352,0.1309099989157403,0.14490589946944965,0.015420000636368059,85,2.068,10.0,4.5333333333333335e-05
openmarcie_bicycle,cpu,fixed_resampling,openmarcie_bicycle__all__qwen3_4b,qwen3_4b,all,edge,room_rgbd0,"room_rgbd0_rgb,room_rgbd0_depth",96336,385344,0,394627,3277824,0.26289100060239434,0.27270190039416775,0.022810001610196196,170,2.136,10.0,9.066666666666667e-05
openmarcie_bicycle,cpu,fixed_resampling,openmarcie_bicycle__all__qwen3_4b,qwen3_4b,all,edge,room_rgbd1,"room_rgbd1_rgb,room_rgbd1_depth",96336,385344,0,394627,3277824,0.26973100102622993,0.27342099965608213,0.023049999072100036,170,2.136,10.0,9.066666666666667e-05
openmarcie_bicycle,cpu,fixed_resampling,openmarcie_bicycle__all__qwen3_4b,qwen3_4b,all,edge,spectrometer_gateway,spectrometer,11104,44416,0,49523,573952,0.14694999845232815,0.1506769003754016,0.012180000339867547,85,2.068,10.0,4.5333333333333335e-05
openmarcie_bicycle,cpu,fixed_resampling,openmarcie_bicycle__all__qwen3_4b,qwen3_4b,all,edge,temperature_gateway,temperature,7072,28288,0,33459,358912,0.13043100079812575,0.1429229996574577,0.012129999959142879,85,2.068,10.0,4.5333333333333335e-05
openmarcie_bicycle,cpu,fixed_resampling,openmarcie_bicycle__all__qwen3_4b,qwen3_4b,all,edge,thermal_gateway,thermal,44072,176288,0,181299,1638912,0.1419300006091362,0.1551789000586723,0.012250000509084202,85,2.068,10.0,4.5333333333333335e-05
openmarcie_bicycle,cpu,fixed_resampling,openmarcie_bicycle__all__qwen3_4b,qwen3_4b,all,core,core,,41656,166624,0,178542,8297792,0.7244230000651442,0.7514329005061882,0.11419099973863922,,,,
openmarcie_bicycle,cpu,fixed_resampling,openmarcie_bicycle__all__qwen3_4b,qwen3_4b,all,core,core_language,,4029108736,8071498752,256,,1416275451776,1572.10163200034,1585.8957826003461,1.6035169992392184,,,,
openmarcie_bicycle,cpu,finetune_encoders,openmarcie_bicycle__all__qwen3_4b,qwen3_4b,all,edge,audio0,audio0,355574,1422296,0,1427507,22598784,0.31527099963568617,0.33836590137070743,0.01278999843634665,85,2.068,10.0,4.5333333333333335e-05
openmarcie_bicycle,cpu,finetune_encoders,openmarcie_bicycle__all__qwen3_4b,qwen3_4b,all,edge,barometer_gateway,barometer,7072,28288,0,33459,360064,0.2114809994964162,0.23505199987994274,0.012579999747686088,85,2.068,10.0,4.5333333333333335e-05
openmarcie_bicycle,cpu,finetune_encoders,openmarcie_bicycle__all__qwen3_4b,qwen3_4b,all,edge,chest_lidar0,"chest_lidar0_rgb,chest_lidar0_depth",96336,385344,0,394627,5948416,0.4161420001764782,0.426123000215739,0.023220000002766028,170,2.136,10.0,9.066666666666667e-05
openmarcie_bicycle,cpu,finetune_encoders,openmarcie_bicycle__all__qwen3_4b,qwen3_4b,all,edge,imu_gateway,imu,10474,41896,0,47027,575488,0.21344099877751432,0.2435729993521818,0.012460001016734168,85,2.068,10.0,4.5333333333333335e-05
openmarcie_bicycle,cpu,finetune_encoders,openmarcie_bicycle__all__qwen3_4b,qwen3_4b,all,edge,magnetometer_gateway,magnetometer,8134,32536,0,37683,427264,0.19818100008706097,0.2133640007741633,0.01630000042496249,85,2.068,10.0,4.5333333333333335e-05
openmarcie_bicycle,cpu,finetune_encoders,openmarcie_bicycle__all__qwen3_4b,qwen3_4b,all,edge,room_rgbd0,"room_rgbd0_rgb,room_rgbd0_depth",96336,385344,0,394627,5948416,0.4178519993729424,0.5197949993089424,0.023270000383490697,170,2.136,10.0,9.066666666666667e-05
openmarcie_bicycle,cpu,finetune_encoders,openmarcie_bicycle__all__qwen3_4b,qwen3_4b,all,edge,room_rgbd1,"room_rgbd1_rgb,room_rgbd1_depth",96336,385344,0,394627,5948416,0.4088120003871154,0.4145089998928597,0.02294000114488881,170,2.136,10.0,9.066666666666667e-05
openmarcie_bicycle,cpu,finetune_encoders,openmarcie_bicycle__all__qwen3_4b,qwen3_4b,all,edge,spectrometer_gateway,spectrometer,11104,44416,0,49523,615424,0.19976099974883255,0.21646499990310986,0.012419999620760791,85,2.068,10.0,4.5333333333333335e-05
openmarcie_bicycle,cpu,finetune_encoders,openmarcie_bicycle__all__qwen3_4b,qwen3_4b,all,edge,temperature_gateway,temperature,7072,28288,0,33459,360064,0.2087700013362337,0.21181290067033842,0.012309999874560162,85,2.068,10.0,4.5333333333333335e-05
openmarcie_bicycle,cpu,finetune_encoders,openmarcie_bicycle__all__qwen3_4b,qwen3_4b,all,edge,thermal_gateway,thermal,44072,176288,0,181299,2712064,0.22043100034352392,0.2433539993944578,0.012369999240036123,85,2.068,10.0,4.5333333333333335e-05
openmarcie_bicycle,cpu,finetune_encoders,openmarcie_bicycle__all__qwen3_4b,qwen3_4b,all,core,core,,41656,166624,0,178542,8297792,0.722044000212918,0.7453711003108765,0.11780000022554304,,,,
openmarcie_bicycle,cpu,finetune_encoders,openmarcie_bicycle__all__qwen3_4b,qwen3_4b,all,core,core_language,,4029108736,8071498752,256,,1416275451776,1572.10163200034,1585.8957826003461,1.6034469990700018,,,,
openmarcie_bicycle,cpu,no_alignment,openmarcie_bicycle__all__qwen3_4b,qwen3_4b,all,edge,audio0,audio0,355574,1422296,0,1427507,22598784,0.31465099891647696,0.3233900006307522,0.012500000593718141,85,2.068,10.0,4.5333333333333335e-05
openmarcie_bicycle,cpu,no_alignment,openmarcie_bicycle__all__qwen3_4b,qwen3_4b,all,edge,barometer_gateway,barometer,7072,28288,0,33459,360064,0.20191099974908866,0.21645499982696492,0.01227999928232748,85,2.068,10.0,4.5333333333333335e-05
openmarcie_bicycle,cpu,no_alignment,openmarcie_bicycle__all__qwen3_4b,qwen3_4b,all,edge,chest_lidar0,"chest_lidar0_rgb,chest_lidar0_depth",96336,385344,0,394627,5948416,0.41026200051419437,0.5084618995169876,0.022820000594947487,170,2.136,10.0,9.066666666666667e-05
openmarcie_bicycle,cpu,no_alignment,openmarcie_bicycle__all__qwen3_4b,qwen3_4b,all,edge,imu_gateway,imu,10474,41896,0,47027,575488,0.21034099881944712,0.22473199969681446,0.012180000339867547,85,2.068,10.0,4.5333333333333335e-05
openmarcie_bicycle,cpu,no_alignment,openmarcie_bicycle__all__qwen3_4b,qwen3_4b,all,edge,magnetometer_gateway,magnetometer,8134,32536,0,37683,427264,0.21045100038463715,0.2134839985956205,0.012059999789926223,85,2.068,10.0,4.5333333333333335e-05
openmarcie_bicycle,cpu,no_alignment,openmarcie_bicycle__all__qwen3_4b,qwen3_4b,all,edge,room_rgbd0,"room_rgbd0_rgb,room_rgbd0_depth",96336,385344,0,394627,5948416,0.40965199877973646,0.41619500079832505,0.023010001314105466,170,2.136,10.0,9.066666666666667e-05
openmarcie_bicycle,cpu,no_alignment,openmarcie_bicycle__all__qwen3_4b,qwen3_4b,all,edge,room_rgbd1,"room_rgbd1_rgb,room_rgbd1_depth",96336,385344,0,394627,5948416,0.4055619992868742,0.4281160014215857,0.022509999325848185,170,2.136,10.0,9.066666666666667e-05
openmarcie_bicycle,cpu,no_alignment,openmarcie_bicycle__all__qwen3_4b,qwen3_4b,all,edge,spectrometer_gateway,spectrometer,11104,44416,0,49523,615424,0.20584100093401503,0.23944699914864032,0.012110000170650892,85,2.068,10.0,4.5333333333333335e-05
openmarcie_bicycle,cpu,no_alignment,openmarcie_bicycle__all__qwen3_4b,qwen3_4b,all,edge,temperature_gateway,temperature,7072,28288,0,33459,360064,0.19669100038299803,0.21085699954710435,0.012009999409201555,85,2.068,10.0,4.5333333333333335e-05
openmarcie_bicycle,cpu,no_alignment,openmarcie_bicycle__all__qwen3_4b,qwen3_4b,all,edge,thermal_gateway,thermal,44072,176288,0,181299,2712064,0.2314909997949144,0.23217499910970218,0.012159998732386157,85,2.068,10.0,4.5333333333333335e-05
openmarcie_bicycle,cpu,no_alignment,openmarcie_bicycle__all__qwen3_4b,qwen3_4b,all,core,core,,41656,166624,0,178542,8297792,0.7403629988402827,0.7544390005932655,0.11294999967503827,,,,
openmarcie_bicycle,cpu,no_alignment,openmarcie_bicycle__all__qwen3_4b,qwen3_4b,all,core,core_language,,4029108736,8071498752,256,,1416275451776,1572.10163200034,1585.8957826003461,1.601267998921685,,,,
openmarcie_bicycle,cpu,no_usage,openmarcie_bicycle__all__qwen3_4b,qwen3_4b,all,edge,audio0,audio0,355574,1422296,0,1427507,22598784,0.33924199851753656,0.3588710012991214,0.012450000212993473,85,2.068,10.0,4.5333333333333335e-05
openmarcie_bicycle,cpu,no_usage,openmarcie_bicycle__all__qwen3_4b,qwen3_4b,all,edge,barometer_gateway,barometer,7072,28288,0,33459,360064,0.2226310007245047,0.23760700114507927,0.012250000509084202,85,2.068,10.0,4.5333333333333335e-05
openmarcie_bicycle,cpu,no_usage,openmarcie_bicycle__all__qwen3_4b,qwen3_4b,all,edge,chest_lidar0,"chest_lidar0_rgb,chest_lidar0_depth",96336,385344,0,394627,5948416,0.458472000900656,0.4975598996679764,0.023210999643197283,170,2.136,10.0,9.066666666666667e-05
openmarcie_bicycle,cpu,no_usage,openmarcie_bicycle__all__qwen3_4b,qwen3_4b,all,edge,imu_gateway,imu,10474,41896,0,47027,575488,0.22213099873624742,0.23791699877619976,0.012280001101316884,85,2.068,10.0,4.5333333333333335e-05
openmarcie_bicycle,cpu,no_usage,openmarcie_bicycle__all__qwen3_4b,qwen3_4b,all,edge,magnetometer_gateway,magnetometer,8134,32536,0,37683,427264,0.22350099970935844,0.2278669006045675,0.012059999789926223,85,2.068,10.0,4.5333333333333335e-05
openmarcie_bicycle,cpu,no_usage,openmarcie_bicycle__all__qwen3_4b,qwen3_4b,all,edge,room_rgbd0,"room_rgbd0_rgb,room_rgbd0_depth",96336,385344,0,394627,5948416,0.46974299948487896,0.5624060997433844,0.022619999072048813,170,2.136,10.0,9.066666666666667e-05
openmarcie_bicycle,cpu,no_usage,openmarcie_bicycle__all__qwen3_4b,qwen3_4b,all,edge,room_rgbd1,"room_rgbd1_rgb,room_rgbd1_depth",96336,385344,0,394627,5948416,0.4105910011276137,0.4329929011873901,0.023279999368241988,170,2.136,10.0,9.066666666666667e-05
openmarcie_bicycle,cpu,no_usage,openmarcie_bicycle__all__qwen3_4b,qwen3_4b,all,edge,spectrometer_gateway,spectrometer,11104,44416,0,49523,615424,0.21585099966614507,0.22396090025722515,0.012210000932100229,85,2.068,10.0,4.5333333333333335e-05
openmarcie_bicycle,cpu,no_usage,openmarcie_bicycle__all__qwen3_4b,qwen3_4b,all,edge,temperature_gateway,temperature,7072,28288,0,33459,360064,0.21863099937036168,0.2847180003300309,0.012170001355116256,85,2.068,10.0,4.5333333333333335e-05
openmarcie_bicycle,cpu,no_usage,openmarcie_bicycle__all__qwen3_4b,qwen3_4b,all,edge,thermal_gateway,thermal,44072,176288,0,181299,2712064,0.22345099932863377,0.2305168995007989,0.012059999789926223,85,2.068,10.0,4.5333333333333335e-05
openmarcie_bicycle,cpu,no_usage,openmarcie_bicycle__all__qwen3_4b,qwen3_4b,all,core,core,,41656,166624,0,178542,8297792,0.7179830008681165,0.7481518998247338,0.11452999933680985,,,,
openmarcie_bicycle,cpu,no_usage,openmarcie_bicycle__all__qwen3_4b,qwen3_4b,all,core,core_language,,4029108736,8071498752,256,,1416275451776,1572.10163200034,1585.8957826003461,1.6088580014184117,,,,
openmarcie_bicycle,cpu,tcn,openmarcie_bicycle__all__qwen3_4b,qwen3_4b,all,edge,audio0,audio0,0,0,0,0,0,0.0005499987310031429,0.0008289998731925152,0.03429000025789719,390484,314.3872,10.0,0.20825813333333335
openmarcie_bicycle,cpu,tcn,openmarcie_bicycle__all__qwen3_4b,qwen3_4b,all,edge,barometer_gateway,barometer,0,0,0,0,0,0.0004900011845165864,0.0005889993190066889,0.008320001143147238,524,2.4192,10.0,0.00027946666666666667
openmarcie_bicycle,cpu,tcn,openmarcie_bicycle__all__qwen3_4b,qwen3_4b,all,edge,chest_lidar0,"chest_lidar0_rgb,chest_lidar0_depth",0,0,0,0,0,0.0005400015652412549,0.0007470001946785487,0.019389999579288997,25304,22.2432,10.0,0.013495466666666667
openmarcie_bicycle,cpu,tcn,openmarcie_bicycle__all__qwen3_4b,qwen3_4b,all,edge,imu_gateway,imu,0,0,0,0,0,0.00044999978854320943,0.0005760000931331888,0.011539999832166359,16164,14.9312,10.0,0.0086208
openmarcie_bicycle,cpu,tcn,openmarcie_bicycle__all__qwen3_4b,qwen3_4b,all,edge,magnetometer_gateway,magnetometer,0,0,0,0,0,0.00048000038077589124,0.000579000152356457,0.008189999789465219,1244,2.9952,10.0,0.0006634666666666667
openmarcie_bicycle,cpu,tcn,openmarcie_bicycle__all__qwen3_4b,qwen3_4b,all,edge,room_rgbd0,"room_rgbd0_rgb,room_rgbd0_depth",0,0,0,0,0,0.000559999534743838,0.0007579990779049695,0.018290000298293307,25304,22.2432,10.0,0.013495466666666667
openmarcie_bicycle,cpu,tcn,openmarcie_bicycle__all__qwen3_4b,qwen3_4b,all,edge,room_rgbd1,"room_rgbd1_rgb,room_rgbd1_depth",0,0,0,0,0,0.0005100009730085731,0.0006089991074986756,0.019180000890628435,25304,22.2432,10.0,0.013495466666666667
openmarcie_bicycle,cpu,tcn,openmarcie_bicycle__all__qwen3_4b,qwen3_4b,all,edge,spectrometer_gateway,spectrometer,0,0,0,0,0,0.00044000080379191786,0.00051200004236307,0.008430000889347866,3100,4.48,10.0,0.0016533333333333333
openmarcie_bicycle,cpu,tcn,openmarcie_bicycle__all__qwen3_4b,qwen3_4b,all,edge,temperature_gateway,temperature,0,0,0,0,0,0.00043000000005122274,0.0005470012183650397,0.008200000593205914,524,2.4192,10.0,0.00027946666666666667
openmarcie_bicycle,cpu,tcn,openmarcie_bicycle__all__qwen3_4b,qwen3_4b,all,edge,thermal_gateway,thermal,0,0,0,0,0,0.0004699995770351961,0.00048799938667798415,0.009589999535819516,15804,14.6432,10.0,0.0084288
openmarcie_bicycle,cpu,tcn,openmarcie_bicycle__all__qwen3_4b,qwen3_4b,all,core,core,,473262,1893048,0,1915845,30024896,1.7598189988348167,1.867081000636972,0.10620099965308327,,,,
openmarcie_bicycle,cpu,tcn,openmarcie_bicycle__all__qwen3_4b,qwen3_4b,all,core,core_language,,4029108736,8071498752,256,,879254846336,1428.7239590012177,1432.389331399827,0.7344539990299381,,,,
openmarcie_bicycle,cpu,ts_transformer,openmarcie_bicycle__all__qwen3_4b,qwen3_4b,all,edge,audio0,audio0,0,0,0,0,0,0.00046000059228390455,0.0007660006303922273,0.03459999970800709,390484,314.3872,10.0,0.20825813333333335
openmarcie_bicycle,cpu,ts_transformer,openmarcie_bicycle__all__qwen3_4b,qwen3_4b,all,edge,barometer_gateway,barometer,0,0,0,0,0,0.00044999978854320943,0.0005490011972142383,0.008269998943433166,524,2.4192,10.0,0.00027946666666666667
openmarcie_bicycle,cpu,ts_transformer,openmarcie_bicycle__all__qwen3_4b,qwen3_4b,all,edge,chest_lidar0,"chest_lidar0_rgb,chest_lidar0_depth",0,0,0,0,0,0.0006499994924524799,0.000703998921380844,0.018369999452261254,25304,22.2432,10.0,0.013495466666666667
openmarcie_bicycle,cpu,ts_transformer,openmarcie_bicycle__all__qwen3_4b,qwen3_4b,all,edge,imu_gateway,imu,0,0,0,0,0,0.00041000021155923605,0.0005269997927825898,0.01173999953607563,16164,14.9312,10.0,0.0086208
openmarcie_bicycle,cpu,ts_transformer,openmarcie_bicycle__all__qwen3_4b,qwen3_4b,all,edge,magnetometer_gateway,magnetometer,0,0,0,0,0,0.00048000038077589124,0.0005519996193470433,0.008409999281866476,1244,2.9952,10.0,0.0006634666666666667
openmarcie_bicycle,cpu,ts_transformer,openmarcie_bicycle__all__qwen3_4b,qwen3_4b,all,edge,room_rgbd0,"room_rgbd0_rgb,room_rgbd0_depth",0,0,0,0,0,0.000559999534743838,0.000713000372343231,0.018160000763600692,25304,22.2432,10.0,0.013495466666666667
openmarcie_bicycle,cpu,ts_transformer,openmarcie_bicycle__all__qwen3_4b,qwen3_4b,all,edge,room_rgbd1,"room_rgbd1_rgb,room_rgbd1_depth",0,0,0,0,0,0.0005099991540191695,0.0006270003723329864,0.018149999959859997,25304,22.2432,10.0,0.013495466666666667
openmarcie_bicycle,cpu,ts_transformer,openmarcie_bicycle__all__qwen3_4b,qwen3_4b,all,edge,spectrometer_gateway,spectrometer,0,0,0,0,0,0.00041000021155923605,0.0005180007065064274,0.008560000424040481,3100,4.48,10.0,0.0016533333333333333
openmarcie_bicycle,cpu,ts_transformer,openmarcie_bicycle__all__qwen3_4b,qwen3_4b,all,edge,temperature_gateway,temperature,0,0,0,0,0,0.00039999940781854093,0.0004810010068467818,0.00802000067778863,524,2.4192,10.0,0.00027946666666666667
openmarcie_bicycle,cpu,ts_transformer,openmarcie_bicycle__all__qwen3_4b,qwen3_4b,all,edge,thermal_gateway,thermal,0,0,0,0,0,0.00039999940781854093,0.0005079999027657323,0.0096909989224514,15804,14.6432,10.0,0.0084288
openmarcie_bicycle,cpu,ts_transformer,openmarcie_bicycle__all__qwen3_4b,qwen3_4b,all,core,core,,486126,1944504,0,1970913,31073472,1.789128000382334,1.7904419995829812,0.10201000077358913,,,,
openmarcie_bicycle,cpu,ts_transformer,openmarcie_bicycle__all__qwen3_4b,qwen3_4b,all,core,core_language,,4029108736,8071498752,256,,879254846336,1428.7239590012177,1432.389331399827,0.7400529993901728,,,,
openmarcie_bicycle,cpu,patchtst,openmarcie_bicycle__all__qwen3_4b,qwen3_4b,all,edge,audio0,audio0,0,0,0,0,0,0.00044999978854320943,0.0007110011210897937,0.034020000384771265,390484,314.3872,10.0,0.20825813333333335
openmarcie_bicycle,cpu,patchtst,openmarcie_bicycle__all__qwen3_4b,qwen3_4b,all,edge,barometer_gateway,barometer,0,0,0,0,0,0.0005199999577598646,0.0006730007953592576,0.008280001566163264,524,2.4192,10.0,0.00027946666666666667
openmarcie_bicycle,cpu,patchtst,openmarcie_bicycle__all__qwen3_4b,qwen3_4b,all,edge,chest_lidar0,"chest_lidar0_rgb,chest_lidar0_depth",0,0,0,0,0,0.0005700003384845331,0.0006960006430745125,0.018401000488665886,25304,22.2432,10.0,0.013495466666666667
openmarcie_bicycle,cpu,patchtst,openmarcie_bicycle__all__qwen3_4b,qwen3_4b,all,edge,imu_gateway,imu,0,0,0,0,0,0.0004699995770351961,0.0006139996912679635,0.010609999662847258,16164,14.9312,10.0,0.0086208
openmarcie_bicycle,cpu,patchtst,openmarcie_bicycle__all__qwen3_4b,qwen3_4b,all,edge,magnetometer_gateway,magnetometer,0,0,0,0,0,0.00044999978854320943,0.0005489995601237752,0.008439999874099158,1244,2.9952,10.0,0.0006634666666666667
openmarcie_bicycle,cpu,patchtst,openmarcie_bicycle__all__qwen3_4b,qwen3_4b,all,edge,room_rgbd0,"room_rgbd0_rgb,room_rgbd0_depth",0,0,0,0,0,0.0005500005499925464,0.0006579994078492746,0.01826000152505003,25304,22.2432,10.0,0.013495466666666667
openmarcie_bicycle,cpu,patchtst,openmarcie_bicycle__all__qwen3_4b,qwen3_4b,all,edge,room_rgbd1,"room_rgbd1_rgb,room_rgbd1_depth",0,0,0,0,0,0.0005000001692678779,0.0005989999408484437,0.01804000021365937,25304,22.2432,10.0,0.013495466666666667
openmarcie_bicycle,cpu,patchtst,openmarcie_bicycle__all__qwen3_4b,qwen3_4b,all,edge,spectrometer_gateway,spectrometer,0,0,0,0,0,0.0004399989848025143,0.000502999137097504,0.008630000593257137,3100,4.48,10.0,0.0016533333333333333
openmarcie_bicycle,cpu,patchtst,openmarcie_bicycle__all__qwen3_4b,qwen3_4b,all,edge,temperature_gateway,temperature,0,0,0,0,0,0.0004099983925698325,0.0005089998012408614,0.008209999577957205,524,2.4192,10.0,0.00027946666666666667
openmarcie_bicycle,cpu,patchtst,openmarcie_bicycle__all__qwen3_4b,qwen3_4b,all,edge,thermal_gateway,thermal,0,0,0,0,0,0.00039000042306724936,0.0005070000042906031,0.009510000381851569,15804,14.6432,10.0,0.0084288
openmarcie_bicycle,cpu,patchtst,openmarcie_bicycle__all__qwen3_4b,qwen3_4b,all,core,core,,438926,1755704,0,1782113,555664320,4.303710000385763,4.413771899999119,0.10237999958917499,,,,
openmarcie_bicycle,cpu,patchtst,openmarcie_bicycle__all__qwen3_4b,qwen3_4b,all,core,core_language,,4029108736,8071498752,256,,694219681536,1386.5001419999317,1391.2207994997516,0.5714919989259215,,,,
openmarcie_bicycle,cpu,distrixsense,openmarcie_bicycle__only_audio__qwen3_4b,qwen3_4b,only_audio,edge,audio0,audio0,355574,1422296,0,1427507,22598784,0.31523199868388474,0.3280560993516701,0.012489999789977446,81,2.0648,10.0,4.32e-05
openmarcie_bicycle,cpu,distrixsense,openmarcie_bicycle__only_audio__qwen3_4b,qwen3_4b,only_audio,core,core,,28600,114400,0,126318,488000,0.24012100038817152,0.2671840014954796,0.009919998774421401,,,,
openmarcie_bicycle,cpu,distrixsense,openmarcie_bicycle__only_audio__qwen3_4b,qwen3_4b,only_audio,core,core_language,,4029108736,8071498752,256,,524957000576,1350.7986749991687,1368.5392131001208,0.4242020004312508,,,,
openmarcie_bicycle,cpu,dense,openmarcie_bicycle__only_audio__qwen3_4b,qwen3_4b,only_audio,edge,audio0,audio0,352142,1408568,0,1411853,22467200,0.2535209987399867,0.2599109999209759,0.00886999987415038,4324,5.4592,10.0,0.0023061333333333333
openmarcie_bicycle,cpu,dense,openmarcie_bicycle__only_audio__qwen3_4b,qwen3_4b,only_audio,core,core,,27576,110304,0,121905,1997888,0.22007099869369995,0.24763799938227748,0.006270000085351057,,,,
openmarcie_bicycle,cpu,dense,openmarcie_bicycle__only_audio__qwen3_4b,qwen3_4b,only_audio,core,core_language,,4029108736,8071498752,256,,701925437312,1383.517098000084,1384.5212963984523,0.7109730013326043,,,,
openmarcie_bicycle,cpu,dense_tokens,openmarcie_bicycle__only_audio__qwen3_4b,qwen3_4b,only_audio,edge,audio0,audio0,354518,1418072,0,1422777,22582400,0.3024620000360301,0.31444009982806165,0.00816000101622194,1100,2.88,10.0,0.0005866666666666667
openmarcie_bicycle,cpu,dense_tokens,openmarcie_bicycle__only_audio__qwen3_4b,qwen3_4b,only_audio,core,core,,27576,110304,0,121905,488000,0.19872099983331282,0.22156300055939937,0.008409999281866476,,,,
openmarcie_bicycle,cpu,dense_tokens,openmarcie_bicycle__only_audio__qwen3_4b,qwen3_4b,only_audio,core,core_language,,4029108736,8071498752,256,,524957000576,1350.7986749991687,1368.5392131001208,0.4164519996265881,,,,
openmarcie_bicycle,cpu,raw,openmarcie_bicycle__only_audio__qwen3_4b,qwen3_4b,only_audio,edge,audio0,audio0,0,0,0,0,0,0.0005000001692678779,0.0008150009307428263,0.029041000743745826,390484,314.3872,10.0,0.20825813333333335
openmarcie_bicycle,cpu,raw,openmarcie_bicycle__only_audio__qwen3_4b,qwen3_4b,only_audio,core,core,,379718,1518872,0,1533081,24465088,0.5323330005921889,0.5582341012996039,0.023829999918234535,,,,
openmarcie_bicycle,cpu,raw,openmarcie_bicycle__only_audio__qwen3_4b,qwen3_4b,only_audio,core,core_language,,4029108736,8071498752,256,,701925437312,1383.517098000084,1384.5212963984523,0.7047529998089885,,,,
openmarcie_bicycle,cpu,early_fusion,openmarcie_bicycle__only_audio__qwen3_4b,qwen3_4b,only_audio,edge,audio0,audio0,0,0,0,0,0,0.0004899993655271828,0.0007510006980737671,0.031229999876813963,390484,314.3872,10.0,0.20825813333333335
openmarcie_bicycle,cpu,early_fusion,openmarcie_bicycle__only_audio__qwen3_4b,qwen3_4b,only_audio,core,core,,310854,1243416,0,1256991,20059840,0.5207829999562819,0.538161099939316,0.02350000067963265,,,,
openmarcie_bicycle,cpu,early_fusion,openmarcie_bicycle__only_audio__qwen3_4b,qwen3_4b,only_audio,core,core_language,,4029108736,8071498752,256,,701925437312,1383.517098000084,1384.5212963984523,0.7223840002552606,,,,
openmarcie_bicycle,cpu,late_fusion,openmarcie_bicycle__only_audio__qwen3_4b,qwen3_4b,only_audio,edge,audio0,audio0,352538,1410152,0,1413765,22467968,0.2747510006884113,0.28649600008066045,0.008249999154941179,96,2.0768,10.0,5.12e-05
openmarcie_bicycle,cpu,late_fusion,openmarcie_bicycle__only_audio__qwen3_4b,qwen3_4b,only_audio,core,core,,0,0,0,0,0,0.02291000055265613,0.03039799994439818,0.005949999831500463,,,,
openmarcie_bicycle,cpu,late_fusion,openmarcie_bicycle__only_audio__qwen3_4b,qwen3_4b,only_audio,core,core_language,,4022468096,8044936192,256,,591014930432,1363.9552559998265,1364.4799317013167,0.16969100033747964,,,,
openmarcie_bicycle,cpu,local_only,openmarcie_bicycle__only_audio__qwen3_4b,qwen3_4b,only_audio,edge,audio0,audio0,352538,1410152,0,1413765,22467968,0.2683509992493782,0.28622500012716046,0.008229999366449192,52,2.0416,10.0,2.7733333333333334e-05
openmarcie_bicycle,cpu,local_only,openmarcie_bicycle__only_audio__qwen3_4b,qwen3_4b,only_audio,core,core,,0,0,0,0,0,0.028000000384054147,0.03583000107028056,0.005920001058257185,,,,
openmarcie_bicycle,cpu,local_only,openmarcie_bicycle__only_audio__qwen3_4b,qwen3_4b,only_audio,core,core_language,,4022468096,8044936192,256,,591014930432,1363.9552559998265,1364.4799317013167,0.17028100046445616,,,,
openmarcie_bicycle,cpu,bottleneck,openmarcie_bicycle__only_audio__qwen3_4b,qwen3_4b,only_audio,edge,audio0,audio0,352274,1409096,0,1412741,22475392,0.26665200130082667,0.2839850993041182,0.008609998985775746,684,2.5472,10.0,0.0003648
openmarcie_bicycle,cpu,bottleneck,openmarcie_bicycle__only_audio__qwen3_4b,qwen3_4b,only_audio,core,core,,27736,110944,0,123115,2006080,0.22087100114731584,0.24206600046454696,0.006350999683490954,,,,
openmarcie_bicycle,cpu,bottleneck,openmarcie_bicycle__only_audio__qwen3_4b,qwen3_4b,only_audio,core,core_language,,4029108736,8071498752,256,,701925437312,1383.517098000084,1384.5212963984523,0.701363998814486,,,,
openmarcie_bicycle,cpu,tokenlearner,openmarcie_bicycle__only_audio__qwen3_4b,qwen3_4b,only_audio,edge,audio0,audio0,353462,1413848,0,1418047,22566016,0.30209100077627227,0.3098409002632252,0.008459999662591144,1100,2.88,10.0,0.0005866666666666667
openmarcie_bicycle,cpu,tokenlearner,openmarcie_bicycle__only_audio__qwen3_4b,qwen3_4b,only_audio,core,core,,27576,110304,0,121905,488000,0.20155000129307155,0.22230580034374725,0.006350001058308408,,,,
openmarcie_bicycle,cpu,tokenlearner,openmarcie_bicycle__only_audio__qwen3_4b,qwen3_4b,only_audio,core,core_language,,4029108736,8071498752,256,,524957000576,1350.7986749991687,1368.5392131001208,0.41000199962581974,,,,
openmarcie_bicycle,cpu,posthoc_vq,openmarcie_bicycle__only_audio__qwen3_4b,qwen3_4b,only_audio,edge,audio0,audio0,353166,1412664,0,1416137,22532736,0.33726200126693584,0.3630010987762944,0.012910000805277377,192,2.1536,10.0,0.0001024
openmarcie_bicycle,cpu,posthoc_vq,openmarcie_bicycle__only_audio__qwen3_4b,qwen3_4b,only_audio,core,core,,28600,114400,0,126318,1997888,0.25078099861275405,0.27599090008152416,0.010220999683951959,,,,
openmarcie_bicycle,cpu,posthoc_vq,openmarcie_bicycle__only_audio__qwen3_4b,qwen3_4b,only_audio,core,core_language,,4029108736,8071498752,256,,701925437312,1383.517098000084,1384.5212963984523,0.6980529997235863,,,,
openmarcie_bicycle,cpu,joint_vq,openmarcie_bicycle__only_audio__qwen3_4b,qwen3_4b,only_audio,edge,audio0,audio0,355542,1422168,0,1427126,22598784,0.38108099943201523,0.3867788993375143,0.012249998690094799,81,2.0648,10.0,4.32e-05
openmarcie_bicycle,cpu,joint_vq,openmarcie_bicycle__only_audio__qwen3_4b,qwen3_4b,only_audio,core,core,,28600,114400,0,126318,488000,0.22879099924466573,0.25530589919071645,0.009859999408945441,,,,
openmarcie_bicycle,cpu,joint_vq,openmarcie_bicycle__only_audio__qwen3_4b,qwen3_4b,only_audio,core,core_language,,4029108736,8071498752,256,,524957000576,1350.7986749991687,1368.5392131001208,0.41715200131875463,,,,
openmarcie_bicycle,cpu,deepconvlstm,openmarcie_bicycle__only_audio__qwen3_4b,qwen3_4b,only_audio,edge,audio0,audio0,0,0,0,0,0,0.0004699995770351961,0.0007670005288673565,0.029460001314873807,390484,314.3872,10.0,0.20825813333333335
openmarcie_bicycle,cpu,deepconvlstm,openmarcie_bicycle__only_audio__qwen3_4b,qwen3_4b,only_audio,core,core,,381786,1527144,0,1533985,24302976,0.42674200085457414,0.4552188996967743,0.023579999833600596,,,,
openmarcie_bicycle,cpu,deepconvlstm,openmarcie_bicycle__only_audio__qwen3_4b,qwen3_4b,only_audio,core,core_language,,4029108736,8071498752,256,,701925437312,1383.517098000084,1384.5212963984523,0.7018029991741059,,,,
openmarcie_bicycle,cpu,unrestricted_bank,openmarcie_bicycle__only_audio__qwen3_4b,qwen3_4b,only_audio,edge,audio0,audio0,355574,1422296,0,1427507,22598784,0.3132309993816307,0.3233029005059507,0.012349999451544136,81,2.0648,10.0,4.32e-05
openmarcie_bicycle,cpu,unrestricted_bank,openmarcie_bicycle__only_audio__qwen3_4b,qwen3_4b,only_audio,core,core,,28600,114400,0,126318,488000,0.2183010001317598,0.23035199956211727,0.010080000720336102,,,,
openmarcie_bicycle,cpu,unrestricted_bank,openmarcie_bicycle__only_audio__qwen3_4b,qwen3_4b,only_audio,core,core_language,,4029108736,8071498752,256,,524957000576,1350.7986749991687,1368.5392131001208,0.40951200026029255,,,,
openmarcie_bicycle,cpu,separate_banks,openmarcie_bicycle__only_audio__qwen3_4b,qwen3_4b,only_audio,edge,audio0,audio0,355574,1422296,0,1427507,22598784,0.3066120007133577,0.32460210077260854,0.012819999028579332,81,2.0648,10.0,4.32e-05
openmarcie_bicycle,cpu,separate_banks,openmarcie_bicycle__only_audio__qwen3_4b,qwen3_4b,only_audio,core,core,,28600,114400,0,126318,488000,0.24010100059967954,0.2656349002791103,0.009800000043469481,,,,
openmarcie_bicycle,cpu,separate_banks,openmarcie_bicycle__only_audio__qwen3_4b,qwen3_4b,only_audio,core,core_language,,4029108736,8071498752,256,,524957000576,1350.7986749991687,1368.5392131001208,0.41045199941436294,,,,
openmarcie_bicycle,cpu,fixed_resampling,openmarcie_bicycle__only_audio__qwen3_4b,qwen3_4b,only_audio,edge,audio0,audio0,355574,1422296,0,1427507,5591552,0.18476100012776442,0.19069199879595544,0.012509999578469433,81,2.0648,10.0,4.32e-05
openmarcie_bicycle,cpu,fixed_resampling,openmarcie_bicycle__only_audio__qwen3_4b,qwen3_4b,only_audio,core,core,,28600,114400,0,126318,488000,0.23665099979552906,0.26289500056009274,0.010120000297320075,,,,
openmarcie_bicycle,cpu,fixed_resampling,openmarcie_bicycle__only_audio__qwen3_4b,qwen3_4b,only_audio,core,core_language,,4029108736,8071498752,256,,524957000576,1350.7986749991687,1368.5392131001208,0.42071200005011633,,,,
openmarcie_bicycle,cpu,finetune_encoders,openmarcie_bicycle__only_audio__qwen3_4b,qwen3_4b,only_audio,edge,audio0,audio0,355574,1422296,0,1427507,22598784,0.3141310007777065,0.32015200013120193,0.012230999345774762,81,2.0648,10.0,4.32e-05
openmarcie_bicycle,cpu,finetune_encoders,openmarcie_bicycle__only_audio__qwen3_4b,qwen3_4b,only_audio,core,core,,28600,114400,0,126318,488000,0.23249100013345014,0.25456799994572066,0.009800000043469481,,,,
openmarcie_bicycle,cpu,finetune_encoders,openmarcie_bicycle__only_audio__qwen3_4b,qwen3_4b,only_audio,core,core_language,,4029108736,8071498752,256,,524957000576,1350.7986749991687,1368.5392131001208,0.40421199992124457,,,,
openmarcie_bicycle,cpu,no_alignment,openmarcie_bicycle__only_audio__qwen3_4b,qwen3_4b,only_audio,edge,audio0,audio0,355574,1422296,0,1427507,22598784,0.3101109996350715,0.32034490068326704,0.012570000762934797,81,2.0648,10.0,4.32e-05
openmarcie_bicycle,cpu,no_alignment,openmarcie_bicycle__only_audio__qwen3_4b,qwen3_4b,only_audio,core,core,,28600,114400,0,126318,488000,0.2366110002185451,0.2526040005250252,0.009819999831961468,,,,
openmarcie_bicycle,cpu,no_alignment,openmarcie_bicycle__only_audio__qwen3_4b,qwen3_4b,only_audio,core,core_language,,4029108736,8071498752,256,,524957000576,1350.7986749991687,1368.5392131001208,0.41618199975346215,,,,
openmarcie_bicycle,cpu,no_usage,openmarcie_bicycle__only_audio__qwen3_4b,qwen3_4b,only_audio,edge,audio0,audio0,355574,1422296,0,1427507,22598784,0.3031720007129479,0.32648109936417313,0.012630000128410757,81,2.0648,10.0,4.32e-05
openmarcie_bicycle,cpu,no_usage,openmarcie_bicycle__only_audio__qwen3_4b,qwen3_4b,only_audio,core,core,,28600,114400,0,126318,488000,0.23684100051468704,0.26173589958489174,0.010120000297320075,,,,
openmarcie_bicycle,cpu,no_usage,openmarcie_bicycle__only_audio__qwen3_4b,qwen3_4b,only_audio,core,core_language,,4029108736,8071498752,256,,524957000576,1350.7986749991687,1368.5392131001208,0.40313200042874087,,,,
openmarcie_bicycle,cpu,tcn,openmarcie_bicycle__only_audio__qwen3_4b,qwen3_4b,only_audio,edge,audio0,audio0,0,0,0,0,0,0.00044999978854320943,0.0008010001693037339,0.030870000045979396,390484,314.3872,10.0,0.20825813333333335
openmarcie_bicycle,cpu,tcn,openmarcie_bicycle__only_audio__qwen3_4b,qwen3_4b,only_audio,core,core,,296742,1186968,0,1195285,18873792,0.4370120004750788,0.45507500017265556,0.023320000764215365,,,,
openmarcie_bicycle,cpu,tcn,openmarcie_bicycle__only_audio__qwen3_4b,qwen3_4b,only_audio,core,core_language,,4029108736,8071498752,256,,701925437312,1383.517098000084,1384.5212963984523,0.6871929999761051,,,,
openmarcie_bicycle,cpu,ts_transformer,openmarcie_bicycle__only_audio__qwen3_4b,qwen3_4b,only_audio,edge,audio0,audio0,0,0,0,0,0,0.00046000059228390455,0.0008200000593205914,0.029930000891909003,390484,314.3872,10.0,0.20825813333333335
openmarcie_bicycle,cpu,ts_transformer,openmarcie_bicycle__only_audio__qwen3_4b,qwen3_4b,only_audio,core,core,,309606,1238424,0,1250225,19922368,0.48959299965645187,0.49333609895256814,0.024319999283761717,,,,
openmarcie_bicycle,cpu,ts_transformer,openmarcie_bicycle__only_audio__qwen3_4b,qwen3_4b,only_audio,core,core_language,,4029108736,8071498752,256,,701925437312,1383.517098000084,1384.5212963984523,0.6926330006535864,,,,
openmarcie_bicycle,cpu,patchtst,openmarcie_bicycle__only_audio__qwen3_4b,qwen3_4b,only_audio,edge,audio0,audio0,0,0,0,0,0,0.0005399997462518513,0.0008459997843601741,0.030699999115313403,390484,314.3872,10.0,0.20825813333333335
openmarcie_bicycle,cpu,patchtst,openmarcie_bicycle__only_audio__qwen3_4b,qwen3_4b,only_audio,core,core,,293382,1173528,0,1185265,202152128,1.3882359999115579,1.4159839007334085,0.02398000106040854,,,,
openmarcie_bicycle,cpu,patchtst,openmarcie_bicycle__only_audio__qwen3_4b,qwen3_4b,only_audio,core,core_language,,4029108736,8071498752,256,,517598061312,1352.7679889994033,1353.2538566987569,0.42546199983917177,,,,
openmarcie_bicycle,cpu,distrixsense,openmarcie_bicycle__only_barometer__qwen3_4b,qwen3_4b,only_barometer,edge,barometer_gateway,barometer,7072,28288,0,33459,360064,0.20721100008813664,0.22292499925242737,0.012909998986287974,81,2.0648,10.0,4.32e-05
openmarcie_bicycle,cpu,distrixsense,openmarcie_bicycle__only_barometer__qwen3_4b,qwen3_4b,only_barometer,core,core,,28600,114400,0,126318,488000,0.2398509986960562,0.26241399991704384,0.01044000055117067,,,,
openmarcie_bicycle,cpu,distrixsense,openmarcie_bicycle__only_barometer__qwen3_4b,qwen3_4b,only_barometer,core,core_language,,4029108736,8071498752,256,,524957000576,1350.7986749991687,1368.5392131001208,0.4108520006411709,,,,
openmarcie_bicycle,cpu,dense,openmarcie_bicycle__only_barometer__qwen3_4b,qwen3_4b,only_barometer,edge,barometer_gateway,barometer,3640,14560,0,17741,228480,0.1442199991288362,0.16403889949287986,0.008949999028118327,4324,5.4592,10.0,0.0023061333333333333
openmarcie_bicycle,cpu,dense,openmarcie_bicycle__only_barometer__qwen3_4b,qwen3_4b,only_barometer,core,core,,27576,110304,0,121905,1997888,0.21685100000468083,0.2354539989028126,0.006719999873894267,,,,
openmarcie_bicycle,cpu,dense,openmarcie_bicycle__only_barometer__qwen3_4b,qwen3_4b,only_barometer,core,core_language,,4029108736,8071498752,256,,701925437312,1383.517098000084,1384.5212963984523,0.7064729998091934,,,,
openmarcie_bicycle,cpu,dense_tokens,openmarcie_bicycle__only_barometer__qwen3_4b,qwen3_4b,only_barometer,edge,barometer_gateway,barometer,6016,24064,0,28729,343680,0.20197100093355402,0.20968400040146662,0.00813999940874055,1100,2.88,10.0,0.0005866666666666667
openmarcie_bicycle,cpu,dense_tokens,openmarcie_bicycle__only_barometer__qwen3_4b,qwen3_4b,only_barometer,core,core,,27576,110304,0,121905,488000,0.20547100029943977,0.22820499889348866,0.006300000677583739,,,,
openmarcie_bicycle,cpu,dense_tokens,openmarcie_bicycle__only_barometer__qwen3_4b,qwen3_4b,only_barometer,core,core_language,,4029108736,8071498752,256,,524957000576,1350.7986749991687,1368.5392131001208,0.4123720009374665,,,,
openmarcie_bicycle,cpu,raw,openmarcie_bicycle__only_barometer__qwen3_4b,qwen3_4b,only_barometer,edge,barometer_gateway,barometer,0,0,0,0,0,0.0004899993655271828,0.0008229999366449192,0.008430000889347866,524,2.4192,10.0,0.00027946666666666667
openmarcie_bicycle,cpu,raw,openmarcie_bicycle__only_barometer__qwen3_4b,qwen3_4b,only_barometer,core,core,,31216,124864,0,139033,2226368,0.42891200064332224,0.45603800026583485,0.006190000931383111,,,,
openmarcie_bicycle,cpu,raw,openmarcie_bicycle__only_barometer__qwen3_4b,qwen3_4b,only_barometer,core,core_language,,4029108736,8071498752,256,,701925437312,1383.517098000084,1384.5212963984523,0.7011529996816535,,,,
openmarcie_bicycle,cpu,early_fusion,openmarcie_bicycle__only_barometer__qwen3_4b,qwen3_4b,only_barometer,edge,barometer_gateway,barometer,0,0,0,0,0,0.0005300007615005597,0.0007910004569566809,0.008609998985775746,524,2.4192,10.0,0.00027946666666666667
openmarcie_bicycle,cpu,early_fusion,openmarcie_bicycle__only_barometer__qwen3_4b,qwen3_4b,only_barometer,core,core,,27760,111040,0,124575,2007232,0.4318020000937395,0.44595900017156964,0.006249998477869667,,,,
openmarcie_bicycle,cpu,early_fusion,openmarcie_bicycle__only_barometer__qwen3_4b,qwen3_4b,only_barometer,core,core_language,,4029108736,8071498752,256,,701925437312,1383.517098000084,1384.5212963984523,0.7094539996614913,,,,
openmarcie_bicycle,cpu,late_fusion,openmarcie_bicycle__only_barometer__qwen3_4b,qwen3_4b,only_barometer,edge,barometer_gateway,barometer,4036,16144,0,19717,229248,0.16272100037895143,0.17226099935214734,0.007860000550863333,96,2.0768,10.0,5.12e-05
openmarcie_bicycle,cpu,late_fusion,openmarcie_bicycle__only_barometer__qwen3_4b,qwen3_4b,only_barometer,core,core,,0,0,0,0,0,0.023610000425833277,0.030063000122027006,0.005890000466024503,,,,
openmarcie_bicycle,cpu,late_fusion,openmarcie_bicycle__only_barometer__qwen3_4b,qwen3_4b,only_barometer,core,core_language,,4022468096,8044936192,256,,598372395136,1365.2376339996408,1368.9743079989057,0.1971809997485252,,,,
openmarcie_bicycle,cpu,local_only,openmarcie_bicycle__only_barometer__qwen3_4b,qwen3_4b,only_barometer,edge,barometer_gateway,barometer,4036,16144,0,19717,229248,0.17923999985214323,0.19858190116792684,0.0080599984357832,52,2.0416,10.0,2.7733333333333334e-05
openmarcie_bicycle,cpu,local_only,openmarcie_bicycle__only_barometer__qwen3_4b,qwen3_4b,only_barometer,core,core,,0,0,0,0,0,0.02826999843819067,0.036289899981056806,0.005719999535358511,,,,
openmarcie_bicycle,cpu,local_only,openmarcie_bicycle__only_barometer__qwen3_4b,qwen3_4b,only_barometer,core,core_language,,4022468096,8044936192,256,,598372395136,1365.2376339996408,1368.9743079989057,0.1774200009094784,,,,
openmarcie_bicycle,cpu,bottleneck,openmarcie_bicycle__only_barometer__qwen3_4b,qwen3_4b,only_barometer,edge,barometer_gateway,barometer,3772,15088,0,18693,236672,0.1745710014802171,0.19635099870356498,0.008450000677839853,684,2.5472,10.0,0.0003648
openmarcie_bicycle,cpu,bottleneck,openmarcie_bicycle__only_barometer__qwen3_4b,qwen3_4b,only_barometer,core,core,,27736,110944,0,123115,2006080,0.22687099954055157,0.25782200045796344,0.006450000000768341,,,,
openmarcie_bicycle,cpu,bottleneck,openmarcie_bicycle__only_barometer__qwen3_4b,qwen3_4b,only_barometer,core,core_language,,4029108736,8071498752,256,,701925437312,1383.517098000084,1384.5212963984523,0.7229940001707291,,,,
openmarcie_bicycle,cpu,tokenlearner,openmarcie_bicycle__only_barometer__qwen3_4b,qwen3_4b,only_barometer,edge,barometer_gateway,barometer,4960,19840,0,23935,327296,0.2037009999185102,0.22320400075841462,0.00858999919728376,1100,2.88,10.0,0.0005866666666666667
openmarcie_bicycle,cpu,tokenlearner,openmarcie_bicycle__only_barometer__qwen3_4b,qwen3_4b,only_barometer,core,core,,27576,110304,0,121905,488000,0.2105509993270971,0.23289799955819035,0.006410000423784368,,,,
openmarcie_bicycle,cpu,tokenlearner,openmarcie_bicycle__only_barometer__qwen3_4b,qwen3_4b,only_barometer,core,core_language,,4029108736,8071498752,256,,524957000576,1350.7986749991687,1368.5392131001208,0.42795199988177046,,,,
openmarcie_bicycle,cpu,posthoc_vq,openmarcie_bicycle__only_barometer__qwen3_4b,qwen3_4b,only_barometer,edge,barometer_gateway,barometer,4664,18656,0,22089,294016,0.25759100026334636,0.2818280001520179,0.013549999493989162,192,2.1536,10.0,0.0001024
openmarcie_bicycle,cpu,posthoc_vq,openmarcie_bicycle__only_barometer__qwen3_4b,qwen3_4b,only_barometer,core,core,,28600,114400,0,126318,1997888,0.26832099865714554,0.28542100117192604,0.010629999451339245,,,,
openmarcie_bicycle,cpu,posthoc_vq,openmarcie_bicycle__only_barometer__qwen3_4b,qwen3_4b,only_barometer,core,core_language,,4029108736,8071498752,256,,701925437312,1383.517098000084,1384.5212963984523,0.7173129997681826,,,,
openmarcie_bicycle,cpu,joint_vq,openmarcie_bicycle__only_barometer__qwen3_4b,qwen3_4b,only_barometer,edge,barometer_gateway,barometer,7040,28160,0,33078,360064,0.2945020005427068,0.3076051007155911,0.0131799988594139,81,2.0648,10.0,4.32e-05
openmarcie_bicycle,cpu,joint_vq,openmarcie_bicycle__only_barometer__qwen3_4b,qwen3_4b,only_barometer,core,core,,28600,114400,0,126318,488000,0.24769100127741694,0.27116300025227247,0.010220001058769412,,,,
openmarcie_bicycle,cpu,joint_vq,openmarcie_bicycle__only_barometer__qwen3_4b,qwen3_4b,only_barometer,core,core_language,,4029108736,8071498752,256,,524957000576,1350.7986749991687,1368.5392131001208,0.648703000479145,,,,
openmarcie_bicycle,cpu,deepconvlstm,openmarcie_bicycle__only_barometer__qwen3_4b,qwen3_4b,only_barometer,edge,barometer_gateway,barometer,0,0,0,0,0,0.00044999978854320943,0.0008189999789465219,0.009299999874201603,524,2.4192,10.0,0.00027946666666666667
openmarcie_bicycle,cpu,deepconvlstm,openmarcie_bicycle__only_barometer__qwen3_4b,qwen3_4b,only_barometer,core,core,,33284,133136,0,139937,2064256,0.4810919999727048,0.5065889996330952,0.006369999027810991,,,,
openmarcie_bicycle,cpu,deepconvlstm,openmarcie_bicycle__only_barometer__qwen3_4b,qwen3_4b,only_barometer,core,core_language,,4029108736,8071498752,256,,701925437312,1383.517098000084,1384.5212963984523,0.7046729988360312,,,,
openmarcie_bicycle,cpu,unrestricted_bank,openmarcie_bicycle__only_barometer__qwen3_4b,qwen3_4b,only_barometer,edge,barometer_gateway,barometer,7072,28288,0,33459,360064,0.20628099991881754,0.22854700018797303,0.012570000762934797,81,2.0648,10.0,4.32e-05
openmarcie_bicycle,cpu,unrestricted_bank,openmarcie_bicycle__only_barometer__qwen3_4b,qwen3_4b,only_barometer,core,core,,28600,114400,0,126318,488000,0.20952100021531805,0.23315499911404913,0.009859999408945441,,,,
openmarcie_bicycle,cpu,unrestricted_bank,openmarcie_bicycle__only_barometer__qwen3_4b,qwen3_4b,only_barometer,core,core_language,,4029108736,8071498752,256,,524957000576,1350.7986749991687,1368.5392131001208,0.42101200051547494,,,,
openmarcie_bicycle,cpu,separate_banks,openmarcie_bicycle__only_barometer__qwen3_4b,qwen3_4b,only_barometer,edge,barometer_gateway,barometer,7072,28288,0,33459,360064,0.20641100127249956,0.2189480004744837,0.01255000097444281,81,2.0648,10.0,4.32e-05
openmarcie_bicycle,cpu,separate_banks,openmarcie_bicycle__only_barometer__qwen3_4b,qwen3_4b,only_barometer,core,core,,28600,114400,0,126318,488000,0.24099099937302526,0.2701510004044394,0.010019999535870738,,,,
openmarcie_bicycle,cpu,separate_banks,openmarcie_bicycle__only_barometer__qwen3_4b,qwen3_4b,only_barometer,core,core_language,,4029108736,8071498752,256,,524957000576,1350.7986749991687,1368.5392131001208,0.42797199967026245,,,,
openmarcie_bicycle,cpu,fixed_resampling,openmarcie_bicycle__only_barometer__qwen3_4b,qwen3_4b,only_barometer,edge,barometer_gateway,barometer,7072,28288,0,33459,358912,0.13670999942405615,0.15099389856914058,0.013040000339969993,81,2.0648,10.0,4.32e-05
openmarcie_bicycle,cpu,fixed_resampling,openmarcie_bicycle__only_barometer__qwen3_4b,qwen3_4b,only_barometer,core,core,,28600,114400,0,126318,488000,0.2366110002185451,0.25943500113498885,0.010039999324362725,,,,
openmarcie_bicycle,cpu,fixed_resampling,openmarcie_bicycle__only_barometer__qwen3_4b,qwen3_4b,only_barometer,core,core_language,,4029108736,8071498752,256,,524957000576,1350.7986749991687,1368.5392131001208,0.4263520004315069,,,,
openmarcie_bicycle,cpu,finetune_encoders,openmarcie_bicycle__only_barometer__qwen3_4b,qwen3_4b,only_barometer,edge,barometer_gateway,barometer,7072,28288,0,33459,360064,0.20724099886137992,0.22426899886340834,0.01239099947270006,81,2.0648,10.0,4.32e-05
openmarcie_bicycle,cpu,finetune_encoders,openmarcie_bicycle__only_barometer__qwen3_4b,qwen3_4b,only_barometer,core,core,,28600,114400,0,126318,488000,0.23577100000693463,0.254698000389908,0.0097699994512368,,,,
openmarcie_bicycle,cpu,finetune_encoders,openmarcie_bicycle__only_barometer__qwen3_4b,qwen3_4b,only_barometer,core,core_language,,4029108736,8071498752,256,,524957000576,1350.7986749991687,1368.5392131001208,0.4186220012343256,,,,
openmarcie_bicycle,cpu,no_alignment,openmarcie_bicycle__only_barometer__qwen3_4b,qwen3_4b,only_barometer,edge,barometer_gateway,barometer,7072,28288,0,33459,360064,0.21242100046947598,0.22932300016691443,0.013019998732488602,81,2.0648,10.0,4.32e-05
openmarcie_bicycle,cpu,no_alignment,openmarcie_bicycle__only_barometer__qwen3_4b,qwen3_4b,only_barometer,core,core,,28600,114400,0,126318,488000,0.23372100076812785,0.2587680002761772,0.010150000889552757,,,,
openmarcie_bicycle,cpu,no_alignment,openmarcie_bicycle__only_barometer__qwen3_4b,qwen3_4b,only_barometer,core,core_language,,4029108736,8071498752,256,,524957000576,1350.7986749991687,1368.5392131001208,0.42271199890819844,,,,
openmarcie_bicycle,cpu,no_usage,openmarcie_bicycle__only_barometer__qwen3_4b,qwen3_4b,only_barometer,edge,barometer_gateway,barometer,7072,28288,0,33459,360064,0.2156709997507278,0.2222950000941637,0.01252999936696142,81,2.0648,10.0,4.32e-05
openmarcie_bicycle,cpu,no_usage,openmarcie_bicycle__only_barometer__qwen3_4b,qwen3_4b,only_barometer,core,core,,28600,114400,0,126318,488000,0.23663100000703707,0.2621099998577847,0.01019100091070868,,,,
openmarcie_bicycle,cpu,no_usage,openmarcie_bicycle__only_barometer__qwen3_4b,qwen3_4b,only_barometer,core,core_language,,4029108736,8071498752,256,,524957000576,1350.7986749991687,1368.5392131001208,0.4199520008114632,,,,
openmarcie_bicycle,cpu,tcn,openmarcie_bicycle__only_barometer__qwen3_4b,qwen3_4b,only_barometer,edge,barometer_gateway,barometer,0,0,0,0,0,0.0005100009730085731,0.000923999868973624,0.008580000212532468,524,2.4192,10.0,0.00027946666666666667
openmarcie_bicycle,cpu,tcn,openmarcie_bicycle__only_barometer__qwen3_4b,qwen3_4b,only_barometer,core,core,,13648,54592,0,62869,821184,0.3400109999347478,0.3639959992142394,0.006260001100599766,,,,
openmarcie_bicycle,cpu,tcn,openmarcie_bicycle__only_barometer__qwen3_4b,qwen3_4b,only_barometer,core,core_language,,4029108736,8071498752,256,,701925437312,1383.517098000084,1384.5212963984523,0.7029640000837389,,,,
openmarcie_bicycle,cpu,ts_transformer,openmarcie_bicycle__only_barometer__qwen3_4b,qwen3_4b,only_barometer,edge,barometer_gateway,barometer,0,0,0,0,0,0.0005500005499925464,0.0008740003977436572,0.008461000106763095,524,2.4192,10.0,0.00027946666666666667
openmarcie_bicycle,cpu,ts_transformer,openmarcie_bicycle__only_barometer__qwen3_4b,qwen3_4b,only_barometer,core,core,,26512,106048,0,117745,1869760,0.3861109998979373,0.4199338995022117,0.006469999789260328,,,,
openmarcie_bicycle,cpu,ts_transformer,openmarcie_bicycle__only_barometer__qwen3_4b,qwen3_4b,only_barometer,core,core_language,,4029108736,8071498752,256,,701925437312,1383.517098000084,1384.5212963984523,0.7078430007823044,,,,
openmarcie_bicycle,cpu,patchtst,openmarcie_bicycle__only_barometer__qwen3_4b,qwen3_4b,only_barometer,edge,barometer_gateway,barometer,0,0,0,0,0,0.00047000139602459967,0.000856999758980237,0.008689999958733097,524,2.4192,10.0,0.00027946666666666667
openmarcie_bicycle,cpu,patchtst,openmarcie_bicycle__only_barometer__qwen3_4b,qwen3_4b,only_barometer,core,core,,26640,106560,0,118257,1087936,0.43007100066461135,0.4578468007821357,0.006330001269816421,,,,
openmarcie_bicycle,cpu,patchtst,openmarcie_bicycle__only_barometer__qwen3_4b,qwen3_4b,only_barometer,core,core_language,,4029108736,8071498752,256,,517598061312,1352.7679889994033,1353.2538566987569,0.41941199924622197,,,,
openmarcie_bicycle,cpu,distrixsense,openmarcie_bicycle__only_depth__qwen3_4b,qwen3_4b,only_depth,edge,chest_lidar0,chest_lidar0_depth,21224,84896,0,89907,1257984,0.22301100034383126,0.22792499912611675,0.012779999451595359,83,2.0664,10.0,4.426666666666667e-05
openmarcie_bicycle,cpu,distrixsense,openmarcie_bicycle__only_depth__qwen3_4b,qwen3_4b,only_depth,edge,room_rgbd0,room_rgbd0_depth,21224,84896,0,89907,1257984,0.20875100017292425,0.22350200051732827,0.012820999472751282,83,2.0664,10.0,4.426666666666667e-05
openmarcie_bicycle,cpu,distrixsense,openmarcie_bicycle__only_depth__qwen3_4b,qwen3_4b,only_depth,edge,room_rgbd1,room_rgbd1_depth,21224,84896,0,89907,1257984,0.21701100013160612,0.22160100070323097,0.012480000805226155,83,2.0664,10.0,4.426666666666667e-05
openmarcie_bicycle,cpu,distrixsense,openmarcie_bicycle__only_depth__qwen3_4b,qwen3_4b,only_depth,core,core,,30776,123104,0,135022,1461952,0.31542100077786017,0.33179200036101975,0.026749999960884452,,,,
openmarcie_bicycle,cpu,distrixsense,openmarcie_bicycle__only_depth__qwen3_4b,qwen3_4b,only_depth,core,core_language,,4029108736,8071498752,256,,672330427776,1387.5869269995746,1399.6711226005573,0.7006529995123856,,,,
openmarcie_bicycle,cpu,dense,openmarcie_bicycle__only_depth__qwen3_4b,qwen3_4b,only_depth,edge,chest_lidar0,chest_lidar0_depth,17792,71168,0,74189,1126400,0.16436099940619897,0.18058710011246148,0.009350000254926272,4324,5.4592,10.0,0.0023061333333333333
openmarcie_bicycle,cpu,dense,openmarcie_bicycle__only_depth__qwen3_4b,qwen3_4b,only_depth,edge,room_rgbd0,room_rgbd0_depth,17792,71168,0,74189,1126400,0.15001999963715207,0.1614329004951287,0.009010000212583691,4324,5.4592,10.0,0.0023061333333333333
openmarcie_bicycle,cpu,dense,openmarcie_bicycle__only_depth__qwen3_4b,qwen3_4b,only_depth,edge,room_rgbd1,room_rgbd1_depth,17792,71168,0,74189,1126400,0.15072099995450117,0.16526500003237743,0.009040000804816373,4324,5.4592,10.0,0.0023061333333333333
openmarcie_bicycle,cpu,dense,openmarcie_bicycle__only_depth__qwen3_4b,qwen3_4b,only_depth,core,core,,27704,110816,0,122417,7466176,0.32916199961618986,0.36119300057180226,0.017609998394618742,,,,
openmarcie_bicycle,cpu,dense,openmarcie_bicycle__only_depth__qwen3_4b,qwen3_4b,only_depth,core,core_language,,4029108736,8071498752,256,,1206972862848,1510.1884969990351,1511.0572715007947,1.5416179994645063,,,,
openmarcie_bicycle,cpu,dense_tokens,openmarcie_bicycle__only_depth__qwen3_4b,qwen3_4b,only_depth,edge,chest_lidar0,chest_lidar0_depth,20168,80672,0,85177,1241600,0.21558099979301915,0.23248300112754805,0.008540000635548495,1100,2.88,10.0,0.0005866666666666667
openmarcie_bicycle,cpu,dense_tokens,openmarcie_bicycle__only_depth__qwen3_4b,qwen3_4b,only_depth,edge,room_rgbd0,room_rgbd0_depth,20168,80672,0,85177,1241600,0.2105509993270971,0.21880400126974564,0.008689999958733097,1100,2.88,10.0,0.0005866666666666667
openmarcie_bicycle,cpu,dense_tokens,openmarcie_bicycle__only_depth__qwen3_4b,qwen3_4b,only_depth,edge,room_rgbd1,room_rgbd1_depth,20168,80672,0,85177,1241600,0.2050200000667246,0.21887189886911074,0.00847000046633184,1100,2.88,10.0,0.0005866666666666667
openmarcie_bicycle,cpu,dense_tokens,openmarcie_bicycle__only_depth__qwen3_4b,qwen3_4b,only_depth,core,core,,27704,110816,0,122417,1461952,0.2694120012165513,0.28763610043824883,0.017180000213556923,,,,
openmarcie_bicycle,cpu,dense_tokens,openmarcie_bicycle__only_depth__qwen3_4b,qwen3_4b,only_depth,core,core_language,,4029108736,8071498752,256,,672330427776,1387.5869269995746,1399.6711226005573,1.1215260001335992,,,,
openmarcie_bicycle,cpu,raw,openmarcie_bicycle__only_depth__qwen3_4b,qwen3_4b,only_depth,edge,chest_lidar0,chest_lidar0_depth,0,0,0,0,0,0.00048000038077589124,0.000768000609241426,0.009130000762525015,6396,7.1168,10.0,0.0034112
openmarcie_bicycle,cpu,raw,openmarcie_bicycle__only_depth__qwen3_4b,qwen3_4b,only_depth,edge,room_rgbd0,room_rgbd0_depth,0,0,0,0,0,0.00046000059228390455,0.0005770001735072583,0.008740998964640312,6396,7.1168,10.0,0.0034112
openmarcie_bicycle,cpu,raw,openmarcie_bicycle__only_depth__qwen3_4b,qwen3_4b,only_depth,edge,room_rgbd1,room_rgbd1_depth,0,0,0,0,0,0.0005500005499925464,0.0006219997885636985,0.00881000050867442,6396,7.1168,10.0,0.0034112
openmarcie_bicycle,cpu,raw,openmarcie_bicycle__only_depth__qwen3_4b,qwen3_4b,only_depth,core,core,,81080,324320,0,343401,10845376,1.287625998884323,1.9905205987015506,0.017809999917517416,,,,
openmarcie_bicycle,cpu,raw,openmarcie_bicycle__only_depth__qwen3_4b,qwen3_4b,only_depth,core,core_language,,4029108736,8071498752,256,,1206972862848,1510.1884969990351,1511.0572715007947,1.4800970002397662,,,,
openmarcie_bicycle,cpu,early_fusion,openmarcie_bicycle__only_depth__qwen3_4b,qwen3_4b,only_depth,edge,chest_lidar0,chest_lidar0_depth,0,0,0,0,0,0.0005500005499925464,0.000855998951010406,0.009290000889450312,6396,7.1168,10.0,0.0034112
openmarcie_bicycle,cpu,early_fusion,openmarcie_bicycle__only_depth__qwen3_4b,qwen3_4b,only_depth,edge,room_rgbd0,room_rgbd0_depth,0,0,0,0,0,0.00044999978854320943,0.0005849991794093512,0.008839999281917699,6396,7.1168,10.0,0.0034112
openmarcie_bicycle,cpu,early_fusion,openmarcie_bicycle__only_depth__qwen3_4b,qwen3_4b,only_depth,edge,room_rgbd1,room_rgbd1_depth,0,0,0,0,0,0.0004399989848025143,0.0006289994416874833,0.008679999154992402,6396,7.1168,10.0,0.0034112
openmarcie_bicycle,cpu,early_fusion,openmarcie_bicycle__only_depth__qwen3_4b,qwen3_4b,only_depth,core,core,,47224,188896,0,204807,3220672,0.6657230005657766,0.6951620011022897,0.017919999663718045,,,,
openmarcie_bicycle,cpu,early_fusion,openmarcie_bicycle__only_depth__qwen3_4b,qwen3_4b,only_depth,core,core_language,,4029108736,8071498752,256,,731433152896,1392.476330000136,1394.2648549998921,0.8107339999696705,,,,
openmarcie_bicycle,cpu,late_fusion,openmarcie_bicycle__only_depth__qwen3_4b,qwen3_4b,only_depth,edge,chest_lidar0,chest_lidar0_depth,18188,72752,0,76165,1127168,0.1706910006760154,0.18628800025908276,0.008061000698944554,96,2.0768,10.0,5.12e-05
openmarcie_bicycle,cpu,late_fusion,openmarcie_bicycle__only_depth__qwen3_4b,qwen3_4b,only_depth,edge,room_rgbd0,room_rgbd0_depth,18188,72752,0,76165,1127168,0.16279100054816809,0.17502109931228915,0.007910000931588002,96,2.0768,10.0,5.12e-05
openmarcie_bicycle,cpu,late_fusion,openmarcie_bicycle__only_depth__qwen3_4b,qwen3_4b,only_depth,edge,room_rgbd1,room_rgbd1_depth,18188,72752,0,76165,1127168,0.16343099923687987,0.17994510017160792,0.008300001354655251,96,2.0768,10.0,5.12e-05
openmarcie_bicycle,cpu,late_fusion,openmarcie_bicycle__only_depth__qwen3_4b,qwen3_4b,only_depth,core,core,,0,0,0,0,0,0.03522000042721629,0.04154699981882004,0.016170000890269876,,,,
openmarcie_bicycle,cpu,late_fusion,openmarcie_bicycle__only_depth__qwen3_4b,qwen3_4b,only_depth,core,core_language,,4022468096,8044936192,256,,620451867136,1399.2853519994242,1415.1918908006337,0.20818099983443972,,,,
openmarcie_bicycle,cpu,local_only,openmarcie_bicycle__only_depth__qwen3_4b,qwen3_4b,only_depth,edge,chest_lidar0,chest_lidar0_depth,18188,72752,0,76165,1127168,0.17692100118438248,0.19719800038728863,0.007910000931588002,52,2.0416,10.0,2.7733333333333334e-05
openmarcie_bicycle,cpu,local_only,openmarcie_bicycle__only_depth__qwen3_4b,qwen3_4b,only_depth,edge,room_rgbd0,room_rgbd0_depth,18188,72752,0,76165,1127168,0.1676600004429929,0.1825469005780178,0.007910000931588002,52,2.0416,10.0,2.7733333333333334e-05
openmarcie_bicycle,cpu,local_only,openmarcie_bicycle__only_depth__qwen3_4b,qwen3_4b,only_depth,edge,room_rgbd1,room_rgbd1_depth,18188,72752,0,76165,1127168,0.1734809993649833,0.18142799963243306,0.008119999620248564,52,2.0416,10.0,2.7733333333333334e-05
openmarcie_bicycle,cpu,local_only,openmarcie_bicycle__only_depth__qwen3_4b,qwen3_4b,only_depth,core,core,,0,0,0,0,0,0.049840000428957865,0.0547270003153244,0.016091000361484475,,,,
openmarcie_bicycle,cpu,local_only,openmarcie_bicycle__only_depth__qwen3_4b,qwen3_4b,only_depth,core,core_language,,4022468096,8044936192,256,,620451867136,1399.2853519994242,1415.1918908006337,0.17771100101526827,,,,
openmarcie_bicycle,cpu,bottleneck,openmarcie_bicycle__only_depth__qwen3_4b,qwen3_4b,only_depth,edge,chest_lidar0,chest_lidar0_depth,17924,71696,0,75141,1134592,0.1759710012265714,0.18916499921033392,0.008629998774267733,684,2.5472,10.0,0.0003648
openmarcie_bicycle,cpu,bottleneck,openmarcie_bicycle__only_depth__qwen3_4b,qwen3_4b,only_depth,edge,room_rgbd0,room_rgbd0_depth,17924,71696,0,75141,1134592,0.1722109991533216,0.18129200052499073,0.008830000297166407,684,2.5472,10.0,0.0003648
openmarcie_bicycle,cpu,bottleneck,openmarcie_bicycle__only_depth__qwen3_4b,qwen3_4b,only_depth,edge,room_rgbd1,room_rgbd1_depth,17924,71696,0,75141,1134592,0.16698999934305903,0.18094089955411619,0.008779999916441739,684,2.5472,10.0,0.0003648
openmarcie_bicycle,cpu,bottleneck,openmarcie_bicycle__only_depth__qwen3_4b,qwen3_4b,only_depth,core,core,,28184,112736,0,126175,7490752,0.34115199923689943,0.3590610993342125,0.01685999995970633,,,,
openmarcie_bicycle,cpu,bottleneck,openmarcie_bicycle__only_depth__qwen3_4b,qwen3_4b,only_depth,core,core_language,,4029108736,8071498752,256,,1206972862848,1510.1884969990351,1511.0572715007947,1.4778570002818014,,,,
openmarcie_bicycle,cpu,tokenlearner,openmarcie_bicycle__only_depth__qwen3_4b,qwen3_4b,only_depth,edge,chest_lidar0,chest_lidar0_depth,19112,76448,0,80383,1225216,0.20229099936841521,0.2178160013500019,0.008889999662642367,1100,2.88,10.0,0.0005866666666666667
openmarcie_bicycle,cpu,tokenlearner,openmarcie_bicycle__only_depth__qwen3_4b,qwen3_4b,only_depth,edge,room_rgbd0,room_rgbd0_depth,19112,76448,0,80383,1225216,0.19856099970638752,0.2114939996317844,0.008680000973981805,1100,2.88,10.0,0.0005866666666666667
openmarcie_bicycle,cpu,tokenlearner,openmarcie_bicycle__only_depth__qwen3_4b,qwen3_4b,only_depth,edge,room_rgbd1,room_rgbd1_depth,19112,76448,0,80383,1225216,0.20328100072219968,0.2126140010659583,0.008560000424040481,1100,2.88,10.0,0.0005866666666666667
openmarcie_bicycle,cpu,tokenlearner,openmarcie_bicycle__only_depth__qwen3_4b,qwen3_4b,only_depth,core,core,,27704,110816,0,122417,1461952,0.2621019993966911,0.28866909960925113,0.01704099850030616,,,,
openmarcie_bicycle,cpu,tokenlearner,openmarcie_bicycle__only_depth__qwen3_4b,qwen3_4b,only_depth,core,core_language,,4029108736,8071498752,256,,672330427776,1387.5869269995746,1399.6711226005573,0.6185430011100834,,,,
openmarcie_bicycle,cpu,posthoc_vq,openmarcie_bicycle__only_depth__qwen3_4b,qwen3_4b,only_depth,edge,chest_lidar0,chest_lidar0_depth,20864,83456,0,86729,1191936,0.24943099924712442,0.26606390056258533,0.01691999932518229,200,2.16,10.0,0.00010666666666666667
openmarcie_bicycle,cpu,posthoc_vq,openmarcie_bicycle__only_depth__qwen3_4b,qwen3_4b,only_depth,edge,room_rgbd0,room_rgbd0_depth,20864,83456,0,86729,1191936,0.2536210013204254,0.25722999998833984,0.012979999155504629,200,2.16,10.0,0.00010666666666666667
openmarcie_bicycle,cpu,posthoc_vq,openmarcie_bicycle__only_depth__qwen3_4b,qwen3_4b,only_depth,edge,room_rgbd1,room_rgbd1_depth,20864,83456,0,86729,1191936,0.24352100081159733,0.2628349995575263,0.012819999028579332,200,2.16,10.0,0.00010666666666666667
openmarcie_bicycle,cpu,posthoc_vq,openmarcie_bicycle__only_depth__qwen3_4b,qwen3_4b,only_depth,core,core,,30776,123104,0,135022,7466176,0.3874319991155062,0.41395500102225924,0.02646000029926654,,,,
openmarcie_bicycle,cpu,posthoc_vq,openmarcie_bicycle__only_depth__qwen3_4b,qwen3_4b,only_depth,core,core_language,,4029108736,8071498752,256,,1206972862848,1510.1884969990351,1511.0572715007947,1.4750770005775848,,,,
openmarcie_bicycle,cpu,joint_vq,openmarcie_bicycle__only_depth__qwen3_4b,qwen3_4b,only_depth,edge,chest_lidar0,chest_lidar0_depth,23240,92960,0,97718,1257984,0.28830100018240046,0.30789490047027357,0.012580001566675492,83,2.0664,10.0,4.426666666666667e-05
openmarcie_bicycle,cpu,joint_vq,openmarcie_bicycle__only_depth__qwen3_4b,qwen3_4b,only_depth,edge,room_rgbd0,room_rgbd0_depth,23240,92960,0,97718,1257984,0.2843610000127228,0.30576389999623643,0.012390000847517513,83,2.0664,10.0,4.426666666666667e-05
openmarcie_bicycle,cpu,joint_vq,openmarcie_bicycle__only_depth__qwen3_4b,qwen3_4b,only_depth,edge,room_rgbd1,room_rgbd1_depth,23240,92960,0,97718,1257984,0.2824710009008413,0.29514389989344636,0.012520000382210128,83,2.0664,10.0,4.426666666666667e-05
openmarcie_bicycle,cpu,joint_vq,openmarcie_bicycle__only_depth__qwen3_4b,qwen3_4b,only_depth,core,core,,30776,123104,0,135022,1461952,0.314420998620335,0.3392340006030281,0.025720000849105418,,,,
openmarcie_bicycle,cpu,joint_vq,openmarcie_bicycle__only_depth__qwen3_4b,qwen3_4b,only_depth,core,core_language,,4029108736,8071498752,256,,672330427776,1387.5869269995746,1399.6711226005573,0.6249720008781878,,,,
openmarcie_bicycle,cpu,deepconvlstm,openmarcie_bicycle__only_depth__qwen3_4b,qwen3_4b,only_depth,edge,chest_lidar0,chest_lidar0_depth,0,0,0,0,0,0.0005999991117278114,0.0008519997209077701,0.009100000170292333,6396,7.1168,10.0,0.0034112
openmarcie_bicycle,cpu,deepconvlstm,openmarcie_bicycle__only_depth__qwen3_4b,qwen3_4b,only_depth,edge,room_rgbd0,room_rgbd0_depth,0,0,0,0,0,0.00048000038077589124,0.000596999961999245,0.008689999958733097,6396,7.1168,10.0,0.0034112
openmarcie_bicycle,cpu,deepconvlstm,openmarcie_bicycle__only_depth__qwen3_4b,qwen3_4b,only_depth,edge,room_rgbd1,room_rgbd1_depth,0,0,0,0,0,0.00044000080379191786,0.0005390005753724836,0.00884999826666899,6396,7.1168,10.0,0.0034112
openmarcie_bicycle,cpu,deepconvlstm,openmarcie_bicycle__only_depth__qwen3_4b,qwen3_4b,only_depth,core,core,,76748,306992,0,315977,4821760,0.5505620010808343,0.5838178993144538,0.017520000255899504,,,,
openmarcie_bicycle,cpu,deepconvlstm,openmarcie_bicycle__only_depth__qwen3_4b,qwen3_4b,only_depth,core,core_language,,4029108736,8071498752,256,,731433152896,1392.476330000136,1394.2648549998921,0.709423000444076,,,,
openmarcie_bicycle,cpu,unrestricted_bank,openmarcie_bicycle__only_depth__qwen3_4b,qwen3_4b,only_depth,edge,chest_lidar0,chest_lidar0_depth,23336,93344,0,98355,1290752,0.22939100017538294,0.23126300002331845,0.012970000170753337,83,2.0664,10.0,4.426666666666667e-05
openmarcie_bicycle,cpu,unrestricted_bank,openmarcie_bicycle__only_depth__qwen3_4b,qwen3_4b,only_depth,edge,room_rgbd0,room_rgbd0_depth,23336,93344,0,98355,1290752,0.2178209997509839,0.22326600028463872,0.01247000000148546,83,2.0664,10.0,4.426666666666667e-05
openmarcie_bicycle,cpu,unrestricted_bank,openmarcie_bicycle__only_depth__qwen3_4b,qwen3_4b,only_depth,edge,room_rgbd1,room_rgbd1_depth,23336,93344,0,98355,1290752,0.2089710014843149,0.22423500049626455,0.012149999747634865,83,2.0664,10.0,4.426666666666667e-05
openmarcie_bicycle,cpu,unrestricted_bank,openmarcie_bicycle__only_depth__qwen3_4b,qwen3_4b,only_depth,core,core,,30776,123104,0,135022,1461952,0.27933099954680074,0.30504400019708555,0.02607999886095058,,,,
openmarcie_bicycle,cpu,unrestricted_bank,openmarcie_bicycle__only_depth__qwen3_4b,qwen3_4b,only_depth,core,core_language,,4029108736,8071498752,256,,672330427776,1387.5869269995746,1399.6711226005573,0.6095130011090077,,,,
openmarcie_bicycle,cpu,separate_banks,openmarcie_bicycle__only_depth__qwen3_4b,qwen3_4b,only_depth,edge,chest_lidar0,chest_lidar0_depth,21224,84896,0,89907,1257984,0.2248109994980041,0.23273099923244445,0.012420001439750195,83,2.0664,10.0,4.426666666666667e-05
openmarcie_bicycle,cpu,separate_banks,openmarcie_bicycle__only_depth__qwen3_4b,qwen3_4b,only_depth,edge,room_rgbd0,room_rgbd0_depth,21224,84896,0,89907,1257984,0.20980099907319527,0.22654999957012478,0.01230000088980887,83,2.0664,10.0,4.426666666666667e-05
openmarcie_bicycle,cpu,separate_banks,openmarcie_bicycle__only_depth__qwen3_4b,qwen3_4b,only_depth,edge,room_rgbd1,room_rgbd1_depth,21224,84896,0,89907,1257984,0.21249100063869264,0.22438000014517456,0.012499998774728738,83,2.0664,10.0,4.426666666666667e-05
openmarcie_bicycle,cpu,separate_banks,openmarcie_bicycle__only_depth__qwen3_4b,qwen3_4b,only_depth,core,core,,30776,123104,0,135592,1461952,0.3215710003132699,0.3456289008681779,0.025839999580057338,,,,
openmarcie_bicycle,cpu,separate_banks,openmarcie_bicycle__only_depth__qwen3_4b,qwen3_4b,only_depth,core,core_language,,4029108736,8071498752,256,,672330427776,1387.5869269995746,1399.6711226005573,0.6056930014892714,,,,
openmarcie_bicycle,cpu,fixed_resampling,openmarcie_bicycle__only_depth__qwen3_4b,qwen3_4b,only_depth,edge,chest_lidar0,chest_lidar0_depth,21224,84896,0,89907,983552,0.14496100084215868,0.15800109922565753,0.012500000593718141,83,2.0664,10.0,4.426666666666667e-05
openmarcie_bicycle,cpu,fixed_resampling,openmarcie_bicycle__only_depth__qwen3_4b,qwen3_4b,only_depth,edge,room_rgbd0,room_rgbd0_depth,21224,84896,0,89907,983552,0.13807100003759842,0.1511020993348211,0.012180000339867547,83,2.0664,10.0,4.426666666666667e-05
openmarcie_bicycle,cpu,fixed_resampling,openmarcie_bicycle__only_depth__qwen3_4b,qwen3_4b,only_depth,edge,room_rgbd1,room_rgbd1_depth,21224,84896,0,89907,983552,0.13897100143367425,0.15752899998915382,0.012519998563220724,83,2.0664,10.0,4.426666666666667e-05
openmarcie_bicycle,cpu,fixed_resampling,openmarcie_bicycle__only_depth__qwen3_4b,qwen3_4b,only_depth,core,core,,30776,123104,0,135022,1461952,0.3142610003123991,0.34317889858357375,0.025400000595254824,,,,
openmarcie_bicycle,cpu,fixed_resampling,openmarcie_bicycle__only_depth__qwen3_4b,qwen3_4b,only_depth,core,core_language,,4029108736,8071498752,256,,672330427776,1387.5869269995746,1399.6711226005573,0.6161330002214527,,,,
openmarcie_bicycle,cpu,finetune_encoders,openmarcie_bicycle__only_depth__qwen3_4b,qwen3_4b,only_depth,edge,chest_lidar0,chest_lidar0_depth,21224,84896,0,89907,1257984,0.2122409987350693,0.23160989894677186,0.01247000000148546,83,2.0664,10.0,4.426666666666667e-05
openmarcie_bicycle,cpu,finetune_encoders,openmarcie_bicycle__only_depth__qwen3_4b,qwen3_4b,only_depth,edge,room_rgbd0,room_rgbd0_depth,21224,84896,0,89907,1257984,0.21618100072373636,0.2259009994304506,0.012430000424501486,83,2.0664,10.0,4.426666666666667e-05
openmarcie_bicycle,cpu,finetune_encoders,openmarcie_bicycle__only_depth__qwen3_4b,qwen3_4b,only_depth,edge,room_rgbd1,room_rgbd1_depth,21224,84896,0,89907,1257984,0.21108100008859765,0.227532999633695,0.012520000382210128,83,2.0664,10.0,4.426666666666667e-05
openmarcie_bicycle,cpu,finetune_encoders,openmarcie_bicycle__only_depth__qwen3_4b,qwen3_4b,only_depth,core,core,,30776,123104,0,135022,1461952,0.317202000587713,0.3443810992393992,0.026190000426140614,,,,
openmarcie_bicycle,cpu,finetune_encoders,openmarcie_bicycle__only_depth__qwen3_4b,qwen3_4b,only_depth,core,core_language,,4029108736,8071498752,256,,672330427776,1387.5869269995746,1399.6711226005573,0.6184630001371261,,,,
openmarcie_bicycle,cpu,no_alignment,openmarcie_bicycle__only_depth__qwen3_4b,qwen3_4b,only_depth,edge,chest_lidar0,chest_lidar0_depth,21224,84896,0,89907,1257984,0.2099009998346446,0.22699199998896802,0.012579999747686088,83,2.0664,10.0,4.426666666666667e-05
openmarcie_bicycle,cpu,no_alignment,openmarcie_bicycle__only_depth__qwen3_4b,qwen3_4b,only_depth,edge,room_rgbd0,room_rgbd0_depth,21224,84896,0,89907,1257984,0.21512099920073524,0.2228520001153811,0.012979999155504629,83,2.0664,10.0,4.426666666666667e-05
openmarcie_bicycle,cpu,no_alignment,openmarcie_bicycle__only_depth__qwen3_4b,qwen3_4b,only_depth,edge,room_rgbd1,room_rgbd1_depth,21224,84896,0,89907,1257984,0.20807099826924969,0.23165100101323333,0.012699998478638008,83,2.0664,10.0,4.426666666666667e-05
openmarcie_bicycle,cpu,no_alignment,openmarcie_bicycle__only_depth__qwen3_4b,qwen3_4b,only_depth,core,core,,30776,123104,0,135022,1461952,0.3231609989597928,0.33833589932328323,0.025920000553014688,,,,
openmarcie_bicycle,cpu,no_alignment,openmarcie_bicycle__only_depth__qwen3_4b,qwen3_4b,only_depth,core,core_language,,4029108736,8071498752,256,,672330427776,1387.5869269995746,1399.6711226005573,0.6143330010672798,,,,
openmarcie_bicycle,cpu,no_usage,openmarcie_bicycle__only_depth__qwen3_4b,qwen3_4b,only_depth,edge,chest_lidar0,chest_lidar0_depth,21224,84896,0,89907,1257984,0.2130110005964525,0.23477300128433853,0.012549999155453406,83,2.0664,10.0,4.426666666666667e-05
openmarcie_bicycle,cpu,no_usage,openmarcie_bicycle__only_depth__qwen3_4b,qwen3_4b,only_depth,edge,room_rgbd0,room_rgbd0_depth,21224,84896,0,89907,1257984,0.21035100144217722,0.2241119991595042,0.012450000212993473,83,2.0664,10.0,4.426666666666667e-05
openmarcie_bicycle,cpu,no_usage,openmarcie_bicycle__only_depth__qwen3_4b,qwen3_4b,only_depth,edge,room_rgbd1,room_rgbd1_depth,21224,84896,0,89907,1257984,0.2103810002154205,0.22883099991304334,0.012119999155402184,83,2.0664,10.0,4.426666666666667e-05
openmarcie_bicycle,cpu,no_usage,openmarcie_bicycle__only_depth__qwen3_4b,qwen3_4b,only_depth,core,core,,30776,123104,0,135022,1461952,0.31707199923403095,0.3305260997876758,0.026089999664691277,,,,
openmarcie_bicycle,cpu,no_usage,openmarcie_bicycle__only_depth__qwen3_4b,qwen3_4b,only_depth,core,core_language,,4029108736,8071498752,256,,672330427776,1387.5869269995746,1399.6711226005573,0.6131629997980781,,,,
openmarcie_bicycle,cpu,tcn,openmarcie_bicycle__only_depth__qwen3_4b,qwen3_4b,only_depth,edge,chest_lidar0,chest_lidar0_depth,0,0,0,0,0,0.0005100009730085731,0.0008250000973930582,0.009109999155043624,6396,7.1168,10.0,0.0034112
openmarcie_bicycle,cpu,tcn,openmarcie_bicycle__only_depth__qwen3_4b,qwen3_4b,only_depth,edge,room_rgbd0,room_rgbd0_depth,0,0,0,0,0,0.00043000000005122274,0.0006010006472934037,0.008880000677891076,6396,7.1168,10.0,0.0034112
openmarcie_bicycle,cpu,tcn,openmarcie_bicycle__only_depth__qwen3_4b,qwen3_4b,only_depth,edge,room_rgbd1,room_rgbd1_depth,0,0,0,0,0,0.00043000000005122274,0.0005919999239267781,0.00867000017024111,6396,7.1168,10.0,0.0034112
openmarcie_bicycle,cpu,tcn,openmarcie_bicycle__only_depth__qwen3_4b,qwen3_4b,only_depth,core,core,,33048,132192,0,142717,2034624,0.5658530008076923,0.598756999897887,0.017759999536792748,,,,
openmarcie_bicycle,cpu,tcn,openmarcie_bicycle__only_depth__qwen3_4b,qwen3_4b,only_depth,core,core_language,,4029108736,8071498752,256,,731433152896,1392.476330000136,1394.2648549998921,0.7055129990476416,,,,
openmarcie_bicycle,cpu,ts_transformer,openmarcie_bicycle__only_depth__qwen3_4b,qwen3_4b,only_depth,edge,chest_lidar0,chest_lidar0_depth,0,0,0,0,0,0.0005199999577598646,0.0009520003004581667,0.009100000170292333,6396,7.1168,10.0,0.0034112
openmarcie_bicycle,cpu,ts_transformer,openmarcie_bicycle__only_depth__qwen3_4b,qwen3_4b,only_depth,edge,room_rgbd0,room_rgbd0_depth,0,0,0,0,0,0.0005099991540191695,0.0006629999916185625,0.008779999916441739,6396,7.1168,10.0,0.0034112
openmarcie_bicycle,cpu,ts_transformer,openmarcie_bicycle__only_depth__qwen3_4b,qwen3_4b,only_depth,edge,room_rgbd1,room_rgbd1_depth,0,0,0,0,0,0.0004799985617864877,0.0005069990947959013,0.00861000080476515,6396,7.1168,10.0,0.0034112
openmarcie_bicycle,cpu,ts_transformer,openmarcie_bicycle__only_depth__qwen3_4b,qwen3_4b,only_depth,core,core,,45912,183648,0,197785,3083200,0.633032999758143,0.6515999990369892,0.017520000255899504,,,,
openmarcie_bicycle,cpu,ts_transformer,openmarcie_bicycle__only_depth__qwen3_4b,qwen3_4b,only_depth,core,core_language,,4029108736,8071498752,256,,731433152896,1392.476330000136,1394.2648549998921,0.702583998645423,,,,
openmarcie_bicycle,cpu,patchtst,openmarcie_bicycle__only_depth__qwen3_4b,qwen3_4b,only_depth,edge,chest_lidar0,chest_lidar0_depth,0,0,0,0,0,0.0004899993655271828,0.0008050001270021312,0.008870001693139784,6396,7.1168,10.0,0.0034112
openmarcie_bicycle,cpu,patchtst,openmarcie_bicycle__only_depth__qwen3_4b,qwen3_4b,only_depth,edge,room_rgbd0,room_rgbd0_depth,0,0,0,0,0,0.00043000000005122274,0.0005919999239267781,0.008609998985775746,6396,7.1168,10.0,0.0034112
openmarcie_bicycle,cpu,patchtst,openmarcie_bicycle__only_depth__qwen3_4b,qwen3_4b,only_depth,edge,room_rgbd1,room_rgbd1_depth,0,0,0,0,0,0.0004199991963105276,0.0004920000719721429,0.008669998351251706,6396,7.1168,10.0,0.0034112
openmarcie_bicycle,cpu,patchtst,openmarcie_bicycle__only_depth__qwen3_4b,qwen3_4b,only_depth,core,core,,39928,159712,0,173849,69986496,1.0207539999100845,1.0628578007526812,0.017860000298242085,,,,
openmarcie_bicycle,cpu,patchtst,openmarcie_bicycle__only_depth__qwen3_4b,qwen3_4b,only_depth,core,core_language,,4029108736,8071498752,256,,546987812096,1354.2728129996249,1355.7529952995537,0.53067299995746,,,,
openmarcie_bicycle,cpu,distrixsense,openmarcie_bicycle__only_imu__qwen3_4b,qwen3_4b,only_imu,edge,imu_gateway,imu,10474,41896,0,47027,575488,0.2254110004287213,0.24437399879388977,0.012849999620812014,81,2.0648,10.0,4.32e-05
openmarcie_bicycle,cpu,distrixsense,openmarcie_bicycle__only_imu__qwen3_4b,qwen3_4b,only_imu,core,core,,28600,114400,0,126318,488000,0.24354099878109992,0.2731789008976193,0.010339999789721332,,,,
openmarcie_bicycle,cpu,distrixsense,openmarcie_bicycle__only_imu__qwen3_4b,qwen3_4b,only_imu,core,core_language,,4029108736,8071498752,256,,524957000576,1350.7986749991687,1368.5392131001208,0.43304300015734043,,,,
openmarcie_bicycle,cpu,dense,openmarcie_bicycle__only_imu__qwen3_4b,qwen3_4b,only_imu,edge,imu_gateway,imu,7042,28168,0,31309,443904,0.15868999980739318,0.17538589963805862,0.009331000910606235,4324,5.4592,10.0,0.0023061333333333333
openmarcie_bicycle,cpu,dense,openmarcie_bicycle__only_imu__qwen3_4b,qwen3_4b,only_imu,core,core,,27576,110304,0,121905,1997888,0.22142099987831898,0.2483408996340586,0.006660000508418307,,,,
openmarcie_bicycle,cpu,dense,openmarcie_bicycle__only_imu__qwen3_4b,qwen3_4b,only_imu,core,core_language,,4029108736,8071498752,256,,701925437312,1383.517098000084,1384.5212963984523,0.7193540004664101,,,,
openmarcie_bicycle,cpu,dense_tokens,openmarcie_bicycle__only_imu__qwen3_4b,qwen3_4b,only_imu,edge,imu_gateway,imu,9418,37672,0,42297,559104,0.20911100000375882,0.22330399970087456,0.008600000001024455,1100,2.88,10.0,0.0005866666666666667
openmarcie_bicycle,cpu,dense_tokens,openmarcie_bicycle__only_imu__qwen3_4b,qwen3_4b,only_imu,core,core,,27576,110304,0,121905,488000,0.20657100139942486,0.232239000069967,0.0062800008890917525,,,,
openmarcie_bicycle,cpu,dense_tokens,openmarcie_bicycle__only_imu__qwen3_4b,qwen3_4b,only_imu,core,core_language,,4029108736,8071498752,256,,524957000576,1350.7986749991687,1368.5392131001208,0.4288620002625976,,,,
openmarcie_bicycle,cpu,raw,openmarcie_bicycle__only_imu__qwen3_4b,qwen3_4b,only_imu,edge,imu_gateway,imu,0,0,0,0,0,0.0005100009730085731,0.0008070002877502702,0.013580000086221844,16164,14.9312,10.0,0.0086208
openmarcie_bicycle,cpu,raw,openmarcie_bicycle__only_imu__qwen3_4b,qwen3_4b,only_imu,core,core,,34618,138472,0,152601,2441792,0.4568820004351437,0.46877099994162563,0.006880000000819564,,,,
openmarcie_bicycle,cpu,raw,openmarcie_bicycle__only_imu__qwen3_4b,qwen3_4b,only_imu,core,core_language,,4029108736,8071498752,256,,701925437312,1383.517098000084,1384.5212963984523,0.7170530006987974,,,,
openmarcie_bicycle,cpu,early_fusion,openmarcie_bicycle__only_imu__qwen3_4b,qwen3_4b,only_imu,edge,imu_gateway,imu,0,0,0,0,0,0.0005100009730085731,0.0008789995263214223,0.011320000339765102,16164,14.9312,10.0,0.0086208
openmarcie_bicycle,cpu,early_fusion,openmarcie_bicycle__only_imu__qwen3_4b,qwen3_4b,only_imu,core,core,,28858,115432,0,128927,2075200,0.44800199975725263,0.4630410003301222,0.007189999450929463,,,,
openmarcie_bicycle,cpu,early_fusion,openmarcie_bicycle__only_imu__qwen3_4b,qwen3_4b,only_imu,core,core_language,,4029108736,8071498752,256,,701925437312,1383.517098000084,1384.5212963984523,0.7065930003591347,,,,
openmarcie_bicycle,cpu,late_fusion,openmarcie_bicycle__only_imu__qwen3_4b,qwen3_4b,only_imu,edge,imu_gateway,imu,7438,29752,0,33285,444672,0.17071100046450738,0.18627200042828918,0.008140001227729954,96,2.0768,10.0,5.12e-05
openmarcie_bicycle,cpu,late_fusion,openmarcie_bicycle__only_imu__qwen3_4b,qwen3_4b,only_imu,core,core,,0,0,0,0,0,0.023689999579801224,0.03092599999945378,0.005870000677532516,,,,
openmarcie_bicycle,cpu,late_fusion,openmarcie_bicycle__only_imu__qwen3_4b,qwen3_4b,only_imu,core,core_language,,4022468096,8044936192,256,,591014930432,1363.9552559998265,1364.4799317013167,0.1736310005071573,,,,
openmarcie_bicycle,cpu,local_only,openmarcie_bicycle__only_imu__qwen3_4b,qwen3_4b,only_imu,edge,imu_gateway,imu,7438,29752,0,33285,444672,0.17552000099385623,0.19064090029132785,0.007959999493323267,52,2.0416,10.0,2.7733333333333334e-05
openmarcie_bicycle,cpu,local_only,openmarcie_bicycle__only_imu__qwen3_4b,qwen3_4b,only_imu,core,core,,0,0,0,0,0,0.028820999432355165,0.03636209949036129,0.005959998816251755,,,,
openmarcie_bicycle,cpu,local_only,openmarcie_bicycle__only_imu__qwen3_4b,qwen3_4b,only_imu,core,core_language,,4022468096,8044936192,256,,591014930432,1363.9552559998265,1364.4799317013167,0.1704499991319608,,,,
openmarcie_bicycle,cpu,bottleneck,openmarcie_bicycle__only_imu__qwen3_4b,qwen3_4b,only_imu,edge,imu_gateway,imu,7174,28696,0,32261,452096,0.17809100063459482,0.20176100078970194,0.00861000080476515,684,2.5472,10.0,0.0003648
openmarcie_bicycle,cpu,bottleneck,openmarcie_bicycle__only_imu__qwen3_4b,qwen3_4b,only_imu,core,core,,27736,110944,0,123115,2006080,0.22576099945581518,0.25500199881207664,0.006390000635292381,,,,
openmarcie_bicycle,cpu,bottleneck,openmarcie_bicycle__only_imu__qwen3_4b,qwen3_4b,only_imu,core,core_language,,4029108736,8071498752,256,,701925437312,1383.517098000084,1384.5212963984523,0.732473999960348,,,,
openmarcie_bicycle,cpu,tokenlearner,openmarcie_bicycle__only_imu__qwen3_4b,qwen3_4b,only_imu,edge,imu_gateway,imu,8362,33448,0,37503,542720,0.21189099970797542,0.22116099989943905,0.008499999239575118,1100,2.88,10.0,0.0005866666666666667
openmarcie_bicycle,cpu,tokenlearner,openmarcie_bicycle__only_imu__qwen3_4b,qwen3_4b,only_imu,core,core,,27576,110304,0,121905,488000,0.20668099932663608,0.24075589954009047,0.006520000169984996,,,,
openmarcie_bicycle,cpu,tokenlearner,openmarcie_bicycle__only_imu__qwen3_4b,qwen3_4b,only_imu,core,core_language,,4029108736,8071498752,256,,524957000576,1350.7986749991687,1368.5392131001208,0.43897199975617696,,,,
openmarcie_bicycle,cpu,posthoc_vq,openmarcie_bicycle__only_imu__qwen3_4b,qwen3_4b,only_imu,edge,imu_gateway,imu,8066,32264,0,35657,509440,0.26895100018009543,0.3093520010224893,0.012989999959245324,192,2.1536,10.0,0.0001024
openmarcie_bicycle,cpu,posthoc_vq,openmarcie_bicycle__only_imu__qwen3_4b,qwen3_4b,only_imu,core,core,,28600,114400,0,126318,1997888,0.2728909985307837,0.29327690026548225,0.01058000088960398,,,,
openmarcie_bicycle,cpu,posthoc_vq,openmarcie_bicycle__only_imu__qwen3_4b,qwen3_4b,only_imu,core,core_language,,4029108736,8071498752,256,,701925437312,1383.517098000084,1384.5212963984523,0.7344429996010149,,,,
openmarcie_bicycle,cpu,joint_vq,openmarcie_bicycle__only_imu__qwen3_4b,qwen3_4b,only_imu,edge,imu_gateway,imu,10442,41768,0,46646,575488,0.2935510001407238,0.31367590054287575,0.012579999747686088,81,2.0648,10.0,4.32e-05
openmarcie_bicycle,cpu,joint_vq,openmarcie_bicycle__only_imu__qwen3_4b,qwen3_4b,only_imu,core,core,,28600,114400,0,126318,488000,0.23844100178394,0.26556699976936216,0.010030000339611433,,,,
openmarcie_bicycle,cpu,joint_vq,openmarcie_bicycle__only_imu__qwen3_4b,qwen3_4b,only_imu,core,core_language,,4029108736,8071498752,256,,524957000576,1350.7986749991687,1368.5392131001208,0.4472820000955835,,,,
openmarcie_bicycle,cpu,deepconvlstm,openmarcie_bicycle__only_imu__qwen3_4b,qwen3_4b,only_imu,edge,imu_gateway,imu,0,0,0,0,0,0.0004899993655271828,0.0009130006219493225,0.01154999881691765,16164,14.9312,10.0,0.0086208
openmarcie_bicycle,cpu,deepconvlstm,openmarcie_bicycle__only_imu__qwen3_4b,qwen3_4b,only_imu,core,core,,36686,146744,0,153441,2279680,0.3493509993859334,0.3872869005135726,0.007059999916236848,,,,
openmarcie_bicycle,cpu,deepconvlstm,openmarcie_bicycle__only_imu__qwen3_4b,qwen3_4b,only_imu,core,core_language,,4029108736,8071498752,256,,701925437312,1383.517098000084,1384.5212963984523,0.7306629995582625,,,,
openmarcie_bicycle,cpu,unrestricted_bank,openmarcie_bicycle__only_imu__qwen3_4b,qwen3_4b,only_imu,edge,imu_gateway,imu,10474,41896,0,47027,575488,0.2131809997081291,0.2306589998624986,0.012481001249398105,81,2.0648,10.0,4.32e-05
openmarcie_bicycle,cpu,unrestricted_bank,openmarcie_bicycle__only_imu__qwen3_4b,qwen3_4b,only_imu,core,core,,28600,114400,0,126318,488000,0.2217110013589263,0.23749790016154293,0.010010000551119447,,,,
openmarcie_bicycle,cpu,unrestricted_bank,openmarcie_bicycle__only_imu__qwen3_4b,qwen3_4b,only_imu,core,core_language,,4029108736,8071498752,256,,524957000576,1350.7986749991687,1368.5392131001208,0.43526199988264125,,,,
openmarcie_bicycle,cpu,separate_banks,openmarcie_bicycle__only_imu__qwen3_4b,qwen3_4b,only_imu,edge,imu_gateway,imu,10474,41896,0,47027,575488,0.21743100114690606,0.23204700046335347,0.012760001482092775,81,2.0648,10.0,4.32e-05
openmarcie_bicycle,cpu,separate_banks,openmarcie_bicycle__only_imu__qwen3_4b,qwen3_4b,only_imu,core,core,,28600,114400,0,126318,488000,0.24545099950046279,0.2698869009691407,0.009801000487641431,,,,
openmarcie_bicycle,cpu,separate_banks,openmarcie_bicycle__only_imu__qwen3_4b,qwen3_4b,only_imu,core,core_language,,4029108736,8071498752,256,,524957000576,1350.7986749991687,1368.5392131001208,0.45198199950391427,,,,
openmarcie_bicycle,cpu,fixed_resampling,openmarcie_bicycle__only_imu__qwen3_4b,qwen3_4b,only_imu,edge,imu_gateway,imu,10474,41896,0,47027,543232,0.14270100109570194,0.15623610161128454,0.012639999113162048,81,2.0648,10.0,4.32e-05
openmarcie_bicycle,cpu,fixed_resampling,openmarcie_bicycle__only_imu__qwen3_4b,qwen3_4b,only_imu,core,core,,28600,114400,0,126318,488000,0.23848100136092398,0.26089100010722177,0.010020001354860142,,,,
openmarcie_bicycle,cpu,fixed_resampling,openmarcie_bicycle__only_imu__qwen3_4b,qwen3_4b,only_imu,core,core_language,,4029108736,8071498752,256,,524957000576,1350.7986749991687,1368.5392131001208,0.42761100121424533,,,,
openmarcie_bicycle,cpu,finetune_encoders,openmarcie_bicycle__only_imu__qwen3_4b,qwen3_4b,only_imu,edge,imu_gateway,imu,10474,41896,0,47027,575488,0.21467099941219203,0.23096999975678045,0.012599999536178075,81,2.0648,10.0,4.32e-05
openmarcie_bicycle,cpu,finetune_encoders,openmarcie_bicycle__only_imu__qwen3_4b,qwen3_4b,only_imu,core,core,,28600,114400,0,126318,488000,0.239681001403369,0.2625590001116507,0.010230000043520704,,,,
openmarcie_bicycle,cpu,finetune_encoders,openmarcie_bicycle__only_imu__qwen3_4b,qwen3_4b,only_imu,core,core_language,,4029108736,8071498752,256,,524957000576,1350.7986749991687,1368.5392131001208,0.42781199954333715,,,,
openmarcie_bicycle,cpu,no_alignment,openmarcie_bicycle__only_imu__qwen3_4b,qwen3_4b,only_imu,edge,imu_gateway,imu,10474,41896,0,47027,575488,0.21399099932750687,0.23037099963403307,0.012140000762883574,81,2.0648,10.0,4.32e-05
openmarcie_bicycle,cpu,no_alignment,openmarcie_bicycle__only_imu__qwen3_4b,qwen3_4b,only_imu,core,core,,28600,114400,0,126318,488000,0.24474099882354494,0.25861000031000003,0.009801000487641431,,,,
openmarcie_bicycle,cpu,no_alignment,openmarcie_bicycle__only_imu__qwen3_4b,qwen3_4b,only_imu,core,core_language,,4029108736,8071498752,256,,524957000576,1350.7986749991687,1368.5392131001208,0.4243519997544354,,,,
openmarcie_bicycle,cpu,no_usage,openmarcie_bicycle__only_imu__qwen3_4b,qwen3_4b,only_imu,edge,imu_gateway,imu,10474,41896,0,47027,575488,0.21545100025832653,0.23971499904291704,0.012370001059025526,81,2.0648,10.0,4.32e-05
openmarcie_bicycle,cpu,no_usage,openmarcie_bicycle__only_imu__qwen3_4b,qwen3_4b,only_imu,core,core,,28600,114400,0,126318,488000,0.2331609994143946,0.2567859992268495,0.010299998393747956,,,,
openmarcie_bicycle,cpu,no_usage,openmarcie_bicycle__only_imu__qwen3_4b,qwen3_4b,only_imu,core,core_language,,4029108736,8071498752,256,,524957000576,1350.7986749991687,1368.5392131001208,0.4161320011917269,,,,
openmarcie_bicycle,cpu,tcn,openmarcie_bicycle__only_imu__qwen3_4b,qwen3_4b,only_imu,edge,imu_gateway,imu,0,0,0,0,0,0.0005000001692678779,0.0008869985322235152,0.011059999451390468,16164,14.9312,10.0,0.0086208
openmarcie_bicycle,cpu,tcn,openmarcie_bicycle__only_imu__qwen3_4b,qwen3_4b,only_imu,core,core,,14746,58984,0,67157,889152,0.3545220006344607,0.38294399964797776,0.007310000000870787,,,,
openmarcie_bicycle,cpu,tcn,openmarcie_bicycle__only_imu__qwen3_4b,qwen3_4b,only_imu,core,core_language,,4029108736,8071498752,256,,701925437312,1383.517098000084,1384.5212963984523,0.7087130015861476,,,,
openmarcie_bicycle,cpu,ts_transformer,openmarcie_bicycle__only_imu__qwen3_4b,qwen3_4b,only_imu,edge,imu_gateway,imu,0,0,0,0,0,0.0005100009730085731,0.0008519989933120087,0.011079999239882454,16164,14.9312,10.0,0.0086208
openmarcie_bicycle,cpu,ts_transformer,openmarcie_bicycle__only_imu__qwen3_4b,qwen3_4b,only_imu,core,core,,27610,110440,0,122097,1937728,0.3868220010190271,0.41515399934723973,0.007099999493220821,,,,
openmarcie_bicycle,cpu,ts_transformer,openmarcie_bicycle__only_imu__qwen3_4b,qwen3_4b,only_imu,core,core_language,,4029108736,8071498752,256,,701925437312,1383.517098000084,1384.5212963984523,0.7201230000646319,,,,
openmarcie_bicycle,cpu,patchtst,openmarcie_bicycle__only_imu__qwen3_4b,qwen3_4b,only_imu,edge,imu_gateway,imu,0,0,0,0,0,0.0005099991540191695,0.0008429997251369059,0.011200001608813182,16164,14.9312,10.0,0.0086208
openmarcie_bicycle,cpu,patchtst,openmarcie_bicycle__only_imu__qwen3_4b,qwen3_4b,only_imu,core,core,,27162,108648,0,120305,7602496,0.49308199959341437,0.5214599003011244,0.006820000635343604,,,,
openmarcie_bicycle,cpu,patchtst,openmarcie_bicycle__only_imu__qwen3_4b,qwen3_4b,only_imu,core,core_language,,4029108736,8071498752,256,,517598061312,1352.7679889994033,1353.2538566987569,0.4227520003041718,,,,
openmarcie_bicycle,cpu,distrixsense,openmarcie_bicycle__only_magnetometer__qwen3_4b,qwen3_4b,only_magnetometer,edge,magnetometer_gateway,magnetometer,8134,32536,0,37683,427264,0.21640100021613762,0.22154899979796028,0.01227999928232748,81,2.0648,10.0,4.32e-05
openmarcie_bicycle,cpu,distrixsense,openmarcie_bicycle__only_magnetometer__qwen3_4b,qwen3_4b,only_magnetometer,core,core,,28600,114400,0,126318,488000,0.23305099966819398,0.2604380006232532,0.010069999916595407,,,,
openmarcie_bicycle,cpu,distrixsense,openmarcie_bicycle__only_magnetometer__qwen3_4b,qwen3_4b,only_magnetometer,core,core_language,,4029108736,8071498752,256,,524957000576,1350.7986749991687,1368.5392131001208,0.4212809999444289,,,,
openmarcie_bicycle,cpu,dense,openmarcie_bicycle__only_magnetometer__qwen3_4b,qwen3_4b,only_magnetometer,edge,magnetometer_gateway,magnetometer,4702,18808,0,21965,295680,0.1445300003979355,0.15746389908599667,0.00886999987415038,4324,5.4592,10.0,0.0023061333333333333
openmarcie_bicycle,cpu,dense,openmarcie_bicycle__only_magnetometer__qwen3_4b,qwen3_4b,only_magnetometer,core,core,,27576,110304,0,121905,1997888,0.21621099949697964,0.24277900010929443,0.006550000762217678,,,,
openmarcie_bicycle,cpu,dense,openmarcie_bicycle__only_magnetometer__qwen3_4b,qwen3_4b,only_magnetometer,core,core_language,,4029108736,8071498752,256,,701925437312,1383.517098000084,1384.5212963984523,0.708163001036155,,,,
openmarcie_bicycle,cpu,dense_tokens,openmarcie_bicycle__only_magnetometer__qwen3_4b,qwen3_4b,only_magnetometer,edge,magnetometer_gateway,magnetometer,7078,28312,0,32953,410880,0.19522100046742707,0.21256400123093044,0.007969998478074558,1100,2.88,10.0,0.0005866666666666667
openmarcie_bicycle,cpu,dense_tokens,openmarcie_bicycle__only_magnetometer__qwen3_4b,qwen3_4b,only_magnetometer,core,core,,27576,110304,0,121905,488000,0.20878099894616753,0.22496300134662306,0.006330001269816421,,,,
openmarcie_bicycle,cpu,dense_tokens,openmarcie_bicycle__only_magnetometer__qwen3_4b,qwen3_4b,only_magnetometer,core,core_language,,4029108736,8071498752,256,,524957000576,1350.7986749991687,1368.5392131001208,0.4227620011079125,,,,
openmarcie_bicycle,cpu,raw,openmarcie_bicycle__only_magnetometer__qwen3_4b,qwen3_4b,only_magnetometer,edge,magnetometer_gateway,magnetometer,0,0,0,0,0,0.0005199999577598646,0.0007900003765826114,0.008619999789516442,1244,2.9952,10.0,0.0006634666666666667
openmarcie_bicycle,cpu,raw,openmarcie_bicycle__only_magnetometer__qwen3_4b,qwen3_4b,only_magnetometer,core,core,,32278,129112,0,143321,2293568,0.4377819986984832,0.4544410001471988,0.006520000169984996,,,,
openmarcie_bicycle,cpu,raw,openmarcie_bicycle__only_magnetometer__qwen3_4b,qwen3_4b,only_magnetometer,core,core_language,,4029108736,8071498752,256,,701925437312,1383.517098000084,1384.5212963984523,0.7087030007824069,,,,
openmarcie_bicycle,cpu,early_fusion,openmarcie_bicycle__only_magnetometer__qwen3_4b,qwen3_4b,only_magnetometer,edge,magnetometer_gateway,magnetometer,0,0,0,0,0,0.0005000001692678779,0.0008240000170189887,0.008709999747225083,1244,2.9952,10.0,0.0006634666666666667
openmarcie_bicycle,cpu,early_fusion,openmarcie_bicycle__only_magnetometer__qwen3_4b,qwen3_4b,only_magnetometer,core,core,,28054,112216,0,125791,2025280,0.4310020012781024,0.450991000252543,0.006610000127693638,,,,
openmarcie_bicycle,cpu,early_fusion,openmarcie_bicycle__only_magnetometer__qwen3_4b,qwen3_4b,only_magnetometer,core,core_language,,4029108736,8071498752,256,,701925437312,1383.517098000084,1384.5212963984523,0.726124000721029,,,,
openmarcie_bicycle,cpu,late_fusion,openmarcie_bicycle__only_magnetometer__qwen3_4b,qwen3_4b,only_magnetometer,edge,magnetometer_gateway,magnetometer,5098,20392,0,23941,296448,0.1585709997016238,0.17426699905627174,0.008109998816507868,96,2.0768,10.0,5.12e-05
openmarcie_bicycle,cpu,late_fusion,openmarcie_bicycle__only_magnetometer__qwen3_4b,qwen3_4b,only_magnetometer,core,core,,0,0,0,0,0,0.023489999875891954,0.03070800048590172,0.005789999704575166,,,,
openmarcie_bicycle,cpu,late_fusion,openmarcie_bicycle__only_magnetometer__qwen3_4b,qwen3_4b,only_magnetometer,core,core_language,,4022468096,8044936192,256,,591014930432,1363.9552559998265,1364.4799317013167,0.17329100046481472,,,,
openmarcie_bicycle,cpu,local_only,openmarcie_bicycle__only_magnetometer__qwen3_4b,qwen3_4b,only_magnetometer,edge,magnetometer_gateway,magnetometer,5098,20392,0,23941,296448,0.1616099998500431,0.1803848997951718,0.007940001523820683,52,2.0416,10.0,2.7733333333333334e-05
openmarcie_bicycle,cpu,local_only,openmarcie_bicycle__only_magnetometer__qwen3_4b,qwen3_4b,only_magnetometer,core,core,,0,0,0,0,0,0.028610000299522653,0.03667400014819577,0.005980000423733145,,,,
openmarcie_bicycle,cpu,local_only,openmarcie_bicycle__only_magnetometer__qwen3_4b,qwen3_4b,only_magnetometer,core,core_language,,4022468096,8044936192,256,,591014930432,1363.9552559998265,1364.4799317013167,0.168210999618168,,,,
openmarcie_bicycle,cpu,bottleneck,openmarcie_bicycle__only_magnetometer__qwen3_4b,qwen3_4b,only_magnetometer,edge,magnetometer_gateway,magnetometer,4834,19336,0,22917,303872,0.16612100080237724,0.17904500000440748,0.008590001016273163,684,2.5472,10.0,0.0003648
openmarcie_bicycle,cpu,bottleneck,openmarcie_bicycle__only_magnetometer__qwen3_4b,qwen3_4b,only_magnetometer,core,core,,27736,110944,0,123115,2006080,0.22212099975149613,0.24227290068665752,0.006260001100599766,,,,
openmarcie_bicycle,cpu,bottleneck,openmarcie_bicycle__only_magnetometer__qwen3_4b,qwen3_4b,only_magnetometer,core,core_language,,4029108736,8071498752,256,,701925437312,1383.517098000084,1384.5212963984523,0.7260330003191484,,,,
openmarcie_bicycle,cpu,tokenlearner,openmarcie_bicycle__only_magnetometer__qwen3_4b,qwen3_4b,only_magnetometer,edge,magnetometer_gateway,magnetometer,6022,24088,0,28159,394496,0.1982810008485103,0.20589500054484233,0.008110000635497272,1100,2.88,10.0,0.0005866666666666667
openmarcie_bicycle,cpu,tokenlearner,openmarcie_bicycle__only_magnetometer__qwen3_4b,qwen3_4b,only_magnetometer,core,core,,27576,110304,0,121905,488000,0.21218099936959334,0.2223779987616581,0.006300000677583739,,,,
openmarcie_bicycle,cpu,tokenlearner,openmarcie_bicycle__only_magnetometer__qwen3_4b,qwen3_4b,only_magnetometer,core,core_language,,4029108736,8071498752,256,,524957000576,1350.7986749991687,1368.5392131001208,0.44085199988330714,,,,
openmarcie_bicycle,cpu,posthoc_vq,openmarcie_bicycle__only_magnetometer__qwen3_4b,qwen3_4b,only_magnetometer,edge,magnetometer_gateway,magnetometer,5726,22904,0,26313,361216,0.2508710003894521,0.25704499894345645,0.013040000339969993,192,2.1536,10.0,0.0001024
openmarcie_bicycle,cpu,posthoc_vq,openmarcie_bicycle__only_magnetometer__qwen3_4b,qwen3_4b,only_magnetometer,core,core,,28600,114400,0,126318,1997888,0.25263099996664096,0.2769310000076075,0.010409999958937988,,,,
openmarcie_bicycle,cpu,posthoc_vq,openmarcie_bicycle__only_magnetometer__qwen3_4b,qwen3_4b,only_magnetometer,core,core_language,,4029108736,8071498752,256,,701925437312,1383.517098000084,1384.5212963984523,0.7155229995987611,,,,
openmarcie_bicycle,cpu,joint_vq,openmarcie_bicycle__only_magnetometer__qwen3_4b,qwen3_4b,only_magnetometer,edge,magnetometer_gateway,magnetometer,8102,32408,0,37302,427264,0.2854710000974592,0.28942200005985796,0.01261000033991877,81,2.0648,10.0,4.32e-05
openmarcie_bicycle,cpu,joint_vq,openmarcie_bicycle__only_magnetometer__qwen3_4b,qwen3_4b,only_magnetometer,core,core,,28600,114400,0,126318,488000,0.24286099869641475,0.25589300003048265,0.010260000635753386,,,,
openmarcie_bicycle,cpu,joint_vq,openmarcie_bicycle__only_magnetometer__qwen3_4b,qwen3_4b,only_magnetometer,core,core_language,,4029108736,8071498752,256,,524957000576,1350.7986749991687,1368.5392131001208,0.4270019999239594,,,,
openmarcie_bicycle,cpu,deepconvlstm,openmarcie_bicycle__only_magnetometer__qwen3_4b,qwen3_4b,only_magnetometer,edge,magnetometer_gateway,magnetometer,0,0,0,0,0,0.0005300007615005597,0.0008000011803233065,0.008879998858901672,1244,2.9952,10.0,0.0006634666666666667
openmarcie_bicycle,cpu,deepconvlstm,openmarcie_bicycle__only_magnetometer__qwen3_4b,qwen3_4b,only_magnetometer,core,core,,34346,137384,0,144161,2131456,0.33338200046273414,0.34642210048332345,0.00664000071992632,,,,
openmarcie_bicycle,cpu,deepconvlstm,openmarcie_bicycle__only_magnetometer__qwen3_4b,qwen3_4b,only_magnetometer,core,core_language,,4029108736,8071498752,256,,701925437312,1383.517098000084,1384.5212963984523,0.7106729990482563,,,,
openmarcie_bicycle,cpu,unrestricted_bank,openmarcie_bicycle__only_magnetometer__qwen3_4b,qwen3_4b,only_magnetometer,edge,magnetometer_gateway,magnetometer,8134,32536,0,37683,427264,0.21747100072389003,0.22020699962013168,0.012439999409252778,81,2.0648,10.0,4.32e-05
openmarcie_bicycle,cpu,unrestricted_bank,openmarcie_bicycle__only_magnetometer__qwen3_4b,qwen3_4b,only_magnetometer,core,core,,28600,114400,0,126318,488000,0.21079100042697974,0.23544199921161635,0.010079998901346698,,,,
openmarcie_bicycle,cpu,unrestricted_bank,openmarcie_bicycle__only_magnetometer__qwen3_4b,qwen3_4b,only_magnetometer,core,core_language,,4029108736,8071498752,256,,524957000576,1350.7986749991687,1368.5392131001208,0.42329200005042367,,,,
openmarcie_bicycle,cpu,separate_banks,openmarcie_bicycle__only_magnetometer__qwen3_4b,qwen3_4b,only_magnetometer,edge,magnetometer_gateway,magnetometer,8134,32536,0,37683,427264,0.20518100063782185,0.221650999992562,0.012361000699456781,81,2.0648,10.0,4.32e-05
openmarcie_bicycle,cpu,separate_banks,openmarcie_bicycle__only_magnetometer__qwen3_4b,qwen3_4b,only_magnetometer,core,core,,28600,114400,0,126318,488000,0.24876099996617995,0.26449300057720393,0.009869998393696733,,,,
openmarcie_bicycle,cpu,separate_banks,openmarcie_bicycle__only_magnetometer__qwen3_4b,qwen3_4b,only_magnetometer,core,core_language,,4029108736,8071498752,256,,524957000576,1350.7986749991687,1368.5392131001208,0.41992199840024114,,,,
openmarcie_bicycle,cpu,fixed_resampling,openmarcie_bicycle__only_magnetometer__qwen3_4b,qwen3_4b,only_magnetometer,edge,magnetometer_gateway,magnetometer,8134,32536,0,37683,420352,0.14883099902363028,0.15189910136541585,0.012600001355167478,81,2.0648,10.0,4.32e-05
openmarcie_bicycle,cpu,fixed_resampling,openmarcie_bicycle__only_magnetometer__qwen3_4b,qwen3_4b,only_magnetometer,core,core,,28600,114400,0,126318,488000,0.23841099937271792,0.26326900006097276,0.010409999958937988,,,,
openmarcie_bicycle,cpu,fixed_resampling,openmarcie_bicycle__only_magnetometer__qwen3_4b,qwen3_4b,only_magnetometer,core,core_language,,4029108736,8071498752,256,,524957000576,1350.7986749991687,1368.5392131001208,0.43634200119413435,,,,
openmarcie_bicycle,cpu,finetune_encoders,openmarcie_bicycle__only_magnetometer__qwen3_4b,qwen3_4b,only_magnetometer,edge,magnetometer_gateway,magnetometer,8134,32536,0,37683,427264,0.20842100093432236,0.22540400059369858,0.012460001016734168,81,2.0648,10.0,4.32e-05
openmarcie_bicycle,cpu,finetune_encoders,openmarcie_bicycle__only_magnetometer__qwen3_4b,qwen3_4b,only_magnetometer,core,core,,28600,114400,0,126318,488000,0.23479099945689086,0.2588210007161251,0.010080000720336102,,,,
openmarcie_bicycle,cpu,finetune_encoders,openmarcie_bicycle__only_magnetometer__qwen3_4b,qwen3_4b,only_magnetometer,core,core_language,,4029108736,8071498752,256,,524957000576,1350.7986749991687,1368.5392131001208,0.43202199958614074,,,,
openmarcie_bicycle,cpu,no_alignment,openmarcie_bicycle__only_magnetometer__qwen3_4b,qwen3_4b,only_magnetometer,edge,magnetometer_gateway,magnetometer,8134,32536,0,37683,427264,0.21556100000452716,0.22473200042441022,0.012520000382210128,81,2.0648,10.0,4.32e-05
openmarcie_bicycle,cpu,no_alignment,openmarcie_bicycle__only_magnetometer__qwen3_4b,qwen3_4b,only_magnetometer,core,core,,28600,114400,0,126318,488000,0.2378310000494821,0.26028689953818684,0.009849998605204746,,,,
openmarcie_bicycle,cpu,no_alignment,openmarcie_bicycle__only_magnetometer__qwen3_4b,qwen3_4b,only_magnetometer,core,core_language,,4029108736,8071498752,256,,524957000576,1350.7986749991687,1368.5392131001208,0.43293199996696785,,,,
openmarcie_bicycle,cpu,no_usage,openmarcie_bicycle__only_magnetometer__qwen3_4b,qwen3_4b,only_magnetometer,edge,magnetometer_gateway,magnetometer,8134,32536,0,37683,427264,0.2074309995805379,0.2189689987062593,0.012570000762934797,81,2.0648,10.0,4.32e-05
openmarcie_bicycle,cpu,no_usage,openmarcie_bicycle__only_magnetometer__qwen3_4b,qwen3_4b,only_magnetometer,core,core,,28600,114400,0,126318,488000,0.23668099856877234,0.2648069003043929,0.009691000741440803,,,,
openmarcie_bicycle,cpu,no_usage,openmarcie_bicycle__only_magnetometer__qwen3_4b,qwen3_4b,only_magnetometer,core,core_language,,4029108736,8071498752,256,,524957000576,1350.7986749991687,1368.5392131001208,0.4245119998813607,,,,
openmarcie_bicycle,cpu,tcn,openmarcie_bicycle__only_magnetometer__qwen3_4b,qwen3_4b,only_magnetometer,edge,magnetometer_gateway,magnetometer,0,0,0,0,0,0.0005399997462518513,0.0008910001270123757,0.008489998435834423,1244,2.9952,10.0,0.0006634666666666667
openmarcie_bicycle,cpu,tcn,openmarcie_bicycle__only_magnetometer__qwen3_4b,qwen3_4b,only_magnetometer,core,core,,13942,55768,0,64021,839232,0.3442409997660434,0.3682628990645753,0.006689999281661585,,,,
openmarcie_bicycle,cpu,tcn,openmarcie_bicycle__only_magnetometer__qwen3_4b,qwen3_4b,only_magnetometer,core,core_language,,4029108736,8071498752,256,,701925437312,1383.517098000084,1384.5212963984523,0.7230430001072818,,,,
openmarcie_bicycle,cpu,ts_transformer,openmarcie_bicycle__only_magnetometer__qwen3_4b,qwen3_4b,only_magnetometer,edge,magnetometer_gateway,magnetometer,0,0,0,0,0,0.0005700003384845331,0.0008490014806739055,0.008500001058564521,1244,2.9952,10.0,0.0006634666666666667
openmarcie_bicycle,cpu,ts_transformer,openmarcie_bicycle__only_magnetometer__qwen3_4b,qwen3_4b,only_magnetometer,core,core,,26806,107224,0,118961,1887808,0.3841519992420217,0.41643500080681406,0.00661999911244493,,,,
openmarcie_bicycle,cpu,ts_transformer,openmarcie_bicycle__only_magnetometer__qwen3_4b,qwen3_4b,only_magnetometer,core,core_language,,4029108736,8071498752,256,,701925437312,1383.517098000084,1384.5212963984523,0.7111730010365136,,,,
openmarcie_bicycle,cpu,patchtst,openmarcie_bicycle__only_magnetometer__qwen3_4b,qwen3_4b,only_magnetometer,edge,magnetometer_gateway,magnetometer,0,0,0,0,0,0.0005000001692678779,0.0009950006642611697,0.008570001227781177,1244,2.9952,10.0,0.0006634666666666667
openmarcie_bicycle,cpu,patchtst,openmarcie_bicycle__only_magnetometer__qwen3_4b,qwen3_4b,only_magnetometer,core,core,,26742,106968,0,118705,3254848,0.4628830010915408,0.49314910065731965,0.006439999197027646,,,,
openmarcie_bicycle,cpu,patchtst,openmarcie_bicycle__only_magnetometer__qwen3_4b,qwen3_4b,only_magnetometer,core,core_language,,4029108736,8071498752,256,,517598061312,1352.7679889994033,1353.2538566987569,0.4302519992052112,,,,
openmarcie_bicycle,cpu,distrixsense,openmarcie_bicycle__only_rgb__qwen3_4b,qwen3_4b,only_rgb,edge,chest_lidar0,chest_lidar0_rgb,75112,300448,0,305459,4690432,0.23662099920329638,0.24568490116507746,0.012979999155504629,83,2.0664,10.0,4.426666666666667e-05
openmarcie_bicycle,cpu,distrixsense,openmarcie_bicycle__only_rgb__qwen3_4b,qwen3_4b,only_rgb,edge,room_rgbd0,room_rgbd0_rgb,75112,300448,0,305459,4690432,0.23854099890741054,0.242122998679406,0.012500000593718141,83,2.0664,10.0,4.426666666666667e-05
openmarcie_bicycle,cpu,distrixsense,openmarcie_bicycle__only_rgb__qwen3_4b,qwen3_4b,only_rgb,edge,room_rgbd1,room_rgbd1_rgb,75112,300448,0,305459,4690432,0.23251099992194213,0.23859499942773255,0.012759999663103372,83,2.0664,10.0,4.426666666666667e-05
openmarcie_bicycle,cpu,distrixsense,openmarcie_bicycle__only_rgb__qwen3_4b,qwen3_4b,only_rgb,core,core,,30776,123104,0,135022,1461952,0.3241520007577492,0.33656210089247907,0.02547999974922277,,,,
openmarcie_bicycle,cpu,distrixsense,openmarcie_bicycle__only_rgb__qwen3_4b,qwen3_4b,only_rgb,core,core_language,,4029108736,8071498752,256,,672330427776,1387.5869269995746,1399.6711226005573,0.6043829998816364,,,,
openmarcie_bicycle,cpu,dense,openmarcie_bicycle__only_rgb__qwen3_4b,qwen3_4b,only_rgb,edge,chest_lidar0,chest_lidar0_rgb,71680,286720,0,289741,4558848,0.16955099999904633,0.18251999954372877,0.008920000254875049,4324,5.4592,10.0,0.0023061333333333333
openmarcie_bicycle,cpu,dense,openmarcie_bicycle__only_rgb__qwen3_4b,qwen3_4b,only_rgb,edge,room_rgbd0,room_rgbd0_rgb,71680,286720,0,289741,4558848,0.16473100004077423,0.1754500004608417,0.008850000085658394,4324,5.4592,10.0,0.0023061333333333333
openmarcie_bicycle,cpu,dense,openmarcie_bicycle__only_rgb__qwen3_4b,qwen3_4b,only_rgb,edge,room_rgbd1,room_rgbd1_rgb,71680,286720,0,289741,4558848,0.16451099872938357,0.1769219992638682,0.008770000931690447,4324,5.4592,10.0,0.0023061333333333333
openmarcie_bicycle,cpu,dense,openmarcie_bicycle__only_rgb__qwen3_4b,qwen3_4b,only_rgb,core,core,,27704,110816,0,122417,7466176,0.33240199991269037,0.34646810054255184,0.017279999156016856,,,,
openmarcie_bicycle,cpu,dense,openmarcie_bicycle__only_rgb__qwen3_4b,qwen3_4b,only_rgb,core,core_language,,4029108736,8071498752,256,,1206972862848,1510.1884969990351,1511.0572715007947,1.453926000976935,,,,
openmarcie_bicycle,cpu,dense_tokens,openmarcie_bicycle__only_rgb__qwen3_4b,qwen3_4b,only_rgb,edge,chest_lidar0,chest_lidar0_rgb,74056,296224,0,300729,4674048,0.22071099920140114,0.23603799836564576,0.008040000466280617,1100,2.88,10.0,0.0005866666666666667
openmarcie_bicycle,cpu,dense_tokens,openmarcie_bicycle__only_rgb__qwen3_4b,qwen3_4b,only_rgb,edge,room_rgbd0,room_rgbd0_rgb,74056,296224,0,300729,4674048,0.218921000850969,0.23442890014848672,0.008049999451031908,1100,2.88,10.0,0.0005866666666666667
openmarcie_bicycle,cpu,dense_tokens,openmarcie_bicycle__only_rgb__qwen3_4b,qwen3_4b,only_rgb,edge,room_rgbd1,room_rgbd1_rgb,74056,296224,0,300729,4674048,0.21943100000498816,0.2379710003879154,0.007979999281815253,1100,2.88,10.0,0.0005866666666666667
openmarcie_bicycle,cpu,dense_tokens,openmarcie_bicycle__only_rgb__qwen3_4b,qwen3_4b,only_rgb,core,core,,27704,110816,0,122417,1461952,0.2631820007081842,0.27920110114791896,0.01660999987507239,,,,
openmarcie_bicycle,cpu,dense_tokens,openmarcie_bicycle__only_rgb__qwen3_4b,qwen3_4b,only_rgb,core,core_language,,4029108736,8071498752,256,,672330427776,1387.5869269995746,1399.6711226005573,0.6030330005160067,,,,
openmarcie_bicycle,cpu,raw,openmarcie_bicycle__only_rgb__qwen3_4b,qwen3_4b,only_rgb,edge,chest_lidar0,chest_lidar0_rgb,0,0,0,0,0,0.0004699995770351961,0.0007579998055007309,0.010300000212737359,18908,17.1264,10.0,0.010084266666666666
openmarcie_bicycle,cpu,raw,openmarcie_bicycle__only_rgb__qwen3_4b,qwen3_4b,only_rgb,edge,room_rgbd0,room_rgbd0_rgb,0,0,0,0,0,0.0005300007615005597,0.0005750011041527614,0.010080000720336102,18908,17.1264,10.0,0.010084266666666666
openmarcie_bicycle,cpu,raw,openmarcie_bicycle__only_rgb__qwen3_4b,qwen3_4b,only_rgb,edge,room_rgbd1,room_rgbd1_rgb,0,0,0,0,0,0.00043000000005122274,0.0004749987056129612,0.009979999958886765,18908,17.1264,10.0,0.010084266666666666
openmarcie_bicycle,cpu,raw,openmarcie_bicycle__only_rgb__qwen3_4b,qwen3_4b,only_rgb,core,core,,242744,970976,0,990057,21142720,0.8783149987721117,0.9014620991365518,0.018939999790745787,,,,
openmarcie_bicycle,cpu,raw,openmarcie_bicycle__only_rgb__qwen3_4b,qwen3_4b,only_rgb,core,core_language,,4029108736,8071498752,256,,1206972862848,1510.1884969990351,1511.0572715007947,1.448727000024519,,,,
openmarcie_bicycle,cpu,early_fusion,openmarcie_bicycle__only_rgb__qwen3_4b,qwen3_4b,only_rgb,edge,chest_lidar0,chest_lidar0_rgb,0,0,0,0,0,0.0005199999577598646,0.0008349990821443498,0.010370000381954014,18908,17.1264,10.0,0.010084266666666666
openmarcie_bicycle,cpu,early_fusion,openmarcie_bicycle__only_rgb__qwen3_4b,qwen3_4b,only_rgb,edge,room_rgbd0,room_rgbd0_rgb,0,0,0,0,0,0.00048000038077589124,0.0006060006853658706,0.010230000043520704,18908,17.1264,10.0,0.010084266666666666
openmarcie_bicycle,cpu,early_fusion,openmarcie_bicycle__only_rgb__qwen3_4b,qwen3_4b,only_rgb,edge,room_rgbd1,room_rgbd1_rgb,0,0,0,0,0,0.00042000101529993117,0.0005280015102471225,0.010010000551119447,18908,17.1264,10.0,0.010084266666666666
openmarcie_bicycle,cpu,early_fusion,openmarcie_bicycle__only_rgb__qwen3_4b,qwen3_4b,only_rgb,core,core,,159736,638944,0,654855,10372288,0.7048429997666972,0.7335178997891489,0.01947999953699764,,,,
openmarcie_bicycle,cpu,early_fusion,openmarcie_bicycle__only_rgb__qwen3_4b,qwen3_4b,only_rgb,core,core_language,,4029108736,8071498752,256,,731433152896,1392.476330000136,1394.2648549998921,0.7101230003172532,,,,
openmarcie_bicycle,cpu,late_fusion,openmarcie_bicycle__only_rgb__qwen3_4b,qwen3_4b,only_rgb,edge,chest_lidar0,chest_lidar0_rgb,72076,288304,0,291717,4559616,0.1872809989436064,0.2032559994404437,0.00793999970483128,96,2.0768,10.0,5.12e-05
openmarcie_bicycle,cpu,late_fusion,openmarcie_bicycle__only_rgb__qwen3_4b,qwen3_4b,only_rgb,edge,room_rgbd0,room_rgbd0_rgb,72076,288304,0,291717,4559616,0.18467100017005578,0.197055000171531,0.008180000804713927,96,2.0768,10.0,5.12e-05
openmarcie_bicycle,cpu,late_fusion,openmarcie_bicycle__only_rgb__qwen3_4b,qwen3_4b,only_rgb,edge,room_rgbd1,room_rgbd1_rgb,72076,288304,0,291717,4559616,0.1822300000640098,0.19499289974191925,0.00808000004326459,96,2.0768,10.0,5.12e-05
openmarcie_bicycle,cpu,late_fusion,openmarcie_bicycle__only_rgb__qwen3_4b,qwen3_4b,only_rgb,core,core,,0,0,0,0,0,0.034871000025304966,0.04144909962633392,0.016009998944355175,,,,
openmarcie_bicycle,cpu,late_fusion,openmarcie_bicycle__only_rgb__qwen3_4b,qwen3_4b,only_rgb,core,core_language,,4022468096,8044936192,256,,620451867136,1399.2853519994242,1415.1918908006337,0.17290100004174747,,,,
openmarcie_bicycle,cpu,local_only,openmarcie_bicycle__only_rgb__qwen3_4b,qwen3_4b,only_rgb,edge,chest_lidar0,chest_lidar0_rgb,72076,288304,0,291717,4559616,0.19164100012858398,0.2123050009686267,0.008060000254772604,52,2.0416,10.0,2.7733333333333334e-05
openmarcie_bicycle,cpu,local_only,openmarcie_bicycle__only_rgb__qwen3_4b,qwen3_4b,only_rgb,edge,room_rgbd0,room_rgbd0_rgb,72076,288304,0,291717,4559616,0.18378100139671005,0.2012139995713369,0.00788000033935532,52,2.0416,10.0,2.7733333333333334e-05
openmarcie_bicycle,cpu,local_only,openmarcie_bicycle__only_rgb__qwen3_4b,qwen3_4b,only_rgb,edge,room_rgbd1,room_rgbd1_rgb,72076,288304,0,291717,4559616,0.18550099957792554,0.19836200026475126,0.008619999789516442,52,2.0416,10.0,2.7733333333333334e-05
openmarcie_bicycle,cpu,local_only,openmarcie_bicycle__only_rgb__qwen3_4b,qwen3_4b,only_rgb,core,core,,0,0,0,0,0,0.046099999963189475,0.053974999354977626,0.01630000042496249,,,,
openmarcie_bicycle,cpu,local_only,openmarcie_bicycle__only_rgb__qwen3_4b,qwen3_4b,only_rgb,core,core_language,,4022468096,8044936192,256,,620451867136,1399.2853519994242,1415.1918908006337,0.1750210012687603,,,,
openmarcie_bicycle,cpu,bottleneck,openmarcie_bicycle__only_rgb__qwen3_4b,qwen3_4b,only_rgb,edge,chest_lidar0,chest_lidar0_rgb,71812,287248,0,290693,4567040,0.18931100021291059,0.20516000040515792,0.008760000127949752,684,2.5472,10.0,0.0003648
openmarcie_bicycle,cpu,bottleneck,openmarcie_bicycle__only_rgb__qwen3_4b,qwen3_4b,only_rgb,edge,room_rgbd0,room_rgbd0_rgb,71812,287248,0,290693,4567040,0.1884909997897921,0.20198200036247727,0.008429999070358463,684,2.5472,10.0,0.0003648
openmarcie_bicycle,cpu,bottleneck,openmarcie_bicycle__only_rgb__qwen3_4b,qwen3_4b,only_rgb,edge,room_rgbd1,room_rgbd1_rgb,71812,287248,0,290693,4567040,0.19040100050915498,0.19982399990112754,0.008749999324209057,684,2.5472,10.0,0.0003648
openmarcie_bicycle,cpu,bottleneck,openmarcie_bicycle__only_rgb__qwen3_4b,qwen3_4b,only_rgb,core,core,,28184,112736,0,126111,7490752,0.3347510009916732,0.35870990013791015,0.016739999409765005,,,,
openmarcie_bicycle,cpu,bottleneck,openmarcie_bicycle__only_rgb__qwen3_4b,qwen3_4b,only_rgb,core,core_language,,4029108736,8071498752,256,,1206972862848,1510.1884969990351,1511.0572715007947,1.4631670001108432,,,,
openmarcie_bicycle,cpu,tokenlearner,openmarcie_bicycle__only_rgb__qwen3_4b,qwen3_4b,only_rgb,edge,chest_lidar0,chest_lidar0_rgb,73000,292000,0,295935,4657664,0.22562099911738187,0.23283899972739164,0.008190001608454622,1100,2.88,10.0,0.0005866666666666667
openmarcie_bicycle,cpu,tokenlearner,openmarcie_bicycle__only_rgb__qwen3_4b,qwen3_4b,only_rgb,edge,room_rgbd0,room_rgbd0_rgb,73000,292000,0,295935,4657664,0.2173609991587,0.23005099919828353,0.008049999451031908,1100,2.88,10.0,0.0005866666666666667
openmarcie_bicycle,cpu,tokenlearner,openmarcie_bicycle__only_rgb__qwen3_4b,qwen3_4b,only_rgb,edge,room_rgbd1,room_rgbd1_rgb,73000,292000,0,295935,4657664,0.2216809989477042,0.2353249987208983,0.008439999874099158,1100,2.88,10.0,0.0005866666666666667
openmarcie_bicycle,cpu,tokenlearner,openmarcie_bicycle__only_rgb__qwen3_4b,qwen3_4b,only_rgb,core,core,,27704,110816,0,122417,1461952,0.2627810008561937,0.27930590003961697,0.01681100002315361,,,,
openmarcie_bicycle,cpu,tokenlearner,openmarcie_bicycle__only_rgb__qwen3_4b,qwen3_4b,only_rgb,core,core_language,,4029108736,8071498752,256,,672330427776,1387.5869269995746,1399.6711226005573,0.612042998909601,,,,
openmarcie_bicycle,cpu,posthoc_vq,openmarcie_bicycle__only_rgb__qwen3_4b,qwen3_4b,only_rgb,edge,chest_lidar0,chest_lidar0_rgb,74752,299008,0,302281,4624384,0.2713109988690121,0.2853609004887403,0.013299999409355223,200,2.16,10.0,0.00010666666666666667
openmarcie_bicycle,cpu,posthoc_vq,openmarcie_bicycle__only_rgb__qwen3_4b,qwen3_4b,only_rgb,edge,room_rgbd0,room_rgbd0_rgb,74752,299008,0,302281,4624384,0.2662509996298468,0.2793279996694764,0.012799999240087345,200,2.16,10.0,0.00010666666666666667
openmarcie_bicycle,cpu,posthoc_vq,openmarcie_bicycle__only_rgb__qwen3_4b,qwen3_4b,only_rgb,edge,room_rgbd1,room_rgbd1_rgb,74752,299008,0,302281,4624384,0.2656010001373943,0.2765810002529179,0.012759999663103372,200,2.16,10.0,0.00010666666666666667
openmarcie_bicycle,cpu,posthoc_vq,openmarcie_bicycle__only_rgb__qwen3_4b,qwen3_4b,only_rgb,core,core,,30776,123104,0,135022,7466176,0.39136199848144315,0.40619399878778495,0.02680000034160912,,,,
openmarcie_bicycle,cpu,posthoc_vq,openmarcie_bicycle__only_rgb__qwen3_4b,qwen3_4b,only_rgb,core,core_language,,4029108736,8071498752,256,,1206972862848,1510.1884969990351,1511.0572715007947,2.445861000524019,,,,
openmarcie_bicycle,cpu,joint_vq,openmarcie_bicycle__only_rgb__qwen3_4b,qwen3_4b,only_rgb,edge,chest_lidar0,chest_lidar0_rgb,77128,308512,0,313270,4690432,0.31821099946682807,0.32461989922012435,0.012430000424501486,83,2.0664,10.0,4.426666666666667e-05
openmarcie_bicycle,cpu,joint_vq,openmarcie_bicycle__only_rgb__qwen3_4b,qwen3_4b,only_rgb,edge,room_rgbd0,room_rgbd0_rgb,77128,308512,0,313270,4690432,0.3251810012443457,0.34678999945754185,0.012329999663052149,83,2.0664,10.0,4.426666666666667e-05
openmarcie_bicycle,cpu,joint_vq,openmarcie_bicycle__only_rgb__qwen3_4b,qwen3_4b,only_rgb,edge,room_rgbd1,room_rgbd1_rgb,77128,308512,0,313270,4690432,0.31075199876795523,0.3494960987154627,0.012499998774728738,83,2.0664,10.0,4.426666666666667e-05
openmarcie_bicycle,cpu,joint_vq,openmarcie_bicycle__only_rgb__qwen3_4b,qwen3_4b,only_rgb,core,core,,30776,123104,0,135022,1461952,0.33692199940560386,0.37741210053354735,0.0366000003850786,,,,
openmarcie_bicycle,cpu,joint_vq,openmarcie_bicycle__only_rgb__qwen3_4b,qwen3_4b,only_rgb,core,core_language,,4029108736,8071498752,256,,672330427776,1387.5869269995746,1399.6711226005573,0.6247830006032018,,,,
openmarcie_bicycle,cpu,deepconvlstm,openmarcie_bicycle__only_rgb__qwen3_4b,qwen3_4b,only_rgb,edge,chest_lidar0,chest_lidar0_rgb,0,0,0,0,0,0.0004899993655271828,0.0007870003173593432,0.010519999705138616,18908,17.1264,10.0,0.010084266666666666
openmarcie_bicycle,cpu,deepconvlstm,openmarcie_bicycle__only_rgb__qwen3_4b,qwen3_4b,only_rgb,edge,room_rgbd0,room_rgbd0_rgb,0,0,0,0,0,0.0004699995770351961,0.0006050006049918011,0.009760000466485508,18908,17.1264,10.0,0.010084266666666666
openmarcie_bicycle,cpu,deepconvlstm,openmarcie_bicycle__only_rgb__qwen3_4b,qwen3_4b,only_rgb,edge,room_rgbd1,room_rgbd1_rgb,0,0,0,0,0,0.000459998773294501,0.000630999420536682,0.009761000910657458,18908,17.1264,10.0,0.010084266666666666
openmarcie_bicycle,cpu,deepconvlstm,openmarcie_bicycle__only_rgb__qwen3_4b,qwen3_4b,only_rgb,core,core,,238412,953648,0,962569,15119104,0.6464430007326882,0.7094699996741838,0.01897999936772976,,,,
openmarcie_bicycle,cpu,deepconvlstm,openmarcie_bicycle__only_rgb__qwen3_4b,qwen3_4b,only_rgb,core,core_language,,4029108736,8071498752,256,,731433152896,1392.476330000136,1394.2648549998921,0.7165329989220481,,,,
openmarcie_bicycle,cpu,unrestricted_bank,openmarcie_bicycle__only_rgb__qwen3_4b,qwen3_4b,only_rgb,edge,chest_lidar0,chest_lidar0_rgb,77224,308896,0,313907,4723200,0.2333109987375792,0.24851200087141478,0.012299999070819467,83,2.0664,10.0,4.426666666666667e-05
openmarcie_bicycle,cpu,unrestricted_bank,openmarcie_bicycle__only_rgb__qwen3_4b,qwen3_4b,only_rgb,edge,room_rgbd0,room_rgbd0_rgb,77224,308896,0,313907,4723200,0.2313309996679891,0.2442550005071098,0.012419999620760791,83,2.0664,10.0,4.426666666666667e-05
openmarcie_bicycle,cpu,unrestricted_bank,openmarcie_bicycle__only_rgb__qwen3_4b,qwen3_4b,only_rgb,edge,room_rgbd1,room_rgbd1_rgb,77224,308896,0,313907,4723200,0.2303709989064373,0.24657190151629038,0.012579999747686088,83,2.0664,10.0,4.426666666666667e-05
openmarcie_bicycle,cpu,unrestricted_bank,openmarcie_bicycle__only_rgb__qwen3_4b,qwen3_4b,only_rgb,core,core,,30776,123104,0,135022,1461952,0.300101999528124,0.3144470996630844,0.025600000299164094,,,,
openmarcie_bicycle,cpu,unrestricted_bank,openmarcie_bicycle__only_rgb__qwen3_4b,qwen3_4b,only_rgb,core,core_language,,4029108736,8071498752,256,,672330427776,1387.5869269995746,1399.6711226005573,0.6306030009000096,,,,
openmarcie_bicycle,cpu,separate_banks,openmarcie_bicycle__only_rgb__qwen3_4b,qwen3_4b,only_rgb,edge,chest_lidar0,chest_lidar0_rgb,75112,300448,0,305459,4690432,0.2378509998379741,0.25961390092561487,0.012759999663103372,83,2.0664,10.0,4.426666666666667e-05
openmarcie_bicycle,cpu,separate_banks,openmarcie_bicycle__only_rgb__qwen3_4b,qwen3_4b,only_rgb,edge,room_rgbd0,room_rgbd0_rgb,75112,300448,0,305459,4690432,0.2634510001371382,0.27469290034787264,0.012329999663052149,83,2.0664,10.0,4.426666666666667e-05
openmarcie_bicycle,cpu,separate_banks,openmarcie_bicycle__only_rgb__qwen3_4b,qwen3_4b,only_rgb,edge,room_rgbd1,room_rgbd1_rgb,75112,300448,0,305459,4690432,0.2540419991419185,0.281842098593188,0.012380000043776818,83,2.0664,10.0,4.426666666666667e-05
openmarcie_bicycle,cpu,separate_banks,openmarcie_bicycle__only_rgb__qwen3_4b,qwen3_4b,only_rgb,core,core,,30776,123104,0,135592,1461952,0.3310310003143968,0.35520589881343767,0.025999999706982635,,,,
openmarcie_bicycle,cpu,separate_banks,openmarcie_bicycle__only_rgb__qwen3_4b,qwen3_4b,only_rgb,core,core_language,,4029108736,8071498752,256,,672330427776,1387.5869269995746,1399.6711226005573,1.011244999972405,,,,
openmarcie_bicycle,cpu,fixed_resampling,openmarcie_bicycle__only_rgb__qwen3_4b,qwen3_4b,only_rgb,edge,chest_lidar0,chest_lidar0_rgb,75112,300448,0,305459,2294272,0.200620999748935,0.21735199879913125,0.017361000573146157,83,2.0664,10.0,4.426666666666667e-05
openmarcie_bicycle,cpu,fixed_resampling,openmarcie_bicycle__only_rgb__qwen3_4b,qwen3_4b,only_rgb,edge,room_rgbd0,room_rgbd0_rgb,75112,300448,0,305459,2294272,0.20039100127178244,0.20390999925439246,0.01745999907143414,83,2.0664,10.0,4.426666666666667e-05
openmarcie_bicycle,cpu,fixed_resampling,openmarcie_bicycle__only_rgb__qwen3_4b,qwen3_4b,only_rgb,edge,room_rgbd1,room_rgbd1_rgb,75112,300448,0,305459,2294272,0.19754099957935978,0.29323890048544854,0.012520000382210128,83,2.0664,10.0,4.426666666666667e-05
openmarcie_bicycle,cpu,fixed_resampling,openmarcie_bicycle__only_rgb__qwen3_4b,qwen3_4b,only_rgb,core,core,,30776,123104,0,135022,1461952,0.33027199970092624,0.34604810025484767,0.026310000976081938,,,,
openmarcie_bicycle,cpu,fixed_resampling,openmarcie_bicycle__only_rgb__qwen3_4b,qwen3_4b,only_rgb,core,core_language,,4029108736,8071498752,256,,672330427776,1387.5869269995746,1399.6711226005573,0.6225730012374697,,,,
openmarcie_bicycle,cpu,finetune_encoders,openmarcie_bicycle__only_rgb__qwen3_4b,qwen3_4b,only_rgb,edge,chest_lidar0,chest_lidar0_rgb,75112,300448,0,305459,4690432,0.24801099971227814,0.27471399971545907,0.012370001059025526,83,2.0664,10.0,4.426666666666667e-05
openmarcie_bicycle,cpu,finetune_encoders,openmarcie_bicycle__only_rgb__qwen3_4b,qwen3_4b,only_rgb,edge,room_rgbd0,room_rgbd0_rgb,75112,300448,0,305459,4690432,0.2316310001333477,0.2485330014678766,0.012340000466792844,83,2.0664,10.0,4.426666666666667e-05
openmarcie_bicycle,cpu,finetune_encoders,openmarcie_bicycle__only_rgb__qwen3_4b,qwen3_4b,only_rgb,edge,room_rgbd1,room_rgbd1_rgb,75112,300448,0,305459,4690432,0.23305099966819398,0.2532200000132434,0.012340000466792844,83,2.0664,10.0,4.426666666666667e-05
openmarcie_bicycle,cpu,finetune_encoders,openmarcie_bicycle__only_rgb__qwen3_4b,qwen3_4b,only_rgb,core,core,,30776,123104,0,135022,1461952,0.33602199982851744,0.3398200005904073,0.026030000299215317,,,,
openmarcie_bicycle,cpu,finetune_encoders,openmarcie_bicycle__only_rgb__qwen3_4b,qwen3_4b,only_rgb,core,core_language,,4029108736,8071498752,256,,672330427776,1387.5869269995746,1399.6711226005573,0.6253429983189562,,,,
openmarcie_bicycle,cpu,no_alignment,openmarcie_bicycle__only_rgb__qwen3_4b,qwen3_4b,only_rgb,edge,chest_lidar0,chest_lidar0_rgb,75112,300448,0,305459,4690432,0.23371099996438716,0.25648999890108826,0.012849999620812014,83,2.0664,10.0,4.426666666666667e-05
openmarcie_bicycle,cpu,no_alignment,openmarcie_bicycle__only_rgb__qwen3_4b,qwen3_4b,only_rgb,edge,room_rgbd0,room_rgbd0_rgb,75112,300448,0,305459,4690432,0.23267100004886743,0.2542889989854302,0.01255000097444281,83,2.0664,10.0,4.426666666666667e-05
openmarcie_bicycle,cpu,no_alignment,openmarcie_bicycle__only_rgb__qwen3_4b,qwen3_4b,only_rgb,edge,room_rgbd1,room_rgbd1_rgb,75112,300448,0,305459,4690432,0.22818099932919722,0.25020399971253937,0.012419999620760791,83,2.0664,10.0,4.426666666666667e-05
openmarcie_bicycle,cpu,no_alignment,openmarcie_bicycle__only_rgb__qwen3_4b,qwen3_4b,only_rgb,core,core,,30776,123104,0,135022,1461952,0.31654099984734785,0.3475288991467096,0.025891000404953957,,,,
openmarcie_bicycle,cpu,no_alignment,openmarcie_bicycle__only_rgb__qwen3_4b,qwen3_4b,only_rgb,core,core_language,,4029108736,8071498752,256,,672330427776,1387.5869269995746,1399.6711226005573,0.6235619985091034,,,,
openmarcie_bicycle,cpu,no_usage,openmarcie_bicycle__only_rgb__qwen3_4b,qwen3_4b,only_rgb,edge,chest_lidar0,chest_lidar0_rgb,75112,300448,0,305459,4690432,0.24820100043143611,0.2724298999964958,0.012720000086119398,83,2.0664,10.0,4.426666666666667e-05
openmarcie_bicycle,cpu,no_usage,openmarcie_bicycle__only_rgb__qwen3_4b,qwen3_4b,only_rgb,edge,room_rgbd0,room_rgbd0_rgb,75112,300448,0,305459,4690432,0.24802099869702943,0.2750749990809709,0.012399999832268804,83,2.0664,10.0,4.426666666666667e-05
openmarcie_bicycle,cpu,no_usage,openmarcie_bicycle__only_rgb__qwen3_4b,qwen3_4b,only_rgb,edge,room_rgbd1,room_rgbd1_rgb,75112,300448,0,305459,4690432,0.24703099916223437,0.26272700015397277,0.01233999864780344,83,2.0664,10.0,4.426666666666667e-05
openmarcie_bicycle,cpu,no_usage,openmarcie_bicycle__only_rgb__qwen3_4b,qwen3_4b,only_rgb,core,core,,30776,123104,0,135022,1461952,0.321072000588174,0.36537810065055965,0.025820001610554755,,,,
openmarcie_bicycle,cpu,no_usage,openmarcie_bicycle__only_rgb__qwen3_4b,qwen3_4b,only_rgb,core,core_language,,4029108736,8071498752,256,,672330427776,1387.5869269995746,1399.6711226005573,0.6113229992479319,,,,
openmarcie_bicycle,cpu,tcn,openmarcie_bicycle__only_rgb__qwen3_4b,qwen3_4b,only_rgb,edge,chest_lidar0,chest_lidar0_rgb,0,0,0,0,0,0.0005399997462518513,0.0008189992513507605,0.010179999662796035,18908,17.1264,10.0,0.010084266666666666
openmarcie_bicycle,cpu,tcn,openmarcie_bicycle__only_rgb__qwen3_4b,qwen3_4b,only_rgb,edge,room_rgbd0,room_rgbd0_rgb,0,0,0,0,0,0.0004999983502784744,0.0006349993782350793,0.00985000042419415,18908,17.1264,10.0,0.010084266666666666
openmarcie_bicycle,cpu,tcn,openmarcie_bicycle__only_rgb__qwen3_4b,qwen3_4b,only_rgb,edge,room_rgbd1,room_rgbd1_rgb,0,0,0,0,0,0.00044999978854320943,0.0005939999027759768,0.009819999831961468,18908,17.1264,10.0,0.010084266666666666
openmarcie_bicycle,cpu,tcn,openmarcie_bicycle__only_rgb__qwen3_4b,qwen3_4b,only_rgb,core,core,,145560,582240,0,592701,9186240,0.6186129994603107,0.6455409995396622,0.018990000171470456,,,,
openmarcie_bicycle,cpu,tcn,openmarcie_bicycle__only_rgb__qwen3_4b,qwen3_4b,only_rgb,core,core_language,,4029108736,8071498752,256,,731433152896,1392.476330000136,1394.2648549998921,0.7058829996822169,,,,
openmarcie_bicycle,cpu,ts_transformer,openmarcie_bicycle__only_rgb__qwen3_4b,qwen3_4b,only_rgb,edge,chest_lidar0,chest_lidar0_rgb,0,0,0,0,0,0.00048000038077589124,0.0007050004569464363,0.01030999919748865,18908,17.1264,10.0,0.010084266666666666
openmarcie_bicycle,cpu,ts_transformer,openmarcie_bicycle__only_rgb__qwen3_4b,qwen3_4b,only_rgb,edge,room_rgbd0,room_rgbd0_rgb,0,0,0,0,0,0.0005000001692678779,0.0005989999408484437,0.009979999958886765,18908,17.1264,10.0,0.010084266666666666
openmarcie_bicycle,cpu,ts_transformer,openmarcie_bicycle__only_rgb__qwen3_4b,qwen3_4b,only_rgb,edge,room_rgbd1,room_rgbd1_rgb,0,0,0,0,0,0.00044999978854320943,0.0005490011972142383,0.010129999282071367,18908,17.1264,10.0,0.010084266666666666
openmarcie_bicycle,cpu,ts_transformer,openmarcie_bicycle__only_rgb__qwen3_4b,qwen3_4b,only_rgb,core,core,,158424,633696,0,647769,10234816,0.6562030011991737,0.687045999984548,0.01906100078485906,,,,
openmarcie_bicycle,cpu,ts_transformer,openmarcie_bicycle__only_rgb__qwen3_4b,qwen3_4b,only_rgb,core,core_language,,4029108736,8071498752,256,,731433152896,1392.476330000136,1394.2648549998921,0.7089129994710675,,,,
openmarcie_bicycle,cpu,patchtst,openmarcie_bicycle__only_rgb__qwen3_4b,qwen3_4b,only_rgb,edge,chest_lidar0,chest_lidar0_rgb,0,0,0,0,0,0.0005099991540191695,0.0008159991921274923,0.010280000424245372,18908,17.1264,10.0,0.010084266666666666
openmarcie_bicycle,cpu,patchtst,openmarcie_bicycle__only_rgb__qwen3_4b,qwen3_4b,only_rgb,edge,room_rgbd0,room_rgbd0_rgb,0,0,0,0,0,0.00046000059228390455,0.0005499996404978447,0.009960000170394778,18908,17.1264,10.0,0.010084266666666666
openmarcie_bicycle,cpu,patchtst,openmarcie_bicycle__only_rgb__qwen3_4b,qwen3_4b,only_rgb,edge,room_rgbd1,room_rgbd1_rgb,0,0,0,0,0,0.0004699995770351961,0.0005600002623395994,0.009760000466485508,18908,17.1264,10.0,0.010084266666666666
openmarcie_bicycle,cpu,patchtst,openmarcie_bicycle__only_rgb__qwen3_4b,qwen3_4b,only_rgb,core,core,,140152,560608,0,574681,214665408,1.7355190011585364,1.7368951001117239,0.01914999847940635,,,,
openmarcie_bicycle,cpu,patchtst,openmarcie_bicycle__only_rgb__qwen3_4b,qwen3_4b,only_rgb,core,core_language,,4029108736,8071498752,256,,546987812096,1354.2728129996249,1355.7529952995537,0.4366920002212282,,,,
openmarcie_bicycle,cpu,distrixsense,openmarcie_bicycle__only_spectrometer__qwen3_4b,qwen3_4b,only_spectrometer,edge,spectrometer_gateway,spectrometer,11104,44416,0,49523,615424,0.210820999200223,0.2379560011831927,0.01247000000148546,81,2.0648,10.0,4.32e-05
openmarcie_bicycle,cpu,distrixsense,openmarcie_bicycle__only_spectrometer__qwen3_4b,qwen3_4b,only_spectrometer,core,core,,28600,114400,0,126318,488000,0.2378110002609901,0.25869100045383675,0.010320000001229346,,,,
openmarcie_bicycle,cpu,distrixsense,openmarcie_bicycle__only_spectrometer__qwen3_4b,qwen3_4b,only_spectrometer,core,core_language,,4029108736,8071498752,256,,524957000576,1350.7986749991687,1368.5392131001208,0.43093200110888574,,,,
openmarcie_bicycle,cpu,dense,openmarcie_bicycle__only_spectrometer__qwen3_4b,qwen3_4b,only_spectrometer,edge,spectrometer_gateway,spectrometer,7672,30688,0,33805,483840,0.15545100177405402,0.1618860000235145,0.009030000001075678,4324,5.4592,10.0,0.0023061333333333333
openmarcie_bicycle,cpu,dense,openmarcie_bicycle__only_spectrometer__qwen3_4b,qwen3_4b,only_spectrometer,core,core,,27576,110304,0,121905,1997888,0.21841099987796042,0.24115399919537595,0.006620000931434333,,,,
openmarcie_bicycle,cpu,dense,openmarcie_bicycle__only_spectrometer__qwen3_4b,qwen3_4b,only_spectrometer,core,core_language,,4029108736,8071498752,256,,701925437312,1383.517098000084,1384.5212963984523,0.7057330003590323,,,,
openmarcie_bicycle,cpu,dense_tokens,openmarcie_bicycle__only_spectrometer__qwen3_4b,qwen3_4b,only_spectrometer,edge,spectrometer_gateway,spectrometer,10048,40192,0,44793,599040,0.20219099860696588,0.2117310008543427,0.008360000720131211,1100,2.88,10.0,0.0005866666666666667
openmarcie_bicycle,cpu,dense_tokens,openmarcie_bicycle__only_spectrometer__qwen3_4b,qwen3_4b,only_spectrometer,core,core,,27576,110304,0,121905,488000,0.20505100110312924,0.23476899950765073,0.006439999197027646,,,,
openmarcie_bicycle,cpu,dense_tokens,openmarcie_bicycle__only_spectrometer__qwen3_4b,qwen3_4b,only_spectrometer,core,core_language,,4029108736,8071498752,256,,524957000576,1350.7986749991687,1368.5392131001208,0.4160720000072615,,,,
openmarcie_bicycle,cpu,raw,openmarcie_bicycle__only_spectrometer__qwen3_4b,qwen3_4b,only_spectrometer,edge,spectrometer_gateway,spectrometer,0,0,0,0,0,0.0005300007615005597,0.0007729990102234297,0.00884999826666899,3100,4.48,10.0,0.0016533333333333333
openmarcie_bicycle,cpu,raw,openmarcie_bicycle__only_spectrometer__qwen3_4b,qwen3_4b,only_spectrometer,core,core,,35248,140992,0,155161,2481728,0.4375119988253573,0.4518579993600724,0.006480000593001023,,,,
openmarcie_bicycle,cpu,raw,openmarcie_bicycle__only_spectrometer__qwen3_4b,qwen3_4b,only_spectrometer,core,core_language,,4029108736,8071498752,256,,701925437312,1383.517098000084,1384.5212963984523,0.6978630008234177,,,,
openmarcie_bicycle,cpu,early_fusion,openmarcie_bicycle__only_spectrometer__qwen3_4b,qwen3_4b,only_spectrometer,edge,spectrometer_gateway,spectrometer,0,0,0,0,0,0.0005800011422252283,0.0008859995432430878,0.009000999853014946,3100,4.48,10.0,0.0016533333333333333
openmarcie_bicycle,cpu,early_fusion,openmarcie_bicycle__only_spectrometer__qwen3_4b,qwen3_4b,only_spectrometer,core,core,,29104,116416,0,129951,2090560,0.43432200072857086,0.4494959990552161,0.006710000889142975,,,,
openmarcie_bicycle,cpu,early_fusion,openmarcie_bicycle__only_spectrometer__qwen3_4b,qwen3_4b,only_spectrometer,core,core_language,,4029108736,8071498752,256,,701925437312,1383.517098000084,1384.5212963984523,0.6922230004420271,,,,
openmarcie_bicycle,cpu,late_fusion,openmarcie_bicycle__only_spectrometer__qwen3_4b,qwen3_4b,only_spectrometer,edge,spectrometer_gateway,spectrometer,8068,32272,0,35781,484608,0.16330099970218726,0.17841199951362796,0.008259999958681874,96,2.0768,10.0,5.12e-05
openmarcie_bicycle,cpu,late_fusion,openmarcie_bicycle__only_spectrometer__qwen3_4b,qwen3_4b,only_spectrometer,core,core,,0,0,0,0,0,0.023941000108607113,0.030897100623406004,0.00596999961999245,,,,
openmarcie_bicycle,cpu,late_fusion,openmarcie_bicycle__only_spectrometer__qwen3_4b,qwen3_4b,only_spectrometer,core,core_language,,4022468096,8044936192,256,,591014930432,1363.9552559998265,1364.4799317013167,0.16777000018919352,,,,
openmarcie_bicycle,cpu,local_only,openmarcie_bicycle__only_spectrometer__qwen3_4b,qwen3_4b,only_spectrometer,edge,spectrometer_gateway,spectrometer,8068,32272,0,35781,484608,0.1647709996177582,0.17774899988580728,0.007900000127847306,52,2.0416,10.0,2.7733333333333334e-05
openmarcie_bicycle,cpu,local_only,openmarcie_bicycle__only_spectrometer__qwen3_4b,qwen3_4b,only_spectrometer,core,core,,0,0,0,0,0,0.028460999601520598,0.03660509901237674,0.00610999995842576,,,,
openmarcie_bicycle,cpu,local_only,openmarcie_bicycle__only_spectrometer__qwen3_4b,qwen3_4b,only_spectrometer,core,core_language,,4022468096,8044936192,256,,591014930432,1363.9552559998265,1364.4799317013167,0.1691309989837464,,,,
openmarcie_bicycle,cpu,bottleneck,openmarcie_bicycle__only_spectrometer__qwen3_4b,qwen3_4b,only_spectrometer,edge,spectrometer_gateway,spectrometer,7804,31216,0,34757,492032,0.16840100033732597,0.18749000064417487,0.008549999620299786,684,2.5472,10.0,0.0003648
openmarcie_bicycle,cpu,bottleneck,openmarcie_bicycle__only_spectrometer__qwen3_4b,qwen3_4b,only_spectrometer,core,core,,27736,110944,0,123115,2006080,0.2257209998788312,0.24345100064238068,0.006309999662335031,,,,
openmarcie_bicycle,cpu,bottleneck,openmarcie_bicycle__only_spectrometer__qwen3_4b,qwen3_4b,only_spectrometer,core,core_language,,4029108736,8071498752,256,,701925437312,1383.517098000084,1384.5212963984523,0.692913001330453,,,,
openmarcie_bicycle,cpu,tokenlearner,openmarcie_bicycle__only_spectrometer__qwen3_4b,qwen3_4b,only_spectrometer,edge,spectrometer_gateway,spectrometer,8992,35968,0,39999,582656,0.19107100160908885,0.20626300138246734,0.01354000050923787,1100,2.88,10.0,0.0005866666666666667
openmarcie_bicycle,cpu,tokenlearner,openmarcie_bicycle__only_spectrometer__qwen3_4b,qwen3_4b,only_spectrometer,core,core,,27576,110304,0,121905,488000,0.20579100055329036,0.2209469990702928,0.006350001058308408,,,,
openmarcie_bicycle,cpu,tokenlearner,openmarcie_bicycle__only_spectrometer__qwen3_4b,qwen3_4b,only_spectrometer,core,core_language,,4029108736,8071498752,256,,524957000576,1350.7986749991687,1368.5392131001208,0.4127020001760684,,,,
openmarcie_bicycle,cpu,posthoc_vq,openmarcie_bicycle__only_spectrometer__qwen3_4b,qwen3_4b,only_spectrometer,edge,spectrometer_gateway,spectrometer,8696,34784,0,38153,549376,0.2452910011925269,0.2549120001276606,0.012630000128410757,192,2.1536,10.0,0.0001024
openmarcie_bicycle,cpu,posthoc_vq,openmarcie_bicycle__only_spectrometer__qwen3_4b,qwen3_4b,only_spectrometer,core,core,,28600,114400,0,126318,1997888,0.2516310014470946,0.2770928986137733,0.010239999028271995,,,,
openmarcie_bicycle,cpu,posthoc_vq,openmarcie_bicycle__only_spectrometer__qwen3_4b,qwen3_4b,only_spectrometer,core,core_language,,4029108736,8071498752,256,,701925437312,1383.517098000084,1384.5212963984523,0.6928429993422469,,,,
openmarcie_bicycle,cpu,joint_vq,openmarcie_bicycle__only_spectrometer__qwen3_4b,qwen3_4b,only_spectrometer,edge,spectrometer_gateway,spectrometer,11072,44288,0,49142,615424,0.2913009993790183,0.318939999306167,0.012090000382158905,81,2.0648,10.0,4.32e-05
openmarcie_bicycle,cpu,joint_vq,openmarcie_bicycle__only_spectrometer__qwen3_4b,qwen3_4b,only_spectrometer,core,core,,28600,114400,0,126318,488000,0.23405100000672974,0.25397700046596583,0.01019000046653673,,,,
openmarcie_bicycle,cpu,joint_vq,openmarcie_bicycle__only_spectrometer__qwen3_4b,qwen3_4b,only_spectrometer,core,core_language,,4029108736,8071498752,256,,524957000576,1350.7986749991687,1368.5392131001208,0.4159920008532936,,,,
openmarcie_bicycle,cpu,deepconvlstm,openmarcie_bicycle__only_spectrometer__qwen3_4b,qwen3_4b,only_spectrometer,edge,spectrometer_gateway,spectrometer,0,0,0,0,0,0.0005299989425111562,0.0007819995516911149,0.008820001312415116,3100,4.48,10.0,0.0016533333333333333
openmarcie_bicycle,cpu,deepconvlstm,openmarcie_bicycle__only_spectrometer__qwen3_4b,qwen3_4b,only_spectrometer,core,core,,37316,149264,0,156001,2319616,0.3329819992359262,0.3444380996370455,0.0066399989009369165,,,,
openmarcie_bicycle,cpu,deepconvlstm,openmarcie_bicycle__only_spectrometer__qwen3_4b,qwen3_4b,only_spectrometer,core,core_language,,4029108736,8071498752,256,,701925437312,1383.517098000084,1384.5212963984523,0.6952529984118883,,,,
openmarcie_bicycle,cpu,unrestricted_bank,openmarcie_bicycle__only_spectrometer__qwen3_4b,qwen3_4b,only_spectrometer,edge,spectrometer_gateway,spectrometer,11104,44416,0,49523,615424,0.21556100000452716,0.221608999891032,0.012520000382210128,81,2.0648,10.0,4.32e-05
openmarcie_bicycle,cpu,unrestricted_bank,openmarcie_bicycle__only_spectrometer__qwen3_4b,qwen3_4b,only_spectrometer,core,core,,28600,114400,0,126318,488000,0.20880100055364892,0.22982499922363786,0.009950001185643487,,,,
openmarcie_bicycle,cpu,unrestricted_bank,openmarcie_bicycle__only_spectrometer__qwen3_4b,qwen3_4b,only_spectrometer,core,core_language,,4029108736,8071498752,256,,524957000576,1350.7986749991687,1368.5392131001208,0.4381519993330585,,,,
openmarcie_bicycle,cpu,separate_banks,openmarcie_bicycle__only_spectrometer__qwen3_4b,qwen3_4b,only_spectrometer,edge,spectrometer_gateway,spectrometer,11104,44416,0,49523,615424,0.20639099966501817,0.22160999997140607,0.012619999324670061,81,2.0648,10.0,4.32e-05
openmarcie_bicycle,cpu,separate_banks,openmarcie_bicycle__only_spectrometer__qwen3_4b,qwen3_4b,only_spectrometer,core,core,,28600,114400,0,126318,488000,0.2579909996711649,0.2826158999596373,0.009800000043469481,,,,
openmarcie_bicycle,cpu,separate_banks,openmarcie_bicycle__only_spectrometer__qwen3_4b,qwen3_4b,only_spectrometer,core,core_language,,4029108736,8071498752,256,,524957000576,1350.7986749991687,1368.5392131001208,0.4172019998804899,,,,
openmarcie_bicycle,cpu,fixed_resampling,openmarcie_bicycle__only_spectrometer__qwen3_4b,qwen3_4b,only_spectrometer,edge,spectrometer_gateway,spectrometer,11104,44416,0,49523,573952,0.13851099902240094,0.16020999955799198,0.01247000000148546,81,2.0648,10.0,4.32e-05
openmarcie_bicycle,cpu,fixed_resampling,openmarcie_bicycle__only_spectrometer__qwen3_4b,qwen3_4b,only_spectrometer,core,core,,28600,114400,0,126318,488000,0.23151099958340637,0.25591000103304395,0.013670998669113033,,,,
openmarcie_bicycle,cpu,fixed_resampling,openmarcie_bicycle__only_spectrometer__qwen3_4b,qwen3_4b,only_spectrometer,core,core_language,,4029108736,8071498752,256,,524957000576,1350.7986749991687,1368.5392131001208,0.4111720008950215,,,,
openmarcie_bicycle,cpu,finetune_encoders,openmarcie_bicycle__only_spectrometer__qwen3_4b,qwen3_4b,only_spectrometer,edge,spectrometer_gateway,spectrometer,11104,44416,0,49523,615424,0.23684099869569764,0.2634369002407766,0.012500000593718141,81,2.0648,10.0,4.32e-05
openmarcie_bicycle,cpu,finetune_encoders,openmarcie_bicycle__only_spectrometer__qwen3_4b,qwen3_4b,only_spectrometer,core,core,,28600,114400,0,126318,488000,0.23865100047260057,0.2591349999420345,0.009929999578162096,,,,
openmarcie_bicycle,cpu,finetune_encoders,openmarcie_bicycle__only_spectrometer__qwen3_4b,qwen3_4b,only_spectrometer,core,core_language,,4029108736,8071498752,256,,524957000576,1350.7986749991687,1368.5392131001208,0.40921199979493394,,,,
openmarcie_bicycle,cpu,no_alignment,openmarcie_bicycle__only_spectrometer__qwen3_4b,qwen3_4b,only_spectrometer,edge,spectrometer_gateway,spectrometer,11104,44416,0,49523,615424,0.23148199943534564,0.23171509983512806,0.012630000128410757,81,2.0648,10.0,4.32e-05
openmarcie_bicycle,cpu,no_alignment,openmarcie_bicycle__only_spectrometer__qwen3_4b,qwen3_4b,only_spectrometer,core,core,,28600,114400,0,126318,488000,0.23625100038771052,0.25626699989516055,0.010150000889552757,,,,
openmarcie_bicycle,cpu,no_alignment,openmarcie_bicycle__only_spectrometer__qwen3_4b,qwen3_4b,only_spectrometer,core,core_language,,4029108736,8071498752,256,,524957000576,1350.7986749991687,1368.5392131001208,0.40733199966780376,,,,
openmarcie_bicycle,cpu,no_usage,openmarcie_bicycle__only_spectrometer__qwen3_4b,qwen3_4b,only_spectrometer,edge,spectrometer_gateway,spectrometer,11104,44416,0,49523,615424,0.21872100114705972,0.22169099920574808,0.012559999959194101,81,2.0648,10.0,4.32e-05
openmarcie_bicycle,cpu,no_usage,openmarcie_bicycle__only_spectrometer__qwen3_4b,qwen3_4b,only_spectrometer,core,core,,28600,114400,0,126318,488000,0.23358100042969454,0.25642299951869063,0.010040001143352129,,,,
openmarcie_bicycle,cpu,no_usage,openmarcie_bicycle__only_spectrometer__qwen3_4b,qwen3_4b,only_spectrometer,core,core_language,,4029108736,8071498752,256,,524957000576,1350.7986749991687,1368.5392131001208,0.41334100023959763,,,,
openmarcie_bicycle,cpu,tcn,openmarcie_bicycle__only_spectrometer__qwen3_4b,qwen3_4b,only_spectrometer,edge,spectrometer_gateway,spectrometer,0,0,0,0,0,0.0005399997462518513,0.0008189992513507605,0.008779999916441739,3100,4.48,10.0,0.0016533333333333333
openmarcie_bicycle,cpu,tcn,openmarcie_bicycle__only_spectrometer__qwen3_4b,qwen3_4b,only_spectrometer,core,core,,14992,59968,0,68181,904512,0.3633209998952225,0.3670299003715627,0.00661999911244493,,,,
openmarcie_bicycle,cpu,tcn,openmarcie_bicycle__only_spectrometer__qwen3_4b,qwen3_4b,only_spectrometer,core,core_language,,4029108736,8071498752,256,,701925437312,1383.517098000084,1384.5212963984523,0.6952139992790762,,,,
openmarcie_bicycle,cpu,ts_transformer,openmarcie_bicycle__only_spectrometer__qwen3_4b,qwen3_4b,only_spectrometer,edge,spectrometer_gateway,spectrometer,0,0,0,0,0,0.0005199999577598646,0.000835000719234813,0.008799999704933725,3100,4.48,10.0,0.0016533333333333333
openmarcie_bicycle,cpu,ts_transformer,openmarcie_bicycle__only_spectrometer__qwen3_4b,qwen3_4b,only_spectrometer,core,core,,27856,111424,0,123121,1953088,0.3808109995588893,0.4057329007991939,0.00661999911244493,,,,
openmarcie_bicycle,cpu,ts_transformer,openmarcie_bicycle__only_spectrometer__qwen3_4b,qwen3_4b,only_spectrometer,core,core_language,,4029108736,8071498752,256,,701925437312,1383.517098000084,1384.5212963984523,0.692763000188279,,,,
openmarcie_bicycle,cpu,patchtst,openmarcie_bicycle__only_spectrometer__qwen3_4b,qwen3_4b,only_spectrometer,edge,spectrometer_gateway,spectrometer,0,0,0,0,0,0.0005600013537332416,0.0007849997928133234,0.00911999995878432,3100,4.48,10.0,0.0016533333333333333
openmarcie_bicycle,cpu,patchtst,openmarcie_bicycle__only_spectrometer__qwen3_4b,qwen3_4b,only_spectrometer,core,core,,27312,109248,0,120945,8692288,0.499633000799804,0.5393491002905648,0.006610000127693638,,,,
openmarcie_bicycle,cpu,patchtst,openmarcie_bicycle__only_spectrometer__qwen3_4b,qwen3_4b,only_spectrometer,core,core_language,,4029108736,8071498752,256,,517598061312,1352.7679889994033,1353.2538566987569,0.41167199924529996,,,,
openmarcie_bicycle,cpu,distrixsense,openmarcie_bicycle__only_temperature__qwen3_4b,qwen3_4b,only_temperature,edge,temperature_gateway,temperature,7072,28288,0,33459,360064,0.209901001653634,0.2276220000567264,0.012699998478638008,81,2.0648,10.0,4.32e-05
openmarcie_bicycle,cpu,distrixsense,openmarcie_bicycle__only_temperature__qwen3_4b,qwen3_4b,only_temperature,core,core,,28600,114400,0,126318,488000,0.23579099979542661,0.26255699995090254,0.010039999324362725,,,,
openmarcie_bicycle,cpu,distrixsense,openmarcie_bicycle__only_temperature__qwen3_4b,qwen3_4b,only_temperature,core,core_language,,4029108736,8071498752,256,,524957000576,1350.7986749991687,1368.5392131001208,0.4111519992875401,,,,
openmarcie_bicycle,cpu,dense,openmarcie_bicycle__only_temperature__qwen3_4b,qwen3_4b,only_temperature,edge,temperature_gateway,temperature,3640,14560,0,17741,228480,0.1584210003784392,0.1663130991801154,0.008940000043367036,4324,5.4592,10.0,0.0023061333333333333
openmarcie_bicycle,cpu,dense,openmarcie_bicycle__only_temperature__qwen3_4b,qwen3_4b,only_temperature,core,core,,27576,110304,0,121905,1997888,0.21779099915875122,0.2409210001133033,0.006570000550709665,,,,
openmarcie_bicycle,cpu,dense,openmarcie_bicycle__only_temperature__qwen3_4b,qwen3_4b,only_temperature,core,core_language,,4029108736,8071498752,256,,701925437312,1383.517098000084,1384.5212963984523,0.7305830004042946,,,,
openmarcie_bicycle,cpu,dense_tokens,openmarcie_bicycle__only_temperature__qwen3_4b,qwen3_4b,only_temperature,edge,temperature_gateway,temperature,6016,24064,0,28729,343680,0.2412309986539185,0.2539840004828875,0.011810001524281688,1100,2.88,10.0,0.0005866666666666667
openmarcie_bicycle,cpu,dense_tokens,openmarcie_bicycle__only_temperature__qwen3_4b,qwen3_4b,only_temperature,core,core,,27576,110304,0,121905,488000,0.2528410004742909,0.27346089973434573,0.00858999919728376,,,,
openmarcie_bicycle,cpu,dense_tokens,openmarcie_bicycle__only_temperature__qwen3_4b,qwen3_4b,only_temperature,core,core_language,,4029108736,8071498752,256,,524957000576,1350.7986749991687,1368.5392131001208,0.4253229999449104,,,,
openmarcie_bicycle,cpu,raw,openmarcie_bicycle__only_temperature__qwen3_4b,qwen3_4b,only_temperature,edge,temperature_gateway,temperature,0,0,0,0,0,0.0004799985617864877,0.0008219998562708497,0.008359998901141807,524,2.4192,10.0,0.00027946666666666667
openmarcie_bicycle,cpu,raw,openmarcie_bicycle__only_temperature__qwen3_4b,qwen3_4b,only_temperature,core,core,,31216,124864,0,139097,2226368,0.4757019996759482,0.5023960005928529,0.006309999662335031,,,,
openmarcie_bicycle,cpu,raw,openmarcie_bicycle__only_temperature__qwen3_4b,qwen3_4b,only_temperature,core,core_language,,4029108736,8071498752,256,,701925437312,1383.517098000084,1384.5212963984523,0.7085240013111616,,,,
openmarcie_bicycle,cpu,early_fusion,openmarcie_bicycle__only_temperature__qwen3_4b,qwen3_4b,only_temperature,edge,temperature_gateway,temperature,0,0,0,0,0,0.0005099991540191695,0.0008429997251369059,0.00872999953571707,524,2.4192,10.0,0.00027946666666666667
openmarcie_bicycle,cpu,early_fusion,openmarcie_bicycle__only_temperature__qwen3_4b,qwen3_4b,only_temperature,core,core,,27760,111040,0,124575,2007232,0.4337720001785783,0.44936900139873615,0.0066399989009369165,,,,
openmarcie_bicycle,cpu,early_fusion,openmarcie_bicycle__only_temperature__qwen3_4b,qwen3_4b,only_temperature,core,core_language,,4029108736,8071498752,256,,701925437312,1383.517098000084,1384.5212963984523,0.7041129993012873,,,,
openmarcie_bicycle,cpu,late_fusion,openmarcie_bicycle__only_temperature__qwen3_4b,qwen3_4b,only_temperature,edge,temperature_gateway,temperature,4036,16144,0,19717,229248,0.15988099949026946,0.17460500093875453,0.008229999366449192,96,2.0768,10.0,5.12e-05
openmarcie_bicycle,cpu,late_fusion,openmarcie_bicycle__only_temperature__qwen3_4b,qwen3_4b,only_temperature,core,core,,0,0,0,0,0,0.023520000468124636,0.03007199993589893,0.005870000677532516,,,,
openmarcie_bicycle,cpu,late_fusion,openmarcie_bicycle__only_temperature__qwen3_4b,qwen3_4b,only_temperature,core,core_language,,4022468096,8044936192,256,,598372395136,1365.2376339996408,1368.9743079989057,0.17118100004154257,,,,
openmarcie_bicycle,cpu,local_only,openmarcie_bicycle__only_temperature__qwen3_4b,qwen3_4b,only_temperature,edge,temperature_gateway,temperature,4036,16144,0,19717,229248,0.1638510002521798,0.18395610004517948,0.008130000423989259,52,2.0416,10.0,2.7733333333333334e-05
openmarcie_bicycle,cpu,local_only,openmarcie_bicycle__only_temperature__qwen3_4b,qwen3_4b,only_temperature,core,core,,0,0,0,0,0,0.0283800000033807,0.03671400027087657,0.005919999239267781,,,,
openmarcie_bicycle,cpu,local_only,openmarcie_bicycle__only_temperature__qwen3_4b,qwen3_4b,only_temperature,core,core_language,,4022468096,8044936192,256,,598372395136,1365.2376339996408,1368.9743079989057,0.16933000006247312,,,,
openmarcie_bicycle,cpu,bottleneck,openmarcie_bicycle__only_temperature__qwen3_4b,qwen3_4b,only_temperature,edge,temperature_gateway,temperature,3772,15088,0,18693,236672,0.16244000107690226,0.1773448993844795,0.0085299998318078,684,2.5472,10.0,0.0003648
openmarcie_bicycle,cpu,bottleneck,openmarcie_bicycle__only_temperature__qwen3_4b,qwen3_4b,only_temperature,core,core,,27736,110944,0,123115,2006080,0.2201510014856467,0.2421380006126128,0.006279999070102349,,,,
openmarcie_bicycle,cpu,bottleneck,openmarcie_bicycle__only_temperature__qwen3_4b,qwen3_4b,only_temperature,core,core_language,,4029108736,8071498752,256,,701925437312,1383.517098000084,1384.5212963984523,0.7109340003808029,,,,
openmarcie_bicycle,cpu,tokenlearner,openmarcie_bicycle__only_temperature__qwen3_4b,qwen3_4b,only_temperature,edge,temperature_gateway,temperature,4960,19840,0,23935,327296,0.19358099962119013,0.21328200000425568,0.008170000000973232,1100,2.88,10.0,0.0005866666666666667
openmarcie_bicycle,cpu,tokenlearner,openmarcie_bicycle__only_temperature__qwen3_4b,qwen3_4b,only_temperature,core,core,,27576,110304,0,121905,488000,0.20321100055298302,0.2311469997948734,0.00650000038149301,,,,
openmarcie_bicycle,cpu,tokenlearner,openmarcie_bicycle__only_temperature__qwen3_4b,qwen3_4b,only_temperature,core,core_language,,4029108736,8071498752,256,,524957000576,1350.7986749991687,1368.5392131001208,0.42065200068464037,,,,
openmarcie_bicycle,cpu,posthoc_vq,openmarcie_bicycle__only_temperature__qwen3_4b,qwen3_4b,only_temperature,edge,temperature_gateway,temperature,4664,18656,0,22089,294016,0.24128099903464317,0.2622780004458036,0.013040000339969993,192,2.1536,10.0,0.0001024
openmarcie_bicycle,cpu,posthoc_vq,openmarcie_bicycle__only_temperature__qwen3_4b,qwen3_4b,only_temperature,core,core,,28600,114400,0,126318,1997888,0.24968100115074776,0.27371100077289157,0.010230000043520704,,,,
openmarcie_bicycle,cpu,posthoc_vq,openmarcie_bicycle__only_temperature__qwen3_4b,qwen3_4b,only_temperature,core,core_language,,4029108736,8071498752,256,,701925437312,1383.517098000084,1384.5212963984523,0.7100639995769598,,,,
openmarcie_bicycle,cpu,joint_vq,openmarcie_bicycle__only_temperature__qwen3_4b,qwen3_4b,only_temperature,edge,temperature_gateway,temperature,7040,28160,0,33078,360064,0.27456200041342527,0.29634110051119933,0.01258999873243738,81,2.0648,10.0,4.32e-05
openmarcie_bicycle,cpu,joint_vq,openmarcie_bicycle__only_temperature__qwen3_4b,qwen3_4b,only_temperature,core,core,,28600,114400,0,126318,488000,0.24521099840058014,0.25638000061007915,0.009759998647496104,,,,
openmarcie_bicycle,cpu,joint_vq,openmarcie_bicycle__only_temperature__qwen3_4b,qwen3_4b,only_temperature,core,core_language,,4029108736,8071498752,256,,524957000576,1350.7986749991687,1368.5392131001208,0.4269220007699914,,,,
openmarcie_bicycle,cpu,deepconvlstm,openmarcie_bicycle__only_temperature__qwen3_4b,qwen3_4b,only_temperature,edge,temperature_gateway,temperature,0,0,0,0,0,0.0006400005077011883,0.0008109995178529061,0.008270000762422569,524,2.4192,10.0,0.00027946666666666667
openmarcie_bicycle,cpu,deepconvlstm,openmarcie_bicycle__only_temperature__qwen3_4b,qwen3_4b,only_temperature,core,core,,33284,133136,0,139937,2064256,0.32977199953165837,0.33893309882842004,0.0062800008890917525,,,,
openmarcie_bicycle,cpu,deepconvlstm,openmarcie_bicycle__only_temperature__qwen3_4b,qwen3_4b,only_temperature,core,core_language,,4029108736,8071498752,256,,701925437312,1383.517098000084,1384.5212963984523,0.7001129997661337,,,,
openmarcie_bicycle,cpu,unrestricted_bank,openmarcie_bicycle__only_temperature__qwen3_4b,qwen3_4b,only_temperature,edge,temperature_gateway,temperature,7072,28288,0,33459,360064,0.20963099996151868,0.22028700022929115,0.012459999197744764,81,2.0648,10.0,4.32e-05
openmarcie_bicycle,cpu,unrestricted_bank,openmarcie_bicycle__only_temperature__qwen3_4b,qwen3_4b,only_temperature,core,core,,28600,114400,0,126318,488000,0.21701100013160612,0.24010499982978217,0.009929999578162096,,,,
openmarcie_bicycle,cpu,unrestricted_bank,openmarcie_bicycle__only_temperature__qwen3_4b,qwen3_4b,only_temperature,core,core_language,,4029108736,8071498752,256,,524957000576,1350.7986749991687,1368.5392131001208,0.4183119999652263,,,,
openmarcie_bicycle,cpu,separate_banks,openmarcie_bicycle__only_temperature__qwen3_4b,qwen3_4b,only_temperature,edge,temperature_gateway,temperature,7072,28288,0,33459,360064,0.20690100063802674,0.229751998813299,0.012639999113162048,81,2.0648,10.0,4.32e-05
openmarcie_bicycle,cpu,separate_banks,openmarcie_bicycle__only_temperature__qwen3_4b,qwen3_4b,only_temperature,core,core,,28600,114400,0,126318,488000,0.24013099937292282,0.26198389950877754,0.010179999662796035,,,,
openmarcie_bicycle,cpu,separate_banks,openmarcie_bicycle__only_temperature__qwen3_4b,qwen3_4b,only_temperature,core,core_language,,4029108736,8071498752,256,,524957000576,1350.7986749991687,1368.5392131001208,0.43012199967051856,,,,
openmarcie_bicycle,cpu,fixed_resampling,openmarcie_bicycle__only_temperature__qwen3_4b,qwen3_4b,only_temperature,edge,temperature_gateway,temperature,7072,28288,0,33459,358912,0.14299100075731985,0.15333109986386262,0.012491000234149396,81,2.0648,10.0,4.32e-05
openmarcie_bicycle,cpu,fixed_resampling,openmarcie_bicycle__only_temperature__qwen3_4b,qwen3_4b,only_temperature,core,core,,28600,114400,0,126318,488000,0.24587100051576272,0.2592450015072245,0.010129999282071367,,,,
openmarcie_bicycle,cpu,fixed_resampling,openmarcie_bicycle__only_temperature__qwen3_4b,qwen3_4b,only_temperature,core,core_language,,4029108736,8071498752,256,,524957000576,1350.7986749991687,1368.5392131001208,0.4173019988229498,,,,
openmarcie_bicycle,cpu,finetune_encoders,openmarcie_bicycle__only_temperature__qwen3_4b,qwen3_4b,only_temperature,edge,temperature_gateway,temperature,7072,28288,0,33459,360064,0.2184309996664524,0.23445100050594192,0.012869999409304,81,2.0648,10.0,4.32e-05
openmarcie_bicycle,cpu,finetune_encoders,openmarcie_bicycle__only_temperature__qwen3_4b,qwen3_4b,only_temperature,core,core,,28600,114400,0,126318,488000,0.23745100043015555,0.2596449998236494,0.010080000720336102,,,,
openmarcie_bicycle,cpu,finetune_encoders,openmarcie_bicycle__only_temperature__qwen3_4b,qwen3_4b,only_temperature,core,core_language,,4029108736,8071498752,256,,524957000576,1350.7986749991687,1368.5392131001208,0.43215199912083335,,,,
openmarcie_bicycle,cpu,no_alignment,openmarcie_bicycle__only_temperature__qwen3_4b,qwen3_4b,only_temperature,edge,temperature_gateway,temperature,7072,28288,0,33459,360064,0.20301100084907375,0.2193729997088667,0.01295000038226135,81,2.0648,10.0,4.32e-05
openmarcie_bicycle,cpu,no_alignment,openmarcie_bicycle__only_temperature__qwen3_4b,qwen3_4b,only_temperature,core,core,,28600,114400,0,126318,488000,0.2482310010236688,0.25948099992092466,0.009900000804918818,,,,
openmarcie_bicycle,cpu,no_alignment,openmarcie_bicycle__only_temperature__qwen3_4b,qwen3_4b,only_temperature,core,core_language,,4029108736,8071498752,256,,524957000576,1350.7986749991687,1368.5392131001208,0.4677920005633496,,,,
openmarcie_bicycle,cpu,no_usage,openmarcie_bicycle__only_temperature__qwen3_4b,qwen3_4b,only_temperature,edge,temperature_gateway,temperature,7072,28288,0,33459,360064,0.20331099949544296,0.22929400056455052,0.012209999113110825,81,2.0648,10.0,4.32e-05
openmarcie_bicycle,cpu,no_usage,openmarcie_bicycle__only_temperature__qwen3_4b,qwen3_4b,only_temperature,core,core,,28600,114400,0,126318,488000,0.23653099924558774,0.2644588998009567,0.010080000720336102,,,,
openmarcie_bicycle,cpu,no_usage,openmarcie_bicycle__only_temperature__qwen3_4b,qwen3_4b,only_temperature,core,core_language,,4029108736,8071498752,256,,524957000576,1350.7986749991687,1368.5392131001208,0.4162819986959221,,,,
openmarcie_bicycle,cpu,tcn,openmarcie_bicycle__only_temperature__qwen3_4b,qwen3_4b,only_temperature,edge,temperature_gateway,temperature,0,0,0,0,0,0.0005200017767492682,0.0007720007488387637,0.00844999885885045,524,2.4192,10.0,0.00027946666666666667
openmarcie_bicycle,cpu,tcn,openmarcie_bicycle__only_temperature__qwen3_4b,qwen3_4b,only_temperature,core,core,,13648,54592,0,62869,821184,0.3984119994129287,0.4010760007076897,0.006570000550709665,,,,
openmarcie_bicycle,cpu,tcn,openmarcie_bicycle__only_temperature__qwen3_4b,qwen3_4b,only_temperature,core,core_language,,4029108736,8071498752,256,,701925437312,1383.517098000084,1384.5212963984523,0.706773000274552,,,,
openmarcie_bicycle,cpu,ts_transformer,openmarcie_bicycle__only_temperature__qwen3_4b,qwen3_4b,only_temperature,edge,temperature_gateway,temperature,0,0,0,0,0,0.0005100009730085731,0.0008700004400452599,0.0085299998318078,524,2.4192,10.0,0.00027946666666666667
openmarcie_bicycle,cpu,ts_transformer,openmarcie_bicycle__only_temperature__qwen3_4b,qwen3_4b,only_temperature,core,core,,26512,106048,0,117809,1869760,0.38253200000326615,0.40708400065341266,0.006270000085351057,,,,
openmarcie_bicycle,cpu,ts_transformer,openmarcie_bicycle__only_temperature__qwen3_4b,qwen3_4b,only_temperature,core,core_language,,4029108736,8071498752,256,,701925437312,1383.517098000084,1384.5212963984523,0.7050530002743471,,,,
openmarcie_bicycle,cpu,patchtst,openmarcie_bicycle__only_temperature__qwen3_4b,qwen3_4b,only_temperature,edge,temperature_gateway,temperature,0,0,0,0,0,0.0005399997462518513,0.0008279999747173861,0.008650000381749123,524,2.4192,10.0,0.00027946666666666667
openmarcie_bicycle,cpu,patchtst,openmarcie_bicycle__only_temperature__qwen3_4b,qwen3_4b,only_temperature,core,core,,26640,106560,0,118321,1087936,0.42598199979693163,0.4412640002556145,0.006161000783322379,,,,
openmarcie_bicycle,cpu,patchtst,openmarcie_bicycle__only_temperature__qwen3_4b,qwen3_4b,only_temperature,core,core_language,,4029108736,8071498752,256,,517598061312,1352.7679889994033,1353.2538566987569,0.4213820011500502,,,,
openmarcie_bicycle,cpu,distrixsense,openmarcie_bicycle__only_thermal__qwen3_4b,qwen3_4b,only_thermal,edge,thermal_gateway,thermal,44072,176288,0,181299,2712064,0.22469100076705217,0.23998200031201122,0.012709999282378703,81,2.0648,10.0,4.32e-05
openmarcie_bicycle,cpu,distrixsense,openmarcie_bicycle__only_thermal__qwen3_4b,qwen3_4b,only_thermal,core,core,,28600,114400,0,126318,488000,0.23569099903397728,0.26098190046468517,0.010069999916595407,,,,
openmarcie_bicycle,cpu,distrixsense,openmarcie_bicycle__only_thermal__qwen3_4b,qwen3_4b,only_thermal,core,core_language,,4029108736,8071498752,256,,524957000576,1350.7986749991687,1368.5392131001208,0.4284719998395303,,,,
openmarcie_bicycle,cpu,dense,openmarcie_bicycle__only_thermal__qwen3_4b,qwen3_4b,only_thermal,edge,thermal_gateway,thermal,40640,162560,0,165581,2580480,0.16142099957505707,0.1756491001287941,0.008840001100907102,4324,5.4592,10.0,0.0023061333333333333
openmarcie_bicycle,cpu,dense,openmarcie_bicycle__only_thermal__qwen3_4b,qwen3_4b,only_thermal,core,core,,27576,110304,0,121905,1997888,0.21493100030056667,0.23699900102656102,0.006579999535460956,,,,
openmarcie_bicycle,cpu,dense,openmarcie_bicycle__only_thermal__qwen3_4b,qwen3_4b,only_thermal,core,core_language,,4029108736,8071498752,256,,701925437312,1383.517098000084,1384.5212963984523,0.7043739988148445,,,,
openmarcie_bicycle,cpu,dense_tokens,openmarcie_bicycle__only_thermal__qwen3_4b,qwen3_4b,only_thermal,edge,thermal_gateway,thermal,43016,172064,0,176569,2695680,0.21731099877797533,0.23764200068399077,0.008439999874099158,1100,2.88,10.0,0.0005866666666666667
openmarcie_bicycle,cpu,dense_tokens,openmarcie_bicycle__only_thermal__qwen3_4b,qwen3_4b,only_thermal,core,core,,27576,110304,0,121905,488000,0.2041610005107941,0.2240150000943686,0.006199999916134402,,,,
openmarcie_bicycle,cpu,dense_tokens,openmarcie_bicycle__only_thermal__qwen3_4b,qwen3_4b,only_thermal,core,core_language,,4029108736,8071498752,256,,524957000576,1350.7986749991687,1368.5392131001208,0.4196820009383373,,,,
openmarcie_bicycle,cpu,raw,openmarcie_bicycle__only_thermal__qwen3_4b,qwen3_4b,only_thermal,edge,thermal_gateway,thermal,0,0,0,0,0,0.0005099991540191695,0.0007619997631991282,0.01005000012810342,15804,14.6432,10.0,0.0084288
openmarcie_bicycle,cpu,raw,openmarcie_bicycle__only_thermal__qwen3_4b,qwen3_4b,only_thermal,core,core,,68216,272864,0,286873,4578368,0.4508029996941332,0.4726001012386405,0.007130000085453503,,,,
openmarcie_bicycle,cpu,raw,openmarcie_bicycle__only_thermal__qwen3_4b,qwen3_4b,only_thermal,core,core_language,,4029108736,8071498752,256,,701925437312,1383.517098000084,1384.5212963984523,0.7027530009509064,,,,
openmarcie_bicycle,cpu,early_fusion,openmarcie_bicycle__only_thermal__qwen3_4b,qwen3_4b,only_thermal,edge,thermal_gateway,thermal,0,0,0,0,0,0.00048000038077589124,0.0007949995051603764,0.010120000297320075,15804,14.6432,10.0,0.0084288
openmarcie_bicycle,cpu,early_fusion,openmarcie_bicycle__only_thermal__qwen3_4b,qwen3_4b,only_thermal,core,core,,48760,195040,0,208415,3335232,0.4466219997993903,0.4630109991921927,0.007160000677686185,,,,
openmarcie_bicycle,cpu,early_fusion,openmarcie_bicycle__only_thermal__qwen3_4b,qwen3_4b,only_thermal,core,core_language,,4029108736,8071498752,256,,701925437312,1383.517098000084,1384.5212963984523,0.7052930013742298,,,,
openmarcie_bicycle,cpu,late_fusion,openmarcie_bicycle__only_thermal__qwen3_4b,qwen3_4b,only_thermal,edge,thermal_gateway,thermal,41036,164144,0,167557,2581248,0.18439099949318916,0.19343599960848223,0.00833999911264982,96,2.0768,10.0,5.12e-05
openmarcie_bicycle,cpu,late_fusion,openmarcie_bicycle__only_thermal__qwen3_4b,qwen3_4b,only_thermal,core,core,,0,0,0,0,0,0.023499998860643245,0.030213999889383558,0.005989999408484437,,,,
openmarcie_bicycle,cpu,late_fusion,openmarcie_bicycle__only_thermal__qwen3_4b,qwen3_4b,only_thermal,core,core_language,,4022468096,8044936192,256,,591014930432,1363.9552559998265,1364.4799317013167,0.16842100012581795,,,,
openmarcie_bicycle,cpu,local_only,openmarcie_bicycle__only_thermal__qwen3_4b,qwen3_4b,only_thermal,edge,thermal_gateway,thermal,41036,164144,0,167557,2581248,0.185101000170107,0.19578400097088888,0.00816000101622194,52,2.0416,10.0,2.7733333333333334e-05
openmarcie_bicycle,cpu,local_only,openmarcie_bicycle__only_thermal__qwen3_4b,qwen3_4b,only_thermal,core,core,,0,0,0,0,0,0.03485999877739232,0.03717299969139276,0.0058299992815591395,,,,
openmarcie_bicycle,cpu,local_only,openmarcie_bicycle__only_thermal__qwen3_4b,qwen3_4b,only_thermal,core,core_language,,4022468096,8044936192,256,,591014930432,1363.9552559998265,1364.4799317013167,0.16757000048528425,,,,
openmarcie_bicycle,cpu,bottleneck,openmarcie_bicycle__only_thermal__qwen3_4b,qwen3_4b,only_thermal,edge,thermal_gateway,thermal,40772,163088,0,166533,2588672,0.18343100055062678,0.1954280005520559,0.008579998393543065,684,2.5472,10.0,0.0003648
openmarcie_bicycle,cpu,bottleneck,openmarcie_bicycle__only_thermal__qwen3_4b,qwen3_4b,only_thermal,core,core,,27736,110944,0,123115,2006080,0.2302310003869934,0.25044500107469503,0.006199999916134402,,,,
openmarcie_bicycle,cpu,bottleneck,openmarcie_bicycle__only_thermal__qwen3_4b,qwen3_4b,only_thermal,core,core_language,,4029108736,8071498752,256,,701925437312,1383.517098000084,1384.5212963984523,0.7270839996635914,,,,
openmarcie_bicycle,cpu,tokenlearner,openmarcie_bicycle__only_thermal__qwen3_4b,qwen3_4b,only_thermal,edge,thermal_gateway,thermal,41960,167840,0,171775,2679296,0.2170610005123308,0.2232530005130684,0.008240000170189887,1100,2.88,10.0,0.0005866666666666667
openmarcie_bicycle,cpu,tokenlearner,openmarcie_bicycle__only_thermal__qwen3_4b,qwen3_4b,only_thermal,core,core,,27576,110304,0,121905,488000,0.20521100123005453,0.22395800024241908,0.006259999281610362,,,,
openmarcie_bicycle,cpu,tokenlearner,openmarcie_bicycle__only_thermal__qwen3_4b,qwen3_4b,only_thermal,core,core_language,,4029108736,8071498752,256,,524957000576,1350.7986749991687,1368.5392131001208,0.43788199945993256,,,,
openmarcie_bicycle,cpu,posthoc_vq,openmarcie_bicycle__only_thermal__qwen3_4b,qwen3_4b,only_thermal,edge,thermal_gateway,thermal,41664,166656,0,169929,2646016,0.25715099945955444,0.2733510000325623,0.012869999409304,192,2.1536,10.0,0.0001024
openmarcie_bicycle,cpu,posthoc_vq,openmarcie_bicycle__only_thermal__qwen3_4b,qwen3_4b,only_thermal,core,core,,28600,114400,0,126318,1997888,0.24971099992399104,0.27946500122197904,0.010259998816763982,,,,
openmarcie_bicycle,cpu,posthoc_vq,openmarcie_bicycle__only_thermal__qwen3_4b,qwen3_4b,only_thermal,core,core_language,,4029108736,8071498752,256,,701925437312,1383.517098000084,1384.5212963984523,0.7039329993858701,,,,
openmarcie_bicycle,cpu,joint_vq,openmarcie_bicycle__only_thermal__qwen3_4b,qwen3_4b,only_thermal,edge,thermal_gateway,thermal,44040,176160,0,180918,2712064,0.29294100022525527,0.31151790062722284,0.01269000131287612,81,2.0648,10.0,4.32e-05
openmarcie_bicycle,cpu,joint_vq,openmarcie_bicycle__only_thermal__qwen3_4b,qwen3_4b,only_thermal,core,core,,28600,114400,0,126318,488000,0.23354100085271057,0.256293899656157,0.009929999578162096,,,,
openmarcie_bicycle,cpu,joint_vq,openmarcie_bicycle__only_thermal__qwen3_4b,qwen3_4b,only_thermal,core,core_language,,4029108736,8071498752,256,,524957000576,1350.7986749991687,1368.5392131001208,0.4223220003041206,,,,
openmarcie_bicycle,cpu,deepconvlstm,openmarcie_bicycle__only_thermal__qwen3_4b,qwen3_4b,only_thermal,edge,thermal_gateway,thermal,0,0,0,0,0,0.00048000038077589124,0.0008489989340887405,0.009830000635702163,15804,14.6432,10.0,0.0084288
openmarcie_bicycle,cpu,deepconvlstm,openmarcie_bicycle__only_thermal__qwen3_4b,qwen3_4b,only_thermal,core,core,,70284,281136,0,287777,4416256,0.3408520005905302,0.3837910007860046,0.007220000043162145,,,,
openmarcie_bicycle,cpu,deepconvlstm,openmarcie_bicycle__only_thermal__qwen3_4b,qwen3_4b,only_thermal,core,core_language,,4029108736,8071498752,256,,701925437312,1383.517098000084,1384.5212963984523,0.7241539988172008,,,,
openmarcie_bicycle,cpu,unrestricted_bank,openmarcie_bicycle__only_thermal__qwen3_4b,qwen3_4b,only_thermal,edge,thermal_gateway,thermal,44072,176288,0,181299,2712064,0.22126099975139368,0.23939600032463204,0.012820000847568735,81,2.0648,10.0,4.32e-05
openmarcie_bicycle,cpu,unrestricted_bank,openmarcie_bicycle__only_thermal__qwen3_4b,qwen3_4b,only_thermal,core,core,,28600,114400,0,126318,488000,0.21416100025817286,0.23784900022292277,0.010110001312568784,,,,
openmarcie_bicycle,cpu,unrestricted_bank,openmarcie_bicycle__only_thermal__qwen3_4b,qwen3_4b,only_thermal,core,core_language,,4029108736,8071498752,256,,524957000576,1350.7986749991687,1368.5392131001208,0.42428200140420813,,,,
openmarcie_bicycle,cpu,separate_banks,openmarcie_bicycle__only_thermal__qwen3_4b,qwen3_4b,only_thermal,edge,thermal_gateway,thermal,44072,176288,0,181299,2712064,0.2235609990748344,0.2388879998761695,0.012559999959194101,81,2.0648,10.0,4.32e-05
openmarcie_bicycle,cpu,separate_banks,openmarcie_bicycle__only_thermal__qwen3_4b,qwen3_4b,only_thermal,core,core,,28600,114400,0,126318,488000,0.23977099954208825,0.26460200133442413,0.01010999949357938,,,,
openmarcie_bicycle,cpu,separate_banks,openmarcie_bicycle__only_thermal__qwen3_4b,qwen3_4b,only_thermal,core,core_language,,4029108736,8071498752,256,,524957000576,1350.7986749991687,1368.5392131001208,0.42200200005027,,,,
openmarcie_bicycle,cpu,fixed_resampling,openmarcie_bicycle__only_thermal__qwen3_4b,qwen3_4b,only_thermal,edge,thermal_gateway,thermal,44072,176288,0,181299,1638912,0.14650999946752563,0.16120789914566558,0.012399999832268804,81,2.0648,10.0,4.32e-05
openmarcie_bicycle,cpu,fixed_resampling,openmarcie_bicycle__only_thermal__qwen3_4b,qwen3_4b,only_thermal,core,core,,28600,114400,0,126318,488000,0.23547099954157602,0.25449699969612993,0.010230000043520704,,,,
openmarcie_bicycle,cpu,fixed_resampling,openmarcie_bicycle__only_thermal__qwen3_4b,qwen3_4b,only_thermal,core,core_language,,4029108736,8071498752,256,,524957000576,1350.7986749991687,1368.5392131001208,0.4221220006002113,,,,
openmarcie_bicycle,cpu,finetune_encoders,openmarcie_bicycle__only_thermal__qwen3_4b,qwen3_4b,only_thermal,edge,thermal_gateway,thermal,44072,176288,0,181299,2712064,0.22352099949785043,0.23846999938541558,0.012340999091975391,81,2.0648,10.0,4.32e-05
openmarcie_bicycle,cpu,finetune_encoders,openmarcie_bicycle__only_thermal__qwen3_4b,qwen3_4b,only_thermal,core,core,,28600,114400,0,126318,488000,0.2390509998804191,0.2574290003394708,0.010099998689838685,,,,
openmarcie_bicycle,cpu,finetune_encoders,openmarcie_bicycle__only_thermal__qwen3_4b,qwen3_4b,only_thermal,core,core_language,,4029108736,8071498752,256,,524957000576,1350.7986749991687,1368.5392131001208,0.423432000388857,,,,
openmarcie_bicycle,cpu,no_alignment,openmarcie_bicycle__only_thermal__qwen3_4b,qwen3_4b,only_thermal,edge,thermal_gateway,thermal,44072,176288,0,181299,2712064,0.22385100055544171,0.24176099941541906,0.012370001059025526,81,2.0648,10.0,4.32e-05
openmarcie_bicycle,cpu,no_alignment,openmarcie_bicycle__only_thermal__qwen3_4b,qwen3_4b,only_thermal,core,core,,28600,114400,0,126318,488000,0.24286100051540416,0.25651489977462916,0.009900000804918818,,,,
openmarcie_bicycle,cpu,no_alignment,openmarcie_bicycle__only_thermal__qwen3_4b,qwen3_4b,only_thermal,core,core_language,,4029108736,8071498752,256,,524957000576,1350.7986749991687,1368.5392131001208,0.4224620006425539,,,,
openmarcie_bicycle,cpu,no_usage,openmarcie_bicycle__only_thermal__qwen3_4b,qwen3_4b,only_thermal,edge,thermal_gateway,thermal,44072,176288,0,181299,2712064,0.22073099898989312,0.23647289908694802,0.012720000086119398,81,2.0648,10.0,4.32e-05
openmarcie_bicycle,cpu,no_usage,openmarcie_bicycle__only_thermal__qwen3_4b,qwen3_4b,only_thermal,core,core,,28600,114400,0,126318,488000,0.2365709988225717,0.2616810001200065,0.009979999958886765,,,,
openmarcie_bicycle,cpu,no_usage,openmarcie_bicycle__only_thermal__qwen3_4b,qwen3_4b,only_thermal,core,core_language,,4029108736,8071498752,256,,524957000576,1350.7986749991687,1368.5392131001208,0.4277520001778612,,,,
openmarcie_bicycle,cpu,tcn,openmarcie_bicycle__only_thermal__qwen3_4b,qwen3_4b,only_thermal,edge,thermal_gateway,thermal,0,0,0,0,0,0.0005199999577598646,0.0007719989298493601,0.010149999070563354,15804,14.6432,10.0,0.0084288
openmarcie_bicycle,cpu,tcn,openmarcie_bicycle__only_thermal__qwen3_4b,qwen3_4b,only_thermal,core,core,,34648,138592,0,146709,2149184,0.3667820001282962,0.37940900001558475,0.007099999493220821,,,,
openmarcie_bicycle,cpu,tcn,openmarcie_bicycle__only_thermal__qwen3_4b,qwen3_4b,only_thermal,core,core_language,,4029108736,8071498752,256,,701925437312,1383.517098000084,1384.5212963984523,0.7021430010354379,,,,
openmarcie_bicycle,cpu,ts_transformer,openmarcie_bicycle__only_thermal__qwen3_4b,qwen3_4b,only_thermal,edge,thermal_gateway,thermal,0,0,0,0,0,0.0005100009730085731,0.0008070002877502702,0.009840001439442858,15804,14.6432,10.0,0.0084288
openmarcie_bicycle,cpu,ts_transformer,openmarcie_bicycle__only_thermal__qwen3_4b,qwen3_4b,only_thermal,core,core,,47512,190048,0,201585,3197760,0.3995320003014058,0.41414709921809845,0.007169999662437476,,,,
openmarcie_bicycle,cpu,ts_transformer,openmarcie_bicycle__only_thermal__qwen3_4b,qwen3_4b,only_thermal,core,core_language,,4029108736,8071498752,256,,701925437312,1383.517098000084,1384.5212963984523,0.7056840004224796,,,,
openmarcie_bicycle,cpu,patchtst,openmarcie_bicycle__only_thermal__qwen3_4b,qwen3_4b,only_thermal,edge,thermal_gateway,thermal,0,0,0,0,0,0.0005199999577598646,0.0008169992725015618,0.010209998436039314,15804,14.6432,10.0,0.0084288
openmarcie_bicycle,cpu,patchtst,openmarcie_bicycle__only_thermal__qwen3_4b,qwen3_4b,only_thermal,core,core,,43640,174560,0,186097,47183936,0.711902999682934,0.7364459996097139,0.007140000889194198,,,,
openmarcie_bicycle,cpu,patchtst,openmarcie_bicycle__only_thermal__qwen3_4b,qwen3_4b,only_thermal,core,core_language,,4029108736,8071498752,256,,517598061312,1352.7679889994033,1353.2538566987569,0.42175199996563606,,,,
openmarcie_printer,cpu,distrixsense,openmarcie_printer__all__qwen3_4b,qwen3_4b,all,edge,audio0,audio0,355574,1422296,0,1427507,22598784,0.3166819988109637,0.32283710042975144,0.012580001566675492,86,2.0688,10.0,4.5866666666666666e-05
openmarcie_printer,cpu,distrixsense,openmarcie_printer__all__qwen3_4b,qwen3_4b,all,edge,audio1,audio1,355574,1422296,0,1427507,22598784,0.30587100081902463,0.3236640000977786,0.012500000593718141,86,2.0688,10.0,4.5866666666666666e-05
openmarcie_printer,cpu,distrixsense,openmarcie_printer__all__qwen3_4b,qwen3_4b,all,edge,barometer_gateway,barometer,6902,27608,0,32819,349312,0.20653100000345148,0.21837500080437167,0.012709999282378703,86,2.0688,10.0,4.5866666666666666e-05
openmarcie_printer,cpu,distrixsense,openmarcie_printer__all__qwen3_4b,qwen3_4b,all,edge,camera_imu_gateway,camera_imu,10268,41072,0,46195,562432,0.21004100017307792,0.22647499990853248,0.012250000509084202,86,2.0688,10.0,4.5866666666666666e-05
openmarcie_printer,cpu,distrixsense,openmarcie_printer__all__qwen3_4b,qwen3_4b,all,edge,imu_gateway,imu,10268,41072,0,46195,562432,0.20947099983459339,0.22241300048335688,0.012150001566624269,86,2.0688,10.0,4.5866666666666666e-05
openmarcie_printer,cpu,distrixsense,openmarcie_printer__all__qwen3_4b,qwen3_4b,all,edge,lidar0,"lidar0_rgb,lidar0_depth",96336,385344,0,394627,5948416,0.40861199886421673,0.416909999512427,0.022790000002714805,172,2.1376,10.0,9.173333333333333e-05
openmarcie_printer,cpu,distrixsense,openmarcie_printer__all__qwen3_4b,qwen3_4b,all,edge,lidar1,"lidar1_rgb,lidar1_depth",96336,385344,0,394627,5948416,0.40840199835656676,0.41956199984269915,0.022849999368190765,172,2.1376,10.0,9.173333333333333e-05
openmarcie_printer,cpu,distrixsense,openmarcie_printer__all__qwen3_4b,qwen3_4b,all,edge,magnetometer_gateway,magnetometer,7594,30376,0,35571,393088,0.19995099864900112,0.21478300059243338,0.012169999536126852,86,2.0688,10.0,4.5866666666666666e-05
openmarcie_printer,cpu,distrixsense,openmarcie_printer__all__qwen3_4b,qwen3_4b,all,edge,rgbd_imu0,"rgbd_imu0_rgb,rgbd_imu0_depth",96336,385344,0,394627,5948416,0.4053720003867056,0.41809800004557474,0.02260000110254623,172,2.1376,10.0,9.173333333333333e-05
openmarcie_printer,cpu,distrixsense,openmarcie_printer__all__qwen3_4b,qwen3_4b,all,edge,rgbd_imu1,"rgbd_imu1_rgb,rgbd_imu1_depth",96336,385344,0,394627,5948416,0.4019410007458646,0.42586390027281595,0.022670001271762885,172,2.1376,10.0,9.173333333333333e-05
openmarcie_printer,cpu,distrixsense,openmarcie_printer__all__qwen3_4b,qwen3_4b,all,edge,room_rgbd0,"room_rgbd0_rgb,room_rgbd0_depth",96336,385344,0,394627,5948416,0.4052120002597803,0.4135100009079906,0.022799998987466097,172,2.1376,10.0,9.173333333333333e-05
openmarcie_printer,cpu,distrixsense,openmarcie_printer__all__qwen3_4b,qwen3_4b,all,edge,room_rgbd1,"room_rgbd1_rgb,room_rgbd1_depth",96336,385344,0,394627,5948416,0.4051220003020717,0.4219969994665007,0.022709999029757455,172,2.1376,10.0,9.173333333333333e-05
openmarcie_printer,cpu,distrixsense,openmarcie_printer__all__qwen3_4b,qwen3_4b,all,edge,temperature_gateway,temperature,7244,28976,0,34099,370944,0.2013910016103182,0.22589800028072204,0.012340000466792844,86,2.0688,10.0,4.5866666666666666e-05
openmarcie_printer,cpu,distrixsense,openmarcie_printer__all__qwen3_4b,qwen3_4b,all,core,core,,48184,192736,0,204654,13972160,0.9955240002454957,1.006342899199808,0.17246100105694495,,,,
openmarcie_printer,cpu,distrixsense,openmarcie_printer__all__qwen3_4b,qwen3_4b,all,core,core_language,,4029108736,8071498752,256,,1868304776576,1718.2784950000496,1739.2155343010018,2.368450999711058,,,,
openmarcie_printer,cpu,dense,openmarcie_printer__all__qwen3_4b,qwen3_4b,all,edge,audio0,audio0,352142,1408568,0,1411853,22467200,0.261741000940674,0.27310800105624367,0.009569999747327529,4324,5.4592,10.0,0.0023061333333333333
openmarcie_printer,cpu,dense,openmarcie_printer__all__qwen3_4b,qwen3_4b,all,edge,audio1,audio1,352142,1408568,0,1411853,22467200,0.2505609991203528,0.26046099919767585,0.009110000974033028,4324,5.4592,10.0,0.0023061333333333333
openmarcie_printer,cpu,dense,openmarcie_printer__all__qwen3_4b,qwen3_4b,all,edge,barometer_gateway,barometer,3470,13880,0,17101,217728,0.14403100067283958,0.156234999303706,0.009190000128000975,4324,5.4592,10.0,0.0023061333333333333
openmarcie_printer,cpu,dense,openmarcie_printer__all__qwen3_4b,qwen3_4b,all,edge,camera_imu_gateway,camera_imu,6836,27344,0,30477,430848,0.15545099995506462,0.16111199984152336,0.009040000804816373,4324,5.4592,10.0,0.0023061333333333333
openmarcie_printer,cpu,dense,openmarcie_printer__all__qwen3_4b,qwen3_4b,all,edge,imu_gateway,imu,6836,27344,0,30477,430848,0.16868099919520319,0.19249499946454307,0.008859999070409685,4324,5.4592,10.0,0.0023061333333333333
openmarcie_printer,cpu,dense,openmarcie_printer__all__qwen3_4b,qwen3_4b,all,edge,lidar0,"lidar0_rgb,lidar0_depth",89472,357888,0,362995,5685248,0.2985110004374292,0.3167098999256268,0.017079999452107586,8648,8.9184,10.0,0.004612266666666667
openmarcie_printer,cpu,dense,openmarcie_printer__all__qwen3_4b,qwen3_4b,all,edge,lidar1,"lidar1_rgb,lidar1_depth",89472,357888,0,362995,5685248,0.3053010004805401,0.30909990000509424,0.017210000805789605,8648,8.9184,10.0,0.004612266666666667
openmarcie_printer,cpu,dense,openmarcie_printer__all__qwen3_4b,qwen3_4b,all,edge,magnetometer_gateway,magnetometer,4162,16648,0,19853,261504,0.14854099936201237,0.15340910067607183,0.009030000001075678,4324,5.4592,10.0,0.0023061333333333333
openmarcie_printer,cpu,dense,openmarcie_printer__all__qwen3_4b,qwen3_4b,all,edge,rgbd_imu0,"rgbd_imu0_rgb,rgbd_imu0_depth",89472,357888,0,362995,5685248,0.3072710005653789,0.30781099976593396,0.017309999748249538,8648,8.9184,10.0,0.004612266666666667
openmarcie_printer,cpu,dense,openmarcie_printer__all__qwen3_4b,qwen3_4b,all,edge,rgbd_imu1,"rgbd_imu1_rgb,rgbd_imu1_depth",89472,357888,0,362995,5685248,0.3028720002475893,0.3080730988585856,0.017410000509698875,8648,8.9184,10.0,0.004612266666666667
openmarcie_printer,cpu,dense,openmarcie_printer__all__qwen3_4b,qwen3_4b,all,edge,room_rgbd0,"room_rgbd0_rgb,room_rgbd0_depth",89472,357888,0,362995,5685248,0.2964310006063897,0.3135489996566321,0.017241000023204833,8648,8.9184,10.0,0.004612266666666667
openmarcie_printer,cpu,dense,openmarcie_printer__all__qwen3_4b,qwen3_4b,all,edge,room_rgbd1,"room_rgbd1_rgb,room_rgbd1_depth",89472,357888,0,362995,5685248,0.29638100022566505,0.31963699984771665,0.018139999156119302,8648,8.9184,10.0,0.004612266666666667
openmarcie_printer,cpu,dense,openmarcie_printer__all__qwen3_4b,qwen3_4b,all,edge,temperature_gateway,temperature,3812,15248,0,18381,239360,0.14365999959409237,0.15627889915776905,0.009180001143249683,4324,5.4592,10.0,0.0023061333333333333
openmarcie_printer,cpu,dense,openmarcie_printer__all__qwen3_4b,qwen3_4b,all,core,core,,28728,114912,0,126513,126709952,2.229609999631066,2.2576368999580154,0.11895100033143535,,,,
openmarcie_printer,cpu,dense,openmarcie_printer__all__qwen3_4b,qwen3_4b,all,core,core_language,,4029108736,8071498752,256,,5443721191808,3009.8966610003117,3047.384991899162,7.745977998638409,,,,
openmarcie_printer,cpu,dense_tokens,openmarcie_printer__all__qwen3_4b,qwen3_4b,all,edge,audio0,audio0,354518,1418072,0,1422777,22582400,0.3158310009894194,0.3372338993358426,0.008280001566163264,1100,2.88,10.0,0.0005866666666666667
openmarcie_printer,cpu,dense_tokens,openmarcie_printer__all__qwen3_4b,qwen3_4b,all,edge,audio1,audio1,354518,1418072,0,1422777,22582400,0.3000010001414921,0.310495000485389,0.008189999789465219,1100,2.88,10.0,0.0005866666666666667
openmarcie_printer,cpu,dense_tokens,openmarcie_printer__all__qwen3_4b,qwen3_4b,all,edge,barometer_gateway,barometer,5846,23384,0,28089,332928,0.19126100050925743,0.2064079999399837,0.008259999958681874,1100,2.88,10.0,0.0005866666666666667
openmarcie_printer,cpu,dense_tokens,openmarcie_printer__all__qwen3_4b,qwen3_4b,all,edge,camera_imu_gateway,camera_imu,9212,36848,0,41465,546048,0.20193099953758065,0.2156289987397031,0.008251001418102533,1100,2.88,10.0,0.0005866666666666667
openmarcie_printer,cpu,dense_tokens,openmarcie_printer__all__qwen3_4b,qwen3_4b,all,edge,imu_gateway,imu,9212,36848,0,41465,546048,0.20187099835311528,0.22863700014568167,0.008209999577957205,1100,2.88,10.0,0.0005866666666666667
openmarcie_printer,cpu,dense_tokens,openmarcie_printer__all__qwen3_4b,qwen3_4b,all,edge,lidar0,"lidar0_rgb,lidar0_depth",94224,376896,0,385103,5915648,0.39462200038542505,0.40623200038680807,0.015490000805584714,2200,3.76,10.0,0.0011733333333333333
openmarcie_printer,cpu,dense_tokens,openmarcie_printer__all__qwen3_4b,qwen3_4b,all,edge,lidar1,"lidar1_rgb,lidar1_depth",94224,376896,0,385103,5915648,0.3993620011897292,0.4024040001240792,0.015449999409611337,2200,3.76,10.0,0.0011733333333333333
openmarcie_printer,cpu,dense_tokens,openmarcie_printer__all__qwen3_4b,qwen3_4b,all,edge,magnetometer_gateway,magnetometer,6538,26152,0,30841,376704,0.19141099983244203,0.20537000036711106,0.008240000170189887,1100,2.88,10.0,0.0005866666666666667
openmarcie_printer,cpu,dense_tokens,openmarcie_printer__all__qwen3_4b,qwen3_4b,all,edge,rgbd_imu0,"rgbd_imu0_rgb,rgbd_imu0_depth",94224,376896,0,385103,5915648,0.38807100099802483,0.41331690044899005,0.015350000467151403,2200,3.76,10.0,0.0011733333333333333
openmarcie_printer,cpu,dense_tokens,openmarcie_printer__all__qwen3_4b,qwen3_4b,all,edge,rgbd_imu1,"rgbd_imu1_rgb,rgbd_imu1_depth",94224,376896,0,385103,5915648,0.38923200008866843,0.4130189998249989,0.015390000044135377,2200,3.76,10.0,0.0011733333333333333
openmarcie_printer,cpu,dense_tokens,openmarcie_printer__all__qwen3_4b,qwen3_4b,all,edge,room_rgbd0,"room_rgbd0_rgb,room_rgbd0_depth",94224,376896,0,385103,5915648,0.38983200101938564,0.4057080001075519,0.015409999832627364,2200,3.76,10.0,0.0011733333333333333
openmarcie_printer,cpu,dense_tokens,openmarcie_printer__all__qwen3_4b,qwen3_4b,all,edge,room_rgbd1,"room_rgbd1_rgb,room_rgbd1_depth",94224,376896,0,385103,5915648,0.3945419994124677,0.40069799979391973,0.015630001144018024,2200,3.76,10.0,0.0011733333333333333
openmarcie_printer,cpu,dense_tokens,openmarcie_printer__all__qwen3_4b,qwen3_4b,all,edge,temperature_gateway,temperature,6188,24752,0,29369,354560,0.19588100076362025,0.2184349996241508,0.008040000466280617,1100,2.88,10.0,0.0005866666666666667
openmarcie_printer,cpu,dense_tokens,openmarcie_printer__all__qwen3_4b,qwen3_4b,all,core,core,,28728,114912,0,126513,13972160,0.7664340009796433,0.7957290014019236,0.11986999925284181,,,,
openmarcie_printer,cpu,dense_tokens,openmarcie_printer__all__qwen3_4b,qwen3_4b,all,core,core_language,,4029108736,8071498752,256,,1868304776576,1718.2784950000496,1739.2155343010018,2.184521001254325,,,,
openmarcie_printer,cpu,raw,openmarcie_printer__all__qwen3_4b,qwen3_4b,all,edge,audio0,audio0,0,0,0,0,0,0.0005000001692678779,0.0008330007403856143,0.03534999996190891,390484,314.3872,10.0,0.20825813333333335
openmarcie_printer,cpu,raw,openmarcie_printer__all__qwen3_4b,qwen3_4b,all,edge,audio1,audio1,0,0,0,0,0,0.0004899993655271828,0.0005800000508315861,0.034560000131023116,390484,314.3872,10.0,0.20825813333333335
openmarcie_printer,cpu,raw,openmarcie_printer__all__qwen3_4b,qwen3_4b,all,edge,barometer_gateway,barometer,0,0,0,0,0,0.000459998773294501,0.0005769999916083179,0.00813999940874055,404,2.3232,10.0,0.00021546666666666665
openmarcie_printer,cpu,raw,openmarcie_printer__all__qwen3_4b,qwen3_4b,all,edge,camera_imu_gateway,camera_imu,0,0,0,0,0,0.00043000000005122274,0.0005740001142839901,0.010639998436090536,15444,14.3552,10.0,0.0082368
openmarcie_printer,cpu,raw,openmarcie_printer__all__qwen3_4b,qwen3_4b,all,edge,imu_gateway,imu,0,0,0,0,0,0.00048000038077589124,0.0005610003427136689,0.010500998541829176,15444,14.3552,10.0,0.0082368
openmarcie_printer,cpu,raw,openmarcie_printer__all__qwen3_4b,qwen3_4b,all,edge,lidar0,"lidar0_rgb,lidar0_depth",0,0,0,0,0,0.0006200007192092016,0.0006650010618614033,0.0188409994734684,25304,22.2432,10.0,0.013495466666666667
openmarcie_printer,cpu,raw,openmarcie_printer__all__qwen3_4b,qwen3_4b,all,edge,lidar1,"lidar1_rgb,lidar1_depth",0,0,0,0,0,0.000559999534743838,0.0006500002200482413,0.01857999995991122,25304,22.2432,10.0,0.013495466666666667
openmarcie_printer,cpu,raw,openmarcie_printer__all__qwen3_4b,qwen3_4b,all,edge,magnetometer_gateway,magnetometer,0,0,0,0,0,0.00044999978854320943,0.0005309997504809871,0.008600000001024455,884,2.7072000000000003,10.0,0.00047146666666666667
openmarcie_printer,cpu,raw,openmarcie_printer__all__qwen3_4b,qwen3_4b,all,edge,rgbd_imu0,"rgbd_imu0_rgb,rgbd_imu0_depth",0,0,0,0,0,0.0006400005077011883,0.0007570000889245421,0.018490000002202578,25304,22.2432,10.0,0.013495466666666667
openmarcie_printer,cpu,raw,openmarcie_printer__all__qwen3_4b,qwen3_4b,all,edge,rgbd_imu1,"rgbd_imu1_rgb,rgbd_imu1_depth",0,0,0,0,0,0.0005399997462518513,0.0006120006219134666,0.01897999936772976,25304,22.2432,10.0,0.013495466666666667
openmarcie_printer,cpu,raw,openmarcie_printer__all__qwen3_4b,qwen3_4b,all,edge,room_rgbd0,"room_rgbd0_rgb,room_rgbd0_depth",0,0,0,0,0,0.0005100009730085731,0.0006539994501508772,0.018619999536895193,25304,22.2432,10.0,0.013495466666666667
openmarcie_printer,cpu,raw,openmarcie_printer__all__qwen3_4b,qwen3_4b,all,edge,room_rgbd1,"room_rgbd1_rgb,room_rgbd1_depth",0,0,0,0,0,0.0005510009941644967,0.0006311005563475192,0.018859998817788437,25304,22.2432,10.0,0.013495466666666667
openmarcie_printer,cpu,raw,openmarcie_printer__all__qwen3_4b,qwen3_4b,all,edge,temperature_gateway,temperature,0,0,0,0,0,0.0004199991963105276,0.0005280013283481821,0.008069999239523895,644,2.5152,10.0,0.00034346666666666665
openmarcie_printer,cpu,raw,openmarcie_printer__all__qwen3_4b,qwen3_4b,all,core,core,,1294960,5179840,0,5238403,207336128,5.109015000925865,5.173473000286322,0.16596100067545194,,,,
openmarcie_printer,cpu,raw,openmarcie_printer__all__qwen3_4b,qwen3_4b,all,core,core_language,,4029108736,8071498752,256,,5443721191808,3009.8966610003117,3047.384991899162,7.644475999768474,,,,
openmarcie_printer,cpu,early_fusion,openmarcie_printer__all__qwen3_4b,qwen3_4b,all,edge,audio0,audio0,0,0,0,0,0,0.0005500005499925464,0.0007930004358058795,0.03502999970805831,390484,314.3872,10.0,0.20825813333333335
openmarcie_printer,cpu,early_fusion,openmarcie_printer__all__qwen3_4b,qwen3_4b,all,edge,audio1,audio1,0,0,0,0,0,0.00046000059228390455,0.0006129997927928343,0.03552999987732619,390484,314.3872,10.0,0.20825813333333335
openmarcie_printer,cpu,early_fusion,openmarcie_printer__all__qwen3_4b,qwen3_4b,all,edge,barometer_gateway,barometer,0,0,0,0,0,0.00046000059228390455,0.0006309996024356224,0.008440001693088561,404,2.3232,10.0,0.00021546666666666665
openmarcie_printer,cpu,early_fusion,openmarcie_printer__all__qwen3_4b,qwen3_4b,all,edge,camera_imu_gateway,camera_imu,0,0,0,0,0,0.00041000021155923605,0.000563001049158629,0.011559999620658346,15444,14.3552,10.0,0.0082368
openmarcie_printer,cpu,early_fusion,openmarcie_printer__all__qwen3_4b,qwen3_4b,all,edge,imu_gateway,imu,0,0,0,0,0,0.00043000000005122274,0.0005469995812745765,0.010620000466587953,15444,14.3552,10.0,0.0082368
openmarcie_printer,cpu,early_fusion,openmarcie_printer__all__qwen3_4b,qwen3_4b,all,edge,lidar0,"lidar0_rgb,lidar0_depth",0,0,0,0,0,0.0005699985194951296,0.000713998633727897,0.01858999894466251,25304,22.2432,10.0,0.013495466666666667
openmarcie_printer,cpu,early_fusion,openmarcie_printer__all__qwen3_4b,qwen3_4b,all,edge,lidar1,"lidar1_rgb,lidar1_depth",0,0,0,0,0,0.0006099999154685065,0.0007180004104156978,0.01868999970611185,25304,22.2432,10.0,0.013495466666666667
openmarcie_printer,cpu,early_fusion,openmarcie_printer__all__qwen3_4b,qwen3_4b,all,edge,magnetometer_gateway,magnetometer,0,0,0,0,0,0.00042000101529993117,0.0005639994924422354,0.008351000360562466,884,2.7072000000000003,10.0,0.00047146666666666667
openmarcie_printer,cpu,early_fusion,openmarcie_printer__all__qwen3_4b,qwen3_4b,all,edge,rgbd_imu0,"rgbd_imu0_rgb,rgbd_imu0_depth",0,0,0,0,0,0.0005499987310031429,0.0006490001396741718,0.01832000089052599,25304,22.2432,10.0,0.013495466666666667
openmarcie_printer,cpu,early_fusion,openmarcie_printer__all__qwen3_4b,qwen3_4b,all,edge,rgbd_imu1,"rgbd_imu1_rgb,rgbd_imu1_depth",0,0,0,0,0,0.0005399997462518513,0.0006119989848230034,0.018440001440467313,25304,22.2432,10.0,0.013495466666666667
openmarcie_printer,cpu,early_fusion,openmarcie_printer__all__qwen3_4b,qwen3_4b,all,edge,room_rgbd0,"room_rgbd0_rgb,room_rgbd0_depth",0,0,0,0,0,0.0005300007615005597,0.0006650001523667015,0.01852999957918655,25304,22.2432,10.0,0.013495466666666667
openmarcie_printer,cpu,early_fusion,openmarcie_printer__all__qwen3_4b,qwen3_4b,all,edge,room_rgbd1,"room_rgbd1_rgb,room_rgbd1_depth",0,0,0,0,0,0.0005499987310031429,0.0006760006726835854,0.01847000021371059,25304,22.2432,10.0,0.013495466666666667
openmarcie_printer,cpu,early_fusion,openmarcie_printer__all__qwen3_4b,qwen3_4b,all,edge,temperature_gateway,temperature,0,0,0,0,0,0.00048000038077589124,0.0005610003427136689,0.00827999974717386,644,2.5152,10.0,0.00034346666666666665
openmarcie_printer,cpu,early_fusion,openmarcie_printer__all__qwen3_4b,qwen3_4b,all,core,core,,901168,3604672,0,3640407,57498304,2.5730430006660754,2.5999521005360293,0.16051100101321936,,,,
openmarcie_printer,cpu,early_fusion,openmarcie_printer__all__qwen3_4b,qwen3_4b,all,core,core_language,,4029108736,8071498752,256,,968174354816,1449.9410099997476,1454.4316004990833,0.8477840001432924,,,,
openmarcie_printer,cpu,late_fusion,openmarcie_printer__all__qwen3_4b,qwen3_4b,all,edge,audio0,audio0,352538,1410152,0,1413765,22467968,0.2642520012159366,0.2915300996392034,0.008109998816507868,96,2.0768,10.0,5.12e-05
openmarcie_printer,cpu,late_fusion,openmarcie_printer__all__qwen3_4b,qwen3_4b,all,edge,audio1,audio1,352538,1410152,0,1413765,22467968,0.27110100018035155,0.2745480005614809,0.007900000127847306,96,2.0768,10.0,5.12e-05
openmarcie_printer,cpu,late_fusion,openmarcie_printer__all__qwen3_4b,qwen3_4b,all,edge,barometer_gateway,barometer,3866,15464,0,19077,218496,0.17618099991523195,0.1771349996488425,0.008189999789465219,96,2.0768,10.0,5.12e-05
openmarcie_printer,cpu,late_fusion,openmarcie_printer__all__qwen3_4b,qwen3_4b,all,edge,camera_imu_gateway,camera_imu,7232,28928,0,32453,431616,0.17554099940753076,0.21416900017356966,0.008270000762422569,96,2.0768,10.0,5.12e-05
openmarcie_printer,cpu,late_fusion,openmarcie_printer__all__qwen3_4b,qwen3_4b,all,edge,imu_gateway,imu,7232,28928,0,32453,431616,0.16444100037915632,0.18272000106662745,0.008170000000973232,96,2.0768,10.0,5.12e-05
openmarcie_printer,cpu,late_fusion,openmarcie_printer__all__qwen3_4b,qwen3_4b,all,edge,lidar0,"lidar0_rgb,lidar0_depth",90264,361056,0,367079,5686784,0.32477099921379704,0.3419258999201702,0.015190000340226106,192,2.1536,10.0,0.0001024
openmarcie_printer,cpu,late_fusion,openmarcie_printer__all__qwen3_4b,qwen3_4b,all,edge,lidar1,"lidar1_rgb,lidar1_depth",90264,361056,0,367079,5686784,0.32978200033539906,0.3796599999986938,0.015499999790336005,192,2.1536,10.0,0.0001024
openmarcie_printer,cpu,late_fusion,openmarcie_printer__all__qwen3_4b,qwen3_4b,all,edge,magnetometer_gateway,magnetometer,4558,18232,0,21829,262272,0.16212000082305167,0.16891590057639405,0.008060000254772604,96,2.0768,10.0,5.12e-05
openmarcie_printer,cpu,late_fusion,openmarcie_printer__all__qwen3_4b,qwen3_4b,all,edge,rgbd_imu0,"rgbd_imu0_rgb,rgbd_imu0_depth",90264,361056,0,367079,5686784,0.33202099984919187,0.3616769001382636,0.015179999536485411,192,2.1536,10.0,0.0001024
openmarcie_printer,cpu,late_fusion,openmarcie_printer__all__qwen3_4b,qwen3_4b,all,edge,rgbd_imu1,"rgbd_imu1_rgb,rgbd_imu1_depth",90264,361056,0,367079,5686784,0.3249019991926616,0.3488320986434701,0.015199999324977398,192,2.1536,10.0,0.0001024
openmarcie_printer,cpu,late_fusion,openmarcie_printer__all__qwen3_4b,qwen3_4b,all,edge,room_rgbd0,"room_rgbd0_rgb,room_rgbd0_depth",90264,361056,0,367079,5686784,0.32921199999691453,0.3360330994837568,0.015120000171009451,192,2.1536,10.0,0.0001024
openmarcie_printer,cpu,late_fusion,openmarcie_printer__all__qwen3_4b,qwen3_4b,all,edge,room_rgbd1,"room_rgbd1_rgb,room_rgbd1_depth",90264,361056,0,367079,5686784,0.3286720002506627,0.3395710004042485,0.01508999957877677,192,2.1536,10.0,0.0001024
openmarcie_printer,cpu,late_fusion,openmarcie_printer__all__qwen3_4b,qwen3_4b,all,edge,temperature_gateway,temperature,4208,16832,0,20357,240128,0.16751099974499084,0.17210099867952522,0.008110000635497272,96,2.0768,10.0,5.12e-05
openmarcie_printer,cpu,late_fusion,openmarcie_printer__all__qwen3_4b,qwen3_4b,all,core,core,,0,0,0,0,0,0.12161100130470004,0.1292871007535723,0.10973999997077044,,,,
openmarcie_printer,cpu,late_fusion,openmarcie_printer__all__qwen3_4b,qwen3_4b,all,core,core_language,,4022468096,8044936192,256,,856626838016,1450.3727819992491,1465.3297028999077,0.24133099941536784,,,,
openmarcie_printer,cpu,local_only,openmarcie_printer__all__qwen3_4b,qwen3_4b,all,edge,audio0,audio0,352538,1410152,0,1413765,22467968,0.27514099929248914,0.29573299925687024,0.008119999620248564,52,2.0416,10.0,2.7733333333333334e-05
openmarcie_printer,cpu,local_only,openmarcie_printer__all__qwen3_4b,qwen3_4b,all,edge,audio1,audio1,352538,1410152,0,1413765,22467968,0.26520100072957575,0.2764249011306674,0.008240000170189887,52,2.0416,10.0,2.7733333333333334e-05
openmarcie_printer,cpu,local_only,openmarcie_printer__all__qwen3_4b,qwen3_4b,all,edge,barometer_gateway,barometer,3866,15464,0,19077,218496,0.16428099843324162,0.17613399995752843,0.008069999239523895,52,2.0416,10.0,2.7733333333333334e-05
openmarcie_printer,cpu,local_only,openmarcie_printer__all__qwen3_4b,qwen3_4b,all,edge,camera_imu_gateway,camera_imu,7232,28928,0,32453,431616,0.1684910002950346,0.18188299945904873,0.007870001354604028,52,2.0416,10.0,2.7733333333333334e-05
openmarcie_printer,cpu,local_only,openmarcie_printer__all__qwen3_4b,qwen3_4b,all,edge,imu_gateway,imu,7232,28928,0,32453,431616,0.17422100063413382,0.1810249990739976,0.00802000067778863,52,2.0416,10.0,2.7733333333333334e-05
openmarcie_printer,cpu,local_only,openmarcie_printer__all__qwen3_4b,qwen3_4b,all,edge,lidar0,"lidar0_rgb,lidar0_depth",90264,361056,0,367079,5686784,0.3329920000396669,0.35337699973752024,0.015870000424911268,104,2.0832,10.0,5.546666666666667e-05
openmarcie_printer,cpu,local_only,openmarcie_printer__all__qwen3_4b,qwen3_4b,all,edge,lidar1,"lidar1_rgb,lidar1_depth",90264,361056,0,367079,5686784,0.33625099968048744,0.3534688989020651,0.014830000509391539,104,2.0832,10.0,5.546666666666667e-05
openmarcie_printer,cpu,local_only,openmarcie_printer__all__qwen3_4b,qwen3_4b,all,edge,magnetometer_gateway,magnetometer,4558,18232,0,21829,262272,0.16755000069679227,0.17357190045004245,0.00827999974717386,52,2.0416,10.0,2.7733333333333334e-05
openmarcie_printer,cpu,local_only,openmarcie_printer__all__qwen3_4b,qwen3_4b,all,edge,rgbd_imu0,"rgbd_imu0_rgb,rgbd_imu0_depth",90264,361056,0,367079,5686784,0.3367219997016946,0.3527150000081747,0.014889999874867499,104,2.0832,10.0,5.546666666666667e-05
openmarcie_printer,cpu,local_only,openmarcie_printer__all__qwen3_4b,qwen3_4b,all,edge,rgbd_imu1,"rgbd_imu1_rgb,rgbd_imu1_depth",90264,361056,0,367079,5686784,0.3359519996593008,0.35568000057537574,0.014939998436602764,104,2.0832,10.0,5.546666666666667e-05
openmarcie_printer,cpu,local_only,openmarcie_printer__all__qwen3_4b,qwen3_4b,all,edge,room_rgbd0,"room_rgbd0_rgb,room_rgbd0_depth",90264,361056,0,367079,5686784,0.3345810000610072,0.3501878991301055,0.01503000021330081,104,2.0832,10.0,5.546666666666667e-05
openmarcie_printer,cpu,local_only,openmarcie_printer__all__qwen3_4b,qwen3_4b,all,edge,room_rgbd1,"room_rgbd1_rgb,room_rgbd1_depth",90264,361056,0,367079,5686784,0.3436719998717308,0.3503949999867473,0.01492000046710018,104,2.0832,10.0,5.546666666666667e-05
openmarcie_printer,cpu,local_only,openmarcie_printer__all__qwen3_4b,qwen3_4b,all,edge,temperature_gateway,temperature,4208,16832,0,20357,240128,0.1627609999559354,0.17514409955765586,0.008061000698944554,52,2.0416,10.0,2.7733333333333334e-05
openmarcie_printer,cpu,local_only,openmarcie_printer__all__qwen3_4b,qwen3_4b,all,core,core,,0,0,0,0,0,0.18940100017061923,0.19623199914349243,0.11676000031002332,,,,
openmarcie_printer,cpu,local_only,openmarcie_printer__all__qwen3_4b,qwen3_4b,all,core,core_language,,4022468096,8044936192,256,,856626838016,1450.3727819992491,1465.3297028999077,0.20890099949610885,,,,
openmarcie_printer,cpu,bottleneck,openmarcie_printer__all__qwen3_4b,qwen3_4b,all,edge,audio0,audio0,352274,1409096,0,1412741,22475392,0.2770410010271007,0.3009369000210427,0.008699998943484388,684,2.5472,10.0,0.0003648
openmarcie_printer,cpu,bottleneck,openmarcie_printer__all__qwen3_4b,qwen3_4b,all,edge,audio1,audio1,352274,1409096,0,1412741,22475392,0.26661099946068134,0.2857989995391108,0.008820001312415116,684,2.5472,10.0,0.0003648
openmarcie_printer,cpu,bottleneck,openmarcie_printer__all__qwen3_4b,qwen3_4b,all,edge,barometer_gateway,barometer,3602,14408,0,18053,225920,0.16361100097128656,0.17759700040187454,0.008439999874099158,684,2.5472,10.0,0.0003648
openmarcie_printer,cpu,bottleneck,openmarcie_printer__all__qwen3_4b,qwen3_4b,all,edge,camera_imu_gateway,camera_imu,6968,27872,0,31429,439040,0.16948099982982967,0.17776999975467334,0.008709999747225083,684,2.5472,10.0,0.0003648
openmarcie_printer,cpu,bottleneck,openmarcie_printer__all__qwen3_4b,qwen3_4b,all,edge,imu_gateway,imu,6968,27872,0,31429,439040,0.1653300005273195,0.17802990005293395,0.008600000001024455,684,2.5472,10.0,0.0003648
openmarcie_printer,cpu,bottleneck,openmarcie_printer__all__qwen3_4b,qwen3_4b,all,edge,lidar0,"lidar0_rgb,lidar0_depth",89736,358944,0,365031,5701632,0.33380200147803407,0.34215399991808226,0.01646999953663908,1368,3.0944000000000003,10.0,0.0007296
openmarcie_printer,cpu,bottleneck,openmarcie_printer__all__qwen3_4b,qwen3_4b,all,edge,lidar1,"lidar1_rgb,lidar1_depth",89736,358944,0,365031,5701632,0.33977099883486517,0.34338990026299143,0.016460999177070335,1368,3.0944000000000003,10.0,0.0007296
openmarcie_printer,cpu,bottleneck,openmarcie_printer__all__qwen3_4b,qwen3_4b,all,edge,magnetometer_gateway,magnetometer,4294,17176,0,20805,269696,0.1588200011610752,0.17452590000175405,0.008520000847056508,684,2.5472,10.0,0.0003648
openmarcie_printer,cpu,bottleneck,openmarcie_printer__all__qwen3_4b,qwen3_4b,all,edge,rgbd_imu0,"rgbd_imu0_rgb,rgbd_imu0_depth",89736,358944,0,365031,5701632,0.3342119998706039,0.34176299941464094,0.01658000110182911,1368,3.0944000000000003,10.0,0.0007296
openmarcie_printer,cpu,bottleneck,openmarcie_printer__all__qwen3_4b,qwen3_4b,all,edge,rgbd_imu1,"rgbd_imu1_rgb,rgbd_imu1_depth",89736,358944,0,365031,5701632,0.3321919994050404,0.3402190992346732,0.01655000050959643,1368,3.0944000000000003,10.0,0.0007296
openmarcie_printer,cpu,bottleneck,openmarcie_printer__all__qwen3_4b,qwen3_4b,all,edge,room_rgbd0,"room_rgbd0_rgb,room_rgbd0_depth",89736,358944,0,365031,5701632,0.33701099891914055,0.34307789901504293,0.01664000046730507,1368,3.0944000000000003,10.0,0.0007296
openmarcie_printer,cpu,bottleneck,openmarcie_printer__all__qwen3_4b,qwen3_4b,all,edge,room_rgbd1,"room_rgbd1_rgb,room_rgbd1_depth",89736,358944,0,365031,5701632,0.33909200101334136,0.3433931009567459,0.016560001313337125,1368,3.0944000000000003,10.0,0.0007296
openmarcie_printer,cpu,bottleneck,openmarcie_printer__all__qwen3_4b,qwen3_4b,all,edge,temperature_gateway,temperature,3944,15776,0,19333,247552,0.16454099932161625,0.18402600035187788,0.008540000635548495,684,2.5472,10.0,0.0003648
openmarcie_printer,cpu,bottleneck,openmarcie_printer__all__qwen3_4b,qwen3_4b,all,core,core,,31768,127072,0,149951,126865600,2.315621000889223,2.319967999937944,0.11382000047888141,,,,
openmarcie_printer,cpu,bottleneck,openmarcie_printer__all__qwen3_4b,qwen3_4b,all,core,core_language,,4029108736,8071498752,256,,5443721191808,3009.8966610003117,3047.384991899162,7.650125999134616,,,,
openmarcie_printer,cpu,tokenlearner,openmarcie_printer__all__qwen3_4b,qwen3_4b,all,edge,audio0,audio0,353462,1413848,0,1418047,22566016,0.30333100039570127,0.31882990060694283,0.00844999885885045,1100,2.88,10.0,0.0005866666666666667
openmarcie_printer,cpu,tokenlearner,openmarcie_printer__all__qwen3_4b,qwen3_4b,all,edge,audio1,audio1,353462,1413848,0,1418047,22566016,0.29859200003556907,0.42822800096473657,0.008380000508623198,1100,2.88,10.0,0.0005866666666666667
openmarcie_printer,cpu,tokenlearner,openmarcie_printer__all__qwen3_4b,qwen3_4b,all,edge,barometer_gateway,barometer,4790,19160,0,23295,316544,0.1964309994946234,0.20341500094218645,0.008109998816507868,1100,2.88,10.0,0.0005866666666666667
openmarcie_printer,cpu,tokenlearner,openmarcie_printer__all__qwen3_4b,qwen3_4b,all,edge,camera_imu_gateway,camera_imu,8156,32624,0,36671,529664,0.19901100131392013,0.2493759011485963,0.008290000550914556,1100,2.88,10.0,0.0005866666666666667
openmarcie_printer,cpu,tokenlearner,openmarcie_printer__all__qwen3_4b,qwen3_4b,all,edge,imu_gateway,imu,8156,32624,0,36671,529664,0.20006100021419115,0.2088000002913759,0.008409999281866476,1100,2.88,10.0,0.0005866666666666667
openmarcie_printer,cpu,tokenlearner,openmarcie_printer__all__qwen3_4b,qwen3_4b,all,edge,lidar0,"lidar0_rgb,lidar0_depth",92112,368448,0,375643,5882880,0.38346200017258525,0.39306499929807615,0.015491001249756664,2200,3.76,10.0,0.0011733333333333333
openmarcie_printer,cpu,tokenlearner,openmarcie_printer__all__qwen3_4b,qwen3_4b,all,edge,lidar1,"lidar1_rgb,lidar1_depth",92112,368448,0,375643,5882880,0.3822409998974763,0.39349190083157737,0.015659999917261302,2200,3.76,10.0,0.0011733333333333333
openmarcie_printer,cpu,tokenlearner,openmarcie_printer__all__qwen3_4b,qwen3_4b,all,edge,magnetometer_gateway,magnetometer,5482,21928,0,26047,360320,0.18460100000083912,0.19886600057361647,0.008299999535665847,1100,2.88,10.0,0.0005866666666666667
openmarcie_printer,cpu,tokenlearner,openmarcie_printer__all__qwen3_4b,qwen3_4b,all,edge,rgbd_imu0,"rgbd_imu0_rgb,rgbd_imu0_depth",92112,368448,0,375643,5882880,0.38642199979221914,0.39462100066884886,0.015640000128769316,2200,3.76,10.0,0.0011733333333333333
openmarcie_printer,cpu,tokenlearner,openmarcie_printer__all__qwen3_4b,qwen3_4b,all,edge,rgbd_imu1,"rgbd_imu1_rgb,rgbd_imu1_depth",92112,368448,0,375643,5882880,0.38515199958055746,0.39840899935370544,0.015600000551785342,2200,3.76,10.0,0.0011733333333333333
openmarcie_printer,cpu,tokenlearner,openmarcie_printer__all__qwen3_4b,qwen3_4b,all,edge,room_rgbd0,"room_rgbd0_rgb,room_rgbd0_depth",92112,368448,0,375643,5882880,0.3824110008281423,0.39354490054392954,0.0155100005940767,2200,3.76,10.0,0.0011733333333333333
openmarcie_printer,cpu,tokenlearner,openmarcie_printer__all__qwen3_4b,qwen3_4b,all,edge,room_rgbd1,"room_rgbd1_rgb,room_rgbd1_depth",92112,368448,0,375643,5882880,0.3779720009333687,0.40357699945161585,0.015560000974801369,2200,3.76,10.0,0.0011733333333333333
openmarcie_printer,cpu,tokenlearner,openmarcie_printer__all__qwen3_4b,qwen3_4b,all,edge,temperature_gateway,temperature,5132,20528,0,24575,338176,0.18487099987396505,0.19981100067525404,0.008049999451031908,1100,2.88,10.0,0.0005866666666666667
openmarcie_printer,cpu,tokenlearner,openmarcie_printer__all__qwen3_4b,qwen3_4b,all,core,core,,28728,114912,0,126513,13972160,0.7827130011719419,0.8071128997471533,0.11439000081736594,,,,
openmarcie_printer,cpu,tokenlearner,openmarcie_printer__all__qwen3_4b,qwen3_4b,all,core,core_language,,4029108736,8071498752,256,,1868304776576,1718.2784950000496,1739.2155343010018,2.1826509982929565,,,,
openmarcie_printer,cpu,posthoc_vq,openmarcie_printer__all__qwen3_4b,qwen3_4b,all,edge,audio0,audio0,371598,1486392,0,1489865,22532736,0.3529519999574404,0.36420200049178675,0.013410000974545255,212,2.1696,10.0,0.00011306666666666667
openmarcie_printer,cpu,posthoc_vq,openmarcie_printer__all__qwen3_4b,qwen3_4b,all,edge,audio1,audio1,371598,1486392,0,1489865,22532736,0.34669200067583006,0.3619730990976677,0.012900000001536682,212,2.1696,10.0,0.00011306666666666667
openmarcie_printer,cpu,posthoc_vq,openmarcie_printer__all__qwen3_4b,qwen3_4b,all,edge,barometer_gateway,barometer,22926,91704,0,95177,283264,0.23816099928808399,0.252848999480193,0.012700000297627412,212,2.1696,10.0,0.00011306666666666667
openmarcie_printer,cpu,posthoc_vq,openmarcie_printer__all__qwen3_4b,qwen3_4b,all,edge,camera_imu_gateway,camera_imu,26292,105168,0,108553,496384,0.2598909995867871,0.2921028990385821,0.01300999974773731,212,2.1696,10.0,0.00011306666666666667
openmarcie_printer,cpu,posthoc_vq,openmarcie_printer__all__qwen3_4b,qwen3_4b,all,edge,imu_gateway,imu,26292,105168,0,108553,496384,0.2516310014470946,0.2550150000388385,0.012790000255336054,212,2.1696,10.0,0.00011306666666666667
openmarcie_printer,cpu,posthoc_vq,openmarcie_printer__all__qwen3_4b,qwen3_4b,all,edge,lidar0,"lidar0_rgb,lidar0_depth",108928,435712,0,441072,5816320,0.4581020002660807,0.4657250006857794,0.02423000114504248,424,2.3392,10.0,0.00022613333333333335
openmarcie_printer,cpu,posthoc_vq,openmarcie_printer__all__qwen3_4b,qwen3_4b,all,edge,lidar1,"lidar1_rgb,lidar1_depth",108928,435712,0,441072,5816320,0.4543719987850636,0.4763238986924989,0.024709999706828967,424,2.3392,10.0,0.00022613333333333335
openmarcie_printer,cpu,posthoc_vq,openmarcie_printer__all__qwen3_4b,qwen3_4b,all,edge,magnetometer_gateway,magnetometer,23618,94472,0,97929,327040,0.24758200015639886,0.2488951005943818,0.012989999959245324,212,2.1696,10.0,0.00011306666666666667
openmarcie_printer,cpu,posthoc_vq,openmarcie_printer__all__qwen3_4b,qwen3_4b,all,edge,rgbd_imu0,"rgbd_imu0_rgb,rgbd_imu0_depth",108928,435712,0,441072,5816320,0.4615220004779985,0.46868600002198946,0.02550999852246605,424,2.3392,10.0,0.00022613333333333335
openmarcie_printer,cpu,posthoc_vq,openmarcie_printer__all__qwen3_4b,qwen3_4b,all,edge,rgbd_imu1,"rgbd_imu1_rgb,rgbd_imu1_depth",108928,435712,0,441072,5816320,0.5124819999764441,0.5220139002631186,0.024070001018117182,424,2.3392,10.0,0.00022613333333333335
openmarcie_printer,cpu,posthoc_vq,openmarcie_printer__all__qwen3_4b,qwen3_4b,all,edge,room_rgbd0,"room_rgbd0_rgb,room_rgbd0_depth",108928,435712,0,441072,5816320,0.5162130000826437,0.5174990999876172,0.025269999241572805,424,2.3392,10.0,0.00022613333333333335
openmarcie_printer,cpu,posthoc_vq,openmarcie_printer__all__qwen3_4b,qwen3_4b,all,edge,room_rgbd1,"room_rgbd1_rgb,room_rgbd1_depth",108928,435712,0,441072,5816320,0.5133619997650385,0.518897899746662,0.023760001568007283,424,2.3392,10.0,0.00022613333333333335
openmarcie_printer,cpu,posthoc_vq,openmarcie_printer__all__qwen3_4b,qwen3_4b,all,edge,temperature_gateway,temperature,23268,93072,0,96457,304896,0.2688509994186461,0.30943290039431304,0.013160999515093863,212,2.1696,10.0,0.00011306666666666667
openmarcie_printer,cpu,posthoc_vq,openmarcie_printer__all__qwen3_4b,qwen3_4b,all,core,core,,48184,192736,0,204654,126709952,2.431120999972336,3.3020023995049996,0.18225100029667374,,,,
openmarcie_printer,cpu,posthoc_vq,openmarcie_printer__all__qwen3_4b,qwen3_4b,all,core,core_language,,4029108736,8071498752,256,,5443721191808,3009.8966610003117,3047.384991899162,7.631376000063028,,,,
openmarcie_printer,cpu,joint_vq,openmarcie_printer__all__qwen3_4b,qwen3_4b,all,edge,audio0,audio0,373974,1495896,0,1500854,22598784,0.38130199936858844,0.4002919999038568,0.012520000382210128,86,2.0688,10.0,4.5866666666666666e-05
openmarcie_printer,cpu,joint_vq,openmarcie_printer__all__qwen3_4b,qwen3_4b,all,edge,audio1,audio1,373974,1495896,0,1500854,22598784,0.3847820007649716,0.3899921000993345,0.012530001185950823,86,2.0688,10.0,4.5866666666666666e-05
openmarcie_printer,cpu,joint_vq,openmarcie_printer__all__qwen3_4b,qwen3_4b,all,edge,barometer_gateway,barometer,25302,101208,0,106166,349312,0.2943520012195222,0.3260581002905383,0.012229998901602812,86,2.0688,10.0,4.5866666666666666e-05
openmarcie_printer,cpu,joint_vq,openmarcie_printer__all__qwen3_4b,qwen3_4b,all,edge,camera_imu_gateway,camera_imu,28668,114672,0,119542,562432,0.28119099988543894,0.2989488999446621,0.012309999874560162,86,2.0688,10.0,4.5866666666666666e-05
openmarcie_printer,cpu,joint_vq,openmarcie_printer__all__qwen3_4b,qwen3_4b,all,edge,imu_gateway,imu,28668,114672,0,119542,562432,0.27862200113304425,0.29494709997379687,0.012479998986236751,86,2.0688,10.0,4.5866666666666666e-05
openmarcie_printer,cpu,joint_vq,openmarcie_printer__all__qwen3_4b,qwen3_4b,all,edge,lidar0,"lidar0_rgb,lidar0_depth",113680,454720,0,463244,5948416,0.5307529991114279,0.5385371006923378,0.023380000129691325,172,2.1376,10.0,9.173333333333333e-05
openmarcie_printer,cpu,joint_vq,openmarcie_printer__all__qwen3_4b,qwen3_4b,all,edge,lidar1,"lidar1_rgb,lidar1_depth",113680,454720,0,463244,5948416,0.531833000422921,0.5364040991480579,0.023329999748966657,172,2.1376,10.0,9.173333333333333e-05
openmarcie_printer,cpu,joint_vq,openmarcie_printer__all__qwen3_4b,qwen3_4b,all,edge,magnetometer_gateway,magnetometer,25994,103976,0,108918,393088,0.2759409999271156,0.2816839001752669,0.012200000128359534,86,2.0688,10.0,4.5866666666666666e-05
openmarcie_printer,cpu,joint_vq,openmarcie_printer__all__qwen3_4b,qwen3_4b,all,edge,rgbd_imu0,"rgbd_imu0_rgb,rgbd_imu0_depth",113680,454720,0,463244,5948416,0.5299730000842828,0.5670971007930348,0.023020000298856758,172,2.1376,10.0,9.173333333333333e-05
openmarcie_printer,cpu,joint_vq,openmarcie_printer__all__qwen3_4b,qwen3_4b,all,edge,rgbd_imu1,"rgbd_imu1_rgb,rgbd_imu1_depth",113680,454720,0,463244,5948416,0.5194730001676362,0.5439800004751305,0.023730999600957148,172,2.1376,10.0,9.173333333333333e-05
openmarcie_printer,cpu,joint_vq,openmarcie_printer__all__qwen3_4b,qwen3_4b,all,edge,room_rgbd0,"room_rgbd0_rgb,room_rgbd0_depth",113680,454720,0,463244,5948416,0.5296429990266915,0.5340251005691243,0.02271999983349815,172,2.1376,10.0,9.173333333333333e-05
openmarcie_printer,cpu,joint_vq,openmarcie_printer__all__qwen3_4b,qwen3_4b,all,edge,room_rgbd1,"room_rgbd1_rgb,room_rgbd1_depth",113680,454720,0,463244,5948416,0.5196429992793128,0.548550999701547,0.0240400004258845,172,2.1376,10.0,9.173333333333333e-05
openmarcie_printer,cpu,joint_vq,openmarcie_printer__all__qwen3_4b,qwen3_4b,all,edge,temperature_gateway,temperature,25644,102576,0,107446,370944,0.27108100039185956,0.291979000394349,0.012270000297576189,86,2.0688,10.0,4.5866666666666666e-05
openmarcie_printer,cpu,joint_vq,openmarcie_printer__all__qwen3_4b,qwen3_4b,all,core,core,,48184,192736,0,204654,13972160,0.964303999353433,0.999494900861464,0.16653100101393647,,,,
openmarcie_printer,cpu,joint_vq,openmarcie_printer__all__qwen3_4b,qwen3_4b,all,core,core_language,,4029108736,8071498752,256,,1868304776576,1718.2784950000496,1739.2155343010018,2.153600000383449,,,,
openmarcie_printer,cpu,deepconvlstm,openmarcie_printer__all__qwen3_4b,qwen3_4b,all,edge,audio0,audio0,0,0,0,0,0,0.0005300007615005597,0.0008270000762422569,0.03475099947536364,390484,314.3872,10.0,0.20825813333333335
openmarcie_printer,cpu,deepconvlstm,openmarcie_printer__all__qwen3_4b,qwen3_4b,all,edge,audio1,audio1,0,0,0,0,0,0.0004999983502784744,0.0005629985025734641,0.03400100104045123,390484,314.3872,10.0,0.20825813333333335
openmarcie_printer,cpu,deepconvlstm,openmarcie_printer__all__qwen3_4b,qwen3_4b,all,edge,barometer_gateway,barometer,0,0,0,0,0,0.00044000080379191786,0.0005210007657296956,0.008381000952795148,404,2.3232,10.0,0.00021546666666666665
openmarcie_printer,cpu,deepconvlstm,openmarcie_printer__all__qwen3_4b,qwen3_4b,all,edge,camera_imu_gateway,camera_imu,0,0,0,0,0,0.00048000038077589124,0.0005339998097042553,0.010960000508930534,15444,14.3552,10.0,0.0082368
openmarcie_printer,cpu,deepconvlstm,openmarcie_printer__all__qwen3_4b,qwen3_4b,all,edge,imu_gateway,imu,0,0,0,0,0,0.000459998773294501,0.0004690011337515898,0.010650001058820635,15444,14.3552,10.0,0.0082368
openmarcie_printer,cpu,deepconvlstm,openmarcie_printer__all__qwen3_4b,qwen3_4b,all,edge,lidar0,"lidar0_rgb,lidar0_depth",0,0,0,0,0,0.000660000296193175,0.0006689993824693374,0.018370999896433204,25304,22.2432,10.0,0.013495466666666667
openmarcie_printer,cpu,deepconvlstm,openmarcie_printer__all__qwen3_4b,qwen3_4b,all,edge,lidar1,"lidar1_rgb,lidar1_depth",0,0,0,0,0,0.0005199999577598646,0.000646000262349844,0.018279999494552612,25304,22.2432,10.0,0.013495466666666667
openmarcie_printer,cpu,deepconvlstm,openmarcie_printer__all__qwen3_4b,qwen3_4b,all,edge,magnetometer_gateway,magnetometer,0,0,0,0,0,0.00041000021155923605,0.0005720001354347914,0.008269998943433166,884,2.7072000000000003,10.0,0.00047146666666666667
openmarcie_printer,cpu,deepconvlstm,openmarcie_printer__all__qwen3_4b,qwen3_4b,all,edge,rgbd_imu0,"rgbd_imu0_rgb,rgbd_imu0_depth",0,0,0,0,0,0.0006700010999338701,0.0006969999958528206,0.018169999748351984,25304,22.2432,10.0,0.013495466666666667
openmarcie_printer,cpu,deepconvlstm,openmarcie_printer__all__qwen3_4b,qwen3_4b,all,edge,rgbd_imu1,"rgbd_imu1_rgb,rgbd_imu1_depth",0,0,0,0,0,0.0005100009730085731,0.0006270005542319268,0.018110000382876024,25304,22.2432,10.0,0.013495466666666667
openmarcie_printer,cpu,deepconvlstm,openmarcie_printer__all__qwen3_4b,qwen3_4b,all,edge,room_rgbd0,"room_rgbd0_rgb,room_rgbd0_depth",0,0,0,0,0,0.0005300007615005597,0.0006110007234383374,0.01823999991756864,25304,22.2432,10.0,0.013495466666666667
openmarcie_printer,cpu,deepconvlstm,openmarcie_printer__all__qwen3_4b,qwen3_4b,all,edge,room_rgbd1,"room_rgbd1_rgb,room_rgbd1_depth",0,0,0,0,0,0.0004899993655271828,0.0006159996701171622,0.018220000129076652,25304,22.2432,10.0,0.013495466666666667
openmarcie_printer,cpu,deepconvlstm,openmarcie_printer__all__qwen3_4b,qwen3_4b,all,edge,temperature_gateway,temperature,0,0,0,0,0,0.00044999978854320943,0.00048600104491924867,0.008320001143147238,644,2.5152,10.0,0.00034346666666666665
openmarcie_printer,cpu,deepconvlstm,openmarcie_printer__all__qwen3_4b,qwen3_4b,all,core,core,,1239428,4957712,0,4986377,78923008,2.4931709995144047,2.5599437989512808,0.1623699990886962,,,,
openmarcie_printer,cpu,deepconvlstm,openmarcie_printer__all__qwen3_4b,qwen3_4b,all,core,core_language,,4029108736,8071498752,256,,968174354816,1449.9410099997476,1454.4316004990833,0.7578140011901269,,,,
openmarcie_printer,cpu,unrestricted_bank,openmarcie_printer__all__qwen3_4b,qwen3_4b,all,edge,audio0,audio0,374582,1498328,0,1503539,22893696,0.30927100124245044,0.35176990077161463,0.01273099951504264,86,2.0688,10.0,4.5866666666666666e-05
openmarcie_printer,cpu,unrestricted_bank,openmarcie_printer__all__qwen3_4b,qwen3_4b,all,edge,audio1,audio1,374582,1498328,0,1503539,22893696,0.3106320000370033,0.3221061002477654,0.01266999970539473,86,2.0688,10.0,4.5866666666666666e-05
openmarcie_printer,cpu,unrestricted_bank,openmarcie_printer__all__qwen3_4b,qwen3_4b,all,edge,barometer_gateway,barometer,25910,103640,0,108851,644224,0.20144100017205346,0.21387000051618088,0.012489999789977446,86,2.0688,10.0,4.5866666666666666e-05
openmarcie_printer,cpu,unrestricted_bank,openmarcie_printer__all__qwen3_4b,qwen3_4b,all,edge,camera_imu_gateway,camera_imu,29276,117104,0,122227,857344,0.2198509992012987,0.22614200061070733,0.012579999747686088,86,2.0688,10.0,4.5866666666666666e-05
openmarcie_printer,cpu,unrestricted_bank,openmarcie_printer__all__qwen3_4b,qwen3_4b,all,edge,imu_gateway,imu,29276,117104,0,122227,857344,0.209620999157778,0.2325799994650879,0.01247000000148546,86,2.0688,10.0,4.5866666666666666e-05
openmarcie_printer,cpu,unrestricted_bank,openmarcie_printer__all__qwen3_4b,qwen3_4b,all,edge,lidar0,"lidar0_rgb,lidar0_depth",134352,537408,0,546691,6538240,0.40534199979447294,0.42503399945417186,0.023160000637290068,172,2.1376,10.0,9.173333333333333e-05
openmarcie_printer,cpu,unrestricted_bank,openmarcie_printer__all__qwen3_4b,qwen3_4b,all,edge,lidar1,"lidar1_rgb,lidar1_depth",134352,537408,0,546691,6538240,0.4085520013177302,0.4256969992638915,0.02316999962204136,172,2.1376,10.0,9.173333333333333e-05
openmarcie_printer,cpu,unrestricted_bank,openmarcie_printer__all__qwen3_4b,qwen3_4b,all,edge,magnetometer_gateway,magnetometer,26602,106408,0,111603,688000,0.21728100000473205,0.2510319003704353,0.01230000088980887,86,2.0688,10.0,4.5866666666666666e-05
openmarcie_printer,cpu,unrestricted_bank,openmarcie_printer__all__qwen3_4b,qwen3_4b,all,edge,rgbd_imu0,"rgbd_imu0_rgb,rgbd_imu0_depth",134352,537408,0,546691,6538240,0.4075819997524377,0.421270999868284,0.023189999410533346,172,2.1376,10.0,9.173333333333333e-05
openmarcie_printer,cpu,unrestricted_bank,openmarcie_printer__all__qwen3_4b,qwen3_4b,all,edge,rgbd_imu1,"rgbd_imu1_rgb,rgbd_imu1_depth",134352,537408,0,546691,6538240,0.41201199928764254,0.42263199993612943,0.02404999941063579,172,2.1376,10.0,9.173333333333333e-05
openmarcie_printer,cpu,unrestricted_bank,openmarcie_printer__all__qwen3_4b,qwen3_4b,all,edge,room_rgbd0,"room_rgbd0_rgb,room_rgbd0_depth",134352,537408,0,546691,6538240,0.4083320000063395,0.42303800000809133,0.023081000108504668,172,2.1376,10.0,9.173333333333333e-05
openmarcie_printer,cpu,unrestricted_bank,openmarcie_printer__all__qwen3_4b,qwen3_4b,all,edge,room_rgbd1,"room_rgbd1_rgb,room_rgbd1_depth",134352,537408,0,546691,6538240,0.44603300011658575,0.45640009975613793,0.022890000764164142,172,2.1376,10.0,9.173333333333333e-05
openmarcie_printer,cpu,unrestricted_bank,openmarcie_printer__all__qwen3_4b,qwen3_4b,all,edge,temperature_gateway,temperature,26252,105008,0,110131,665856,0.21485100114659872,0.21930600069026696,0.012439999409252778,86,2.0688,10.0,4.5866666666666666e-05
openmarcie_printer,cpu,unrestricted_bank,openmarcie_printer__all__qwen3_4b,qwen3_4b,all,core,core,,48184,192736,0,204654,13972160,0.8094240001810249,0.8296830012113787,0.16854099885676987,,,,
openmarcie_printer,cpu,unrestricted_bank,openmarcie_printer__all__qwen3_4b,qwen3_4b,all,core,core_language,,4029108736,8071498752,256,,1868304776576,1718.2784950000496,1739.2155343010018,2.170580999518279,,,,
openmarcie_printer,cpu,separate_banks,openmarcie_printer__all__qwen3_4b,qwen3_4b,all,edge,audio0,audio0,355574,1422296,0,1427507,22598784,0.31380200016428716,0.3246821001084754,0.012590000551426783,86,2.0688,10.0,4.5866666666666666e-05
openmarcie_printer,cpu,separate_banks,openmarcie_printer__all__qwen3_4b,qwen3_4b,all,edge,audio1,audio1,355574,1422296,0,1427507,22598784,0.3019819996552542,0.3180821000569267,0.012440001228242181,86,2.0688,10.0,4.5866666666666666e-05
openmarcie_printer,cpu,separate_banks,openmarcie_printer__all__qwen3_4b,qwen3_4b,all,edge,barometer_gateway,barometer,6902,27608,0,32819,349312,0.1984210011869436,0.21867999894311652,0.012460001016734168,86,2.0688,10.0,4.5866666666666666e-05
openmarcie_printer,cpu,separate_banks,openmarcie_printer__all__qwen3_4b,qwen3_4b,all,edge,camera_imu_gateway,camera_imu,10268,41072,0,46195,562432,0.20779099941137247,0.221209999108396,0.012499998774728738,86,2.0688,10.0,4.5866666666666666e-05
openmarcie_printer,cpu,separate_banks,openmarcie_printer__all__qwen3_4b,qwen3_4b,all,edge,imu_gateway,imu,10268,41072,0,46195,562432,0.2110009991156403,0.21823699953529285,0.012540000170702115,86,2.0688,10.0,4.5866666666666666e-05
openmarcie_printer,cpu,separate_banks,openmarcie_printer__all__qwen3_4b,qwen3_4b,all,edge,lidar0,"lidar0_rgb,lidar0_depth",96336,385344,0,394627,5948416,0.41137200059893075,0.4175460007900256,0.02274000144097954,172,2.1376,10.0,9.173333333333333e-05
openmarcie_printer,cpu,separate_banks,openmarcie_printer__all__qwen3_4b,qwen3_4b,all,edge,lidar1,"lidar1_rgb,lidar1_depth",96336,385344,0,394627,5948416,0.40455199996358715,0.43281290109007386,0.022530000933329575,172,2.1376,10.0,9.173333333333333e-05
openmarcie_printer,cpu,separate_banks,openmarcie_printer__all__qwen3_4b,qwen3_4b,all,edge,magnetometer_gateway,magnetometer,7594,30376,0,35571,393088,0.20033100008731708,0.22387499993783422,0.012169999536126852,86,2.0688,10.0,4.5866666666666666e-05
openmarcie_printer,cpu,separate_banks,openmarcie_printer__all__qwen3_4b,qwen3_4b,all,edge,rgbd_imu0,"rgbd_imu0_rgb,rgbd_imu0_depth",96336,385344,0,394627,5948416,0.39852200097811874,0.4245319993060548,0.02291000055265613,172,2.1376,10.0,9.173333333333333e-05
openmarcie_printer,cpu,separate_banks,openmarcie_printer__all__qwen3_4b,qwen3_4b,all,edge,rgbd_imu1,"rgbd_imu1_rgb,rgbd_imu1_depth",96336,385344,0,394627,5948416,0.4089920003025327,0.41512099851388484,0.022869999156682752,172,2.1376,10.0,9.173333333333333e-05
openmarcie_printer,cpu,separate_banks,openmarcie_printer__all__qwen3_4b,qwen3_4b,all,edge,room_rgbd0,"room_rgbd0_rgb,room_rgbd0_depth",96336,385344,0,394627,5948416,0.3987720010627527,0.4219650005325093,0.022901000193087384,172,2.1376,10.0,9.173333333333333e-05
openmarcie_printer,cpu,separate_banks,openmarcie_printer__all__qwen3_4b,qwen3_4b,all,edge,room_rgbd1,"room_rgbd1_rgb,room_rgbd1_depth",96336,385344,0,394627,5948416,0.41354200038767885,0.4172320006546215,0.02291000055265613,172,2.1376,10.0,9.173333333333333e-05
openmarcie_printer,cpu,separate_banks,openmarcie_printer__all__qwen3_4b,qwen3_4b,all,edge,temperature_gateway,temperature,7244,28976,0,34099,370944,0.19960099962190725,0.21200299943302525,0.012549999155453406,86,2.0688,10.0,4.5866666666666666e-05
openmarcie_printer,cpu,separate_banks,openmarcie_printer__all__qwen3_4b,qwen3_4b,all,core,core,,48184,192736,0,209912,13972160,0.993684998320532,1.0212880002654856,0.1676700012467336,,,,
openmarcie_printer,cpu,separate_banks,openmarcie_printer__all__qwen3_4b,qwen3_4b,all,core,core_language,,4029108736,8071498752,256,,1868304776576,1718.2784950000496,1739.2155343010018,2.171539999835659,,,,
openmarcie_printer,cpu,fixed_resampling,openmarcie_printer__all__qwen3_4b,qwen3_4b,all,edge,audio0,audio0,355574,1422296,0,1427507,5591552,0.23743100064166356,0.2502470009858371,0.012440001228242181,86,2.0688,10.0,4.5866666666666666e-05
openmarcie_printer,cpu,fixed_resampling,openmarcie_printer__all__qwen3_4b,qwen3_4b,all,edge,audio1,audio1,355574,1422296,0,1427507,5591552,0.18098100008501206,0.19392300073377555,0.012520000382210128,86,2.0688,10.0,4.5866666666666666e-05
openmarcie_printer,cpu,fixed_resampling,openmarcie_printer__all__qwen3_4b,qwen3_4b,all,edge,barometer_gateway,barometer,6902,27608,0,32819,348672,0.13352099995245226,0.14366399991558865,0.012370999684208073,86,2.0688,10.0,4.5866666666666666e-05
openmarcie_printer,cpu,fixed_resampling,openmarcie_printer__all__qwen3_4b,qwen3_4b,all,edge,camera_imu_gateway,camera_imu,10268,41072,0,46195,532992,0.1378899996780092,0.15002290110714966,0.012320999303483404,86,2.0688,10.0,4.5866666666666666e-05
openmarcie_printer,cpu,fixed_resampling,openmarcie_printer__all__qwen3_4b,qwen3_4b,all,edge,imu_gateway,imu,10268,41072,0,46195,532992,0.13985000077809673,0.15221689973259345,0.012229998901602812,86,2.0688,10.0,4.5866666666666666e-05
openmarcie_printer,cpu,fixed_resampling,openmarcie_printer__all__qwen3_4b,qwen3_4b,all,edge,lidar0,"lidar0_rgb,lidar0_depth",96336,385344,0,394627,3277824,0.26765099937620107,0.27724589981517056,0.022869999156682752,172,2.1376,10.0,9.173333333333333e-05
openmarcie_printer,cpu,fixed_resampling,openmarcie_printer__all__qwen3_4b,qwen3_4b,all,edge,lidar1,"lidar1_rgb,lidar1_depth",96336,385344,0,394627,3277824,0.26301099933334626,0.2789148993542767,0.02277000021422282,172,2.1376,10.0,9.173333333333333e-05
openmarcie_printer,cpu,fixed_resampling,openmarcie_printer__all__qwen3_4b,qwen3_4b,all,edge,magnetometer_gateway,magnetometer,7594,30376,0,35571,389632,0.12951099961355794,0.14229009993869113,0.0124100006360095,86,2.0688,10.0,4.5866666666666666e-05
openmarcie_printer,cpu,fixed_resampling,openmarcie_printer__all__qwen3_4b,qwen3_4b,all,edge,rgbd_imu0,"rgbd_imu0_rgb,rgbd_imu0_depth",96336,385344,0,394627,3277824,0.2700320001167711,0.272767098613258,0.022879999960423447,172,2.1376,10.0,9.173333333333333e-05
openmarcie_printer,cpu,fixed_resampling,openmarcie_printer__all__qwen3_4b,qwen3_4b,all,edge,rgbd_imu1,"rgbd_imu1_rgb,rgbd_imu1_depth",96336,385344,0,394627,3277824,0.2672709997568745,0.2758309005002957,0.023070000679581426,172,2.1376,10.0,9.173333333333333e-05
openmarcie_printer,cpu,fixed_resampling,openmarcie_printer__all__qwen3_4b,qwen3_4b,all,edge,room_rgbd0,"room_rgbd0_rgb,room_rgbd0_depth",96336,385344,0,394627,3277824,0.2912420004577143,0.296407099449425,0.02291999953740742,172,2.1376,10.0,9.173333333333333e-05
openmarcie_printer,cpu,fixed_resampling,openmarcie_printer__all__qwen3_4b,qwen3_4b,all,edge,room_rgbd1,"room_rgbd1_rgb,room_rgbd1_depth",96336,385344,0,394627,3277824,0.2629809987411136,0.27681490100803785,0.022899999748915434,172,2.1376,10.0,9.173333333333333e-05
openmarcie_printer,cpu,fixed_resampling,openmarcie_printer__all__qwen3_4b,qwen3_4b,all,edge,temperature_gateway,temperature,7244,28976,0,34099,369152,0.13084099919069558,0.144493100924592,0.012180000339867547,86,2.0688,10.0,4.5866666666666666e-05
openmarcie_printer,cpu,fixed_resampling,openmarcie_printer__all__qwen3_4b,qwen3_4b,all,core,core,,48184,192736,0,204654,13972160,0.9631649991206359,0.9896069994283607,0.1675910007179482,,,,
openmarcie_printer,cpu,fixed_resampling,openmarcie_printer__all__qwen3_4b,qwen3_4b,all,core,core_language,,4029108736,8071498752,256,,1868304776576,1718.2784950000496,1739.2155343010018,2.164501000152086,,,,
openmarcie_printer,cpu,finetune_encoders,openmarcie_printer__all__qwen3_4b,qwen3_4b,all,edge,audio0,audio0,355574,1422296,0,1427507,22598784,0.3091809994657524,0.3278479005530244,0.012579999747686088,86,2.0688,10.0,4.5866666666666666e-05
openmarcie_printer,cpu,finetune_encoders,openmarcie_printer__all__qwen3_4b,qwen3_4b,all,edge,audio1,audio1,355574,1422296,0,1427507,22598784,0.306961001115269,0.31563699940306833,0.012779999451595359,86,2.0688,10.0,4.5866666666666666e-05
openmarcie_printer,cpu,finetune_encoders,openmarcie_printer__all__qwen3_4b,qwen3_4b,all,edge,barometer_gateway,barometer,6902,27608,0,32819,349312,0.19841100038320292,0.2118480015269597,0.012419999620760791,86,2.0688,10.0,4.5866666666666666e-05
openmarcie_printer,cpu,finetune_encoders,openmarcie_printer__all__qwen3_4b,qwen3_4b,all,edge,camera_imu_gateway,camera_imu,10268,41072,0,46195,562432,0.2127209991158452,0.2225940002972493,0.012349999451544136,86,2.0688,10.0,4.5866666666666666e-05
openmarcie_printer,cpu,finetune_encoders,openmarcie_printer__all__qwen3_4b,qwen3_4b,all,edge,imu_gateway,imu,10268,41072,0,46195,562432,0.21375100004661363,0.2250829009426525,0.0124100006360095,86,2.0688,10.0,4.5866666666666666e-05
openmarcie_printer,cpu,finetune_encoders,openmarcie_printer__all__qwen3_4b,qwen3_4b,all,edge,lidar0,"lidar0_rgb,lidar0_depth",96336,385344,0,394627,5948416,0.40160199932870455,0.4255059986462584,0.02295099875482265,172,2.1376,10.0,9.173333333333333e-05
openmarcie_printer,cpu,finetune_encoders,openmarcie_printer__all__qwen3_4b,qwen3_4b,all,edge,lidar1,"lidar1_rgb,lidar1_depth",96336,385344,0,394627,5948416,0.4182619995845016,0.4547030013782205,0.02257999949506484,172,2.1376,10.0,9.173333333333333e-05
openmarcie_printer,cpu,finetune_encoders,openmarcie_printer__all__qwen3_4b,qwen3_4b,all,edge,magnetometer_gateway,magnetometer,7594,30376,0,35571,393088,0.1995309994526906,0.212751999606553,0.012480000805226155,86,2.0688,10.0,4.5866666666666666e-05
openmarcie_printer,cpu,finetune_encoders,openmarcie_printer__all__qwen3_4b,qwen3_4b,all,edge,rgbd_imu0,"rgbd_imu0_rgb,rgbd_imu0_depth",96336,385344,0,394627,5948416,0.40520199945603963,0.4145259990764316,0.022559999706572853,172,2.1376,10.0,9.173333333333333e-05
openmarcie_printer,cpu,finetune_encoders,openmarcie_printer__all__qwen3_4b,qwen3_4b,all,edge,rgbd_imu1,"rgbd_imu1_rgb,rgbd_imu1_depth",96336,385344,0,394627,5948416,0.40272200021718163,0.4219550006382633,0.02260100154671818,172,2.1376,10.0,9.173333333333333e-05
openmarcie_printer,cpu,finetune_encoders,openmarcie_printer__all__qwen3_4b,qwen3_4b,all,edge,room_rgbd0,"room_rgbd0_rgb,room_rgbd0_depth",96336,385344,0,394627,5948416,0.4025819998787483,0.41718900010891957,0.022820999220130034,172,2.1376,10.0,9.173333333333333e-05
openmarcie_printer,cpu,finetune_encoders,openmarcie_printer__all__qwen3_4b,qwen3_4b,all,edge,room_rgbd1,"room_rgbd1_rgb,room_rgbd1_depth",96336,385344,0,394627,5948416,0.4030719992442755,0.4141060004258179,0.023230000806506723,172,2.1376,10.0,9.173333333333333e-05
openmarcie_printer,cpu,finetune_encoders,openmarcie_printer__all__qwen3_4b,qwen3_4b,all,edge,temperature_gateway,temperature,7244,28976,0,34099,370944,0.19965100000263192,0.21486100122274365,0.012200000128359534,86,2.0688,10.0,4.5866666666666666e-05
openmarcie_printer,cpu,finetune_encoders,openmarcie_printer__all__qwen3_4b,qwen3_4b,all,core,core,,48184,192736,0,204654,13972160,0.9881249989120988,1.0147920009330846,0.1665010004217038,,,,
openmarcie_printer,cpu,finetune_encoders,openmarcie_printer__all__qwen3_4b,qwen3_4b,all,core,core_language,,4029108736,8071498752,256,,1868304776576,1718.2784950000496,1739.2155343010018,2.1699600001738872,,,,
openmarcie_printer,cpu,no_alignment,openmarcie_printer__all__qwen3_4b,qwen3_4b,all,edge,audio0,audio0,355574,1422296,0,1427507,22598784,0.3247620006732177,0.35838600033457624,0.012570000762934797,86,2.0688,10.0,4.5866666666666666e-05
openmarcie_printer,cpu,no_alignment,openmarcie_printer__all__qwen3_4b,qwen3_4b,all,edge,audio1,audio1,355574,1422296,0,1427507,22598784,0.3098319994023768,0.3176701004122151,0.012329999663052149,86,2.0688,10.0,4.5866666666666666e-05
openmarcie_printer,cpu,no_alignment,openmarcie_printer__all__qwen3_4b,qwen3_4b,all,edge,barometer_gateway,barometer,6902,27608,0,32819,349312,0.20501099970715586,0.2119410000887001,0.012260001312824897,86,2.0688,10.0,4.5866666666666666e-05
openmarcie_printer,cpu,no_alignment,openmarcie_printer__all__qwen3_4b,qwen3_4b,all,edge,camera_imu_gateway,camera_imu,10268,41072,0,46195,562432,0.21422099962364882,0.22746900031052064,0.012390000847517513,86,2.0688,10.0,4.5866666666666666e-05
openmarcie_printer,cpu,no_alignment,openmarcie_printer__all__qwen3_4b,qwen3_4b,all,edge,imu_gateway,imu,10268,41072,0,46195,562432,0.22286099920165725,0.26303699996788055,0.012119999155402184,86,2.0688,10.0,4.5866666666666666e-05
openmarcie_printer,cpu,no_alignment,openmarcie_printer__all__qwen3_4b,qwen3_4b,all,edge,lidar0,"lidar0_rgb,lidar0_depth",96336,385344,0,394627,5948416,0.40101200102071743,0.4171670012510731,0.022590000298805535,172,2.1376,10.0,9.173333333333333e-05
openmarcie_printer,cpu,no_alignment,openmarcie_printer__all__qwen3_4b,qwen3_4b,all,edge,lidar1,"lidar1_rgb,lidar1_depth",96336,385344,0,394627,5948416,0.4055720000906149,0.4156699997110991,0.023090000468073413,172,2.1376,10.0,9.173333333333333e-05
openmarcie_printer,cpu,no_alignment,openmarcie_printer__all__qwen3_4b,qwen3_4b,all,edge,magnetometer_gateway,magnetometer,7594,30376,0,35571,393088,0.20195099932607263,0.21370499944168841,0.012430000424501486,86,2.0688,10.0,4.5866666666666666e-05
openmarcie_printer,cpu,no_alignment,openmarcie_printer__all__qwen3_4b,qwen3_4b,all,edge,rgbd_imu0,"rgbd_imu0_rgb,rgbd_imu0_depth",96336,385344,0,394627,5948416,0.41215199962607585,0.4171920003500418,0.02283100002387073,172,2.1376,10.0,9.173333333333333e-05
openmarcie_printer,cpu,no_alignment,openmarcie_printer__all__qwen3_4b,qwen3_4b,all,edge,rgbd_imu1,"rgbd_imu1_rgb,rgbd_imu1_depth",96336,385344,0,394627,5948416,0.4008819996670354,0.4225989983751788,0.022930000341148116,172,2.1376,10.0,9.173333333333333e-05
openmarcie_printer,cpu,no_alignment,openmarcie_printer__all__qwen3_4b,qwen3_4b,all,edge,room_rgbd0,"room_rgbd0_rgb,room_rgbd0_depth",96336,385344,0,394627,5948416,0.4077720004715957,0.4139280008530477,0.022759999410482123,172,2.1376,10.0,9.173333333333333e-05
openmarcie_printer,cpu,no_alignment,openmarcie_printer__all__qwen3_4b,qwen3_4b,all,edge,room_rgbd1,"room_rgbd1_rgb,room_rgbd1_depth",96336,385344,0,394627,5948416,0.4002419991593342,0.41817900018941145,0.022849999368190765,172,2.1376,10.0,9.173333333333333e-05
openmarcie_printer,cpu,no_alignment,openmarcie_printer__all__qwen3_4b,qwen3_4b,all,edge,temperature_gateway,temperature,7244,28976,0,34099,370944,0.20145100097579416,0.20890300074825063,0.01182000050903298,86,2.0688,10.0,4.5866666666666666e-05
openmarcie_printer,cpu,no_alignment,openmarcie_printer__all__qwen3_4b,qwen3_4b,all,core,core,,48184,192736,0,204654,13972160,0.9586750002199551,0.9789880006792373,0.1680309997027507,,,,
openmarcie_printer,cpu,no_alignment,openmarcie_printer__all__qwen3_4b,qwen3_4b,all,core,core_language,,4029108736,8071498752,256,,1868304776576,1718.2784950000496,1739.2155343010018,2.164771000025212,,,,
openmarcie_printer,cpu,no_usage,openmarcie_printer__all__qwen3_4b,qwen3_4b,all,edge,audio0,audio0,355574,1422296,0,1427507,22598784,0.35357099841348827,1.4653292999355472,0.012520000382210128,86,2.0688,10.0,4.5866666666666666e-05
openmarcie_printer,cpu,no_usage,openmarcie_printer__all__qwen3_4b,qwen3_4b,all,edge,audio1,audio1,355574,1422296,0,1427507,22598784,0.3110110010311473,0.31967889899533475,0.012601001799339429,86,2.0688,10.0,4.5866666666666666e-05
openmarcie_printer,cpu,no_usage,openmarcie_printer__all__qwen3_4b,qwen3_4b,all,edge,barometer_gateway,barometer,6902,27608,0,32819,349312,0.2152010001736926,0.2194850007072091,0.012479998986236751,86,2.0688,10.0,4.5866666666666666e-05
openmarcie_printer,cpu,no_usage,openmarcie_printer__all__qwen3_4b,qwen3_4b,all,edge,camera_imu_gateway,camera_imu,10268,41072,0,46195,562432,0.2179610000894172,0.22310899967123987,0.01261000033991877,86,2.0688,10.0,4.5866666666666666e-05
openmarcie_printer,cpu,no_usage,openmarcie_printer__all__qwen3_4b,qwen3_4b,all,edge,imu_gateway,imu,10268,41072,0,46195,562432,0.21122100042703096,0.22833900111436378,0.012459999197744764,86,2.0688,10.0,4.5866666666666666e-05
openmarcie_printer,cpu,no_usage,openmarcie_printer__all__qwen3_4b,qwen3_4b,all,edge,lidar0,"lidar0_rgb,lidar0_depth",96336,385344,0,394627,5948416,0.4094519990758272,0.42614700014382834,0.02347999907215126,172,2.1376,10.0,9.173333333333333e-05
openmarcie_printer,cpu,no_usage,openmarcie_printer__all__qwen3_4b,qwen3_4b,all,edge,lidar1,"lidar1_rgb,lidar1_depth",96336,385344,0,394627,5948416,0.4114519997528987,0.42550100097287213,0.023389999114442617,172,2.1376,10.0,9.173333333333333e-05
openmarcie_printer,cpu,no_usage,openmarcie_printer__all__qwen3_4b,qwen3_4b,all,edge,magnetometer_gateway,magnetometer,7594,30376,0,35571,393088,0.20616099936887622,0.21823000024596695,0.01238999902852811,86,2.0688,10.0,4.5866666666666666e-05
openmarcie_printer,cpu,no_usage,openmarcie_printer__all__qwen3_4b,qwen3_4b,all,edge,rgbd_imu0,"rgbd_imu0_rgb,rgbd_imu0_depth",96336,385344,0,394627,5948416,0.41245200009143446,0.4261859989128425,0.02477000089129433,172,2.1376,10.0,9.173333333333333e-05
openmarcie_printer,cpu,no_usage,openmarcie_printer__all__qwen3_4b,qwen3_4b,all,edge,rgbd_imu1,"rgbd_imu1_rgb,rgbd_imu1_depth",96336,385344,0,394627,5948416,0.4163819994573714,0.4273259999536094,0.023290000171982683,172,2.1376,10.0,9.173333333333333e-05
openmarcie_printer,cpu,no_usage,openmarcie_printer__all__qwen3_4b,qwen3_4b,all,edge,room_rgbd0,"room_rgbd0_rgb,room_rgbd0_depth",96336,385344,0,394627,5948416,0.4122120008105412,0.4316969985666219,0.023290000171982683,172,2.1376,10.0,9.173333333333333e-05
openmarcie_printer,cpu,no_usage,openmarcie_printer__all__qwen3_4b,qwen3_4b,all,edge,room_rgbd1,"room_rgbd1_rgb,room_rgbd1_depth",96336,385344,0,394627,5948416,0.4137420000915881,0.42271500096831005,0.02305000089108944,172,2.1376,10.0,9.173333333333333e-05
openmarcie_printer,cpu,no_usage,openmarcie_printer__all__qwen3_4b,qwen3_4b,all,edge,temperature_gateway,temperature,7244,28976,0,34099,370944,0.2104010000039125,0.2259710006910609,0.012630000128410757,86,2.0688,10.0,4.5866666666666666e-05
openmarcie_printer,cpu,no_usage,openmarcie_printer__all__qwen3_4b,qwen3_4b,all,core,core,,48184,192736,0,204654,13972160,0.9719640002003871,0.9960938999938662,0.17046100037987344,,,,
openmarcie_printer,cpu,no_usage,openmarcie_printer__all__qwen3_4b,qwen3_4b,all,core,core_language,,4029108736,8071498752,256,,1868304776576,1718.2784950000496,1739.2155343010018,2.5918019982782425,,,,
openmarcie_printer,cpu,tcn,openmarcie_printer__all__qwen3_4b,qwen3_4b,all,edge,audio0,audio0,0,0,0,0,0,0.00044999978854320943,0.0007919994459371082,0.059730999055318534,390484,314.3872,10.0,0.20825813333333335
openmarcie_printer,cpu,tcn,openmarcie_printer__all__qwen3_4b,qwen3_4b,all,edge,audio1,audio1,0,0,0,0,0,0.00048000038077589124,0.0005880008757230826,0.060399999711080454,390484,314.3872,10.0,0.20825813333333335
openmarcie_printer,cpu,tcn,openmarcie_printer__all__qwen3_4b,qwen3_4b,all,edge,barometer_gateway,barometer,0,0,0,0,0,0.00042000101529993117,0.0005459996827994473,0.008409999281866476,404,2.3232,10.0,0.00021546666666666665
openmarcie_printer,cpu,tcn,openmarcie_printer__all__qwen3_4b,qwen3_4b,all,edge,camera_imu_gateway,camera_imu,0,0,0,0,0,0.00044000080379191786,0.0004580006134347059,0.014209999790182337,15444,14.3552,10.0,0.0082368
openmarcie_printer,cpu,tcn,openmarcie_printer__all__qwen3_4b,qwen3_4b,all,edge,imu_gateway,imu,0,0,0,0,0,0.00044000080379191786,0.0005210007657296956,0.013929999113315716,15444,14.3552,10.0,0.0082368
openmarcie_printer,cpu,tcn,openmarcie_printer__all__qwen3_4b,qwen3_4b,all,edge,lidar0,"lidar0_rgb,lidar0_depth",0,0,0,0,0,0.000559999534743838,0.0007039996489766054,0.021429999833344482,25304,22.2432,10.0,0.013495466666666667
openmarcie_printer,cpu,tcn,openmarcie_printer__all__qwen3_4b,qwen3_4b,all,edge,lidar1,"lidar1_rgb,lidar1_depth",0,0,0,0,0,0.0005199999577598646,0.0005830001100548543,0.021759999071946368,25304,22.2432,10.0,0.013495466666666667
openmarcie_printer,cpu,tcn,openmarcie_printer__all__qwen3_4b,qwen3_4b,all,edge,magnetometer_gateway,magnetometer,0,0,0,0,0,0.00043000000005122274,0.0005650010280078277,0.008230001185438596,884,2.7072000000000003,10.0,0.00047146666666666667
openmarcie_printer,cpu,tcn,openmarcie_printer__all__qwen3_4b,qwen3_4b,all,edge,rgbd_imu0,"rgbd_imu0_rgb,rgbd_imu0_depth",0,0,0,0,0,0.0005399997462518513,0.0007019996701274067,0.021510000806301832,25304,22.2432,10.0,0.013495466666666667
openmarcie_printer,cpu,tcn,openmarcie_printer__all__qwen3_4b,qwen3_4b,all,edge,rgbd_imu1,"rgbd_imu1_rgb,rgbd_imu1_depth",0,0,0,0,0,0.0005499987310031429,0.0006219996066647582,0.021269999706419185,25304,22.2432,10.0,0.013495466666666667
openmarcie_printer,cpu,tcn,openmarcie_printer__all__qwen3_4b,qwen3_4b,all,edge,room_rgbd0,"room_rgbd0_rgb,room_rgbd0_depth",0,0,0,0,0,0.0005500005499925464,0.0006219997885636985,0.021570000171777792,25304,22.2432,10.0,0.013495466666666667
openmarcie_printer,cpu,tcn,openmarcie_printer__all__qwen3_4b,qwen3_4b,all,edge,room_rgbd1,"room_rgbd1_rgb,room_rgbd1_depth",0,0,0,0,0,0.0005399997462518513,0.0006749991371179931,0.02112099900841713,25304,22.2432,10.0,0.013495466666666667
openmarcie_printer,cpu,tcn,openmarcie_printer__all__qwen3_4b,qwen3_4b,all,edge,temperature_gateway,temperature,0,0,0,0,0,0.00043000000005122274,0.0004930001523462124,0.00813999940874055,644,2.5152,10.0,0.00034346666666666665
openmarcie_printer,cpu,tcn,openmarcie_printer__all__qwen3_4b,qwen3_4b,all,core,core,,886480,3545920,0,3576189,56312256,2.4866530002327636,2.581099000053655,0.16190099995583296,,,,
openmarcie_printer,cpu,tcn,openmarcie_printer__all__qwen3_4b,qwen3_4b,all,core,core_language,,4029108736,8071498752,256,,968174354816,1449.9410099997476,1454.4316004990833,1.3234660000307485,,,,
openmarcie_printer,cpu,ts_transformer,openmarcie_printer__all__qwen3_4b,qwen3_4b,all,edge,audio0,audio0,0,0,0,0,0,0.0005100009730085731,0.0008070002877502702,0.04045000059704762,390484,314.3872,10.0,0.20825813333333335
openmarcie_printer,cpu,ts_transformer,openmarcie_printer__all__qwen3_4b,qwen3_4b,all,edge,audio1,audio1,0,0,0,0,0,0.0005699985194951296,0.0006959988240851089,0.04074999924341682,390484,314.3872,10.0,0.20825813333333335
openmarcie_printer,cpu,ts_transformer,openmarcie_printer__all__qwen3_4b,qwen3_4b,all,edge,barometer_gateway,barometer,0,0,0,0,0,0.000559999534743838,0.0006320004104054533,0.011649999578366987,404,2.3232,10.0,0.00021546666666666665
openmarcie_printer,cpu,ts_transformer,openmarcie_printer__all__qwen3_4b,qwen3_4b,all,edge,camera_imu_gateway,camera_imu,0,0,0,0,0,0.0005300007615005597,0.0006109990863478743,0.01472000076319091,15444,14.3552,10.0,0.0082368
openmarcie_printer,cpu,ts_transformer,openmarcie_printer__all__qwen3_4b,qwen3_4b,all,edge,imu_gateway,imu,0,0,0,0,0,0.0005100009730085731,0.0006270005542319268,0.014470000678556971,15444,14.3552,10.0,0.0082368
openmarcie_printer,cpu,ts_transformer,openmarcie_printer__all__qwen3_4b,qwen3_4b,all,edge,lidar0,"lidar0_rgb,lidar0_depth",0,0,0,0,0,0.0006900008884258568,0.000833999365568161,0.026040001102956012,25304,22.2432,10.0,0.013495466666666667
openmarcie_printer,cpu,ts_transformer,openmarcie_printer__all__qwen3_4b,qwen3_4b,all,edge,lidar1,"lidar1_rgb,lidar1_depth",0,0,0,0,0,0.0009499999578110874,0.0020210009097354487,0.04498999987845309,25304,22.2432,10.0,0.013495466666666667
openmarcie_printer,cpu,ts_transformer,openmarcie_printer__all__qwen3_4b,qwen3_4b,all,edge,magnetometer_gateway,magnetometer,0,0,0,0,0,0.0007300004654098302,0.000900999475561548,0.01258999873243738,884,2.7072000000000003,10.0,0.00047146666666666667
openmarcie_printer,cpu,ts_transformer,openmarcie_printer__all__qwen3_4b,qwen3_4b,all,edge,rgbd_imu0,"rgbd_imu0_rgb,rgbd_imu0_depth",0,0,0,0,0,0.000760001057642512,0.0008320002962136641,0.02080999911413528,25304,22.2432,10.0,0.013495466666666667
openmarcie_printer,cpu,ts_transformer,openmarcie_printer__all__qwen3_4b,qwen3_4b,all,edge,rgbd_imu1,"rgbd_imu1_rgb,rgbd_imu1_depth",0,0,0,0,0,0.0006100017344579101,0.0006369989932863973,0.020870000298600644,25304,22.2432,10.0,0.013495466666666667
openmarcie_printer,cpu,ts_transformer,openmarcie_printer__all__qwen3_4b,qwen3_4b,all,edge,room_rgbd0,"room_rgbd0_rgb,room_rgbd0_depth",0,0,0,0,0,0.0005199999577598646,0.0005830001100548543,0.02069000038318336,25304,22.2432,10.0,0.013495466666666667
openmarcie_printer,cpu,ts_transformer,openmarcie_printer__all__qwen3_4b,qwen3_4b,all,edge,room_rgbd1,"room_rgbd1_rgb,room_rgbd1_depth",0,0,0,0,0,0.0005199999577598646,0.0005650003004120663,0.020600000425474718,25304,22.2432,10.0,0.013495466666666667
openmarcie_printer,cpu,ts_transformer,openmarcie_printer__all__qwen3_4b,qwen3_4b,all,edge,temperature_gateway,temperature,0,0,0,0,0,0.00042000101529993117,0.0005010009772377089,0.008119999620248564,644,2.5152,10.0,0.00034346666666666665
openmarcie_printer,cpu,ts_transformer,openmarcie_printer__all__qwen3_4b,qwen3_4b,all,core,core,,899344,3597376,0,3631267,57360832,3.009433999977773,3.478939698834438,0.1618309997866163,,,,
openmarcie_printer,cpu,ts_transformer,openmarcie_printer__all__qwen3_4b,qwen3_4b,all,core,core_language,,4029108736,8071498752,256,,968174354816,1449.9410099997476,1454.4316004990833,0.7497229998989496,,,,
openmarcie_printer,cpu,patchtst,openmarcie_printer__all__qwen3_4b,qwen3_4b,all,edge,audio0,audio0,0,0,0,0,0,0.00048000038077589124,0.0007950011422508396,0.06387000030372292,390484,314.3872,10.0,0.20825813333333335
openmarcie_printer,cpu,patchtst,openmarcie_printer__all__qwen3_4b,qwen3_4b,all,edge,audio1,audio1,0,0,0,0,0,0.00044000080379191786,0.0006109998139436357,0.05953000072622672,390484,314.3872,10.0,0.20825813333333335
openmarcie_printer,cpu,patchtst,openmarcie_printer__all__qwen3_4b,qwen3_4b,all,edge,barometer_gateway,barometer,0,0,0,0,0,0.00044999978854320943,0.0005498999598785304,0.009100000170292333,404,2.3232,10.0,0.00021546666666666665
openmarcie_printer,cpu,patchtst,openmarcie_printer__all__qwen3_4b,qwen3_4b,all,edge,camera_imu_gateway,camera_imu,0,0,0,0,0,0.0004199991963105276,0.000527999691257719,0.01390999932482373,15444,14.3552,10.0,0.0082368
openmarcie_printer,cpu,patchtst,openmarcie_printer__all__qwen3_4b,qwen3_4b,all,edge,imu_gateway,imu,0,0,0,0,0,0.0004099983925698325,0.0005449994205264375,0.014060000466997735,15444,14.3552,10.0,0.0082368
openmarcie_printer,cpu,patchtst,openmarcie_printer__all__qwen3_4b,qwen3_4b,all,edge,lidar0,"lidar0_rgb,lidar0_depth",0,0,0,0,0,0.0005399997462518513,0.0006660000508418307,0.020780000340892002,25304,22.2432,10.0,0.013495466666666667
openmarcie_printer,cpu,patchtst,openmarcie_printer__all__qwen3_4b,qwen3_4b,all,edge,lidar1,"lidar1_rgb,lidar1_depth",0,0,0,0,0,0.0004899993655271828,0.0006250003934837878,0.020900000890833326,25304,22.2432,10.0,0.013495466666666667
openmarcie_printer,cpu,patchtst,openmarcie_printer__all__qwen3_4b,qwen3_4b,all,edge,magnetometer_gateway,magnetometer,0,0,0,0,0,0.0004399989848025143,0.0004940000508213416,0.00838999949337449,884,2.7072000000000003,10.0,0.00047146666666666667
openmarcie_printer,cpu,patchtst,openmarcie_printer__all__qwen3_4b,qwen3_4b,all,edge,rgbd_imu0,"rgbd_imu0_rgb,rgbd_imu0_depth",0,0,0,0,0,0.0005799993232358247,0.00065200019889744,0.020510000467766076,25304,22.2432,10.0,0.013495466666666667
openmarcie_printer,cpu,patchtst,openmarcie_printer__all__qwen3_4b,qwen3_4b,all,edge,rgbd_imu1,"rgbd_imu1_rgb,rgbd_imu1_depth",0,0,0,0,0,0.0005700003384845331,0.0007320002623600885,0.020720000975416042,25304,22.2432,10.0,0.013495466666666667
openmarcie_printer,cpu,patchtst,openmarcie_printer__all__qwen3_4b,qwen3_4b,all,edge,room_rgbd0,"room_rgbd0_rgb,room_rgbd0_depth",0,0,0,0,0,0.0005900001269765198,0.0006710000889142975,0.020569999833242036,25304,22.2432,10.0,0.013495466666666667
openmarcie_printer,cpu,patchtst,openmarcie_printer__all__qwen3_4b,qwen3_4b,all,edge,room_rgbd1,"room_rgbd1_rgb,room_rgbd1_depth",0,0,0,0,0,0.0005700003384845331,0.0006510003004223108,0.020740999389090575,25304,22.2432,10.0,0.013495466666666667
openmarcie_printer,cpu,patchtst,openmarcie_printer__all__qwen3_4b,qwen3_4b,all,edge,temperature_gateway,temperature,0,0,0,0,0,0.00044999978854320943,0.0005850008164998144,0.008179998985724524,644,2.5152,10.0,0.00034346666666666665
openmarcie_printer,cpu,patchtst,openmarcie_printer__all__qwen3_4b,qwen3_4b,all,core,core,,815280,3261120,0,3295011,992372416,8.746002000407316,9.042922800290398,0.17086099978769198,,,,
openmarcie_printer,cpu,patchtst,openmarcie_printer__all__qwen3_4b,qwen3_4b,all,core,core_language,,4029108736,8071498752,256,,782785295616,1446.598273998461,1494.754987099077,0.5843829985678894,,,,
openmarcie_printer,cpu,distrixsense,openmarcie_printer__only_audio__qwen3_4b,qwen3_4b,only_audio,edge,audio0,audio0,355574,1422296,0,1427507,22598784,0.3214509997633286,0.3421699004320544,0.012520000382210128,82,2.0656,10.0,4.373333333333333e-05
openmarcie_printer,cpu,distrixsense,openmarcie_printer__only_audio__qwen3_4b,qwen3_4b,only_audio,edge,audio1,audio1,355574,1422296,0,1427507,22598784,0.31046100048115477,0.3291458997409791,0.012311000318732113,82,2.0656,10.0,4.373333333333333e-05
openmarcie_printer,cpu,distrixsense,openmarcie_printer__only_audio__qwen3_4b,qwen3_4b,only_audio,core,core,,29688,118752,0,130670,958592,0.27551199855224695,0.3050131004783907,0.017809999917517416,,,,
openmarcie_printer,cpu,distrixsense,openmarcie_printer__only_audio__qwen3_4b,qwen3_4b,only_audio,core,core_language,,4029108736,8071498752,256,,598584731776,1365.2376339996408,1368.9743079989057,0.9832449995883508,,,,
openmarcie_printer,cpu,dense,openmarcie_printer__only_audio__qwen3_4b,qwen3_4b,only_audio,edge,audio0,audio0,352142,1408568,0,1411853,22467200,0.34605200016812887,0.3610189998653368,0.01213999894389417,4324,5.4592,10.0,0.0023061333333333333
openmarcie_printer,cpu,dense,openmarcie_printer__only_audio__qwen3_4b,qwen3_4b,only_audio,edge,audio1,audio1,352142,1408568,0,1411853,22467200,0.3497319994494319,0.35512300055415835,0.012250000509084202,4324,5.4592,10.0,0.0023061333333333333
openmarcie_printer,cpu,dense,openmarcie_printer__only_audio__qwen3_4b,qwen3_4b,only_audio,core,core,,27640,110560,0,122161,4469888,0.2699920005397871,0.2866320985049242,0.011860000086016953,,,,
openmarcie_printer,cpu,dense,openmarcie_printer__only_audio__qwen3_4b,qwen3_4b,only_audio,core,core_language,,4029108736,8071498752,256,,953767313536,1456.701102999432,1471.1308452984667,1.251726000191411,,,,
openmarcie_printer,cpu,dense_tokens,openmarcie_printer__only_audio__qwen3_4b,qwen3_4b,only_audio,edge,audio0,audio0,354518,1418072,0,1422777,22582400,0.322501000482589,0.3341928992085741,0.008429999070358463,1100,2.88,10.0,0.0005866666666666667
openmarcie_printer,cpu,dense_tokens,openmarcie_printer__only_audio__qwen3_4b,qwen3_4b,only_audio,edge,audio1,audio1,354518,1418072,0,1422777,22582400,0.30612099908466917,0.49634680017334176,0.008340000931639224,1100,2.88,10.0,0.0005866666666666667
openmarcie_printer,cpu,dense_tokens,openmarcie_printer__only_audio__qwen3_4b,qwen3_4b,only_audio,core,core,,27640,110560,0,122161,958592,0.23559100009151734,0.2628699989145389,0.011650001397356391,,,,
openmarcie_printer,cpu,dense_tokens,openmarcie_printer__only_audio__qwen3_4b,qwen3_4b,only_audio,core,core_language,,4029108736,8071498752,256,,598584731776,1365.2376339996408,1368.9743079989057,0.7291429992619669,,,,
openmarcie_printer,cpu,raw,openmarcie_printer__only_audio__qwen3_4b,qwen3_4b,only_audio,edge,audio0,audio0,0,0,0,0,0,0.0005500005499925464,0.000801999522082042,0.029270000595715828,390484,314.3872,10.0,0.20825813333333335
openmarcie_printer,cpu,raw,openmarcie_printer__only_audio__qwen3_4b,qwen3_4b,only_audio,edge,audio1,audio1,0,0,0,0,0,0.00048000038077589124,0.0006509993909276091,0.028840999220847152,390484,314.3872,10.0,0.20825813333333335
openmarcie_printer,cpu,raw,openmarcie_printer__only_audio__qwen3_4b,qwen3_4b,only_audio,core,core,,731924,2927696,0,2944577,49404288,0.8249040001828689,0.8547300007194281,0.045651000618818216,,,,
openmarcie_printer,cpu,raw,openmarcie_printer__only_audio__qwen3_4b,qwen3_4b,only_audio,core,core_language,,4029108736,8071498752,256,,953767313536,1456.701102999432,1471.1308452984667,1.0877249987970572,,,,
openmarcie_printer,cpu,early_fusion,openmarcie_printer__only_audio__qwen3_4b,qwen3_4b,only_audio,edge,audio0,audio0,0,0,0,0,0,0.0006099999154685065,0.0008260009053628892,0.031489998946199194,390484,314.3872,10.0,0.20825813333333335
openmarcie_printer,cpu,early_fusion,openmarcie_printer__only_audio__qwen3_4b,qwen3_4b,only_audio,edge,audio1,audio1,0,0,0,0,0,0.0004699995770351961,0.0006049989679013379,0.031100000342121348,390484,314.3872,10.0,0.20825813333333335
openmarcie_printer,cpu,early_fusion,openmarcie_printer__only_audio__qwen3_4b,qwen3_4b,only_audio,core,core,,594164,2376656,0,2391699,38121856,0.717013999746996,0.7443821004926576,0.04696999894804321,,,,
openmarcie_printer,cpu,early_fusion,openmarcie_printer__only_audio__qwen3_4b,qwen3_4b,only_audio,core,core_language,,4029108736,8071498752,256,,716676935808,1388.5497650007892,1388.953911801218,0.7993140006874455,,,,
openmarcie_printer,cpu,late_fusion,openmarcie_printer__only_audio__qwen3_4b,qwen3_4b,only_audio,edge,audio0,audio0,352538,1410152,0,1413765,22467968,0.28014199961035047,0.2988701000504079,0.00833000012789853,96,2.0768,10.0,5.12e-05
openmarcie_printer,cpu,late_fusion,openmarcie_printer__only_audio__qwen3_4b,qwen3_4b,only_audio,edge,audio1,audio1,352538,1410152,0,1413765,22467968,0.27206100094190333,0.2825549996487098,0.008240000170189887,96,2.0768,10.0,5.12e-05
openmarcie_printer,cpu,late_fusion,openmarcie_printer__only_audio__qwen3_4b,qwen3_4b,only_audio,core,core,,0,0,0,0,0,0.029731001632171683,0.03650710077636177,0.010989999282173812,,,,
openmarcie_printer,cpu,late_fusion,openmarcie_printer__only_audio__qwen3_4b,qwen3_4b,only_audio,core,core_language,,4022468096,8044936192,256,,605731039488,1365.359563000311,1366.1510995003482,0.20769100046891253,,,,
openmarcie_printer,cpu,local_only,openmarcie_printer__only_audio__qwen3_4b,qwen3_4b,only_audio,edge,audio0,audio0,352538,1410152,0,1413765,22467968,0.2807609998853877,0.3054300001167576,0.00799999907030724,52,2.0416,10.0,2.7733333333333334e-05
openmarcie_printer,cpu,local_only,openmarcie_printer__only_audio__qwen3_4b,qwen3_4b,only_audio,edge,audio1,audio1,352538,1410152,0,1413765,22467968,0.27314099861541763,0.2901870000641793,0.007829999958630651,52,2.0416,10.0,2.7733333333333334e-05
openmarcie_printer,cpu,local_only,openmarcie_printer__only_audio__qwen3_4b,qwen3_4b,only_audio,core,core,,0,0,0,0,0,0.03801000093517359,0.04611000040313229,0.010910000128205866,,,,
openmarcie_printer,cpu,local_only,openmarcie_printer__only_audio__qwen3_4b,qwen3_4b,only_audio,core,core_language,,4022468096,8044936192,256,,605731039488,1365.359563000311,1366.1510995003482,0.18847100000130013,,,,
openmarcie_printer,cpu,bottleneck,openmarcie_printer__only_audio__qwen3_4b,qwen3_4b,only_audio,edge,audio0,audio0,352274,1409096,0,1412741,22475392,0.27626199880614877,0.28493709996837424,0.008549999620299786,684,2.5472,10.0,0.0003648
openmarcie_printer,cpu,bottleneck,openmarcie_printer__only_audio__qwen3_4b,qwen3_4b,only_audio,edge,audio1,audio1,352274,1409096,0,1412741,22475392,0.2700609984458424,0.2796729999317904,0.008299999535665847,684,2.5472,10.0,0.0003648
openmarcie_printer,cpu,bottleneck,openmarcie_printer__only_audio__qwen3_4b,qwen3_4b,only_audio,core,core,,27960,111840,0,124581,4486272,0.28166100128146354,0.3112088994384976,0.011629999789875,,,,
openmarcie_printer,cpu,bottleneck,openmarcie_printer__only_audio__qwen3_4b,qwen3_4b,only_audio,core,core_language,,4029108736,8071498752,256,,953767313536,1456.701102999432,1471.1308452984667,1.106914998672437,,,,
openmarcie_printer,cpu,tokenlearner,openmarcie_printer__only_audio__qwen3_4b,qwen3_4b,only_audio,edge,audio0,audio0,353462,1413848,0,1418047,22566016,0.3014919984707376,0.31392999953823164,0.0085299998318078,1100,2.88,10.0,0.0005866666666666667
openmarcie_printer,cpu,tokenlearner,openmarcie_printer__only_audio__qwen3_4b,qwen3_4b,only_audio,edge,audio1,audio1,353462,1413848,0,1418047,22566016,0.30284200147434603,0.3096991005804739,0.008640998203190975,1100,2.88,10.0,0.0005866666666666667
openmarcie_printer,cpu,tokenlearner,openmarcie_printer__only_audio__qwen3_4b,qwen3_4b,only_audio,core,core,,27640,110560,0,122161,958592,0.2339710008527618,0.25704700074129505,0.011550000635907054,,,,
openmarcie_printer,cpu,tokenlearner,openmarcie_printer__only_audio__qwen3_4b,qwen3_4b,only_audio,core,core_language,,4029108736,8071498752,256,,598584731776,1365.2376339996408,1368.9743079989057,0.5240720001893351,,,,
openmarcie_printer,cpu,posthoc_vq,openmarcie_printer__only_audio__qwen3_4b,qwen3_4b,only_audio,edge,audio0,audio0,354190,1416760,0,1420233,22532736,0.3451809989201138,0.36476590012171073,0.013240000043879263,196,2.1568,10.0,0.00010453333333333333
openmarcie_printer,cpu,posthoc_vq,openmarcie_printer__only_audio__qwen3_4b,qwen3_4b,only_audio,edge,audio1,audio1,354190,1416760,0,1420233,22532736,0.35554200076148845,0.3567830986867193,0.01300000076298602,196,2.1568,10.0,0.00010453333333333333
openmarcie_printer,cpu,posthoc_vq,openmarcie_printer__only_audio__qwen3_4b,qwen3_4b,only_audio,core,core,,29688,118752,0,130670,4469888,0.31756200041854754,0.34314000004087575,0.01832999987527728,,,,
openmarcie_printer,cpu,posthoc_vq,openmarcie_printer__only_audio__qwen3_4b,qwen3_4b,only_audio,core,core_language,,4029108736,8071498752,256,,953767313536,1456.701102999432,1471.1308452984667,1.1026650008716388,,,,
openmarcie_printer,cpu,joint_vq,openmarcie_printer__only_audio__qwen3_4b,qwen3_4b,only_audio,edge,audio0,audio0,356566,1426264,0,1431222,22598784,0.382921998607344,0.40387399967585225,0.012170999980298802,82,2.0656,10.0,4.373333333333333e-05
openmarcie_printer,cpu,joint_vq,openmarcie_printer__only_audio__qwen3_4b,qwen3_4b,only_audio,edge,audio1,audio1,356566,1426264,0,1431222,22598784,0.38426199898822233,0.4009390002465807,0.012120000974391587,82,2.0656,10.0,4.373333333333333e-05
openmarcie_printer,cpu,joint_vq,openmarcie_printer__only_audio__qwen3_4b,qwen3_4b,only_audio,core,core,,29688,118752,0,130670,958592,0.29032100064796396,0.30477590044029057,0.017579999621375464,,,,
openmarcie_printer,cpu,joint_vq,openmarcie_printer__only_audio__qwen3_4b,qwen3_4b,only_audio,core,core_language,,4029108736,8071498752,256,,598584731776,1365.2376339996408,1368.9743079989057,0.5345930003386457,,,,
openmarcie_printer,cpu,deepconvlstm,openmarcie_printer__only_audio__qwen3_4b,qwen3_4b,only_audio,edge,audio0,audio0,0,0,0,0,0,0.0005199999577598646,0.0007899987394921482,0.029990000257384963,390484,314.3872,10.0,0.20825813333333335
openmarcie_printer,cpu,deepconvlstm,openmarcie_printer__only_audio__qwen3_4b,qwen3_4b,only_audio,edge,audio1,audio1,0,0,0,0,0,0.0005099991540191695,0.0006540009053424001,0.029499999072868377,390484,314.3872,10.0,0.20825813333333335
openmarcie_printer,cpu,deepconvlstm,openmarcie_printer__only_audio__qwen3_4b,qwen3_4b,only_audio,core,core,,730792,2923168,0,2931285,46573568,0.6803230007790262,0.7143348992030951,0.04568999975163024,,,,
openmarcie_printer,cpu,deepconvlstm,openmarcie_printer__only_audio__qwen3_4b,qwen3_4b,only_audio,core,core_language,,4029108736,8071498752,256,,716676935808,1388.5497650007892,1388.953911801218,0.7174229995143833,,,,
openmarcie_printer,cpu,unrestricted_bank,openmarcie_printer__only_audio__qwen3_4b,qwen3_4b,only_audio,edge,audio0,audio0,356630,1426520,0,1431731,22615168,0.3181909996783361,0.32531090091652004,0.012649999916902743,82,2.0656,10.0,4.373333333333333e-05
openmarcie_printer,cpu,unrestricted_bank,openmarcie_printer__only_audio__qwen3_4b,qwen3_4b,only_audio,edge,audio1,audio1,356630,1426520,0,1431731,22615168,0.30568100009986665,0.3231779004636337,0.012169999536126852,82,2.0656,10.0,4.373333333333333e-05
openmarcie_printer,cpu,unrestricted_bank,openmarcie_printer__only_audio__qwen3_4b,qwen3_4b,only_audio,core,core,,29688,118752,0,130670,958592,0.2442010008962825,0.26692599876696477,0.01926000004459638,,,,
openmarcie_printer,cpu,unrestricted_bank,openmarcie_printer__only_audio__qwen3_4b,qwen3_4b,only_audio,core,core_language,,4029108736,8071498752,256,,598584731776,1365.2376339996408,1368.9743079989057,0.5228520003583981,,,,
openmarcie_printer,cpu,separate_banks,openmarcie_printer__only_audio__qwen3_4b,qwen3_4b,only_audio,edge,audio0,audio0,355574,1422296,0,1427507,22598784,0.32103099874802865,0.32813289853947936,0.012309999874560162,82,2.0656,10.0,4.373333333333333e-05
openmarcie_printer,cpu,separate_banks,openmarcie_printer__only_audio__qwen3_4b,qwen3_4b,only_audio,edge,audio1,audio1,355574,1422296,0,1427507,22598784,0.30896099997335114,0.3305889000330353,0.01542999962111935,82,2.0656,10.0,4.373333333333333e-05
openmarcie_printer,cpu,separate_banks,openmarcie_printer__only_audio__qwen3_4b,qwen3_4b,only_audio,core,core,,29688,118752,0,130923,958592,0.2830119992722757,0.30887710036040517,0.017419999494450167,,,,
openmarcie_printer,cpu,separate_banks,openmarcie_printer__only_audio__qwen3_4b,qwen3_4b,only_audio,core,core_language,,4029108736,8071498752,256,,598584731776,1365.2376339996408,1368.9743079989057,0.5318029998306883,,,,
openmarcie_printer,cpu,fixed_resampling,openmarcie_printer__only_audio__qwen3_4b,qwen3_4b,only_audio,edge,audio0,audio0,355574,1422296,0,1427507,5591552,0.17869100156531204,0.19218200050090672,0.012519998563220724,82,2.0656,10.0,4.373333333333333e-05
openmarcie_printer,cpu,fixed_resampling,openmarcie_printer__only_audio__qwen3_4b,qwen3_4b,only_audio,edge,audio1,audio1,355574,1422296,0,1427507,5591552,0.18287999955646228,0.1886948990431847,0.012590000551426783,82,2.0656,10.0,4.373333333333333e-05
openmarcie_printer,cpu,fixed_resampling,openmarcie_printer__only_audio__qwen3_4b,qwen3_4b,only_audio,core,core,,29688,118752,0,130670,958592,0.2815309999277815,0.310664900825941,0.017549999029142782,,,,
openmarcie_printer,cpu,fixed_resampling,openmarcie_printer__only_audio__qwen3_4b,qwen3_4b,only_audio,core,core_language,,4029108736,8071498752,256,,598584731776,1365.2376339996408,1368.9743079989057,0.5228019999776734,,,,
openmarcie_printer,cpu,finetune_encoders,openmarcie_printer__only_audio__qwen3_4b,qwen3_4b,only_audio,edge,audio0,audio0,355574,1422296,0,1427507,22598784,0.3095219999522669,0.33375809944118373,0.016059999325079843,82,2.0656,10.0,4.373333333333333e-05
openmarcie_printer,cpu,finetune_encoders,openmarcie_printer__only_audio__qwen3_4b,qwen3_4b,only_audio,edge,audio1,audio1,355574,1422296,0,1427507,22598784,0.30720100039616227,0.3214299997125636,0.01249000160896685,82,2.0656,10.0,4.373333333333333e-05
openmarcie_printer,cpu,finetune_encoders,openmarcie_printer__only_audio__qwen3_4b,qwen3_4b,only_audio,core,core,,29688,118752,0,130670,958592,0.2824910006893333,0.30003290139575256,0.01779000012902543,,,,
openmarcie_printer,cpu,finetune_encoders,openmarcie_printer__only_audio__qwen3_4b,qwen3_4b,only_audio,core,core_language,,4029108736,8071498752,256,,598584731776,1365.2376339996408,1368.9743079989057,0.5178120009077247,,,,
openmarcie_printer,cpu,no_alignment,openmarcie_printer__only_audio__qwen3_4b,qwen3_4b,only_audio,edge,audio0,audio0,355574,1422296,0,1427507,22598784,0.3108420005446533,0.325367100413132,0.012730000889860094,82,2.0656,10.0,4.373333333333333e-05
openmarcie_printer,cpu,no_alignment,openmarcie_printer__only_audio__qwen3_4b,qwen3_4b,only_audio,edge,audio1,audio1,355574,1422296,0,1427507,22598784,0.3138920001219958,0.3217480993043864,0.01233999864780344,82,2.0656,10.0,4.373333333333333e-05
openmarcie_printer,cpu,no_alignment,openmarcie_printer__only_audio__qwen3_4b,qwen3_4b,only_audio,core,core,,29688,118752,0,130670,958592,0.2806110005622031,0.2982158997838269,0.017630000002100132,,,,
openmarcie_printer,cpu,no_alignment,openmarcie_printer__only_audio__qwen3_4b,qwen3_4b,only_audio,core,core_language,,4029108736,8071498752,256,,598584731776,1365.2376339996408,1368.9743079989057,0.5227020010352135,,,,
openmarcie_printer,cpu,no_usage,openmarcie_printer__only_audio__qwen3_4b,qwen3_4b,only_audio,edge,audio0,audio0,355574,1422296,0,1427507,22598784,0.3188520004187012,0.3263040001911577,0.01275000067835208,82,2.0656,10.0,4.373333333333333e-05
openmarcie_printer,cpu,no_usage,openmarcie_printer__only_audio__qwen3_4b,qwen3_4b,only_audio,edge,audio1,audio1,355574,1422296,0,1427507,22598784,0.3089220008405391,0.3257520012994064,0.012680000509135425,82,2.0656,10.0,4.373333333333333e-05
openmarcie_printer,cpu,no_usage,openmarcie_printer__only_audio__qwen3_4b,qwen3_4b,only_audio,core,core,,29688,118752,0,130670,958592,0.2764410000963835,0.30717690042365575,0.01734000034048222,,,,
openmarcie_printer,cpu,no_usage,openmarcie_printer__only_audio__qwen3_4b,qwen3_4b,only_audio,core,core_language,,4029108736,8071498752,256,,598584731776,1365.2376339996408,1368.9743079989057,0.5278419994283468,,,,
openmarcie_printer,cpu,tcn,openmarcie_printer__only_audio__qwen3_4b,qwen3_4b,only_audio,edge,audio0,audio0,0,0,0,0,0,0.00048000038077589124,0.0007410000762320124,0.034669999877223745,390484,314.3872,10.0,0.20825813333333335
openmarcie_printer,cpu,tcn,openmarcie_printer__only_audio__qwen3_4b,qwen3_4b,only_audio,edge,audio1,audio1,0,0,0,0,0,0.00044999978854320943,0.0006390002454281785,0.03046999881917145,390484,314.3872,10.0,0.20825813333333335
openmarcie_printer,cpu,tcn,openmarcie_printer__only_audio__qwen3_4b,qwen3_4b,only_audio,core,core,,580020,2320080,0,2329673,36935808,0.643252998997923,0.6825298998592189,0.04601000000548083,,,,
openmarcie_printer,cpu,tcn,openmarcie_printer__only_audio__qwen3_4b,qwen3_4b,only_audio,core,core_language,,4029108736,8071498752,256,,716676935808,1388.5497650007892,1388.953911801218,0.711083001078805,,,,
openmarcie_printer,cpu,ts_transformer,openmarcie_printer__only_audio__qwen3_4b,qwen3_4b,only_audio,edge,audio0,audio0,0,0,0,0,0,0.0004699995770351961,0.0008120008715195581,0.03381999886187259,390484,314.3872,10.0,0.20825813333333335
openmarcie_printer,cpu,ts_transformer,openmarcie_printer__only_audio__qwen3_4b,qwen3_4b,only_audio,edge,audio1,audio1,0,0,0,0,0,0.0004399989848025143,0.0006830005077063106,0.03332000051159412,390484,314.3872,10.0,0.20825813333333335
openmarcie_printer,cpu,ts_transformer,openmarcie_printer__only_audio__qwen3_4b,qwen3_4b,only_audio,core,core,,592884,2371536,0,2384741,37984384,0.6809339993196772,0.701525100521394,0.04599000021698885,,,,
openmarcie_printer,cpu,ts_transformer,openmarcie_printer__only_audio__qwen3_4b,qwen3_4b,only_audio,core,core_language,,4029108736,8071498752,256,,716676935808,1388.5497650007892,1388.953911801218,0.7139739991544047,,,,
openmarcie_printer,cpu,patchtst,openmarcie_printer__only_audio__qwen3_4b,qwen3_4b,only_audio,edge,audio0,audio0,0,0,0,0,0,0.0004799985617864877,0.0008850000085658394,0.03554999966581818,390484,314.3872,10.0,0.20825813333333335
openmarcie_printer,cpu,patchtst,openmarcie_printer__only_audio__qwen3_4b,qwen3_4b,only_audio,edge,audio1,audio1,0,0,0,0,0,0.00043000000005122274,0.0006640007995883934,0.034130000130971894,390484,314.3872,10.0,0.20825813333333335
openmarcie_printer,cpu,patchtst,openmarcie_printer__only_audio__qwen3_4b,qwen3_4b,only_audio,core,core,,560180,2240720,0,2253925,404298112,2.4199719991884194,2.434371999152063,0.04661000093619805,,,,
openmarcie_printer,cpu,patchtst,openmarcie_printer__only_audio__qwen3_4b,qwen3_4b,only_audio,core,core_language,,4029108736,8071498752,256,,532290577408,1379.5613720012625,1382.7497632990344,0.5159529991942691,,,,
openmarcie_printer,cpu,distrixsense,openmarcie_printer__only_barometer__qwen3_4b,qwen3_4b,only_barometer,edge,barometer_gateway,barometer,6902,27608,0,32819,349312,0.23018100000626873,0.23607599905517418,0.012780001270584762,81,2.0648,10.0,4.32e-05
openmarcie_printer,cpu,distrixsense,openmarcie_printer__only_barometer__qwen3_4b,qwen3_4b,only_barometer,core,core,,28600,114400,0,126318,488000,0.24007100000744686,0.2681959997062222,0.010629999451339245,,,,
openmarcie_printer,cpu,distrixsense,openmarcie_printer__only_barometer__qwen3_4b,qwen3_4b,only_barometer,core,core_language,,4029108736,8071498752,256,,524957000576,1350.7986749991687,1368.5392131001208,0.4557720003504073,,,,
openmarcie_printer,cpu,dense,openmarcie_printer__only_barometer__qwen3_4b,qwen3_4b,only_barometer,edge,barometer_gateway,barometer,3470,13880,0,17101,217728,0.1571809989400208,0.16236409937846474,0.008999999408842996,4324,5.4592,10.0,0.0023061333333333333
openmarcie_printer,cpu,dense,openmarcie_printer__only_barometer__qwen3_4b,qwen3_4b,only_barometer,core,core,,27576,110304,0,121905,1997888,0.23056200006976724,0.255779099825304,0.006549998943228275,,,,
openmarcie_printer,cpu,dense,openmarcie_printer__only_barometer__qwen3_4b,qwen3_4b,only_barometer,core,core_language,,4029108736,8071498752,256,,701925437312,1383.517098000084,1384.5212963984523,1.2960869989910861,,,,
openmarcie_printer,cpu,dense_tokens,openmarcie_printer__only_barometer__qwen3_4b,qwen3_4b,only_barometer,edge,barometer_gateway,barometer,5846,23384,0,28089,332928,0.20235100055288058,0.22714600108884042,0.00808000004326459,1100,2.88,10.0,0.0005866666666666667
openmarcie_printer,cpu,dense_tokens,openmarcie_printer__only_barometer__qwen3_4b,qwen3_4b,only_barometer,core,core,,27576,110304,0,121905,488000,0.20335099907242693,0.23048599941830616,0.006270000085351057,,,,
openmarcie_printer,cpu,dense_tokens,openmarcie_printer__only_barometer__qwen3_4b,qwen3_4b,only_barometer,core,core_language,,4029108736,8071498752,256,,524957000576,1350.7986749991687,1368.5392131001208,0.688493999405182,,,,
openmarcie_printer,cpu,raw,openmarcie_printer__only_barometer__qwen3_4b,qwen3_4b,only_barometer,edge,barometer_gateway,barometer,0,0,0,0,0,0.0004899993655271828,0.0008680002792971209,0.01325999983237125,404,2.3232,10.0,0.00021546666666666665
openmarcie_printer,cpu,raw,openmarcie_printer__only_barometer__qwen3_4b,qwen3_4b,only_barometer,core,core,,31046,124184,0,138393,2215616,0.45902199963165913,0.4635130004317034,0.006289999873843044,,,,
openmarcie_printer,cpu,raw,openmarcie_printer__only_barometer__qwen3_4b,qwen3_4b,only_barometer,core,core_language,,4029108736,8071498752,256,,701925437312,1383.517098000084,1384.5212963984523,0.7591029989271192,,,,
openmarcie_printer,cpu,early_fusion,openmarcie_printer__only_barometer__qwen3_4b,qwen3_4b,only_barometer,edge,barometer_gateway,barometer,0,0,0,0,0,0.0005399997462518513,0.0008819994036457501,0.008839999281917699,404,2.3232,10.0,0.00021546666666666665
openmarcie_printer,cpu,early_fusion,openmarcie_printer__only_barometer__qwen3_4b,qwen3_4b,only_barometer,core,core,,27718,110872,0,124447,2004672,0.4669919999287231,0.49144500080728903,0.006399999620043673,,,,
openmarcie_printer,cpu,early_fusion,openmarcie_printer__only_barometer__qwen3_4b,qwen3_4b,only_barometer,core,core_language,,4029108736,8071498752,256,,701925437312,1383.517098000084,1384.5212963984523,0.6982029990467709,,,,
openmarcie_printer,cpu,late_fusion,openmarcie_printer__only_barometer__qwen3_4b,qwen3_4b,only_barometer,edge,barometer_gateway,barometer,3866,15464,0,19077,218496,0.16103000052680727,0.1751249008520972,0.007720000212430023,96,2.0768,10.0,5.12e-05
openmarcie_printer,cpu,late_fusion,openmarcie_printer__only_barometer__qwen3_4b,qwen3_4b,only_barometer,core,core,,0,0,0,0,0,0.02361999941058457,0.030577000325138215,0.005949999831500463,,,,
openmarcie_printer,cpu,late_fusion,openmarcie_printer__only_barometer__qwen3_4b,qwen3_4b,only_barometer,core,core_language,,4022468096,8044936192,256,,591014930432,1363.9552559998265,1364.4799317013167,0.1748609993228456,,,,
openmarcie_printer,cpu,local_only,openmarcie_printer__only_barometer__qwen3_4b,qwen3_4b,only_barometer,edge,barometer_gateway,barometer,3866,15464,0,19077,218496,0.16924000010476448,0.24939579961937852,0.007919999916339293,52,2.0416,10.0,2.7733333333333334e-05
openmarcie_printer,cpu,local_only,openmarcie_printer__only_barometer__qwen3_4b,qwen3_4b,only_barometer,core,core,,0,0,0,0,0,0.031689998650108464,0.03635200009739492,0.00591000025451649,,,,
openmarcie_printer,cpu,local_only,openmarcie_printer__only_barometer__qwen3_4b,qwen3_4b,only_barometer,core,core_language,,4022468096,8044936192,256,,591014930432,1363.9552559998265,1364.4799317013167,0.17650100016908254,,,,
openmarcie_printer,cpu,bottleneck,openmarcie_printer__only_barometer__qwen3_4b,qwen3_4b,only_barometer,edge,barometer_gateway,barometer,3602,14408,0,18053,225920,0.19059099940932356,0.22147900017444044,0.008560000424040481,684,2.5472,10.0,0.0003648
openmarcie_printer,cpu,bottleneck,openmarcie_printer__only_barometer__qwen3_4b,qwen3_4b,only_barometer,core,core,,27736,110944,0,123115,2006080,0.2206209992436925,0.24351789979846217,0.006349999239319004,,,,
openmarcie_printer,cpu,bottleneck,openmarcie_printer__only_barometer__qwen3_4b,qwen3_4b,only_barometer,core,core_language,,4029108736,8071498752,256,,701925437312,1383.517098000084,1384.5212963984523,0.7190940013970248,,,,
openmarcie_printer,cpu,tokenlearner,openmarcie_printer__only_barometer__qwen3_4b,qwen3_4b,only_barometer,edge,barometer_gateway,barometer,4790,19160,0,23295,316544,0.19540100038284436,0.21286099909048062,0.008640001396997832,1100,2.88,10.0,0.0005866666666666667
openmarcie_printer,cpu,tokenlearner,openmarcie_printer__only_barometer__qwen3_4b,qwen3_4b,only_barometer,core,core,,27576,110304,0,121905,488000,0.2027810005529318,0.22942100040381774,0.009729999874252826,,,,
openmarcie_printer,cpu,tokenlearner,openmarcie_printer__only_barometer__qwen3_4b,qwen3_4b,only_barometer,core,core_language,,4029108736,8071498752,256,,524957000576,1350.7986749991687,1368.5392131001208,0.6905930003995309,,,,
openmarcie_printer,cpu,posthoc_vq,openmarcie_printer__only_barometer__qwen3_4b,qwen3_4b,only_barometer,edge,barometer_gateway,barometer,4494,17976,0,21449,283264,0.2741309999692021,0.3438099001868977,0.012659998901654035,192,2.1536,10.0,0.0001024
openmarcie_printer,cpu,posthoc_vq,openmarcie_printer__only_barometer__qwen3_4b,qwen3_4b,only_barometer,core,core,,28600,114400,0,126318,1997888,0.32376099989051,0.40416789961454924,0.012270000297576189,,,,
openmarcie_printer,cpu,posthoc_vq,openmarcie_printer__only_barometer__qwen3_4b,qwen3_4b,only_barometer,core,core_language,,4029108736,8071498752,256,,701925437312,1383.517098000084,1384.5212963984523,0.7442539990734076,,,,
openmarcie_printer,cpu,joint_vq,openmarcie_printer__only_barometer__qwen3_4b,qwen3_4b,only_barometer,edge,barometer_gateway,barometer,6870,27480,0,32438,349312,0.2817410004354315,0.3249329000027501,0.01230000088980887,81,2.0648,10.0,4.32e-05
openmarcie_printer,cpu,joint_vq,openmarcie_printer__only_barometer__qwen3_4b,qwen3_4b,only_barometer,core,core,,28600,114400,0,126318,488000,0.24592099907749798,0.257593999231176,0.009929999578162096,,,,
openmarcie_printer,cpu,joint_vq,openmarcie_printer__only_barometer__qwen3_4b,qwen3_4b,only_barometer,core,core_language,,4029108736,8071498752,256,,524957000576,1350.7986749991687,1368.5392131001208,0.4344219996710308,,,,
openmarcie_printer,cpu,deepconvlstm,openmarcie_printer__only_barometer__qwen3_4b,qwen3_4b,only_barometer,edge,barometer_gateway,barometer,0,0,0,0,0,0.0005199999577598646,0.0007720005669398233,0.008549999620299786,404,2.3232,10.0,0.00021546666666666665
openmarcie_printer,cpu,deepconvlstm,openmarcie_printer__only_barometer__qwen3_4b,qwen3_4b,only_barometer,core,core,,33114,132456,0,139297,2053504,0.3326209989609197,0.34616689936228795,0.006270000085351057,,,,
openmarcie_printer,cpu,deepconvlstm,openmarcie_printer__only_barometer__qwen3_4b,qwen3_4b,only_barometer,core,core_language,,4029108736,8071498752,256,,701925437312,1383.517098000084,1384.5212963984523,0.7385130011243746,,,,
openmarcie_printer,cpu,unrestricted_bank,openmarcie_printer__only_barometer__qwen3_4b,qwen3_4b,only_barometer,edge,barometer_gateway,barometer,6902,27608,0,32819,349312,0.22211099894775543,0.2335139986826107,0.012939999578520656,81,2.0648,10.0,4.32e-05
openmarcie_printer,cpu,unrestricted_bank,openmarcie_printer__only_barometer__qwen3_4b,qwen3_4b,only_barometer,core,core,,28600,114400,0,126318,488000,0.24644100085424725,0.272766900343413,0.010069999916595407,,,,
openmarcie_printer,cpu,unrestricted_bank,openmarcie_printer__only_barometer__qwen3_4b,qwen3_4b,only_barometer,core,core_language,,4029108736,8071498752,256,,524957000576,1350.7986749991687,1368.5392131001208,0.41476200021861587,,,,
openmarcie_printer,cpu,separate_banks,openmarcie_printer__only_barometer__qwen3_4b,qwen3_4b,only_barometer,edge,barometer_gateway,barometer,6902,27608,0,32819,349312,0.20208099886076525,0.22272699989116518,0.012360000255284831,81,2.0648,10.0,4.32e-05
openmarcie_printer,cpu,separate_banks,openmarcie_printer__only_barometer__qwen3_4b,qwen3_4b,only_barometer,core,core,,28600,114400,0,126318,488000,0.23789100123394746,0.2605358995424467,0.009770001270226203,,,,
openmarcie_printer,cpu,separate_banks,openmarcie_printer__only_barometer__qwen3_4b,qwen3_4b,only_barometer,core,core_language,,4029108736,8071498752,256,,524957000576,1350.7986749991687,1368.5392131001208,0.42827200013562106,,,,
openmarcie_printer,cpu,fixed_resampling,openmarcie_printer__only_barometer__qwen3_4b,qwen3_4b,only_barometer,edge,barometer_gateway,barometer,6902,27608,0,32819,348672,0.1491109997004969,0.14944399863452418,0.01235000127053354,81,2.0648,10.0,4.32e-05
openmarcie_printer,cpu,fixed_resampling,openmarcie_printer__only_barometer__qwen3_4b,qwen3_4b,only_barometer,core,core,,28600,114400,0,126318,488000,0.23470100131817162,0.25476289993093815,0.010140000085812062,,,,
openmarcie_printer,cpu,fixed_resampling,openmarcie_printer__only_barometer__qwen3_4b,qwen3_4b,only_barometer,core,core_language,,4029108736,8071498752,256,,524957000576,1350.7986749991687,1368.5392131001208,0.41803199928835966,,,,
openmarcie_printer,cpu,finetune_encoders,openmarcie_printer__only_barometer__qwen3_4b,qwen3_4b,only_barometer,edge,barometer_gateway,barometer,6902,27608,0,32819,349312,0.2068310004688101,0.21634400054608705,0.012489999789977446,81,2.0648,10.0,4.32e-05
openmarcie_printer,cpu,finetune_encoders,openmarcie_printer__only_barometer__qwen3_4b,qwen3_4b,only_barometer,core,core,,28600,114400,0,126318,488000,0.2612709995446494,0.3540078998412355,0.010230000043520704,,,,
openmarcie_printer,cpu,finetune_encoders,openmarcie_printer__only_barometer__qwen3_4b,qwen3_4b,only_barometer,core,core_language,,4029108736,8071498752,256,,524957000576,1350.7986749991687,1368.5392131001208,0.406522000048426,,,,
openmarcie_printer,cpu,no_alignment,openmarcie_printer__only_barometer__qwen3_4b,qwen3_4b,only_barometer,edge,barometer_gateway,barometer,6902,27608,0,32819,349312,0.20151100034127012,0.21800800022901967,0.012540000170702115,81,2.0648,10.0,4.32e-05
openmarcie_printer,cpu,no_alignment,openmarcie_printer__only_barometer__qwen3_4b,qwen3_4b,only_barometer,core,core,,28600,114400,0,126318,488000,0.23554099971079268,0.26451200028532185,0.010110001312568784,,,,
openmarcie_printer,cpu,no_alignment,openmarcie_printer__only_barometer__qwen3_4b,qwen3_4b,only_barometer,core,core_language,,4029108736,8071498752,256,,524957000576,1350.7986749991687,1368.5392131001208,0.40855199949874077,,,,
openmarcie_printer,cpu,no_usage,openmarcie_printer__only_barometer__qwen3_4b,qwen3_4b,only_barometer,edge,barometer_gateway,barometer,6902,27608,0,32819,349312,0.2021510008489713,0.21846799936611205,0.015600000551785342,81,2.0648,10.0,4.32e-05
openmarcie_printer,cpu,no_usage,openmarcie_printer__only_barometer__qwen3_4b,qwen3_4b,only_barometer,core,core,,28600,114400,0,126318,488000,0.23464100013370626,0.2611549996800022,0.010089999705087394,,,,
openmarcie_printer,cpu,no_usage,openmarcie_printer__only_barometer__qwen3_4b,qwen3_4b,only_barometer,core,core_language,,4029108736,8071498752,256,,524957000576,1350.7986749991687,1368.5392131001208,0.42580199988151435,,,,
openmarcie_printer,cpu,tcn,openmarcie_printer__only_barometer__qwen3_4b,qwen3_4b,only_barometer,edge,barometer_gateway,barometer,0,0,0,0,0,0.0005900001269765198,0.0007970003935042769,0.008641000022180378,404,2.3232,10.0,0.00021546666666666665
openmarcie_printer,cpu,tcn,openmarcie_printer__only_barometer__qwen3_4b,qwen3_4b,only_barometer,core,core,,13606,54424,0,62741,818624,0.4668520014092792,0.5043648996434058,0.006320000466075726,,,,
openmarcie_printer,cpu,tcn,openmarcie_printer__only_barometer__qwen3_4b,qwen3_4b,only_barometer,core,core_language,,4029108736,8071498752,256,,701925437312,1383.517098000084,1384.5212963984523,0.7769040003040573,,,,
openmarcie_printer,cpu,ts_transformer,openmarcie_printer__only_barometer__qwen3_4b,qwen3_4b,only_barometer,edge,barometer_gateway,barometer,0,0,0,0,0,0.0005500005499925464,0.0008290000550914556,0.008540000635548495,404,2.3232,10.0,0.00021546666666666665
openmarcie_printer,cpu,ts_transformer,openmarcie_printer__only_barometer__qwen3_4b,qwen3_4b,only_barometer,core,core,,26470,105880,0,117617,1867200,0.410562000979553,0.4374449990791618,0.006149999535409734,,,,
openmarcie_printer,cpu,ts_transformer,openmarcie_printer__only_barometer__qwen3_4b,qwen3_4b,only_barometer,core,core_language,,4029108736,8071498752,256,,701925437312,1383.517098000084,1384.5212963984523,0.781663999077864,,,,
openmarcie_printer,cpu,patchtst,openmarcie_printer__only_barometer__qwen3_4b,qwen3_4b,only_barometer,edge,barometer_gateway,barometer,0,0,0,0,0,0.0005500005499925464,0.000973000169324223,0.008490000254823826,404,2.3232,10.0,0.00021546666666666665
openmarcie_printer,cpu,patchtst,openmarcie_printer__only_barometer__qwen3_4b,qwen3_4b,only_barometer,core,core,,26630,106520,0,118257,727232,0.44365200119500514,0.4727499008367886,0.006409998604794964,,,,
openmarcie_printer,cpu,patchtst,openmarcie_printer__only_barometer__qwen3_4b,qwen3_4b,only_barometer,core,core_language,,4029108736,8071498752,256,,517598061312,1352.7679889994033,1353.2538566987569,0.5702130001736805,,,,
openmarcie_printer,cpu,distrixsense,openmarcie_printer__only_depth__qwen3_4b,qwen3_4b,only_depth,edge,lidar0,lidar0_depth,21224,84896,0,89907,1257984,0.23704199884377886,0.2663900999323232,0.01207999957841821,84,2.0672,10.0,4.48e-05
openmarcie_printer,cpu,distrixsense,openmarcie_printer__only_depth__qwen3_4b,qwen3_4b,only_depth,edge,lidar1,lidar1_depth,21224,84896,0,89907,1257984,0.2211009996244684,0.23601399989274796,0.019240000256104395,84,2.0672,10.0,4.48e-05
openmarcie_printer,cpu,distrixsense,openmarcie_printer__only_depth__qwen3_4b,qwen3_4b,only_depth,edge,rgbd_imu0,rgbd_imu0_depth,21224,84896,0,89907,1257984,0.21501100127352402,0.2255949990285444,0.01221999991685152,84,2.0672,10.0,4.48e-05
openmarcie_printer,cpu,distrixsense,openmarcie_printer__only_depth__qwen3_4b,qwen3_4b,only_depth,edge,rgbd_imu1,rgbd_imu1_depth,21224,84896,0,89907,1257984,0.24225100059993565,0.26866600037465105,0.01227999928232748,84,2.0672,10.0,4.48e-05
openmarcie_printer,cpu,distrixsense,openmarcie_printer__only_depth__qwen3_4b,qwen3_4b,only_depth,edge,room_rgbd0,room_rgbd0_depth,21224,84896,0,89907,1257984,0.2530210003897082,0.26481100012460956,0.012200000128359534,84,2.0672,10.0,4.48e-05
openmarcie_printer,cpu,distrixsense,openmarcie_printer__only_depth__qwen3_4b,qwen3_4b,only_depth,edge,room_rgbd1,room_rgbd1_depth,21224,84896,0,89907,1257984,0.24211100026150234,0.2542789992730832,0.012090000382158905,84,2.0672,10.0,4.48e-05
openmarcie_printer,cpu,distrixsense,openmarcie_printer__only_depth__qwen3_4b,qwen3_4b,only_depth,core,core,,34040,136160,0,148078,3168640,0.559402000362752,0.6118098990555154,0.05136099935043603,,,,
openmarcie_printer,cpu,distrixsense,openmarcie_printer__only_depth__qwen3_4b,qwen3_4b,only_depth,core,core_language,,4029108736,8071498752,256,,894275304576,1445.507288999579,1453.7737484986792,0.9787649996724213,,,,
openmarcie_printer,cpu,dense,openmarcie_printer__only_depth__qwen3_4b,qwen3_4b,only_depth,edge,lidar0,lidar0_depth,17792,71168,0,74189,1126400,0.1590310002939077,0.17830000033427496,0.009069999578059651,4324,5.4592,10.0,0.0023061333333333333
openmarcie_printer,cpu,dense,openmarcie_printer__only_depth__qwen3_4b,qwen3_4b,only_depth,edge,lidar1,lidar1_depth,17792,71168,0,74189,1126400,0.15603100109728985,0.16941399953793734,0.008799999704933725,4324,5.4592,10.0,0.0023061333333333333
openmarcie_printer,cpu,dense,openmarcie_printer__only_depth__qwen3_4b,qwen3_4b,only_depth,edge,rgbd_imu0,rgbd_imu0_depth,17792,71168,0,74189,1126400,0.15376000010292046,0.1677919002759154,0.008909999451134354,4324,5.4592,10.0,0.0023061333333333333
openmarcie_printer,cpu,dense,openmarcie_printer__only_depth__qwen3_4b,qwen3_4b,only_depth,edge,rgbd_imu1,rgbd_imu1_depth,17792,71168,0,74189,1126400,0.14939100037736353,0.16349310062651057,0.008940000043367036,4324,5.4592,10.0,0.0023061333333333333
openmarcie_printer,cpu,dense,openmarcie_printer__only_depth__qwen3_4b,qwen3_4b,only_depth,edge,room_rgbd0,room_rgbd0_depth,17792,71168,0,74189,1126400,0.1463110002077883,0.159298001199204,0.00886999987415038,4324,5.4592,10.0,0.0023061333333333333
openmarcie_printer,cpu,dense,openmarcie_printer__only_depth__qwen3_4b,qwen3_4b,only_depth,edge,room_rgbd1,room_rgbd1_depth,17792,71168,0,74189,1126400,0.16130099902511574,0.1785719989129575,0.00906000059330836,4324,5.4592,10.0,0.0023061333333333333
openmarcie_printer,cpu,dense,openmarcie_printer__only_depth__qwen3_4b,qwen3_4b,only_depth,core,core,,27896,111584,0,123185,19600768,0.5304820006131195,0.5565198998738197,0.03785999979299959,,,,
openmarcie_printer,cpu,dense,openmarcie_printer__only_depth__qwen3_4b,qwen3_4b,only_depth,core,core_language,,4029108736,8071498752,256,,1974771549312,1756.698127999698,1773.3356800992624,2.700502998777665,,,,
openmarcie_printer,cpu,dense_tokens,openmarcie_printer__only_depth__qwen3_4b,qwen3_4b,only_depth,edge,lidar0,lidar0_depth,20168,80672,0,85177,1241600,0.22782099949836265,0.23955699980433565,0.008600000001024455,1100,2.88,10.0,0.0005866666666666667
openmarcie_printer,cpu,dense_tokens,openmarcie_printer__only_depth__qwen3_4b,qwen3_4b,only_depth,edge,lidar1,lidar1_depth,20168,80672,0,85177,1241600,0.21546099924307782,0.23494600027333945,0.008559998605051078,1100,2.88,10.0,0.0005866666666666667
openmarcie_printer,cpu,dense_tokens,openmarcie_printer__only_depth__qwen3_4b,qwen3_4b,only_depth,edge,rgbd_imu0,rgbd_imu0_depth,20168,80672,0,85177,1241600,0.2027910013566725,0.21862200010218658,0.009890000001178123,1100,2.88,10.0,0.0005866666666666667
openmarcie_printer,cpu,dense_tokens,openmarcie_printer__only_depth__qwen3_4b,qwen3_4b,only_depth,edge,rgbd_imu1,rgbd_imu1_depth,20168,80672,0,85177,1241600,0.20348100042610895,0.21317400023690425,0.008560000424040481,1100,2.88,10.0,0.0005866666666666667
openmarcie_printer,cpu,dense_tokens,openmarcie_printer__only_depth__qwen3_4b,qwen3_4b,only_depth,edge,room_rgbd0,room_rgbd0_depth,20168,80672,0,85177,1241600,0.20469099945330527,0.22169200055941474,0.008749999324209057,1100,2.88,10.0,0.0005866666666666667
openmarcie_printer,cpu,dense_tokens,openmarcie_printer__only_depth__qwen3_4b,qwen3_4b,only_depth,edge,room_rgbd1,room_rgbd1_depth,20168,80672,0,85177,1241600,0.20170000061625615,0.21802779901918257,0.008639999578008428,1100,2.88,10.0,0.0005866666666666667
openmarcie_printer,cpu,dense_tokens,openmarcie_printer__only_depth__qwen3_4b,qwen3_4b,only_depth,core,core,,27896,111584,0,123185,3168640,0.35520200071914587,0.3854239987049368,0.036470000850385986,,,,
openmarcie_printer,cpu,dense_tokens,openmarcie_printer__only_depth__qwen3_4b,qwen3_4b,only_depth,core,core_language,,4029108736,8071498752,256,,894275304576,1445.507288999579,1453.7737484986792,1.7397979991073953,,,,
openmarcie_printer,cpu,raw,openmarcie_printer__only_depth__qwen3_4b,qwen3_4b,only_depth,edge,lidar0,lidar0_depth,0,0,0,0,0,0.00044999978854320943,0.0007740012733847834,0.009020001016324386,6396,7.1168,10.0,0.0034112
openmarcie_printer,cpu,raw,openmarcie_printer__only_depth__qwen3_4b,qwen3_4b,only_depth,edge,lidar1,lidar1_depth,0,0,0,0,0,0.00046000059228390455,0.0005590003638644703,0.008580000212532468,6396,7.1168,10.0,0.0034112
openmarcie_printer,cpu,raw,openmarcie_printer__only_depth__qwen3_4b,qwen3_4b,only_depth,edge,rgbd_imu0,rgbd_imu0_depth,0,0,0,0,0,0.00043000000005122274,0.0005109999619890004,0.008510000043315813,6396,7.1168,10.0,0.0034112
openmarcie_printer,cpu,raw,openmarcie_printer__only_depth__qwen3_4b,qwen3_4b,only_depth,edge,rgbd_imu1,rgbd_imu1_depth,0,0,0,0,0,0.0004699995770351961,0.0006149000910227187,0.008779999916441739,6396,7.1168,10.0,0.0034112
openmarcie_printer,cpu,raw,openmarcie_printer__only_depth__qwen3_4b,qwen3_4b,only_depth,edge,room_rgbd0,room_rgbd0_depth,0,0,0,0,0,0.00044999978854320943,0.0005219990271143615,0.008539998816559091,6396,7.1168,10.0,0.0034112
openmarcie_printer,cpu,raw,openmarcie_printer__only_depth__qwen3_4b,qwen3_4b,only_depth,edge,room_rgbd1,room_rgbd1_depth,0,0,0,0,0,0.0005499987310031429,0.0006669999493169598,0.008491000698995776,6396,7.1168,10.0,0.0034112
openmarcie_printer,cpu,raw,openmarcie_printer__only_depth__qwen3_4b,qwen3_4b,only_depth,core,core,,134648,538592,0,565089,26359168,1.8892100015364122,1.8906760995378136,0.04973999966750853,,,,
openmarcie_printer,cpu,raw,openmarcie_printer__only_depth__qwen3_4b,qwen3_4b,only_depth,core,core_language,,4029108736,8071498752,256,,1974771549312,1756.698127999698,1773.3356800992624,2.9058640011498937,,,,
openmarcie_printer,cpu,early_fusion,openmarcie_printer__only_depth__qwen3_4b,qwen3_4b,only_depth,edge,lidar0,lidar0_depth,0,0,0,0,0,0.0005400015652412549,0.0008999993951874785,0.00926000029721763,6396,7.1168,10.0,0.0034112
openmarcie_printer,cpu,early_fusion,openmarcie_printer__only_depth__qwen3_4b,qwen3_4b,only_depth,edge,lidar1,lidar1_depth,0,0,0,0,0,0.000459998773294501,0.0006490008672699332,0.008799999704933725,6396,7.1168,10.0,0.0034112
openmarcie_printer,cpu,early_fusion,openmarcie_printer__only_depth__qwen3_4b,qwen3_4b,only_depth,edge,rgbd_imu0,rgbd_imu0_depth,0,0,0,0,0,0.00046000059228390455,0.0005859992597834207,0.008900000466383062,6396,7.1168,10.0,0.0034112
openmarcie_printer,cpu,early_fusion,openmarcie_printer__only_depth__qwen3_4b,qwen3_4b,only_depth,edge,rgbd_imu1,rgbd_imu1_depth,0,0,0,0,0,0.00046000059228390455,0.0005859992597834207,0.008650000381749123,6396,7.1168,10.0,0.0034112
openmarcie_printer,cpu,early_fusion,openmarcie_printer__only_depth__qwen3_4b,qwen3_4b,only_depth,edge,room_rgbd0,room_rgbd0_depth,0,0,0,0,0,0.00044000080379191786,0.000565999471291434,0.008600000001024455,6396,7.1168,10.0,0.0034112
openmarcie_printer,cpu,early_fusion,openmarcie_printer__only_depth__qwen3_4b,qwen3_4b,only_depth,edge,room_rgbd1,room_rgbd1_depth,0,0,0,0,0,0.00041000021155923605,0.0005089999831398018,0.008680000973981805,6396,7.1168,10.0,0.0034112
openmarcie_printer,cpu,early_fusion,openmarcie_printer__only_depth__qwen3_4b,qwen3_4b,only_depth,core,core,,66904,267616,0,287267,4443520,1.246886000444647,1.6485127996929805,0.03661099981400184,,,,
openmarcie_printer,cpu,early_fusion,openmarcie_printer__only_depth__qwen3_4b,qwen3_4b,only_depth,core,core_language,,4029108736,8071498752,256,,775730115712,1415.8101609991718,1424.6178408995547,0.8053530000324827,,,,
openmarcie_printer,cpu,late_fusion,openmarcie_printer__only_depth__qwen3_4b,qwen3_4b,only_depth,edge,lidar0,lidar0_depth,18188,72752,0,76165,1127168,0.23693200000707293,0.3031269998245989,0.008999999863590347,96,2.0768,10.0,5.12e-05
openmarcie_printer,cpu,late_fusion,openmarcie_printer__only_depth__qwen3_4b,qwen3_4b,only_depth,edge,lidar1,lidar1_depth,18188,72752,0,76165,1127168,0.18443199996909243,0.203475099942807,0.007869999990361976,96,2.0768,10.0,5.12e-05
openmarcie_printer,cpu,late_fusion,openmarcie_printer__only_depth__qwen3_4b,qwen3_4b,only_depth,edge,rgbd_imu0,rgbd_imu0_depth,18188,72752,0,76165,1127168,0.183552000180498,0.20101110012546997,0.007759999789413996,96,2.0768,10.0,5.12e-05
openmarcie_printer,cpu,late_fusion,openmarcie_printer__only_depth__qwen3_4b,qwen3_4b,only_depth,edge,rgbd_imu1,rgbd_imu1_depth,18188,72752,0,76165,1127168,0.1838419998421159,0.1973230997009523,0.007789999926899327,96,2.0768,10.0,5.12e-05
openmarcie_printer,cpu,late_fusion,openmarcie_printer__only_depth__qwen3_4b,qwen3_4b,only_depth,edge,room_rgbd0,room_rgbd0_depth,18188,72752,0,76165,1127168,0.18460199999026372,0.2385200999015069,0.010400000064691994,96,2.0768,10.0,5.12e-05
openmarcie_printer,cpu,late_fusion,openmarcie_printer__only_depth__qwen3_4b,qwen3_4b,only_depth,edge,room_rgbd1,room_rgbd1_depth,18188,72752,0,76165,1127168,0.1810010003282514,0.19371890007278125,0.00794000015957863,96,2.0768,10.0,5.12e-05
openmarcie_printer,cpu,late_fusion,openmarcie_printer__only_depth__qwen3_4b,qwen3_4b,only_depth,core,core,,0,0,0,0,0,0.05293000003803172,0.07305490003091109,0.03291999973953352,,,,
openmarcie_printer,cpu,late_fusion,openmarcie_printer__only_depth__qwen3_4b,qwen3_4b,only_depth,core,core_language,,4022468096,8044936192,256,,664642661632,1506.3538260001224,1533.1048743002157,0.2056409998658637,,,,
openmarcie_printer,cpu,local_only,openmarcie_printer__only_depth__qwen3_4b,qwen3_4b,only_depth,edge,lidar0,lidar0_depth,18188,72752,0,76165,1127168,0.1749220000419882,0.19091409994871356,0.00777000013840734,52,2.0416,10.0,2.7733333333333334e-05
openmarcie_printer,cpu,local_only,openmarcie_printer__only_depth__qwen3_4b,qwen3_4b,only_depth,edge,lidar1,lidar1_depth,18188,72752,0,76165,1127168,0.16421100008301437,0.1792230001228745,0.007869999990361976,52,2.0416,10.0,2.7733333333333334e-05
openmarcie_printer,cpu,local_only,openmarcie_printer__only_depth__qwen3_4b,qwen3_4b,only_depth,edge,rgbd_imu0,rgbd_imu0_depth,18188,72752,0,76165,1127168,0.1677909999671101,0.18221890004497254,0.00779999982114532,52,2.0416,10.0,2.7733333333333334e-05
openmarcie_printer,cpu,local_only,openmarcie_printer__only_depth__qwen3_4b,qwen3_4b,only_depth,edge,rgbd_imu1,rgbd_imu1_depth,18188,72752,0,76165,1127168,0.1695809996817843,0.18626700002641883,0.007889999778853962,52,2.0416,10.0,2.7733333333333334e-05
openmarcie_printer,cpu,local_only,openmarcie_printer__only_depth__qwen3_4b,qwen3_4b,only_depth,edge,room_rgbd0,room_rgbd0_depth,18188,72752,0,76165,1127168,0.16942100000960636,0.1774850002675521,0.007890000233601313,52,2.0416,10.0,2.7733333333333334e-05
openmarcie_printer,cpu,local_only,openmarcie_printer__only_depth__qwen3_4b,qwen3_4b,only_depth,edge,room_rgbd1,room_rgbd1_depth,18188,72752,0,76165,1127168,0.16529100003026542,0.17801700009840715,0.007930000265332637,52,2.0416,10.0,2.7733333333333334e-05
openmarcie_printer,cpu,local_only,openmarcie_printer__only_depth__qwen3_4b,qwen3_4b,only_depth,core,core,,0,0,0,0,0,0.07424000023092958,0.08506789990860852,0.0339600001098006,,,,
openmarcie_printer,cpu,local_only,openmarcie_printer__only_depth__qwen3_4b,qwen3_4b,only_depth,core,core_language,,4022468096,8044936192,256,,664642661632,1506.3538260001224,1533.1048743002157,0.18091199990522,,,,
openmarcie_printer,cpu,bottleneck,openmarcie_printer__only_depth__qwen3_4b,qwen3_4b,only_depth,edge,lidar0,lidar0_depth,17924,71696,0,75141,1134592,0.2116309997290955,0.24182690003726748,0.011720000202330993,684,2.5472,10.0,0.0003648
openmarcie_printer,cpu,bottleneck,openmarcie_printer__only_depth__qwen3_4b,qwen3_4b,only_depth,edge,lidar1,lidar1_depth,17924,71696,0,75141,1134592,0.21328200000425568,0.22204799979590462,0.011629999789875,684,2.5472,10.0,0.0003648
openmarcie_printer,cpu,bottleneck,openmarcie_printer__only_depth__qwen3_4b,qwen3_4b,only_depth,edge,rgbd_imu0,rgbd_imu0_depth,17924,71696,0,75141,1134592,0.21779100006824592,0.5126877000748209,0.008349999916390516,684,2.5472,10.0,0.0003648
openmarcie_printer,cpu,bottleneck,openmarcie_printer__only_depth__qwen3_4b,qwen3_4b,only_depth,edge,rgbd_imu1,rgbd_imu1_depth,17924,71696,0,75141,1134592,0.1710709998405946,0.1899179002521123,0.008159999651979888,684,2.5472,10.0,0.0003648
openmarcie_printer,cpu,bottleneck,openmarcie_printer__only_depth__qwen3_4b,qwen3_4b,only_depth,edge,room_rgbd0,room_rgbd0_depth,17924,71696,0,75141,1134592,0.17000200023176149,0.18202509995717264,0.00808100003268919,684,2.5472,10.0,0.0003648
openmarcie_printer,cpu,bottleneck,openmarcie_printer__only_depth__qwen3_4b,qwen3_4b,only_depth,edge,room_rgbd1,room_rgbd1_depth,17924,71696,0,75141,1134592,0.18501100021239836,0.1856410000982578,0.008329999673151178,684,2.5472,10.0,0.0003648
openmarcie_printer,cpu,bottleneck,openmarcie_printer__only_depth__qwen3_4b,qwen3_4b,only_depth,core,core,,28856,115424,0,130637,19649920,0.6136639999567706,0.7065629001772322,0.035230000321462285,,,,
openmarcie_printer,cpu,bottleneck,openmarcie_printer__only_depth__qwen3_4b,qwen3_4b,only_depth,core,core_language,,4029108736,8071498752,256,,1974771549312,1909.007604999715,1910.771671600287,2.7026120001210074,,,,
openmarcie_printer,cpu,tokenlearner,openmarcie_printer__only_depth__qwen3_4b,qwen3_4b,only_depth,edge,lidar0,lidar0_depth,19112,76448,0,80383,1225216,0.20539999968605116,0.22956499992687895,0.008269999852927867,1100,2.88,10.0,0.0005866666666666667
openmarcie_printer,cpu,tokenlearner,openmarcie_printer__only_depth__qwen3_4b,qwen3_4b,only_depth,edge,lidar1,lidar1_depth,19112,76448,0,80383,1225216,0.19621999990704353,0.2099090000228898,0.008349999916390516,1100,2.88,10.0,0.0005866666666666667
openmarcie_printer,cpu,tokenlearner,openmarcie_printer__only_depth__qwen3_4b,qwen3_4b,only_depth,edge,rgbd_imu0,rgbd_imu0_depth,19112,76448,0,80383,1225216,0.19909000002371613,0.20999800008212333,0.008479999905830482,1100,2.88,10.0,0.0005866666666666667
openmarcie_printer,cpu,tokenlearner,openmarcie_printer__only_depth__qwen3_4b,qwen3_4b,only_depth,edge,rgbd_imu1,rgbd_imu1_depth,19112,76448,0,80383,1225216,0.20864999987679766,0.22535490002155711,0.008410000191361178,1100,2.88,10.0,0.0005866666666666667
openmarcie_printer,cpu,tokenlearner,openmarcie_printer__only_depth__qwen3_4b,qwen3_4b,only_depth,edge,room_rgbd0,room_rgbd0_depth,19112,76448,0,80383,1225216,0.1959709998118342,0.21244009999463742,0.008370000159629853,1100,2.88,10.0,0.0005866666666666667
openmarcie_printer,cpu,tokenlearner,openmarcie_printer__only_depth__qwen3_4b,qwen3_4b,only_depth,edge,room_rgbd1,room_rgbd1_depth,19112,76448,0,80383,1225216,0.19554999971660436,0.21504399983314215,0.008440000328846509,1100,2.88,10.0,0.0005866666666666667
openmarcie_printer,cpu,tokenlearner,openmarcie_printer__only_depth__qwen3_4b,qwen3_4b,only_depth,core,core,,27896,111584,0,123185,3168640,0.3469409998615447,0.3739310996934364,0.03538999999364023,,,,
openmarcie_printer,cpu,tokenlearner,openmarcie_printer__only_depth__qwen3_4b,qwen3_4b,only_depth,core,core_language,,4029108736,8071498752,256,,894275304576,1439.85020800028,1442.7189157002886,0.9631509997234389,,,,
openmarcie_printer,cpu,posthoc_vq,openmarcie_printer__only_depth__qwen3_4b,qwen3_4b,only_depth,edge,lidar0,lidar0_depth,23936,95744,0,99017,1191936,0.24078000024019275,0.26135399998565845,0.013959999705548398,204,2.1632,10.0,0.0001088
openmarcie_printer,cpu,posthoc_vq,openmarcie_printer__only_depth__qwen3_4b,qwen3_4b,only_depth,edge,lidar1,lidar1_depth,23936,95744,0,99017,1191936,0.2391699999861885,0.25053700010175817,0.013489999673765851,204,2.1632,10.0,0.0001088
openmarcie_printer,cpu,posthoc_vq,openmarcie_printer__only_depth__qwen3_4b,qwen3_4b,only_depth,edge,rgbd_imu0,rgbd_imu0_depth,23936,95744,0,99017,1191936,0.2468300003783952,0.2538590001222474,0.013070000022707973,204,2.1632,10.0,0.0001088
openmarcie_printer,cpu,posthoc_vq,openmarcie_printer__only_depth__qwen3_4b,qwen3_4b,only_depth,edge,rgbd_imu1,rgbd_imu1_depth,23936,95744,0,99017,1191936,0.23979000025065034,0.257817899910151,0.012710000191873405,204,2.1632,10.0,0.0001088
openmarcie_printer,cpu,posthoc_vq,openmarcie_printer__only_depth__qwen3_4b,qwen3_4b,only_depth,edge,room_rgbd0,room_rgbd0_depth,23936,95744,0,99017,1191936,0.23874999988038326,0.25350999972033605,0.012649999916902743,204,2.1632,10.0,0.0001088
openmarcie_printer,cpu,posthoc_vq,openmarcie_printer__only_depth__qwen3_4b,qwen3_4b,only_depth,edge,room_rgbd1,room_rgbd1_depth,23936,95744,0,99017,1191936,0.2474400002938637,0.25075200005630904,0.01300999974773731,204,2.1632,10.0,0.0001088
openmarcie_printer,cpu,posthoc_vq,openmarcie_printer__only_depth__qwen3_4b,qwen3_4b,only_depth,core,core,,34040,136160,0,148078,19600768,0.7124000003386755,0.7357018998845888,0.055679999604763,,,,
openmarcie_printer,cpu,posthoc_vq,openmarcie_printer__only_depth__qwen3_4b,qwen3_4b,only_depth,core,core_language,,4029108736,8071498752,256,,1974771549312,1909.007604999715,1910.771671600287,2.6173819996984093,,,,
openmarcie_printer,cpu,joint_vq,openmarcie_printer__only_depth__qwen3_4b,qwen3_4b,only_depth,edge,lidar0,lidar0_depth,26312,105248,0,110006,1257984,0.28041999985362054,0.30726699997103424,0.01219000023411354,84,2.0672,10.0,4.48e-05
openmarcie_printer,cpu,joint_vq,openmarcie_printer__only_depth__qwen3_4b,qwen3_4b,only_depth,edge,lidar1,lidar1_depth,26312,105248,0,110006,1257984,0.28272000008655596,0.31128690002333315,0.012439999864000129,84,2.0672,10.0,4.48e-05
openmarcie_printer,cpu,joint_vq,openmarcie_printer__only_depth__qwen3_4b,qwen3_4b,only_depth,edge,rgbd_imu0,rgbd_imu0_depth,26312,105248,0,110006,1257984,0.2785809997476463,0.29244010011098,0.012439999864000129,84,2.0672,10.0,4.48e-05
openmarcie_printer,cpu,joint_vq,openmarcie_printer__only_depth__qwen3_4b,qwen3_4b,only_depth,edge,rgbd_imu1,rgbd_imu1_depth,26312,105248,0,110006,1257984,0.277269999969576,0.29004999987591873,0.01252999982170877,84,2.0672,10.0,4.48e-05
openmarcie_printer,cpu,joint_vq,openmarcie_printer__only_depth__qwen3_4b,qwen3_4b,only_depth,edge,room_rgbd0,room_rgbd0_depth,26312,105248,0,110006,1257984,0.2751209999587445,0.2897901003507286,0.012309999874560162,84,2.0672,10.0,4.48e-05
openmarcie_printer,cpu,joint_vq,openmarcie_printer__only_depth__qwen3_4b,qwen3_4b,only_depth,edge,room_rgbd1,room_rgbd1_depth,26312,105248,0,110006,1257984,0.2926799998022034,0.3014999998413259,0.012780999895767309,84,2.0672,10.0,4.48e-05
openmarcie_printer,cpu,joint_vq,openmarcie_printer__only_depth__qwen3_4b,qwen3_4b,only_depth,core,core,,34040,136160,0,148078,3168640,0.42690000009315554,0.44448689991440915,0.05290000035529374,,,,
openmarcie_printer,cpu,joint_vq,openmarcie_printer__only_depth__qwen3_4b,qwen3_4b,only_depth,core,core_language,,4029108736,8071498752,256,,894275304576,1439.85020800028,1442.7189157002886,0.9083710001505096,,,,
openmarcie_printer,cpu,deepconvlstm,openmarcie_printer__only_depth__qwen3_4b,qwen3_4b,only_depth,edge,lidar0,lidar0_depth,0,0,0,0,0,0.0005699998837371822,0.0009750001026986865,0.009280000085709617,6396,7.1168,10.0,0.0034112
openmarcie_printer,cpu,deepconvlstm,openmarcie_printer__only_depth__qwen3_4b,qwen3_4b,only_depth,edge,lidar1,lidar1_depth,0,0,0,0,0,0.000440000349044567,0.0006019998636475066,0.00915000009626965,6396,7.1168,10.0,0.0034112
openmarcie_printer,cpu,deepconvlstm,openmarcie_printer__only_depth__qwen3_4b,qwen3_4b,only_depth,edge,rgbd_imu0,rgbd_imu0_depth,0,0,0,0,0,0.00043000000005122274,0.0005649998001899803,0.008619999789516442,6396,7.1168,10.0,0.0034112
openmarcie_printer,cpu,deepconvlstm,openmarcie_printer__only_depth__qwen3_4b,qwen3_4b,only_depth,edge,rgbd_imu1,rgbd_imu1_depth,0,0,0,0,0,0.0004899998202745337,0.0005169999440113315,0.008539999726053793,6396,7.1168,10.0,0.0034112
openmarcie_printer,cpu,deepconvlstm,openmarcie_printer__only_depth__qwen3_4b,qwen3_4b,only_depth,edge,room_rgbd0,room_rgbd0_depth,0,0,0,0,0,0.0004899998202745337,0.0005979999059491092,0.008540000180801144,6396,7.1168,10.0,0.0034112
openmarcie_printer,cpu,deepconvlstm,openmarcie_printer__only_depth__qwen3_4b,qwen3_4b,only_depth,edge,room_rgbd1,room_rgbd1_depth,0,0,0,0,0,0.00041000021155923605,0.0006080001639929833,0.00855999996929313,6396,7.1168,10.0,0.0034112
openmarcie_printer,cpu,deepconvlstm,openmarcie_printer__only_depth__qwen3_4b,qwen3_4b,only_depth,core,core,,120716,482864,0,495525,7611136,0.8335409997926035,0.9442499999295251,0.03541000023687957,,,,
openmarcie_printer,cpu,deepconvlstm,openmarcie_printer__only_depth__qwen3_4b,qwen3_4b,only_depth,core,core_language,,4029108736,8071498752,256,,775730115712,1403.4529549999206,1414.7751727997274,0.7880809998823679,,,,
openmarcie_printer,cpu,unrestricted_bank,openmarcie_printer__only_depth__qwen3_4b,qwen3_4b,only_depth,edge,lidar0,lidar0_depth,26504,106016,0,111027,1339904,0.2134999999725551,0.23532499999419088,0.012829999832320027,84,2.0672,10.0,4.48e-05
openmarcie_printer,cpu,unrestricted_bank,openmarcie_printer__only_depth__qwen3_4b,qwen3_4b,only_depth,edge,lidar1,lidar1_depth,26504,106016,0,111027,1339904,0.21144099991943222,0.22867509978823364,0.012880000213044696,84,2.0672,10.0,4.48e-05
openmarcie_printer,cpu,unrestricted_bank,openmarcie_printer__only_depth__qwen3_4b,qwen3_4b,only_depth,edge,rgbd_imu0,rgbd_imu0_depth,26504,106016,0,111027,1339904,0.20895100033158087,0.22389910022866388,0.012760000117850723,84,2.0672,10.0,4.48e-05
openmarcie_printer,cpu,unrestricted_bank,openmarcie_printer__only_depth__qwen3_4b,qwen3_4b,only_depth,edge,rgbd_imu1,rgbd_imu1_depth,26504,106016,0,111027,1339904,0.21516100014196127,0.2249340999242122,0.012749999768857379,84,2.0672,10.0,4.48e-05
openmarcie_printer,cpu,unrestricted_bank,openmarcie_printer__only_depth__qwen3_4b,qwen3_4b,only_depth,edge,room_rgbd0,room_rgbd0_depth,26504,106016,0,111027,1339904,0.2336499996999919,0.2512728999590763,0.01720000000204891,84,2.0672,10.0,4.48e-05
openmarcie_printer,cpu,unrestricted_bank,openmarcie_printer__only_depth__qwen3_4b,qwen3_4b,only_depth,edge,room_rgbd1,room_rgbd1_depth,26504,106016,0,111027,1339904,0.23459000021830434,0.24619099990559334,0.012630000128410757,84,2.0672,10.0,4.48e-05
openmarcie_printer,cpu,unrestricted_bank,openmarcie_printer__only_depth__qwen3_4b,qwen3_4b,only_depth,core,core,,34040,136160,0,148078,3168640,0.4209199996694224,0.45085489987286564,0.05160000000614673,,,,
openmarcie_printer,cpu,unrestricted_bank,openmarcie_printer__only_depth__qwen3_4b,qwen3_4b,only_depth,core,core_language,,4029108736,8071498752,256,,894275304576,1439.85020800028,1442.7189157002886,1.1534909999681986,,,,
openmarcie_printer,cpu,separate_banks,openmarcie_printer__only_depth__qwen3_4b,qwen3_4b,only_depth,edge,lidar0,lidar0_depth,21224,84896,0,89907,1257984,0.20899999981338624,0.2259470002627495,0.012539999715954764,84,2.0672,10.0,4.48e-05
openmarcie_printer,cpu,separate_banks,openmarcie_printer__only_depth__qwen3_4b,qwen3_4b,only_depth,edge,lidar1,lidar1_depth,21224,84896,0,89907,1257984,0.21452000009958283,0.22208899986253527,0.012309999874560162,84,2.0672,10.0,4.48e-05
openmarcie_printer,cpu,separate_banks,openmarcie_printer__only_depth__qwen3_4b,qwen3_4b,only_depth,edge,rgbd_imu0,rgbd_imu0_depth,21224,84896,0,89907,1257984,0.21059099981357576,0.2246931000627228,0.012909999895782676,84,2.0672,10.0,4.48e-05
openmarcie_printer,cpu,separate_banks,openmarcie_printer__only_depth__qwen3_4b,qwen3_4b,only_depth,edge,rgbd_imu1,rgbd_imu1_depth,21224,84896,0,89907,1257984,0.20974100016246666,0.22312309984044987,0.012819999938074034,84,2.0672,10.0,4.48e-05
openmarcie_printer,cpu,separate_banks,openmarcie_printer__only_depth__qwen3_4b,qwen3_4b,only_depth,edge,room_rgbd0,room_rgbd0_depth,21224,84896,0,89907,1257984,0.2094510000461014,0.22955609983910108,0.013610000223707175,84,2.0672,10.0,4.48e-05
openmarcie_printer,cpu,separate_banks,openmarcie_printer__only_depth__qwen3_4b,qwen3_4b,only_depth,edge,room_rgbd1,room_rgbd1_depth,21224,84896,0,89907,1257984,0.2075809998132172,0.22319509962471784,0.012770000012096716,84,2.0672,10.0,4.48e-05
openmarcie_printer,cpu,separate_banks,openmarcie_printer__only_depth__qwen3_4b,qwen3_4b,only_depth,core,core,,34040,136160,0,149535,3168640,0.4438509999999951,0.4623091000212298,0.05216999988988391,,,,
openmarcie_printer,cpu,separate_banks,openmarcie_printer__only_depth__qwen3_4b,qwen3_4b,only_depth,core,core_language,,4029108736,8071498752,256,,894275304576,1439.85020800028,1442.7189157002886,1.5111020002223086,,,,
openmarcie_printer,cpu,fixed_resampling,openmarcie_printer__only_depth__qwen3_4b,qwen3_4b,only_depth,edge,lidar0,lidar0_depth,21224,84896,0,89907,983552,0.1686800001152733,0.18474499966032454,0.012929999684274662,84,2.0672,10.0,4.48e-05
openmarcie_printer,cpu,fixed_resampling,openmarcie_printer__only_depth__qwen3_4b,qwen3_4b,only_depth,edge,lidar1,lidar1_depth,21224,84896,0,89907,983552,0.16434000008302974,0.17820900034166698,0.013690000287169823,84,2.0672,10.0,4.48e-05
openmarcie_printer,cpu,fixed_resampling,openmarcie_printer__only_depth__qwen3_4b,qwen3_4b,only_depth,edge,rgbd_imu0,rgbd_imu0_depth,21224,84896,0,89907,983552,0.16568999990340672,0.17653499980951892,0.012439999864000129,84,2.0672,10.0,4.48e-05
openmarcie_printer,cpu,fixed_resampling,openmarcie_printer__only_depth__qwen3_4b,qwen3_4b,only_depth,edge,rgbd_imu1,rgbd_imu1_depth,21224,84896,0,89907,983552,0.1793799997358292,0.18074800000249525,0.012770000012096716,84,2.0672,10.0,4.48e-05
openmarcie_printer,cpu,fixed_resampling,openmarcie_printer__only_depth__qwen3_4b,qwen3_4b,only_depth,edge,room_rgbd0,room_rgbd0_depth,21224,84896,0,89907,983552,0.16544099980819738,0.1831160999245185,0.012519999927462777,84,2.0672,10.0,4.48e-05
openmarcie_printer,cpu,fixed_resampling,openmarcie_printer__only_depth__qwen3_4b,qwen3_4b,only_depth,edge,room_rgbd1,room_rgbd1_depth,21224,84896,0,89907,983552,0.27288100000077975,0.4263930997240095,0.012179999885120196,84,2.0672,10.0,4.48e-05
openmarcie_printer,cpu,fixed_resampling,openmarcie_printer__only_depth__qwen3_4b,qwen3_4b,only_depth,core,core,,34040,136160,0,148078,3168640,0.5245100001047831,0.5484508998506499,0.05129999999553547,,,,
openmarcie_printer,cpu,fixed_resampling,openmarcie_printer__only_depth__qwen3_4b,qwen3_4b,only_depth,core,core_language,,4029108736,8071498752,256,,894275304576,1439.85020800028,1442.7189157002886,1.5104320000318694,,,,
openmarcie_printer,cpu,finetune_encoders,openmarcie_printer__only_depth__qwen3_4b,qwen3_4b,only_depth,edge,lidar0,lidar0_depth,21224,84896,0,89907,1257984,0.20648000008804956,0.2262989000428206,0.012609999885171419,84,2.0672,10.0,4.48e-05
openmarcie_printer,cpu,finetune_encoders,openmarcie_printer__only_depth__qwen3_4b,qwen3_4b,only_depth,edge,lidar1,lidar1_depth,21224,84896,0,89907,1257984,0.20932999996148283,0.22603489969696966,0.012800000149582047,84,2.0672,10.0,4.48e-05
openmarcie_printer,cpu,finetune_encoders,openmarcie_printer__only_depth__qwen3_4b,qwen3_4b,only_depth,edge,rgbd_imu0,rgbd_imu0_depth,21224,84896,0,89907,1257984,0.20244000006641727,0.21792899997308268,0.012599999990925426,84,2.0672,10.0,4.48e-05
openmarcie_printer,cpu,finetune_encoders,openmarcie_printer__only_depth__qwen3_4b,qwen3_4b,only_depth,edge,rgbd_imu1,rgbd_imu1_depth,21224,84896,0,89907,1257984,0.2118599995810655,0.21622499966724718,0.012629999673663406,84,2.0672,10.0,4.48e-05
openmarcie_printer,cpu,finetune_encoders,openmarcie_printer__only_depth__qwen3_4b,qwen3_4b,only_depth,edge,room_rgbd0,room_rgbd0_depth,21224,84896,0,89907,1257984,0.34269100024175714,0.37583710004582827,0.012439999864000129,84,2.0672,10.0,4.48e-05
openmarcie_printer,cpu,finetune_encoders,openmarcie_printer__only_depth__qwen3_4b,qwen3_4b,only_depth,edge,room_rgbd1,room_rgbd1_depth,21224,84896,0,89907,1257984,0.23146099965742906,0.24699409991626453,0.012439999864000129,84,2.0672,10.0,4.48e-05
openmarcie_printer,cpu,finetune_encoders,openmarcie_printer__only_depth__qwen3_4b,qwen3_4b,only_depth,core,core,,34040,136160,0,148078,3168640,0.48106099984579487,0.5014810999909969,0.05016999966755975,,,,
openmarcie_printer,cpu,finetune_encoders,openmarcie_printer__only_depth__qwen3_4b,qwen3_4b,only_depth,core,core_language,,4029108736,8071498752,256,,894275304576,1439.85020800028,1442.7189157002886,1.0099410001203069,,,,
openmarcie_printer,cpu,no_alignment,openmarcie_printer__only_depth__qwen3_4b,qwen3_4b,only_depth,edge,lidar0,lidar0_depth,21224,84896,0,89907,1257984,0.24140000004990725,0.2583559999948193,0.012229999811097514,84,2.0672,10.0,4.48e-05
openmarcie_printer,cpu,no_alignment,openmarcie_printer__only_depth__qwen3_4b,qwen3_4b,only_depth,edge,lidar1,lidar1_depth,21224,84896,0,89907,1257984,0.24633000020912732,0.24978600008580543,0.012549999610200757,84,2.0672,10.0,4.48e-05
openmarcie_printer,cpu,no_alignment,openmarcie_printer__only_depth__qwen3_4b,qwen3_4b,only_depth,edge,rgbd_imu0,rgbd_imu0_depth,21224,84896,0,89907,1257984,0.23194000004878035,0.2445580000312475,0.01252999982170877,84,2.0672,10.0,4.48e-05
openmarcie_printer,cpu,no_alignment,openmarcie_printer__only_depth__qwen3_4b,qwen3_4b,only_depth,edge,rgbd_imu1,rgbd_imu1_depth,21224,84896,0,89907,1257984,0.23134999992180383,0.24855890005710535,0.012559999959194101,84,2.0672,10.0,4.48e-05
openmarcie_printer,cpu,no_alignment,openmarcie_printer__only_depth__qwen3_4b,qwen3_4b,only_depth,edge,room_rgbd0,room_rgbd0_depth,21224,84896,0,89907,1257984,0.24174999998649582,0.2523880000353529,0.012280000191822182,84,2.0672,10.0,4.48e-05
openmarcie_printer,cpu,no_alignment,openmarcie_printer__only_depth__qwen3_4b,qwen3_4b,only_depth,edge,room_rgbd1,room_rgbd1_depth,21224,84896,0,89907,1257984,0.23247000035553356,0.24640199994792056,0.012480000350478804,84,2.0672,10.0,4.48e-05
openmarcie_printer,cpu,no_alignment,openmarcie_printer__only_depth__qwen3_4b,qwen3_4b,only_depth,core,core,,34040,136160,0,148078,3168640,0.4980909998266725,0.5257741001059912,0.05129000010128948,,,,
openmarcie_printer,cpu,no_alignment,openmarcie_printer__only_depth__qwen3_4b,qwen3_4b,only_depth,core,core_language,,4029108736,8071498752,256,,894275304576,1439.85020800028,1442.7189157002886,0.992731000224012,,,,
openmarcie_printer,cpu,no_usage,openmarcie_printer__only_depth__qwen3_4b,qwen3_4b,only_depth,edge,lidar0,lidar0_depth,21224,84896,0,89907,1257984,0.2401609999651555,0.26347909974901995,0.012890000107290689,84,2.0672,10.0,4.48e-05
openmarcie_printer,cpu,no_usage,openmarcie_printer__only_depth__qwen3_4b,qwen3_4b,only_depth,edge,lidar1,lidar1_depth,21224,84896,0,89907,1257984,0.24104000021907268,0.24998690014399472,0.012460000107239466,84,2.0672,10.0,4.48e-05
openmarcie_printer,cpu,no_usage,openmarcie_printer__only_depth__qwen3_4b,qwen3_4b,only_depth,edge,rgbd_imu0,rgbd_imu0_depth,21224,84896,0,89907,1257984,0.23491999991165358,0.2484379997895303,0.015520000033575343,84,2.0672,10.0,4.48e-05
openmarcie_printer,cpu,no_usage,openmarcie_printer__only_depth__qwen3_4b,qwen3_4b,only_depth,edge,rgbd_imu1,rgbd_imu1_depth,21224,84896,0,89907,1257984,0.24649000033605262,0.2484880000793055,0.012369999694783473,84,2.0672,10.0,4.48e-05
openmarcie_printer,cpu,no_usage,openmarcie_printer__only_depth__qwen3_4b,qwen3_4b,only_depth,edge,room_rgbd0,room_rgbd0_depth,21224,84896,0,89907,1257984,0.45313000009628013,0.5504478998318518,0.012770000012096716,84,2.0672,10.0,4.48e-05
openmarcie_printer,cpu,no_usage,openmarcie_printer__only_depth__qwen3_4b,qwen3_4b,only_depth,edge,room_rgbd1,room_rgbd1_depth,21224,84896,0,89907,1257984,0.23603099998581456,0.2558210998358845,0.01244000031874748,84,2.0672,10.0,4.48e-05
openmarcie_printer,cpu,no_usage,openmarcie_printer__only_depth__qwen3_4b,qwen3_4b,only_depth,core,core,,34040,136160,0,148078,3168640,0.4808710000361316,0.5108310999730747,0.05163000014363206,,,,
openmarcie_printer,cpu,no_usage,openmarcie_printer__only_depth__qwen3_4b,qwen3_4b,only_depth,core,core_language,,4029108736,8071498752,256,,894275304576,1439.85020800028,1442.7189157002886,1.141771000220615,,,,
openmarcie_printer,cpu,tcn,openmarcie_printer__only_depth__qwen3_4b,qwen3_4b,only_depth,edge,lidar0,lidar0_depth,0,0,0,0,0,0.0005500000952451956,0.0007569999525003368,0.0088400001914124,6396,7.1168,10.0,0.0034112
openmarcie_printer,cpu,tcn,openmarcie_printer__only_depth__qwen3_4b,qwen3_4b,only_depth,edge,lidar1,lidar1_depth,0,0,0,0,0,0.000470000031782547,0.0006139997367426986,0.008479999905830482,6396,7.1168,10.0,0.0034112
openmarcie_printer,cpu,tcn,openmarcie_printer__only_depth__qwen3_4b,qwen3_4b,only_depth,edge,rgbd_imu0,rgbd_imu0_depth,0,0,0,0,0,0.0004000003173132427,0.0005440000222733943,0.008410000191361178,6396,7.1168,10.0,0.0034112
openmarcie_printer,cpu,tcn,openmarcie_printer__only_depth__qwen3_4b,qwen3_4b,only_depth,edge,rgbd_imu1,rgbd_imu1_depth,0,0,0,0,0,0.0004199996510578785,0.000501000022268272,0.008380000053875847,6396,7.1168,10.0,0.0034112
openmarcie_printer,cpu,tcn,openmarcie_printer__only_depth__qwen3_4b,qwen3_4b,only_depth,edge,room_rgbd0,room_rgbd0_depth,0,0,0,0,0,0.00043000000005122274,0.0005200002760830102,0.008380000053875847,6396,7.1168,10.0,0.0034112
openmarcie_printer,cpu,tcn,openmarcie_printer__only_depth__qwen3_4b,qwen3_4b,only_depth,edge,room_rgbd1,room_rgbd1_depth,0,0,0,0,0,0.0004900002750218846,0.005197000018597464,0.008399999842367833,6396,7.1168,10.0,0.0034112
openmarcie_printer,cpu,tcn,openmarcie_printer__only_depth__qwen3_4b,qwen3_4b,only_depth,core,core,,52632,210528,0,224729,3257472,0.9687709998615901,1.029736999726083,0.036330000057205325,,,,
openmarcie_printer,cpu,tcn,openmarcie_printer__only_depth__qwen3_4b,qwen3_4b,only_depth,core,core_language,,4029108736,8071498752,256,,775730115712,1403.4529549999206,1414.7751727997274,1.072960999863426,,,,
openmarcie_printer,cpu,ts_transformer,openmarcie_printer__only_depth__qwen3_4b,qwen3_4b,only_depth,edge,lidar0,lidar0_depth,0,0,0,0,0,0.0005100000635138713,0.0007620002634212142,0.008959999831859022,6396,7.1168,10.0,0.0034112
openmarcie_printer,cpu,ts_transformer,openmarcie_printer__only_depth__qwen3_4b,qwen3_4b,only_depth,edge,lidar1,lidar1_depth,0,0,0,0,0,0.00043000000005122274,0.0005649998001899803,0.008450000223092502,6396,7.1168,10.0,0.0034112
openmarcie_printer,cpu,ts_transformer,openmarcie_printer__only_depth__qwen3_4b,qwen3_4b,only_depth,edge,rgbd_imu0,rgbd_imu0_depth,0,0,0,0,0,0.00040999975681188516,0.0005270001565804705,0.008490000254823826,6396,7.1168,10.0,0.0034112
openmarcie_printer,cpu,ts_transformer,openmarcie_printer__only_depth__qwen3_4b,qwen3_4b,only_depth,edge,rgbd_imu1,rgbd_imu1_depth,0,0,0,0,0,0.0004200001058052294,0.00047399994400620926,0.008340000022144523,6396,7.1168,10.0,0.0034112
openmarcie_printer,cpu,ts_transformer,openmarcie_printer__only_depth__qwen3_4b,qwen3_4b,only_depth,edge,room_rgbd0,room_rgbd0_depth,0,0,0,0,0,0.0004200001058052294,0.0005370000963011989,0.008340000022144523,6396,7.1168,10.0,0.0034112
openmarcie_printer,cpu,ts_transformer,openmarcie_printer__only_depth__qwen3_4b,qwen3_4b,only_depth,edge,room_rgbd1,room_rgbd1_depth,0,0,0,0,0,0.00041000021155923605,0.0004640000497602159,0.008409999736613827,6396,7.1168,10.0,0.0034112
openmarcie_printer,cpu,ts_transformer,openmarcie_printer__only_depth__qwen3_4b,qwen3_4b,only_depth,core,core,,65496,261984,0,279797,4306048,0.8911210002224834,1.0043220997886237,0.03598000012061675,,,,
openmarcie_printer,cpu,ts_transformer,openmarcie_printer__only_depth__qwen3_4b,qwen3_4b,only_depth,core,core_language,,4029108736,8071498752,256,,775730115712,1403.4529549999206,1414.7751727997274,1.3858310003342922,,,,
openmarcie_printer,cpu,patchtst,openmarcie_printer__only_depth__qwen3_4b,qwen3_4b,only_depth,edge,lidar0,lidar0_depth,0,0,0,0,0,0.0005100000635138713,0.0007710001682426082,0.00911999995878432,6396,7.1168,10.0,0.0034112
openmarcie_printer,cpu,patchtst,openmarcie_printer__only_depth__qwen3_4b,qwen3_4b,only_depth,edge,lidar1,lidar1_depth,0,0,0,0,0,0.0005100000635138713,0.0006270000540098408,0.008519999937561806,6396,7.1168,10.0,0.0034112
openmarcie_printer,cpu,patchtst,openmarcie_printer__only_depth__qwen3_4b,qwen3_4b,only_depth,edge,rgbd_imu0,rgbd_imu0_depth,0,0,0,0,0,0.000470000031782547,0.0005599998985417187,0.008490000254823826,6396,7.1168,10.0,0.0034112
openmarcie_printer,cpu,patchtst,openmarcie_printer__only_depth__qwen3_4b,qwen3_4b,only_depth,edge,rgbd_imu1,rgbd_imu1_depth,0,0,0,0,0,0.000470000031782547,0.0005599998985417187,0.008750000233703759,6396,7.1168,10.0,0.0034112
openmarcie_printer,cpu,patchtst,openmarcie_printer__only_depth__qwen3_4b,qwen3_4b,only_depth,edge,room_rgbd0,room_rgbd0_depth,0,0,0,0,0,0.00041000021155923605,0.0005630002306133974,0.008569999863539124,6396,7.1168,10.0,0.0034112
openmarcie_printer,cpu,patchtst,openmarcie_printer__only_depth__qwen3_4b,qwen3_4b,only_depth,edge,room_rgbd1,room_rgbd1_depth,0,0,0,0,0,0.0005199999577598646,0.0006280000434344402,0.008590000106778461,6396,7.1168,10.0,0.0034112
openmarcie_printer,cpu,patchtst,openmarcie_printer__only_depth__qwen3_4b,qwen3_4b,only_depth,core,core,,53272,213088,0,230901,139966848,2.6145520000682154,2.801797899928715,0.03649000018413062,,,,
openmarcie_printer,cpu,patchtst,openmarcie_printer__only_depth__qwen3_4b,qwen3_4b,only_depth,core,core_language,,4029108736,8071498752,256,,591107827712,1376.2016709997624,1382.8183062999415,0.5467910000334086,,,,
openmarcie_printer,cpu,distrixsense,openmarcie_printer__only_imu__qwen3_4b,qwen3_4b,only_imu,edge,camera_imu_gateway,camera_imu,10268,41072,0,46195,562432,0.2145509997717454,0.23189310013549402,0.012789999800588703,82,2.0656,10.0,4.373333333333333e-05
openmarcie_printer,cpu,distrixsense,openmarcie_printer__only_imu__qwen3_4b,qwen3_4b,only_imu,edge,imu_gateway,imu,10268,41072,0,46195,562432,0.2136209996024263,0.2385231002335786,0.012620000234164763,82,2.0656,10.0,4.373333333333333e-05
openmarcie_printer,cpu,distrixsense,openmarcie_printer__only_imu__qwen3_4b,qwen3_4b,only_imu,core,core,,29688,118752,0,130670,958592,0.28982000003452413,0.29883890001656255,0.017419999949197518,,,,
openmarcie_printer,cpu,distrixsense,openmarcie_printer__only_imu__qwen3_4b,qwen3_4b,only_imu,core,core_language,,4029108736,8071498752,256,,598584731776,1365.3680319998784,1392.2720164000566,0.5987300000924733,,,,
openmarcie_printer,cpu,dense,openmarcie_printer__only_imu__qwen3_4b,qwen3_4b,only_imu,edge,camera_imu_gateway,camera_imu,6836,27344,0,30477,430848,0.16654999990350916,0.17477600008533045,0.00866999971549376,4324,5.4592,10.0,0.0023061333333333333
openmarcie_printer,cpu,dense,openmarcie_printer__only_imu__qwen3_4b,qwen3_4b,only_imu,edge,imu_gateway,imu,6836,27344,0,30477,430848,0.15094099990164977,0.16388210015065852,0.008600000001024455,4324,5.4592,10.0,0.0023061333333333333
openmarcie_printer,cpu,dense,openmarcie_printer__only_imu__qwen3_4b,qwen3_4b,only_imu,core,core,,27640,110560,0,122161,4469888,0.2661700000317069,0.292098999625523,0.012120000064896885,,,,
openmarcie_printer,cpu,dense,openmarcie_printer__only_imu__qwen3_4b,qwen3_4b,only_imu,core,core_language,,4029108736,8071498752,256,,953767313536,1456.824762999986,1456.8868270001076,1.1609719999796653,,,,
openmarcie_printer,cpu,dense_tokens,openmarcie_printer__only_imu__qwen3_4b,qwen3_4b,only_imu,edge,camera_imu_gateway,camera_imu,9212,36848,0,41465,546048,0.2287610000166751,0.23592409997945651,0.008949999937613029,1100,2.88,10.0,0.0005866666666666667
openmarcie_printer,cpu,dense_tokens,openmarcie_printer__only_imu__qwen3_4b,qwen3_4b,only_imu,edge,imu_gateway,imu,9212,36848,0,41465,546048,0.20313999993959442,0.22086999988459866,0.008749999778956408,1100,2.88,10.0,0.0005866666666666667
openmarcie_printer,cpu,dense_tokens,openmarcie_printer__only_imu__qwen3_4b,qwen3_4b,only_imu,core,core,,27640,110560,0,122161,958592,0.25358999982927344,0.25370789981025155,0.01168000017059967,,,,
openmarcie_printer,cpu,dense_tokens,openmarcie_printer__only_imu__qwen3_4b,qwen3_4b,only_imu,core,core_language,,4029108736,8071498752,256,,598584731776,1365.3680319998784,1392.2720164000566,0.8263810000244121,,,,
openmarcie_printer,cpu,raw,openmarcie_printer__only_imu__qwen3_4b,qwen3_4b,only_imu,edge,camera_imu_gateway,camera_imu,0,0,0,0,0,0.000529999852005858,0.0008450002042081906,0.011379999705241062,15444,14.3552,10.0,0.0082368
openmarcie_printer,cpu,raw,openmarcie_printer__only_imu__qwen3_4b,qwen3_4b,only_imu,edge,imu_gateway,imu,0,0,0,0,0,0.0004399998942972161,0.0006200000370881753,0.010859999747481197,15444,14.3552,10.0,0.0082368
openmarcie_printer,cpu,raw,openmarcie_printer__only_imu__qwen3_4b,qwen3_4b,only_imu,core,core,,41312,165248,0,181889,5331584,0.6442809999498422,0.6579429999419517,0.012749999768857379,,,,
openmarcie_printer,cpu,raw,openmarcie_printer__only_imu__qwen3_4b,qwen3_4b,only_imu,core,core_language,,4029108736,8071498752,256,,953767313536,1456.824762999986,1456.8868270001076,1.207961000091018,,,,
openmarcie_printer,cpu,early_fusion,openmarcie_printer__only_imu__qwen3_4b,qwen3_4b,only_imu,edge,camera_imu_gateway,camera_imu,0,0,0,0,0,0.000529999852005858,0.0008089997663773829,0.014589999864256242,15444,14.3552,10.0,0.0082368
openmarcie_printer,cpu,early_fusion,openmarcie_printer__only_imu__qwen3_4b,qwen3_4b,only_imu,edge,imu_gateway,imu,0,0,0,0,0,0.0005399997462518513,0.000620999708189629,0.014369999917107634,15444,14.3552,10.0,0.0082368
openmarcie_printer,cpu,early_fusion,openmarcie_printer__only_imu__qwen3_4b,qwen3_4b,only_imu,core,core,,30016,120064,0,134867,2142848,0.6175799999255105,0.6400898996616888,0.012739999874611385,,,,
openmarcie_printer,cpu,early_fusion,openmarcie_printer__only_imu__qwen3_4b,qwen3_4b,only_imu,core,core_language,,4029108736,8071498752,256,,716676935808,1399.8039619996234,1405.6795274001615,0.7869609999033855,,,,
openmarcie_printer,cpu,late_fusion,openmarcie_printer__only_imu__qwen3_4b,qwen3_4b,only_imu,edge,camera_imu_gateway,camera_imu,7232,28928,0,32453,431616,0.17196099997818237,0.19122009971397347,0.008029999662539922,96,2.0768,10.0,5.12e-05
openmarcie_printer,cpu,late_fusion,openmarcie_printer__only_imu__qwen3_4b,qwen3_4b,only_imu,edge,imu_gateway,imu,7232,28928,0,32453,431616,0.16826000000946806,0.18544100003055064,0.008170000000973232,96,2.0768,10.0,5.12e-05
openmarcie_printer,cpu,late_fusion,openmarcie_printer__only_imu__qwen3_4b,qwen3_4b,only_imu,core,core,,0,0,0,0,0,0.032390000342275016,0.035846899800162646,0.011000000085914508,,,,
openmarcie_printer,cpu,late_fusion,openmarcie_printer__only_imu__qwen3_4b,qwen3_4b,only_imu,core,core_language,,4022468096,8044936192,256,,605731039488,1367.6060029997643,1369.0499828002885,0.19968100014011725,,,,
openmarcie_printer,cpu,local_only,openmarcie_printer__only_imu__qwen3_4b,qwen3_4b,only_imu,edge,camera_imu_gateway,camera_imu,7232,28928,0,32453,431616,0.1741599999149912,0.19777689981310687,0.007840000307623995,52,2.0416,10.0,2.7733333333333334e-05
openmarcie_printer,cpu,local_only,openmarcie_printer__only_imu__qwen3_4b,qwen3_4b,only_imu,edge,imu_gateway,imu,7232,28928,0,32453,431616,0.17809000019042287,0.18035799994322588,0.007919999916339293,52,2.0416,10.0,2.7733333333333334e-05
openmarcie_printer,cpu,local_only,openmarcie_printer__only_imu__qwen3_4b,qwen3_4b,only_imu,core,core,,0,0,0,0,0,0.03741000000445638,0.04464600001483632,0.011320000339765102,,,,
openmarcie_printer,cpu,local_only,openmarcie_printer__only_imu__qwen3_4b,qwen3_4b,only_imu,core,core_language,,4022468096,8044936192,256,,605731039488,1367.6060029997643,1369.0499828002885,0.18253100006404566,,,,
openmarcie_printer,cpu,bottleneck,openmarcie_printer__only_imu__qwen3_4b,qwen3_4b,only_imu,edge,camera_imu_gateway,camera_imu,6968,27872,0,31429,439040,0.17419000005247653,0.1933239998834324,0.00850000014906982,684,2.5472,10.0,0.0003648
openmarcie_printer,cpu,bottleneck,openmarcie_printer__only_imu__qwen3_4b,qwen3_4b,only_imu,edge,imu_gateway,imu,6968,27872,0,31429,439040,0.16974000027403235,0.1790469000752637,0.00825000006443588,684,2.5472,10.0,0.0003648
openmarcie_printer,cpu,bottleneck,openmarcie_printer__only_imu__qwen3_4b,qwen3_4b,only_imu,core,core,,27960,111840,0,124581,4486272,0.2735409998422256,0.29024410000602074,0.011710000308085,,,,
openmarcie_printer,cpu,bottleneck,openmarcie_printer__only_imu__qwen3_4b,qwen3_4b,only_imu,core,core_language,,4029108736,8071498752,256,,953767313536,1456.824762999986,1456.8868270001076,1.0831409999809694,,,,
openmarcie_printer,cpu,tokenlearner,openmarcie_printer__only_imu__qwen3_4b,qwen3_4b,only_imu,edge,camera_imu_gateway,camera_imu,8156,32624,0,36671,529664,0.19874000008712756,0.21701000005123205,0.008320000233652536,1100,2.88,10.0,0.0005866666666666667
openmarcie_printer,cpu,tokenlearner,openmarcie_printer__only_imu__qwen3_4b,qwen3_4b,only_imu,edge,imu_gateway,imu,8156,32624,0,36671,529664,0.19429999974818202,0.2111480000166921,0.008409999736613827,1100,2.88,10.0,0.0005866666666666667
openmarcie_printer,cpu,tokenlearner,openmarcie_printer__only_imu__qwen3_4b,qwen3_4b,only_imu,core,core,,27640,110560,0,122161,958592,0.22203000025911024,0.24384690036640677,0.012259999948582845,,,,
openmarcie_printer,cpu,tokenlearner,openmarcie_printer__only_imu__qwen3_4b,qwen3_4b,only_imu,core,core_language,,4029108736,8071498752,256,,598584731776,1365.3680319998784,1392.2720164000566,0.5138409997016424,,,,
openmarcie_printer,cpu,posthoc_vq,openmarcie_printer__only_imu__qwen3_4b,qwen3_4b,only_imu,edge,camera_imu_gateway,camera_imu,8884,35536,0,38921,496384,0.2552299997660157,0.26332190013818035,0.01401999998051906,196,2.1568,10.0,0.00010453333333333333
openmarcie_printer,cpu,posthoc_vq,openmarcie_printer__only_imu__qwen3_4b,qwen3_4b,only_imu,edge,imu_gateway,imu,8884,35536,0,38921,496384,0.2465100001245446,0.2653388999078743,0.01300999974773731,196,2.1568,10.0,0.00010453333333333333
openmarcie_printer,cpu,posthoc_vq,openmarcie_printer__only_imu__qwen3_4b,qwen3_4b,only_imu,core,core,,29688,118752,0,130670,4469888,0.31304000003729016,0.32739499965828145,0.018419999832985923,,,,
openmarcie_printer,cpu,posthoc_vq,openmarcie_printer__only_imu__qwen3_4b,qwen3_4b,only_imu,core,core_language,,4029108736,8071498752,256,,953767313536,1456.824762999986,1456.8868270001076,1.078410999980406,,,,
openmarcie_printer,cpu,joint_vq,openmarcie_printer__only_imu__qwen3_4b,qwen3_4b,only_imu,edge,camera_imu_gateway,camera_imu,11260,45040,0,49910,562432,0.2951599999505561,0.30044300015106273,0.012340000012045493,82,2.0656,10.0,4.373333333333333e-05
openmarcie_printer,cpu,joint_vq,openmarcie_printer__only_imu__qwen3_4b,qwen3_4b,only_imu,edge,imu_gateway,imu,11260,45040,0,49910,562432,0.2937099998234771,0.2974819000428397,0.012250000054336851,82,2.0656,10.0,4.373333333333333e-05
openmarcie_printer,cpu,joint_vq,openmarcie_printer__only_imu__qwen3_4b,qwen3_4b,only_imu,core,core,,29688,118752,0,130670,958592,0.2778200000648212,0.29315599995243247,0.017700000171316788,,,,
openmarcie_printer,cpu,joint_vq,openmarcie_printer__only_imu__qwen3_4b,qwen3_4b,only_imu,core,core_language,,4029108736,8071498752,256,,598584731776,1365.3680319998784,1392.2720164000566,0.5127700001139601,,,,
openmarcie_printer,cpu,deepconvlstm,openmarcie_printer__only_imu__qwen3_4b,qwen3_4b,only_imu,edge,camera_imu_gateway,camera_imu,0,0,0,0,0,0.0005100000635138713,0.0007620002634212142,0.010969999948429177,15444,14.3552,10.0,0.0082368
openmarcie_printer,cpu,deepconvlstm,openmarcie_printer__only_imu__qwen3_4b,qwen3_4b,only_imu,edge,imu_gateway,imu,0,0,0,0,0,0.0004399998942972161,0.0006110001322667813,0.010621000001265202,15444,14.3552,10.0,0.0082368
openmarcie_printer,cpu,deepconvlstm,openmarcie_printer__only_imu__qwen3_4b,qwen3_4b,only_imu,core,core,,40180,160720,0,168661,2500864,0.444459999926039,0.47229699980562145,0.012830000287067378,,,,
openmarcie_printer,cpu,deepconvlstm,openmarcie_printer__only_imu__qwen3_4b,qwen3_4b,only_imu,core,core_language,,4029108736,8071498752,256,,716676935808,1399.8039619996234,1405.6795274001615,0.7081010003275878,,,,
openmarcie_printer,cpu,unrestricted_bank,openmarcie_printer__only_imu__qwen3_4b,qwen3_4b,only_imu,edge,camera_imu_gateway,camera_imu,11324,45296,0,50419,578816,0.22115000001576846,0.23297600018850062,0.012539999715954764,82,2.0656,10.0,4.373333333333333e-05
openmarcie_printer,cpu,unrestricted_bank,openmarcie_printer__only_imu__qwen3_4b,qwen3_4b,only_imu,edge,imu_gateway,imu,11324,45296,0,50419,578816,0.21158100025786553,0.2263311002025148,0.012660000265896088,82,2.0656,10.0,4.373333333333333e-05
openmarcie_printer,cpu,unrestricted_bank,openmarcie_printer__only_imu__qwen3_4b,qwen3_4b,only_imu,core,core,,29688,118752,0,130670,958592,0.23306999992200872,0.2534648999244382,0.01784999994924874,,,,
openmarcie_printer,cpu,unrestricted_bank,openmarcie_printer__only_imu__qwen3_4b,qwen3_4b,only_imu,core,core_language,,4029108736,8071498752,256,,598584731776,1365.3680319998784,1392.2720164000566,0.5135599999448459,,,,
openmarcie_printer,cpu,separate_banks,openmarcie_printer__only_imu__qwen3_4b,qwen3_4b,only_imu,edge,camera_imu_gateway,camera_imu,10268,41072,0,46195,562432,0.21604100038530305,0.23484110006393166,0.012909999895782676,82,2.0656,10.0,4.373333333333333e-05
openmarcie_printer,cpu,separate_banks,openmarcie_printer__only_imu__qwen3_4b,qwen3_4b,only_imu,edge,imu_gateway,imu,10268,41072,0,46195,562432,0.21077999963381444,0.22531589979735145,0.016080000023066532,82,2.0656,10.0,4.373333333333333e-05
openmarcie_printer,cpu,separate_banks,openmarcie_printer__only_imu__qwen3_4b,qwen3_4b,only_imu,core,core,,29688,118752,0,130923,958592,0.2806600000440085,0.30731890010429197,0.017250000382773578,,,,
openmarcie_printer,cpu,separate_banks,openmarcie_printer__only_imu__qwen3_4b,qwen3_4b,only_imu,core,core_language,,4029108736,8071498752,256,,598584731776,1365.3680319998784,1392.2720164000566,0.49891000026036636,,,,
openmarcie_printer,cpu,fixed_resampling,openmarcie_printer__only_imu__qwen3_4b,qwen3_4b,only_imu,edge,camera_imu_gateway,camera_imu,10268,41072,0,46195,532992,0.1430699999218632,0.15889199999037373,0.013159999980416615,82,2.0656,10.0,4.373333333333333e-05
openmarcie_printer,cpu,fixed_resampling,openmarcie_printer__only_imu__qwen3_4b,qwen3_4b,only_imu,edge,imu_gateway,imu,10268,41072,0,46195,532992,0.14121000003797235,0.1538729999538191,0.012720000086119398,82,2.0656,10.0,4.373333333333333e-05
openmarcie_printer,cpu,fixed_resampling,openmarcie_printer__only_imu__qwen3_4b,qwen3_4b,only_imu,core,core,,29688,118752,0,130670,958592,0.2679700000953744,0.2933409998604475,0.017490000118414173,,,,
openmarcie_printer,cpu,fixed_resampling,openmarcie_printer__only_imu__qwen3_4b,qwen3_4b,only_imu,core,core_language,,4029108736,8071498752,256,,598584731776,1365.3680319998784,1392.2720164000566,0.508210000134568,,,,
openmarcie_printer,cpu,finetune_encoders,openmarcie_printer__only_imu__qwen3_4b,qwen3_4b,only_imu,edge,camera_imu_gateway,camera_imu,10268,41072,0,46195,562432,0.21276000006764662,0.23258789992723905,0.012739999874611385,82,2.0656,10.0,4.373333333333333e-05
openmarcie_printer,cpu,finetune_encoders,openmarcie_printer__only_imu__qwen3_4b,qwen3_4b,only_imu,edge,imu_gateway,imu,10268,41072,0,46195,562432,0.21250999998301268,0.22517299989885942,0.01261000033991877,82,2.0656,10.0,4.373333333333333e-05
openmarcie_printer,cpu,finetune_encoders,openmarcie_printer__only_imu__qwen3_4b,qwen3_4b,only_imu,core,core,,29688,118752,0,130670,958592,0.2719600001910294,0.29874490014663024,0.017410000054951524,,,,
openmarcie_printer,cpu,finetune_encoders,openmarcie_printer__only_imu__qwen3_4b,qwen3_4b,only_imu,core,core_language,,4029108736,8071498752,256,,598584731776,1365.3680319998784,1392.2720164000566,0.5343799998627219,,,,
openmarcie_printer,cpu,no_alignment,openmarcie_printer__only_imu__qwen3_4b,qwen3_4b,only_imu,edge,camera_imu_gateway,camera_imu,10268,41072,0,46195,562432,0.21933000016360893,0.2264580000883143,0.012511000022641383,82,2.0656,10.0,4.373333333333333e-05
openmarcie_printer,cpu,no_alignment,openmarcie_printer__only_imu__qwen3_4b,qwen3_4b,only_imu,edge,imu_gateway,imu,10268,41072,0,46195,562432,0.20954999990863143,0.22544400003425835,0.012490000244724797,82,2.0656,10.0,4.373333333333333e-05
openmarcie_printer,cpu,no_alignment,openmarcie_printer__only_imu__qwen3_4b,qwen3_4b,only_imu,core,core,,29688,118752,0,130670,958592,0.27365999994799495,0.288969000121142,0.017219999790540896,,,,
openmarcie_printer,cpu,no_alignment,openmarcie_printer__only_imu__qwen3_4b,qwen3_4b,only_imu,core,core_language,,4029108736,8071498752,256,,598584731776,1365.3680319998784,1392.2720164000566,0.5128799998601608,,,,
openmarcie_printer,cpu,no_usage,openmarcie_printer__only_imu__qwen3_4b,qwen3_4b,only_imu,edge,camera_imu_gateway,camera_imu,10268,41072,0,46195,562432,0.21167100021557417,0.2291930999035685,0.012599999990925426,82,2.0656,10.0,4.373333333333333e-05
openmarcie_printer,cpu,no_usage,openmarcie_printer__only_imu__qwen3_4b,qwen3_4b,only_imu,edge,imu_gateway,imu,10268,41072,0,46195,562432,0.2133200000571378,0.2253259999633883,0.012629999673663406,82,2.0656,10.0,4.373333333333333e-05
openmarcie_printer,cpu,no_usage,openmarcie_printer__only_imu__qwen3_4b,qwen3_4b,only_imu,core,core,,29688,118752,0,130670,958592,0.26823999996850034,0.29357589969549736,0.01757000018187682,,,,
openmarcie_printer,cpu,no_usage,openmarcie_printer__only_imu__qwen3_4b,qwen3_4b,only_imu,core,core_language,,4029108736,8071498752,256,,598584731776,1365.3680319998784,1392.2720164000566,0.5149309999978868,,,,
openmarcie_printer,cpu,tcn,openmarcie_printer__only_imu__qwen3_4b,qwen3_4b,only_imu,edge,camera_imu_gateway,camera_imu,0,0,0,0,0,0.0005500000952451956,0.0008200001047953265,0.010900000233959872,15444,14.3552,10.0,0.0082368
openmarcie_printer,cpu,tcn,openmarcie_printer__only_imu__qwen3_4b,qwen3_4b,only_imu,edge,imu_gateway,imu,0,0,0,0,0,0.0004599996827892028,0.0005679997684637783,0.010549999842623947,15444,14.3552,10.0,0.0082368
openmarcie_printer,cpu,tcn,openmarcie_printer__only_imu__qwen3_4b,qwen3_4b,only_imu,core,core,,15872,63488,0,72905,956800,0.49278000005870126,0.4940048997923441,0.012680000054388074,,,,
openmarcie_printer,cpu,tcn,openmarcie_printer__only_imu__qwen3_4b,qwen3_4b,only_imu,core,core_language,,4029108736,8071498752,256,,716676935808,1399.8039619996234,1405.6795274001615,0.7068200002322556,,,,
openmarcie_printer,cpu,ts_transformer,openmarcie_printer__only_imu__qwen3_4b,qwen3_4b,only_imu,edge,camera_imu_gateway,camera_imu,0,0,0,0,0,0.0005899996722291689,0.0007430001005559461,0.011760000234062318,15444,14.3552,10.0,0.0082368
openmarcie_printer,cpu,ts_transformer,openmarcie_printer__only_imu__qwen3_4b,qwen3_4b,only_imu,edge,imu_gateway,imu,0,0,0,0,0,0.0004900002750218846,0.0005530000180442585,0.011130000075354474,15444,14.3552,10.0,0.0082368
openmarcie_printer,cpu,ts_transformer,openmarcie_printer__only_imu__qwen3_4b,qwen3_4b,only_imu,core,core,,28736,114944,0,127973,2005376,0.5013909999433963,0.5342040999948949,0.012739999874611385,,,,
openmarcie_printer,cpu,ts_transformer,openmarcie_printer__only_imu__qwen3_4b,qwen3_4b,only_imu,core,core_language,,4029108736,8071498752,256,,716676935808,1399.8039619996234,1405.6795274001615,0.6959709999136976,,,,
openmarcie_printer,cpu,patchtst,openmarcie_printer__only_imu__qwen3_4b,qwen3_4b,only_imu,edge,camera_imu_gateway,camera_imu,0,0,0,0,0,0.0005399997462518513,0.0008279999747173861,0.011059999906137818,15444,14.3552,10.0,0.0082368
openmarcie_printer,cpu,patchtst,openmarcie_printer__only_imu__qwen3_4b,qwen3_4b,only_imu,edge,imu_gateway,imu,0,0,0,0,0,0.000470000031782547,0.0006050002411939204,0.01053000005413196,15444,14.3552,10.0,0.0082368
openmarcie_printer,cpu,patchtst,openmarcie_printer__only_imu__qwen3_4b,qwen3_4b,only_imu,core,core,,27648,110592,0,123621,14472832,0.6611110002268106,0.6929160998879524,0.01264000002265675,,,,
openmarcie_printer,cpu,patchtst,openmarcie_printer__only_imu__qwen3_4b,qwen3_4b,only_imu,core,core_language,,4029108736,8071498752,256,,532290577408,1347.337074999814,1349.1339267999138,0.5238409999037685,,,,
openmarcie_printer,cpu,distrixsense,openmarcie_printer__only_magnetometer__qwen3_4b,qwen3_4b,only_magnetometer,edge,magnetometer_gateway,magnetometer,7594,30376,0,35571,393088,0.21476000028997078,0.23632490019735997,0.01250000013897079,81,2.0648,10.0,4.32e-05
openmarcie_printer,cpu,distrixsense,openmarcie_printer__only_magnetometer__qwen3_4b,qwen3_4b,only_magnetometer,core,core,,28600,114400,0,126318,488000,0.2394499997535604,0.2606180001748726,0.009900000350171467,,,,
openmarcie_printer,cpu,distrixsense,openmarcie_printer__only_magnetometer__qwen3_4b,qwen3_4b,only_magnetometer,core,core_language,,4029108736,8071498752,256,,524957000576,1347.9546459998346,1350.2324046997728,0.49758100021790597,,,,
openmarcie_printer,cpu,dense,openmarcie_printer__only_magnetometer__qwen3_4b,qwen3_4b,only_magnetometer,edge,magnetometer_gateway,magnetometer,4162,16648,0,19853,261504,0.14564999992217054,0.16777199966782064,0.00867000017024111,4324,5.4592,10.0,0.0023061333333333333
openmarcie_printer,cpu,dense,openmarcie_printer__only_magnetometer__qwen3_4b,qwen3_4b,only_magnetometer,core,core,,27576,110304,0,121905,1997888,0.20989999984522,0.23837690032451064,0.006640000265178969,,,,
openmarcie_printer,cpu,dense,openmarcie_printer__only_magnetometer__qwen3_4b,qwen3_4b,only_magnetometer,core,core_language,,4029108736,8071498752,256,,701925437312,1385.2588899999319,1389.6424876003493,0.7631899998159497,,,,
openmarcie_printer,cpu,dense_tokens,openmarcie_printer__only_magnetometer__qwen3_4b,qwen3_4b,only_magnetometer,edge,magnetometer_gateway,magnetometer,6538,26152,0,30841,376704,0.1998399998228706,0.2205040002536407,0.008479999905830482,1100,2.88,10.0,0.0005866666666666667
openmarcie_printer,cpu,dense_tokens,openmarcie_printer__only_magnetometer__qwen3_4b,qwen3_4b,only_magnetometer,core,core,,27576,110304,0,121905,488000,0.1978800000870251,0.22415099974750774,0.0064299997575290035,,,,
openmarcie_printer,cpu,dense_tokens,openmarcie_printer__only_magnetometer__qwen3_4b,qwen3_4b,only_magnetometer,core,core_language,,4029108736,8071498752,256,,524957000576,1347.9546459998346,1350.2324046997728,0.4164809997746488,,,,
openmarcie_printer,cpu,raw,openmarcie_printer__only_magnetometer__qwen3_4b,qwen3_4b,only_magnetometer,edge,magnetometer_gateway,magnetometer,0,0,0,0,0,0.0005199999577598646,0.0007810000624886015,0.011539999832166359,884,2.7072000000000003,10.0,0.00047146666666666667
openmarcie_printer,cpu,raw,openmarcie_printer__only_magnetometer__qwen3_4b,qwen3_4b,only_magnetometer,core,core,,31738,126952,0,141209,2259392,0.42949099997713347,0.4462391000743082,0.006230000053619733,,,,
openmarcie_printer,cpu,raw,openmarcie_printer__only_magnetometer__qwen3_4b,qwen3_4b,only_magnetometer,core,core_language,,4029108736,8071498752,256,,701925437312,1385.2588899999319,1389.6424876003493,0.6962900001781236,,,,
openmarcie_printer,cpu,early_fusion,openmarcie_printer__only_magnetometer__qwen3_4b,qwen3_4b,only_magnetometer,edge,magnetometer_gateway,magnetometer,0,0,0,0,0,0.000470000031782547,0.000757999850975466,0.008320000233652536,884,2.7072000000000003,10.0,0.00047146666666666667
openmarcie_printer,cpu,early_fusion,openmarcie_printer__only_magnetometer__qwen3_4b,qwen3_4b,only_magnetometer,core,core,,27898,111592,0,125215,2015680,0.4135999997743056,0.4397270001391007,0.006360000043059699,,,,
openmarcie_printer,cpu,early_fusion,openmarcie_printer__only_magnetometer__qwen3_4b,qwen3_4b,only_magnetometer,core,core_language,,4029108736,8071498752,256,,701925437312,1385.2588899999319,1389.6424876003493,0.7093899998835695,,,,
openmarcie_printer,cpu,late_fusion,openmarcie_printer__only_magnetometer__qwen3_4b,qwen3_4b,only_magnetometer,edge,magnetometer_gateway,magnetometer,4558,18232,0,21829,262272,0.15882999969107914,0.17350899997836677,0.00810999972600257,96,2.0768,10.0,5.12e-05
openmarcie_printer,cpu,late_fusion,openmarcie_printer__only_magnetometer__qwen3_4b,qwen3_4b,only_magnetometer,core,core,,0,0,0,0,0,0.02327999982298934,0.02995800000462623,0.005719999990105862,,,,
openmarcie_printer,cpu,late_fusion,openmarcie_printer__only_magnetometer__qwen3_4b,qwen3_4b,only_magnetometer,core,core_language,,4022468096,8044936192,256,,591014930432,1376.2016709997624,1382.8183062999415,0.16411000024163513,,,,
openmarcie_printer,cpu,local_only,openmarcie_printer__only_magnetometer__qwen3_4b,qwen3_4b,only_magnetometer,edge,magnetometer_gateway,magnetometer,4558,18232,0,21829,262272,0.16907999997783918,0.1739849996738485,0.0079100000220933,52,2.0416,10.0,2.7733333333333334e-05
openmarcie_printer,cpu,local_only,openmarcie_printer__only_magnetometer__qwen3_4b,qwen3_4b,only_magnetometer,core,core,,0,0,0,0,0,0.027399999908084283,0.035050899623456644,0.005869999768037815,,,,
openmarcie_printer,cpu,local_only,openmarcie_printer__only_magnetometer__qwen3_4b,qwen3_4b,only_magnetometer,core,core_language,,4022468096,8044936192,256,,591014930432,1376.2016709997624,1382.8183062999415,0.1700600000731356,,,,
openmarcie_printer,cpu,bottleneck,openmarcie_printer__only_magnetometer__qwen3_4b,qwen3_4b,only_magnetometer,edge,magnetometer_gateway,magnetometer,4294,17176,0,20805,269696,0.16181000000869972,0.17783090002012614,0.008070000149018597,684,2.5472,10.0,0.0003648
openmarcie_printer,cpu,bottleneck,openmarcie_printer__only_magnetometer__qwen3_4b,qwen3_4b,only_magnetometer,core,core,,27736,110944,0,123115,2006080,0.21169999990888755,0.23653100006413297,0.006369999937305693,,,,
openmarcie_printer,cpu,bottleneck,openmarcie_printer__only_magnetometer__qwen3_4b,qwen3_4b,only_magnetometer,core,core_language,,4029108736,8071498752,256,,701925437312,1385.2588899999319,1389.6424876003493,0.6992810003794148,,,,
openmarcie_printer,cpu,tokenlearner,openmarcie_printer__only_magnetometer__qwen3_4b,qwen3_4b,only_magnetometer,edge,magnetometer_gateway,magnetometer,5482,21928,0,26047,360320,0.1975099999071972,0.20382800021252478,0.00819000024421257,1100,2.88,10.0,0.0005866666666666667
openmarcie_printer,cpu,tokenlearner,openmarcie_printer__only_magnetometer__qwen3_4b,qwen3_4b,only_magnetometer,core,core,,27576,110304,0,121905,488000,0.19609999981184956,0.22009399981470779,0.006260000191105064,,,,
openmarcie_printer,cpu,tokenlearner,openmarcie_printer__only_magnetometer__qwen3_4b,qwen3_4b,only_magnetometer,core,core_language,,4029108736,8071498752,256,,524957000576,1347.9546459998346,1350.2324046997728,0.40592100003777887,,,,
openmarcie_printer,cpu,posthoc_vq,openmarcie_printer__only_magnetometer__qwen3_4b,qwen3_4b,only_magnetometer,edge,magnetometer_gateway,magnetometer,5186,20744,0,24201,327040,0.23538999994343612,0.25154499976451916,0.013219999800639926,192,2.1536,10.0,0.0001024
openmarcie_printer,cpu,posthoc_vq,openmarcie_printer__only_magnetometer__qwen3_4b,qwen3_4b,only_magnetometer,core,core,,28600,114400,0,126318,1997888,0.24815000006128685,0.263098999948852,0.010310000106983352,,,,
openmarcie_printer,cpu,posthoc_vq,openmarcie_printer__only_magnetometer__qwen3_4b,qwen3_4b,only_magnetometer,core,core_language,,4029108736,8071498752,256,,701925437312,1385.2588899999319,1389.6424876003493,0.6948109999029839,,,,
openmarcie_printer,cpu,joint_vq,openmarcie_printer__only_magnetometer__qwen3_4b,qwen3_4b,only_magnetometer,edge,magnetometer_gateway,magnetometer,7562,30248,0,35190,393088,0.274720000106754,0.29516799995690235,0.012480000350478804,81,2.0648,10.0,4.32e-05
openmarcie_printer,cpu,joint_vq,openmarcie_printer__only_magnetometer__qwen3_4b,qwen3_4b,only_magnetometer,core,core,,28600,114400,0,126318,488000,0.23491100000683218,0.2495531002750795,0.010209999800281366,,,,
openmarcie_printer,cpu,joint_vq,openmarcie_printer__only_magnetometer__qwen3_4b,qwen3_4b,only_magnetometer,core,core_language,,4029108736,8071498752,256,,524957000576,1347.9546459998346,1350.2324046997728,0.40631000001667417,,,,
openmarcie_printer,cpu,deepconvlstm,openmarcie_printer__only_magnetometer__qwen3_4b,qwen3_4b,only_magnetometer,edge,magnetometer_gateway,magnetometer,0,0,0,0,0,0.0005400002009992022,0.0007559999630757375,0.008459999662591144,884,2.7072000000000003,10.0,0.00047146666666666667
openmarcie_printer,cpu,deepconvlstm,openmarcie_printer__only_magnetometer__qwen3_4b,qwen3_4b,only_magnetometer,core,core,,33806,135224,0,142049,2097280,0.31974000012269244,0.34262699996361334,0.006310000117082382,,,,
openmarcie_printer,cpu,deepconvlstm,openmarcie_printer__only_magnetometer__qwen3_4b,qwen3_4b,only_magnetometer,core,core_language,,4029108736,8071498752,256,,701925437312,1385.2588899999319,1389.6424876003493,0.690430999839009,,,,
openmarcie_printer,cpu,unrestricted_bank,openmarcie_printer__only_magnetometer__qwen3_4b,qwen3_4b,only_magnetometer,edge,magnetometer_gateway,magnetometer,7594,30376,0,35571,393088,0.2017100000557548,0.21821599984832574,0.012420000075508142,81,2.0648,10.0,4.32e-05
openmarcie_printer,cpu,unrestricted_bank,openmarcie_printer__only_magnetometer__qwen3_4b,qwen3_4b,only_magnetometer,core,core,,28600,114400,0,126318,488000,0.20047999987582443,0.22284499991656048,0.010030000339611433,,,,
openmarcie_printer,cpu,unrestricted_bank,openmarcie_printer__only_magnetometer__qwen3_4b,qwen3_4b,only_magnetometer,core,core_language,,4029108736,8071498752,256,,524957000576,1347.9546459998346,1350.2324046997728,0.4075500000908505,,,,
openmarcie_printer,cpu,separate_banks,openmarcie_printer__only_magnetometer__qwen3_4b,qwen3_4b,only_magnetometer,edge,magnetometer_gateway,magnetometer,7594,30376,0,35571,393088,0.2007699999921897,0.2179608999085758,0.012290000086068176,81,2.0648,10.0,4.32e-05
openmarcie_printer,cpu,separate_banks,openmarcie_printer__only_magnetometer__qwen3_4b,qwen3_4b,only_magnetometer,core,core,,28600,114400,0,126318,488000,0.23349999992205994,0.25233790001948364,0.009849999969446799,,,,
openmarcie_printer,cpu,separate_banks,openmarcie_printer__only_magnetometer__qwen3_4b,qwen3_4b,only_magnetometer,core,core_language,,4029108736,8071498752,256,,524957000576,1347.9546459998346,1350.2324046997728,0.4005600003438303,,,,
openmarcie_printer,cpu,fixed_resampling,openmarcie_printer__only_magnetometer__qwen3_4b,qwen3_4b,only_magnetometer,edge,magnetometer_gateway,magnetometer,7594,30376,0,35571,389632,0.133550000100513,0.1488059000166686,0.012710000191873405,81,2.0648,10.0,4.32e-05
openmarcie_printer,cpu,fixed_resampling,openmarcie_printer__only_magnetometer__qwen3_4b,qwen3_4b,only_magnetometer,core,core,,28600,114400,0,126318,488000,0.2250510001431394,0.24557009965064935,0.010109999948326731,,,,
openmarcie_printer,cpu,fixed_resampling,openmarcie_printer__only_magnetometer__qwen3_4b,qwen3_4b,only_magnetometer,core,core_language,,4029108736,8071498752,256,,524957000576,1347.9546459998346,1350.2324046997728,0.4043400003865827,,,,
openmarcie_printer,cpu,finetune_encoders,openmarcie_printer__only_magnetometer__qwen3_4b,qwen3_4b,only_magnetometer,edge,magnetometer_gateway,magnetometer,7594,30376,0,35571,393088,0.20532000007733586,0.2256959998703678,0.012569999853440095,81,2.0648,10.0,4.32e-05
openmarcie_printer,cpu,finetune_encoders,openmarcie_printer__only_magnetometer__qwen3_4b,qwen3_4b,only_magnetometer,core,core,,28600,114400,0,126318,488000,0.22371999966708245,0.24598689992672007,0.010070000371342758,,,,
openmarcie_printer,cpu,finetune_encoders,openmarcie_printer__only_magnetometer__qwen3_4b,qwen3_4b,only_magnetometer,core,core_language,,4029108736,8071498752,256,,524957000576,1347.9546459998346,1350.2324046997728,0.39929000013216864,,,,
openmarcie_printer,cpu,no_alignment,openmarcie_printer__only_magnetometer__qwen3_4b,qwen3_4b,only_magnetometer,edge,magnetometer_gateway,magnetometer,7594,30376,0,35571,393088,0.20062000021425774,0.21817899992129242,0.012200000128359534,81,2.0648,10.0,4.32e-05
openmarcie_printer,cpu,no_alignment,openmarcie_printer__only_magnetometer__qwen3_4b,qwen3_4b,only_magnetometer,core,core,,28600,114400,0,126318,488000,0.23201999965749565,0.2474009998877591,0.009830000180954812,,,,
openmarcie_printer,cpu,no_alignment,openmarcie_printer__only_magnetometer__qwen3_4b,qwen3_4b,only_magnetometer,core,core_language,,4029108736,8071498752,256,,524957000576,1347.9546459998346,1350.2324046997728,0.4012599997622601,,,,
openmarcie_printer,cpu,no_usage,openmarcie_printer__only_magnetometer__qwen3_4b,qwen3_4b,only_magnetometer,edge,magnetometer_gateway,magnetometer,7594,30376,0,35571,393088,0.20932000006723683,0.21673600022040773,0.012599999990925426,81,2.0648,10.0,4.32e-05
openmarcie_printer,cpu,no_usage,openmarcie_printer__only_magnetometer__qwen3_4b,qwen3_4b,only_magnetometer,core,core,,28600,114400,0,126318,488000,0.22463999994215555,0.2495079001164413,0.009899999895424116,,,,
openmarcie_printer,cpu,no_usage,openmarcie_printer__only_magnetometer__qwen3_4b,qwen3_4b,only_magnetometer,core,core_language,,4029108736,8071498752,256,,524957000576,1347.9546459998346,1350.2324046997728,0.4077599996890058,,,,
openmarcie_printer,cpu,tcn,openmarcie_printer__only_magnetometer__qwen3_4b,qwen3_4b,only_magnetometer,edge,magnetometer_gateway,magnetometer,0,0,0,0,0,0.0005000001692678779,0.0007790000836394029,0.00835999981063651,884,2.7072000000000003,10.0,0.00047146666666666667
openmarcie_printer,cpu,tcn,openmarcie_printer__only_magnetometer__qwen3_4b,qwen3_4b,only_magnetometer,core,core,,13786,55144,0,63445,829632,0.34697099999903,0.377516099888453,0.006310000117082382,,,,
openmarcie_printer,cpu,tcn,openmarcie_printer__only_magnetometer__qwen3_4b,qwen3_4b,only_magnetometer,core,core_language,,4029108736,8071498752,256,,701925437312,1385.2588899999319,1389.6424876003493,0.6975610003792099,,,,
openmarcie_printer,cpu,ts_transformer,openmarcie_printer__only_magnetometer__qwen3_4b,qwen3_4b,only_magnetometer,edge,magnetometer_gateway,magnetometer,0,0,0,0,0,0.000499999714520527,0.0009049999334820313,0.008579999757785117,884,2.7072000000000003,10.0,0.00047146666666666667
openmarcie_printer,cpu,ts_transformer,openmarcie_printer__only_magnetometer__qwen3_4b,qwen3_4b,only_magnetometer,core,core,,26650,106600,0,118385,1878208,0.3683009999804199,0.40319309973710915,0.0064000000747910235,,,,
openmarcie_printer,cpu,ts_transformer,openmarcie_printer__only_magnetometer__qwen3_4b,qwen3_4b,only_magnetometer,core,core_language,,4029108736,8071498752,256,,701925437312,1385.2588899999319,1389.6424876003493,0.6969010000830167,,,,
openmarcie_printer,cpu,patchtst,openmarcie_printer__only_magnetometer__qwen3_4b,qwen3_4b,only_magnetometer,edge,magnetometer_gateway,magnetometer,0,0,0,0,0,0.0005000001692678779,0.000751999959902605,0.008429999979853164,884,2.7072000000000003,10.0,0.00047146666666666667
openmarcie_printer,cpu,patchtst,openmarcie_printer__only_magnetometer__qwen3_4b,qwen3_4b,only_magnetometer,core,core,,26682,106728,0,118513,2170816,0.4422800002430449,0.4685699001129251,0.0064000000747910235,,,,
openmarcie_printer,cpu,patchtst,openmarcie_printer__only_magnetometer__qwen3_4b,qwen3_4b,only_magnetometer,core,core_language,,4029108736,8071498752,256,,517598061312,1346.553424999911,1346.8643029999384,0.5266100001790619,,,,
openmarcie_printer,cpu,distrixsense,openmarcie_printer__only_rgb__qwen3_4b,qwen3_4b,only_rgb,edge,lidar0,lidar0_rgb,75112,300448,0,305459,4690432,0.24296099991261144,0.25570410020918644,0.012829999832320027,84,2.0672,10.0,4.48e-05
openmarcie_printer,cpu,distrixsense,openmarcie_printer__only_rgb__qwen3_4b,qwen3_4b,only_rgb,edge,lidar1,lidar1_rgb,75112,300448,0,305459,4690432,0.23716000032436568,0.2420739999251964,0.012520000382210128,84,2.0672,10.0,4.48e-05
openmarcie_printer,cpu,distrixsense,openmarcie_printer__only_rgb__qwen3_4b,qwen3_4b,only_rgb,edge,rgbd_imu0,rgbd_imu0_rgb,75112,300448,0,305459,4690432,0.23569999984829337,0.24171290010599478,0.012760000117850723,84,2.0672,10.0,4.48e-05
openmarcie_printer,cpu,distrixsense,openmarcie_printer__only_rgb__qwen3_4b,qwen3_4b,only_rgb,edge,rgbd_imu1,rgbd_imu1_rgb,75112,300448,0,305459,4690432,0.22825999985798262,0.24280399993585888,0.012519999927462777,84,2.0672,10.0,4.48e-05
openmarcie_printer,cpu,distrixsense,openmarcie_printer__only_rgb__qwen3_4b,qwen3_4b,only_rgb,edge,room_rgbd0,room_rgbd0_rgb,75112,300448,0,305459,4690432,0.23211000006995164,0.24081390010906034,0.012650000371650094,84,2.0672,10.0,4.48e-05
openmarcie_printer,cpu,distrixsense,openmarcie_printer__only_rgb__qwen3_4b,qwen3_4b,only_rgb,edge,room_rgbd1,room_rgbd1_rgb,75112,300448,0,305459,4690432,0.23299999975279206,0.24353000012524717,0.012739999874611385,84,2.0672,10.0,4.48e-05
openmarcie_printer,cpu,distrixsense,openmarcie_printer__only_rgb__qwen3_4b,qwen3_4b,only_rgb,core,core,,34040,136160,0,148078,3168640,0.42761000031532603,0.4579489999287034,0.051389999953244114,,,,
openmarcie_printer,cpu,distrixsense,openmarcie_printer__only_rgb__qwen3_4b,qwen3_4b,only_rgb,core,core_language,,4029108736,8071498752,256,,894275304576,1439.85020800028,1442.7189157002886,0.9075009998014139,,,,
openmarcie_printer,cpu,dense,openmarcie_printer__only_rgb__qwen3_4b,qwen3_4b,only_rgb,edge,lidar0,lidar0_rgb,71680,286720,0,289741,4558848,0.17350000007354538,0.18840400002773094,0.009089999821298989,4324,5.4592,10.0,0.0023061333333333333
openmarcie_printer,cpu,dense,openmarcie_printer__only_rgb__qwen3_4b,qwen3_4b,only_rgb,edge,lidar1,lidar1_rgb,71680,286720,0,289741,4558848,0.169739999819285,0.18196199989688466,0.008820000402920414,4324,5.4592,10.0,0.0023061333333333333
openmarcie_printer,cpu,dense,openmarcie_printer__only_rgb__qwen3_4b,qwen3_4b,only_rgb,edge,rgbd_imu0,rgbd_imu0_rgb,71680,286720,0,289741,4558848,0.16837000021041604,0.18075489979310078,0.008870000328897731,4324,5.4592,10.0,0.0023061333333333333
openmarcie_printer,cpu,dense,openmarcie_printer__only_rgb__qwen3_4b,qwen3_4b,only_rgb,edge,rgbd_imu1,rgbd_imu1_rgb,71680,286720,0,289741,4558848,0.16937999998845044,0.18212399986623495,0.008970000180852367,4324,5.4592,10.0,0.0023061333333333333
openmarcie_printer,cpu,dense,openmarcie_printer__only_rgb__qwen3_4b,qwen3_4b,only_rgb,edge,room_rgbd0,room_rgbd0_rgb,71680,286720,0,289741,4558848,0.16782000011517084,0.18324599986954127,0.008850000085658394,4324,5.4592,10.0,0.0023061333333333333
openmarcie_printer,cpu,dense,openmarcie_printer__only_rgb__qwen3_4b,qwen3_4b,only_rgb,edge,room_rgbd1,room_rgbd1_rgb,71680,286720,0,289741,4558848,0.16963099960776162,0.18842210020011407,0.009070000032807002,4324,5.4592,10.0,0.0023061333333333333
openmarcie_printer,cpu,dense,openmarcie_printer__only_rgb__qwen3_4b,qwen3_4b,only_rgb,core,core,,27896,111584,0,123185,19600768,0.5248699999356177,0.5396759001087048,0.03582999988793745,,,,
openmarcie_printer,cpu,dense,openmarcie_printer__only_rgb__qwen3_4b,qwen3_4b,only_rgb,core,core_language,,4029108736,8071498752,256,,1974771549312,1909.007604999715,1910.771671600287,2.630021999721066,,,,
openmarcie_printer,cpu,dense_tokens,openmarcie_printer__only_rgb__qwen3_4b,qwen3_4b,only_rgb,edge,lidar0,lidar0_rgb,74056,296224,0,300729,4674048,0.22474999968835618,0.25678999973024474,0.008439999874099158,1100,2.88,10.0,0.0005866666666666667
openmarcie_printer,cpu,dense_tokens,openmarcie_printer__only_rgb__qwen3_4b,qwen3_4b,only_rgb,edge,lidar1,lidar1_rgb,74056,296224,0,300729,4674048,0.22282000008999603,0.24319689987351012,0.008420000085607171,1100,2.88,10.0,0.0005866666666666667
openmarcie_printer,cpu,dense_tokens,openmarcie_printer__only_rgb__qwen3_4b,qwen3_4b,only_rgb,edge,rgbd_imu0,rgbd_imu0_rgb,74056,296224,0,300729,4674048,0.22244000001592212,0.23206099976960104,0.00808000004326459,1100,2.88,10.0,0.0005866666666666667
openmarcie_printer,cpu,dense_tokens,openmarcie_printer__only_rgb__qwen3_4b,qwen3_4b,only_rgb,edge,rgbd_imu1,rgbd_imu1_rgb,74056,296224,0,300729,4674048,0.2174399996874854,0.2310930001840461,0.008399999842367833,1100,2.88,10.0,0.0005866666666666667
openmarcie_printer,cpu,dense_tokens,openmarcie_printer__only_rgb__qwen3_4b,qwen3_4b,only_rgb,edge,room_rgbd0,room_rgbd0_rgb,74056,296224,0,300729,4674048,0.21870999989914708,0.23999589989216474,0.00808000004326459,1100,2.88,10.0,0.0005866666666666667
openmarcie_printer,cpu,dense_tokens,openmarcie_printer__only_rgb__qwen3_4b,qwen3_4b,only_rgb,edge,room_rgbd1,room_rgbd1_rgb,74056,296224,0,300729,4674048,0.22911000041858642,0.2342130000670295,0.00825000006443588,1100,2.88,10.0,0.0005866666666666667
openmarcie_printer,cpu,dense_tokens,openmarcie_printer__only_rgb__qwen3_4b,qwen3_4b,only_rgb,core,core,,27896,111584,0,123185,3168640,0.3673700002764235,0.3685039997435524,0.034920000416605035,,,,
openmarcie_printer,cpu,dense_tokens,openmarcie_printer__only_rgb__qwen3_4b,qwen3_4b,only_rgb,core,core_language,,4029108736,8071498752,256,,894275304576,1439.85020800028,1442.7189157002886,0.9056909998435003,,,,
openmarcie_printer,cpu,raw,openmarcie_printer__only_rgb__qwen3_4b,qwen3_4b,only_rgb,edge,lidar0,lidar0_rgb,0,0,0,0,0,0.00046000013753655367,0.0007210002422652906,0.011110000286862487,18908,17.1264,10.0,0.010084266666666666
openmarcie_printer,cpu,raw,openmarcie_printer__only_rgb__qwen3_4b,qwen3_4b,only_rgb,edge,lidar1,lidar1_rgb,0,0,0,0,0,0.00043000000005122274,0.0006370002665789798,0.010680000286811264,18908,17.1264,10.0,0.010084266666666666
openmarcie_printer,cpu,raw,openmarcie_printer__only_rgb__qwen3_4b,qwen3_4b,only_rgb,edge,rgbd_imu0,rgbd_imu0_rgb,0,0,0,0,0,0.000470000031782547,0.0006230000508367084,0.010960000054183183,18908,17.1264,10.0,0.010084266666666666
openmarcie_printer,cpu,raw,openmarcie_printer__only_rgb__qwen3_4b,qwen3_4b,only_rgb,edge,rgbd_imu1,rgbd_imu1_rgb,0,0,0,0,0,0.000440000349044567,0.0005929999588261126,0.00988000010693213,18908,17.1264,10.0,0.010084266666666666
openmarcie_printer,cpu,raw,openmarcie_printer__only_rgb__qwen3_4b,qwen3_4b,only_rgb,edge,room_rgbd0,room_rgbd0_rgb,0,0,0,0,0,0.00047999992602854036,0.0005609998879663181,0.009820000286708819,18908,17.1264,10.0,0.010084266666666666
openmarcie_printer,cpu,raw,openmarcie_printer__only_rgb__qwen3_4b,qwen3_4b,only_rgb,edge,room_rgbd1,room_rgbd1_rgb,0,0,0,0,0,0.0004399998942972161,0.0005840000085299835,0.010029999884864083,18908,17.1264,10.0,0.010084266666666666
openmarcie_printer,cpu,raw,openmarcie_printer__only_rgb__qwen3_4b,qwen3_4b,only_rgb,core,core,,457976,1831904,0,1858337,46953856,1.5168909999374591,1.5407779002543975,0.039200000173877925,,,,
openmarcie_printer,cpu,raw,openmarcie_printer__only_rgb__qwen3_4b,qwen3_4b,only_rgb,core,core_language,,4029108736,8071498752,256,,1974771549312,1909.007604999715,1910.771671600287,2.634042999943631,,,,
openmarcie_printer,cpu,early_fusion,openmarcie_printer__only_rgb__qwen3_4b,qwen3_4b,only_rgb,edge,lidar0,lidar0_rgb,0,0,0,0,0,0.0006299997039604932,0.000917999932426028,0.011130000075354474,18908,17.1264,10.0,0.010084266666666666
openmarcie_printer,cpu,early_fusion,openmarcie_printer__only_rgb__qwen3_4b,qwen3_4b,only_rgb,edge,lidar1,lidar1_rgb,0,0,0,0,0,0.0005000001692678779,0.0006169997504912317,0.010969999948429177,18908,17.1264,10.0,0.010084266666666666
openmarcie_printer,cpu,early_fusion,openmarcie_printer__only_rgb__qwen3_4b,qwen3_4b,only_rgb,edge,rgbd_imu0,rgbd_imu0_rgb,0,0,0,0,0,0.0004900002750218846,0.0005979999514238443,0.00993999992715544,18908,17.1264,10.0,0.010084266666666666
openmarcie_printer,cpu,early_fusion,openmarcie_printer__only_rgb__qwen3_4b,qwen3_4b,only_rgb,edge,rgbd_imu1,rgbd_imu1_rgb,0,0,0,0,0,0.000440000349044567,0.0005840000540047185,0.009959999715647427,18908,17.1264,10.0,0.010084266666666666
openmarcie_printer,cpu,early_fusion,openmarcie_printer__only_rgb__qwen3_4b,qwen3_4b,only_rgb,edge,room_rgbd0,room_rgbd0_rgb,0,0,0,0,0,0.0004199996510578785,0.0005640001745632617,0.009779999800230144,18908,17.1264,10.0,0.010084266666666666
openmarcie_printer,cpu,early_fusion,openmarcie_printer__only_rgb__qwen3_4b,qwen3_4b,only_rgb,edge,room_rgbd1,room_rgbd1_rgb,0,0,0,0,0,0.000440000349044567,0.0005570003395405365,0.009870000212686136,18908,17.1264,10.0,0.010084266666666666
openmarcie_printer,cpu,early_fusion,openmarcie_printer__only_rgb__qwen3_4b,qwen3_4b,only_rgb,core,core,,291928,1167712,0,1187299,18746752,1.055861000168079,1.078063999875667,0.03920999961337657,,,,
openmarcie_printer,cpu,early_fusion,openmarcie_printer__only_rgb__qwen3_4b,qwen3_4b,only_rgb,core,core_language,,4029108736,8071498752,256,,775730115712,1403.4529549999206,1414.7751727997274,0.7165799997892464,,,,
openmarcie_printer,cpu,late_fusion,openmarcie_printer__only_rgb__qwen3_4b,qwen3_4b,only_rgb,edge,lidar0,lidar0_rgb,72076,288304,0,291717,4559616,0.18851000004360685,0.20209100007377856,0.00841999963085982,96,2.0768,10.0,5.12e-05
openmarcie_printer,cpu,late_fusion,openmarcie_printer__only_rgb__qwen3_4b,qwen3_4b,only_rgb,edge,lidar1,lidar1_rgb,72076,288304,0,291717,4559616,0.19273999987490242,0.1953598999989481,0.008010000328795286,96,2.0768,10.0,5.12e-05
openmarcie_printer,cpu,late_fusion,openmarcie_printer__only_rgb__qwen3_4b,qwen3_4b,only_rgb,edge,rgbd_imu0,rgbd_imu0_rgb,72076,288304,0,291717,4559616,0.18428099974698853,0.20043509998686204,0.007869999990361976,96,2.0768,10.0,5.12e-05
openmarcie_printer,cpu,late_fusion,openmarcie_printer__only_rgb__qwen3_4b,qwen3_4b,only_rgb,edge,rgbd_imu1,rgbd_imu1_rgb,72076,288304,0,291717,4559616,0.18175000013798126,0.20275600022614526,0.008060000254772604,96,2.0768,10.0,5.12e-05
openmarcie_printer,cpu,late_fusion,openmarcie_printer__only_rgb__qwen3_4b,qwen3_4b,only_rgb,edge,room_rgbd0,room_rgbd0_rgb,72076,288304,0,291717,4559616,0.1791200002116966,0.19321400013723178,0.008010000328795286,96,2.0768,10.0,5.12e-05
openmarcie_printer,cpu,late_fusion,openmarcie_printer__only_rgb__qwen3_4b,qwen3_4b,only_rgb,edge,room_rgbd1,room_rgbd1_rgb,72076,288304,0,291717,4559616,0.1793500000530912,0.19323700012137124,0.007959999948070617,96,2.0768,10.0,5.12e-05
openmarcie_printer,cpu,late_fusion,openmarcie_printer__only_rgb__qwen3_4b,qwen3_4b,only_rgb,core,core,,0,0,0,0,0,0.05054000030213501,0.05657900028381846,0.03467999977146974,,,,
openmarcie_printer,cpu,late_fusion,openmarcie_printer__only_rgb__qwen3_4b,qwen3_4b,only_rgb,core,core_language,,4022468096,8044936192,256,,664642661632,1506.3538260001224,1533.1048743002157,0.17949099992620177,,,,
openmarcie_printer,cpu,local_only,openmarcie_printer__only_rgb__qwen3_4b,qwen3_4b,only_rgb,edge,lidar0,lidar0_rgb,72076,288304,0,291717,4559616,0.19209999982194859,0.2210269000443077,0.00804999990577926,52,2.0416,10.0,2.7733333333333334e-05
openmarcie_printer,cpu,local_only,openmarcie_printer__only_rgb__qwen3_4b,qwen3_4b,only_rgb,edge,lidar1,lidar1_rgb,72076,288304,0,291717,4559616,0.1844199996412499,0.1997568999286159,0.007669999831705354,52,2.0416,10.0,2.7733333333333334e-05
openmarcie_printer,cpu,local_only,openmarcie_printer__only_rgb__qwen3_4b,qwen3_4b,only_rgb,edge,rgbd_imu0,rgbd_imu0_rgb,72076,288304,0,291717,4559616,0.1836409996940347,0.19645610004772607,0.0079100000220933,52,2.0416,10.0,2.7733333333333334e-05
openmarcie_printer,cpu,local_only,openmarcie_printer__only_rgb__qwen3_4b,qwen3_4b,only_rgb,edge,rgbd_imu1,rgbd_imu1_rgb,72076,288304,0,291717,4559616,0.1798900002540904,0.1934890000939049,0.00886999987415038,52,2.0416,10.0,2.7733333333333334e-05
openmarcie_printer,cpu,local_only,openmarcie_printer__only_rgb__qwen3_4b,qwen3_4b,only_rgb,edge,room_rgbd0,room_rgbd0_rgb,72076,288304,0,291717,4559616,0.18414999976812396,0.1976320000267151,0.007829999958630651,52,2.0416,10.0,2.7733333333333334e-05
openmarcie_printer,cpu,local_only,openmarcie_printer__only_rgb__qwen3_4b,qwen3_4b,only_rgb,edge,room_rgbd1,room_rgbd1_rgb,72076,288304,0,291717,4559616,0.1878299999589217,0.19761299963647616,0.007850000201869989,52,2.0416,10.0,2.7733333333333334e-05
openmarcie_printer,cpu,local_only,openmarcie_printer__only_rgb__qwen3_4b,qwen3_4b,only_rgb,core,core,,0,0,0,0,0,0.07187000028352486,0.0786650000463851,0.03365000020494335,,,,
openmarcie_printer,cpu,local_only,openmarcie_printer__only_rgb__qwen3_4b,qwen3_4b,only_rgb,core,core_language,,4022468096,8044936192,256,,664642661632,1506.3538260001224,1533.1048743002157,0.17320999995718012,,,,
openmarcie_printer,cpu,bottleneck,openmarcie_printer__only_rgb__qwen3_4b,qwen3_4b,only_rgb,edge,lidar0,lidar0_rgb,71812,287248,0,290693,4567040,0.1962800001820142,0.22357700004249637,0.00855999996929313,684,2.5472,10.0,0.0003648
openmarcie_printer,cpu,bottleneck,openmarcie_printer__only_rgb__qwen3_4b,qwen3_4b,only_rgb,edge,lidar1,lidar1_rgb,71812,287248,0,290693,4567040,0.1876400001492584,0.20168899973214138,0.00838999994812184,684,2.5472,10.0,0.0003648
openmarcie_printer,cpu,bottleneck,openmarcie_printer__only_rgb__qwen3_4b,qwen3_4b,only_rgb,edge,rgbd_imu0,rgbd_imu0_rgb,71812,287248,0,290693,4567040,0.18391000003248337,0.19800399995801854,0.008479999905830482,684,2.5472,10.0,0.0003648
openmarcie_printer,cpu,bottleneck,openmarcie_printer__only_rgb__qwen3_4b,qwen3_4b,only_rgb,edge,rgbd_imu1,rgbd_imu1_rgb,71812,287248,0,290693,4567040,0.18518000024414505,0.1985810001315258,0.008409999736613827,684,2.5472,10.0,0.0003648
openmarcie_printer,cpu,bottleneck,openmarcie_printer__only_rgb__qwen3_4b,qwen3_4b,only_rgb,edge,room_rgbd0,room_rgbd0_rgb,71812,287248,0,290693,4567040,0.1888199999484641,0.19719989973054908,0.008399999842367833,684,2.5472,10.0,0.0003648
openmarcie_printer,cpu,bottleneck,openmarcie_printer__only_rgb__qwen3_4b,qwen3_4b,only_rgb,edge,room_rgbd1,room_rgbd1_rgb,71812,287248,0,290693,4567040,0.19294999992780504,0.1966040001661895,0.008429999979853164,684,2.5472,10.0,0.0003648
openmarcie_printer,cpu,bottleneck,openmarcie_printer__only_rgb__qwen3_4b,qwen3_4b,only_rgb,core,core,,28856,115424,0,130637,19649920,0.5414809998001147,0.5656000997078081,0.03391999962332193,,,,
openmarcie_printer,cpu,bottleneck,openmarcie_printer__only_rgb__qwen3_4b,qwen3_4b,only_rgb,core,core_language,,4029108736,8071498752,256,,1974771549312,1909.007604999715,1910.771671600287,2.615551999952004,,,,
openmarcie_printer,cpu,tokenlearner,openmarcie_printer__only_rgb__qwen3_4b,qwen3_4b,only_rgb,edge,lidar0,lidar0_rgb,73000,292000,0,295935,4657664,0.22625000019615982,0.2332429999114538,0.008439999874099158,1100,2.88,10.0,0.0005866666666666667
openmarcie_printer,cpu,tokenlearner,openmarcie_printer__only_rgb__qwen3_4b,qwen3_4b,only_rgb,edge,lidar1,lidar1_rgb,73000,292000,0,295935,4657664,0.21505000040633604,0.22931500016056816,0.008139999863487901,1100,2.88,10.0,0.0005866666666666667
openmarcie_printer,cpu,tokenlearner,openmarcie_printer__only_rgb__qwen3_4b,qwen3_4b,only_rgb,edge,rgbd_imu0,rgbd_imu0_rgb,73000,292000,0,295935,4657664,0.2149409997400653,0.23498309979004262,0.008129999969241908,1100,2.88,10.0,0.0005866666666666667
openmarcie_printer,cpu,tokenlearner,openmarcie_printer__only_rgb__qwen3_4b,qwen3_4b,only_rgb,edge,rgbd_imu1,rgbd_imu1_rgb,73000,292000,0,295935,4657664,0.21843000013177516,0.22717889969499083,0.008170000000973232,1100,2.88,10.0,0.0005866666666666667
openmarcie_printer,cpu,tokenlearner,openmarcie_printer__only_rgb__qwen3_4b,qwen3_4b,only_rgb,edge,room_rgbd0,room_rgbd0_rgb,73000,292000,0,295935,4657664,0.21027000002504792,0.22690200012220885,0.008120000074995914,1100,2.88,10.0,0.0005866666666666667
openmarcie_printer,cpu,tokenlearner,openmarcie_printer__only_rgb__qwen3_4b,qwen3_4b,only_rgb,edge,room_rgbd1,room_rgbd1_rgb,73000,292000,0,295935,4657664,0.22117999969850644,0.22510399994644104,0.00821999992695055,1100,2.88,10.0,0.0005866666666666667
openmarcie_printer,cpu,tokenlearner,openmarcie_printer__only_rgb__qwen3_4b,qwen3_4b,only_rgb,core,core,,27896,111584,0,123185,3168640,0.34623100009412155,0.3617100996962108,0.03504000005705166,,,,
openmarcie_printer,cpu,tokenlearner,openmarcie_printer__only_rgb__qwen3_4b,qwen3_4b,only_rgb,core,core_language,,4029108736,8071498752,256,,894275304576,1439.85020800028,1442.7189157002886,0.9035910002239689,,,,
openmarcie_printer,cpu,posthoc_vq,openmarcie_printer__only_rgb__qwen3_4b,qwen3_4b,only_rgb,edge,lidar0,lidar0_rgb,77824,311296,0,314569,4624384,0.27155999987371615,0.29247599968584836,0.013349999790079892,204,2.1632,10.0,0.0001088
openmarcie_printer,cpu,posthoc_vq,openmarcie_printer__only_rgb__qwen3_4b,qwen3_4b,only_rgb,edge,lidar1,lidar1_rgb,77824,311296,0,314569,4624384,0.2739410001595388,0.27433610007392417,0.012910000350530026,204,2.1632,10.0,0.0001088
openmarcie_printer,cpu,posthoc_vq,openmarcie_printer__only_rgb__qwen3_4b,qwen3_4b,only_rgb,edge,rgbd_imu0,rgbd_imu0_rgb,77824,311296,0,314569,4624384,0.27176999992661877,0.2783489999274025,0.01340000017080456,204,2.1632,10.0,0.0001088
openmarcie_printer,cpu,posthoc_vq,openmarcie_printer__only_rgb__qwen3_4b,qwen3_4b,only_rgb,edge,rgbd_imu1,rgbd_imu1_rgb,77824,311296,0,314569,4624384,0.2674909997040231,0.27711110028576513,0.012900000001536682,204,2.1632,10.0,0.0001088
openmarcie_printer,cpu,posthoc_vq,openmarcie_printer__only_rgb__qwen3_4b,qwen3_4b,only_rgb,edge,room_rgbd0,room_rgbd0_rgb,77824,311296,0,314569,4624384,0.26203000015811995,0.27485499999784224,0.012819999938074034,204,2.1632,10.0,0.0001088
openmarcie_printer,cpu,posthoc_vq,openmarcie_printer__only_rgb__qwen3_4b,qwen3_4b,only_rgb,edge,room_rgbd1,room_rgbd1_rgb,77824,311296,0,314569,4624384,0.2591009997559013,0.27357210019545164,0.012910000350530026,204,2.1632,10.0,0.0001088
openmarcie_printer,cpu,posthoc_vq,openmarcie_printer__only_rgb__qwen3_4b,qwen3_4b,only_rgb,core,core,,34040,136160,0,148078,19600768,0.5955199999334582,0.623105900012888,0.053699999625678174,,,,
openmarcie_printer,cpu,posthoc_vq,openmarcie_printer__only_rgb__qwen3_4b,qwen3_4b,only_rgb,core,core_language,,4029108736,8071498752,256,,1974771549312,1909.007604999715,1910.771671600287,2.6177320000897453,,,,
openmarcie_printer,cpu,joint_vq,openmarcie_printer__only_rgb__qwen3_4b,qwen3_4b,only_rgb,edge,lidar0,lidar0_rgb,80200,320800,0,325558,4690432,0.3036299999621406,0.31961399995452666,0.012259999948582845,84,2.0672,10.0,4.48e-05
openmarcie_printer,cpu,joint_vq,openmarcie_printer__only_rgb__qwen3_4b,qwen3_4b,only_rgb,edge,lidar1,lidar1_rgb,80200,320800,0,325558,4690432,0.29738000012002885,0.3193948997704865,0.012299999980314169,84,2.0672,10.0,4.48e-05
openmarcie_printer,cpu,joint_vq,openmarcie_printer__only_rgb__qwen3_4b,qwen3_4b,only_rgb,edge,rgbd_imu0,rgbd_imu0_rgb,80200,320800,0,325558,4690432,0.3036899997823639,0.31094490000214137,0.01247000000148546,84,2.0672,10.0,4.48e-05
openmarcie_printer,cpu,joint_vq,openmarcie_printer__only_rgb__qwen3_4b,qwen3_4b,only_rgb,edge,rgbd_imu1,rgbd_imu1_rgb,80200,320800,0,325558,4690432,0.29756999992969213,0.31714589999864984,0.012409999726514798,84,2.0672,10.0,4.48e-05
openmarcie_printer,cpu,joint_vq,openmarcie_printer__only_rgb__qwen3_4b,qwen3_4b,only_rgb,edge,room_rgbd0,room_rgbd0_rgb,80200,320800,0,325558,4690432,0.3025500000148895,0.30687090015817375,0.012609999885171419,84,2.0672,10.0,4.48e-05
openmarcie_printer,cpu,joint_vq,openmarcie_printer__only_rgb__qwen3_4b,qwen3_4b,only_rgb,edge,room_rgbd1,room_rgbd1_rgb,80200,320800,0,325558,4690432,0.2971599997181329,0.3157539999392611,0.012510000033216784,84,2.0672,10.0,4.48e-05
openmarcie_printer,cpu,joint_vq,openmarcie_printer__only_rgb__qwen3_4b,qwen3_4b,only_rgb,core,core,,34040,136160,0,148078,3168640,0.42287099995519384,0.45266909996826143,0.05175000023882603,,,,
openmarcie_printer,cpu,joint_vq,openmarcie_printer__only_rgb__qwen3_4b,qwen3_4b,only_rgb,core,core_language,,4029108736,8071498752,256,,894275304576,1439.85020800028,1442.7189157002886,0.9038309999596095,,,,
openmarcie_printer,cpu,deepconvlstm,openmarcie_printer__only_rgb__qwen3_4b,qwen3_4b,only_rgb,edge,lidar0,lidar0_rgb,0,0,0,0,0,0.0006000000212225132,0.0007890000688348664,0.011160000212839805,18908,17.1264,10.0,0.010084266666666666
openmarcie_printer,cpu,deepconvlstm,openmarcie_printer__only_rgb__qwen3_4b,qwen3_4b,only_rgb,edge,lidar1,lidar1_rgb,0,0,0,0,0,0.000499999714520527,0.0005810000857309205,0.010469999779161299,18908,17.1264,10.0,0.010084266666666666
openmarcie_printer,cpu,deepconvlstm,openmarcie_printer__only_rgb__qwen3_4b,qwen3_4b,only_rgb,edge,rgbd_imu0,rgbd_imu0_rgb,0,0,0,0,0,0.0004899998202745337,0.0005890000011277152,0.010719999863795238,18908,17.1264,10.0,0.010084266666666666
openmarcie_printer,cpu,deepconvlstm,openmarcie_printer__only_rgb__qwen3_4b,qwen3_4b,only_rgb,edge,rgbd_imu1,rgbd_imu1_rgb,0,0,0,0,0,0.00043000000005122274,0.0005380000857257983,0.010419999853183981,18908,17.1264,10.0,0.010084266666666666
openmarcie_printer,cpu,deepconvlstm,openmarcie_printer__only_rgb__qwen3_4b,qwen3_4b,only_rgb,edge,room_rgbd0,room_rgbd0_rgb,0,0,0,0,0,0.000470000031782547,0.0005419996796263149,0.009760000011738157,18908,17.1264,10.0,0.010084266666666666
openmarcie_printer,cpu,deepconvlstm,openmarcie_printer__only_rgb__qwen3_4b,qwen3_4b,only_rgb,edge,room_rgbd1,room_rgbd1_rgb,0,0,0,0,0,0.00043000000005122274,0.0004929997430735966,0.009790000149223488,18908,17.1264,10.0,0.010084266666666666
openmarcie_printer,cpu,deepconvlstm,openmarcie_printer__only_rgb__qwen3_4b,qwen3_4b,only_rgb,core,core,,444044,1776176,0,1788773,28205824,0.9589010001036513,1.0387579999132868,0.03778000018428429,,,,
openmarcie_printer,cpu,deepconvlstm,openmarcie_printer__only_rgb__qwen3_4b,qwen3_4b,only_rgb,core,core_language,,4029108736,8071498752,256,,775730115712,1403.4529549999206,1414.7751727997274,0.7174810002652521,,,,
openmarcie_printer,cpu,unrestricted_bank,openmarcie_printer__only_rgb__qwen3_4b,qwen3_4b,only_rgb,edge,lidar0,lidar0_rgb,80392,321568,0,326579,4772352,0.22551999973075,0.2433219997328706,0.01264000002265675,84,2.0672,10.0,4.48e-05
openmarcie_printer,cpu,unrestricted_bank,openmarcie_printer__only_rgb__qwen3_4b,qwen3_4b,only_rgb,edge,lidar1,lidar1_rgb,80392,321568,0,326579,4772352,0.22408999984691036,0.2390659998582123,0.012650000371650094,84,2.0672,10.0,4.48e-05
openmarcie_printer,cpu,unrestricted_bank,openmarcie_printer__only_rgb__qwen3_4b,qwen3_4b,only_rgb,edge,rgbd_imu0,rgbd_imu0_rgb,80392,321568,0,326579,4772352,0.22346000014294987,0.24031699990700872,0.012340000012045493,84,2.0672,10.0,4.48e-05
openmarcie_printer,cpu,unrestricted_bank,openmarcie_printer__only_rgb__qwen3_4b,qwen3_4b,only_rgb,edge,rgbd_imu1,rgbd_imu1_rgb,80392,321568,0,326579,4772352,0.2260400001432572,0.24278089990730223,0.01275000022360473,84,2.0672,10.0,4.48e-05
openmarcie_printer,cpu,unrestricted_bank,openmarcie_printer__only_rgb__qwen3_4b,qwen3_4b,only_rgb,edge,room_rgbd0,room_rgbd0_rgb,80392,321568,0,326579,4772352,0.2272000001539709,0.24569500019424595,0.012519999927462777,84,2.0672,10.0,4.48e-05
openmarcie_printer,cpu,unrestricted_bank,openmarcie_printer__only_rgb__qwen3_4b,qwen3_4b,only_rgb,edge,room_rgbd1,room_rgbd1_rgb,80392,321568,0,326579,4772352,0.234579999869311,0.23914389989840856,0.012250000054336851,84,2.0672,10.0,4.48e-05
openmarcie_printer,cpu,unrestricted_bank,openmarcie_printer__only_rgb__qwen3_4b,qwen3_4b,only_rgb,core,core,,34040,136160,0,148078,3168640,0.35696100030691014,0.39603810000699013,0.051479999910952756,,,,
openmarcie_printer,cpu,unrestricted_bank,openmarcie_printer__only_rgb__qwen3_4b,qwen3_4b,only_rgb,core,core_language,,4029108736,8071498752,256,,894275304576,1439.85020800028,1442.7189157002886,0.9206699996866519,,,,
openmarcie_printer,cpu,separate_banks,openmarcie_printer__only_rgb__qwen3_4b,qwen3_4b,only_rgb,edge,lidar0,lidar0_rgb,75112,300448,0,305459,4690432,0.22795099994254997,0.255319100278939,0.013020000096730655,84,2.0672,10.0,4.48e-05
openmarcie_printer,cpu,separate_banks,openmarcie_printer__only_rgb__qwen3_4b,qwen3_4b,only_rgb,edge,lidar1,lidar1_rgb,75112,300448,0,305459,4690432,0.2260500000375032,0.24840600017341785,0.012550000064948108,84,2.0672,10.0,4.48e-05
openmarcie_printer,cpu,separate_banks,openmarcie_printer__only_rgb__qwen3_4b,qwen3_4b,only_rgb,edge,rgbd_imu0,rgbd_imu0_rgb,75112,300448,0,305459,4690432,0.2275810002174694,0.24602110001978872,0.012680000054388074,84,2.0672,10.0,4.48e-05
openmarcie_printer,cpu,separate_banks,openmarcie_printer__only_rgb__qwen3_4b,qwen3_4b,only_rgb,edge,rgbd_imu1,rgbd_imu1_rgb,75112,300448,0,305459,4690432,0.23421000014423043,0.23748599987811758,0.012659999811148737,84,2.0672,10.0,4.48e-05
openmarcie_printer,cpu,separate_banks,openmarcie_printer__only_rgb__qwen3_4b,qwen3_4b,only_rgb,edge,room_rgbd0,room_rgbd0_rgb,75112,300448,0,305459,4690432,0.231801000154519,0.2385771001172543,0.013190000117901945,84,2.0672,10.0,4.48e-05
openmarcie_printer,cpu,separate_banks,openmarcie_printer__only_rgb__qwen3_4b,qwen3_4b,only_rgb,edge,room_rgbd1,room_rgbd1_rgb,75112,300448,0,305459,4690432,0.22878000027048984,0.23888700020506803,0.012539999715954764,84,2.0672,10.0,4.48e-05
openmarcie_printer,cpu,separate_banks,openmarcie_printer__only_rgb__qwen3_4b,qwen3_4b,only_rgb,core,core,,34040,136160,0,149535,3168640,0.4353599997557467,0.4647729001590051,0.05126999985805014,,,,
openmarcie_printer,cpu,separate_banks,openmarcie_printer__only_rgb__qwen3_4b,qwen3_4b,only_rgb,core,core_language,,4029108736,8071498752,256,,894275304576,1439.85020800028,1442.7189157002886,0.8994810000331199,,,,
openmarcie_printer,cpu,fixed_resampling,openmarcie_printer__only_rgb__qwen3_4b,qwen3_4b,only_rgb,edge,lidar0,lidar0_rgb,75112,300448,0,305459,2294272,0.16853099987201858,0.17597310015844414,0.012850000075559365,84,2.0672,10.0,4.48e-05
openmarcie_printer,cpu,fixed_resampling,openmarcie_printer__only_rgb__qwen3_4b,qwen3_4b,only_rgb,edge,lidar1,lidar1_rgb,75112,300448,0,305459,2294272,0.15138000026126974,0.16056900008152297,0.01281000004382804,84,2.0672,10.0,4.48e-05
openmarcie_printer,cpu,fixed_resampling,openmarcie_printer__only_rgb__qwen3_4b,qwen3_4b,only_rgb,edge,rgbd_imu0,rgbd_imu0_rgb,75112,300448,0,305459,2294272,0.14512999996441067,0.157568899794569,0.012999999853491317,84,2.0672,10.0,4.48e-05
openmarcie_printer,cpu,fixed_resampling,openmarcie_printer__only_rgb__qwen3_4b,qwen3_4b,only_rgb,edge,rgbd_imu1,rgbd_imu1_rgb,75112,300448,0,305459,2294272,0.14469000007011346,0.1581359998908738,0.012649999916902743,84,2.0672,10.0,4.48e-05
openmarcie_printer,cpu,fixed_resampling,openmarcie_printer__only_rgb__qwen3_4b,qwen3_4b,only_rgb,edge,room_rgbd0,room_rgbd0_rgb,75112,300448,0,305459,2294272,0.14505999979519402,0.1596948997303116,0.012710000191873405,84,2.0672,10.0,4.48e-05
openmarcie_printer,cpu,fixed_resampling,openmarcie_printer__only_rgb__qwen3_4b,qwen3_4b,only_rgb,edge,room_rgbd1,room_rgbd1_rgb,75112,300448,0,305459,2294272,0.1486500000282831,0.1622219997443608,0.013410000065050554,84,2.0672,10.0,4.48e-05
openmarcie_printer,cpu,fixed_resampling,openmarcie_printer__only_rgb__qwen3_4b,qwen3_4b,only_rgb,core,core,,34040,136160,0,148078,3168640,0.4240910002408782,0.446050099662898,0.05216999988988391,,,,
openmarcie_printer,cpu,fixed_resampling,openmarcie_printer__only_rgb__qwen3_4b,qwen3_4b,only_rgb,core,core_language,,4029108736,8071498752,256,,894275304576,1439.85020800028,1442.7189157002886,0.9233209998456005,,,,
openmarcie_printer,cpu,finetune_encoders,openmarcie_printer__only_rgb__qwen3_4b,qwen3_4b,only_rgb,edge,lidar0,lidar0_rgb,75112,300448,0,305459,4690432,0.22862100013298914,0.25677209996501915,0.012689999948634068,84,2.0672,10.0,4.48e-05
openmarcie_printer,cpu,finetune_encoders,openmarcie_printer__only_rgb__qwen3_4b,qwen3_4b,only_rgb,edge,lidar1,lidar1_rgb,75112,300448,0,305459,4690432,0.22910000006959308,0.24584899974797736,0.012760000117850723,84,2.0672,10.0,4.48e-05
openmarcie_printer,cpu,finetune_encoders,openmarcie_printer__only_rgb__qwen3_4b,qwen3_4b,only_rgb,edge,rgbd_imu0,rgbd_imu0_rgb,75112,300448,0,305459,4690432,0.22498099997392274,0.24396110020461492,0.012649999916902743,84,2.0672,10.0,4.48e-05
openmarcie_printer,cpu,finetune_encoders,openmarcie_printer__only_rgb__qwen3_4b,qwen3_4b,only_rgb,edge,rgbd_imu1,rgbd_imu1_rgb,75112,300448,0,305459,4690432,0.22880999995322782,0.24697199983165774,0.012870000318798702,84,2.0672,10.0,4.48e-05
openmarcie_printer,cpu,finetune_encoders,openmarcie_printer__only_rgb__qwen3_4b,qwen3_4b,only_rgb,edge,room_rgbd0,room_rgbd0_rgb,75112,300448,0,305459,4690432,0.2364500001021952,0.24171500008378644,0.012789999800588703,84,2.0672,10.0,4.48e-05
openmarcie_printer,cpu,finetune_encoders,openmarcie_printer__only_rgb__qwen3_4b,qwen3_4b,only_rgb,edge,room_rgbd1,room_rgbd1_rgb,75112,300448,0,305459,4690432,0.230599999667902,0.23977999999260646,0.012689999948634068,84,2.0672,10.0,4.48e-05
openmarcie_printer,cpu,finetune_encoders,openmarcie_printer__only_rgb__qwen3_4b,qwen3_4b,only_rgb,core,core,,34040,136160,0,148078,3168640,0.4207700003462378,0.44551189980666095,0.05144000033396878,,,,
openmarcie_printer,cpu,finetune_encoders,openmarcie_printer__only_rgb__qwen3_4b,qwen3_4b,only_rgb,core,core_language,,4029108736,8071498752,256,,894275304576,1439.85020800028,1442.7189157002886,0.902941000276769,,,,
openmarcie_printer,cpu,no_alignment,openmarcie_printer__only_rgb__qwen3_4b,qwen3_4b,only_rgb,edge,lidar0,lidar0_rgb,75112,300448,0,305459,4690432,0.2322300001651456,0.2538578998155572,0.01264000002265675,84,2.0672,10.0,4.48e-05
openmarcie_printer,cpu,no_alignment,openmarcie_printer__only_rgb__qwen3_4b,qwen3_4b,only_rgb,edge,lidar1,lidar1_rgb,75112,300448,0,305459,4690432,0.23559000010209274,0.24127800011228828,0.012589999641932081,84,2.0672,10.0,4.48e-05
openmarcie_printer,cpu,no_alignment,openmarcie_printer__only_rgb__qwen3_4b,qwen3_4b,only_rgb,edge,rgbd_imu0,rgbd_imu0_rgb,75112,300448,0,305459,4690432,0.23271000009117415,0.2400008999302372,0.012390000392770162,84,2.0672,10.0,4.48e-05
openmarcie_printer,cpu,no_alignment,openmarcie_printer__only_rgb__qwen3_4b,qwen3_4b,only_rgb,edge,rgbd_imu1,rgbd_imu1_rgb,75112,300448,0,305459,4690432,0.2282199998262513,0.23902900011307793,0.012401000276440755,84,2.0672,10.0,4.48e-05
openmarcie_printer,cpu,no_alignment,openmarcie_printer__only_rgb__qwen3_4b,qwen3_4b,only_rgb,edge,room_rgbd0,room_rgbd0_rgb,75112,300448,0,305459,4690432,0.2274200001011195,0.2391650003119139,0.012539999715954764,84,2.0672,10.0,4.48e-05
openmarcie_printer,cpu,no_alignment,openmarcie_printer__only_rgb__qwen3_4b,qwen3_4b,only_rgb,edge,room_rgbd1,room_rgbd1_rgb,75112,300448,0,305459,4690432,0.22204000015335623,0.23488300021199393,0.01264000002265675,84,2.0672,10.0,4.48e-05
openmarcie_printer,cpu,no_alignment,openmarcie_printer__only_rgb__qwen3_4b,qwen3_4b,only_rgb,core,core,,34040,136160,0,148078,3168640,0.4255900003045099,0.4443289002210804,0.05151999994268408,,,,
openmarcie_printer,cpu,no_alignment,openmarcie_printer__only_rgb__qwen3_4b,qwen3_4b,only_rgb,core,core_language,,4029108736,8071498752,256,,894275304576,1439.85020800028,1442.7189157002886,0.9091010001611721,,,,
openmarcie_printer,cpu,no_usage,openmarcie_printer__only_rgb__qwen3_4b,qwen3_4b,only_rgb,edge,lidar0,lidar0_rgb,75112,300448,0,305459,4690432,0.2361299998483446,0.24577890012551507,0.012869999864051351,84,2.0672,10.0,4.48e-05
openmarcie_printer,cpu,no_usage,openmarcie_printer__only_rgb__qwen3_4b,qwen3_4b,only_rgb,edge,lidar1,lidar1_rgb,75112,300448,0,305459,4690432,0.23228100008054753,0.24169409998648916,0.012829999832320027,84,2.0672,10.0,4.48e-05
openmarcie_printer,cpu,no_usage,openmarcie_printer__only_rgb__qwen3_4b,qwen3_4b,only_rgb,edge,rgbd_imu0,rgbd_imu0_rgb,75112,300448,0,305459,4690432,0.22597999986828654,0.241892900203311,0.012630000128410757,84,2.0672,10.0,4.48e-05
openmarcie_printer,cpu,no_usage,openmarcie_printer__only_rgb__qwen3_4b,qwen3_4b,only_rgb,edge,rgbd_imu1,rgbd_imu1_rgb,75112,300448,0,305459,4690432,0.2251099999739381,0.2402659997187584,0.01266999970539473,84,2.0672,10.0,4.48e-05
openmarcie_printer,cpu,no_usage,openmarcie_printer__only_rgb__qwen3_4b,qwen3_4b,only_rgb,edge,room_rgbd0,room_rgbd0_rgb,75112,300448,0,305459,4690432,0.2266000001327484,0.24255789999187982,0.012789999800588703,84,2.0672,10.0,4.48e-05
openmarcie_printer,cpu,no_usage,openmarcie_printer__only_rgb__qwen3_4b,qwen3_4b,only_rgb,edge,room_rgbd1,room_rgbd1_rgb,75112,300448,0,305459,4690432,0.22335000039674924,0.2401349996944191,0.012510000033216784,84,2.0672,10.0,4.48e-05
openmarcie_printer,cpu,no_usage,openmarcie_printer__only_rgb__qwen3_4b,qwen3_4b,only_rgb,core,core,,34040,136160,0,148078,3168640,0.4249099997650774,0.4474909999771626,0.05179000027055736,,,,
openmarcie_printer,cpu,no_usage,openmarcie_printer__only_rgb__qwen3_4b,qwen3_4b,only_rgb,core,core_language,,4029108736,8071498752,256,,894275304576,1439.85020800028,1442.7189157002886,0.9103410002353485,,,,
openmarcie_printer,cpu,tcn,openmarcie_printer__only_rgb__qwen3_4b,qwen3_4b,only_rgb,edge,lidar0,lidar0_rgb,0,0,0,0,0,0.000529999852005858,0.0007909999567345949,0.01145999976870371,18908,17.1264,10.0,0.010084266666666666
openmarcie_printer,cpu,tcn,openmarcie_printer__only_rgb__qwen3_4b,qwen3_4b,only_rgb,edge,lidar1,lidar1_rgb,0,0,0,0,0,0.00047999992602854036,0.0006329999450827017,0.010509999810892623,18908,17.1264,10.0,0.010084266666666666
openmarcie_printer,cpu,tcn,openmarcie_printer__only_rgb__qwen3_4b,qwen3_4b,only_rgb,edge,rgbd_imu0,rgbd_imu0_rgb,0,0,0,0,0,0.00047999992602854036,0.0005969999165245099,0.010620000011840602,18908,17.1264,10.0,0.010084266666666666
openmarcie_printer,cpu,tcn,openmarcie_printer__only_rgb__qwen3_4b,qwen3_4b,only_rgb,edge,rgbd_imu1,rgbd_imu1_rgb,0,0,0,0,0,0.000470000031782547,0.0005599998985417187,0.010490000022400636,18908,17.1264,10.0,0.010084266666666666
openmarcie_printer,cpu,tcn,openmarcie_printer__only_rgb__qwen3_4b,qwen3_4b,only_rgb,edge,room_rgbd0,room_rgbd0_rgb,0,0,0,0,0,0.00038999996831989847,0.0005250001777312718,0.010579999980109278,18908,17.1264,10.0,0.010084266666666666
openmarcie_printer,cpu,tcn,openmarcie_printer__only_rgb__qwen3_4b,qwen3_4b,only_rgb,edge,room_rgbd1,room_rgbd1_rgb,0,0,0,0,0,0.00047999992602854036,0.0005159999545867322,0.009899999895424116,18908,17.1264,10.0,0.010084266666666666
openmarcie_printer,cpu,tcn,openmarcie_printer__only_rgb__qwen3_4b,qwen3_4b,only_rgb,core,core,,277656,1110624,0,1124825,17560704,0.9560309999869787,0.9853790998477052,0.03835000006802147,,,,
openmarcie_printer,cpu,tcn,openmarcie_printer__only_rgb__qwen3_4b,qwen3_4b,only_rgb,core,core_language,,4029108736,8071498752,256,,775730115712,1403.4529549999206,1414.7751727997274,0.7224910000331874,,,,
openmarcie_printer,cpu,ts_transformer,openmarcie_printer__only_rgb__qwen3_4b,qwen3_4b,only_rgb,edge,lidar0,lidar0_rgb,0,0,0,0,0,0.000529999852005858,0.0008539996997569688,0.011159999758092454,18908,17.1264,10.0,0.010084266666666666
openmarcie_printer,cpu,ts_transformer,openmarcie_printer__only_rgb__qwen3_4b,qwen3_4b,only_rgb,edge,lidar1,lidar1_rgb,0,0,0,0,0,0.000470000031782547,0.0006140001460153144,0.010679999832063913,18908,17.1264,10.0,0.010084266666666666
openmarcie_printer,cpu,ts_transformer,openmarcie_printer__only_rgb__qwen3_4b,qwen3_4b,only_rgb,edge,rgbd_imu0,rgbd_imu0_rgb,0,0,0,0,0,0.000470000031782547,0.0005780001174571225,0.010519999705138616,18908,17.1264,10.0,0.010084266666666666
openmarcie_printer,cpu,ts_transformer,openmarcie_printer__only_rgb__qwen3_4b,qwen3_4b,only_rgb,edge,rgbd_imu1,rgbd_imu1_rgb,0,0,0,0,0,0.0004500002432905603,0.0005939999482507119,0.010599999768601265,18908,17.1264,10.0,0.010084266666666666
openmarcie_printer,cpu,ts_transformer,openmarcie_printer__only_rgb__qwen3_4b,qwen3_4b,only_rgb,edge,room_rgbd0,room_rgbd0_rgb,0,0,0,0,0,0.0006100003702158574,0.0006910003321536351,0.010579999980109278,18908,17.1264,10.0,0.010084266666666666
openmarcie_printer,cpu,ts_transformer,openmarcie_printer__only_rgb__qwen3_4b,qwen3_4b,only_rgb,edge,room_rgbd1,room_rgbd1_rgb,0,0,0,0,0,0.00046000013753655367,0.0005139999757375335,0.010690000181057258,18908,17.1264,10.0,0.010084266666666666
openmarcie_printer,cpu,ts_transformer,openmarcie_printer__only_rgb__qwen3_4b,qwen3_4b,only_rgb,core,core,,290520,1162080,0,1179893,18609280,0.9916409999277676,1.0164539998640976,0.039229999856615905,,,,
openmarcie_printer,cpu,ts_transformer,openmarcie_printer__only_rgb__qwen3_4b,qwen3_4b,only_rgb,core,core_language,,4029108736,8071498752,256,,775730115712,1403.4529549999206,1414.7751727997274,0.7233699998323573,,,,
openmarcie_printer,cpu,patchtst,openmarcie_printer__only_rgb__qwen3_4b,qwen3_4b,only_rgb,edge,lidar0,lidar0_rgb,0,0,0,0,0,0.0005000001692678779,0.0007969998932821909,0.011239999821555102,18908,17.1264,10.0,0.010084266666666666
openmarcie_printer,cpu,patchtst,openmarcie_printer__only_rgb__qwen3_4b,qwen3_4b,only_rgb,edge,lidar1,lidar1_rgb,0,0,0,0,0,0.0004899998202745337,0.0005169999440113315,0.010460000339662656,18908,17.1264,10.0,0.010084266666666666
openmarcie_printer,cpu,patchtst,openmarcie_printer__only_rgb__qwen3_4b,qwen3_4b,only_rgb,edge,rgbd_imu0,rgbd_imu0_rgb,0,0,0,0,0,0.0004200001058052294,0.000546000001122593,0.010440000096423319,18908,17.1264,10.0,0.010084266666666666
openmarcie_printer,cpu,patchtst,openmarcie_printer__only_rgb__qwen3_4b,qwen3_4b,only_rgb,edge,rgbd_imu1,rgbd_imu1_rgb,0,0,0,0,0,0.00046000013753655367,0.0005500000042957254,0.009580000096320873,18908,17.1264,10.0,0.010084266666666666
openmarcie_printer,cpu,patchtst,openmarcie_printer__only_rgb__qwen3_4b,qwen3_4b,only_rgb,edge,room_rgbd0,room_rgbd0_rgb,0,0,0,0,0,0.00044999978854320943,0.000566999779039179,0.00957000020207488,18908,17.1264,10.0,0.010084266666666666
openmarcie_printer,cpu,patchtst,openmarcie_printer__only_rgb__qwen3_4b,qwen3_4b,only_rgb,edge,room_rgbd1,room_rgbd1_rgb,0,0,0,0,0,0.00043000000005122274,0.0005020000571676064,0.009650000265537528,18908,17.1264,10.0,0.010084266666666666
openmarcie_printer,cpu,patchtst,openmarcie_printer__only_rgb__qwen3_4b,qwen3_4b,only_rgb,core,core,,253720,1014880,0,1032629,429324672,2.947823000340577,2.95234100003654,0.038500000300700776,,,,
openmarcie_printer,cpu,patchtst,openmarcie_printer__only_rgb__qwen3_4b,qwen3_4b,only_rgb,core,core_language,,4029108736,8071498752,256,,591107827712,1376.2016709997624,1382.8183062999415,0.43292999998811865,,,,
openmarcie_printer,cpu,distrixsense,openmarcie_printer__only_temperature__qwen3_4b,qwen3_4b,only_temperature,edge,temperature_gateway,temperature,7244,28976,0,34099,370944,0.20545999996102182,0.21703399993384664,0.01235999980053748,81,2.0648,10.0,4.32e-05
openmarcie_printer,cpu,distrixsense,openmarcie_printer__only_temperature__qwen3_4b,qwen3_4b,only_temperature,core,core,,28600,114400,0,126318,488000,0.2318699998795637,0.2605350000067119,0.00999000030788011,,,,
openmarcie_printer,cpu,distrixsense,openmarcie_printer__only_temperature__qwen3_4b,qwen3_4b,only_temperature,core,core_language,,4029108736,8071498752,256,,524957000576,1347.9546459998346,1350.2324046997728,0.42160099974353216,,,,
openmarcie_printer,cpu,dense,openmarcie_printer__only_temperature__qwen3_4b,qwen3_4b,only_temperature,edge,temperature_gateway,temperature,3812,15248,0,18381,239360,0.14078000003792113,0.1653770002121746,0.008949999937613029,4324,5.4592,10.0,0.0023061333333333333
openmarcie_printer,cpu,dense,openmarcie_printer__only_temperature__qwen3_4b,qwen3_4b,only_temperature,core,core,,27576,110304,0,121905,1997888,0.20668999968620483,0.22792099985053937,0.006519999715237645,,,,
openmarcie_printer,cpu,dense,openmarcie_printer__only_temperature__qwen3_4b,qwen3_4b,only_temperature,core,core_language,,4029108736,8071498752,256,,701925437312,1385.2588899999319,1389.6424876003493,0.7025909999356372,,,,
openmarcie_printer,cpu,dense_tokens,openmarcie_printer__only_temperature__qwen3_4b,qwen3_4b,only_temperature,edge,temperature_gateway,temperature,6188,24752,0,29369,354560,0.19956100004492328,0.2062380998268054,0.0079100000220933,1100,2.88,10.0,0.0005866666666666667
openmarcie_printer,cpu,dense_tokens,openmarcie_printer__only_temperature__qwen3_4b,qwen3_4b,only_temperature,core,core,,27576,110304,0,121905,488000,0.19405000011829543,0.2213199998550408,0.006600000233447645,,,,
openmarcie_printer,cpu,dense_tokens,openmarcie_printer__only_temperature__qwen3_4b,qwen3_4b,only_temperature,core,core_language,,4029108736,8071498752,256,,524957000576,1347.9546459998346,1350.2324046997728,0.4185200000392797,,,,
openmarcie_printer,cpu,raw,openmarcie_printer__only_temperature__qwen3_4b,qwen3_4b,only_temperature,edge,temperature_gateway,temperature,0,0,0,0,0,0.0005199999577598646,0.0007809996532159857,0.008590000106778461,644,2.5152,10.0,0.00034346666666666665
openmarcie_printer,cpu,raw,openmarcie_printer__only_temperature__qwen3_4b,qwen3_4b,only_temperature,core,core,,31388,125552,0,139737,2237248,0.41418000000703614,0.4385258999718644,0.006259999736357713,,,,
openmarcie_printer,cpu,raw,openmarcie_printer__only_temperature__qwen3_4b,qwen3_4b,only_temperature,core,core_language,,4029108736,8071498752,256,,701925437312,1385.2588899999319,1389.6424876003493,0.6975609999244625,,,,
openmarcie_printer,cpu,early_fusion,openmarcie_printer__only_temperature__qwen3_4b,qwen3_4b,only_temperature,edge,temperature_gateway,temperature,0,0,0,0,0,0.000470000031782547,0.0007129999175958801,0.010539999948377954,644,2.5152,10.0,0.00034346666666666665
openmarcie_printer,cpu,early_fusion,openmarcie_printer__only_temperature__qwen3_4b,qwen3_4b,only_temperature,core,core,,27804,111216,0,124703,2009920,0.421030999859795,0.4378331002044433,0.006289999873843044,,,,
openmarcie_printer,cpu,early_fusion,openmarcie_printer__only_temperature__qwen3_4b,qwen3_4b,only_temperature,core,core_language,,4029108736,8071498752,256,,701925437312,1385.2588899999319,1389.6424876003493,0.7099409999682393,,,,
openmarcie_printer,cpu,late_fusion,openmarcie_printer__only_temperature__qwen3_4b,qwen3_4b,only_temperature,edge,temperature_gateway,temperature,4208,16832,0,20357,240128,0.1610009999239992,0.17268209999201645,0.008160000106727239,96,2.0768,10.0,5.12e-05
openmarcie_printer,cpu,late_fusion,openmarcie_printer__only_temperature__qwen3_4b,qwen3_4b,only_temperature,core,core,,0,0,0,0,0,0.023409999812429305,0.02996200009874883,0.005949999831500463,,,,
openmarcie_printer,cpu,late_fusion,openmarcie_printer__only_temperature__qwen3_4b,qwen3_4b,only_temperature,core,core_language,,4022468096,8044936192,256,,591014930432,1376.2016709997624,1382.8183062999415,0.1677899999776855,,,,
openmarcie_printer,cpu,local_only,openmarcie_printer__only_temperature__qwen3_4b,qwen3_4b,only_temperature,edge,temperature_gateway,temperature,4208,16832,0,20357,240128,0.159349999648839,0.18362299997534137,0.00779999982114532,52,2.0416,10.0,2.7733333333333334e-05
openmarcie_printer,cpu,local_only,openmarcie_printer__only_temperature__qwen3_4b,qwen3_4b,only_temperature,core,core,,0,0,0,0,0,0.0317199996970885,0.036012999726153794,0.005890000011277152,,,,
openmarcie_printer,cpu,local_only,openmarcie_printer__only_temperature__qwen3_4b,qwen3_4b,only_temperature,core,core_language,,4022468096,8044936192,256,,591014930432,1376.2016709997624,1382.8183062999415,0.17250000018975697,,,,
openmarcie_printer,cpu,bottleneck,openmarcie_printer__only_temperature__qwen3_4b,qwen3_4b,only_temperature,edge,temperature_gateway,temperature,3944,15776,0,19333,247552,0.1588999998602958,0.17713489978632424,0.008470000011584489,684,2.5472,10.0,0.0003648
openmarcie_printer,cpu,bottleneck,openmarcie_printer__only_temperature__qwen3_4b,qwen3_4b,only_temperature,core,core,,27736,110944,0,123115,2006080,0.21247999984552735,0.24050599977272213,0.006310000117082382,,,,
openmarcie_printer,cpu,bottleneck,openmarcie_printer__only_temperature__qwen3_4b,qwen3_4b,only_temperature,core,core_language,,4029108736,8071498752,256,,701925437312,1385.2588899999319,1389.6424876003493,0.6999209999776212,,,,
openmarcie_printer,cpu,tokenlearner,openmarcie_printer__only_temperature__qwen3_4b,qwen3_4b,only_temperature,edge,temperature_gateway,temperature,5132,20528,0,24575,338176,0.18872999999075546,0.2110950000314915,0.008630000138509786,1100,2.88,10.0,0.0005866666666666667
openmarcie_printer,cpu,tokenlearner,openmarcie_printer__only_temperature__qwen3_4b,qwen3_4b,only_temperature,core,core,,27576,110304,0,121905,488000,0.1927599996633944,0.21958000006634393,0.006200000370881753,,,,
openmarcie_printer,cpu,tokenlearner,openmarcie_printer__only_temperature__qwen3_4b,qwen3_4b,only_temperature,core,core_language,,4029108736,8071498752,256,,524957000576,1347.9546459998346,1350.2324046997728,0.41319100000691833,,,,
openmarcie_printer,cpu,posthoc_vq,openmarcie_printer__only_temperature__qwen3_4b,qwen3_4b,only_temperature,edge,temperature_gateway,temperature,4836,19344,0,22729,304896,0.24091100021905731,0.25039610018211533,0.012900000001536682,192,2.1536,10.0,0.0001024
openmarcie_printer,cpu,posthoc_vq,openmarcie_printer__only_temperature__qwen3_4b,qwen3_4b,only_temperature,core,core,,28600,114400,0,126318,1997888,0.24612099969090195,0.2687820998744428,0.010480000128154643,,,,
openmarcie_printer,cpu,posthoc_vq,openmarcie_printer__only_temperature__qwen3_4b,qwen3_4b,only_temperature,core,core_language,,4029108736,8071498752,256,,701925437312,1385.2588899999319,1389.6424876003493,0.7012809996922442,,,,
openmarcie_printer,cpu,joint_vq,openmarcie_printer__only_temperature__qwen3_4b,qwen3_4b,only_temperature,edge,temperature_gateway,temperature,7212,28848,0,33718,370944,0.2687599999262602,0.2924029999576305,0.012630000128410757,81,2.0648,10.0,4.32e-05
openmarcie_printer,cpu,joint_vq,openmarcie_printer__only_temperature__qwen3_4b,qwen3_4b,only_temperature,core,core,,28600,114400,0,126318,488000,0.22785999999541673,0.2566609003224585,0.009609999779058853,,,,
openmarcie_printer,cpu,joint_vq,openmarcie_printer__only_temperature__qwen3_4b,qwen3_4b,only_temperature,core,core_language,,4029108736,8071498752,256,,524957000576,1347.9546459998346,1350.2324046997728,0.4044600000270293,,,,
openmarcie_printer,cpu,deepconvlstm,openmarcie_printer__only_temperature__qwen3_4b,qwen3_4b,only_temperature,edge,temperature_gateway,temperature,0,0,0,0,0,0.0005100000635138713,0.0008069997875281842,0.008380000053875847,644,2.5152,10.0,0.00034346666666666665
openmarcie_printer,cpu,deepconvlstm,openmarcie_printer__only_temperature__qwen3_4b,qwen3_4b,only_temperature,core,core,,33456,133824,0,140577,2075136,0.32517099998585763,0.3361230999871623,0.0063700003920530435,,,,
openmarcie_printer,cpu,deepconvlstm,openmarcie_printer__only_temperature__qwen3_4b,qwen3_4b,only_temperature,core,core_language,,4029108736,8071498752,256,,701925437312,1385.2588899999319,1389.6424876003493,0.6914810001035221,,,,
openmarcie_printer,cpu,unrestricted_bank,openmarcie_printer__only_temperature__qwen3_4b,qwen3_4b,only_temperature,edge,temperature_gateway,temperature,7244,28976,0,34099,370944,0.19911000026695547,0.2168039997741289,0.012830000287067378,81,2.0648,10.0,4.32e-05
openmarcie_printer,cpu,unrestricted_bank,openmarcie_printer__only_temperature__qwen3_4b,qwen3_4b,only_temperature,core,core,,28600,114400,0,126318,488000,0.19762000010814518,0.22102899974925094,0.009760000011738157,,,,
openmarcie_printer,cpu,unrestricted_bank,openmarcie_printer__only_temperature__qwen3_4b,qwen3_4b,only_temperature,core,core_language,,4029108736,8071498752,256,,524957000576,1347.9546459998346,1350.2324046997728,0.408169999900565,,,,
openmarcie_printer,cpu,separate_banks,openmarcie_printer__only_temperature__qwen3_4b,qwen3_4b,only_temperature,edge,temperature_gateway,temperature,7244,28976,0,34099,370944,0.2001600000767212,0.21429899993563595,0.012580000202433439,81,2.0648,10.0,4.32e-05
openmarcie_printer,cpu,separate_banks,openmarcie_printer__only_temperature__qwen3_4b,qwen3_4b,only_temperature,core,core,,28600,114400,0,126318,488000,0.23740999995425227,0.2552840000134893,0.009670000054029515,,,,
openmarcie_printer,cpu,separate_banks,openmarcie_printer__only_temperature__qwen3_4b,qwen3_4b,only_temperature,core,core_language,,4029108736,8071498752,256,,524957000576,1347.9546459998346,1350.2324046997728,0.403190000270115,,,,
openmarcie_printer,cpu,fixed_resampling,openmarcie_printer__only_temperature__qwen3_4b,qwen3_4b,only_temperature,edge,temperature_gateway,temperature,7244,28976,0,34099,369152,0.1339400000688329,0.14935789990886406,0.012680000054388074,81,2.0648,10.0,4.32e-05
openmarcie_printer,cpu,fixed_resampling,openmarcie_printer__only_temperature__qwen3_4b,qwen3_4b,only_temperature,core,core,,28600,114400,0,126318,488000,0.2273800000693882,0.2487279998149461,0.009900000350171467,,,,
openmarcie_printer,cpu,fixed_resampling,openmarcie_printer__only_temperature__qwen3_4b,qwen3_4b,only_temperature,core,core_language,,4029108736,8071498752,256,,524957000576,1347.9546459998346,1350.2324046997728,0.41616999988036696,,,,
openmarcie_printer,cpu,finetune_encoders,openmarcie_printer__only_temperature__qwen3_4b,qwen3_4b,only_temperature,edge,temperature_gateway,temperature,7244,28976,0,34099,370944,0.19787999963227776,0.21624899977723544,0.012290000086068176,81,2.0648,10.0,4.32e-05
openmarcie_printer,cpu,finetune_encoders,openmarcie_printer__only_temperature__qwen3_4b,qwen3_4b,only_temperature,core,core,,28600,114400,0,126318,488000,0.22703000013279961,0.24871100004020263,0.010209999800281366,,,,
openmarcie_printer,cpu,finetune_encoders,openmarcie_printer__only_temperature__qwen3_4b,qwen3_4b,only_temperature,core,core_language,,4029108736,8071498752,256,,524957000576,1347.9546459998346,1350.2324046997728,0.4168400000708061,,,,
openmarcie_printer,cpu,no_alignment,openmarcie_printer__only_temperature__qwen3_4b,qwen3_4b,only_temperature,edge,temperature_gateway,temperature,7244,28976,0,34099,370944,0.20490999986577663,0.21589900029539422,0.012380000043776818,81,2.0648,10.0,4.32e-05
openmarcie_printer,cpu,no_alignment,openmarcie_printer__only_temperature__qwen3_4b,qwen3_4b,only_temperature,core,core,,28600,114400,0,126318,488000,0.22641999976258376,0.2549950000229728,0.010169999768550042,,,,
openmarcie_printer,cpu,no_alignment,openmarcie_printer__only_temperature__qwen3_4b,qwen3_4b,only_temperature,core,core_language,,4029108736,8071498752,256,,524957000576,1347.9546459998346,1350.2324046997728,0.41357000009156764,,,,
openmarcie_printer,cpu,no_usage,openmarcie_printer__only_temperature__qwen3_4b,qwen3_4b,only_temperature,edge,temperature_gateway,temperature,7244,28976,0,34099,370944,0.20989000040572137,0.2176398998926743,0.012510000033216784,81,2.0648,10.0,4.32e-05
openmarcie_printer,cpu,no_usage,openmarcie_printer__only_temperature__qwen3_4b,qwen3_4b,only_temperature,core,core,,28600,114400,0,126318,488000,0.22597999986828654,0.248831900080404,0.009949999821401434,,,,
openmarcie_printer,cpu,no_usage,openmarcie_printer__only_temperature__qwen3_4b,qwen3_4b,only_temperature,core,core_language,,4029108736,8071498752,256,,524957000576,1347.9546459998346,1350.2324046997728,0.4201000001557986,,,,
openmarcie_printer,cpu,tcn,openmarcie_printer__only_temperature__qwen3_4b,qwen3_4b,only_temperature,edge,temperature_gateway,temperature,0,0,0,0,0,0.0006299997039604932,0.0008729999990464421,0.010409999958937988,644,2.5152,10.0,0.00034346666666666665
openmarcie_printer,cpu,tcn,openmarcie_printer__only_temperature__qwen3_4b,qwen3_4b,only_temperature,core,core,,13692,54768,0,62997,823872,0.3444300000410294,0.36936989986315893,0.006190000021888409,,,,
openmarcie_printer,cpu,tcn,openmarcie_printer__only_temperature__qwen3_4b,qwen3_4b,only_temperature,core,core_language,,4029108736,8071498752,256,,701925437312,1385.2588899999319,1389.6424876003493,0.6956610000088403,,,,
openmarcie_printer,cpu,ts_transformer,openmarcie_printer__only_temperature__qwen3_4b,qwen3_4b,only_temperature,edge,temperature_gateway,temperature,0,0,0,0,0,0.0005500000952451956,0.0007480000476789428,0.00827999974717386,644,2.5152,10.0,0.00034346666666666665
openmarcie_printer,cpu,ts_transformer,openmarcie_printer__only_temperature__qwen3_4b,qwen3_4b,only_temperature,core,core,,26556,106224,0,117937,1872448,0.3811799997492926,0.3985778999322065,0.0064299997575290035,,,,
openmarcie_printer,cpu,ts_transformer,openmarcie_printer__only_temperature__qwen3_4b,qwen3_4b,only_temperature,core,core_language,,4029108736,8071498752,256,,701925437312,1385.2588899999319,1389.6424876003493,0.7014409998191695,,,,
openmarcie_printer,cpu,patchtst,openmarcie_printer__only_temperature__qwen3_4b,qwen3_4b,only_temperature,edge,temperature_gateway,temperature,0,0,0,0,0,0.00046000013753655367,0.0007659997663722606,0.00867000017024111,644,2.5152,10.0,0.00034346666666666665
openmarcie_printer,cpu,patchtst,openmarcie_printer__only_temperature__qwen3_4b,qwen3_4b,only_temperature,core,core,,26652,106608,0,118321,1448768,0.4164899996794702,0.4502049000166153,0.006289999873843044,,,,
openmarcie_printer,cpu,patchtst,openmarcie_printer__only_temperature__qwen3_4b,qwen3_4b,only_temperature,core,core_language,,4029108736,8071498752,256,,517598061312,1346.553424999911,1346.8643029999384,0.4208000000289758,,,,
nymeria,cpu,distrixsense,nymeria__all__qwen3_4b,qwen3_4b,all,edge,head,"head_rgb,head_slam_left,head_imu_left,head_slam_right,head_imu_right,head_trajectory,head_eye_images,head_magnetometer,head_barometer,head_audio,head_gaze",3722426,14889704,0,14940639,236938752,2.4476120001963864,2.495573900068848,0.12250999998286716,957,2.7656,10.0,0.0005104
nymeria,cpu,distrixsense,nymeria__all__qwen3_4b,qwen3_4b,all,edge,left_wrist,"left_wrist_rgb,left_wrist_slam_left,left_wrist_imu_left,left_wrist_slam_right,left_wrist_imu_right,left_wrist_trajectory",140520,562080,0,589827,8396928,1.1984210000264284,1.2174200000572455,0.06875000008221832,522,2.4176,10.0,0.0002784
nymeria,cpu,distrixsense,nymeria__all__qwen3_4b,qwen3_4b,all,edge,observer,"observer_rgb,observer_slam_left,observer_imu_left,observer_slam_right,observer_imu_right,observer_trajectory,observer_eye_images,observer_magnetometer,observer_barometer,observer_audio,observer_gaze",3722426,14889704,0,14940639,236938752,2.481221999914851,2.4934898999163124,0.1238299996657588,957,2.7656,10.0,0.0005104
nymeria,cpu,distrixsense,nymeria__all__qwen3_4b,qwen3_4b,all,edge,right_wrist,"right_wrist_rgb,right_wrist_slam_left,right_wrist_imu_left,right_wrist_slam_right,right_wrist_imu_right,right_wrist_trajectory",140520,562080,0,589827,8396928,1.1935219999941182,1.2179381000350986,0.06791000032535521,522,2.4176,10.0,0.0002784
nymeria,cpu,distrixsense,nymeria__all__qwen3_4b,qwen3_4b,all,edge,scene,pointcloud,8692,34768,0,39859,462592,0.17342999990432872,0.18766799994409666,0.012519999927462777,87,2.0696,10.0,4.64e-05
nymeria,cpu,distrixsense,nymeria__all__qwen3_4b,qwen3_4b,all,edge,xsens,"body_position,body_orientation,body_velocity,body_acceleration,joint_angles,foot_contacts",128312,513248,0,540995,7611392,1.1818009998023626,1.1842129996693984,0.0683200000821671,522,2.4176,10.0,0.0002784
nymeria,cpu,distrixsense,nymeria__all__qwen3_4b,qwen3_4b,all,core,core,,71988,287952,0,299886,44828608,2.016351999827748,2.0407420001447463,0.38984999991953373,,,,
nymeria,cpu,distrixsense,nymeria__all__qwen3_4b,qwen3_4b,all,core,core_language,,4029108736,8071498752,256,,3562078792576,2253.0045860003156,2256.1802567000086,4.521844000009878,,,,
nymeria,cpu,dense,nymeria__all__qwen3_4b,qwen3_4b,all,edge,head,"head_rgb,head_slam_left,head_imu_left,head_slam_right,head_imu_right,head_trajectory,head_eye_images,head_magnetometer,head_barometer,head_audio,head_gaze",3684674,14738696,0,14764251,235491328,2.0306609999352077,2.050605899785296,0.09028000022226479,47564,40.0512,10.0,0.025367466666666668
nymeria,cpu,dense,nymeria__all__qwen3_4b,qwen3_4b,all,edge,left_wrist,"left_wrist_rgb,left_wrist_slam_left,left_wrist_imu_left,left_wrist_slam_right,left_wrist_imu_right,left_wrist_trajectory",119928,479712,0,493715,7607424,0.9415910003554018,0.9558020002714329,0.050039999678119784,25944,22.7552,10.0,0.0138368
nymeria,cpu,dense,nymeria__all__qwen3_4b,qwen3_4b,all,edge,observer,"observer_rgb,observer_slam_left,observer_imu_left,observer_slam_right,observer_imu_right,observer_trajectory,observer_eye_images,observer_magnetometer,observer_barometer,observer_audio,observer_gaze",3684674,14738696,0,14764251,235491328,2.0383410001159064,2.0993078999708814,0.0909599998522026,47564,40.0512,10.0,0.025367466666666668
nymeria,cpu,dense,nymeria__all__qwen3_4b,qwen3_4b,all,edge,right_wrist,"right_wrist_rgb,right_wrist_slam_left,right_wrist_imu_left,right_wrist_slam_right,right_wrist_imu_right,right_wrist_trajectory",119928,479712,0,493715,7607424,0.9442609998586704,0.9586249997937557,0.05056999998487299,25944,22.7552,10.0,0.0138368
nymeria,cpu,dense,nymeria__all__qwen3_4b,qwen3_4b,all,edge,scene,pointcloud,5260,21040,0,24141,331008,0.1222199998665019,0.1303829998960282,0.008989999969344353,4324,5.4592,10.0,0.0023061333333333333
nymeria,cpu,dense,nymeria__all__qwen3_4b,qwen3_4b,all,edge,xsens,"body_position,body_orientation,body_velocity,body_acceleration,joint_angles,foot_contacts",107720,430880,0,444819,6821888,0.9040710001499974,0.9189840000090044,0.05030000011174707,25944,22.7552,10.0,0.0138368
nymeria,cpu,dense,nymeria__all__qwen3_4b,qwen3_4b,all,core,core,,30004,120016,0,131633,509654464,8.181098000022757,8.250667100173814,0.2868799997486349,,,,
nymeria,cpu,dense,nymeria__all__qwen3_4b,qwen3_4b,all,core,core_language,,4029108736,8071498752,256,,11839265494912,5250.546386999758,5362.09360379994,16.45336399997177,,,,
nymeria,cpu,dense_tokens,nymeria__all__qwen3_4b,qwen3_4b,all,edge,head,"head_rgb,head_slam_left,head_imu_left,head_slam_right,head_imu_right,head_trajectory,head_eye_images,head_magnetometer,head_barometer,head_audio,head_gaze",3710810,14843240,0,14887883,236758528,2.37674199979665,2.426206000154707,0.08388000014747377,12100,11.68,10.0,0.0064533333333333335
nymeria,cpu,dense_tokens,nymeria__all__qwen3_4b,qwen3_4b,all,edge,left_wrist,"left_wrist_rgb,left_wrist_slam_left,left_wrist_imu_left,left_wrist_slam_right,left_wrist_imu_right,left_wrist_trajectory",134184,536736,0,561063,8298624,1.1503710002216394,1.1731688997770107,0.0465299999632407,6600,7.28,10.0,0.00352
nymeria,cpu,dense_tokens,nymeria__all__qwen3_4b,qwen3_4b,all,edge,observer,"observer_rgb,observer_slam_left,observer_imu_left,observer_slam_right,observer_imu_right,observer_trajectory,observer_eye_images,observer_magnetometer,observer_barometer,observer_audio,observer_gaze",3710810,14843240,0,14887883,236758528,2.3823620003895485,2.408633000050031,0.08300000035887933,12100,11.68,10.0,0.0064533333333333335
nymeria,cpu,dense_tokens,nymeria__all__qwen3_4b,qwen3_4b,all,edge,right_wrist,"right_wrist_rgb,right_wrist_slam_left,right_wrist_imu_left,right_wrist_slam_right,right_wrist_imu_right,right_wrist_trajectory",134184,536736,0,561063,8298624,1.1549109999577922,1.173847000245587,0.046720000227651326,6600,7.28,10.0,0.00352
nymeria,cpu,dense_tokens,nymeria__all__qwen3_4b,qwen3_4b,all,edge,scene,pointcloud,7636,30544,0,35129,446208,0.16467999967062497,0.1860189999206341,0.00833000012789853,1100,2.88,10.0,0.0005866666666666667
nymeria,cpu,dense_tokens,nymeria__all__qwen3_4b,qwen3_4b,all,edge,xsens,"body_position,body_orientation,body_velocity,body_acceleration,joint_angles,foot_contacts",121976,487904,0,512167,7513088,1.1046310000892845,1.1229909999201482,0.04702000023826258,6600,7.28,10.0,0.00352
nymeria,cpu,dense_tokens,nymeria__all__qwen3_4b,qwen3_4b,all,core,core,,30004,120016,0,131633,44828608,1.6337309998561977,1.6682919002505514,0.2665810002326907,,,,
nymeria,cpu,dense_tokens,nymeria__all__qwen3_4b,qwen3_4b,all,core,core_language,,4029108736,8071498752,256,,3562078792576,2253.0045860003156,2256.1802567000086,4.346663999967859,,,,
nymeria,cpu,raw,nymeria__all__qwen3_4b,qwen3_4b,all,edge,head,"head_rgb,head_slam_left,head_imu_left,head_slam_right,head_imu_right,head_trajectory,head_eye_images,head_magnetometer,head_barometer,head_audio,head_gaze",0,0,0,0,0,0.0015699997675255872,0.0019570001768443035,0.39819999983592425,4496928,3599.5424,10.0,2.3983616
nymeria,cpu,raw,nymeria__all__qwen3_4b,qwen3_4b,all,edge,left_wrist,"left_wrist_rgb,left_wrist_slam_left,left_wrist_imu_left,left_wrist_slam_right,left_wrist_imu_right,left_wrist_trajectory",0,0,0,0,0,0.000940000063565094,0.0011559998256416293,0.10811999982252019,307480,247.984,10.0,0.16398933333333332
nymeria,cpu,raw,nymeria__all__qwen3_4b,qwen3_4b,all,edge,observer,"observer_rgb,observer_slam_left,observer_imu_left,observer_slam_right,observer_imu_right,observer_trajectory,observer_eye_images,observer_magnetometer,observer_barometer,observer_audio,observer_gaze",0,0,0,0,0,0.0016200001482502557,0.0016290000530716497,0.36589100000128383,4496928,3599.5424,10.0,2.3983616
nymeria,cpu,raw,nymeria__all__qwen3_4b,qwen3_4b,all,edge,right_wrist,"right_wrist_rgb,right_wrist_slam_left,right_wrist_imu_left,right_wrist_slam_right,right_wrist_imu_right,right_wrist_trajectory",0,0,0,0,0,0.000940000063565094,0.0010749998637038516,0.10837000036190148,307480,247.984,10.0,0.16398933333333332
nymeria,cpu,raw,nymeria__all__qwen3_4b,qwen3_4b,all,edge,scene,pointcloud,0,0,0,0,0,0.00046000013753655367,0.0005769997187599074,0.008060000254772604,96,2.0768,10.0,5.12e-05
nymeria,cpu,raw,nymeria__all__qwen3_4b,qwen3_4b,all,edge,xsens,"body_position,body_orientation,body_velocity,body_acceleration,joint_angles,foot_contacts",0,0,0,0,0,0.0011299998732283711,0.001165999901786563,0.12809000008928706,1109456,889.5648,10.0,0.5917098666666667
nymeria,cpu,raw,nymeria__all__qwen3_4b,qwen3_4b,all,core,core,,7752188,31008752,0,31120995,1003004864,15.961744999913208,16.10560909975902,0.7781600002090272,,,,
nymeria,cpu,raw,nymeria__all__qwen3_4b,qwen3_4b,all,core,core_language,,4029108736,8071498752,256,,11839265494912,5250.546386999758,5362.09360379994,16.20138499993118,,,,
nymeria,cpu,early_fusion,nymeria__all__qwen3_4b,qwen3_4b,all,edge,head,"head_rgb,head_slam_left,head_imu_left,head_slam_right,head_imu_right,head_trajectory,head_eye_images,head_magnetometer,head_barometer,head_audio,head_gaze",0,0,0,0,0,0.0015600003280269448,0.0019200002043362474,0.3487599997242796,4496928,3599.5424,10.0,2.3983616
nymeria,cpu,early_fusion,nymeria__all__qwen3_4b,qwen3_4b,all,edge,left_wrist,"left_wrist_rgb,left_wrist_slam_left,left_wrist_imu_left,left_wrist_slam_right,left_wrist_imu_right,left_wrist_trajectory",0,0,0,0,0,0.0010700000530050602,0.0012319999768806156,0.11055000004489557,307480,247.984,10.0,0.16398933333333332
nymeria,cpu,early_fusion,nymeria__all__qwen3_4b,qwen3_4b,all,edge,observer,"observer_rgb,observer_slam_left,observer_imu_left,observer_slam_right,observer_imu_right,observer_trajectory,observer_eye_images,observer_magnetometer,observer_barometer,observer_audio,observer_gaze",0,0,0,0,0,0.001529999735794263,0.0016649999452056363,0.3401499998290092,4496928,3599.5424,10.0,2.3983616
nymeria,cpu,early_fusion,nymeria__all__qwen3_4b,qwen3_4b,all,edge,right_wrist,"right_wrist_rgb,right_wrist_slam_left,right_wrist_imu_left,right_wrist_slam_right,right_wrist_imu_right,right_wrist_trajectory",0,0,0,0,0,0.0009199998203257564,0.001010000096357544,0.11089000008723815,307480,247.984,10.0,0.16398933333333332
nymeria,cpu,early_fusion,nymeria__all__qwen3_4b,qwen3_4b,all,edge,scene,pointcloud,0,0,0,0,0,0.00046000013753655367,0.0005590003183897352,0.00794000015957863,96,2.0768,10.0,5.12e-05
nymeria,cpu,early_fusion,nymeria__all__qwen3_4b,qwen3_4b,all,edge,xsens,"body_position,body_orientation,body_velocity,body_acceleration,joint_angles,foot_contacts",0,0,0,0,0,0.0009899999895424116,0.0010439998277433915,0.13540000009015785,1109456,889.5648,10.0,0.5917098666666667
nymeria,cpu,early_fusion,nymeria__all__qwen3_4b,qwen3_4b,all,core,core,,6923516,27694064,0,27755623,442477504,5.882615000246005,5.958674000112296,0.7469610000043758,,,,
nymeria,cpu,early_fusion,nymeria__all__qwen3_4b,qwen3_4b,all,core,core_language,,4029108736,8071498752,256,,1295665878912,1607.4425179999707,1738.7781680000444,0.9082909996322996,,,,
nymeria,cpu,late_fusion,nymeria__all__qwen3_4b,qwen3_4b,all,edge,head,"head_rgb,head_slam_left,head_imu_left,head_slam_right,head_imu_right,head_trajectory,head_eye_images,head_magnetometer,head_barometer,head_audio,head_gaze",3688304,14753216,0,14784675,235498368,2.1466919997692457,2.1744570000009844,0.07843999992473982,968,2.7744,10.0,0.0005162666666666667
nymeria,cpu,late_fusion,nymeria__all__qwen3_4b,qwen3_4b,all,edge,left_wrist,"left_wrist_rgb,left_wrist_slam_left,left_wrist_imu_left,left_wrist_slam_right,left_wrist_imu_right,left_wrist_trajectory",121908,487632,0,504815,7611264,1.0100210001837695,1.0307030000149098,0.04366000030131545,528,2.4224,10.0,0.0002816
nymeria,cpu,late_fusion,nymeria__all__qwen3_4b,qwen3_4b,all,edge,observer,"observer_rgb,observer_slam_left,observer_imu_left,observer_slam_right,observer_imu_right,observer_trajectory,observer_eye_images,observer_magnetometer,observer_barometer,observer_audio,observer_gaze",3688304,14753216,0,14784675,235498368,2.1476019996953255,2.172117999907641,0.08019000006243004,968,2.7744,10.0,0.0005162666666666667
nymeria,cpu,late_fusion,nymeria__all__qwen3_4b,qwen3_4b,all,edge,right_wrist,"right_wrist_rgb,right_wrist_slam_left,right_wrist_imu_left,right_wrist_slam_right,right_wrist_imu_right,right_wrist_trajectory",121908,487632,0,504815,7611264,1.022631000068941,1.0420799998428265,0.044490000163932564,528,2.4224,10.0,0.0002816
nymeria,cpu,late_fusion,nymeria__all__qwen3_4b,qwen3_4b,all,edge,scene,pointcloud,5590,22360,0,25861,331648,0.13328000022738706,0.14639299988630228,0.00802000022304128,88,2.0704,10.0,4.6933333333333333e-05
nymeria,cpu,late_fusion,nymeria__all__qwen3_4b,qwen3_4b,all,edge,xsens,"body_position,body_orientation,body_velocity,body_acceleration,joint_angles,foot_contacts",109700,438800,0,455919,6825728,0.9666509999988193,0.9909420001349645,0.04424999997354462,528,2.4224,10.0,0.0002816
nymeria,cpu,late_fusion,nymeria__all__qwen3_4b,qwen3_4b,all,core,core,,0,0,0,0,0,0.2420800001345924,0.2528890000121464,0.23792999991201214,,,,
nymeria,cpu,late_fusion,nymeria__all__qwen3_4b,qwen3_4b,all,core,core_language,,4022468096,8044936192,256,,1183339794432,1516.301015999943,1520.311573500021,0.31655099974159384,,,,
nymeria,cpu,local_only,nymeria__all__qwen3_4b,qwen3_4b,all,edge,head,"head_rgb,head_slam_left,head_imu_left,head_slam_right,head_imu_right,head_trajectory,head_eye_images,head_magnetometer,head_barometer,head_audio,head_gaze",3688304,14753216,0,14784675,235498368,2.171681999698194,2.181644999927812,0.0779400002102193,572,2.4576000000000002,10.0,0.0003050666666666667
nymeria,cpu,local_only,nymeria__all__qwen3_4b,qwen3_4b,all,edge,left_wrist,"left_wrist_rgb,left_wrist_slam_left,left_wrist_imu_left,left_wrist_slam_right,left_wrist_imu_right,left_wrist_trajectory",121908,487632,0,504815,7611264,1.0127999998985615,1.0396568999112787,0.043870000354218064,312,2.2496,10.0,0.0001664
nymeria,cpu,local_only,nymeria__all__qwen3_4b,qwen3_4b,all,edge,observer,"observer_rgb,observer_slam_left,observer_imu_left,observer_slam_right,observer_imu_right,observer_trajectory,observer_eye_images,observer_magnetometer,observer_barometer,observer_audio,observer_gaze",3688304,14753216,0,14784675,235498368,2.154461999907653,2.174306999995679,0.07781000022077933,572,2.4576000000000002,10.0,0.0003050666666666667
nymeria,cpu,local_only,nymeria__all__qwen3_4b,qwen3_4b,all,edge,right_wrist,"right_wrist_rgb,right_wrist_slam_left,right_wrist_imu_left,right_wrist_slam_right,right_wrist_imu_right,right_wrist_trajectory",121908,487632,0,504815,7611264,1.0112109998772212,1.0680819996650825,0.044100000195612665,312,2.2496,10.0,0.0001664
nymeria,cpu,local_only,nymeria__all__qwen3_4b,qwen3_4b,all,edge,scene,pointcloud,5590,22360,0,25861,331648,0.1333899999735877,0.14937399996597378,0.00796999984231661,52,2.0416,10.0,2.7733333333333334e-05
nymeria,cpu,local_only,nymeria__all__qwen3_4b,qwen3_4b,all,edge,xsens,"body_position,body_orientation,body_velocity,body_acceleration,joint_angles,foot_contacts",109700,438800,0,455919,6825728,0.996390999716823,1.0244439997677546,0.043679999635060085,312,2.2496,10.0,0.0001664
nymeria,cpu,local_only,nymeria__all__qwen3_4b,qwen3_4b,all,core,core,,0,0,0,0,0,0.37977000010869233,0.39351390005322173,0.2532809999138408,,,,
nymeria,cpu,local_only,nymeria__all__qwen3_4b,qwen3_4b,all,core,core_language,,4022468096,8044936192,256,,1183339794432,1516.301015999943,1520.311573500021,0.2501200001461257,,,,
nymeria,cpu,bottleneck,nymeria__all__qwen3_4b,qwen3_4b,all,edge,head,"head_rgb,head_slam_left,head_imu_left,head_slam_right,head_imu_right,head_trajectory,head_eye_images,head_magnetometer,head_barometer,head_audio,head_gaze",3686126,14744504,0,14776227,235581440,2.13901100005387,2.1766048998870247,0.0870809999469202,7524,8.0192,10.0,0.0040128
nymeria,cpu,bottleneck,nymeria__all__qwen3_4b,qwen3_4b,all,edge,left_wrist,"left_wrist_rgb,left_wrist_slam_left,left_wrist_imu_left,left_wrist_slam_right,left_wrist_imu_right,left_wrist_trajectory",120720,482880,0,500271,7656576,1.0040199999821198,1.097647900269294,0.048410000090370886,4104,5.2832,10.0,0.0021888
nymeria,cpu,bottleneck,nymeria__all__qwen3_4b,qwen3_4b,all,edge,observer,"observer_rgb,observer_slam_left,observer_imu_left,observer_slam_right,observer_imu_right,observer_trajectory,observer_eye_images,observer_magnetometer,observer_barometer,observer_audio,observer_gaze",3686126,14744504,0,14776227,235581440,2.11750199969174,2.156237999724908,0.08775000014793477,7524,8.0192,10.0,0.0040128
nymeria,cpu,bottleneck,nymeria__all__qwen3_4b,qwen3_4b,all,edge,right_wrist,"right_wrist_rgb,right_wrist_slam_left,right_wrist_imu_left,right_wrist_slam_right,right_wrist_imu_right,right_wrist_trajectory",120720,482880,0,500271,7656576,0.9992809996219876,1.0222130002148333,0.04755000009026844,4104,5.2832,10.0,0.0021888
nymeria,cpu,bottleneck,nymeria__all__qwen3_4b,qwen3_4b,all,edge,scene,pointcloud,5392,21568,0,25093,339200,0.13460000036502606,0.14744390000487329,0.008779999916441739,684,2.5472,10.0,0.0003648
nymeria,cpu,bottleneck,nymeria__all__qwen3_4b,qwen3_4b,all,edge,xsens,"body_position,body_orientation,body_velocity,body_acceleration,joint_angles,foot_contacts",108512,434048,0,451375,6871040,0.9779609999895911,1.026147000357014,0.0487810002596234,4104,5.2832,10.0,0.0021888
nymeria,cpu,bottleneck,nymeria__all__qwen3_4b,qwen3_4b,all,core,core,,36564,146256,0,182671,509990336,8.322127000155888,8.438074900141146,0.26796099973580567,,,,
nymeria,cpu,bottleneck,nymeria__all__qwen3_4b,qwen3_4b,all,core,core_language,,4029108736,8071498752,256,,11839265494912,5250.546386999758,5362.09360379994,16.30368499991164,,,,
nymeria,cpu,tokenlearner,nymeria__all__qwen3_4b,qwen3_4b,all,edge,head,"head_rgb,head_slam_left,head_imu_left,head_slam_right,head_imu_right,head_trajectory,head_eye_images,head_magnetometer,head_barometer,head_audio,head_gaze",3699194,14796776,0,14835063,236578304,2.3301419996641926,2.3592029996962083,0.0827500002742454,12100,11.68,10.0,0.0064533333333333335
nymeria,cpu,tokenlearner,nymeria__all__qwen3_4b,qwen3_4b,all,edge,left_wrist,"left_wrist_rgb,left_wrist_slam_left,left_wrist_imu_left,left_wrist_slam_right,left_wrist_imu_right,left_wrist_trajectory",127848,511392,0,532299,8200320,1.138880999860703,1.213679999955275,0.04545999991023564,6600,7.28,10.0,0.00352
nymeria,cpu,tokenlearner,nymeria__all__qwen3_4b,qwen3_4b,all,edge,observer,"observer_rgb,observer_slam_left,observer_imu_left,observer_slam_right,observer_imu_right,observer_trajectory,observer_eye_images,observer_magnetometer,observer_barometer,observer_audio,observer_gaze",3699194,14796776,0,14835063,236578304,2.329781999833358,2.353802999959953,0.08279999974547536,12100,11.68,10.0,0.0064533333333333335
nymeria,cpu,tokenlearner,nymeria__all__qwen3_4b,qwen3_4b,all,edge,right_wrist,"right_wrist_rgb,right_wrist_slam_left,right_wrist_imu_left,right_wrist_slam_right,right_wrist_imu_right,right_wrist_trajectory",127848,511392,0,532299,8200320,1.1442210002314823,1.2394589998621086,0.04540000009001233,6600,7.28,10.0,0.00352
nymeria,cpu,tokenlearner,nymeria__all__qwen3_4b,qwen3_4b,all,edge,scene,pointcloud,6580,26320,0,30335,429824,0.1587409997227951,0.1734010998006852,0.00821999992695055,1100,2.88,10.0,0.0005866666666666667
nymeria,cpu,tokenlearner,nymeria__all__qwen3_4b,qwen3_4b,all,edge,xsens,"body_position,body_orientation,body_velocity,body_acceleration,joint_angles,foot_contacts",115640,462560,0,483403,7414784,1.075861000117584,1.1669949997667572,0.04521000028034905,6600,7.28,10.0,0.00352
nymeria,cpu,tokenlearner,nymeria__all__qwen3_4b,qwen3_4b,all,core,core,,30004,120016,0,131633,44828608,1.6047109997998632,1.732538900205327,0.2550300000621064,,,,
nymeria,cpu,tokenlearner,nymeria__all__qwen3_4b,qwen3_4b,all,core,core_language,,4029108736,8071498752,256,,3562078792576,2253.0045860003156,2256.1802567000086,4.359163999652083,,,,
nymeria,cpu,posthoc_vq,nymeria__all__qwen3_4b,qwen3_4b,all,edge,head,"head_rgb,head_slam_left,head_imu_left,head_slam_right,head_imu_right,head_trajectory,head_eye_images,head_magnetometer,head_barometer,head_audio,head_gaze",3726658,14906632,0,14932504,236212224,2.645611999923858,2.6875160000145115,0.12782000021616113,2376,3.9008000000000003,10.0,0.0012672
nymeria,cpu,posthoc_vq,nymeria__all__qwen3_4b,qwen3_4b,all,edge,left_wrist,"left_wrist_rgb,left_wrist_slam_left,left_wrist_imu_left,left_wrist_slam_right,left_wrist_imu_right,left_wrist_trajectory",161912,647648,0,661968,8000640,1.2978009999642381,1.3129840002420679,0.07248000019899337,1296,3.0368,10.0,0.0006912
nymeria,cpu,posthoc_vq,nymeria__all__qwen3_4b,qwen3_4b,all,edge,observer,"observer_rgb,observer_slam_left,observer_imu_left,observer_slam_right,observer_imu_right,observer_trajectory,observer_eye_images,observer_magnetometer,observer_barometer,observer_audio,observer_gaze",3726658,14906632,0,14932504,236212224,2.6307419998374826,2.646303900201019,0.12968999999429798,2376,3.9008000000000003,10.0,0.0012672
nymeria,cpu,posthoc_vq,nymeria__all__qwen3_4b,qwen3_4b,all,edge,right_wrist,"right_wrist_rgb,right_wrist_slam_left,right_wrist_imu_left,right_wrist_slam_right,right_wrist_imu_right,right_wrist_trajectory",161912,647648,0,661968,8000640,1.2988020002921985,1.4294720996986143,0.07154000013542827,1296,3.0368,10.0,0.0006912
nymeria,cpu,posthoc_vq,nymeria__all__qwen3_4b,qwen3_4b,all,edge,scene,pointcloud,47244,188976,0,192329,396544,0.20833100006711902,0.22235209994505567,0.013190000117901945,216,2.1728,10.0,0.0001152
nymeria,cpu,posthoc_vq,nymeria__all__qwen3_4b,qwen3_4b,all,edge,xsens,"body_position,body_orientation,body_velocity,body_acceleration,joint_angles,foot_contacts",149704,598816,0,613072,7215104,1.2644809999073914,1.2861359000908124,0.07152000034693629,1296,3.0368,10.0,0.0006912
nymeria,cpu,posthoc_vq,nymeria__all__qwen3_4b,qwen3_4b,all,core,core,,71988,287952,0,299886,509654464,8.620717999747285,8.724128000130804,0.41120099967884016,,,,
nymeria,cpu,posthoc_vq,nymeria__all__qwen3_4b,qwen3_4b,all,core,core_language,,4029108736,8071498752,256,,11839265494912,5250.546386999758,5362.09360379994,16.343074000360502,,,,
nymeria,cpu,joint_vq,nymeria__all__qwen3_4b,qwen3_4b,all,edge,head,"head_rgb,head_slam_left,head_imu_left,head_slam_right,head_imu_right,head_trajectory,head_eye_images,head_magnetometer,head_barometer,head_audio,head_gaze",3752794,15011176,0,15056073,236938752,2.9790030002914136,2.979623999863179,0.12521100006779307,957,2.7656,10.0,0.0005104
nymeria,cpu,joint_vq,nymeria__all__qwen3_4b,qwen3_4b,all,edge,left_wrist,"left_wrist_rgb,left_wrist_slam_left,left_wrist_imu_left,left_wrist_slam_right,left_wrist_imu_right,left_wrist_trajectory",176168,704672,0,729316,8396928,1.4832120000392024,1.578593100202852,0.06930000017746352,522,2.4176,10.0,0.0002784
nymeria,cpu,joint_vq,nymeria__all__qwen3_4b,qwen3_4b,all,edge,observer,"observer_rgb,observer_slam_left,observer_imu_left,observer_slam_right,observer_imu_right,observer_trajectory,observer_eye_images,observer_magnetometer,observer_barometer,observer_audio,observer_gaze",3752794,15011176,0,15056073,236938752,2.9459130000759615,2.9845499999282765,0.12448999996195198,957,2.7656,10.0,0.0005104
nymeria,cpu,joint_vq,nymeria__all__qwen3_4b,qwen3_4b,all,edge,right_wrist,"right_wrist_rgb,right_wrist_slam_left,right_wrist_imu_left,right_wrist_slam_right,right_wrist_imu_right,right_wrist_trajectory",176168,704672,0,729316,8396928,1.4578519999304262,1.4703070999985357,0.0691000000188069,522,2.4176,10.0,0.0002784
nymeria,cpu,joint_vq,nymeria__all__qwen3_4b,qwen3_4b,all,edge,scene,pointcloud,49620,198480,0,203318,462592,0.24446999987048912,0.2617869000914652,0.012790000255336054,87,2.0696,10.0,4.64e-05
nymeria,cpu,joint_vq,nymeria__all__qwen3_4b,qwen3_4b,all,edge,xsens,"body_position,body_orientation,body_velocity,body_acceleration,joint_angles,foot_contacts",163960,655840,0,680420,7611392,1.4277109999056847,1.4506970003367314,0.06885999982841895,522,2.4176,10.0,0.0002784
nymeria,cpu,joint_vq,nymeria__all__qwen3_4b,qwen3_4b,all,core,core,,71988,287952,0,299886,44828608,2.0386920000419195,2.1114749997650506,0.3693999997267383,,,,
nymeria,cpu,joint_vq,nymeria__all__qwen3_4b,qwen3_4b,all,core,core_language,,4029108736,8071498752,256,,3562078792576,2253.0045860003156,2256.1802567000086,4.328974000145536,,,,
nymeria,cpu,deepconvlstm,nymeria__all__qwen3_4b,qwen3_4b,all,edge,head,"head_rgb,head_slam_left,head_imu_left,head_slam_right,head_imu_right,head_trajectory,head_eye_images,head_magnetometer,head_barometer,head_audio,head_gaze",0,0,0,0,0,0.0015700002222729381,0.0019570002223190386,0.37943000006634975,4496928,3599.5424,10.0,2.3983616
nymeria,cpu,deepconvlstm,nymeria__all__qwen3_4b,qwen3_4b,all,edge,left_wrist,"left_wrist_rgb,left_wrist_slam_left,left_wrist_imu_left,left_wrist_slam_right,left_wrist_imu_right,left_wrist_trajectory",0,0,0,0,0,0.0009599998520570807,0.0011219997759326361,0.10834000022441614,307480,247.984,10.0,0.16398933333333332
nymeria,cpu,deepconvlstm,nymeria__all__qwen3_4b,qwen3_4b,all,edge,observer,"observer_rgb,observer_slam_left,observer_imu_left,observer_slam_right,observer_imu_right,observer_trajectory,observer_eye_images,observer_magnetometer,observer_barometer,observer_audio,observer_gaze",0,0,0,0,0,0.001469999915570952,0.001677000182098709,0.3650300000117568,4496928,3599.5424,10.0,2.3983616
nymeria,cpu,deepconvlstm,nymeria__all__qwen3_4b,qwen3_4b,all,edge,right_wrist,"right_wrist_rgb,right_wrist_slam_left,right_wrist_imu_left,right_wrist_slam_right,right_wrist_imu_right,right_wrist_trajectory",0,0,0,0,0,0.0009800000952964183,0.0009890000001178123,0.1094909998755611,307480,247.984,10.0,0.16398933333333332
nymeria,cpu,deepconvlstm,nymeria__all__qwen3_4b,qwen3_4b,all,edge,scene,pointcloud,0,0,0,0,0,0.000440000349044567,0.000467000063508749,0.00794000015957863,96,2.0768,10.0,5.12e-05
nymeria,cpu,deepconvlstm,nymeria__all__qwen3_4b,qwen3_4b,all,edge,xsens,"body_position,body_orientation,body_velocity,body_acceleration,joint_angles,foot_contacts",0,0,0,0,0,0.0008800002433417831,0.0009610002052795608,0.12749999996231054,1109456,889.5648,10.0,0.5917098666666667
nymeria,cpu,deepconvlstm,nymeria__all__qwen3_4b,qwen3_4b,all,core,core,,7626322,30505288,0,30559763,487321728,5.950836000010895,6.0690950997013715,0.7016009999460948,,,,
nymeria,cpu,deepconvlstm,nymeria__all__qwen3_4b,qwen3_4b,all,core,core_language,,4029108736,8071498752,256,,1295665878912,1607.4425179999707,1738.7781680000444,0.8064610001383699,,,,
nymeria,cpu,unrestricted_bank,nymeria__all__qwen3_4b,qwen3_4b,all,edge,head,"head_rgb,head_slam_left,head_imu_left,head_slam_right,head_imu_right,head_trajectory,head_eye_images,head_magnetometer,head_barometer,head_audio,head_gaze",4187066,16748264,0,16799263,244147712,2.8768029997081612,2.9013279998252983,0.11941000002479996,957,2.7656,10.0,0.0005104
nymeria,cpu,unrestricted_bank,nymeria__all__qwen3_4b,qwen3_4b,all,edge,left_wrist,"left_wrist_rgb,left_wrist_slam_left,left_wrist_imu_left,left_wrist_slam_right,left_wrist_imu_right,left_wrist_trajectory",393960,1575840,0,1603651,12329088,1.4250120002543554,1.4627390999066847,0.06667000025117886,522,2.4176,10.0,0.0002784
nymeria,cpu,unrestricted_bank,nymeria__all__qwen3_4b,qwen3_4b,all,edge,observer,"observer_rgb,observer_slam_left,observer_imu_left,observer_slam_right,observer_imu_right,observer_trajectory,observer_eye_images,observer_magnetometer,observer_barometer,observer_audio,observer_gaze",4187066,16748264,0,16799263,244147712,3.015692999724706,3.0485789998238033,0.12031000005663373,957,2.7656,10.0,0.0005104
nymeria,cpu,unrestricted_bank,nymeria__all__qwen3_4b,qwen3_4b,all,edge,right_wrist,"right_wrist_rgb,right_wrist_slam_left,right_wrist_imu_left,right_wrist_slam_right,right_wrist_imu_right,right_wrist_trajectory",393960,1575840,0,1603651,12329088,1.2411520001478493,1.322565100281281,0.0662899997223576,522,2.4176,10.0,0.0002784
nymeria,cpu,unrestricted_bank,nymeria__all__qwen3_4b,qwen3_4b,all,edge,scene,pointcloud,50932,203728,0,208819,1117952,0.18232000002171844,0.19275099980404775,0.012309999874560162,87,2.0696,10.0,4.64e-05
nymeria,cpu,unrestricted_bank,nymeria__all__qwen3_4b,qwen3_4b,all,edge,xsens,"body_position,body_orientation,body_velocity,body_acceleration,joint_angles,foot_contacts",381752,1527008,0,1554755,11543552,1.1900309996235592,1.3489439999375463,0.06808999978602515,522,2.4176,10.0,0.0002784
nymeria,cpu,unrestricted_bank,nymeria__all__qwen3_4b,qwen3_4b,all,core,core,,71988,287952,0,299886,44828608,1.7466009999225207,1.9050459998652514,0.37582999993901467,,,,
nymeria,cpu,unrestricted_bank,nymeria__all__qwen3_4b,qwen3_4b,all,core,core_language,,4029108736,8071498752,256,,3562078792576,2253.0045860003156,2256.1802567000086,4.423284000040439,,,,
nymeria,cpu,separate_banks,nymeria__all__qwen3_4b,qwen3_4b,all,edge,head,"head_rgb,head_slam_left,head_imu_left,head_slam_right,head_imu_right,head_trajectory,head_eye_images,head_magnetometer,head_barometer,head_audio,head_gaze",3722426,14889704,0,14940639,236938752,2.4433819999103434,2.478194899686059,0.12283100022614235,957,2.7656,10.0,0.0005104
nymeria,cpu,separate_banks,nymeria__all__qwen3_4b,qwen3_4b,all,edge,left_wrist,"left_wrist_rgb,left_wrist_slam_left,left_wrist_imu_left,left_wrist_slam_right,left_wrist_imu_right,left_wrist_trajectory",140520,562080,0,589827,8396928,1.198491000195645,1.2567030001264357,0.0690900001245609,522,2.4176,10.0,0.0002784
nymeria,cpu,separate_banks,nymeria__all__qwen3_4b,qwen3_4b,all,edge,observer,"observer_rgb,observer_slam_left,observer_imu_left,observer_slam_right,observer_imu_right,observer_trajectory,observer_eye_images,observer_magnetometer,observer_barometer,observer_audio,observer_gaze",3722426,14889704,0,14940639,236938752,2.4778020001576806,2.480169900081819,0.1251399999091518,957,2.7656,10.0,0.0005104
nymeria,cpu,separate_banks,nymeria__all__qwen3_4b,qwen3_4b,all,edge,right_wrist,"right_wrist_rgb,right_wrist_slam_left,right_wrist_imu_left,right_wrist_slam_right,right_wrist_imu_right,right_wrist_trajectory",140520,562080,0,589827,8396928,1.221971000177291,1.2368480004170124,0.06875000008221832,522,2.4176,10.0,0.0002784
nymeria,cpu,separate_banks,nymeria__all__qwen3_4b,qwen3_4b,all,edge,scene,pointcloud,8692,34768,0,39859,462592,0.17330099990431336,0.1881050996871636,0.012710000191873405,87,2.0696,10.0,4.64e-05
nymeria,cpu,separate_banks,nymeria__all__qwen3_4b,qwen3_4b,all,edge,xsens,"body_position,body_orientation,body_velocity,body_acceleration,joint_angles,foot_contacts",128312,513248,0,540995,7611392,1.1391709999770683,1.1907410001640528,0.06855999981780769,522,2.4176,10.0,0.0002784
nymeria,cpu,separate_banks,nymeria__all__qwen3_4b,qwen3_4b,all,core,core,,71988,287952,0,311862,44828608,2.0615220000763657,2.0918610000990157,0.36885100007566507,,,,
nymeria,cpu,separate_banks,nymeria__all__qwen3_4b,qwen3_4b,all,core,core_language,,4029108736,8071498752,256,,3562078792576,2253.0045860003156,2256.1802567000086,4.36322299992753,,,,
nymeria,cpu,fixed_resampling,nymeria__all__qwen3_4b,qwen3_4b,all,edge,head,"head_rgb,head_slam_left,head_imu_left,head_slam_right,head_imu_right,head_trajectory,head_eye_images,head_magnetometer,head_barometer,head_audio,head_gaze",3722426,14889704,0,14940639,26230272,2.141102000223327,3.285110899969368,0.11980999988736585,957,2.7656,10.0,0.0005104
nymeria,cpu,fixed_resampling,nymeria__all__qwen3_4b,qwen3_4b,all,edge,left_wrist,"left_wrist_rgb,left_wrist_slam_left,left_wrist_imu_left,left_wrist_slam_right,left_wrist_imu_right,left_wrist_trajectory",140520,562080,0,589827,5440512,0.8480510000481445,0.859255999830566,0.0668499997118488,522,2.4176,10.0,0.0002784
nymeria,cpu,fixed_resampling,nymeria__all__qwen3_4b,qwen3_4b,all,edge,observer,"observer_rgb,observer_slam_left,observer_imu_left,observer_slam_right,observer_imu_right,observer_trajectory,observer_eye_images,observer_magnetometer,observer_barometer,observer_audio,observer_gaze",3722426,14889704,0,14940639,26230272,1.6007609997359395,1.6603779003617092,0.12108099963370478,957,2.7656,10.0,0.0005104
nymeria,cpu,fixed_resampling,nymeria__all__qwen3_4b,qwen3_4b,all,edge,right_wrist,"right_wrist_rgb,right_wrist_slam_left,right_wrist_imu_left,right_wrist_slam_right,right_wrist_imu_right,right_wrist_trajectory",140520,562080,0,589827,5440512,0.8340800000041781,0.8534939001492603,0.0665400002617389,522,2.4176,10.0,0.0002784
nymeria,cpu,fixed_resampling,nymeria__all__qwen3_4b,qwen3_4b,all,edge,scene,pointcloud,8692,34768,0,39859,451072,0.10814999996000552,0.12012000024697045,0.012579999747686088,87,2.0696,10.0,4.64e-05
nymeria,cpu,fixed_resampling,nymeria__all__qwen3_4b,qwen3_4b,all,edge,xsens,"body_position,body_orientation,body_velocity,body_acceleration,joint_angles,foot_contacts",128312,513248,0,540995,5778432,0.7875809997131,0.8080100997631234,0.06914999994478421,522,2.4176,10.0,0.0002784
nymeria,cpu,fixed_resampling,nymeria__all__qwen3_4b,qwen3_4b,all,core,core,,71988,287952,0,299886,44828608,2.008161000048858,2.0778758998858393,0.38042000005589216,,,,
nymeria,cpu,fixed_resampling,nymeria__all__qwen3_4b,qwen3_4b,all,core,core_language,,4029108736,8071498752,256,,3562078792576,2253.0045860003156,2256.1802567000086,4.321343999890814,,,,
nymeria,cpu,finetune_encoders,nymeria__all__qwen3_4b,qwen3_4b,all,edge,head,"head_rgb,head_slam_left,head_imu_left,head_slam_right,head_imu_right,head_trajectory,head_eye_images,head_magnetometer,head_barometer,head_audio,head_gaze",3722426,14889704,0,14940639,236938752,2.4856720001480426,2.4958069001968397,0.12052000010953634,957,2.7656,10.0,0.0005104
nymeria,cpu,finetune_encoders,nymeria__all__qwen3_4b,qwen3_4b,all,edge,left_wrist,"left_wrist_rgb,left_wrist_slam_left,left_wrist_imu_left,left_wrist_slam_right,left_wrist_imu_right,left_wrist_trajectory",140520,562080,0,589827,8396928,1.1906610002370144,1.2140520000684774,0.06673999996564817,522,2.4176,10.0,0.0002784
nymeria,cpu,finetune_encoders,nymeria__all__qwen3_4b,qwen3_4b,all,edge,observer,"observer_rgb,observer_slam_left,observer_imu_left,observer_slam_right,observer_imu_right,observer_trajectory,observer_eye_images,observer_magnetometer,observer_barometer,observer_audio,observer_gaze",3722426,14889704,0,14940639,236938752,2.466153000113991,2.4940971000887657,0.1197199999296572,957,2.7656,10.0,0.0005104
nymeria,cpu,finetune_encoders,nymeria__all__qwen3_4b,qwen3_4b,all,edge,right_wrist,"right_wrist_rgb,right_wrist_slam_left,right_wrist_imu_left,right_wrist_slam_right,right_wrist_imu_right,right_wrist_trajectory",140520,562080,0,589827,8396928,1.1895009997715533,1.2134409999362106,0.06685000016659615,522,2.4176,10.0,0.0002784
nymeria,cpu,finetune_encoders,nymeria__all__qwen3_4b,qwen3_4b,all,edge,scene,pointcloud,8692,34768,0,39859,462592,0.17528999978821957,0.18828600027518405,0.012679999599640723,87,2.0696,10.0,4.64e-05
nymeria,cpu,finetune_encoders,nymeria__all__qwen3_4b,qwen3_4b,all,edge,xsens,"body_position,body_orientation,body_velocity,body_acceleration,joint_angles,foot_contacts",128312,513248,0,540995,7611392,1.1486209996292018,1.167952999821864,0.06826000026194379,522,2.4176,10.0,0.0002784
nymeria,cpu,finetune_encoders,nymeria__all__qwen3_4b,qwen3_4b,all,core,core,,71988,287952,0,299886,44828608,2.0008609999422333,2.044601900252019,0.3670309997687582,,,,
nymeria,cpu,finetune_encoders,nymeria__all__qwen3_4b,qwen3_4b,all,core,core_language,,4029108736,8071498752,256,,3562078792576,2253.0045860003156,2256.1802567000086,4.3553340001381,,,,
nymeria,cpu,no_alignment,nymeria__all__qwen3_4b,qwen3_4b,all,edge,head,"head_rgb,head_slam_left,head_imu_left,head_slam_right,head_imu_right,head_trajectory,head_eye_images,head_magnetometer,head_barometer,head_audio,head_gaze",3722426,14889704,0,14940639,236938752,2.444291999836423,2.4716519998492004,0.12341000001470093,957,2.7656,10.0,0.0005104
nymeria,cpu,no_alignment,nymeria__all__qwen3_4b,qwen3_4b,all,edge,left_wrist,"left_wrist_rgb,left_wrist_slam_left,left_wrist_imu_left,left_wrist_slam_right,left_wrist_imu_right,left_wrist_trajectory",140520,562080,0,589827,8396928,1.1867110001730907,1.2115239997001481,0.06859999984953902,522,2.4176,10.0,0.0002784
nymeria,cpu,no_alignment,nymeria__all__qwen3_4b,qwen3_4b,all,edge,observer,"observer_rgb,observer_slam_left,observer_imu_left,observer_slam_right,observer_imu_right,observer_trajectory,observer_eye_images,observer_magnetometer,observer_barometer,observer_audio,observer_gaze",3722426,14889704,0,14940639,236938752,2.4631830001453636,2.5445151003168576,0.12427999990904937,957,2.7656,10.0,0.0005104
nymeria,cpu,no_alignment,nymeria__all__qwen3_4b,qwen3_4b,all,edge,right_wrist,"right_wrist_rgb,right_wrist_slam_left,right_wrist_imu_left,right_wrist_slam_right,right_wrist_imu_right,right_wrist_trajectory",140520,562080,0,589827,8396928,1.2095509996470355,1.2445970002318063,0.06853000013506971,522,2.4176,10.0,0.0002784
nymeria,cpu,no_alignment,nymeria__all__qwen3_4b,qwen3_4b,all,edge,scene,pointcloud,8692,34768,0,39859,462592,0.17827000010584015,0.19466890021249128,0.012630000128410757,87,2.0696,10.0,4.64e-05
nymeria,cpu,no_alignment,nymeria__all__qwen3_4b,qwen3_4b,all,edge,xsens,"body_position,body_orientation,body_velocity,body_acceleration,joint_angles,foot_contacts",128312,513248,0,540995,7611392,1.144080999893049,1.16736400004811,0.06812999981775647,522,2.4176,10.0,0.0002784
nymeria,cpu,no_alignment,nymeria__all__qwen3_4b,qwen3_4b,all,core,core,,71988,287952,0,299886,44828608,2.0110420000492013,2.087334999896484,0.3679100000226754,,,,
nymeria,cpu,no_alignment,nymeria__all__qwen3_4b,qwen3_4b,all,core,core_language,,4029108736,8071498752,256,,3562078792576,2253.0045860003156,2256.1802567000086,4.324603999975807,,,,
nymeria,cpu,no_usage,nymeria__all__qwen3_4b,qwen3_4b,all,edge,head,"head_rgb,head_slam_left,head_imu_left,head_slam_right,head_imu_right,head_trajectory,head_eye_images,head_magnetometer,head_barometer,head_audio,head_gaze",3722426,14889704,0,14940639,236938752,2.4922020002122736,2.5116060000527796,0.12319999996179831,957,2.7656,10.0,0.0005104
nymeria,cpu,no_usage,nymeria__all__qwen3_4b,qwen3_4b,all,edge,left_wrist,"left_wrist_rgb,left_wrist_slam_left,left_wrist_imu_left,left_wrist_slam_right,left_wrist_imu_right,left_wrist_trajectory",140520,562080,0,589827,8396928,1.193700999920111,1.207470999997895,0.068700000156241,522,2.4176,10.0,0.0002784
nymeria,cpu,no_usage,nymeria__all__qwen3_4b,qwen3_4b,all,edge,observer,"observer_rgb,observer_slam_left,observer_imu_left,observer_slam_right,observer_imu_right,observer_trajectory,observer_eye_images,observer_magnetometer,observer_barometer,observer_audio,observer_gaze",3722426,14889704,0,14940639,236938752,2.4646130000292032,2.486887100212698,0.12513000001490582,957,2.7656,10.0,0.0005104
nymeria,cpu,no_usage,nymeria__all__qwen3_4b,qwen3_4b,all,edge,right_wrist,"right_wrist_rgb,right_wrist_slam_left,right_wrist_imu_left,right_wrist_slam_right,right_wrist_imu_right,right_wrist_trajectory",140520,562080,0,589827,8396928,1.184611000098812,1.2145720000262372,0.06836000011389842,522,2.4176,10.0,0.0002784
nymeria,cpu,no_usage,nymeria__all__qwen3_4b,qwen3_4b,all,edge,scene,pointcloud,8692,34768,0,39859,462592,0.17898000032801065,0.19262400010120473,0.012659999811148737,87,2.0696,10.0,4.64e-05
nymeria,cpu,no_usage,nymeria__all__qwen3_4b,qwen3_4b,all,edge,xsens,"body_position,body_orientation,body_velocity,body_acceleration,joint_angles,foot_contacts",128312,513248,0,540995,7611392,1.1522709996825142,1.1687679999795364,0.06796000025133253,522,2.4176,10.0,0.0002784
nymeria,cpu,no_usage,nymeria__all__qwen3_4b,qwen3_4b,all,core,core,,71988,287952,0,299886,44828608,2.0300119999774324,2.0454380001410755,0.3684400003294286,,,,
nymeria,cpu,no_usage,nymeria__all__qwen3_4b,qwen3_4b,all,core,core_language,,4029108736,8071498752,256,,3562078792576,2253.0045860003156,2256.1802567000086,4.321934000017791,,,,
nymeria,cpu,tcn,nymeria__all__qwen3_4b,qwen3_4b,all,edge,head,"head_rgb,head_slam_left,head_imu_left,head_slam_right,head_imu_right,head_trajectory,head_eye_images,head_magnetometer,head_barometer,head_audio,head_gaze",0,0,0,0,0,0.0015499999790336005,0.0018470001123205293,0.3729300001396041,4496928,3599.5424,10.0,2.3983616
nymeria,cpu,tcn,nymeria__all__qwen3_4b,qwen3_4b,all,edge,left_wrist,"left_wrist_rgb,left_wrist_slam_left,left_wrist_imu_left,left_wrist_slam_right,left_wrist_imu_right,left_wrist_trajectory",0,0,0,0,0,0.0010100002327817492,0.001117999909183709,0.10922000001301058,307480,247.984,10.0,0.16398933333333332
nymeria,cpu,tcn,nymeria__all__qwen3_4b,qwen3_4b,all,edge,observer,"observer_rgb,observer_slam_left,observer_imu_left,observer_slam_right,observer_imu_right,observer_trajectory,observer_eye_images,observer_magnetometer,observer_barometer,observer_audio,observer_gaze",0,0,0,0,0,0.0015099999473022763,0.0016360002518922556,0.3666000002340297,4496928,3599.5424,10.0,2.3983616
nymeria,cpu,tcn,nymeria__all__qwen3_4b,qwen3_4b,all,edge,right_wrist,"right_wrist_rgb,right_wrist_slam_left,right_wrist_imu_left,right_wrist_slam_right,right_wrist_imu_right,right_wrist_trajectory",0,0,0,0,0,0.0009800000952964183,0.001052000152412802,0.10935000000245054,307480,247.984,10.0,0.16398933333333332
nymeria,cpu,tcn,nymeria__all__qwen3_4b,qwen3_4b,all,edge,scene,pointcloud,0,0,0,0,0,0.0004500002432905603,0.0005850000434293179,0.007950000053824624,96,2.0768,10.0,5.12e-05
nymeria,cpu,tcn,nymeria__all__qwen3_4b,qwen3_4b,all,edge,xsens,"body_position,body_orientation,body_velocity,body_acceleration,joint_angles,foot_contacts",0,0,0,0,0,0.0009899999895424116,0.0012780002180079464,0.12766099962391309,1109456,889.5648,10.0,0.5917098666666667
nymeria,cpu,tcn,nymeria__all__qwen3_4b,qwen3_4b,all,core,core,,6908124,27632496,0,27688587,441291456,6.0880249998263025,6.42844189974312,0.7623299998158473,,,,
nymeria,cpu,tcn,nymeria__all__qwen3_4b,qwen3_4b,all,core,core_language,,4029108736,8071498752,256,,1295665878912,1607.4425179999707,1738.7781680000444,0.8498009997310874,,,,
nymeria,cpu,ts_transformer,nymeria__all__qwen3_4b,qwen3_4b,all,edge,head,"head_rgb,head_slam_left,head_imu_left,head_slam_right,head_imu_right,head_trajectory,head_eye_images,head_magnetometer,head_barometer,head_audio,head_gaze",0,0,0,0,0,0.0015499999790336005,0.001990999817280681,0.436471000284655,4496928,3599.5424,10.0,2.3983616
nymeria,cpu,ts_transformer,nymeria__all__qwen3_4b,qwen3_4b,all,edge,left_wrist,"left_wrist_rgb,left_wrist_slam_left,left_wrist_imu_left,left_wrist_slam_right,left_wrist_imu_right,left_wrist_trajectory",0,0,0,0,0,0.0009599998520570807,0.001131000090026646,0.1250899999831745,307480,247.984,10.0,0.16398933333333332
nymeria,cpu,ts_transformer,nymeria__all__qwen3_4b,qwen3_4b,all,edge,observer,"observer_rgb,observer_slam_left,observer_imu_left,observer_slam_right,observer_imu_right,observer_trajectory,observer_eye_images,observer_magnetometer,observer_barometer,observer_audio,observer_gaze",0,0,0,0,0,0.0014600000213249587,0.0015680001069995342,0.413150999975187,4496928,3599.5424,10.0,2.3983616
nymeria,cpu,ts_transformer,nymeria__all__qwen3_4b,qwen3_4b,all,edge,right_wrist,"right_wrist_rgb,right_wrist_slam_left,right_wrist_imu_left,right_wrist_slam_right,right_wrist_imu_right,right_wrist_trajectory",0,0,0,0,0,0.000970000201050425,0.0011679997442115564,0.12697000011030468,307480,247.984,10.0,0.16398933333333332
nymeria,cpu,ts_transformer,nymeria__all__qwen3_4b,qwen3_4b,all,edge,scene,pointcloud,0,0,0,0,0,0.00044999978854320943,0.0006480001502495725,0.007780000032653334,96,2.0768,10.0,5.12e-05
nymeria,cpu,ts_transformer,nymeria__all__qwen3_4b,qwen3_4b,all,edge,xsens,"body_position,body_orientation,body_velocity,body_acceleration,joint_angles,foot_contacts",0,0,0,0,0,0.0009599998520570807,0.0011219997759326361,0.3017799999724957,1109456,889.5648,10.0,0.5917098666666667
nymeria,cpu,ts_transformer,nymeria__all__qwen3_4b,qwen3_4b,all,core,core,,6920988,27683952,0,27743667,442340032,6.399805000000924,6.451960899721598,0.7531409996772709,,,,
nymeria,cpu,ts_transformer,nymeria__all__qwen3_4b,qwen3_4b,all,core,core_language,,4029108736,8071498752,256,,1295665878912,1607.4425179999707,1738.7781680000444,0.8234509996327688,,,,
nymeria,cpu,patchtst,nymeria__all__qwen3_4b,qwen3_4b,all,edge,head,"head_rgb,head_slam_left,head_imu_left,head_slam_right,head_imu_right,head_trajectory,head_eye_images,head_magnetometer,head_barometer,head_audio,head_gaze",0,0,0,0,0,0.001600000359758269,0.0018699999600357842,0.3718709999702696,4496928,3599.5424,10.0,2.3983616
nymeria,cpu,patchtst,nymeria__all__qwen3_4b,qwen3_4b,all,edge,left_wrist,"left_wrist_rgb,left_wrist_slam_left,left_wrist_imu_left,left_wrist_slam_right,left_wrist_imu_right,left_wrist_trajectory",0,0,0,0,0,0.0009599998520570807,0.0010679999377316562,0.1100399999813817,307480,247.984,10.0,0.16398933333333332
nymeria,cpu,patchtst,nymeria__all__qwen3_4b,qwen3_4b,all,edge,observer,"observer_rgb,observer_slam_left,observer_imu_left,observer_slam_right,observer_imu_right,observer_trajectory,observer_eye_images,observer_magnetometer,observer_barometer,observer_audio,observer_gaze",0,0,0,0,0,0.0015300001905416138,0.0016560000858589774,0.3644809999059362,4496928,3599.5424,10.0,2.3983616
nymeria,cpu,patchtst,nymeria__all__qwen3_4b,qwen3_4b,all,edge,right_wrist,"right_wrist_rgb,right_wrist_slam_left,right_wrist_imu_left,right_wrist_slam_right,right_wrist_imu_right,right_wrist_trajectory",0,0,0,0,0,0.0009300001693191007,0.001109999902837444,0.10975999975926243,307480,247.984,10.0,0.16398933333333332
nymeria,cpu,patchtst,nymeria__all__qwen3_4b,qwen3_4b,all,edge,scene,pointcloud,0,0,0,0,0,0.0004200001058052294,0.0004919997536489973,0.007850000201869989,96,2.0768,10.0,5.12e-05
nymeria,cpu,patchtst,nymeria__all__qwen3_4b,qwen3_4b,all,edge,xsens,"body_position,body_orientation,body_velocity,body_acceleration,joint_angles,foot_contacts",0,0,0,0,0,0.0010000003385357559,0.0011170003290317254,0.1296610003009846,1109456,889.5648,10.0,0.5917098666666667
nymeria,cpu,patchtst,nymeria__all__qwen3_4b,qwen3_4b,all,core,core,,6744572,26978288,0,27038003,2403034176,15.881044000252587,16.237651000028563,0.7922109998617088,,,,
nymeria,cpu,patchtst,nymeria__all__qwen3_4b,qwen3_4b,all,core,core_language,,4029108736,8071498752,256,,1108979206912,1493.1723859999693,1496.7591406999873,0.6542509995597356,,,,
nymeria,cpu,distrixsense,nymeria__only_audio__qwen3_4b,qwen3_4b,only_audio,edge,head,head_audio,3539804,14159216,0,14164403,226225024,0.6862509999336908,0.7202530000995466,0.01250000013897079,82,2.0656,10.0,4.373333333333333e-05
nymeria,cpu,distrixsense,nymeria__only_audio__qwen3_4b,qwen3_4b,only_audio,edge,observer,observer_audio,3539804,14159216,0,14164403,226225024,0.6838310000603087,0.776189000271188,0.012580000202433439,82,2.0656,10.0,4.373333333333333e-05
nymeria,cpu,distrixsense,nymeria__only_audio__qwen3_4b,qwen3_4b,only_audio,core,core,,29556,118224,0,130158,956416,0.28044999999110587,0.30379599988918926,0.01762000010785414,,,,
nymeria,cpu,distrixsense,nymeria__only_audio__qwen3_4b,qwen3_4b,only_audio,core,core_language,,4029108736,8071498752,256,,598584731776,1365.3680319998784,1392.2720164000566,0.5490710000231047,,,,
nymeria,cpu,dense,nymeria__only_audio__qwen3_4b,qwen3_4b,only_audio,edge,head,head_audio,3536372,14145488,0,14148749,226093440,0.609239999903366,0.6357189002301311,0.009269999736716272,4324,5.4592,10.0,0.0023061333333333333
nymeria,cpu,dense,nymeria__only_audio__qwen3_4b,qwen3_4b,only_audio,edge,observer,observer_audio,3536372,14145488,0,14148749,226093440,0.6138700000519748,0.6396469000264915,0.008819999948173063,4324,5.4592,10.0,0.0023061333333333333
nymeria,cpu,dense,nymeria__only_audio__qwen3_4b,qwen3_4b,only_audio,core,core,,27508,110032,0,121649,4461568,0.2719899998737674,0.28691200004686834,0.011950000043725595,,,,
nymeria,cpu,dense,nymeria__only_audio__qwen3_4b,qwen3_4b,only_audio,core,core_language,,4029108736,8071498752,256,,953767313536,1456.824762999986,1456.8868270001076,1.1395010001251649,,,,
nymeria,cpu,dense_tokens,nymeria__only_audio__qwen3_4b,qwen3_4b,only_audio,edge,head,head_audio,3538748,14154992,0,14159673,226208640,0.64757100017232,0.6839841002147296,0.008320000233652536,1100,2.88,10.0,0.0005866666666666667
nymeria,cpu,dense_tokens,nymeria__only_audio__qwen3_4b,qwen3_4b,only_audio,edge,observer,observer_audio,3538748,14154992,0,14159673,226208640,0.6450309997489967,0.662796099732077,0.008510000043315813,1100,2.88,10.0,0.0005866666666666667
nymeria,cpu,dense_tokens,nymeria__only_audio__qwen3_4b,qwen3_4b,only_audio,core,core,,27508,110032,0,121649,956416,0.2289200001541758,0.25547900004312396,0.011780000022554304,,,,
nymeria,cpu,dense_tokens,nymeria__only_audio__qwen3_4b,qwen3_4b,only_audio,core,core_language,,4029108736,8071498752,256,,598584731776,1365.3680319998784,1392.2720164000566,0.5461709997689468,,,,
nymeria,cpu,raw,nymeria__only_audio__qwen3_4b,qwen3_4b,only_audio,edge,head,head_audio,0,0,0,0,0,0.000470000031782547,0.0007310001365112839,0.25207099997714977,4116076,3294.8608,10.0,2.195240533333333
nymeria,cpu,raw,nymeria__only_audio__qwen3_4b,qwen3_4b,only_audio,edge,observer,observer_audio,0,0,0,0,0,0.000470000031782547,0.0006499997653008904,0.2183599999625585,4116076,3294.8608,10.0,2.195240533333333
nymeria,cpu,raw,nymeria__only_audio__qwen3_4b,qwen3_4b,only_audio,core,core,,7100252,28401008,0,28417921,456648448,1.5567209998152975,1.741959900027723,0.38285000027826754,,,,
nymeria,cpu,raw,nymeria__only_audio__qwen3_4b,qwen3_4b,only_audio,core,core_language,,4029108736,8071498752,256,,953767313536,1456.824762999986,1456.8868270001076,1.0942710000563238,,,,
nymeria,cpu,early_fusion,nymeria__only_audio__qwen3_4b,qwen3_4b,only_audio,edge,head,head_audio,0,0,0,0,0,0.0005199999577598646,0.0008080001862253994,0.22312100009003188,4116076,3294.8608,10.0,2.195240533333333
nymeria,cpu,early_fusion,nymeria__only_audio__qwen3_4b,qwen3_4b,only_audio,edge,observer,observer_audio,0,0,0,0,0,0.0004699995770351961,0.0005420000434241956,0.1910700002554222,4116076,3294.8608,10.0,2.195240533333333
nymeria,cpu,early_fusion,nymeria__only_audio__qwen3_4b,qwen3_4b,only_audio,core,core,,6633532,26534128,0,26549139,424316672,1.3088309997328906,1.3531839001188928,0.3263400003561401,,,,
nymeria,cpu,early_fusion,nymeria__only_audio__qwen3_4b,qwen3_4b,only_audio,core,core_language,,4029108736,8071498752,256,,716676935808,1399.8039619996234,1405.6795274001615,0.713881000137917,,,,
nymeria,cpu,late_fusion,nymeria__only_audio__qwen3_4b,qwen3_4b,only_audio,edge,head,head_audio,3536702,14146808,0,14150405,226094080,0.8361800000784569,0.8663128998250613,0.008259999958681874,88,2.0704,10.0,4.6933333333333333e-05
nymeria,cpu,late_fusion,nymeria__only_audio__qwen3_4b,qwen3_4b,only_audio,edge,observer,observer_audio,3536702,14146808,0,14150405,226094080,0.654239999676065,0.6740499001352873,0.007859999641368631,88,2.0704,10.0,4.6933333333333333e-05
nymeria,cpu,late_fusion,nymeria__only_audio__qwen3_4b,qwen3_4b,only_audio,core,core,,0,0,0,0,0,0.03048999997190549,0.04105599996364617,0.010960000054183183,,,,
nymeria,cpu,late_fusion,nymeria__only_audio__qwen3_4b,qwen3_4b,only_audio,core,core_language,,4022468096,8044936192,256,,605731039488,1367.6060029997643,1369.0499828002885,0.19049999991693767,,,,
nymeria,cpu,local_only,nymeria__only_audio__qwen3_4b,qwen3_4b,only_audio,edge,head,head_audio,3536702,14146808,0,14150405,226094080,0.6238910000320175,0.6391270997482934,0.00777000013840734,52,2.0416,10.0,2.7733333333333334e-05
nymeria,cpu,local_only,nymeria__only_audio__qwen3_4b,qwen3_4b,only_audio,edge,observer,observer_audio,3536702,14146808,0,14150405,226094080,0.6554209999194427,0.6971171001623588,0.007740000000922009,52,2.0416,10.0,2.7733333333333334e-05
nymeria,cpu,local_only,nymeria__only_audio__qwen3_4b,qwen3_4b,only_audio,core,core,,0,0,0,0,0,0.03804000016316422,0.04565399985949625,0.010989999736921163,,,,
nymeria,cpu,local_only,nymeria__only_audio__qwen3_4b,qwen3_4b,only_audio,core,core_language,,4022468096,8044936192,256,,605731039488,1367.6060029997643,1369.0499828002885,0.1833200003602542,,,,
nymeria,cpu,bottleneck,nymeria__only_audio__qwen3_4b,qwen3_4b,only_audio,edge,head,head_audio,3536504,14146016,0,14149637,226101632,0.8141000002979126,0.8464558998639404,0.008799999704933725,684,2.5472,10.0,0.0003648
nymeria,cpu,bottleneck,nymeria__only_audio__qwen3_4b,qwen3_4b,only_audio,edge,observer,observer_audio,3536504,14146016,0,14149637,226101632,0.6106000000727363,0.6194838998453633,0.00866999971549376,684,2.5472,10.0,0.0003648
nymeria,cpu,bottleneck,nymeria__only_audio__qwen3_4b,qwen3_4b,only_audio,core,core,,27828,111312,0,124133,4477952,0.2676009999049711,0.2971201000036672,0.011439999980211724,,,,
nymeria,cpu,bottleneck,nymeria__only_audio__qwen3_4b,qwen3_4b,only_audio,core,core_language,,4029108736,8071498752,256,,953767313536,1456.824762999986,1456.8868270001076,1.1024810000890284,,,,
nymeria,cpu,tokenlearner,nymeria__only_audio__qwen3_4b,qwen3_4b,only_audio,edge,head,head_audio,3537692,14150768,0,14154943,226192256,0.7183910001913318,0.8942231000219181,0.008229999821196543,1100,2.88,10.0,0.0005866666666666667
nymeria,cpu,tokenlearner,nymeria__only_audio__qwen3_4b,qwen3_4b,only_audio,edge,observer,observer_audio,3537692,14150768,0,14154943,226192256,0.6819509999331785,0.6995910000114236,0.008210000032704556,1100,2.88,10.0,0.0005866666666666667
nymeria,cpu,tokenlearner,nymeria__only_audio__qwen3_4b,qwen3_4b,only_audio,core,core,,27508,110032,0,121649,956416,0.2264499999000691,0.25361289995089464,0.01188000032925629,,,,
nymeria,cpu,tokenlearner,nymeria__only_audio__qwen3_4b,qwen3_4b,only_audio,core,core_language,,4029108736,8071498752,256,,598584731776,1365.3680319998784,1392.2720164000566,0.5244700000730518,,,,
nymeria,cpu,posthoc_vq,nymeria__only_audio__qwen3_4b,qwen3_4b,only_audio,edge,head,head_audio,3538420,14153680,0,14157129,226158976,0.7029710000097111,0.7359640997947281,0.013810000382363796,196,2.1568,10.0,0.00010453333333333333
nymeria,cpu,posthoc_vq,nymeria__only_audio__qwen3_4b,qwen3_4b,only_audio,edge,observer,observer_audio,3538420,14153680,0,14157129,226158976,0.6957499999771244,0.7092508996265678,0.013509999917005189,196,2.1568,10.0,0.00010453333333333333
nymeria,cpu,posthoc_vq,nymeria__only_audio__qwen3_4b,qwen3_4b,only_audio,core,core,,29556,118224,0,130158,4461568,0.3145699997730844,0.3352070000801177,0.01854999982242589,,,,
nymeria,cpu,posthoc_vq,nymeria__only_audio__qwen3_4b,qwen3_4b,only_audio,core,core_language,,4029108736,8071498752,256,,953767313536,1456.824762999986,1456.8868270001076,1.1045010000998445,,,,
nymeria,cpu,joint_vq,nymeria__only_audio__qwen3_4b,qwen3_4b,only_audio,edge,head,head_audio,3540796,14163184,0,14168118,226225024,0.7304199998543481,0.7557198999620596,0.012749999768857379,82,2.0656,10.0,4.373333333333333e-05
nymeria,cpu,joint_vq,nymeria__only_audio__qwen3_4b,qwen3_4b,only_audio,edge,observer,observer_audio,3540796,14163184,0,14168118,226225024,0.7173909998527961,0.7355979996646056,0.01283999972656602,82,2.0656,10.0,4.373333333333333e-05
nymeria,cpu,joint_vq,nymeria__only_audio__qwen3_4b,qwen3_4b,only_audio,core,core,,29556,118224,0,130158,956416,0.27471999965200666,0.3042678998554038,0.017740000203048112,,,,
nymeria,cpu,joint_vq,nymeria__only_audio__qwen3_4b,qwen3_4b,only_audio,core,core_language,,4029108736,8071498752,256,,598584731776,1365.3680319998784,1392.2720164000566,0.5185009999877366,,,,
nymeria,cpu,deepconvlstm,nymeria__only_audio__qwen3_4b,qwen3_4b,only_audio,edge,head,head_audio,0,0,0,0,0,0.0005100000635138713,0.0009149998732027598,0.24622000000817934,4116076,3294.8608,10.0,2.195240533333333
nymeria,cpu,deepconvlstm,nymeria__only_audio__qwen3_4b,qwen3_4b,only_audio,edge,observer,observer_audio,0,0,0,0,0,0.0005400002009992022,0.0006029999440215761,0.18812999996953295,4116076,3294.8608,10.0,2.195240533333333
nymeria,cpu,deepconvlstm,nymeria__only_audio__qwen3_4b,qwen3_4b,only_audio,core,core,,7099186,28396744,0,28404885,453825920,1.309761000356957,1.4038829999208247,0.3258910001022741,,,,
nymeria,cpu,deepconvlstm,nymeria__only_audio__qwen3_4b,qwen3_4b,only_audio,core,core_language,,4029108736,8071498752,256,,716676935808,1399.8039619996234,1405.6795274001615,0.7115809999049816,,,,
nymeria,cpu,unrestricted_bank,nymeria__only_audio__qwen3_4b,qwen3_4b,only_audio,edge,head,head_audio,3540860,14163440,0,14168627,226241408,0.6477810002252227,0.6845631000487629,0.01275000022360473,82,2.0656,10.0,4.373333333333333e-05
nymeria,cpu,unrestricted_bank,nymeria__only_audio__qwen3_4b,qwen3_4b,only_audio,edge,observer,observer_audio,3540860,14163440,0,14168627,226241408,0.6406710003830085,0.6572120998043829,0.012569999853440095,82,2.0656,10.0,4.373333333333333e-05
nymeria,cpu,unrestricted_bank,nymeria__only_audio__qwen3_4b,qwen3_4b,only_audio,core,core,,29556,118224,0,130158,956416,0.24166000002878718,0.2624769996600662,0.017920000118465396,,,,
nymeria,cpu,unrestricted_bank,nymeria__only_audio__qwen3_4b,qwen3_4b,only_audio,core,core_language,,4029108736,8071498752,256,,598584731776,1365.3680319998784,1392.2720164000566,0.5290500002956833,,,,
nymeria,cpu,separate_banks,nymeria__only_audio__qwen3_4b,qwen3_4b,only_audio,edge,head,head_audio,3539804,14159216,0,14164403,226225024,0.6627100001423969,0.6940759003555286,0.012320000223553507,82,2.0656,10.0,4.373333333333333e-05
nymeria,cpu,separate_banks,nymeria__only_audio__qwen3_4b,qwen3_4b,only_audio,edge,observer,observer_audio,3539804,14159216,0,14164403,226225024,0.6422000001293782,0.6675449001704692,0.012450000212993473,82,2.0656,10.0,4.373333333333333e-05
nymeria,cpu,separate_banks,nymeria__only_audio__qwen3_4b,qwen3_4b,only_audio,core,core,,29556,118224,0,130411,956416,0.2778599996418052,0.3075060000355734,0.01722999968478689,,,,
nymeria,cpu,separate_banks,nymeria__only_audio__qwen3_4b,qwen3_4b,only_audio,core,core_language,,4029108736,8071498752,256,,598584731776,1365.3680319998784,1392.2720164000566,0.5201300000408082,,,,
nymeria,cpu,fixed_resampling,nymeria__only_audio__qwen3_4b,qwen3_4b,only_audio,edge,head,head_audio,3539804,14159216,0,14164403,18749952,0.3308410000499862,0.3617911001583707,0.01249999968422344,82,2.0656,10.0,4.373333333333333e-05
nymeria,cpu,fixed_resampling,nymeria__only_audio__qwen3_4b,qwen3_4b,only_audio,edge,observer,observer_audio,3539804,14159216,0,14164403,18749952,0.3310400002192182,0.3484280000975559,0.012290000086068176,82,2.0656,10.0,4.373333333333333e-05
nymeria,cpu,fixed_resampling,nymeria__only_audio__qwen3_4b,qwen3_4b,only_audio,core,core,,29556,118224,0,130158,956416,0.26624100019034813,0.3031130998806475,0.017560000287630828,,,,
nymeria,cpu,fixed_resampling,nymeria__only_audio__qwen3_4b,qwen3_4b,only_audio,core,core_language,,4029108736,8071498752,256,,598584731776,1365.3680319998784,1392.2720164000566,0.5151299997123715,,,,
nymeria,cpu,finetune_encoders,nymeria__only_audio__qwen3_4b,qwen3_4b,only_audio,edge,head,head_audio,3539804,14159216,0,14164403,226225024,0.6586409999727039,0.6894291001572128,0.012649999916902743,82,2.0656,10.0,4.373333333333333e-05
nymeria,cpu,finetune_encoders,nymeria__only_audio__qwen3_4b,qwen3_4b,only_audio,edge,observer,observer_audio,3539804,14159216,0,14164403,226225024,0.6379910000759992,0.6602659998407034,0.012840000181313371,82,2.0656,10.0,4.373333333333333e-05
nymeria,cpu,finetune_encoders,nymeria__only_audio__qwen3_4b,qwen3_4b,only_audio,core,core,,29556,118224,0,130158,956416,0.2694300001166994,0.29877090005356877,0.017580000076122815,,,,
nymeria,cpu,finetune_encoders,nymeria__only_audio__qwen3_4b,qwen3_4b,only_audio,core,core_language,,4029108736,8071498752,256,,598584731776,1365.3680319998784,1392.2720164000566,0.5241399999249552,,,,
nymeria,cpu,no_alignment,nymeria__only_audio__qwen3_4b,qwen3_4b,only_audio,edge,head,head_audio,3539804,14159216,0,14164403,226225024,0.7029909997982031,0.7552720002422575,0.012290000086068176,82,2.0656,10.0,4.373333333333333e-05
nymeria,cpu,no_alignment,nymeria__only_audio__qwen3_4b,qwen3_4b,only_audio,edge,observer,observer_audio,3539804,14159216,0,14164403,226225024,0.6950609999876178,0.6968061003590265,0.011999999969702912,82,2.0656,10.0,4.373333333333333e-05
nymeria,cpu,no_alignment,nymeria__only_audio__qwen3_4b,qwen3_4b,only_audio,core,core,,29556,118224,0,130158,956416,0.2648509998834925,0.2944780996585905,0.017249999928026227,,,,
nymeria,cpu,no_alignment,nymeria__only_audio__qwen3_4b,qwen3_4b,only_audio,core,core_language,,4029108736,8071498752,256,,598584731776,1365.3680319998784,1392.2720164000566,0.5254299999251089,,,,
nymeria,cpu,no_usage,nymeria__only_audio__qwen3_4b,qwen3_4b,only_audio,edge,head,head_audio,3539804,14159216,0,14164403,226225024,0.6599109997296182,0.6850560998373112,0.012599999990925426,82,2.0656,10.0,4.373333333333333e-05
nymeria,cpu,no_usage,nymeria__only_audio__qwen3_4b,qwen3_4b,only_audio,edge,observer,observer_audio,3539804,14159216,0,14164403,226225024,0.6500099998447695,0.6700448999708897,0.012599999990925426,82,2.0656,10.0,4.373333333333333e-05
nymeria,cpu,no_usage,nymeria__only_audio__qwen3_4b,qwen3_4b,only_audio,core,core,,29556,118224,0,130158,956416,0.27475000024423935,0.2941909001037857,0.01748000022416818,,,,
nymeria,cpu,no_usage,nymeria__only_audio__qwen3_4b,qwen3_4b,only_audio,core,core_language,,4029108736,8071498752,256,,598584731776,1365.3680319998784,1392.2720164000566,0.512811000135116,,,,
nymeria,cpu,tcn,nymeria__only_audio__qwen3_4b,qwen3_4b,only_audio,edge,head,head_audio,0,0,0,0,0,0.0005199999577598646,0.0008349999006895814,0.22390000003724708,4116076,3294.8608,10.0,2.195240533333333
nymeria,cpu,tcn,nymeria__only_audio__qwen3_4b,qwen3_4b,only_audio,edge,observer,observer_audio,0,0,0,0,0,0.0004599996827892028,0.0005590002729150001,0.19023100003323634,4116076,3294.8608,10.0,2.195240533333333
nymeria,cpu,tcn,nymeria__only_audio__qwen3_4b,qwen3_4b,only_audio,core,core,,6619388,26477552,0,26487177,423130624,1.2271010000404203,1.3033400000495021,0.32481100015502307,,,,
nymeria,cpu,tcn,nymeria__only_audio__qwen3_4b,qwen3_4b,only_audio,core,core_language,,4029108736,8071498752,256,,716676935808,1399.8039619996234,1405.6795274001615,0.7089410000844509,,,,
nymeria,cpu,ts_transformer,nymeria__only_audio__qwen3_4b,qwen3_4b,only_audio,edge,head,head_audio,0,0,0,0,0,0.00048000038077589124,0.0008399998478125781,0.22174000014274498,4116076,3294.8608,10.0,2.195240533333333
nymeria,cpu,ts_transformer,nymeria__only_audio__qwen3_4b,qwen3_4b,only_audio,edge,observer,observer_audio,0,0,0,0,0,0.00043000000005122274,0.0005559998953685863,0.1903000002130284,4116076,3294.8608,10.0,2.195240533333333
nymeria,cpu,ts_transformer,nymeria__only_audio__qwen3_4b,qwen3_4b,only_audio,core,core,,6632252,26529008,0,26542245,424179200,1.2715609996121202,1.3376930000958964,0.32678999968993594,,,,
nymeria,cpu,ts_transformer,nymeria__only_audio__qwen3_4b,qwen3_4b,only_audio,core,core_language,,4029108736,8071498752,256,,716676935808,1399.8039619996234,1405.6795274001615,0.7118610001271009,,,,
nymeria,cpu,patchtst,nymeria__only_audio__qwen3_4b,qwen3_4b,only_audio,edge,head,head_audio,0,0,0,0,0,0.0005000001692678779,0.0008060002073762007,0.22470000021712622,4116076,3294.8608,10.0,2.195240533333333
nymeria,cpu,patchtst,nymeria__only_audio__qwen3_4b,qwen3_4b,only_audio,edge,observer,observer_audio,0,0,0,0,0,0.000529999852005858,0.000529999852005858,0.1911300000756455,4116076,3294.8608,10.0,2.195240533333333
nymeria,cpu,patchtst,nymeria__only_audio__qwen3_4b,qwen3_4b,only_audio,core,core,,6517308,26069232,0,26082469,1710926208,7.395286000246415,7.542076900244865,0.3384500000720436,,,,
nymeria,cpu,patchtst,nymeria__only_audio__qwen3_4b,qwen3_4b,only_audio,core,core_language,,4029108736,8071498752,256,,532290577408,1347.337074999814,1349.1339267999138,0.473139999940031,,,,
nymeria,cpu,distrixsense,nymeria__only_barometer__qwen3_4b,qwen3_4b,only_barometer,edge,head,head_barometer,6734,26936,0,32179,338688,0.15857000016694656,0.17692100009298883,0.01264000002265675,82,2.0656,10.0,4.373333333333333e-05
nymeria,cpu,distrixsense,nymeria__only_barometer__qwen3_4b,qwen3_4b,only_barometer,edge,observer,observer_barometer,6734,26936,0,32179,338688,0.15599000016663922,0.16960700022536912,0.012429999969754135,82,2.0656,10.0,4.373333333333333e-05
nymeria,cpu,distrixsense,nymeria__only_barometer__qwen3_4b,qwen3_4b,only_barometer,core,core,,29556,118224,0,130158,956416,0.2856600003724452,0.2989439998600574,0.01754000004439149,,,,
nymeria,cpu,distrixsense,nymeria__only_barometer__qwen3_4b,qwen3_4b,only_barometer,core,core_language,,4029108736,8071498752,256,,598584731776,1365.3680319998784,1392.2720164000566,0.5412310001702281,,,,
nymeria,cpu,dense,nymeria__only_barometer__qwen3_4b,qwen3_4b,only_barometer,edge,head,head_barometer,3302,13208,0,16461,207104,0.10188000032940181,0.12035700015076145,0.008959999831859022,4324,5.4592,10.0,0.0023061333333333333
nymeria,cpu,dense,nymeria__only_barometer__qwen3_4b,qwen3_4b,only_barometer,edge,observer,observer_barometer,3302,13208,0,16461,207104,0.09916999988490716,0.11120299991489446,0.009020000106829684,4324,5.4592,10.0,0.0023061333333333333
nymeria,cpu,dense,nymeria__only_barometer__qwen3_4b,qwen3_4b,only_barometer,core,core,,27508,110032,0,121649,4461568,0.2620599998408579,0.2805730001000484,0.011890000223502284,,,,
nymeria,cpu,dense,nymeria__only_barometer__qwen3_4b,qwen3_4b,only_barometer,core,core_language,,4029108736,8071498752,256,,953767313536,1456.824762999986,1456.8868270001076,1.1018810000678059,,,,
nymeria,cpu,dense_tokens,nymeria__only_barometer__qwen3_4b,qwen3_4b,only_barometer,edge,head,head_barometer,5678,22712,0,27449,322304,0.15053999959491193,0.16888200002540543,0.008230000275943894,1100,2.88,10.0,0.0005866666666666667
nymeria,cpu,dense_tokens,nymeria__only_barometer__qwen3_4b,qwen3_4b,only_barometer,edge,observer,observer_barometer,5678,22712,0,27449,322304,0.14977999990151147,0.15925789994071238,0.007959999948070617,1100,2.88,10.0,0.0005866666666666667
nymeria,cpu,dense_tokens,nymeria__only_barometer__qwen3_4b,qwen3_4b,only_barometer,core,core,,27508,110032,0,121649,956416,0.23056000009091804,0.24639999996907136,0.011300000096525764,,,,
nymeria,cpu,dense_tokens,nymeria__only_barometer__qwen3_4b,qwen3_4b,only_barometer,core,core_language,,4029108736,8071498752,256,,598584731776,1365.3680319998784,1392.2720164000566,0.5290710000735999,,,,
nymeria,cpu,raw,nymeria__only_barometer__qwen3_4b,qwen3_4b,only_barometer,edge,head,head_barometer,0,0,0,0,0,0.000470000031782547,0.0007040000127744861,0.009370000043418258,1244,2.9952,10.0,0.0006634666666666667
nymeria,cpu,raw,nymeria__only_barometer__qwen3_4b,qwen3_4b,only_barometer,edge,observer,observer_barometer,0,0,0,0,0,0.00046000013753655367,0.0005229998805589275,0.008789999810687732,1244,2.9952,10.0,0.0006634666666666667
nymeria,cpu,raw,nymeria__only_barometer__qwen3_4b,qwen3_4b,only_barometer,core,core,,34112,136448,0,153537,4875776,0.5095609999443695,0.5429680998531694,0.01145999976870371,,,,
nymeria,cpu,raw,nymeria__only_barometer__qwen3_4b,qwen3_4b,only_barometer,core,core_language,,4029108736,8071498752,256,,953767313536,1456.824762999986,1456.8868270001076,1.0955909997392155,,,,
nymeria,cpu,early_fusion,nymeria__only_barometer__qwen3_4b,qwen3_4b,only_barometer,edge,head,head_barometer,0,0,0,0,0,0.0005400002009992022,0.0007649998678971315,0.009569999747327529,1244,2.9952,10.0,0.0006634666666666667
nymeria,cpu,early_fusion,nymeria__only_barometer__qwen3_4b,qwen3_4b,only_barometer,edge,observer,observer_barometer,0,0,0,0,0,0.0004199996510578785,0.0005370000508264638,0.00909000027604634,1244,2.9952,10.0,0.0006634666666666667
nymeria,cpu,early_fusion,nymeria__only_barometer__qwen3_4b,qwen3_4b,only_barometer,core,core,,27680,110720,0,125907,2002432,0.4328999998506333,0.46388699997805816,0.011589999758143676,,,,
nymeria,cpu,early_fusion,nymeria__only_barometer__qwen3_4b,qwen3_4b,only_barometer,core,core_language,,4029108736,8071498752,256,,716676935808,1399.8039619996234,1405.6795274001615,0.7070110000313434,,,,
nymeria,cpu,late_fusion,nymeria__only_barometer__qwen3_4b,qwen3_4b,only_barometer,edge,head,head_barometer,3632,14528,0,18181,207744,0.11488000018289313,0.12904599975627207,0.0079100000220933,88,2.0704,10.0,4.6933333333333333e-05
nymeria,cpu,late_fusion,nymeria__only_barometer__qwen3_4b,qwen3_4b,only_barometer,edge,observer,observer_barometer,3632,14528,0,18181,207744,0.11807999999291496,0.12426299967955856,0.008009999874047935,88,2.0704,10.0,4.6933333333333333e-05
nymeria,cpu,late_fusion,nymeria__only_barometer__qwen3_4b,qwen3_4b,only_barometer,core,core,,0,0,0,0,0,0.029660000109288376,0.035707999995793216,0.011129999620607123,,,,
nymeria,cpu,late_fusion,nymeria__only_barometer__qwen3_4b,qwen3_4b,only_barometer,core,core_language,,4022468096,8044936192,256,,605731039488,1367.6060029997643,1369.0499828002885,0.17484099998910096,,,,
nymeria,cpu,local_only,nymeria__only_barometer__qwen3_4b,qwen3_4b,only_barometer,edge,head,head_barometer,3632,14528,0,18181,207744,0.11803000006693765,0.131358999897202,0.007899999673099956,52,2.0416,10.0,2.7733333333333334e-05
nymeria,cpu,local_only,nymeria__only_barometer__qwen3_4b,qwen3_4b,only_barometer,edge,observer,observer_barometer,3632,14528,0,18181,207744,0.11409999979150598,0.1276359998882981,0.00808000004326459,52,2.0416,10.0,2.7733333333333334e-05
nymeria,cpu,local_only,nymeria__only_barometer__qwen3_4b,qwen3_4b,only_barometer,core,core,,0,0,0,0,0,0.0369099998351885,0.04428100005497981,0.010940000265691197,,,,
nymeria,cpu,local_only,nymeria__only_barometer__qwen3_4b,qwen3_4b,only_barometer,core,core_language,,4022468096,8044936192,256,,605731039488,1367.6060029997643,1369.0499828002885,0.1733210001475527,,,,
nymeria,cpu,bottleneck,nymeria__only_barometer__qwen3_4b,qwen3_4b,only_barometer,edge,head,head_barometer,3434,13736,0,17413,215296,0.11686000016197795,0.13158399997337256,0.008590000106778461,684,2.5472,10.0,0.0003648
nymeria,cpu,bottleneck,nymeria__only_barometer__qwen3_4b,qwen3_4b,only_barometer,edge,observer,observer_barometer,3434,13736,0,17413,215296,0.11685000026773196,0.13092600038362434,0.008620000244263792,684,2.5472,10.0,0.0003648
nymeria,cpu,bottleneck,nymeria__only_barometer__qwen3_4b,qwen3_4b,only_barometer,core,core,,27828,111312,0,124133,4477952,0.2618509997773799,0.28846309992331953,0.011549999726412352,,,,
nymeria,cpu,bottleneck,nymeria__only_barometer__qwen3_4b,qwen3_4b,only_barometer,core,core_language,,4029108736,8071498752,256,,953767313536,1456.824762999986,1456.8868270001076,1.1111809999420075,,,,
nymeria,cpu,tokenlearner,nymeria__only_barometer__qwen3_4b,qwen3_4b,only_barometer,edge,head,head_barometer,4622,18488,0,22655,305920,0.14082999996389844,0.15704799993727647,0.008470000011584489,1100,2.88,10.0,0.0005866666666666667
nymeria,cpu,tokenlearner,nymeria__only_barometer__qwen3_4b,qwen3_4b,only_barometer,edge,observer,observer_barometer,4622,18488,0,22655,305920,0.14371999986906303,0.16121600024234795,0.008409999736613827,1100,2.88,10.0,0.0005866666666666667
nymeria,cpu,tokenlearner,nymeria__only_barometer__qwen3_4b,qwen3_4b,only_barometer,core,core,,27508,110032,0,121649,956416,0.22775999968871474,0.25529099993946147,0.011539999832166359,,,,
nymeria,cpu,tokenlearner,nymeria__only_barometer__qwen3_4b,qwen3_4b,only_barometer,core,core_language,,4029108736,8071498752,256,,598584731776,1365.3680319998784,1392.2720164000566,0.5214200000409619,,,,
nymeria,cpu,posthoc_vq,nymeria__only_barometer__qwen3_4b,qwen3_4b,only_barometer,edge,head,head_barometer,5350,21400,0,24905,272640,0.19327000018165563,0.20399800009727187,0.013320000107341912,196,2.1568,10.0,0.00010453333333333333
nymeria,cpu,posthoc_vq,nymeria__only_barometer__qwen3_4b,qwen3_4b,only_barometer,edge,observer,observer_barometer,5350,21400,0,24905,272640,0.1876500000435044,0.19721699995898234,0.013220000255387276,196,2.1568,10.0,0.00010453333333333333
nymeria,cpu,posthoc_vq,nymeria__only_barometer__qwen3_4b,qwen3_4b,only_barometer,core,core,,29556,118224,0,130158,4461568,0.30763999984628754,0.3359270002874837,0.018490000002202578,,,,
nymeria,cpu,posthoc_vq,nymeria__only_barometer__qwen3_4b,qwen3_4b,only_barometer,core,core_language,,4029108736,8071498752,256,,953767313536,1456.824762999986,1456.8868270001076,1.0872910002035496,,,,
nymeria,cpu,joint_vq,nymeria__only_barometer__qwen3_4b,qwen3_4b,only_barometer,edge,head,head_barometer,7726,30904,0,35894,338688,0.21942100011074217,0.23688010005571414,0.012799999694834696,82,2.0656,10.0,4.373333333333333e-05
nymeria,cpu,joint_vq,nymeria__only_barometer__qwen3_4b,qwen3_4b,only_barometer,edge,observer,observer_barometer,7726,30904,0,35894,338688,0.21959000014248886,0.23755400006848504,0.012740000329358736,82,2.0656,10.0,4.373333333333333e-05
nymeria,cpu,joint_vq,nymeria__only_barometer__qwen3_4b,qwen3_4b,only_barometer,core,core,,29556,118224,0,130158,956416,0.2741200000855315,0.29059900016363827,0.017350000234728213,,,,
nymeria,cpu,joint_vq,nymeria__only_barometer__qwen3_4b,qwen3_4b,only_barometer,core,core_language,,4029108736,8071498752,256,,598584731776,1365.3680319998784,1392.2720164000566,0.5199699999138829,,,,
nymeria,cpu,deepconvlstm,nymeria__only_barometer__qwen3_4b,qwen3_4b,only_barometer,edge,head,head_barometer,0,0,0,0,0,0.0005399997462518513,0.000810000165074598,0.009249999948224286,1244,2.9952,10.0,0.0006634666666666667
nymeria,cpu,deepconvlstm,nymeria__only_barometer__qwen3_4b,qwen3_4b,only_barometer,edge,observer,observer_barometer,0,0,0,0,0,0.000470000031782547,0.0005420000888989307,0.00881000005392707,1244,2.9952,10.0,0.0006634666666666667
nymeria,cpu,deepconvlstm,nymeria__only_barometer__qwen3_4b,qwen3_4b,only_barometer,core,core,,33046,132184,0,140437,2053248,0.345891000051779,0.37464510005520424,0.011520000043674372,,,,
nymeria,cpu,deepconvlstm,nymeria__only_barometer__qwen3_4b,qwen3_4b,only_barometer,core,core_language,,4029108736,8071498752,256,,716676935808,1399.8039619996234,1405.6795274001615,0.7118710000213468,,,,
nymeria,cpu,unrestricted_bank,nymeria__only_barometer__qwen3_4b,qwen3_4b,only_barometer,edge,head,head_barometer,7790,31160,0,36403,355072,0.15453100013473886,0.1700730998891231,0.013020000096730655,82,2.0656,10.0,4.373333333333333e-05
nymeria,cpu,unrestricted_bank,nymeria__only_barometer__qwen3_4b,qwen3_4b,only_barometer,edge,observer,observer_barometer,7790,31160,0,36403,355072,0.15471000006073155,0.1673460002621141,0.015860000075917924,82,2.0656,10.0,4.373333333333333e-05
nymeria,cpu,unrestricted_bank,nymeria__only_barometer__qwen3_4b,qwen3_4b,only_barometer,core,core,,29556,118224,0,130158,956416,0.24274999987028423,0.25702399993861036,0.017660000139585463,,,,
nymeria,cpu,unrestricted_bank,nymeria__only_barometer__qwen3_4b,qwen3_4b,only_barometer,core,core_language,,4029108736,8071498752,256,,598584731776,1365.3680319998784,1392.2720164000566,0.5179700001463061,,,,
nymeria,cpu,separate_banks,nymeria__only_barometer__qwen3_4b,qwen3_4b,only_barometer,edge,head,head_barometer,6734,26936,0,32179,338688,0.15412999982800102,0.16970900001069822,0.012489999789977446,82,2.0656,10.0,4.373333333333333e-05
nymeria,cpu,separate_banks,nymeria__only_barometer__qwen3_4b,qwen3_4b,only_barometer,edge,observer,observer_barometer,6734,26936,0,32179,338688,0.15553000002910267,0.16801299980215845,0.01250000013897079,82,2.0656,10.0,4.373333333333333e-05
nymeria,cpu,separate_banks,nymeria__only_barometer__qwen3_4b,qwen3_4b,only_barometer,core,core,,29556,118224,0,130411,956416,0.27944000021307147,0.2972150000914553,0.017380000372213544,,,,
nymeria,cpu,separate_banks,nymeria__only_barometer__qwen3_4b,qwen3_4b,only_barometer,core,core_language,,4029108736,8071498752,256,,598584731776,1365.3680319998784,1392.2720164000566,0.5149600001459476,,,,
nymeria,cpu,fixed_resampling,nymeria__only_barometer__qwen3_4b,qwen3_4b,only_barometer,edge,head,head_barometer,6734,26936,0,32179,338432,0.13540999998440384,0.15083599973877426,0.012689999948634068,82,2.0656,10.0,4.373333333333333e-05
nymeria,cpu,fixed_resampling,nymeria__only_barometer__qwen3_4b,qwen3_4b,only_barometer,edge,observer,observer_barometer,6734,26936,0,32179,338432,0.13560000024881447,0.14927999964129413,0.01244000031874748,82,2.0656,10.0,4.373333333333333e-05
nymeria,cpu,fixed_resampling,nymeria__only_barometer__qwen3_4b,qwen3_4b,only_barometer,core,core,,29556,118224,0,130158,956416,0.26547000015852973,0.2891229000852036,0.017190000107802916,,,,
nymeria,cpu,fixed_resampling,nymeria__only_barometer__qwen3_4b,qwen3_4b,only_barometer,core,core_language,,4029108736,8071498752,256,,598584731776,1365.3680319998784,1392.2720164000566,0.5187309998291312,,,,
nymeria,cpu,finetune_encoders,nymeria__only_barometer__qwen3_4b,qwen3_4b,only_barometer,edge,head,head_barometer,6734,26936,0,32179,338688,0.16013000004022615,0.1762310000231082,0.012660000265896088,82,2.0656,10.0,4.373333333333333e-05
nymeria,cpu,finetune_encoders,nymeria__only_barometer__qwen3_4b,qwen3_4b,only_barometer,edge,observer,observer_barometer,6734,26936,0,32179,338688,0.15736999966975418,0.1706548999663937,0.012800000149582047,82,2.0656,10.0,4.373333333333333e-05
nymeria,cpu,finetune_encoders,nymeria__only_barometer__qwen3_4b,qwen3_4b,only_barometer,core,core,,29556,118224,0,130158,956416,0.2654300001267984,0.29342989992073854,0.017660000139585463,,,,
nymeria,cpu,finetune_encoders,nymeria__only_barometer__qwen3_4b,qwen3_4b,only_barometer,core,core_language,,4029108736,8071498752,256,,598584731776,1365.3680319998784,1392.2720164000566,0.5214099996919686,,,,
nymeria,cpu,no_alignment,nymeria__only_barometer__qwen3_4b,qwen3_4b,only_barometer,edge,head,head_barometer,6734,26936,0,32179,338688,0.15641000027244445,0.17650700015110488,0.01247000000148546,82,2.0656,10.0,4.373333333333333e-05
nymeria,cpu,no_alignment,nymeria__only_barometer__qwen3_4b,qwen3_4b,only_barometer,edge,observer,observer_barometer,6734,26936,0,32179,338688,0.1553900001454167,0.17467789998590888,0.01235999980053748,82,2.0656,10.0,4.373333333333333e-05
nymeria,cpu,no_alignment,nymeria__only_barometer__qwen3_4b,qwen3_4b,only_barometer,core,core,,29556,118224,0,130158,956416,0.2648899999257992,0.28811090032832,0.017500000012660166,,,,
nymeria,cpu,no_alignment,nymeria__only_barometer__qwen3_4b,qwen3_4b,only_barometer,core,core_language,,4029108736,8071498752,256,,598584731776,1365.3680319998784,1392.2720164000566,0.5187700003261853,,,,
nymeria,cpu,no_usage,nymeria__only_barometer__qwen3_4b,qwen3_4b,only_barometer,edge,head,head_barometer,6734,26936,0,32179,338688,0.15414000017699436,0.17154599986497487,0.012579999747686088,82,2.0656,10.0,4.373333333333333e-05
nymeria,cpu,no_usage,nymeria__only_barometer__qwen3_4b,qwen3_4b,only_barometer,edge,observer,observer_barometer,6734,26936,0,32179,338688,0.151579999965179,0.1663399998051318,0.01252999982170877,82,2.0656,10.0,4.373333333333333e-05
nymeria,cpu,no_usage,nymeria__only_barometer__qwen3_4b,qwen3_4b,only_barometer,core,core,,29556,118224,0,130158,956416,0.2737499999057036,0.28865399985988915,0.01788000008673407,,,,
nymeria,cpu,no_usage,nymeria__only_barometer__qwen3_4b,qwen3_4b,only_barometer,core,core_language,,4029108736,8071498752,256,,598584731776,1365.3680319998784,1392.2720164000566,0.5149300000084622,,,,
nymeria,cpu,tcn,nymeria__only_barometer__qwen3_4b,qwen3_4b,only_barometer,edge,head,head_barometer,0,0,0,0,0,0.0005399997462518513,0.0007470000127796084,0.0094600000011269,1244,2.9952,10.0,0.0006634666666666667
nymeria,cpu,tcn,nymeria__only_barometer__qwen3_4b,qwen3_4b,only_barometer,edge,observer,observer_barometer,0,0,0,0,0,0.0006200002644618507,0.0006830000074842246,0.009169999884761637,1244,2.9952,10.0,0.0006634666666666667
nymeria,cpu,tcn,nymeria__only_barometer__qwen3_4b,qwen3_4b,only_barometer,core,core,,13536,54144,0,63881,816384,0.3550299998096307,0.390345999994679,0.01173999999082298,,,,
nymeria,cpu,tcn,nymeria__only_barometer__qwen3_4b,qwen3_4b,only_barometer,core,core_language,,4029108736,8071498752,256,,716676935808,1399.8039619996234,1405.6795274001615,0.7068800000524789,,,,
nymeria,cpu,ts_transformer,nymeria__only_barometer__qwen3_4b,qwen3_4b,only_barometer,edge,head,head_barometer,0,0,0,0,0,0.0006000000212225132,0.0007799997547408566,0.009439999757887563,1244,2.9952,10.0,0.0006634666666666667
nymeria,cpu,ts_transformer,nymeria__only_barometer__qwen3_4b,qwen3_4b,only_barometer,edge,observer,observer_barometer,0,0,0,0,0,0.00048000038077589124,0.000605999866820639,0.008909999905881705,1244,2.9952,10.0,0.0006634666666666667
nymeria,cpu,ts_transformer,nymeria__only_barometer__qwen3_4b,qwen3_4b,only_barometer,core,core,,26400,105600,0,118949,1864960,0.39956999989954056,0.4182278998541733,0.01143000008596573,,,,
nymeria,cpu,ts_transformer,nymeria__only_barometer__qwen3_4b,qwen3_4b,only_barometer,core,core_language,,4029108736,8071498752,256,,716676935808,1399.8039619996234,1405.6795274001615,0.7048910001685726,,,,
nymeria,cpu,patchtst,nymeria__only_barometer__qwen3_4b,qwen3_4b,only_barometer,edge,head,head_barometer,0,0,0,0,0,0.0005599999894911889,0.0008210000942199258,0.009249999948224286,1244,2.9952,10.0,0.0006634666666666667
nymeria,cpu,patchtst,nymeria__only_barometer__qwen3_4b,qwen3_4b,only_barometer,edge,observer,observer_barometer,0,0,0,0,0,0.00048000038077589124,0.0005520000286196591,0.009410000075149583,1244,2.9952,10.0,0.0006634666666666667
nymeria,cpu,patchtst,nymeria__only_barometer__qwen3_4b,qwen3_4b,only_barometer,core,core,,26528,106112,0,119461,726144,0.4394210000100429,0.4544050999356841,0.011640000138868345,,,,
nymeria,cpu,patchtst,nymeria__only_barometer__qwen3_4b,qwen3_4b,only_barometer,core,core_language,,4029108736,8071498752,256,,532290577408,1347.337074999814,1349.1339267999138,0.4218899998704728,,,,
nymeria,cpu,distrixsense,nymeria__only_body_acceleration__qwen3_4b,qwen3_4b,only_body_acceleration,edge,xsens,body_acceleration,22714,90856,0,95987,1352704,0.234589999763557,0.24940399985098338,0.012871000308223302,81,2.0648,10.0,4.32e-05
nymeria,cpu,distrixsense,nymeria__only_body_acceleration__qwen3_4b,qwen3_4b,only_body_acceleration,core,core,,28468,113872,0,125806,486848,0.22618999992118916,0.25154299987661943,0.009809999937715475,,,,
nymeria,cpu,distrixsense,nymeria__only_body_acceleration__qwen3_4b,qwen3_4b,only_body_acceleration,core,core_language,,4029108736,8071498752,256,,524957000576,1347.9546459998346,1350.2324046997728,0.4204609999760578,,,,
nymeria,cpu,dense,nymeria__only_body_acceleration__qwen3_4b,qwen3_4b,only_body_acceleration,edge,xsens,body_acceleration,19282,77128,0,80269,1221120,0.1737600000524253,0.184857900148927,0.008709999747225083,4324,5.4592,10.0,0.0023061333333333333
nymeria,cpu,dense,nymeria__only_body_acceleration__qwen3_4b,qwen3_4b,only_body_acceleration,core,core,,27444,109776,0,121393,1993664,0.2069699999083241,0.23042399989208207,0.006610000127693638,,,,
nymeria,cpu,dense,nymeria__only_body_acceleration__qwen3_4b,qwen3_4b,only_body_acceleration,core,core_language,,4029108736,8071498752,256,,701925437312,1385.2588899999319,1389.6424876003493,0.7095710002431588,,,,
nymeria,cpu,dense_tokens,nymeria__only_body_acceleration__qwen3_4b,qwen3_4b,only_body_acceleration,edge,xsens,body_acceleration,21658,86632,0,91257,1336320,0.22364000005836715,0.24489799993716588,0.00821999992695055,1100,2.88,10.0,0.0005866666666666667
nymeria,cpu,dense_tokens,nymeria__only_body_acceleration__qwen3_4b,qwen3_4b,only_body_acceleration,core,core,,27444,109776,0,121393,486848,0.19178100001226994,0.21564809972005605,0.0063400002545677125,,,,
nymeria,cpu,dense_tokens,nymeria__only_body_acceleration__qwen3_4b,qwen3_4b,only_body_acceleration,core,core_language,,4029108736,8071498752,256,,524957000576,1347.9546459998346,1350.2324046997728,0.4180099999757658,,,,
nymeria,cpu,raw,nymeria__only_body_acceleration__qwen3_4b,qwen3_4b,only_body_acceleration,edge,xsens,body_acceleration,0,0,0,0,0,0.0005599999894911889,0.0008480002179567236,0.022960000023886096,205452,166.3616,10.0,0.1095744
nymeria,cpu,raw,nymeria__only_body_acceleration__qwen3_4b,qwen3_4b,only_body_acceleration,core,core,,46726,186904,0,201177,3214784,0.4545910001070297,0.4812660999959917,0.014250000276661012,,,,
nymeria,cpu,raw,nymeria__only_body_acceleration__qwen3_4b,qwen3_4b,only_body_acceleration,core,core_language,,4029108736,8071498752,256,,701925437312,1385.2588899999319,1389.6424876003493,0.7001510002737632,,,,
nymeria,cpu,early_fusion,nymeria__only_body_acceleration__qwen3_4b,qwen3_4b,only_body_acceleration,edge,xsens,body_acceleration,0,0,0,0,0,0.0005500000952451956,0.000910000380827114,0.02252000012958888,205452,166.3616,10.0,0.1095744
nymeria,cpu,early_fusion,nymeria__only_body_acceleration__qwen3_4b,qwen3_4b,only_body_acceleration,core,core,,34822,139288,0,152863,2454976,0.4564099999697646,0.46900999973331636,0.014700000065204222,,,,
nymeria,cpu,early_fusion,nymeria__only_body_acceleration__qwen3_4b,qwen3_4b,only_body_acceleration,core,core_language,,4029108736,8071498752,256,,701925437312,1385.2588899999319,1389.6424876003493,0.7082209999680344,,,,
nymeria,cpu,late_fusion,nymeria__only_body_acceleration__qwen3_4b,qwen3_4b,only_body_acceleration,edge,xsens,body_acceleration,19612,78448,0,81989,1221760,0.19000000020241714,0.20139490002293314,0.008069999694271246,88,2.0704,10.0,4.6933333333333333e-05
nymeria,cpu,late_fusion,nymeria__only_body_acceleration__qwen3_4b,qwen3_4b,only_body_acceleration,core,core,,0,0,0,0,0,0.024140000277839135,0.030601999878854258,0.006119999852671754,,,,
nymeria,cpu,late_fusion,nymeria__only_body_acceleration__qwen3_4b,qwen3_4b,only_body_acceleration,core,core_language,,4022468096,8044936192,256,,591014930432,1376.2016709997624,1382.8183062999415,0.16918000028454117,,,,
nymeria,cpu,local_only,nymeria__only_body_acceleration__qwen3_4b,qwen3_4b,only_body_acceleration,edge,xsens,body_acceleration,19612,78448,0,81989,1221760,0.19530000008671777,0.2041379999354831,0.007840000307623995,52,2.0416,10.0,2.7733333333333334e-05
nymeria,cpu,local_only,nymeria__only_body_acceleration__qwen3_4b,qwen3_4b,only_body_acceleration,core,core,,0,0,0,0,0,0.027600000066740904,0.03562800029612845,0.005860000328539172,,,,
nymeria,cpu,local_only,nymeria__only_body_acceleration__qwen3_4b,qwen3_4b,only_body_acceleration,core,core_language,,4022468096,8044936192,256,,591014930432,1376.2016709997624,1382.8183062999415,0.16909999976633117,,,,
nymeria,cpu,bottleneck,nymeria__only_body_acceleration__qwen3_4b,qwen3_4b,only_body_acceleration,edge,xsens,body_acceleration,19414,77656,0,81221,1229312,0.19337100002303487,0.20264010022401635,0.008640000032755779,684,2.5472,10.0,0.0003648
nymeria,cpu,bottleneck,nymeria__only_body_acceleration__qwen3_4b,qwen3_4b,only_body_acceleration,core,core,,27604,110416,0,122667,2001856,0.21757000013167271,0.23305900003833813,0.006310000117082382,,,,
nymeria,cpu,bottleneck,nymeria__only_body_acceleration__qwen3_4b,qwen3_4b,only_body_acceleration,core,core_language,,4029108736,8071498752,256,,701925437312,1385.2588899999319,1389.6424876003493,0.7066809998832468,,,,
nymeria,cpu,tokenlearner,nymeria__only_body_acceleration__qwen3_4b,qwen3_4b,only_body_acceleration,edge,xsens,body_acceleration,20602,82408,0,86463,1319936,0.21451000020533684,0.22934290009288816,0.008370000159629853,1100,2.88,10.0,0.0005866666666666667
nymeria,cpu,tokenlearner,nymeria__only_body_acceleration__qwen3_4b,qwen3_4b,only_body_acceleration,core,core,,27444,109776,0,121393,486848,0.19700999973792932,0.2147768997019739,0.0063400002545677125,,,,
nymeria,cpu,tokenlearner,nymeria__only_body_acceleration__qwen3_4b,qwen3_4b,only_body_acceleration,core,core_language,,4029108736,8071498752,256,,524957000576,1347.9546459998346,1350.2324046997728,0.42885099992417963,,,,
nymeria,cpu,posthoc_vq,nymeria__only_body_acceleration__qwen3_4b,qwen3_4b,only_body_acceleration,edge,xsens,body_acceleration,20306,81224,0,84617,1286656,0.27925999984290684,0.2834369002812309,0.013339999895833898,192,2.1536,10.0,0.0001024
nymeria,cpu,posthoc_vq,nymeria__only_body_acceleration__qwen3_4b,qwen3_4b,only_body_acceleration,core,core,,28468,113872,0,125806,1993664,0.2434200000607234,0.26683800001592317,0.010420000307931332,,,,
nymeria,cpu,posthoc_vq,nymeria__only_body_acceleration__qwen3_4b,qwen3_4b,only_body_acceleration,core,core_language,,4029108736,8071498752,256,,701925437312,1385.2588899999319,1389.6424876003493,0.7093910003277415,,,,
nymeria,cpu,joint_vq,nymeria__only_body_acceleration__qwen3_4b,qwen3_4b,only_body_acceleration,edge,xsens,body_acceleration,22682,90728,0,95606,1352704,0.3108000000793254,0.319971900080418,0.012569999853440095,81,2.0648,10.0,4.32e-05
nymeria,cpu,joint_vq,nymeria__only_body_acceleration__qwen3_4b,qwen3_4b,only_body_acceleration,core,core,,28468,113872,0,125806,486848,0.23310000005949405,0.249615000166159,0.009940000381902792,,,,
nymeria,cpu,joint_vq,nymeria__only_body_acceleration__qwen3_4b,qwen3_4b,only_body_acceleration,core,core_language,,4029108736,8071498752,256,,524957000576,1347.9546459998346,1350.2324046997728,0.4195699998490454,,,,
nymeria,cpu,deepconvlstm,nymeria__only_body_acceleration__qwen3_4b,qwen3_4b,only_body_acceleration,edge,xsens,body_acceleration,0,0,0,0,0,0.0005100000635138713,0.0007170003300416283,0.02303000019310275,205452,166.3616,10.0,0.1095744
nymeria,cpu,deepconvlstm,nymeria__only_body_acceleration__qwen3_4b,qwen3_4b,only_body_acceleration,core,core,,48860,195440,0,202209,3056768,0.34919999961857684,0.37627290021191584,0.014500000361294951,,,,
nymeria,cpu,deepconvlstm,nymeria__only_body_acceleration__qwen3_4b,qwen3_4b,only_body_acceleration,core,core_language,,4029108736,8071498752,256,,701925437312,1385.2588899999319,1389.6424876003493,0.700821000009455,,,,
nymeria,cpu,unrestricted_bank,nymeria__only_body_acceleration__qwen3_4b,qwen3_4b,only_body_acceleration,edge,xsens,body_acceleration,22714,90856,0,95987,1352704,0.23834000012357137,0.25477399985902593,0.012630000128410757,81,2.0648,10.0,4.32e-05
nymeria,cpu,unrestricted_bank,nymeria__only_body_acceleration__qwen3_4b,qwen3_4b,only_body_acceleration,core,core,,28468,113872,0,125806,486848,0.2032500001405424,0.22561590017176059,0.01024999983201269,,,,
nymeria,cpu,unrestricted_bank,nymeria__only_body_acceleration__qwen3_4b,qwen3_4b,only_body_acceleration,core,core_language,,4029108736,8071498752,256,,524957000576,1347.9546459998346,1350.2324046997728,0.41884099982780754,,,,
nymeria,cpu,separate_banks,nymeria__only_body_acceleration__qwen3_4b,qwen3_4b,only_body_acceleration,edge,xsens,body_acceleration,22714,90856,0,95987,1352704,0.23875999977462925,0.25855100002445397,0.012379999589029467,81,2.0648,10.0,4.32e-05
nymeria,cpu,separate_banks,nymeria__only_body_acceleration__qwen3_4b,qwen3_4b,only_body_acceleration,core,core,,28468,113872,0,125806,486848,0.24063099999693804,0.25827909998952236,0.010000000202126103,,,,
nymeria,cpu,separate_banks,nymeria__only_body_acceleration__qwen3_4b,qwen3_4b,only_body_acceleration,core,core_language,,4029108736,8071498752,256,,524957000576,1347.9546459998346,1350.2324046997728,0.42246100019838195,,,,
nymeria,cpu,fixed_resampling,nymeria__only_body_acceleration__qwen3_4b,qwen3_4b,only_body_acceleration,edge,xsens,body_acceleration,22714,90856,0,95987,1034752,0.1563999999234511,0.1776229001734464,0.012710000191873405,81,2.0648,10.0,4.32e-05
nymeria,cpu,fixed_resampling,nymeria__only_body_acceleration__qwen3_4b,qwen3_4b,only_body_acceleration,core,core,,28468,113872,0,125806,486848,0.22747100001652143,0.251869100247859,0.009979999958886765,,,,
nymeria,cpu,fixed_resampling,nymeria__only_body_acceleration__qwen3_4b,qwen3_4b,only_body_acceleration,core,core_language,,4029108736,8071498752,256,,524957000576,1347.9546459998346,1350.2324046997728,0.41903100009221816,,,,
nymeria,cpu,finetune_encoders,nymeria__only_body_acceleration__qwen3_4b,qwen3_4b,only_body_acceleration,edge,xsens,body_acceleration,22714,90856,0,95987,1352704,0.23205999968922697,0.24668590012879577,0.012849999620812014,81,2.0648,10.0,4.32e-05
nymeria,cpu,finetune_encoders,nymeria__only_body_acceleration__qwen3_4b,qwen3_4b,only_body_acceleration,core,core,,28468,113872,0,125806,486848,0.22751000005882815,0.25238599973818054,0.01035999957821332,,,,
nymeria,cpu,finetune_encoders,nymeria__only_body_acceleration__qwen3_4b,qwen3_4b,only_body_acceleration,core,core_language,,4029108736,8071498752,256,,524957000576,1347.9546459998346,1350.2324046997728,0.4178299996056012,,,,
nymeria,cpu,no_alignment,nymeria__only_body_acceleration__qwen3_4b,qwen3_4b,only_body_acceleration,edge,xsens,body_acceleration,22714,90856,0,95987,1352704,0.24079100012386334,0.24610909995317343,0.012749999768857379,81,2.0648,10.0,4.32e-05
nymeria,cpu,no_alignment,nymeria__only_body_acceleration__qwen3_4b,qwen3_4b,only_body_acceleration,core,core,,28468,113872,0,125806,486848,0.22593999983655522,0.24655989991515526,0.010000000202126103,,,,
nymeria,cpu,no_alignment,nymeria__only_body_acceleration__qwen3_4b,qwen3_4b,only_body_acceleration,core,core_language,,4029108736,8071498752,256,,524957000576,1347.9546459998346,1350.2324046997728,0.4229999999552092,,,,
nymeria,cpu,no_usage,nymeria__only_body_acceleration__qwen3_4b,qwen3_4b,only_body_acceleration,edge,xsens,body_acceleration,22714,90856,0,95987,1352704,0.23712000029263436,0.2547239999330486,0.012759999663103372,81,2.0648,10.0,4.32e-05
nymeria,cpu,no_usage,nymeria__only_body_acceleration__qwen3_4b,qwen3_4b,only_body_acceleration,core,core,,28468,113872,0,125806,486848,0.23288100010177004,0.25103310008489643,0.009870000212686136,,,,
nymeria,cpu,no_usage,nymeria__only_body_acceleration__qwen3_4b,qwen3_4b,only_body_acceleration,core,core_language,,4029108736,8071498752,256,,524957000576,1347.9546459998346,1350.2324046997728,0.4183910000392643,,,,
nymeria,cpu,tcn,nymeria__only_body_acceleration__qwen3_4b,qwen3_4b,only_body_acceleration,edge,xsens,body_acceleration,0,0,0,0,0,0.0005099996087665204,0.0007979998372320551,0.022709999939252157,205452,166.3616,10.0,0.1095744
nymeria,cpu,tcn,nymeria__only_body_acceleration__qwen3_4b,qwen3_4b,only_body_acceleration,core,core,,20710,82840,0,91093,1268928,0.366780000149447,0.39354689988613245,0.01419000000169035,,,,
nymeria,cpu,tcn,nymeria__only_body_acceleration__qwen3_4b,qwen3_4b,only_body_acceleration,core,core_language,,4029108736,8071498752,256,,701925437312,1385.2588899999319,1389.6424876003493,0.7051200000205426,,,,
nymeria,cpu,ts_transformer,nymeria__only_body_acceleration__qwen3_4b,qwen3_4b,only_body_acceleration,edge,xsens,body_acceleration,0,0,0,0,0,0.0005300003067532089,0.0008270000307675218,0.023049999981594738,205452,166.3616,10.0,0.1095744
nymeria,cpu,ts_transformer,nymeria__only_body_acceleration__qwen3_4b,qwen3_4b,only_body_acceleration,core,core,,33574,134296,0,146033,2317504,0.403099999857659,0.42977600014637574,0.01447000022380962,,,,
nymeria,cpu,ts_transformer,nymeria__only_body_acceleration__qwen3_4b,qwen3_4b,only_body_acceleration,core,core_language,,4029108736,8071498752,256,,701925437312,1385.2588899999319,1389.6424876003493,0.7075210000948573,,,,
nymeria,cpu,patchtst,nymeria__only_body_acceleration__qwen3_4b,qwen3_4b,only_body_acceleration,edge,xsens,body_acceleration,0,0,0,0,0,0.0005400002009992022,0.0007830000868125353,0.02255000026707421,205452,166.3616,10.0,0.1095744
nymeria,cpu,patchtst,nymeria__only_body_acceleration__qwen3_4b,qwen3_4b,only_body_acceleration,core,core,,31590,126360,0,138097,25176384,0.6287609999162669,0.639605099831897,0.014850000297883525,,,,
nymeria,cpu,patchtst,nymeria__only_body_acceleration__qwen3_4b,qwen3_4b,only_body_acceleration,core,core_language,,4029108736,8071498752,256,,517598061312,1346.553424999911,1346.8643029999384,0.4193400000076508,,,,
nymeria,cpu,distrixsense,nymeria__only_body_orientation__qwen3_4b,qwen3_4b,only_body_orientation,edge,xsens,body_orientation,30212,120848,0,125939,1829632,0.2392100000179198,0.26002699964919884,0.012799999694834696,81,2.0648,10.0,4.32e-05
nymeria,cpu,distrixsense,nymeria__only_body_orientation__qwen3_4b,qwen3_4b,only_body_orientation,core,core,,28468,113872,0,125806,486848,0.23301099963646266,0.25084810008593195,0.009729999874252826,,,,
nymeria,cpu,distrixsense,nymeria__only_body_orientation__qwen3_4b,qwen3_4b,only_body_orientation,core,core_language,,4029108736,8071498752,256,,524957000576,1347.9546459998346,1350.2324046997728,0.4180799996902351,,,,
nymeria,cpu,dense,nymeria__only_body_orientation__qwen3_4b,qwen3_4b,only_body_orientation,edge,xsens,body_orientation,26780,107120,0,110221,1698048,0.17500000012660166,0.19052500006182527,0.008959999831859022,4324,5.4592,10.0,0.0023061333333333333
nymeria,cpu,dense,nymeria__only_body_orientation__qwen3_4b,qwen3_4b,only_body_orientation,core,core,,27444,109776,0,121393,1993664,0.21207100007814006,0.2342370997666876,0.0066200000219396316,,,,
nymeria,cpu,dense,nymeria__only_body_orientation__qwen3_4b,qwen3_4b,only_body_orientation,core,core_language,,4029108736,8071498752,256,,701925437312,1385.2588899999319,1389.6424876003493,0.6994199998189288,,,,
nymeria,cpu,dense_tokens,nymeria__only_body_orientation__qwen3_4b,qwen3_4b,only_body_orientation,edge,xsens,body_orientation,29156,116624,0,121209,1813248,0.23415999976350577,0.24457390013594704,0.008070000149018597,1100,2.88,10.0,0.0005866666666666667
nymeria,cpu,dense_tokens,nymeria__only_body_orientation__qwen3_4b,qwen3_4b,only_body_orientation,core,core,,27444,109776,0,121393,486848,0.19453999993856996,0.21624799996970978,0.006420000318030361,,,,
nymeria,cpu,dense_tokens,nymeria__only_body_orientation__qwen3_4b,qwen3_4b,only_body_orientation,core,core_language,,4029108736,8071498752,256,,524957000576,1347.9546459998346,1350.2324046997728,0.4197099997327314,,,,
nymeria,cpu,raw,nymeria__only_body_orientation__qwen3_4b,qwen3_4b,only_body_orientation,edge,xsens,body_orientation,0,0,0,0,0,0.0005800002327305265,0.0009309997949458193,0.026610000077198492,272952,220.3616,10.0,0.1455744
nymeria,cpu,raw,nymeria__only_body_orientation__qwen3_4b,qwen3_4b,only_body_orientation,core,core,,54224,216896,0,231065,3691712,0.4598499999701744,0.4899919000308728,0.018080000245390693,,,,
nymeria,cpu,raw,nymeria__only_body_orientation__qwen3_4b,qwen3_4b,only_body_orientation,core,core_language,,4029108736,8071498752,256,,701925437312,1385.2588899999319,1389.6424876003493,0.7106799998837232,,,,
nymeria,cpu,early_fusion,nymeria__only_body_orientation__qwen3_4b,qwen3_4b,only_body_orientation,edge,xsens,body_orientation,0,0,0,0,0,0.0005599999894911889,0.0008120001893985318,0.026640000214683823,272952,220.3616,10.0,0.1455744
nymeria,cpu,early_fusion,nymeria__only_body_orientation__qwen3_4b,qwen3_4b,only_body_orientation,core,core,,39376,157504,0,171039,2743488,0.45561999968413147,0.47219889993357356,0.018000000181928044,,,,
nymeria,cpu,early_fusion,nymeria__only_body_orientation__qwen3_4b,qwen3_4b,only_body_orientation,core,core_language,,4029108736,8071498752,256,,701925437312,1385.2588899999319,1389.6424876003493,0.7065009999678296,,,,
nymeria,cpu,late_fusion,nymeria__only_body_orientation__qwen3_4b,qwen3_4b,only_body_orientation,edge,xsens,body_orientation,27110,108440,0,111941,1698688,0.19260999988546246,0.21620889997393533,0.00819000024421257,88,2.0704,10.0,4.6933333333333333e-05
nymeria,cpu,late_fusion,nymeria__only_body_orientation__qwen3_4b,qwen3_4b,only_body_orientation,core,core,,0,0,0,0,0,0.02433099962217966,0.030612099908466917,0.0059300000430084765,,,,
nymeria,cpu,late_fusion,nymeria__only_body_orientation__qwen3_4b,qwen3_4b,only_body_orientation,core,core_language,,4022468096,8044936192,256,,591014930432,1376.2016709997624,1382.8183062999415,0.16894000009415322,,,,
nymeria,cpu,local_only,nymeria__only_body_orientation__qwen3_4b,qwen3_4b,only_body_orientation,edge,xsens,body_orientation,27110,108440,0,111941,1698688,0.1916910000545613,0.20858310026596882,0.007889999778853962,52,2.0416,10.0,2.7733333333333334e-05
nymeria,cpu,local_only,nymeria__only_body_orientation__qwen3_4b,qwen3_4b,only_body_orientation,core,core,,0,0,0,0,0,0.02851999988706666,0.036502999773802,0.006040000243956456,,,,
nymeria,cpu,local_only,nymeria__only_body_orientation__qwen3_4b,qwen3_4b,only_body_orientation,core,core_language,,4022468096,8044936192,256,,591014930432,1376.2016709997624,1382.8183062999415,0.1699900003586663,,,,
nymeria,cpu,bottleneck,nymeria__only_body_orientation__qwen3_4b,qwen3_4b,only_body_orientation,edge,xsens,body_orientation,26912,107648,0,111173,1706240,0.19682999982251204,0.2083140003378503,0.00855999996929313,684,2.5472,10.0,0.0003648
nymeria,cpu,bottleneck,nymeria__only_body_orientation__qwen3_4b,qwen3_4b,only_body_orientation,core,core,,27604,110416,0,122667,2001856,0.22315000023809262,0.23654200022065197,0.006090000169933774,,,,
nymeria,cpu,bottleneck,nymeria__only_body_orientation__qwen3_4b,qwen3_4b,only_body_orientation,core,core_language,,4029108736,8071498752,256,,701925437312,1385.2588899999319,1389.6424876003493,0.707230999978492,,,,
nymeria,cpu,tokenlearner,nymeria__only_body_orientation__qwen3_4b,qwen3_4b,only_body_orientation,edge,xsens,body_orientation,28100,112400,0,116415,1796864,0.22235999995245948,0.23384400005852513,0.00867000017024111,1100,2.88,10.0,0.0005866666666666667
nymeria,cpu,tokenlearner,nymeria__only_body_orientation__qwen3_4b,qwen3_4b,only_body_orientation,core,core,,27444,109776,0,121393,486848,0.19582000004447764,0.2196610000282817,0.006260000191105064,,,,
nymeria,cpu,tokenlearner,nymeria__only_body_orientation__qwen3_4b,qwen3_4b,only_body_orientation,core,core_language,,4029108736,8071498752,256,,524957000576,1347.9546459998346,1350.2324046997728,0.4234009998071997,,,,
nymeria,cpu,posthoc_vq,nymeria__only_body_orientation__qwen3_4b,qwen3_4b,only_body_orientation,edge,xsens,body_orientation,27804,111216,0,114569,1763584,0.27232000002186396,0.2927140000338113,0.013039999885222642,192,2.1536,10.0,0.0001024
nymeria,cpu,posthoc_vq,nymeria__only_body_orientation__qwen3_4b,qwen3_4b,only_body_orientation,core,core,,28468,113872,0,125806,1993664,0.24913000015658326,0.26520490000621066,0.010310000106983352,,,,
nymeria,cpu,posthoc_vq,nymeria__only_body_orientation__qwen3_4b,qwen3_4b,only_body_orientation,core,core_language,,4029108736,8071498752,256,,701925437312,1385.2588899999319,1389.6424876003493,0.7096310000633821,,,,
nymeria,cpu,joint_vq,nymeria__only_body_orientation__qwen3_4b,qwen3_4b,only_body_orientation,edge,xsens,body_orientation,30180,120720,0,125558,1829632,0.3171000003021618,0.32352600028389134,0.012630000128410757,81,2.0648,10.0,4.32e-05
nymeria,cpu,joint_vq,nymeria__only_body_orientation__qwen3_4b,qwen3_4b,only_body_orientation,core,core,,28468,113872,0,125806,486848,0.2277700000377081,0.2556700000695855,0.009819999831961468,,,,
nymeria,cpu,joint_vq,nymeria__only_body_orientation__qwen3_4b,qwen3_4b,only_body_orientation,core,core_language,,4029108736,8071498752,256,,524957000576,1347.9546459998346,1350.2324046997728,0.41926999983843416,,,,
nymeria,cpu,deepconvlstm,nymeria__only_body_orientation__qwen3_4b,qwen3_4b,only_body_orientation,edge,xsens,body_orientation,0,0,0,0,0,0.0005200004125072155,0.0008260000413429225,0.026870000056078425,272952,220.3616,10.0,0.1455744
nymeria,cpu,deepconvlstm,nymeria__only_body_orientation__qwen3_4b,qwen3_4b,only_body_orientation,core,core,,56358,225432,0,232161,3533696,0.37146000022403314,0.37991999997757375,0.017719999959808774,,,,
nymeria,cpu,deepconvlstm,nymeria__only_body_orientation__qwen3_4b,qwen3_4b,only_body_orientation,core,core_language,,4029108736,8071498752,256,,701925437312,1385.2588899999319,1389.6424876003493,0.7031109998933971,,,,
nymeria,cpu,unrestricted_bank,nymeria__only_body_orientation__qwen3_4b,qwen3_4b,only_body_orientation,edge,xsens,body_orientation,30212,120848,0,125939,1829632,0.23797099993316806,0.2544130999922345,0.01267000016014208,81,2.0648,10.0,4.32e-05
nymeria,cpu,unrestricted_bank,nymeria__only_body_orientation__qwen3_4b,qwen3_4b,only_body_orientation,core,core,,28468,113872,0,125806,486848,0.20150999989709817,0.22472189998552494,0.010119999842572724,,,,
nymeria,cpu,unrestricted_bank,nymeria__only_body_orientation__qwen3_4b,qwen3_4b,only_body_orientation,core,core_language,,4029108736,8071498752,256,,524957000576,1347.9546459998346,1350.2324046997728,0.42228000029354007,,,,
nymeria,cpu,separate_banks,nymeria__only_body_orientation__qwen3_4b,qwen3_4b,only_body_orientation,edge,xsens,body_orientation,30212,120848,0,125939,1829632,0.2403200001026562,0.25760900020941335,0.012649999916902743,81,2.0648,10.0,4.32e-05
nymeria,cpu,separate_banks,nymeria__only_body_orientation__qwen3_4b,qwen3_4b,only_body_orientation,core,core,,28468,113872,0,125806,486848,0.24450999990222044,0.2591808998658962,0.00991000024441746,,,,
nymeria,cpu,separate_banks,nymeria__only_body_orientation__qwen3_4b,qwen3_4b,only_body_orientation,core,core_language,,4029108736,8071498752,256,,524957000576,1347.9546459998346,1350.2324046997728,0.42252000002918066,,,,
nymeria,cpu,fixed_resampling,nymeria__only_body_orientation__qwen3_4b,qwen3_4b,only_body_orientation,edge,xsens,body_orientation,30212,120848,0,125939,1270272,0.15708999990238226,0.1732540000375593,0.012969999716005987,81,2.0648,10.0,4.32e-05
nymeria,cpu,fixed_resampling,nymeria__only_body_orientation__qwen3_4b,qwen3_4b,only_body_orientation,core,core,,28468,113872,0,125806,486848,0.22523000006913207,0.2484860001004563,0.009800000043469481,,,,
nymeria,cpu,fixed_resampling,nymeria__only_body_orientation__qwen3_4b,qwen3_4b,only_body_orientation,core,core_language,,4029108736,8071498752,256,,524957000576,1347.9546459998346,1350.2324046997728,0.42695999991337885,,,,
nymeria,cpu,finetune_encoders,nymeria__only_body_orientation__qwen3_4b,qwen3_4b,only_body_orientation,edge,xsens,body_orientation,30212,120848,0,125939,1829632,0.24616100017738063,0.25409809973098163,0.013070000022707973,81,2.0648,10.0,4.32e-05
nymeria,cpu,finetune_encoders,nymeria__only_body_orientation__qwen3_4b,qwen3_4b,only_body_orientation,core,core,,28468,113872,0,125806,486848,0.23343000020759064,0.25287989997195837,0.009779999800230144,,,,
nymeria,cpu,finetune_encoders,nymeria__only_body_orientation__qwen3_4b,qwen3_4b,only_body_orientation,core,core_language,,4029108736,8071498752,256,,524957000576,1347.9546459998346,1350.2324046997728,0.41907999957402353,,,,
nymeria,cpu,no_alignment,nymeria__only_body_orientation__qwen3_4b,qwen3_4b,only_body_orientation,edge,xsens,body_orientation,30212,120848,0,125939,1829632,0.2364400002079492,0.25365699984831735,0.012970000170753337,81,2.0648,10.0,4.32e-05
nymeria,cpu,no_alignment,nymeria__only_body_orientation__qwen3_4b,qwen3_4b,only_body_orientation,core,core,,28468,113872,0,125806,486848,0.2328000000488828,0.26233889993818593,0.009709999631013488,,,,
nymeria,cpu,no_alignment,nymeria__only_body_orientation__qwen3_4b,qwen3_4b,only_body_orientation,core,core_language,,4029108736,8071498752,256,,524957000576,1347.9546459998346,1350.2324046997728,0.4264799999873503,,,,
nymeria,cpu,no_usage,nymeria__only_body_orientation__qwen3_4b,qwen3_4b,only_body_orientation,edge,xsens,body_orientation,30212,120848,0,125939,1829632,0.2452800003993616,0.2561339998010226,0.012880000213044696,81,2.0648,10.0,4.32e-05
nymeria,cpu,no_usage,nymeria__only_body_orientation__qwen3_4b,qwen3_4b,only_body_orientation,core,core,,28468,113872,0,125806,486848,0.2289999997628911,0.25235589996555063,0.009829999726207461,,,,
nymeria,cpu,no_usage,nymeria__only_body_orientation__qwen3_4b,qwen3_4b,only_body_orientation,core,core_language,,4029108736,8071498752,256,,524957000576,1347.9546459998346,1350.2324046997728,0.4158899996582477,,,,
nymeria,cpu,tcn,nymeria__only_body_orientation__qwen3_4b,qwen3_4b,only_body_orientation,edge,xsens,body_orientation,0,0,0,0,0,0.0004900002750218846,0.0007420000656566117,0.028869999823655235,272952,220.3616,10.0,0.1455744
nymeria,cpu,tcn,nymeria__only_body_orientation__qwen3_4b,qwen3_4b,only_body_orientation,core,core,,25264,101056,0,109269,1557440,0.3747809996639262,0.3975140999045834,0.017749999642546754,,,,
nymeria,cpu,tcn,nymeria__only_body_orientation__qwen3_4b,qwen3_4b,only_body_orientation,core,core_language,,4029108736,8071498752,256,,701925437312,1385.2588899999319,1389.6424876003493,0.703820000126143,,,,
nymeria,cpu,ts_transformer,nymeria__only_body_orientation__qwen3_4b,qwen3_4b,only_body_orientation,edge,xsens,body_orientation,0,0,0,0,0,0.0005199999577598646,0.0007990002814040054,0.02880000010918593,272952,220.3616,10.0,0.1455744
nymeria,cpu,ts_transformer,nymeria__only_body_orientation__qwen3_4b,qwen3_4b,only_body_orientation,core,core,,38128,152512,0,164209,2606016,0.4081199999745877,0.4285148999770172,0.018000000181928044,,,,
nymeria,cpu,ts_transformer,nymeria__only_body_orientation__qwen3_4b,qwen3_4b,only_body_orientation,core,core_language,,4029108736,8071498752,256,,701925437312,1385.2588899999319,1389.6424876003493,0.7057510001686751,,,,
nymeria,cpu,patchtst,nymeria__only_body_orientation__qwen3_4b,qwen3_4b,only_body_orientation,edge,xsens,body_orientation,0,0,0,0,0,0.0004900002750218846,0.0007600002845720155,0.027329999738867627,272952,220.3616,10.0,0.1455744
nymeria,cpu,patchtst,nymeria__only_body_orientation__qwen3_4b,qwen3_4b,only_body_orientation,core,core,,35408,141632,0,153329,33702208,0.6689510000796872,0.6820721000622143,0.01812999971662066,,,,
nymeria,cpu,patchtst,nymeria__only_body_orientation__qwen3_4b,qwen3_4b,only_body_orientation,core,core_language,,4029108736,8071498752,256,,517598061312,1346.553424999911,1346.8643029999384,0.418240999806585,,,,
nymeria,cpu,distrixsense,nymeria__only_body_position__qwen3_4b,qwen3_4b,only_body_position,edge,xsens,body_position,22714,90856,0,95987,1352704,0.24040000016611884,0.25316200026281876,0.012790000255336054,81,2.0648,10.0,4.32e-05
nymeria,cpu,distrixsense,nymeria__only_body_position__qwen3_4b,qwen3_4b,only_body_position,core,core,,28468,113872,0,125806,486848,0.2272699998684402,0.25279400006184005,0.010260000181006035,,,,
nymeria,cpu,distrixsense,nymeria__only_body_position__qwen3_4b,qwen3_4b,only_body_position,core,core_language,,4029108736,8071498752,256,,524957000576,1347.9546459998346,1350.2324046997728,0.4229310002301645,,,,
nymeria,cpu,dense,nymeria__only_body_position__qwen3_4b,qwen3_4b,only_body_position,edge,xsens,body_position,19282,77128,0,80269,1221120,0.17747099991538562,0.18501209997339174,0.009240000053978292,4324,5.4592,10.0,0.0023061333333333333
nymeria,cpu,dense,nymeria__only_body_position__qwen3_4b,qwen3_4b,only_body_position,core,core,,27444,109776,0,121393,1993664,0.21655999989889096,0.23141000001487555,0.006589999884454301,,,,
nymeria,cpu,dense,nymeria__only_body_position__qwen3_4b,qwen3_4b,only_body_position,core,core_language,,4029108736,8071498752,256,,701925437312,1385.2588899999319,1389.6424876003493,0.7025909999356372,,,,
nymeria,cpu,dense_tokens,nymeria__only_body_position__qwen3_4b,qwen3_4b,only_body_position,edge,xsens,body_position,21658,86632,0,91257,1336320,0.22431100023823092,0.24303009995492175,0.008309999884659192,1100,2.88,10.0,0.0005866666666666667
nymeria,cpu,dense_tokens,nymeria__only_body_position__qwen3_4b,qwen3_4b,only_body_position,core,core,,27444,109776,0,121393,486848,0.2017510000769107,0.21880509980292118,0.006519999715237645,,,,
nymeria,cpu,dense_tokens,nymeria__only_body_position__qwen3_4b,qwen3_4b,only_body_position,core,core_language,,4029108736,8071498752,256,,524957000576,1347.9546459998346,1350.2324046997728,0.42502099995544995,,,,
nymeria,cpu,raw,nymeria__only_body_position__qwen3_4b,qwen3_4b,only_body_position,edge,xsens,body_position,0,0,0,0,0,0.00047999992602854036,0.000804000183052267,0.02413099991827039,205452,166.3616,10.0,0.1095744
nymeria,cpu,raw,nymeria__only_body_position__qwen3_4b,qwen3_4b,only_body_position,core,core,,46726,186904,0,201113,3214784,0.46276099965325557,0.4783750998740288,0.014409999948838959,,,,
nymeria,cpu,raw,nymeria__only_body_position__qwen3_4b,qwen3_4b,only_body_position,core,core_language,,4029108736,8071498752,256,,701925437312,1385.2588899999319,1389.6424876003493,0.7111809995876683,,,,
nymeria,cpu,early_fusion,nymeria__only_body_position__qwen3_4b,qwen3_4b,only_body_position,edge,xsens,body_position,0,0,0,0,0,0.0005000001692678779,0.0007970003025548067,0.024339999981748406,205452,166.3616,10.0,0.1095744
nymeria,cpu,early_fusion,nymeria__only_body_position__qwen3_4b,qwen3_4b,only_body_position,core,core,,34822,139288,0,152863,2454976,0.4476510002859868,0.4750731000513042,0.014520000149786938,,,,
nymeria,cpu,early_fusion,nymeria__only_body_position__qwen3_4b,qwen3_4b,only_body_position,core,core_language,,4029108736,8071498752,256,,701925437312,1385.2588899999319,1389.6424876003493,0.7064609999360982,,,,
nymeria,cpu,late_fusion,nymeria__only_body_position__qwen3_4b,qwen3_4b,only_body_position,edge,xsens,body_position,19612,78448,0,81989,1221760,0.19151000014971942,0.20884400018985616,0.0079100000220933,88,2.0704,10.0,4.6933333333333333e-05
nymeria,cpu,late_fusion,nymeria__only_body_position__qwen3_4b,qwen3_4b,only_body_position,core,core,,0,0,0,0,0,0.023609999971085927,0.03047700020033517,0.006029999894963112,,,,
nymeria,cpu,late_fusion,nymeria__only_body_position__qwen3_4b,qwen3_4b,only_body_position,core,core_language,,4022468096,8044936192,256,,591014930432,1376.2016709997624,1382.8183062999415,0.17213999990417506,,,,
nymeria,cpu,local_only,nymeria__only_body_position__qwen3_4b,qwen3_4b,only_body_position,edge,xsens,body_position,19612,78448,0,81989,1221760,0.1871009999376838,0.2041371002633241,0.007759999789413996,52,2.0416,10.0,2.7733333333333334e-05
nymeria,cpu,local_only,nymeria__only_body_position__qwen3_4b,qwen3_4b,only_body_position,core,core,,0,0,0,0,0,0.027999999929306796,0.036009999939778936,0.005890000011277152,,,,
nymeria,cpu,local_only,nymeria__only_body_position__qwen3_4b,qwen3_4b,only_body_position,core,core_language,,4022468096,8044936192,256,,591014930432,1376.2016709997624,1382.8183062999415,0.16946999994615908,,,,
nymeria,cpu,bottleneck,nymeria__only_body_position__qwen3_4b,qwen3_4b,only_body_position,edge,xsens,body_position,19414,77656,0,81221,1229312,0.1859599997260375,0.20467999984248308,0.008850000085658394,684,2.5472,10.0,0.0003648
nymeria,cpu,bottleneck,nymeria__only_body_position__qwen3_4b,qwen3_4b,only_body_position,core,core,,27604,110416,0,122603,2001856,0.2106110000568151,0.23472110005968716,0.006360000043059699,,,,
nymeria,cpu,bottleneck,nymeria__only_body_position__qwen3_4b,qwen3_4b,only_body_position,core,core_language,,4029108736,8071498752,256,,701925437312,1385.2588899999319,1389.6424876003493,0.7057299999360112,,,,
nymeria,cpu,tokenlearner,nymeria__only_body_position__qwen3_4b,qwen3_4b,only_body_position,edge,xsens,body_position,20602,82408,0,86463,1319936,0.2181300001211639,0.23137889997997263,0.008120000074995914,1100,2.88,10.0,0.0005866666666666667
nymeria,cpu,tokenlearner,nymeria__only_body_position__qwen3_4b,qwen3_4b,only_body_position,core,core,,27444,109776,0,121393,486848,0.19625999993877485,0.22048889991310716,0.00639000018054503,,,,
nymeria,cpu,tokenlearner,nymeria__only_body_position__qwen3_4b,qwen3_4b,only_body_position,core,core_language,,4029108736,8071498752,256,,524957000576,1347.9546459998346,1350.2324046997728,0.425990999701753,,,,
nymeria,cpu,posthoc_vq,nymeria__only_body_position__qwen3_4b,qwen3_4b,only_body_position,edge,xsens,body_position,20306,81224,0,84617,1286656,0.27967100004389067,0.28357610008242773,0.012840000181313371,192,2.1536,10.0,0.0001024
nymeria,cpu,posthoc_vq,nymeria__only_body_position__qwen3_4b,qwen3_4b,only_body_position,core,core,,28468,113872,0,125806,1993664,0.24211000027207774,0.264916900141543,0.01052999959938461,,,,
nymeria,cpu,posthoc_vq,nymeria__only_body_position__qwen3_4b,qwen3_4b,only_body_position,core,core_language,,4029108736,8071498752,256,,701925437312,1385.2588899999319,1389.6424876003493,0.7101910000528733,,,,
nymeria,cpu,joint_vq,nymeria__only_body_position__qwen3_4b,qwen3_4b,only_body_position,edge,xsens,body_position,22682,90728,0,95606,1352704,0.3075409999837575,0.322948099938003,0.012429999969754135,81,2.0648,10.0,4.32e-05
nymeria,cpu,joint_vq,nymeria__only_body_position__qwen3_4b,qwen3_4b,only_body_position,core,core,,28468,113872,0,125806,486848,0.22750000016458216,0.250620999986495,0.009960000170394778,,,,
nymeria,cpu,joint_vq,nymeria__only_body_position__qwen3_4b,qwen3_4b,only_body_position,core,core_language,,4029108736,8071498752,256,,524957000576,1347.9546459998346,1350.2324046997728,0.42269000005035195,,,,
nymeria,cpu,deepconvlstm,nymeria__only_body_position__qwen3_4b,qwen3_4b,only_body_position,edge,xsens,body_position,0,0,0,0,0,0.0004899998202745337,0.0007869999535614625,0.022650000119028846,205452,166.3616,10.0,0.1095744
nymeria,cpu,deepconvlstm,nymeria__only_body_position__qwen3_4b,qwen3_4b,only_body_position,core,core,,48860,195440,0,202209,3056768,0.3596000001380162,0.3724249999777385,0.014549999832524918,,,,
nymeria,cpu,deepconvlstm,nymeria__only_body_position__qwen3_4b,qwen3_4b,only_body_position,core,core_language,,4029108736,8071498752,256,,701925437312,1385.2588899999319,1389.6424876003493,0.7083700002112892,,,,
nymeria,cpu,unrestricted_bank,nymeria__only_body_position__qwen3_4b,qwen3_4b,only_body_position,edge,xsens,body_position,22714,90856,0,95987,1352704,0.2324799997950322,0.24813999993966718,0.012859999969805358,81,2.0648,10.0,4.32e-05
nymeria,cpu,unrestricted_bank,nymeria__only_body_position__qwen3_4b,qwen3_4b,only_body_position,core,core,,28468,113872,0,125806,486848,0.2012199997807329,0.2246020001166471,0.009930000032909447,,,,
nymeria,cpu,unrestricted_bank,nymeria__only_body_position__qwen3_4b,qwen3_4b,only_body_position,core,core_language,,4029108736,8071498752,256,,524957000576,1347.9546459998346,1350.2324046997728,0.42642099970180425,,,,
nymeria,cpu,separate_banks,nymeria__only_body_position__qwen3_4b,qwen3_4b,only_body_position,edge,xsens,body_position,22714,90856,0,95987,1352704,0.23593000014443533,0.255091000099128,0.012559999959194101,81,2.0648,10.0,4.32e-05
nymeria,cpu,separate_banks,nymeria__only_body_position__qwen3_4b,qwen3_4b,only_body_position,core,core,,28468,113872,0,125806,486848,0.23630999976376188,0.25781099993764656,0.009919999683916103,,,,
nymeria,cpu,separate_banks,nymeria__only_body_position__qwen3_4b,qwen3_4b,only_body_position,core,core_language,,4029108736,8071498752,256,,524957000576,1347.9546459998346,1350.2324046997728,0.4205000000183645,,,,
nymeria,cpu,fixed_resampling,nymeria__only_body_position__qwen3_4b,qwen3_4b,only_body_position,edge,xsens,body_position,22714,90856,0,95987,1034752,0.16014099992389674,0.1795981000213942,0.012900000001536682,81,2.0648,10.0,4.32e-05
nymeria,cpu,fixed_resampling,nymeria__only_body_position__qwen3_4b,qwen3_4b,only_body_position,core,core,,28468,113872,0,125806,486848,0.23019099990051473,0.25243809996027267,0.010250000286760041,,,,
nymeria,cpu,fixed_resampling,nymeria__only_body_position__qwen3_4b,qwen3_4b,only_body_position,core,core_language,,4029108736,8071498752,256,,524957000576,1347.9546459998346,1350.2324046997728,0.41610100015532225,,,,
nymeria,cpu,finetune_encoders,nymeria__only_body_position__qwen3_4b,qwen3_4b,only_body_position,edge,xsens,body_position,22714,90856,0,95987,1352704,0.23181000005934038,0.2503319998140796,0.013649999800691148,81,2.0648,10.0,4.32e-05
nymeria,cpu,finetune_encoders,nymeria__only_body_position__qwen3_4b,qwen3_4b,only_body_position,core,core,,28468,113872,0,125806,486848,0.23183000030257972,0.2587948999916989,0.01001999999061809,,,,
nymeria,cpu,finetune_encoders,nymeria__only_body_position__qwen3_4b,qwen3_4b,only_body_position,core,core_language,,4029108736,8071498752,256,,524957000576,1347.9546459998346,1350.2324046997728,0.429090000125143,,,,
nymeria,cpu,no_alignment,nymeria__only_body_position__qwen3_4b,qwen3_4b,only_body_position,edge,xsens,body_position,22714,90856,0,95987,1352704,0.23826999995435472,0.2476930001648725,0.012349999906291487,81,2.0648,10.0,4.32e-05
nymeria,cpu,no_alignment,nymeria__only_body_position__qwen3_4b,qwen3_4b,only_body_position,core,core,,28468,113872,0,125806,486848,0.22655100019619567,0.2520201001516398,0.009750000117492164,,,,
nymeria,cpu,no_alignment,nymeria__only_body_position__qwen3_4b,qwen3_4b,only_body_position,core,core_language,,4029108736,8071498752,256,,524957000576,1347.9546459998346,1350.2324046997728,0.41959000009228475,,,,
nymeria,cpu,no_usage,nymeria__only_body_position__qwen3_4b,qwen3_4b,only_body_position,edge,xsens,body_position,22714,90856,0,95987,1352704,0.23599999985890463,0.2579240000613936,0.01298000006499933,81,2.0648,10.0,4.32e-05
nymeria,cpu,no_usage,nymeria__only_body_position__qwen3_4b,qwen3_4b,only_body_position,core,core,,28468,113872,0,125806,486848,0.2347899999222136,0.2522139998291095,0.010159999874304049,,,,
nymeria,cpu,no_usage,nymeria__only_body_position__qwen3_4b,qwen3_4b,only_body_position,core,core_language,,4029108736,8071498752,256,,524957000576,1347.9546459998346,1350.2324046997728,0.42403099996590754,,,,
nymeria,cpu,tcn,nymeria__only_body_position__qwen3_4b,qwen3_4b,only_body_position,edge,xsens,body_position,0,0,0,0,0,0.0005900001269765198,0.0008149997938744491,0.023300000066228677,205452,166.3616,10.0,0.1095744
nymeria,cpu,tcn,nymeria__only_body_position__qwen3_4b,qwen3_4b,only_body_position,core,core,,20710,82840,0,91093,1268928,0.3785999997489853,0.3954309001983347,0.014509999800793594,,,,
nymeria,cpu,tcn,nymeria__only_body_position__qwen3_4b,qwen3_4b,only_body_position,core,core_language,,4029108736,8071498752,256,,701925437312,1385.2588899999319,1389.6424876003493,0.7023110001682653,,,,
nymeria,cpu,ts_transformer,nymeria__only_body_position__qwen3_4b,qwen3_4b,only_body_position,edge,xsens,body_position,0,0,0,0,0,0.0005799997779831756,0.0008409998827119125,0.022669999907520832,205452,166.3616,10.0,0.1095744
nymeria,cpu,ts_transformer,nymeria__only_body_position__qwen3_4b,qwen3_4b,only_body_position,core,core,,33574,134296,0,146033,2317504,0.4149800001869153,0.4295420000744343,0.014600000213249587,,,,
nymeria,cpu,ts_transformer,nymeria__only_body_position__qwen3_4b,qwen3_4b,only_body_position,core,core_language,,4029108736,8071498752,256,,701925437312,1385.2588899999319,1389.6424876003493,0.7042509996608715,,,,
nymeria,cpu,patchtst,nymeria__only_body_position__qwen3_4b,qwen3_4b,only_body_position,edge,xsens,body_position,0,0,0,0,0,0.0005500000952451956,0.0007929999810585286,0.027040000077249715,205452,166.3616,10.0,0.1095744
nymeria,cpu,patchtst,nymeria__only_body_position__qwen3_4b,qwen3_4b,only_body_position,core,core,,31590,126360,0,138097,25176384,0.6170510000629292,0.6448781000472081,0.014899999769113492,,,,
nymeria,cpu,patchtst,nymeria__only_body_position__qwen3_4b,qwen3_4b,only_body_position,core,core_language,,4029108736,8071498752,256,,517598061312,1346.553424999911,1346.8643029999384,0.4191200000605022,,,,
nymeria,cpu,distrixsense,nymeria__only_body_velocity__qwen3_4b,qwen3_4b,only_body_velocity,edge,xsens,body_velocity,22714,90856,0,95987,1352704,0.23547000000689877,0.2512830001705879,0.01277999990634271,81,2.0648,10.0,4.32e-05
nymeria,cpu,distrixsense,nymeria__only_body_velocity__qwen3_4b,qwen3_4b,only_body_velocity,core,core,,28468,113872,0,125806,486848,0.22946999979467364,0.2569928997218085,0.009970000064640772,,,,
nymeria,cpu,distrixsense,nymeria__only_body_velocity__qwen3_4b,qwen3_4b,only_body_velocity,core,core_language,,4029108736,8071498752,256,,524957000576,1347.9546459998346,1350.2324046997728,0.4253299998708826,,,,
nymeria,cpu,dense,nymeria__only_body_velocity__qwen3_4b,qwen3_4b,only_body_velocity,edge,xsens,body_velocity,19282,77128,0,80269,1221120,0.16942000002018176,0.1863579997461784,0.008849999630911043,4324,5.4592,10.0,0.0023061333333333333
nymeria,cpu,dense,nymeria__only_body_velocity__qwen3_4b,qwen3_4b,only_body_velocity,core,core,,27444,109776,0,121393,1993664,0.2094609999403474,0.23135710002861742,0.006830000074842246,,,,
nymeria,cpu,dense,nymeria__only_body_velocity__qwen3_4b,qwen3_4b,only_body_velocity,core,core_language,,4029108736,8071498752,256,,701925437312,1385.2588899999319,1389.6424876003493,0.7052999999359599,,,,
nymeria,cpu,dense_tokens,nymeria__only_body_velocity__qwen3_4b,qwen3_4b,only_body_velocity,edge,xsens,body_velocity,21658,86632,0,91257,1336320,0.23259999989022617,0.2406099999006983,0.00841999963085982,1100,2.88,10.0,0.0005866666666666667
nymeria,cpu,dense_tokens,nymeria__only_body_velocity__qwen3_4b,qwen3_4b,only_body_velocity,core,core,,27444,109776,0,121393,486848,0.19709999969563796,0.2175839999836171,0.006239999947865726,,,,
nymeria,cpu,dense_tokens,nymeria__only_body_velocity__qwen3_4b,qwen3_4b,only_body_velocity,core,core_language,,4029108736,8071498752,256,,524957000576,1347.9546459998346,1350.2324046997728,0.42075999999724445,,,,
nymeria,cpu,raw,nymeria__only_body_velocity__qwen3_4b,qwen3_4b,only_body_velocity,edge,xsens,body_velocity,0,0,0,0,0,0.0005099996087665204,0.0007529999038524693,0.02221000022473163,205452,166.3616,10.0,0.1095744
nymeria,cpu,raw,nymeria__only_body_velocity__qwen3_4b,qwen3_4b,only_body_velocity,core,core,,46726,186904,0,201113,3214784,0.4530500000328175,0.48091490002661885,0.014259999716159655,,,,
nymeria,cpu,raw,nymeria__only_body_velocity__qwen3_4b,qwen3_4b,only_body_velocity,core,core_language,,4029108736,8071498752,256,,701925437312,1385.2588899999319,1389.6424876003493,0.7035300000097777,,,,
nymeria,cpu,early_fusion,nymeria__only_body_velocity__qwen3_4b,qwen3_4b,only_body_velocity,edge,xsens,body_velocity,0,0,0,0,0,0.000529999852005858,0.0007820000519132009,0.022570000055566197,205452,166.3616,10.0,0.1095744
nymeria,cpu,early_fusion,nymeria__only_body_velocity__qwen3_4b,qwen3_4b,only_body_velocity,core,core,,34822,139288,0,152863,2454976,0.45609100016008597,0.4755750999720476,0.014400000054592965,,,,
nymeria,cpu,early_fusion,nymeria__only_body_velocity__qwen3_4b,qwen3_4b,only_body_velocity,core,core_language,,4029108736,8071498752,256,,701925437312,1385.2588899999319,1389.6424876003493,0.7041610001579102,,,,
nymeria,cpu,late_fusion,nymeria__only_body_velocity__qwen3_4b,qwen3_4b,only_body_velocity,edge,xsens,body_velocity,19612,78448,0,81989,1221760,0.1868700001068646,0.20347500008028874,0.008290000096167205,88,2.0704,10.0,4.6933333333333333e-05
nymeria,cpu,late_fusion,nymeria__only_body_velocity__qwen3_4b,qwen3_4b,only_body_velocity,core,core,,0,0,0,0,0,0.024089999897114467,0.02977800031658262,0.006039999789209105,,,,
nymeria,cpu,late_fusion,nymeria__only_body_velocity__qwen3_4b,qwen3_4b,only_body_velocity,core,core_language,,4022468096,8044936192,256,,591014930432,1376.2016709997624,1382.8183062999415,0.16692999997758307,,,,
nymeria,cpu,local_only,nymeria__only_body_velocity__qwen3_4b,qwen3_4b,only_body_velocity,edge,xsens,body_velocity,19612,78448,0,81989,1221760,0.18774099999063765,0.20150109976384556,0.007749999895168003,52,2.0416,10.0,2.7733333333333334e-05
nymeria,cpu,local_only,nymeria__only_body_velocity__qwen3_4b,qwen3_4b,only_body_velocity,core,core,,0,0,0,0,0,0.027950000003329478,0.03563599975677789,0.005970000074739801,,,,
nymeria,cpu,local_only,nymeria__only_body_velocity__qwen3_4b,qwen3_4b,only_body_velocity,core,core_language,,4022468096,8044936192,256,,591014930432,1376.2016709997624,1382.8183062999415,0.1742309996188851,,,,
nymeria,cpu,bottleneck,nymeria__only_body_velocity__qwen3_4b,qwen3_4b,only_body_velocity,edge,xsens,body_velocity,19414,77656,0,81221,1229312,0.18793000026562368,0.20240289986759308,0.008649999927001772,684,2.5472,10.0,0.0003648
nymeria,cpu,bottleneck,nymeria__only_body_velocity__qwen3_4b,qwen3_4b,only_body_velocity,core,core,,27604,110416,0,122603,2001856,0.20990100028939196,0.23243610016834282,0.0061499999901570845,,,,
nymeria,cpu,bottleneck,nymeria__only_body_velocity__qwen3_4b,qwen3_4b,only_body_velocity,core,core_language,,4029108736,8071498752,256,,701925437312,1385.2588899999319,1389.6424876003493,0.7008200000200304,,,,
nymeria,cpu,tokenlearner,nymeria__only_body_velocity__qwen3_4b,qwen3_4b,only_body_velocity,edge,xsens,body_velocity,20602,82408,0,86463,1319936,0.22022999974069535,0.2303108999512915,0.008449999768345151,1100,2.88,10.0,0.0005866666666666667
nymeria,cpu,tokenlearner,nymeria__only_body_velocity__qwen3_4b,qwen3_4b,only_body_velocity,core,core,,27444,109776,0,121393,486848,0.19315999998070765,0.22065590019337833,0.0064299997575290035,,,,
nymeria,cpu,tokenlearner,nymeria__only_body_velocity__qwen3_4b,qwen3_4b,only_body_velocity,core,core_language,,4029108736,8071498752,256,,524957000576,1347.9546459998346,1350.2324046997728,0.42159099984928616,,,,
nymeria,cpu,posthoc_vq,nymeria__only_body_velocity__qwen3_4b,qwen3_4b,only_body_velocity,edge,xsens,body_velocity,20306,81224,0,84617,1286656,0.2698610001061752,0.2934040999662102,0.012649999916902743,192,2.1536,10.0,0.0001024
nymeria,cpu,posthoc_vq,nymeria__only_body_velocity__qwen3_4b,qwen3_4b,only_body_velocity,core,core,,28468,113872,0,125806,1993664,0.24991999998746905,0.2663189000941202,0.01022000014927471,,,,
nymeria,cpu,posthoc_vq,nymeria__only_body_velocity__qwen3_4b,qwen3_4b,only_body_velocity,core,core_language,,4029108736,8071498752,256,,701925437312,1385.2588899999319,1389.6424876003493,0.7066810003379942,,,,
nymeria,cpu,joint_vq,nymeria__only_body_velocity__qwen3_4b,qwen3_4b,only_body_velocity,edge,xsens,body_velocity,22682,90728,0,95606,1352704,0.3144809998048004,0.3208071000244672,0.01267000016014208,81,2.0648,10.0,4.32e-05
nymeria,cpu,joint_vq,nymeria__only_body_velocity__qwen3_4b,qwen3_4b,only_body_velocity,core,core,,28468,113872,0,125806,486848,0.2399899999545596,0.25463299980401644,0.010280000424245372,,,,
nymeria,cpu,joint_vq,nymeria__only_body_velocity__qwen3_4b,qwen3_4b,only_body_velocity,core,core_language,,4029108736,8071498752,256,,524957000576,1347.9546459998346,1350.2324046997728,0.41848000000754837,,,,
nymeria,cpu,deepconvlstm,nymeria__only_body_velocity__qwen3_4b,qwen3_4b,only_body_velocity,edge,xsens,body_velocity,0,0,0,0,0,0.000529999852005858,0.0008360002993867965,0.022250000256462954,205452,166.3616,10.0,0.1095744
nymeria,cpu,deepconvlstm,nymeria__only_body_velocity__qwen3_4b,qwen3_4b,only_body_velocity,core,core,,48860,195440,0,202209,3056768,0.3544510000210721,0.3815490999386384,0.014520000149786938,,,,
nymeria,cpu,deepconvlstm,nymeria__only_body_velocity__qwen3_4b,qwen3_4b,only_body_velocity,core,core_language,,4029108736,8071498752,256,,701925437312,1385.2588899999319,1389.6424876003493,0.6998710000516439,,,,
nymeria,cpu,unrestricted_bank,nymeria__only_body_velocity__qwen3_4b,qwen3_4b,only_body_velocity,edge,xsens,body_velocity,22714,90856,0,95987,1352704,0.2424999997856503,0.2526699998725235,0.012869999864051351,81,2.0648,10.0,4.32e-05
nymeria,cpu,unrestricted_bank,nymeria__only_body_velocity__qwen3_4b,qwen3_4b,only_body_velocity,core,core,,28468,113872,0,125806,486848,0.20398000015120488,0.2276320000873966,0.010180000117543386,,,,
nymeria,cpu,unrestricted_bank,nymeria__only_body_velocity__qwen3_4b,qwen3_4b,only_body_velocity,core,core_language,,4029108736,8071498752,256,,524957000576,1347.9546459998346,1350.2324046997728,0.415820999933203,,,,
nymeria,cpu,separate_banks,nymeria__only_body_velocity__qwen3_4b,qwen3_4b,only_body_velocity,edge,xsens,body_velocity,22714,90856,0,95987,1352704,0.23735000013402896,0.2566468998793425,0.013020000096730655,81,2.0648,10.0,4.32e-05
nymeria,cpu,separate_banks,nymeria__only_body_velocity__qwen3_4b,qwen3_4b,only_body_velocity,core,core,,28468,113872,0,125806,486848,0.24763999999777297,0.25976299989451945,0.009970000064640772,,,,
nymeria,cpu,separate_banks,nymeria__only_body_velocity__qwen3_4b,qwen3_4b,only_body_velocity,core,core_language,,4029108736,8071498752,256,,524957000576,1347.9546459998346,1350.2324046997728,0.41164000003846013,,,,
nymeria,cpu,fixed_resampling,nymeria__only_body_velocity__qwen3_4b,qwen3_4b,only_body_velocity,edge,xsens,body_velocity,22714,90856,0,95987,1034752,0.1592700000401237,0.18478499991942954,0.012970000170753337,81,2.0648,10.0,4.32e-05
nymeria,cpu,fixed_resampling,nymeria__only_body_velocity__qwen3_4b,qwen3_4b,only_body_velocity,core,core,,28468,113872,0,125806,486848,0.22999000020718086,0.25323699992441107,0.009960000170394778,,,,
nymeria,cpu,fixed_resampling,nymeria__only_body_velocity__qwen3_4b,qwen3_4b,only_body_velocity,core,core_language,,4029108736,8071498752,256,,524957000576,1347.9546459998346,1350.2324046997728,0.41597999961595633,,,,
nymeria,cpu,finetune_encoders,nymeria__only_body_velocity__qwen3_4b,qwen3_4b,only_body_velocity,edge,xsens,body_velocity,22714,90856,0,95987,1352704,0.23289000000659144,0.2535900000566471,0.01281000004382804,81,2.0648,10.0,4.32e-05
nymeria,cpu,finetune_encoders,nymeria__only_body_velocity__qwen3_4b,qwen3_4b,only_body_velocity,core,core,,28468,113872,0,125806,486848,0.23339099971053656,0.26180310005656793,0.009809999937715475,,,,
nymeria,cpu,finetune_encoders,nymeria__only_body_velocity__qwen3_4b,qwen3_4b,only_body_velocity,core,core_language,,4029108736,8071498752,256,,524957000576,1347.9546459998346,1350.2324046997728,0.4174399996372813,,,,
nymeria,cpu,no_alignment,nymeria__only_body_velocity__qwen3_4b,qwen3_4b,only_body_velocity,edge,xsens,body_velocity,22714,90856,0,95987,1352704,0.23929000008138246,0.24706599970159004,0.012720000086119398,81,2.0648,10.0,4.32e-05
nymeria,cpu,no_alignment,nymeria__only_body_velocity__qwen3_4b,qwen3_4b,only_body_velocity,core,core,,28468,113872,0,125806,486848,0.22917000023880973,0.2514270001938712,0.010400000064691994,,,,
nymeria,cpu,no_alignment,nymeria__only_body_velocity__qwen3_4b,qwen3_4b,only_body_velocity,core,core_language,,4029108736,8071498752,256,,524957000576,1347.9546459998346,1350.2324046997728,0.4145499997321167,,,,
nymeria,cpu,no_usage,nymeria__only_body_velocity__qwen3_4b,qwen3_4b,only_body_velocity,edge,xsens,body_velocity,22714,90856,0,95987,1352704,0.23170000031313975,0.2489529999820661,0.012660000265896088,81,2.0648,10.0,4.32e-05
nymeria,cpu,no_usage,nymeria__only_body_velocity__qwen3_4b,qwen3_4b,only_body_velocity,core,core,,28468,113872,0,125806,486848,0.24308000001838082,0.2524760001051618,0.0100799998108414,,,,
nymeria,cpu,no_usage,nymeria__only_body_velocity__qwen3_4b,qwen3_4b,only_body_velocity,core,core_language,,4029108736,8071498752,256,,524957000576,1347.9546459998346,1350.2324046997728,0.42242100016665063,,,,
nymeria,cpu,tcn,nymeria__only_body_velocity__qwen3_4b,qwen3_4b,only_body_velocity,edge,xsens,body_velocity,0,0,0,0,0,0.0005100000635138713,0.0007620002634212142,0.022679999801766826,205452,166.3616,10.0,0.1095744
nymeria,cpu,tcn,nymeria__only_body_velocity__qwen3_4b,qwen3_4b,only_body_velocity,core,core,,20710,82840,0,91093,1268928,0.38022999979148153,0.3964758998790785,0.014530000044032931,,,,
nymeria,cpu,tcn,nymeria__only_body_velocity__qwen3_4b,qwen3_4b,only_body_velocity,core,core_language,,4029108736,8071498752,256,,701925437312,1385.2588899999319,1389.6424876003493,0.7066810003379942,,,,
nymeria,cpu,ts_transformer,nymeria__only_body_velocity__qwen3_4b,qwen3_4b,only_body_velocity,edge,xsens,body_velocity,0,0,0,0,0,0.0005100000635138713,0.0007799996637913864,0.022780000108468812,205452,166.3616,10.0,0.1095744
nymeria,cpu,ts_transformer,nymeria__only_body_velocity__qwen3_4b,qwen3_4b,only_body_velocity,core,core,,33574,134296,0,146033,2317504,0.40334100003747153,0.42499500023041037,0.014270000065152999,,,,
nymeria,cpu,ts_transformer,nymeria__only_body_velocity__qwen3_4b,qwen3_4b,only_body_velocity,core,core_language,,4029108736,8071498752,256,,701925437312,1385.2588899999319,1389.6424876003493,0.7005610000305751,,,,
nymeria,cpu,patchtst,nymeria__only_body_velocity__qwen3_4b,qwen3_4b,only_body_velocity,edge,xsens,body_velocity,0,0,0,0,0,0.000470000031782547,0.0008029997843550518,0.0227999998969608,205452,166.3616,10.0,0.1095744
nymeria,cpu,patchtst,nymeria__only_body_velocity__qwen3_4b,qwen3_4b,only_body_velocity,core,core,,31590,126360,0,138097,25176384,0.6177909999678377,0.64809310038072,0.014680000276712235,,,,
nymeria,cpu,patchtst,nymeria__only_body_velocity__qwen3_4b,qwen3_4b,only_body_velocity,core,core_language,,4029108736,8071498752,256,,517598061312,1346.553424999911,1346.8643029999384,0.42075000010299846,,,,
nymeria,cpu,distrixsense,nymeria__only_eye_images__qwen3_4b,qwen3_4b,only_eye_images,edge,head,head_eye_images,21224,84896,0,89907,1257984,0.2216110001427296,0.23129410005822137,0.01295000038226135,82,2.0656,10.0,4.373333333333333e-05
nymeria,cpu,distrixsense,nymeria__only_eye_images__qwen3_4b,qwen3_4b,only_eye_images,edge,observer,observer_eye_images,21224,84896,0,89907,1257984,0.21201000026849215,0.22845389989925025,0.01266999970539473,82,2.0656,10.0,4.373333333333333e-05
nymeria,cpu,distrixsense,nymeria__only_eye_images__qwen3_4b,qwen3_4b,only_eye_images,core,core,,29556,118224,0,130158,956416,0.2777100003186206,0.30311700011225184,0.017520000255899504,,,,
nymeria,cpu,distrixsense,nymeria__only_eye_images__qwen3_4b,qwen3_4b,only_eye_images,core,core_language,,4029108736,8071498752,256,,598584731776,1365.3680319998784,1392.2720164000566,0.510659999690688,,,,
nymeria,cpu,dense,nymeria__only_eye_images__qwen3_4b,qwen3_4b,only_eye_images,edge,head,head_eye_images,17792,71168,0,74189,1126400,0.14950000013413955,0.16507000041201536,0.008750000233703759,4324,5.4592,10.0,0.0023061333333333333
nymeria,cpu,dense,nymeria__only_eye_images__qwen3_4b,qwen3_4b,only_eye_images,edge,observer,observer_eye_images,17792,71168,0,74189,1126400,0.14911000016581966,0.164833000053477,0.008999999863590347,4324,5.4592,10.0,0.0023061333333333333
nymeria,cpu,dense,nymeria__only_eye_images__qwen3_4b,qwen3_4b,only_eye_images,core,core,,27508,110032,0,121649,4461568,0.2645499998834566,0.2907489998960955,0.011919999906240264,,,,
nymeria,cpu,dense,nymeria__only_eye_images__qwen3_4b,qwen3_4b,only_eye_images,core,core_language,,4029108736,8071498752,256,,953767313536,1456.824762999986,1456.8868270001076,1.0876910000661155,,,,
nymeria,cpu,dense_tokens,nymeria__only_eye_images__qwen3_4b,qwen3_4b,only_eye_images,edge,head,head_eye_images,20168,80672,0,85177,1241600,0.20561100018312573,0.22412310004256142,0.008229999821196543,1100,2.88,10.0,0.0005866666666666667
nymeria,cpu,dense_tokens,nymeria__only_eye_images__qwen3_4b,qwen3_4b,only_eye_images,edge,observer,observer_eye_images,20168,80672,0,85177,1241600,0.20416999996086815,0.21613099993373908,0.008369999704882503,1100,2.88,10.0,0.0005866666666666667
nymeria,cpu,dense_tokens,nymeria__only_eye_images__qwen3_4b,qwen3_4b,only_eye_images,core,core,,27508,110032,0,121649,956416,0.22657099998468766,0.2531561000068905,0.011529999937920365,,,,
nymeria,cpu,dense_tokens,nymeria__only_eye_images__qwen3_4b,qwen3_4b,only_eye_images,core,core_language,,4029108736,8071498752,256,,598584731776,1365.3680319998784,1392.2720164000566,0.5123910000293108,,,,
nymeria,cpu,raw,nymeria__only_eye_images__qwen3_4b,qwen3_4b,only_eye_images,edge,head,head_eye_images,0,0,0,0,0,0.000529999852005858,0.0007909999567345949,0.009059999683813658,7984,8.3872,10.0,0.004258133333333333
nymeria,cpu,raw,nymeria__only_eye_images__qwen3_4b,qwen3_4b,only_eye_images,edge,observer,observer_eye_images,0,0,0,0,0,0.0004899998202745337,0.0006699999630654929,0.008989999969344353,7984,8.3872,10.0,0.004258133333333333
nymeria,cpu,raw,nymeria__only_eye_images__qwen3_4b,qwen3_4b,only_eye_images,core,core,,63092,252368,0,268993,6714368,0.6318410000858421,0.6482561000211717,0.012210000022605527,,,,
nymeria,cpu,raw,nymeria__only_eye_images__qwen3_4b,qwen3_4b,only_eye_images,core,core_language,,4029108736,8071498752,256,,953767313536,1456.824762999986,1456.8868270001076,1.0834109998540953,,,,
nymeria,cpu,early_fusion,nymeria__only_eye_images__qwen3_4b,qwen3_4b,only_eye_images,edge,head,head_eye_images,0,0,0,0,0,0.0005500000952451956,0.0007840000762371346,0.009189999673253624,7984,8.3872,10.0,0.004258133333333333
nymeria,cpu,early_fusion,nymeria__only_eye_images__qwen3_4b,qwen3_4b,only_eye_images,edge,observer,observer_eye_images,0,0,0,0,0,0.00041000021155923605,0.0005899999450775795,0.008789999810687732,7984,8.3872,10.0,0.004258133333333333
nymeria,cpu,early_fusion,nymeria__only_eye_images__qwen3_4b,qwen3_4b,only_eye_images,core,core,,40532,162128,0,176851,2808832,0.5472299999382813,0.5640158996357059,0.012350000361038838,,,,
nymeria,cpu,early_fusion,nymeria__only_eye_images__qwen3_4b,qwen3_4b,only_eye_images,core,core_language,,4029108736,8071498752,256,,716676935808,1399.8039619996234,1405.6795274001615,0.7175810001172067,,,,
nymeria,cpu,late_fusion,nymeria__only_eye_images__qwen3_4b,qwen3_4b,only_eye_images,edge,head,head_eye_images,18122,72488,0,75909,1127040,0.17203000015797443,0.1880319999600033,0.008229999821196543,88,2.0704,10.0,4.6933333333333333e-05
nymeria,cpu,late_fusion,nymeria__only_eye_images__qwen3_4b,qwen3_4b,only_eye_images,edge,observer,observer_eye_images,18122,72488,0,75909,1127040,0.16992999962894828,0.17737389989633812,0.008150000212481245,88,2.0704,10.0,4.6933333333333333e-05
nymeria,cpu,late_fusion,nymeria__only_eye_images__qwen3_4b,qwen3_4b,only_eye_images,core,core,,0,0,0,0,0,0.029610000183311058,0.03586499992707104,0.010939999810943846,,,,
nymeria,cpu,late_fusion,nymeria__only_eye_images__qwen3_4b,qwen3_4b,only_eye_images,core,core_language,,4022468096,8044936192,256,,605731039488,1367.6060029997643,1369.0499828002885,0.17402000003130524,,,,
nymeria,cpu,local_only,nymeria__only_eye_images__qwen3_4b,qwen3_4b,only_eye_images,edge,head,head_eye_images,18122,72488,0,75909,1127040,0.1702800000202842,0.18682199984141334,0.007730000106676016,52,2.0416,10.0,2.7733333333333334e-05
nymeria,cpu,local_only,nymeria__only_eye_images__qwen3_4b,qwen3_4b,only_eye_images,edge,observer,observer_eye_images,18122,72488,0,75909,1127040,0.17901000001074863,0.18114389995389502,0.007840000307623995,52,2.0416,10.0,2.7733333333333334e-05
nymeria,cpu,local_only,nymeria__only_eye_images__qwen3_4b,qwen3_4b,only_eye_images,core,core,,0,0,0,0,0,0.04406000016388134,0.045130999887987855,0.010899999779212521,,,,
nymeria,cpu,local_only,nymeria__only_eye_images__qwen3_4b,qwen3_4b,only_eye_images,core,core_language,,4022468096,8044936192,256,,605731039488,1367.6060029997643,1369.0499828002885,0.1700699999673816,,,,
nymeria,cpu,bottleneck,nymeria__only_eye_images__qwen3_4b,qwen3_4b,only_eye_images,edge,head,head_eye_images,17924,71696,0,75141,1134592,0.1728499996715982,0.18771889999698033,0.008630000138509786,684,2.5472,10.0,0.0003648
nymeria,cpu,bottleneck,nymeria__only_eye_images__qwen3_4b,qwen3_4b,only_eye_images,edge,observer,observer_eye_images,17924,71696,0,75141,1134592,0.16916999993554782,0.18031199997494696,0.008630000138509786,684,2.5472,10.0,0.0003648
nymeria,cpu,bottleneck,nymeria__only_eye_images__qwen3_4b,qwen3_4b,only_eye_images,core,core,,27828,111312,0,124133,4477952,0.26769999976750114,0.28888689998893824,0.011200000244571129,,,,
nymeria,cpu,bottleneck,nymeria__only_eye_images__qwen3_4b,qwen3_4b,only_eye_images,core,core_language,,4029108736,8071498752,256,,953767313536,1456.824762999986,1456.8868270001076,1.0884410003200173,,,,
nymeria,cpu,tokenlearner,nymeria__only_eye_images__qwen3_4b,qwen3_4b,only_eye_images,edge,head,head_eye_images,19112,76448,0,80383,1225216,0.20197100002405932,0.21451609995892795,0.008569999863539124,1100,2.88,10.0,0.0005866666666666667
nymeria,cpu,tokenlearner,nymeria__only_eye_images__qwen3_4b,qwen3_4b,only_eye_images,edge,observer,observer_eye_images,19112,76448,0,80383,1225216,0.20462000020415871,0.20912000009047915,0.008580000212532468,1100,2.88,10.0,0.0005866666666666667
nymeria,cpu,tokenlearner,nymeria__only_eye_images__qwen3_4b,qwen3_4b,only_eye_images,core,core,,27508,110032,0,121649,956416,0.22283999987848802,0.25106400016738917,0.011480000011943048,,,,
nymeria,cpu,tokenlearner,nymeria__only_eye_images__qwen3_4b,qwen3_4b,only_eye_images,core,core_language,,4029108736,8071498752,256,,598584731776,1365.3680319998784,1392.2720164000566,0.5179199997655815,,,,
nymeria,cpu,posthoc_vq,nymeria__only_eye_images__qwen3_4b,qwen3_4b,only_eye_images,edge,head,head_eye_images,19840,79360,0,82633,1191936,0.25313000014648424,0.2713289000439545,0.013129999842931284,196,2.1568,10.0,0.00010453333333333333
nymeria,cpu,posthoc_vq,nymeria__only_eye_images__qwen3_4b,qwen3_4b,only_eye_images,edge,observer,observer_eye_images,19840,79360,0,82633,1191936,0.2432000001135748,0.25665590023891127,0.013159999980416615,196,2.1568,10.0,0.00010453333333333333
nymeria,cpu,posthoc_vq,nymeria__only_eye_images__qwen3_4b,qwen3_4b,only_eye_images,core,core,,29556,118224,0,130158,4461568,0.3060599997297686,0.3364349997809768,0.01868999970611185,,,,
nymeria,cpu,posthoc_vq,nymeria__only_eye_images__qwen3_4b,qwen3_4b,only_eye_images,core,core_language,,4029108736,8071498752,256,,953767313536,1456.824762999986,1456.8868270001076,1.0928109995802515,,,,
nymeria,cpu,joint_vq,nymeria__only_eye_images__qwen3_4b,qwen3_4b,only_eye_images,edge,head,head_eye_images,22216,88864,0,93622,1257984,0.28984000027776347,0.2995068999553041,0.012310000329307513,82,2.0656,10.0,4.373333333333333e-05
nymeria,cpu,joint_vq,nymeria__only_eye_images__qwen3_4b,qwen3_4b,only_eye_images,edge,observer,observer_eye_images,22216,88864,0,93622,1257984,0.293981000140775,0.29600510001728253,0.012659999811148737,82,2.0656,10.0,4.373333333333333e-05
nymeria,cpu,joint_vq,nymeria__only_eye_images__qwen3_4b,qwen3_4b,only_eye_images,core,core,,29556,118224,0,130158,956416,0.27780000027632923,0.29196599984970817,0.01731999964249553,,,,
nymeria,cpu,joint_vq,nymeria__only_eye_images__qwen3_4b,qwen3_4b,only_eye_images,core,core_language,,4029108736,8071498752,256,,598584731776,1365.3680319998784,1392.2720164000566,0.5179210002097534,,,,
nymeria,cpu,deepconvlstm,nymeria__only_eye_images__qwen3_4b,qwen3_4b,only_eye_images,edge,head,head_eye_images,0,0,0,0,0,0.00047999992602854036,0.000830999897516449,0.00915000009626965,7984,8.3872,10.0,0.004258133333333333
nymeria,cpu,deepconvlstm,nymeria__only_eye_images__qwen3_4b,qwen3_4b,only_eye_images,edge,observer,observer_eye_images,0,0,0,0,0,0.00047999992602854036,0.0005969999165245099,0.008600000001024455,7984,8.3872,10.0,0.004258133333333333
nymeria,cpu,deepconvlstm,nymeria__only_eye_images__qwen3_4b,qwen3_4b,only_eye_images,core,core,,62026,248104,0,255893,3891840,0.4543699997157091,0.47028199965097883,0.012510000033216784,,,,
nymeria,cpu,deepconvlstm,nymeria__only_eye_images__qwen3_4b,qwen3_4b,only_eye_images,core,core_language,,4029108736,8071498752,256,,716676935808,1399.8039619996234,1405.6795274001615,0.7018709998192207,,,,
nymeria,cpu,unrestricted_bank,nymeria__only_eye_images__qwen3_4b,qwen3_4b,only_eye_images,edge,head,head_eye_images,22280,89120,0,94131,1274368,0.21722100018450874,0.23786609999660868,0.012630000128410757,82,2.0656,10.0,4.373333333333333e-05
nymeria,cpu,unrestricted_bank,nymeria__only_eye_images__qwen3_4b,qwen3_4b,only_eye_images,edge,observer,observer_eye_images,22280,89120,0,94131,1274368,0.2126099998349673,0.2252739001505688,0.012710000191873405,82,2.0656,10.0,4.373333333333333e-05
nymeria,cpu,unrestricted_bank,nymeria__only_eye_images__qwen3_4b,qwen3_4b,only_eye_images,core,core,,29556,118224,0,130158,956416,0.23788000044078217,0.26320600027247565,0.017299999854003545,,,,
nymeria,cpu,unrestricted_bank,nymeria__only_eye_images__qwen3_4b,qwen3_4b,only_eye_images,core,core_language,,4029108736,8071498752,256,,598584731776,1365.3680319998784,1392.2720164000566,0.5148810000719095,,,,
nymeria,cpu,separate_banks,nymeria__only_eye_images__qwen3_4b,qwen3_4b,only_eye_images,edge,head,head_eye_images,21224,84896,0,89907,1257984,0.22395000041797175,0.22982700006650703,0.01277999990634271,82,2.0656,10.0,4.373333333333333e-05
nymeria,cpu,separate_banks,nymeria__only_eye_images__qwen3_4b,qwen3_4b,only_eye_images,edge,observer,observer_eye_images,21224,84896,0,89907,1257984,0.20953000012013945,0.2253160001600918,0.012760000117850723,82,2.0656,10.0,4.373333333333333e-05
nymeria,cpu,separate_banks,nymeria__only_eye_images__qwen3_4b,qwen3_4b,only_eye_images,core,core,,29556,118224,0,130411,956416,0.2841810000973055,0.31295309991037357,0.01726000027701957,,,,
nymeria,cpu,separate_banks,nymeria__only_eye_images__qwen3_4b,qwen3_4b,only_eye_images,core,core_language,,4029108736,8071498752,256,,598584731776,1365.3680319998784,1392.2720164000566,0.5208000002312474,,,,
nymeria,cpu,fixed_resampling,nymeria__only_eye_images__qwen3_4b,qwen3_4b,only_eye_images,edge,head,head_eye_images,21224,84896,0,89907,983552,0.14220999992176075,0.15289300031327002,0.012250000054336851,82,2.0656,10.0,4.373333333333333e-05
nymeria,cpu,fixed_resampling,nymeria__only_eye_images__qwen3_4b,qwen3_4b,only_eye_images,edge,observer,observer_eye_images,21224,84896,0,89907,983552,0.1375700003336533,0.14980999981162313,0.015670000266254647,82,2.0656,10.0,4.373333333333333e-05
nymeria,cpu,fixed_resampling,nymeria__only_eye_images__qwen3_4b,qwen3_4b,only_eye_images,core,core,,29556,118224,0,130158,956416,0.270749999799591,0.28749900029652053,0.018849999833037145,,,,
nymeria,cpu,fixed_resampling,nymeria__only_eye_images__qwen3_4b,qwen3_4b,only_eye_images,core,core_language,,4029108736,8071498752,256,,598584731776,1365.3680319998784,1392.2720164000566,0.5175500000405009,,,,
nymeria,cpu,finetune_encoders,nymeria__only_eye_images__qwen3_4b,qwen3_4b,only_eye_images,edge,head,head_eye_images,21224,84896,0,89907,1257984,0.21788000003652996,0.22755590002816461,0.012569999853440095,82,2.0656,10.0,4.373333333333333e-05
nymeria,cpu,finetune_encoders,nymeria__only_eye_images__qwen3_4b,qwen3_4b,only_eye_images,edge,observer,observer_eye_images,21224,84896,0,89907,1257984,0.20971000003555673,0.2242179996756022,0.0123300001177995,82,2.0656,10.0,4.373333333333333e-05
nymeria,cpu,finetune_encoders,nymeria__only_eye_images__qwen3_4b,qwen3_4b,only_eye_images,core,core,,29556,118224,0,130158,956416,0.2781500002129178,0.29113699997651565,0.017150000076071592,,,,
nymeria,cpu,finetune_encoders,nymeria__only_eye_images__qwen3_4b,qwen3_4b,only_eye_images,core,core_language,,4029108736,8071498752,256,,598584731776,1365.3680319998784,1392.2720164000566,0.5114900000080524,,,,
nymeria,cpu,no_alignment,nymeria__only_eye_images__qwen3_4b,qwen3_4b,only_eye_images,edge,head,head_eye_images,21224,84896,0,89907,1257984,0.22314999978334527,0.23230389997479506,0.012729999980365392,82,2.0656,10.0,4.373333333333333e-05
nymeria,cpu,no_alignment,nymeria__only_eye_images__qwen3_4b,qwen3_4b,only_eye_images,edge,observer,observer_eye_images,21224,84896,0,89907,1257984,0.21242999991955003,0.22545390011146083,0.012940000033268007,82,2.0656,10.0,4.373333333333333e-05
nymeria,cpu,no_alignment,nymeria__only_eye_images__qwen3_4b,qwen3_4b,only_eye_images,core,core,,29556,118224,0,130158,956416,0.27288999990560114,0.3068560000428988,0.017329999991488876,,,,
nymeria,cpu,no_alignment,nymeria__only_eye_images__qwen3_4b,qwen3_4b,only_eye_images,core,core_language,,4029108736,8071498752,256,,598584731776,1365.3680319998784,1392.2720164000566,0.5160199998499593,,,,
nymeria,cpu,no_usage,nymeria__only_eye_images__qwen3_4b,qwen3_4b,only_eye_images,edge,head,head_eye_images,21224,84896,0,89907,1257984,0.22430100034398492,0.22879110033500183,0.012580000202433439,82,2.0656,10.0,4.373333333333333e-05
nymeria,cpu,no_usage,nymeria__only_eye_images__qwen3_4b,qwen3_4b,only_eye_images,edge,observer,observer_eye_images,21224,84896,0,89907,1257984,0.2093599996442208,0.22411189997910697,0.012719999631372048,82,2.0656,10.0,4.373333333333333e-05
nymeria,cpu,no_usage,nymeria__only_eye_images__qwen3_4b,qwen3_4b,only_eye_images,core,core,,29556,118224,0,130158,956416,0.272190000032424,0.3023048999693856,0.01731000020299689,,,,
nymeria,cpu,no_usage,nymeria__only_eye_images__qwen3_4b,qwen3_4b,only_eye_images,core,core_language,,4029108736,8071498752,256,,598584731776,1365.3680319998784,1392.2720164000566,0.5147010001564922,,,,
nymeria,cpu,tcn,nymeria__only_eye_images__qwen3_4b,qwen3_4b,only_eye_images,edge,head,head_eye_images,0,0,0,0,0,0.0005400002009992022,0.0007739997727185255,0.008949999937613029,7984,8.3872,10.0,0.004258133333333333
nymeria,cpu,tcn,nymeria__only_eye_images__qwen3_4b,qwen3_4b,only_eye_images,edge,observer,observer_eye_images,0,0,0,0,0,0.0004399998942972161,0.0005840000085299835,0.008700000307726441,7984,8.3872,10.0,0.004258133333333333
nymeria,cpu,tcn,nymeria__only_eye_images__qwen3_4b,qwen3_4b,only_eye_images,core,core,,26388,105552,0,114825,1622784,0.46991000044727116,0.48717290001150104,0.012580000202433439,,,,
nymeria,cpu,tcn,nymeria__only_eye_images__qwen3_4b,qwen3_4b,only_eye_images,core,core_language,,4029108736,8071498752,256,,716676935808,1399.8039619996234,1405.6795274001615,0.7024609999461973,,,,
nymeria,cpu,ts_transformer,nymeria__only_eye_images__qwen3_4b,qwen3_4b,only_eye_images,edge,head,head_eye_images,0,0,0,0,0,0.0004900002750218846,0.0007420000656566117,0.00912000041353167,7984,8.3872,10.0,0.004258133333333333
nymeria,cpu,ts_transformer,nymeria__only_eye_images__qwen3_4b,qwen3_4b,only_eye_images,edge,observer,observer_eye_images,0,0,0,0,0,0.0004599996827892028,0.0005050000254414044,0.008540000180801144,7984,8.3872,10.0,0.004258133333333333
nymeria,cpu,ts_transformer,nymeria__only_eye_images__qwen3_4b,qwen3_4b,only_eye_images,core,core,,39252,157008,0,169893,2671360,0.5021000001761422,0.5172020000827615,0.012280000191822182,,,,
nymeria,cpu,ts_transformer,nymeria__only_eye_images__qwen3_4b,qwen3_4b,only_eye_images,core,core_language,,4029108736,8071498752,256,,716676935808,1399.8039619996234,1405.6795274001615,0.6993699998929515,,,,
nymeria,cpu,patchtst,nymeria__only_eye_images__qwen3_4b,qwen3_4b,only_eye_images,edge,head,head_eye_images,0,0,0,0,0,0.0005100000635138713,0.0008430002253589919,0.009079999927052995,7984,8.3872,10.0,0.004258133333333333
nymeria,cpu,patchtst,nymeria__only_eye_images__qwen3_4b,qwen3_4b,only_eye_images,edge,observer,observer_eye_images,0,0,0,0,0,0.0006000000212225132,0.0008250000973930582,0.008900000011635711,7984,8.3872,10.0,0.004258133333333333
nymeria,cpu,patchtst,nymeria__only_eye_images__qwen3_4b,qwen3_4b,only_eye_images,core,core,,35348,141392,0,154277,46658688,0.819240000055288,0.8459618998585938,0.012409999726514798,,,,
nymeria,cpu,patchtst,nymeria__only_eye_images__qwen3_4b,qwen3_4b,only_eye_images,core,core_language,,4029108736,8071498752,256,,532290577408,1347.337074999814,1349.1339267999138,0.4174399996372813,,,,
nymeria,cpu,distrixsense,nymeria__only_foot_contacts__qwen3_4b,qwen3_4b,only_foot_contacts,edge,xsens,foot_contacts,7244,28976,0,34099,370944,0.23289000000659144,0.2385789000072691,0.012580000202433439,81,2.0648,10.0,4.32e-05
nymeria,cpu,distrixsense,nymeria__only_foot_contacts__qwen3_4b,qwen3_4b,only_foot_contacts,core,core,,28468,113872,0,125806,486848,0.2266599999529717,0.2532010000322771,0.01019000001178938,,,,
nymeria,cpu,distrixsense,nymeria__only_foot_contacts__qwen3_4b,qwen3_4b,only_foot_contacts,core,core_language,,4029108736,8071498752,256,,524957000576,1347.9546459998346,1350.2324046997728,0.42014000018752995,,,,
nymeria,cpu,dense,nymeria__only_foot_contacts__qwen3_4b,qwen3_4b,only_foot_contacts,edge,xsens,foot_contacts,3812,15248,0,18381,239360,0.16347999962817994,0.17702500003906607,0.009100000170292333,4324,5.4592,10.0,0.0023061333333333333
nymeria,cpu,dense,nymeria__only_foot_contacts__qwen3_4b,qwen3_4b,only_foot_contacts,core,core,,27444,109776,0,121393,1993664,0.20988000005672802,0.23506199977418873,0.00641999986328301,,,,
nymeria,cpu,dense,nymeria__only_foot_contacts__qwen3_4b,qwen3_4b,only_foot_contacts,core,core_language,,4029108736,8071498752,256,,701925437312,1385.2588899999319,1389.6424876003493,0.7008099996710371,,,,
nymeria,cpu,dense_tokens,nymeria__only_foot_contacts__qwen3_4b,qwen3_4b,only_foot_contacts,edge,xsens,foot_contacts,6188,24752,0,29369,354560,0.21245100015221396,0.22942410032555927,0.00841999963085982,1100,2.88,10.0,0.0005866666666666667
nymeria,cpu,dense_tokens,nymeria__only_foot_contacts__qwen3_4b,qwen3_4b,only_foot_contacts,core,core,,27444,109776,0,121393,486848,0.19871099993906682,0.21519809993151284,0.006349999694066355,,,,
nymeria,cpu,dense_tokens,nymeria__only_foot_contacts__qwen3_4b,qwen3_4b,only_foot_contacts,core,core_language,,4029108736,8071498752,256,,524957000576,1347.9546459998346,1350.2324046997728,0.41825000016615377,,,,
nymeria,cpu,raw,nymeria__only_foot_contacts__qwen3_4b,qwen3_4b,only_foot_contacts,edge,xsens,foot_contacts,0,0,0,0,0,0.00047999992602854036,0.0007410000307572773,0.01477999967391952,14696,13.7568,10.0,0.007837866666666667
nymeria,cpu,raw,nymeria__only_foot_contacts__qwen3_4b,qwen3_4b,only_foot_contacts,core,core,,31256,125024,0,139225,2233024,0.4523709999375569,0.4659240998535097,0.006969999958528206,,,,
nymeria,cpu,raw,nymeria__only_foot_contacts__qwen3_4b,qwen3_4b,only_foot_contacts,core,core_language,,4029108736,8071498752,256,,701925437312,1385.2588899999319,1389.6424876003493,0.7091800002854143,,,,
nymeria,cpu,early_fusion,nymeria__only_foot_contacts__qwen3_4b,qwen3_4b,only_foot_contacts,edge,xsens,foot_contacts,0,0,0,0,0,0.0005799997779831756,0.0008140001682477305,0.014939999800844816,14696,13.7568,10.0,0.007837866666666667
nymeria,cpu,early_fusion,nymeria__only_foot_contacts__qwen3_4b,qwen3_4b,only_foot_contacts,core,core,,27672,110688,0,124255,2005696,0.44095100020058453,0.47262110006158764,0.007260000074893469,,,,
nymeria,cpu,early_fusion,nymeria__only_foot_contacts__qwen3_4b,qwen3_4b,only_foot_contacts,core,core_language,,4029108736,8071498752,256,,701925437312,1385.2588899999319,1389.6424876003493,0.7084610001584224,,,,
nymeria,cpu,late_fusion,nymeria__only_foot_contacts__qwen3_4b,qwen3_4b,only_foot_contacts,edge,xsens,foot_contacts,4142,16568,0,20101,240000,0.18145000012737,0.20136790026299423,0.008129999969241908,88,2.0704,10.0,4.6933333333333333e-05
nymeria,cpu,late_fusion,nymeria__only_foot_contacts__qwen3_4b,qwen3_4b,only_foot_contacts,core,core,,0,0,0,0,0,0.024440000288450392,0.030163999917931505,0.006089999715186423,,,,
nymeria,cpu,late_fusion,nymeria__only_foot_contacts__qwen3_4b,qwen3_4b,only_foot_contacts,core,core_language,,4022468096,8044936192,256,,591014930432,1376.2016709997624,1382.8183062999415,0.1689000000624219,,,,
nymeria,cpu,local_only,nymeria__only_foot_contacts__qwen3_4b,qwen3_4b,only_foot_contacts,edge,xsens,foot_contacts,4142,16568,0,20101,240000,0.1794500003597932,0.19518199974299932,0.007999999979801942,52,2.0416,10.0,2.7733333333333334e-05
nymeria,cpu,local_only,nymeria__only_foot_contacts__qwen3_4b,qwen3_4b,only_foot_contacts,core,core,,0,0,0,0,0,0.028259999908186728,0.03536100011842791,0.005920000148762483,,,,
nymeria,cpu,local_only,nymeria__only_foot_contacts__qwen3_4b,qwen3_4b,only_foot_contacts,core,core_language,,4022468096,8044936192,256,,591014930432,1376.2016709997624,1382.8183062999415,0.16521999987162417,,,,
nymeria,cpu,bottleneck,nymeria__only_foot_contacts__qwen3_4b,qwen3_4b,only_foot_contacts,edge,xsens,foot_contacts,3944,15776,0,19333,247552,0.1866410002548946,0.1935071000843891,0.00866999971549376,684,2.5472,10.0,0.0003648
nymeria,cpu,bottleneck,nymeria__only_foot_contacts__qwen3_4b,qwen3_4b,only_foot_contacts,core,core,,27604,110416,0,122603,2001856,0.2175999998144107,0.23410600001625426,0.0061499999901570845,,,,
nymeria,cpu,bottleneck,nymeria__only_foot_contacts__qwen3_4b,qwen3_4b,only_foot_contacts,core,core_language,,4029108736,8071498752,256,,701925437312,1385.2588899999319,1389.6424876003493,0.7027609999568085,,,,
nymeria,cpu,tokenlearner,nymeria__only_foot_contacts__qwen3_4b,qwen3_4b,only_foot_contacts,edge,xsens,foot_contacts,5132,20528,0,24575,338176,0.20562000008794712,0.22660800036646833,0.008450000223092502,1100,2.88,10.0,0.0005866666666666667
nymeria,cpu,tokenlearner,nymeria__only_foot_contacts__qwen3_4b,qwen3_4b,only_foot_contacts,core,core,,27444,109776,0,121393,486848,0.1923299996633432,0.21469499970407924,0.006320000011328375,,,,
nymeria,cpu,tokenlearner,nymeria__only_foot_contacts__qwen3_4b,qwen3_4b,only_foot_contacts,core,core_language,,4029108736,8071498752,256,,524957000576,1347.9546459998346,1350.2324046997728,0.41693100001793937,,,,
nymeria,cpu,posthoc_vq,nymeria__only_foot_contacts__qwen3_4b,qwen3_4b,only_foot_contacts,edge,xsens,foot_contacts,4836,19344,0,22729,304896,0.2613800002109201,0.28288190037528693,0.01292000024477602,192,2.1536,10.0,0.0001024
nymeria,cpu,posthoc_vq,nymeria__only_foot_contacts__qwen3_4b,qwen3_4b,only_foot_contacts,core,core,,28468,113872,0,125806,1993664,0.2433199997540214,0.2649748999374424,0.010570000085863285,,,,
nymeria,cpu,posthoc_vq,nymeria__only_foot_contacts__qwen3_4b,qwen3_4b,only_foot_contacts,core,core_language,,4029108736,8071498752,256,,701925437312,1385.2588899999319,1389.6424876003493,0.7029210000837338,,,,
nymeria,cpu,joint_vq,nymeria__only_foot_contacts__qwen3_4b,qwen3_4b,only_foot_contacts,edge,xsens,foot_contacts,7212,28848,0,33718,370944,0.29761999985566945,0.31821200022932317,0.012449999758246122,81,2.0648,10.0,4.32e-05
nymeria,cpu,joint_vq,nymeria__only_foot_contacts__qwen3_4b,qwen3_4b,only_foot_contacts,core,core,,28468,113872,0,125806,486848,0.22747000002709683,0.26056389997393126,0.010230000043520704,,,,
nymeria,cpu,joint_vq,nymeria__only_foot_contacts__qwen3_4b,qwen3_4b,only_foot_contacts,core,core_language,,4029108736,8071498752,256,,524957000576,1347.9546459998346,1350.2324046997728,0.4161710003245389,,,,
nymeria,cpu,deepconvlstm,nymeria__only_foot_contacts__qwen3_4b,qwen3_4b,only_foot_contacts,edge,xsens,foot_contacts,0,0,0,0,0,0.0005399997462518513,0.0007830000413378002,0.014800000371906208,14696,13.7568,10.0,0.007837866666666667
nymeria,cpu,deepconvlstm,nymeria__only_foot_contacts__qwen3_4b,qwen3_4b,only_foot_contacts,core,core,,33390,133560,0,140321,2075008,0.34585999992486904,0.370826900280008,0.0071200001912075095,,,,
nymeria,cpu,deepconvlstm,nymeria__only_foot_contacts__qwen3_4b,qwen3_4b,only_foot_contacts,core,core_language,,4029108736,8071498752,256,,701925437312,1385.2588899999319,1389.6424876003493,0.70721100019,,,,
nymeria,cpu,unrestricted_bank,nymeria__only_foot_contacts__qwen3_4b,qwen3_4b,only_foot_contacts,edge,xsens,foot_contacts,7244,28976,0,34099,370944,0.22338000007948722,0.2404979999482748,0.01328999996985658,81,2.0648,10.0,4.32e-05
nymeria,cpu,unrestricted_bank,nymeria__only_foot_contacts__qwen3_4b,qwen3_4b,only_foot_contacts,core,core,,28468,113872,0,125806,486848,0.20948000019416213,0.2348960003018874,0.009779999800230144,,,,
nymeria,cpu,unrestricted_bank,nymeria__only_foot_contacts__qwen3_4b,qwen3_4b,only_foot_contacts,core,core_language,,4029108736,8071498752,256,,524957000576,1347.9546459998346,1350.2324046997728,0.4163109997534775,,,,
nymeria,cpu,separate_banks,nymeria__only_foot_contacts__qwen3_4b,qwen3_4b,only_foot_contacts,edge,xsens,foot_contacts,7244,28976,0,34099,370944,0.22615999978370382,0.24926299979597388,0.012870000318798702,81,2.0648,10.0,4.32e-05
nymeria,cpu,separate_banks,nymeria__only_foot_contacts__qwen3_4b,qwen3_4b,only_foot_contacts,core,core,,28468,113872,0,125806,486848,0.23763099989082548,0.25785309967432113,0.009870000212686136,,,,
nymeria,cpu,separate_banks,nymeria__only_foot_contacts__qwen3_4b,qwen3_4b,only_foot_contacts,core,core_language,,4029108736,8071498752,256,,524957000576,1347.9546459998346,1350.2324046997728,0.41683100016598473,,,,
nymeria,cpu,fixed_resampling,nymeria__only_foot_contacts__qwen3_4b,qwen3_4b,only_foot_contacts,edge,xsens,foot_contacts,7244,28976,0,34099,369152,0.16507100008311681,0.1688321000074211,0.012770000012096716,81,2.0648,10.0,4.32e-05
nymeria,cpu,fixed_resampling,nymeria__only_foot_contacts__qwen3_4b,qwen3_4b,only_foot_contacts,core,core,,28468,113872,0,125806,486848,0.23088999978426727,0.25887999968290387,0.010089999705087394,,,,
nymeria,cpu,fixed_resampling,nymeria__only_foot_contacts__qwen3_4b,qwen3_4b,only_foot_contacts,core,core_language,,4029108736,8071498752,256,,524957000576,1347.9546459998346,1350.2324046997728,0.417230000039126,,,,
nymeria,cpu,finetune_encoders,nymeria__only_foot_contacts__qwen3_4b,qwen3_4b,only_foot_contacts,edge,xsens,foot_contacts,7244,28976,0,34099,370944,0.22750000016458216,0.23955100000421226,0.01298000006499933,81,2.0648,10.0,4.32e-05
nymeria,cpu,finetune_encoders,nymeria__only_foot_contacts__qwen3_4b,qwen3_4b,only_foot_contacts,core,core,,28468,113872,0,125806,486848,0.2302099996995821,0.2565080003023468,0.009979999958886765,,,,
nymeria,cpu,finetune_encoders,nymeria__only_foot_contacts__qwen3_4b,qwen3_4b,only_foot_contacts,core,core_language,,4029108736,8071498752,256,,524957000576,1347.9546459998346,1350.2324046997728,0.4174209998382139,,,,
nymeria,cpu,no_alignment,nymeria__only_foot_contacts__qwen3_4b,qwen3_4b,only_foot_contacts,edge,xsens,foot_contacts,7244,28976,0,34099,370944,0.23023099993224605,0.23779910011398897,0.012870000318798702,81,2.0648,10.0,4.32e-05
nymeria,cpu,no_alignment,nymeria__only_foot_contacts__qwen3_4b,qwen3_4b,only_foot_contacts,core,core,,28468,113872,0,125806,486848,0.22699999999531428,0.25027489982676343,0.009930000032909447,,,,
nymeria,cpu,no_alignment,nymeria__only_foot_contacts__qwen3_4b,qwen3_4b,only_foot_contacts,core,core_language,,4029108736,8071498752,256,,524957000576,1347.9546459998346,1350.2324046997728,0.41605000023992034,,,,
nymeria,cpu,no_usage,nymeria__only_foot_contacts__qwen3_4b,qwen3_4b,only_foot_contacts,edge,xsens,foot_contacts,7244,28976,0,34099,370944,0.2251000000796921,0.23842000000513508,0.012900000001536682,81,2.0648,10.0,4.32e-05
nymeria,cpu,no_usage,nymeria__only_foot_contacts__qwen3_4b,qwen3_4b,only_foot_contacts,core,core,,28468,113872,0,125806,486848,0.22846000001663924,0.2571250001437875,0.009860000318440143,,,,
nymeria,cpu,no_usage,nymeria__only_foot_contacts__qwen3_4b,qwen3_4b,only_foot_contacts,core,core_language,,4029108736,8071498752,256,,524957000576,1347.9546459998346,1350.2324046997728,0.4207309998491837,,,,
nymeria,cpu,tcn,nymeria__only_foot_contacts__qwen3_4b,qwen3_4b,only_foot_contacts,edge,xsens,foot_contacts,0,0,0,0,0,0.0004899998202745337,0.0007869999535614625,0.01497999983257614,14696,13.7568,10.0,0.007837866666666667
nymeria,cpu,tcn,nymeria__only_foot_contacts__qwen3_4b,qwen3_4b,only_foot_contacts,core,core,,13560,54240,0,62485,819648,0.3734910001185199,0.3919851001683128,0.0068100002863502596,,,,
nymeria,cpu,tcn,nymeria__only_foot_contacts__qwen3_4b,qwen3_4b,only_foot_contacts,core,core_language,,4029108736,8071498752,256,,701925437312,1385.2588899999319,1389.6424876003493,0.698480000210111,,,,
nymeria,cpu,ts_transformer,nymeria__only_foot_contacts__qwen3_4b,qwen3_4b,only_foot_contacts,edge,xsens,foot_contacts,0,0,0,0,0,0.0005199999577598646,0.0007989998721313896,0.014599999758502236,14696,13.7568,10.0,0.007837866666666667
nymeria,cpu,ts_transformer,nymeria__only_foot_contacts__qwen3_4b,qwen3_4b,only_foot_contacts,core,core,,26424,105696,0,117425,1868224,0.4034809999211575,0.41952710007535643,0.007080000159476185,,,,
nymeria,cpu,ts_transformer,nymeria__only_foot_contacts__qwen3_4b,qwen3_4b,only_foot_contacts,core,core_language,,4029108736,8071498752,256,,701925437312,1385.2588899999319,1389.6424876003493,0.7027899996501219,,,,
nymeria,cpu,patchtst,nymeria__only_foot_contacts__qwen3_4b,qwen3_4b,only_foot_contacts,edge,xsens,foot_contacts,0,0,0,0,0,0.0006499999471998308,0.0007400002232316183,0.01466999992771889,14696,13.7568,10.0,0.007837866666666667
nymeria,cpu,patchtst,nymeria__only_foot_contacts__qwen3_4b,qwen3_4b,only_foot_contacts,core,core,,26520,106080,0,117809,1447744,0.44709099984174827,0.46614310012955684,0.006910000138304895,,,,
nymeria,cpu,patchtst,nymeria__only_foot_contacts__qwen3_4b,qwen3_4b,only_foot_contacts,core,core_language,,4029108736,8071498752,256,,517598061312,1346.553424999911,1346.8643029999384,0.4222399998070614,,,,
nymeria,cpu,distrixsense,nymeria__only_gaze__qwen3_4b,qwen3_4b,only_gaze,edge,head,head_gaze,7072,28288,0,33459,360064,0.2030300001933938,0.2196529999764607,0.012490000244724797,82,2.0656,10.0,4.373333333333333e-05
nymeria,cpu,distrixsense,nymeria__only_gaze__qwen3_4b,qwen3_4b,only_gaze,edge,observer,observer_gaze,7072,28288,0,33459,360064,0.2040200001829362,0.22078699967096327,0.012599999990925426,82,2.0656,10.0,4.373333333333333e-05
nymeria,cpu,distrixsense,nymeria__only_gaze__qwen3_4b,qwen3_4b,only_gaze,core,core,,29556,118224,0,130158,956416,0.26673100001062267,0.2908771000420529,0.017639999896346126,,,,
nymeria,cpu,distrixsense,nymeria__only_gaze__qwen3_4b,qwen3_4b,only_gaze,core,core_language,,4029108736,8071498752,256,,598584731776,1365.3680319998784,1392.2720164000566,0.5151000000296335,,,,
nymeria,cpu,dense,nymeria__only_gaze__qwen3_4b,qwen3_4b,only_gaze,edge,head,head_gaze,3640,14560,0,17741,228480,0.142509999932372,0.1573870001720934,0.008900000011635711,4324,5.4592,10.0,0.0023061333333333333
nymeria,cpu,dense,nymeria__only_gaze__qwen3_4b,qwen3_4b,only_gaze,edge,observer,observer_gaze,3640,14560,0,17741,228480,0.14857999985906645,0.15357499983110756,0.0088400001914124,4324,5.4592,10.0,0.0023061333333333333
nymeria,cpu,dense,nymeria__only_gaze__qwen3_4b,qwen3_4b,only_gaze,core,core,,27508,110032,0,121649,4461568,0.26281000009475974,0.2809818998684932,0.011899999663000926,,,,
nymeria,cpu,dense,nymeria__only_gaze__qwen3_4b,qwen3_4b,only_gaze,core,core_language,,4029108736,8071498752,256,,953767313536,1456.824762999986,1456.8868270001076,1.0886019999816199,,,,
nymeria,cpu,dense_tokens,nymeria__only_gaze__qwen3_4b,qwen3_4b,only_gaze,edge,head,head_gaze,6016,24064,0,28729,343680,0.19735000023501925,0.21382089998951415,0.008549999620299786,1100,2.88,10.0,0.0005866666666666667
nymeria,cpu,dense_tokens,nymeria__only_gaze__qwen3_4b,qwen3_4b,only_gaze,edge,observer,observer_gaze,6016,24064,0,28729,343680,0.1919110000017099,0.2088571000513184,0.009280000085709617,1100,2.88,10.0,0.0005866666666666667
nymeria,cpu,dense_tokens,nymeria__only_gaze__qwen3_4b,qwen3_4b,only_gaze,core,core,,27508,110032,0,121649,956416,0.23160000000643777,0.2477189997989626,0.011650000033114338,,,,
nymeria,cpu,dense_tokens,nymeria__only_gaze__qwen3_4b,qwen3_4b,only_gaze,core,core_language,,4029108736,8071498752,256,,598584731776,1365.3680319998784,1392.2720164000566,0.5268899999464338,,,,
nymeria,cpu,raw,nymeria__only_gaze__qwen3_4b,qwen3_4b,only_gaze,edge,head,head_gaze,0,0,0,0,0,0.0005900001269765198,0.0007789997653162573,0.008590000106778461,524,2.4192,10.0,0.00027946666666666667
nymeria,cpu,raw,nymeria__only_gaze__qwen3_4b,qwen3_4b,only_gaze,edge,observer,observer_gaze,0,0,0,0,0,0.00047999992602854036,0.0006060002306185197,0.008299999990413198,524,2.4192,10.0,0.00027946666666666667
nymeria,cpu,raw,nymeria__only_gaze__qwen3_4b,qwen3_4b,only_gaze,core,core,,34788,139152,0,155969,4918528,0.624611000148434,0.6415840999125066,0.01160000010713702,,,,
nymeria,cpu,raw,nymeria__only_gaze__qwen3_4b,qwen3_4b,only_gaze,core,core_language,,4029108736,8071498752,256,,953767313536,1456.824762999986,1456.8868270001076,1.0929110003417009,,,,
nymeria,cpu,early_fusion,nymeria__only_gaze__qwen3_4b,qwen3_4b,only_gaze,edge,head,head_gaze,0,0,0,0,0,0.00046000013753655367,0.0007839999852876645,0.00855999996929313,524,2.4192,10.0,0.00027946666666666667
nymeria,cpu,early_fusion,nymeria__only_gaze__qwen3_4b,qwen3_4b,only_gaze,edge,observer,observer_gaze,0,0,0,0,0,0.00047999992602854036,0.0006419998499040958,0.008230000275943894,524,2.4192,10.0,0.00027946666666666667
nymeria,cpu,early_fusion,nymeria__only_gaze__qwen3_4b,qwen3_4b,only_gaze,core,core,,27844,111376,0,126355,2012416,0.5395799998950679,0.5548899000586971,0.0113999999484804,,,,
nymeria,cpu,early_fusion,nymeria__only_gaze__qwen3_4b,qwen3_4b,only_gaze,core,core_language,,4029108736,8071498752,256,,716676935808,1399.8039619996234,1405.6795274001615,0.7078999997247593,,,,
nymeria,cpu,late_fusion,nymeria__only_gaze__qwen3_4b,qwen3_4b,only_gaze,edge,head,head_gaze,3970,15880,0,19461,229120,0.16105000031529926,0.17889699984152685,0.008160000106727239,88,2.0704,10.0,4.6933333333333333e-05
nymeria,cpu,late_fusion,nymeria__only_gaze__qwen3_4b,qwen3_4b,only_gaze,edge,observer,observer_gaze,3970,15880,0,19461,229120,0.15840000014577527,0.17046899979504815,0.008139999863487901,88,2.0704,10.0,4.6933333333333333e-05
nymeria,cpu,late_fusion,nymeria__only_gaze__qwen3_4b,qwen3_4b,only_gaze,core,core,,0,0,0,0,0,0.0300900001093396,0.03659700005300692,0.011019999874406494,,,,
nymeria,cpu,late_fusion,nymeria__only_gaze__qwen3_4b,qwen3_4b,only_gaze,core,core_language,,4022468096,8044936192,256,,605731039488,1367.6060029997643,1369.0499828002885,0.1768100000845152,,,,
nymeria,cpu,local_only,nymeria__only_gaze__qwen3_4b,qwen3_4b,only_gaze,edge,head,head_gaze,3970,15880,0,19461,229120,0.16340100000888924,0.17601810000087426,0.007830000413378002,52,2.0416,10.0,2.7733333333333334e-05
nymeria,cpu,local_only,nymeria__only_gaze__qwen3_4b,qwen3_4b,only_gaze,edge,observer,observer_gaze,3970,15880,0,19461,229120,0.1586500002304092,0.17405889975634636,0.008170000000973232,52,2.0416,10.0,2.7733333333333334e-05
nymeria,cpu,local_only,nymeria__only_gaze__qwen3_4b,qwen3_4b,only_gaze,core,core,,0,0,0,0,0,0.03753000009965035,0.04508100005296001,0.011099999937869143,,,,
nymeria,cpu,local_only,nymeria__only_gaze__qwen3_4b,qwen3_4b,only_gaze,core,core_language,,4022468096,8044936192,256,,605731039488,1367.6060029997643,1369.0499828002885,0.17002999993565027,,,,
nymeria,cpu,bottleneck,nymeria__only_gaze__qwen3_4b,qwen3_4b,only_gaze,edge,head,head_gaze,3772,15088,0,18693,236672,0.16053099989221664,0.17738710007506597,0.008600000001024455,684,2.5472,10.0,0.0003648
nymeria,cpu,bottleneck,nymeria__only_gaze__qwen3_4b,qwen3_4b,only_gaze,edge,observer,observer_gaze,3772,15088,0,18693,236672,0.15838099989196053,0.17367110026498267,0.00850000014906982,684,2.5472,10.0,0.0003648
nymeria,cpu,bottleneck,nymeria__only_gaze__qwen3_4b,qwen3_4b,only_gaze,core,core,,27828,111312,0,124133,4477952,0.2654499999152904,0.2942769999663142,0.011489999906189041,,,,
nymeria,cpu,bottleneck,nymeria__only_gaze__qwen3_4b,qwen3_4b,only_gaze,core,core_language,,4029108736,8071498752,256,,953767313536,1456.824762999986,1456.8868270001076,1.0838509997483925,,,,
nymeria,cpu,tokenlearner,nymeria__only_gaze__qwen3_4b,qwen3_4b,only_gaze,edge,head,head_gaze,4960,19840,0,23935,327296,0.19187099996997858,0.21179610002945992,0.008569999863539124,1100,2.88,10.0,0.0005866666666666667
nymeria,cpu,tokenlearner,nymeria__only_gaze__qwen3_4b,qwen3_4b,only_gaze,edge,observer,observer_gaze,4960,19840,0,23935,327296,0.19257999974797713,0.2082670000163489,0.00838999994812184,1100,2.88,10.0,0.0005866666666666667
nymeria,cpu,tokenlearner,nymeria__only_gaze__qwen3_4b,qwen3_4b,only_gaze,core,core,,27508,110032,0,121649,956416,0.22364999995261314,0.25207200019394804,0.011480000011943048,,,,
nymeria,cpu,tokenlearner,nymeria__only_gaze__qwen3_4b,qwen3_4b,only_gaze,core,core_language,,4029108736,8071498752,256,,598584731776,1365.3680319998784,1392.2720164000566,0.5157209998287726,,,,
nymeria,cpu,posthoc_vq,nymeria__only_gaze__qwen3_4b,qwen3_4b,only_gaze,edge,head,head_gaze,5688,22752,0,26185,294016,0.2395999999862397,0.25535899990245525,0.012930000139022013,196,2.1568,10.0,0.00010453333333333333
nymeria,cpu,posthoc_vq,nymeria__only_gaze__qwen3_4b,qwen3_4b,only_gaze,edge,observer,observer_gaze,5688,22752,0,26185,294016,0.24816999984977883,0.2524900000025809,0.013140000191924628,196,2.1568,10.0,0.00010453333333333333
nymeria,cpu,posthoc_vq,nymeria__only_gaze__qwen3_4b,qwen3_4b,only_gaze,core,core,,29556,118224,0,130158,4461568,0.3062099999624479,0.3281070000412001,0.018179999642597977,,,,
nymeria,cpu,posthoc_vq,nymeria__only_gaze__qwen3_4b,qwen3_4b,only_gaze,core,core_language,,4029108736,8071498752,256,,953767313536,1456.824762999986,1456.8868270001076,1.086730999759311,,,,
nymeria,cpu,joint_vq,nymeria__only_gaze__qwen3_4b,qwen3_4b,only_gaze,edge,head,head_gaze,8064,32256,0,37174,360064,0.2751110000644985,0.29107609984748706,0.012660000265896088,82,2.0656,10.0,4.373333333333333e-05
nymeria,cpu,joint_vq,nymeria__only_gaze__qwen3_4b,qwen3_4b,only_gaze,edge,observer,observer_gaze,8064,32256,0,37174,360064,0.2727999999478925,0.2884788998926524,0.013110000054439297,82,2.0656,10.0,4.373333333333333e-05
nymeria,cpu,joint_vq,nymeria__only_gaze__qwen3_4b,qwen3_4b,only_gaze,core,core,,29556,118224,0,130158,956416,0.2675800001270545,0.2991519997976866,0.019069999780185753,,,,
nymeria,cpu,joint_vq,nymeria__only_gaze__qwen3_4b,qwen3_4b,only_gaze,core,core_language,,4029108736,8071498752,256,,598584731776,1365.3680319998784,1392.2720164000566,0.5144609999661043,,,,
nymeria,cpu,deepconvlstm,nymeria__only_gaze__qwen3_4b,qwen3_4b,only_gaze,edge,head,head_gaze,0,0,0,0,0,0.0005300003067532089,0.000782000097387936,0.008420000085607171,524,2.4192,10.0,0.00027946666666666667
nymeria,cpu,deepconvlstm,nymeria__only_gaze__qwen3_4b,qwen3_4b,only_gaze,edge,observer,observer_gaze,0,0,0,0,0,0.0004399998942972161,0.0005570002940658014,0.008179999895219225,524,2.4192,10.0,0.00027946666666666667
nymeria,cpu,deepconvlstm,nymeria__only_gaze__qwen3_4b,qwen3_4b,only_gaze,core,core,,33722,134888,0,142997,2096000,0.41926999983843416,0.4539299000043684,0.011669999821606325,,,,
nymeria,cpu,deepconvlstm,nymeria__only_gaze__qwen3_4b,qwen3_4b,only_gaze,core,core_language,,4029108736,8071498752,256,,716676935808,1399.8039619996234,1405.6795274001615,0.7079309998516692,,,,
nymeria,cpu,unrestricted_bank,nymeria__only_gaze__qwen3_4b,qwen3_4b,only_gaze,edge,head,head_gaze,8128,32512,0,37683,376448,0.20684100036305608,0.2198090999172564,0.012949999927514,82,2.0656,10.0,4.373333333333333e-05
nymeria,cpu,unrestricted_bank,nymeria__only_gaze__qwen3_4b,qwen3_4b,only_gaze,edge,observer,observer_gaze,8128,32512,0,37683,376448,0.20211100036249263,0.21532209980250627,0.012559999959194101,82,2.0656,10.0,4.373333333333333e-05
nymeria,cpu,unrestricted_bank,nymeria__only_gaze__qwen3_4b,qwen3_4b,only_gaze,core,core,,29556,118224,0,130158,956416,0.2455799999552255,0.2600709001853829,0.017660000139585463,,,,
nymeria,cpu,unrestricted_bank,nymeria__only_gaze__qwen3_4b,qwen3_4b,only_gaze,core,core_language,,4029108736,8071498752,256,,598584731776,1365.3680319998784,1392.2720164000566,0.5127800000082061,,,,
nymeria,cpu,separate_banks,nymeria__only_gaze__qwen3_4b,qwen3_4b,only_gaze,edge,head,head_gaze,7072,28288,0,33459,360064,0.20570099968608702,0.22793910025029618,0.012699999842880061,82,2.0656,10.0,4.373333333333333e-05
nymeria,cpu,separate_banks,nymeria__only_gaze__qwen3_4b,qwen3_4b,only_gaze,edge,observer,observer_gaze,7072,28288,0,33459,360064,0.20478999977058265,0.21536500007641735,0.012880000213044696,82,2.0656,10.0,4.373333333333333e-05
nymeria,cpu,separate_banks,nymeria__only_gaze__qwen3_4b,qwen3_4b,only_gaze,core,core,,29556,118224,0,130411,956416,0.2812709999489016,0.3075230998092593,0.017430000298190862,,,,
nymeria,cpu,separate_banks,nymeria__only_gaze__qwen3_4b,qwen3_4b,only_gaze,core,core_language,,4029108736,8071498752,256,,598584731776,1365.3680319998784,1392.2720164000566,0.5091010002615803,,,,
nymeria,cpu,fixed_resampling,nymeria__only_gaze__qwen3_4b,qwen3_4b,only_gaze,edge,head,head_gaze,7072,28288,0,33459,358912,0.1367699996990268,0.15161190030994476,0.012479999895731453,82,2.0656,10.0,4.373333333333333e-05
nymeria,cpu,fixed_resampling,nymeria__only_gaze__qwen3_4b,qwen3_4b,only_gaze,edge,observer,observer_gaze,7072,28288,0,33459,358912,0.13520999982574722,0.14842200007478823,0.012710000191873405,82,2.0656,10.0,4.373333333333333e-05
nymeria,cpu,fixed_resampling,nymeria__only_gaze__qwen3_4b,qwen3_4b,only_gaze,core,core,,29556,118224,0,130158,956416,0.27266999995845254,0.294980999751715,0.01757000018187682,,,,
nymeria,cpu,fixed_resampling,nymeria__only_gaze__qwen3_4b,qwen3_4b,only_gaze,core,core_language,,4029108736,8071498752,256,,598584731776,1365.3680319998784,1392.2720164000566,0.5192100002204825,,,,
nymeria,cpu,finetune_encoders,nymeria__only_gaze__qwen3_4b,qwen3_4b,only_gaze,edge,head,head_gaze,7072,28288,0,33459,360064,0.2069010001832794,0.2219481002612156,0.012729999980365392,82,2.0656,10.0,4.373333333333333e-05
nymeria,cpu,finetune_encoders,nymeria__only_gaze__qwen3_4b,qwen3_4b,only_gaze,edge,observer,observer_gaze,7072,28288,0,33459,360064,0.20539000024655252,0.21792699985780928,0.012869999864051351,82,2.0656,10.0,4.373333333333333e-05
nymeria,cpu,finetune_encoders,nymeria__only_gaze__qwen3_4b,qwen3_4b,only_gaze,core,core,,29556,118224,0,130158,956416,0.2717810002650367,0.3000670998972055,0.01784999994924874,,,,
nymeria,cpu,finetune_encoders,nymeria__only_gaze__qwen3_4b,qwen3_4b,only_gaze,core,core_language,,4029108736,8071498752,256,,598584731776,1365.3680319998784,1392.2720164000566,0.5119510001350136,,,,
nymeria,cpu,no_alignment,nymeria__only_gaze__qwen3_4b,qwen3_4b,only_gaze,edge,head,head_gaze,7072,28288,0,33459,360064,0.21029000026828726,0.219020000031378,0.012510000033216784,82,2.0656,10.0,4.373333333333333e-05
nymeria,cpu,no_alignment,nymeria__only_gaze__qwen3_4b,qwen3_4b,only_gaze,edge,observer,observer_gaze,7072,28288,0,33459,360064,0.20530099982352112,0.2227601001777657,0.01266999970539473,82,2.0656,10.0,4.373333333333333e-05
nymeria,cpu,no_alignment,nymeria__only_gaze__qwen3_4b,qwen3_4b,only_gaze,core,core,,29556,118224,0,130158,956416,0.2693199999157514,0.2920098997947207,0.017490000118414173,,,,
nymeria,cpu,no_alignment,nymeria__only_gaze__qwen3_4b,qwen3_4b,only_gaze,core,core_language,,4029108736,8071498752,256,,598584731776,1365.3680319998784,1392.2720164000566,0.5199209999773302,,,,
nymeria,cpu,no_usage,nymeria__only_gaze__qwen3_4b,qwen3_4b,only_gaze,edge,head,head_gaze,7072,28288,0,33459,360064,0.20707000021502608,0.23047900026540447,0.012599999990925426,82,2.0656,10.0,4.373333333333333e-05
nymeria,cpu,no_usage,nymeria__only_gaze__qwen3_4b,qwen3_4b,only_gaze,edge,observer,observer_gaze,7072,28288,0,33459,360064,0.19970999983343063,0.21341700016819232,0.012680000054388074,82,2.0656,10.0,4.373333333333333e-05
nymeria,cpu,no_usage,nymeria__only_gaze__qwen3_4b,qwen3_4b,only_gaze,core,core,,29556,118224,0,130158,956416,0.2795899999910034,0.29397200014500413,0.017979999938688707,,,,
nymeria,cpu,no_usage,nymeria__only_gaze__qwen3_4b,qwen3_4b,only_gaze,core,core_language,,4029108736,8071498752,256,,598584731776,1365.3680319998784,1392.2720164000566,0.5146110001987836,,,,
nymeria,cpu,tcn,nymeria__only_gaze__qwen3_4b,qwen3_4b,only_gaze,edge,head,head_gaze,0,0,0,0,0,0.0004399998942972161,0.0008089996754279127,0.008450000223092502,524,2.4192,10.0,0.00027946666666666667
nymeria,cpu,tcn,nymeria__only_gaze__qwen3_4b,qwen3_4b,only_gaze,edge,observer,observer_gaze,0,0,0,0,0,0.0004599996827892028,0.0005769996732851723,0.00796999984231661,524,2.4192,10.0,0.00027946666666666667
nymeria,cpu,tcn,nymeria__only_gaze__qwen3_4b,qwen3_4b,only_gaze,core,core,,13700,54800,0,64393,826368,0.45145000012780656,0.48043989968391543,0.011770000128308311,,,,
nymeria,cpu,tcn,nymeria__only_gaze__qwen3_4b,qwen3_4b,only_gaze,core,core_language,,4029108736,8071498752,256,,716676935808,1399.8039619996234,1405.6795274001615,0.7018510000307288,,,,
nymeria,cpu,ts_transformer,nymeria__only_gaze__qwen3_4b,qwen3_4b,only_gaze,edge,head,head_gaze,0,0,0,0,0,0.0005900001269765198,0.0007609999556734692,0.008449999768345151,524,2.4192,10.0,0.00027946666666666667
nymeria,cpu,ts_transformer,nymeria__only_gaze__qwen3_4b,qwen3_4b,only_gaze,edge,observer,observer_gaze,0,0,0,0,0,0.00047999992602854036,0.0006510001639981056,0.00808000004326459,524,2.4192,10.0,0.00027946666666666667
nymeria,cpu,ts_transformer,nymeria__only_gaze__qwen3_4b,qwen3_4b,only_gaze,core,core,,26564,106256,0,119397,1874944,0.4896609998468193,0.503394099905563,0.011579999863897683,,,,
nymeria,cpu,ts_transformer,nymeria__only_gaze__qwen3_4b,qwen3_4b,only_gaze,core,core_language,,4029108736,8071498752,256,,716676935808,1399.8039619996234,1405.6795274001615,0.7064299998091883,,,,
nymeria,cpu,patchtst,nymeria__only_gaze__qwen3_4b,qwen3_4b,only_gaze,edge,head,head_gaze,0,0,0,0,0,0.0006400000529538374,0.0008740000339457765,0.008510000043315813,524,2.4192,10.0,0.00027946666666666667
nymeria,cpu,patchtst,nymeria__only_gaze__qwen3_4b,qwen3_4b,only_gaze,edge,observer,observer_gaze,0,0,0,0,0,0.0004599996827892028,0.0005410000539995963,0.00804999990577926,524,2.4192,10.0,0.00027946666666666667
nymeria,cpu,patchtst,nymeria__only_gaze__qwen3_4b,qwen3_4b,only_gaze,core,core,,26564,106256,0,119397,2168704,0.5569600002672814,0.569191899830912,0.011720000202330993,,,,
nymeria,cpu,patchtst,nymeria__only_gaze__qwen3_4b,qwen3_4b,only_gaze,core,core_language,,4029108736,8071498752,256,,532290577408,1347.337074999814,1349.1339267999138,0.423760000103357,,,,
nymeria,cpu,distrixsense,nymeria__only_imu__qwen3_4b,qwen3_4b,only_imu,edge,head,"head_imu_left,head_imu_right",15188,60752,0,70403,786176,0.45589000001200475,0.4744669000046997,0.02313999993930338,168,2.1344,10.0,8.96e-05
nymeria,cpu,distrixsense,nymeria__only_imu__qwen3_4b,qwen3_4b,only_imu,edge,left_wrist,"left_wrist_imu_left,left_wrist_imu_right",15188,60752,0,70403,786176,0.46113999997032806,0.46526290016117855,0.023300000066228677,168,2.1344,10.0,8.96e-05
nymeria,cpu,distrixsense,nymeria__only_imu__qwen3_4b,qwen3_4b,only_imu,edge,observer,"observer_imu_left,observer_imu_right",15188,60752,0,70403,786176,0.456209999811108,0.4682250000314525,0.023240000246005366,168,2.1344,10.0,8.96e-05
nymeria,cpu,distrixsense,nymeria__only_imu__qwen3_4b,qwen3_4b,only_imu,edge,right_wrist,"right_wrist_imu_left,right_wrist_imu_right",15188,60752,0,70403,786176,0.45141000009607524,0.4707518997747684,0.023489999875891954,168,2.1344,10.0,8.96e-05
nymeria,cpu,distrixsense,nymeria__only_imu__qwen3_4b,qwen3_4b,only_imu,core,core,,36084,144336,0,156270,4461952,0.49895099982677493,0.5301890997543524,0.06992999988142401,,,,
nymeria,cpu,distrixsense,nymeria__only_imu__qwen3_4b,qwen3_4b,only_imu,core,core_language,,4029108736,8071498752,256,,1042828379776,1485.6694889999744,1485.9385439998732,1.1808009999185742,,,,
nymeria,cpu,dense,nymeria__only_imu__qwen3_4b,qwen3_4b,only_imu,edge,head,"head_imu_left,head_imu_right",8324,33296,0,38771,523008,0.35940099996878416,0.3866611002194986,0.016459999642393086,8648,8.9184,10.0,0.004612266666666667
nymeria,cpu,dense,nymeria__only_imu__qwen3_4b,qwen3_4b,only_imu,edge,left_wrist,"left_wrist_imu_left,left_wrist_imu_right",8324,33296,0,38771,523008,0.35126000011587166,0.35900900002161507,0.0167500002135057,8648,8.9184,10.0,0.004612266666666667
nymeria,cpu,dense,nymeria__only_imu__qwen3_4b,qwen3_4b,only_imu,edge,observer,"observer_imu_left,observer_imu_right",8324,33296,0,38771,523008,0.3575699997782067,0.3580479000447667,0.016959999811660964,8648,8.9184,10.0,0.004612266666666667
nymeria,cpu,dense,nymeria__only_imu__qwen3_4b,qwen3_4b,only_imu,edge,right_wrist,"right_wrist_imu_left,right_wrist_imu_right",8324,33296,0,38771,523008,0.36233999981050147,0.3685770001538913,0.016729999970266363,8648,8.9184,10.0,0.004612266666666667
nymeria,cpu,dense,nymeria__only_imu__qwen3_4b,qwen3_4b,only_imu,core,core,,27892,111568,0,123185,30279040,0.6995809999352787,0.7277599998815276,0.04947000024912995,,,,
nymeria,cpu,dense,nymeria__only_imu__qwen3_4b,qwen3_4b,only_imu,core,core_language,,4029108736,8071498752,256,,2493455705728,2218.463024999892,2268.918284099982,3.5321339996698953,,,,
nymeria,cpu,dense_tokens,nymeria__only_imu__qwen3_4b,qwen3_4b,only_imu,edge,head,"head_imu_left,head_imu_right",13076,52304,0,60879,753408,0.45938999983263784,0.47552789983456023,0.015860000075917924,2200,3.76,10.0,0.0011733333333333333
nymeria,cpu,dense_tokens,nymeria__only_imu__qwen3_4b,qwen3_4b,only_imu,edge,left_wrist,"left_wrist_imu_left,left_wrist_imu_right",13076,52304,0,60879,753408,0.4381710000416206,0.46688010011166625,0.01534000011815806,2200,3.76,10.0,0.0011733333333333333
nymeria,cpu,dense_tokens,nymeria__only_imu__qwen3_4b,qwen3_4b,only_imu,edge,observer,"observer_imu_left,observer_imu_right",13076,52304,0,60879,753408,0.4436809999788238,0.4553531001420197,0.015359999906650046,2200,3.76,10.0,0.0011733333333333333
nymeria,cpu,dense_tokens,nymeria__only_imu__qwen3_4b,qwen3_4b,only_imu,edge,right_wrist,"right_wrist_imu_left,right_wrist_imu_right",13076,52304,0,60879,753408,0.4653299997698923,0.5001428999548807,0.01576000022396329,2200,3.76,10.0,0.0011733333333333333
nymeria,cpu,dense_tokens,nymeria__only_imu__qwen3_4b,qwen3_4b,only_imu,core,core,,27892,111568,0,123185,4461952,0.40936000004876405,0.43238290008957847,0.04732999968837248,,,,
nymeria,cpu,dense_tokens,nymeria__only_imu__qwen3_4b,qwen3_4b,only_imu,core,core_language,,4029108736,8071498752,256,,1042828379776,1485.6694889999744,1485.9385439998732,1.112711000132549,,,,
nymeria,cpu,raw,nymeria__only_imu__qwen3_4b,qwen3_4b,only_imu,edge,head,"head_imu_left,head_imu_right",0,0,0,0,0,0.0005900001269765198,0.0009229998795490246,0.0594799998907547,154144,125.3152,10.0,0.08221013333333334
nymeria,cpu,raw,nymeria__only_imu__qwen3_4b,qwen3_4b,only_imu,edge,left_wrist,"left_wrist_imu_left,left_wrist_imu_right",0,0,0,0,0,0.0006300001587078441,0.0007110001206456218,0.05221999981586123,154144,125.3152,10.0,0.08221013333333334
nymeria,cpu,raw,nymeria__only_imu__qwen3_4b,qwen3_4b,only_imu,edge,observer,"observer_imu_left,observer_imu_right",0,0,0,0,0,0.0006099999154685065,0.0007989999630808597,0.05276000001686043,154144,125.3152,10.0,0.08221013333333334
nymeria,cpu,raw,nymeria__only_imu__qwen3_4b,qwen3_4b,only_imu,edge,right_wrist,"right_wrist_imu_left,right_wrist_imu_right",0,0,0,0,0,0.0005599999894911889,0.0006769999799871584,0.05174999978407868,154144,125.3152,10.0,0.08221013333333334
nymeria,cpu,raw,nymeria__only_imu__qwen3_4b,qwen3_4b,only_imu,core,core,,61188,244752,0,276467,32371072,2.146402000107628,2.1691720003673254,0.07621000031576841,,,,
nymeria,cpu,raw,nymeria__only_imu__qwen3_4b,qwen3_4b,only_imu,core,core_language,,4029108736,8071498752,256,,2493455705728,2218.463024999892,2268.918284099982,3.4217630000057397,,,,
nymeria,cpu,early_fusion,nymeria__only_imu__qwen3_4b,qwen3_4b,only_imu,edge,head,"head_imu_left,head_imu_right",0,0,0,0,0,0.0006099999154685065,0.0008619997061032336,0.05688999999620137,154144,125.3152,10.0,0.08221013333333334
nymeria,cpu,early_fusion,nymeria__only_imu__qwen3_4b,qwen3_4b,only_imu,edge,left_wrist,"left_wrist_imu_left,left_wrist_imu_right",0,0,0,0,0,0.0005700003384845331,0.0006959998245292809,0.052460999995673774,154144,125.3152,10.0,0.08221013333333334
nymeria,cpu,early_fusion,nymeria__only_imu__qwen3_4b,qwen3_4b,only_imu,edge,observer,"observer_imu_left,observer_imu_right",0,0,0,0,0,0.0005500000952451956,0.0007659998573217308,0.05243999976300984,154144,125.3152,10.0,0.08221013333333334
nymeria,cpu,early_fusion,nymeria__only_imu__qwen3_4b,qwen3_4b,only_imu,edge,right_wrist,"right_wrist_imu_left,right_wrist_imu_right",0,0,0,0,0,0.0005300003067532089,0.0006650001068919664,0.052009999762958614,154144,125.3152,10.0,0.08221013333333334
nymeria,cpu,early_fusion,nymeria__only_imu__qwen3_4b,qwen3_4b,only_imu,core,core,,30244,120976,0,143243,2136448,1.452200999665365,1.4794088996495702,0.07607000043208245,,,,
nymeria,cpu,early_fusion,nymeria__only_imu__qwen3_4b,qwen3_4b,only_imu,core,core_language,,4029108736,8071498752,256,,805285017216,1414.1451949999464,1426.2181117998807,0.8077810002760089,,,,
nymeria,cpu,late_fusion,nymeria__only_imu__qwen3_4b,qwen3_4b,only_imu,edge,head,"head_imu_left,head_imu_right",8984,35936,0,42343,524288,0.40091999971991754,0.4115670000828686,0.014939999800844816,176,2.1408,10.0,9.386666666666667e-05
nymeria,cpu,late_fusion,nymeria__only_imu__qwen3_4b,qwen3_4b,only_imu,edge,left_wrist,"left_wrist_imu_left,left_wrist_imu_right",8984,35936,0,42343,524288,0.40288999980475637,0.4053298997860111,0.015109999822016107,176,2.1408,10.0,9.386666666666667e-05
nymeria,cpu,late_fusion,nymeria__only_imu__qwen3_4b,qwen3_4b,only_imu,edge,observer,"observer_imu_left,observer_imu_right",8984,35936,0,42343,524288,0.39332999995167484,0.4028610002478672,0.01480999981140485,176,2.1408,10.0,9.386666666666667e-05
nymeria,cpu,late_fusion,nymeria__only_imu__qwen3_4b,qwen3_4b,only_imu,edge,right_wrist,"right_wrist_imu_left,right_wrist_imu_right",8984,35936,0,42343,524288,0.38951999977143714,0.4128848998789181,0.015019999864307465,176,2.1408,10.0,9.386666666666667e-05
nymeria,cpu,late_fusion,nymeria__only_imu__qwen3_4b,qwen3_4b,only_imu,core,core,,0,0,0,0,0,0.06217999998625601,0.0692720002916758,0.04755000009026844,,,,
nymeria,cpu,late_fusion,nymeria__only_imu__qwen3_4b,qwen3_4b,only_imu,core,core_language,,4022468096,8044936192,256,,694126784256,1393.7711469998249,1403.171250099831,0.22186000023793895,,,,
nymeria,cpu,local_only,nymeria__only_imu__qwen3_4b,qwen3_4b,only_imu,edge,head,"head_imu_left,head_imu_right",8984,35936,0,42343,524288,0.4176509996796085,0.4225100998610287,0.01452999958928558,104,2.0832,10.0,5.546666666666667e-05
nymeria,cpu,local_only,nymeria__only_imu__qwen3_4b,qwen3_4b,only_imu,edge,left_wrist,"left_wrist_imu_left,left_wrist_imu_right",8984,35936,0,42343,524288,0.43163099962839624,0.45831509983145224,0.015179999991232762,104,2.0832,10.0,5.546666666666667e-05
nymeria,cpu,local_only,nymeria__only_imu__qwen3_4b,qwen3_4b,only_imu,edge,observer,"observer_imu_left,observer_imu_right",8984,35936,0,42343,524288,0.4088610003236681,0.42679710013544536,0.01466999992771889,104,2.0832,10.0,5.546666666666667e-05
nymeria,cpu,local_only,nymeria__only_imu__qwen3_4b,qwen3_4b,only_imu,edge,right_wrist,"right_wrist_imu_left,right_wrist_imu_right",8984,35936,0,42343,524288,0.40781999996397644,0.4228868998325197,0.014660000033472897,104,2.0832,10.0,5.546666666666667e-05
nymeria,cpu,local_only,nymeria__only_imu__qwen3_4b,qwen3_4b,only_imu,core,core,,0,0,0,0,0,0.09153000019068713,0.09971100002985622,0.045819999741070205,,,,
nymeria,cpu,local_only,nymeria__only_imu__qwen3_4b,qwen3_4b,only_imu,core,core_language,,4022468096,8044936192,256,,694126784256,1393.7711469998249,1403.171250099831,0.23026000008030678,,,,
nymeria,cpu,bottleneck,nymeria__only_imu__qwen3_4b,qwen3_4b,only_imu,edge,head,"head_imu_left,head_imu_right",8588,34352,0,40807,539392,0.48101999982463894,0.5073000002084882,0.02344999984416063,1368,3.0944000000000003,10.0,0.0007296
nymeria,cpu,bottleneck,nymeria__only_imu__qwen3_4b,qwen3_4b,only_imu,edge,left_wrist,"left_wrist_imu_left,left_wrist_imu_right",8588,34352,0,40807,539392,0.49334000004819245,0.5103329000121448,0.016089999917312525,1368,3.0944000000000003,10.0,0.0007296
nymeria,cpu,bottleneck,nymeria__only_imu__qwen3_4b,qwen3_4b,only_imu,edge,observer,"observer_imu_left,observer_imu_right",8588,34352,0,40807,539392,0.4898009997305053,0.4937069997595245,0.015900000107649248,1368,3.0944000000000003,10.0,0.0007296
nymeria,cpu,bottleneck,nymeria__only_imu__qwen3_4b,qwen3_4b,only_imu,edge,right_wrist,"right_wrist_imu_left,right_wrist_imu_right",8588,34352,0,40807,539392,0.464930999896751,0.4795461000412615,0.01584999972692458,1368,3.0944000000000003,10.0,0.0007296
nymeria,cpu,bottleneck,nymeria__only_imu__qwen3_4b,qwen3_4b,only_imu,core,core,,29172,116688,0,133185,30344576,0.8407310001530277,0.8645530999274342,0.047730000005685724,,,,
nymeria,cpu,bottleneck,nymeria__only_imu__qwen3_4b,qwen3_4b,only_imu,core,core_language,,4029108736,8071498752,256,,2493455705728,2218.463024999892,2268.918284099982,3.7876339997637842,,,,
nymeria,cpu,tokenlearner,nymeria__only_imu__qwen3_4b,qwen3_4b,only_imu,edge,head,"head_imu_left,head_imu_right",10964,43856,0,51419,720640,0.48965099995257333,0.510566100183496,0.01607000012882054,2200,3.76,10.0,0.0011733333333333333
nymeria,cpu,tokenlearner,nymeria__only_imu__qwen3_4b,qwen3_4b,only_imu,edge,left_wrist,"left_wrist_imu_left,left_wrist_imu_right",10964,43856,0,51419,720640,0.47773999995115446,0.4913579000003665,0.01616000008652918,2200,3.76,10.0,0.0011733333333333333
nymeria,cpu,tokenlearner,nymeria__only_imu__qwen3_4b,qwen3_4b,only_imu,edge,observer,"observer_imu_left,observer_imu_right",10964,43856,0,51419,720640,0.46612100004495005,0.5006890999538882,0.015900000107649248,2200,3.76,10.0,0.0011733333333333333
nymeria,cpu,tokenlearner,nymeria__only_imu__qwen3_4b,qwen3_4b,only_imu,edge,right_wrist,"right_wrist_imu_left,right_wrist_imu_right",10964,43856,0,51419,720640,0.4689600000347127,0.48214500016001693,0.015669999811507296,2200,3.76,10.0,0.0011733333333333333
nymeria,cpu,tokenlearner,nymeria__only_imu__qwen3_4b,qwen3_4b,only_imu,core,core,,27892,111568,0,123185,4461952,0.4905599998892285,0.49862490013765637,0.047510000058537116,,,,
nymeria,cpu,tokenlearner,nymeria__only_imu__qwen3_4b,qwen3_4b,only_imu,core,core_language,,4029108736,8071498752,256,,1042828379776,1485.6694889999744,1485.9385439998732,1.11937100018622,,,,
nymeria,cpu,posthoc_vq,nymeria__only_imu__qwen3_4b,qwen3_4b,only_imu,edge,head,"head_imu_left,head_imu_right",16516,66064,0,71792,654080,0.5158710000614519,0.5257791000531142,0.023800000235496555,408,2.3264,10.0,0.0002176
nymeria,cpu,posthoc_vq,nymeria__only_imu__qwen3_4b,qwen3_4b,only_imu,edge,left_wrist,"left_wrist_imu_left,left_wrist_imu_right",16516,66064,0,71792,654080,0.506760000007489,0.514113899998847,0.023829999918234535,408,2.3264,10.0,0.0002176
nymeria,cpu,posthoc_vq,nymeria__only_imu__qwen3_4b,qwen3_4b,only_imu,edge,observer,"observer_imu_left,observer_imu_right",16516,66064,0,71792,654080,0.5059810000602738,0.5240791002051992,0.023749999854771886,408,2.3264,10.0,0.0002176
nymeria,cpu,posthoc_vq,nymeria__only_imu__qwen3_4b,qwen3_4b,only_imu,edge,right_wrist,"right_wrist_imu_left,right_wrist_imu_right",16516,66064,0,71792,654080,0.503650999689853,0.514243100224121,0.024049999865383143,408,2.3264,10.0,0.0002176
nymeria,cpu,posthoc_vq,nymeria__only_imu__qwen3_4b,qwen3_4b,only_imu,core,core,,36084,144336,0,156270,30279040,0.7991409997885057,0.8243409997248818,0.07299000026250724,,,,
nymeria,cpu,posthoc_vq,nymeria__only_imu__qwen3_4b,qwen3_4b,only_imu,core,core_language,,4029108736,8071498752,256,,2493455705728,2218.463024999892,2268.918284099982,3.4006629998657445,,,,
nymeria,cpu,joint_vq,nymeria__only_imu__qwen3_4b,qwen3_4b,only_imu,edge,head,"head_imu_left,head_imu_right",21268,85072,0,93900,786176,0.5756599998676393,0.6059179999283515,0.022559999706572853,168,2.1344,10.0,8.96e-05
nymeria,cpu,joint_vq,nymeria__only_imu__qwen3_4b,qwen3_4b,only_imu,edge,left_wrist,"left_wrist_imu_left,left_wrist_imu_right",21268,85072,0,93900,786176,0.5929909998485527,0.593008100076986,0.022700000045006163,168,2.1344,10.0,8.96e-05
nymeria,cpu,joint_vq,nymeria__only_imu__qwen3_4b,qwen3_4b,only_imu,edge,observer,"observer_imu_left,observer_imu_right",21268,85072,0,93900,786176,0.5774309997832461,0.604583099948286,0.022730000182491494,168,2.1344,10.0,8.96e-05
nymeria,cpu,joint_vq,nymeria__only_imu__qwen3_4b,qwen3_4b,only_imu,edge,right_wrist,"right_wrist_imu_left,right_wrist_imu_right",21268,85072,0,93900,786176,0.5793210002593696,0.5939271000897861,0.022570000055566197,168,2.1344,10.0,8.96e-05
nymeria,cpu,joint_vq,nymeria__only_imu__qwen3_4b,qwen3_4b,only_imu,core,core,,36084,144336,0,156270,4461952,0.5760700000791985,0.5930178997004987,0.0699509996593406,,,,
nymeria,cpu,joint_vq,nymeria__only_imu__qwen3_4b,qwen3_4b,only_imu,core,core_language,,4029108736,8071498752,256,,1042828379776,1485.6694889999744,1485.9385439998732,1.8850820001716784,,,,
nymeria,cpu,deepconvlstm,nymeria__only_imu__qwen3_4b,qwen3_4b,only_imu,edge,head,"head_imu_left,head_imu_right",0,0,0,0,0,0.0006000000212225132,0.000932999773795018,0.0755199998820899,154144,125.3152,10.0,0.08221013333333334
nymeria,cpu,deepconvlstm,nymeria__only_imu__qwen3_4b,qwen3_4b,only_imu,edge,left_wrist,"left_wrist_imu_left,left_wrist_imu_right",0,0,0,0,0,0.0006800000846851617,0.0007880001703597372,0.07150000010369695,154144,125.3152,10.0,0.08221013333333334
nymeria,cpu,deepconvlstm,nymeria__only_imu__qwen3_4b,qwen3_4b,only_imu,edge,observer,"observer_imu_left,observer_imu_right",0,0,0,0,0,0.0006999998731771484,0.0007809998351149261,0.07120999998733168,154144,125.3152,10.0,0.08221013333333334
nymeria,cpu,deepconvlstm,nymeria__only_imu__qwen3_4b,qwen3_4b,only_imu,edge,right_wrist,"right_wrist_imu_left,right_wrist_imu_right",0,0,0,0,0,0.0006899999789311551,0.0008159998742485186,0.07127999970180099,154144,125.3152,10.0,0.08221013333333334
nymeria,cpu,deepconvlstm,nymeria__only_imu__qwen3_4b,qwen3_4b,only_imu,core,core,,40922,163688,0,178957,2551424,1.360361000024568,1.3668679999682354,0.0763800003369397,,,,
nymeria,cpu,deepconvlstm,nymeria__only_imu__qwen3_4b,qwen3_4b,only_imu,core,core_language,,4029108736,8071498752,256,,805285017216,1414.1451949999464,1426.2181117998807,1.188611000088713,,,,
nymeria,cpu,unrestricted_bank,nymeria__only_imu__qwen3_4b,qwen3_4b,only_imu,edge,head,"head_imu_left,head_imu_right",29972,119888,0,129539,1015552,0.5764500001532724,0.5947650000507565,0.033490000078018056,168,2.1344,10.0,8.96e-05
nymeria,cpu,unrestricted_bank,nymeria__only_imu__qwen3_4b,qwen3_4b,only_imu,edge,left_wrist,"left_wrist_imu_left,left_wrist_imu_right",29972,119888,0,129539,1015552,0.4715800000667514,0.49051689993575565,0.024110000140353804,168,2.1344,10.0,8.96e-05
nymeria,cpu,unrestricted_bank,nymeria__only_imu__qwen3_4b,qwen3_4b,only_imu,edge,observer,"observer_imu_left,observer_imu_right",29972,119888,0,129539,1015552,0.46886099971743533,0.4839080997953715,0.024149999717337778,168,2.1344,10.0,8.96e-05
nymeria,cpu,unrestricted_bank,nymeria__only_imu__qwen3_4b,qwen3_4b,only_imu,edge,right_wrist,"right_wrist_imu_left,right_wrist_imu_right",29972,119888,0,129539,1015552,0.47883000024739886,0.5309319001298718,0.02412999992884579,168,2.1344,10.0,8.96e-05
nymeria,cpu,unrestricted_bank,nymeria__only_imu__qwen3_4b,qwen3_4b,only_imu,core,core,,36084,144336,0,156270,4461952,0.4415799999151204,0.47515990004285413,0.07185000004028552,,,,
nymeria,cpu,unrestricted_bank,nymeria__only_imu__qwen3_4b,qwen3_4b,only_imu,core,core_language,,4029108736,8071498752,256,,1042828379776,1485.6694889999744,1485.9385439998732,1.7576410000401665,,,,
nymeria,cpu,separate_banks,nymeria__only_imu__qwen3_4b,qwen3_4b,only_imu,edge,head,"head_imu_left,head_imu_right",15188,60752,0,70403,786176,0.5237599998508813,0.5296198996802559,0.024479999865434365,168,2.1344,10.0,8.96e-05
nymeria,cpu,separate_banks,nymeria__only_imu__qwen3_4b,qwen3_4b,only_imu,edge,left_wrist,"left_wrist_imu_left,left_wrist_imu_right",15188,60752,0,70403,786176,0.542840999969485,0.544380000064848,0.02353999980186927,168,2.1344,10.0,8.96e-05
nymeria,cpu,separate_banks,nymeria__only_imu__qwen3_4b,qwen3_4b,only_imu,edge,observer,"observer_imu_left,observer_imu_right",15188,60752,0,70403,786176,0.528890000168758,0.5395649002366554,0.02361999986533192,168,2.1344,10.0,8.96e-05
nymeria,cpu,separate_banks,nymeria__only_imu__qwen3_4b,qwen3_4b,only_imu,edge,right_wrist,"right_wrist_imu_left,right_wrist_imu_right",15188,60752,0,70403,786176,0.5176599997867015,0.53602090001732,0.023130000045057386,168,2.1344,10.0,8.96e-05
nymeria,cpu,separate_banks,nymeria__only_imu__qwen3_4b,qwen3_4b,only_imu,core,core,,36084,144336,0,158361,4461952,0.585550999858242,0.605845099698854,0.11807000009866897,,,,
nymeria,cpu,separate_banks,nymeria__only_imu__qwen3_4b,qwen3_4b,only_imu,core,core_language,,4029108736,8071498752,256,,1042828379776,1485.6694889999744,1485.9385439998732,1.8133020003006095,,,,
nymeria,cpu,fixed_resampling,nymeria__only_imu__qwen3_4b,qwen3_4b,only_imu,edge,head,"head_imu_left,head_imu_right",15188,60752,0,70403,779264,0.43077999998786254,0.44411889971343044,0.023260000034497352,168,2.1344,10.0,8.96e-05
nymeria,cpu,fixed_resampling,nymeria__only_imu__qwen3_4b,qwen3_4b,only_imu,edge,left_wrist,"left_wrist_imu_left,left_wrist_imu_right",15188,60752,0,70403,779264,0.44173100013722433,0.48250999984702503,0.023520000013377285,168,2.1344,10.0,8.96e-05
nymeria,cpu,fixed_resampling,nymeria__only_imu__qwen3_4b,qwen3_4b,only_imu,edge,observer,"observer_imu_left,observer_imu_right",15188,60752,0,70403,779264,0.42530099972282187,0.4458930000964756,0.023499999770137947,168,2.1344,10.0,8.96e-05
nymeria,cpu,fixed_resampling,nymeria__only_imu__qwen3_4b,qwen3_4b,only_imu,edge,right_wrist,"right_wrist_imu_left,right_wrist_imu_right",15188,60752,0,70403,779264,0.4199599998173653,0.4367089999050222,0.02572999983385671,168,2.1344,10.0,8.96e-05
nymeria,cpu,fixed_resampling,nymeria__only_imu__qwen3_4b,qwen3_4b,only_imu,core,core,,36084,144336,0,156270,4461952,0.6298299999798473,0.6577219000973855,0.07211999991341145,,,,
nymeria,cpu,fixed_resampling,nymeria__only_imu__qwen3_4b,qwen3_4b,only_imu,core,core_language,,4029108736,8071498752,256,,1042828379776,1485.6694889999744,1485.9385439998732,1.815750999867305,,,,
nymeria,cpu,finetune_encoders,nymeria__only_imu__qwen3_4b,qwen3_4b,only_imu,edge,head,"head_imu_left,head_imu_right",15188,60752,0,70403,786176,0.590959999954066,0.5993849000788032,0.03291999973953352,168,2.1344,10.0,8.96e-05
nymeria,cpu,finetune_encoders,nymeria__only_imu__qwen3_4b,qwen3_4b,only_imu,edge,left_wrist,"left_wrist_imu_left,left_wrist_imu_right",15188,60752,0,70403,786176,0.578029999815044,0.5809469000723766,0.023069999770086724,168,2.1344,10.0,8.96e-05
nymeria,cpu,finetune_encoders,nymeria__only_imu__qwen3_4b,qwen3_4b,only_imu,edge,observer,"observer_imu_left,observer_imu_right",15188,60752,0,70403,786176,0.5777509995823493,0.5950210998889816,0.02334000009796,168,2.1344,10.0,8.96e-05
nymeria,cpu,finetune_encoders,nymeria__only_imu__qwen3_4b,qwen3_4b,only_imu,edge,right_wrist,"right_wrist_imu_left,right_wrist_imu_right",15188,60752,0,70403,786176,0.570250000237138,0.5725540000184992,0.02367000024605659,168,2.1344,10.0,8.96e-05
nymeria,cpu,finetune_encoders,nymeria__only_imu__qwen3_4b,qwen3_4b,only_imu,core,core,,36084,144336,0,156270,4461952,0.6408199997167685,0.7183648998307035,0.07043000005069189,,,,
nymeria,cpu,finetune_encoders,nymeria__only_imu__qwen3_4b,qwen3_4b,only_imu,core,core_language,,4029108736,8071498752,256,,1042828379776,1485.6694889999744,1485.9385439998732,1.4842309997220582,,,,
nymeria,cpu,no_alignment,nymeria__only_imu__qwen3_4b,qwen3_4b,only_imu,edge,head,"head_imu_left,head_imu_right",15188,60752,0,70403,786176,0.4802400003427465,0.5319009003869724,0.030220000098779565,168,2.1344,10.0,8.96e-05
nymeria,cpu,no_alignment,nymeria__only_imu__qwen3_4b,qwen3_4b,only_imu,edge,left_wrist,"left_wrist_imu_left,left_wrist_imu_right",15188,60752,0,70403,786176,0.5036399998061825,0.5413238999153691,0.023799999780749204,168,2.1344,10.0,8.96e-05
nymeria,cpu,no_alignment,nymeria__only_imu__qwen3_4b,qwen3_4b,only_imu,edge,observer,"observer_imu_left,observer_imu_right",15188,60752,0,70403,786176,0.4892000001746055,0.5058418997577974,0.023439999949914636,168,2.1344,10.0,8.96e-05
nymeria,cpu,no_alignment,nymeria__only_imu__qwen3_4b,qwen3_4b,only_imu,edge,right_wrist,"right_wrist_imu_left,right_wrist_imu_right",15188,60752,0,70403,786176,0.48874100002649357,0.49450910000814474,0.024699999812582973,168,2.1344,10.0,8.96e-05
nymeria,cpu,no_alignment,nymeria__only_imu__qwen3_4b,qwen3_4b,only_imu,core,core,,36084,144336,0,156270,4461952,0.5095599999549449,0.5426628998066008,0.07125000001906301,,,,
nymeria,cpu,no_alignment,nymeria__only_imu__qwen3_4b,qwen3_4b,only_imu,core,core_language,,4029108736,8071498752,256,,1042828379776,1485.6694889999744,1485.9385439998732,1.3160110001990688,,,,
nymeria,cpu,no_usage,nymeria__only_imu__qwen3_4b,qwen3_4b,only_imu,edge,head,"head_imu_left,head_imu_right",15188,60752,0,70403,786176,0.5727600000682287,0.5816348999360343,0.023301000055653276,168,2.1344,10.0,8.96e-05
nymeria,cpu,no_usage,nymeria__only_imu__qwen3_4b,qwen3_4b,only_imu,edge,left_wrist,"left_wrist_imu_left,left_wrist_imu_right",15188,60752,0,70403,786176,0.5201300000408082,0.6793319001644704,0.024220000341301784,168,2.1344,10.0,8.96e-05
nymeria,cpu,no_usage,nymeria__only_imu__qwen3_4b,qwen3_4b,only_imu,edge,observer,"observer_imu_left,observer_imu_right",15188,60752,0,70403,786176,0.50242099996467,0.5057860999841068,0.023739999960525893,168,2.1344,10.0,8.96e-05
nymeria,cpu,no_usage,nymeria__only_imu__qwen3_4b,qwen3_4b,only_imu,edge,right_wrist,"right_wrist_imu_left,right_wrist_imu_right",15188,60752,0,70403,786176,0.46721000035176985,0.493670900050347,0.023630000214325264,168,2.1344,10.0,8.96e-05
nymeria,cpu,no_usage,nymeria__only_imu__qwen3_4b,qwen3_4b,only_imu,core,core,,36084,144336,0,156270,4461952,0.5645700002787635,0.5688369001745741,0.07099000004018308,,,,
nymeria,cpu,no_usage,nymeria__only_imu__qwen3_4b,qwen3_4b,only_imu,core,core_language,,4029108736,8071498752,256,,1042828379776,1485.6694889999744,1485.9385439998732,1.2093509999431262,,,,
nymeria,cpu,tcn,nymeria__only_imu__qwen3_4b,qwen3_4b,only_imu,edge,head,"head_imu_left,head_imu_right",0,0,0,0,0,0.0005799997779831756,0.0008499997875333065,0.07249000009323936,154144,125.3152,10.0,0.08221013333333334
nymeria,cpu,tcn,nymeria__only_imu__qwen3_4b,qwen3_4b,only_imu,edge,left_wrist,"left_wrist_imu_left,left_wrist_imu_right",0,0,0,0,0,0.0006899999789311551,0.0008429999979853164,0.07186000038927887,154144,125.3152,10.0,0.08221013333333334
nymeria,cpu,tcn,nymeria__only_imu__qwen3_4b,qwen3_4b,only_imu,edge,observer,"observer_imu_left,observer_imu_right",0,0,0,0,0,0.0006399995982064866,0.0007480000931536779,0.07158999960665824,154144,125.3152,10.0,0.08221013333333334
nymeria,cpu,tcn,nymeria__only_imu__qwen3_4b,qwen3_4b,only_imu,edge,right_wrist,"right_wrist_imu_left,right_wrist_imu_right",0,0,0,0,0,0.0006800000846851617,0.0007879997610871214,0.07228999993458274,154144,125.3152,10.0,0.08221013333333334
nymeria,cpu,tcn,nymeria__only_imu__qwen3_4b,qwen3_4b,only_imu,core,core,,15908,63632,0,80449,950400,1.4231709997147846,1.44578889994591,0.07470999980796478,,,,
nymeria,cpu,tcn,nymeria__only_imu__qwen3_4b,qwen3_4b,only_imu,core,core_language,,4029108736,8071498752,256,,805285017216,1414.1451949999464,1426.2181117998807,0.7077310001477599,,,,
nymeria,cpu,ts_transformer,nymeria__only_imu__qwen3_4b,qwen3_4b,only_imu,edge,head,"head_imu_left,head_imu_right",0,0,0,0,0,0.0006000000212225132,0.0008790003448666539,0.0586300002396456,154144,125.3152,10.0,0.08221013333333334
nymeria,cpu,ts_transformer,nymeria__only_imu__qwen3_4b,qwen3_4b,only_imu,edge,left_wrist,"left_wrist_imu_left,left_wrist_imu_right",0,0,0,0,0,0.000529999852005858,0.0006739999662386253,0.061049999658280285,154144,125.3152,10.0,0.08221013333333334
nymeria,cpu,ts_transformer,nymeria__only_imu__qwen3_4b,qwen3_4b,only_imu,edge,observer,"observer_imu_left,observer_imu_right",0,0,0,0,0,0.000529999852005858,0.0006560001565958373,0.05116000011184951,154144,125.3152,10.0,0.08221013333333334
nymeria,cpu,ts_transformer,nymeria__only_imu__qwen3_4b,qwen3_4b,only_imu,edge,right_wrist,"right_wrist_imu_left,right_wrist_imu_right",0,0,0,0,0,0.0006400000529538374,0.0006670001766906353,0.05097999974168488,154144,125.3152,10.0,0.08221013333333334
nymeria,cpu,ts_transformer,nymeria__only_imu__qwen3_4b,qwen3_4b,only_imu,core,core,,28772,115088,0,135517,1998976,1.3730210002904641,1.4078428999710013,0.07537000010415795,,,,
nymeria,cpu,ts_transformer,nymeria__only_imu__qwen3_4b,qwen3_4b,only_imu,core,core_language,,4029108736,8071498752,256,,805285017216,1414.1451949999464,1426.2181117998807,0.7040010000309849,,,,
nymeria,cpu,patchtst,nymeria__only_imu__qwen3_4b,qwen3_4b,only_imu,edge,head,"head_imu_left,head_imu_right",0,0,0,0,0,0.0006399995982064866,0.0008829998932924354,0.057669999932841165,154144,125.3152,10.0,0.08221013333333334
nymeria,cpu,patchtst,nymeria__only_imu__qwen3_4b,qwen3_4b,only_imu,edge,left_wrist,"left_wrist_imu_left,left_wrist_imu_right",0,0,0,0,0,0.0005799997779831756,0.0006969997684791451,0.053249999837134965,154144,125.3152,10.0,0.08221013333333334
nymeria,cpu,patchtst,nymeria__only_imu__qwen3_4b,qwen3_4b,only_imu,edge,observer,"observer_imu_left,observer_imu_right",0,0,0,0,0,0.0005199999577598646,0.0006190001386130461,0.051170999995520106,154144,125.3152,10.0,0.08221013333333334
nymeria,cpu,patchtst,nymeria__only_imu__qwen3_4b,qwen3_4b,only_imu,edge,right_wrist,"right_wrist_imu_left,right_wrist_imu_right",0,0,0,0,0,0.0005499996404978447,0.0006669996309938142,0.05116000011184951,154144,125.3152,10.0,0.08221013333333334
nymeria,cpu,patchtst,nymeria__only_imu__qwen3_4b,qwen3_4b,only_imu,core,core,,27236,108944,0,129373,17322496,1.5894719999778317,1.6049421000843722,0.07487999982913607,,,,
nymeria,cpu,patchtst,nymeria__only_imu__qwen3_4b,qwen3_4b,only_imu,core,core_language,,4029108736,8071498752,256,,620544764416,1378.409122999983,1382.4468686002547,0.594630999785295,,,,
nymeria,cpu,distrixsense,nymeria__only_joint_angles__qwen3_4b,qwen3_4b,only_joint_angles,edge,xsens,joint_angles,22714,90856,0,95987,1352704,0.2567500000623113,0.2579740002147446,0.012789999800588703,81,2.0648,10.0,4.32e-05
nymeria,cpu,distrixsense,nymeria__only_joint_angles__qwen3_4b,qwen3_4b,only_joint_angles,core,core,,28468,113872,0,125806,486848,0.2465809998284385,0.2565520999723958,0.01004999967335607,,,,
nymeria,cpu,distrixsense,nymeria__only_joint_angles__qwen3_4b,qwen3_4b,only_joint_angles,core,core_language,,4029108736,8071498752,256,,524957000576,1347.9546459998346,1350.2324046997728,0.4951900000378373,,,,
nymeria,cpu,dense,nymeria__only_joint_angles__qwen3_4b,qwen3_4b,only_joint_angles,edge,xsens,joint_angles,19282,77128,0,80269,1221120,0.17081000032703741,0.19085299995822425,0.008829999842419056,4324,5.4592,10.0,0.0023061333333333333
nymeria,cpu,dense,nymeria__only_joint_angles__qwen3_4b,qwen3_4b,only_joint_angles,core,core,,27444,109776,0,121393,1993664,0.21104100005686632,0.2370590999362321,0.006360000043059699,,,,
nymeria,cpu,dense,nymeria__only_joint_angles__qwen3_4b,qwen3_4b,only_joint_angles,core,core_language,,4029108736,8071498752,256,,701925437312,1385.2588899999319,1389.6424876003493,0.7547700001850899,,,,
nymeria,cpu,dense_tokens,nymeria__only_joint_angles__qwen3_4b,qwen3_4b,only_joint_angles,edge,xsens,joint_angles,21658,86632,0,91257,1336320,0.22886999977345113,0.25802999998632004,0.008640000032755779,1100,2.88,10.0,0.0005866666666666667
nymeria,cpu,dense_tokens,nymeria__only_joint_angles__qwen3_4b,qwen3_4b,only_joint_angles,core,core,,27444,109776,0,121393,486848,0.2362200002608006,0.2668289998837281,0.006300000222836388,,,,
nymeria,cpu,dense_tokens,nymeria__only_joint_angles__qwen3_4b,qwen3_4b,only_joint_angles,core,core_language,,4029108736,8071498752,256,,524957000576,1347.9546459998346,1350.2324046997728,0.43847000006280723,,,,
nymeria,cpu,raw,nymeria__only_joint_angles__qwen3_4b,qwen3_4b,only_joint_angles,edge,xsens,joint_angles,0,0,0,0,0,0.0005699998837371822,0.0009119999504036969,0.023690000034548575,205452,166.3616,10.0,0.1095744
nymeria,cpu,raw,nymeria__only_joint_angles__qwen3_4b,qwen3_4b,only_joint_angles,core,core,,46726,186904,0,201113,3214784,0.46806999989712494,0.49136199995700736,0.015220000022964086,,,,
nymeria,cpu,raw,nymeria__only_joint_angles__qwen3_4b,qwen3_4b,only_joint_angles,core,core_language,,4029108736,8071498752,256,,701925437312,1385.2588899999319,1389.6424876003493,0.7359510000242153,,,,
nymeria,cpu,early_fusion,nymeria__only_joint_angles__qwen3_4b,qwen3_4b,only_joint_angles,edge,xsens,joint_angles,0,0,0,0,0,0.0005799997779831756,0.0007870000445109326,0.023739999960525893,205452,166.3616,10.0,0.1095744
nymeria,cpu,early_fusion,nymeria__only_joint_angles__qwen3_4b,qwen3_4b,only_joint_angles,core,core,,34822,139288,0,152863,2454976,0.46867999981259345,0.48515989988118235,0.014889999874867499,,,,
nymeria,cpu,early_fusion,nymeria__only_joint_angles__qwen3_4b,qwen3_4b,only_joint_angles,core,core_language,,4029108736,8071498752,256,,701925437312,1385.2588899999319,1389.6424876003493,1.112981000005675,,,,
nymeria,cpu,late_fusion,nymeria__only_joint_angles__qwen3_4b,qwen3_4b,only_joint_angles,edge,xsens,joint_angles,19612,78448,0,81989,1221760,0.23707999980615568,0.25084999988393974,0.011510000149428379,88,2.0704,10.0,4.6933333333333333e-05
nymeria,cpu,late_fusion,nymeria__only_joint_angles__qwen3_4b,qwen3_4b,only_joint_angles,core,core,,0,0,0,0,0,0.03305000018372084,0.03877400022247457,0.008129999969241908,,,,
nymeria,cpu,late_fusion,nymeria__only_joint_angles__qwen3_4b,qwen3_4b,only_joint_angles,core,core_language,,4022468096,8044936192,256,,591014930432,1376.2016709997624,1382.8183062999415,0.20830999983445508,,,,
nymeria,cpu,local_only,nymeria__only_joint_angles__qwen3_4b,qwen3_4b,only_joint_angles,edge,xsens,joint_angles,19612,78448,0,81989,1221760,0.23001999988991884,0.2476780001870793,0.007829999958630651,52,2.0416,10.0,2.7733333333333334e-05
nymeria,cpu,local_only,nymeria__only_joint_angles__qwen3_4b,qwen3_4b,only_joint_angles,core,core,,0,0,0,0,0,0.028139999812992755,0.036500999794952804,0.006110000413173111,,,,
nymeria,cpu,local_only,nymeria__only_joint_angles__qwen3_4b,qwen3_4b,only_joint_angles,core,core_language,,4022468096,8044936192,256,,591014930432,1376.2016709997624,1382.8183062999415,0.20105000021430897,,,,
nymeria,cpu,bottleneck,nymeria__only_joint_angles__qwen3_4b,qwen3_4b,only_joint_angles,edge,xsens,joint_angles,19414,77656,0,81221,1229312,0.23989000010260497,0.2711650000492227,0.008539999726053793,684,2.5472,10.0,0.0003648
nymeria,cpu,bottleneck,nymeria__only_joint_angles__qwen3_4b,qwen3_4b,only_joint_angles,core,core,,27604,110416,0,122603,2001856,0.30723999998372165,0.32582499989075586,0.006289999873843044,,,,
nymeria,cpu,bottleneck,nymeria__only_joint_angles__qwen3_4b,qwen3_4b,only_joint_angles,core,core_language,,4029108736,8071498752,256,,701925437312,1385.2588899999319,1389.6424876003493,1.162610999926983,,,,
nymeria,cpu,tokenlearner,nymeria__only_joint_angles__qwen3_4b,qwen3_4b,only_joint_angles,edge,xsens,joint_angles,20602,82408,0,86463,1319936,0.27331999990565237,0.2965759999369766,0.008090000392257934,1100,2.88,10.0,0.0005866666666666667
nymeria,cpu,tokenlearner,nymeria__only_joint_angles__qwen3_4b,qwen3_4b,only_joint_angles,core,core,,27444,109776,0,121393,486848,0.24951000023065717,0.2875260001019342,0.006589999884454301,,,,
nymeria,cpu,tokenlearner,nymeria__only_joint_angles__qwen3_4b,qwen3_4b,only_joint_angles,core,core_language,,4029108736,8071498752,256,,524957000576,1347.9546459998346,1350.2324046997728,0.6822010000178125,,,,
nymeria,cpu,posthoc_vq,nymeria__only_joint_angles__qwen3_4b,qwen3_4b,only_joint_angles,edge,xsens,joint_angles,20306,81224,0,84617,1286656,0.34773100014717784,0.3507541000999481,0.01857999995991122,192,2.1536,10.0,0.0001024
nymeria,cpu,posthoc_vq,nymeria__only_joint_angles__qwen3_4b,qwen3_4b,only_joint_angles,core,core,,28468,113872,0,125806,1993664,0.3047199998036376,0.3353029001118557,0.013729999864153797,,,,
nymeria,cpu,posthoc_vq,nymeria__only_joint_angles__qwen3_4b,qwen3_4b,only_joint_angles,core,core_language,,4029108736,8071498752,256,,701925437312,1385.2588899999319,1389.6424876003493,1.193801000226813,,,,
nymeria,cpu,joint_vq,nymeria__only_joint_angles__qwen3_4b,qwen3_4b,only_joint_angles,edge,xsens,joint_angles,22682,90728,0,95606,1352704,0.33233100020879647,0.3441290998580371,0.012909999895782676,81,2.0648,10.0,4.32e-05
nymeria,cpu,joint_vq,nymeria__only_joint_angles__qwen3_4b,qwen3_4b,only_joint_angles,core,core,,28468,113872,0,125806,486848,0.26231999981973786,0.2762880002592283,0.010180000117543386,,,,
nymeria,cpu,joint_vq,nymeria__only_joint_angles__qwen3_4b,qwen3_4b,only_joint_angles,core,core_language,,4029108736,8071498752,256,,524957000576,1347.9546459998346,1350.2324046997728,0.42737099965961534,,,,
nymeria,cpu,deepconvlstm,nymeria__only_joint_angles__qwen3_4b,qwen3_4b,only_joint_angles,edge,xsens,joint_angles,0,0,0,0,0,0.0005699998837371822,0.0008039998647291213,0.03343999969729339,205452,166.3616,10.0,0.1095744
nymeria,cpu,deepconvlstm,nymeria__only_joint_angles__qwen3_4b,qwen3_4b,only_joint_angles,core,core,,48860,195440,0,202209,3056768,0.36979000014980556,0.40170399988710415,0.01505999989603879,,,,
nymeria,cpu,deepconvlstm,nymeria__only_joint_angles__qwen3_4b,qwen3_4b,only_joint_angles,core,core_language,,4029108736,8071498752,256,,701925437312,1385.2588899999319,1389.6424876003493,1.1753210001188563,,,,
nymeria,cpu,unrestricted_bank,nymeria__only_joint_angles__qwen3_4b,qwen3_4b,only_joint_angles,edge,xsens,joint_angles,22714,90856,0,95987,1352704,0.2934200001618592,0.31196990003081737,0.01781999981176341,81,2.0648,10.0,4.32e-05
nymeria,cpu,unrestricted_bank,nymeria__only_joint_angles__qwen3_4b,qwen3_4b,only_joint_angles,core,core,,28468,113872,0,125806,486848,0.257919999967271,0.2721409001878783,0.013220000255387276,,,,
nymeria,cpu,unrestricted_bank,nymeria__only_joint_angles__qwen3_4b,qwen3_4b,only_joint_angles,core,core_language,,4029108736,8071498752,256,,524957000576,1347.9546459998346,1350.2324046997728,0.6475699997281481,,,,
nymeria,cpu,separate_banks,nymeria__only_joint_angles__qwen3_4b,qwen3_4b,only_joint_angles,edge,xsens,joint_angles,22714,90856,0,95987,1352704,0.29676000031031435,0.31069199990270135,0.012739999874611385,81,2.0648,10.0,4.32e-05
nymeria,cpu,separate_banks,nymeria__only_joint_angles__qwen3_4b,qwen3_4b,only_joint_angles,core,core,,28468,113872,0,125806,486848,0.289981000150874,0.3287161001935601,0.010250000286760041,,,,
nymeria,cpu,separate_banks,nymeria__only_joint_angles__qwen3_4b,qwen3_4b,only_joint_angles,core,core_language,,4029108736,8071498752,256,,524957000576,1347.9546459998346,1350.2324046997728,0.6818410001869779,,,,
nymeria,cpu,fixed_resampling,nymeria__only_joint_angles__qwen3_4b,qwen3_4b,only_joint_angles,edge,xsens,joint_angles,22714,90856,0,95987,1034752,0.21596999977191444,0.218328900200504,0.01767999992807745,81,2.0648,10.0,4.32e-05
nymeria,cpu,fixed_resampling,nymeria__only_joint_angles__qwen3_4b,qwen3_4b,only_joint_angles,core,core,,28468,113872,0,125806,486848,0.2798710002025473,0.30514210020555765,0.013339999895833898,,,,
nymeria,cpu,fixed_resampling,nymeria__only_joint_angles__qwen3_4b,qwen3_4b,only_joint_angles,core,core_language,,4029108736,8071498752,256,,524957000576,1347.9546459998346,1350.2324046997728,0.6669510003121104,,,,
nymeria,cpu,finetune_encoders,nymeria__only_joint_angles__qwen3_4b,qwen3_4b,only_joint_angles,edge,xsens,joint_angles,22714,90856,0,95987,1352704,0.3032310000889993,0.3114651001851598,0.017670000033831457,81,2.0648,10.0,4.32e-05
nymeria,cpu,finetune_encoders,nymeria__only_joint_angles__qwen3_4b,qwen3_4b,only_joint_angles,core,core,,28468,113872,0,125806,486848,0.2760410002338176,0.30642410019936506,0.01328999996985658,,,,
nymeria,cpu,finetune_encoders,nymeria__only_joint_angles__qwen3_4b,qwen3_4b,only_joint_angles,core,core_language,,4029108736,8071498752,256,,524957000576,1347.9546459998346,1350.2324046997728,0.6902410000293457,,,,
nymeria,cpu,no_alignment,nymeria__only_joint_angles__qwen3_4b,qwen3_4b,only_joint_angles,edge,xsens,joint_angles,22714,90856,0,95987,1352704,0.26281000009475974,0.2789199999824632,0.012619999779417412,81,2.0648,10.0,4.32e-05
nymeria,cpu,no_alignment,nymeria__only_joint_angles__qwen3_4b,qwen3_4b,only_joint_angles,core,core,,28468,113872,0,125806,486848,0.23156999986895244,0.2546100001382001,0.010110000403074082,,,,
nymeria,cpu,no_alignment,nymeria__only_joint_angles__qwen3_4b,qwen3_4b,only_joint_angles,core,core_language,,4029108736,8071498752,256,,524957000576,1347.9546459998346,1350.2324046997728,0.5050209997534694,,,,
nymeria,cpu,no_usage,nymeria__only_joint_angles__qwen3_4b,qwen3_4b,only_joint_angles,edge,xsens,joint_angles,22714,90856,0,95987,1352704,0.24100999962684,0.25597700014259317,0.020139999833190814,81,2.0648,10.0,4.32e-05
nymeria,cpu,no_usage,nymeria__only_joint_angles__qwen3_4b,qwen3_4b,only_joint_angles,core,core,,28468,113872,0,125806,486848,0.32715099996494246,0.3560220999588637,0.01047000023390865,,,,
nymeria,cpu,no_usage,nymeria__only_joint_angles__qwen3_4b,qwen3_4b,only_joint_angles,core,core_language,,4029108736,8071498752,256,,524957000576,1347.9546459998346,1350.2324046997728,0.7346909997067996,,,,
nymeria,cpu,tcn,nymeria__only_joint_angles__qwen3_4b,qwen3_4b,only_joint_angles,edge,xsens,joint_angles,0,0,0,0,0,0.0005400002009992022,0.0007199999345175456,0.03028999981324887,205452,166.3616,10.0,0.1095744
nymeria,cpu,tcn,nymeria__only_joint_angles__qwen3_4b,qwen3_4b,only_joint_angles,core,core,,20710,82840,0,91093,1268928,0.471581000056176,0.48746510028649936,0.021020000076532597,,,,
nymeria,cpu,tcn,nymeria__only_joint_angles__qwen3_4b,qwen3_4b,only_joint_angles,core,core_language,,4029108736,8071498752,256,,701925437312,1385.2588899999319,1389.6424876003493,1.191021000067849,,,,
nymeria,cpu,ts_transformer,nymeria__only_joint_angles__qwen3_4b,qwen3_4b,only_joint_angles,edge,xsens,joint_angles,0,0,0,0,0,0.0006000000212225132,0.0008700000307726441,0.03091000007771072,205452,166.3616,10.0,0.1095744
nymeria,cpu,ts_transformer,nymeria__only_joint_angles__qwen3_4b,qwen3_4b,only_joint_angles,core,core,,33574,134296,0,146033,2317504,0.5025109999223787,0.5303831002493098,0.019099999917671084,,,,
nymeria,cpu,ts_transformer,nymeria__only_joint_angles__qwen3_4b,qwen3_4b,only_joint_angles,core,core_language,,4029108736,8071498752,256,,701925437312,1385.2588899999319,1389.6424876003493,1.1431009997977526,,,,
nymeria,cpu,patchtst,nymeria__only_joint_angles__qwen3_4b,qwen3_4b,only_joint_angles,edge,xsens,joint_angles,0,0,0,0,0,0.00047999992602854036,0.0008039997737796512,0.03254000012020697,205452,166.3616,10.0,0.1095744
nymeria,cpu,patchtst,nymeria__only_joint_angles__qwen3_4b,qwen3_4b,only_joint_angles,core,core,,31590,126360,0,138097,25176384,0.7618610002282367,0.7833259999642905,0.018400000044493936,,,,
nymeria,cpu,patchtst,nymeria__only_joint_angles__qwen3_4b,qwen3_4b,only_joint_angles,core,core_language,,4029108736,8071498752,256,,517598061312,1346.553424999911,1346.8643029999384,0.7093110002642788,,,,
nymeria,cpu,distrixsense,nymeria__only_magnetometer__qwen3_4b,qwen3_4b,only_magnetometer,edge,head,head_magnetometer,7072,28288,0,33459,360064,0.2718000000641041,0.2786139000363619,0.01716999986456358,82,2.0656,10.0,4.373333333333333e-05
nymeria,cpu,distrixsense,nymeria__only_magnetometer__qwen3_4b,qwen3_4b,only_magnetometer,edge,observer,observer_magnetometer,7072,28288,0,33459,360064,0.268219999725261,0.27162199976373813,0.017389999811712187,82,2.0656,10.0,4.373333333333333e-05
nymeria,cpu,distrixsense,nymeria__only_magnetometer__qwen3_4b,qwen3_4b,only_magnetometer,core,core,,29556,118224,0,130158,956416,0.3339899999446061,0.36560699995789037,0.024310000299010426,,,,
nymeria,cpu,distrixsense,nymeria__only_magnetometer__qwen3_4b,qwen3_4b,only_magnetometer,core,core_language,,4029108736,8071498752,256,,598584731776,1365.3680319998784,1392.2720164000566,0.813470999673882,,,,
nymeria,cpu,dense,nymeria__only_magnetometer__qwen3_4b,qwen3_4b,only_magnetometer,edge,head,head_magnetometer,3640,14560,0,17741,228480,0.1753199999257049,0.19340999974701845,0.009339999905932928,4324,5.4592,10.0,0.0023061333333333333
nymeria,cpu,dense,nymeria__only_magnetometer__qwen3_4b,qwen3_4b,only_magnetometer,edge,observer,observer_magnetometer,3640,14560,0,17741,228480,0.16396000000895583,0.1753179998104315,0.009299999874201603,4324,5.4592,10.0,0.0023061333333333333
nymeria,cpu,dense,nymeria__only_magnetometer__qwen3_4b,qwen3_4b,only_magnetometer,core,core,,27508,110032,0,121649,4461568,0.36921999981132103,0.3811549000602099,0.012070000138919568,,,,
nymeria,cpu,dense,nymeria__only_magnetometer__qwen3_4b,qwen3_4b,only_magnetometer,core,core_language,,4029108736,8071498752,256,,953767313536,1456.824762999986,1456.8868270001076,1.8484920001355931,,,,
nymeria,cpu,dense_tokens,nymeria__only_magnetometer__qwen3_4b,qwen3_4b,only_magnetometer,edge,head,head_magnetometer,6016,24064,0,28729,343680,0.21508999998332,0.2323618998616439,0.008760000127949752,1100,2.88,10.0,0.0005866666666666667
nymeria,cpu,dense_tokens,nymeria__only_magnetometer__qwen3_4b,qwen3_4b,only_magnetometer,edge,observer,observer_magnetometer,6016,24064,0,28729,343680,0.21779000007882132,0.21961699999337725,0.008680000064487103,1100,2.88,10.0,0.0005866666666666667
nymeria,cpu,dense_tokens,nymeria__only_magnetometer__qwen3_4b,qwen3_4b,only_magnetometer,core,core,,27508,110032,0,121649,956416,0.23594000003868132,0.2769440002339252,0.01187999987450894,,,,
nymeria,cpu,dense_tokens,nymeria__only_magnetometer__qwen3_4b,qwen3_4b,only_magnetometer,core,core_language,,4029108736,8071498752,256,,598584731776,1365.3680319998784,1392.2720164000566,0.8584510001128365,,,,
nymeria,cpu,raw,nymeria__only_magnetometer__qwen3_4b,qwen3_4b,only_magnetometer,edge,head,head_magnetometer,0,0,0,0,0,0.0007600001481478103,0.0009670000054029515,0.008900000011635711,524,2.4192,10.0,0.00027946666666666667
nymeria,cpu,raw,nymeria__only_magnetometer__qwen3_4b,qwen3_4b,only_magnetometer,edge,observer,observer_magnetometer,0,0,0,0,0,0.0004899998202745337,0.0006069998107705032,0.008290000096167205,524,2.4192,10.0,0.00027946666666666667
nymeria,cpu,raw,nymeria__only_magnetometer__qwen3_4b,qwen3_4b,only_magnetometer,core,core,,34788,139152,0,156097,4918528,0.817340999674343,1.031873999909294,0.01492000001235283,,,,
nymeria,cpu,raw,nymeria__only_magnetometer__qwen3_4b,qwen3_4b,only_magnetometer,core,core_language,,4029108736,8071498752,256,,953767313536,1456.824762999986,1456.8868270001076,1.7992220000451198,,,,
nymeria,cpu,early_fusion,nymeria__only_magnetometer__qwen3_4b,qwen3_4b,only_magnetometer,edge,head,head_magnetometer,0,0,0,0,0,0.0004899998202745337,0.0007509999250032706,0.008819999948173063,524,2.4192,10.0,0.00027946666666666667
nymeria,cpu,early_fusion,nymeria__only_magnetometer__qwen3_4b,qwen3_4b,only_magnetometer,edge,observer,observer_magnetometer,0,0,0,0,0,0.00047999992602854036,0.0006150001354399137,0.008229999821196543,524,2.4192,10.0,0.00027946666666666667
nymeria,cpu,early_fusion,nymeria__only_magnetometer__qwen3_4b,qwen3_4b,only_magnetometer,core,core,,27844,111376,0,126419,2012416,0.6706200001644902,0.6988539003486949,0.016199999663513154,,,,
nymeria,cpu,early_fusion,nymeria__only_magnetometer__qwen3_4b,qwen3_4b,only_magnetometer,core,core_language,,4029108736,8071498752,256,,716676935808,1399.8039619996234,1405.6795274001615,0.8013100000425766,,,,
nymeria,cpu,late_fusion,nymeria__only_magnetometer__qwen3_4b,qwen3_4b,only_magnetometer,edge,head,head_magnetometer,3970,15880,0,19461,229120,0.16710999989300035,0.181726000027993,0.008310000339406542,88,2.0704,10.0,4.6933333333333333e-05
nymeria,cpu,late_fusion,nymeria__only_magnetometer__qwen3_4b,qwen3_4b,only_magnetometer,edge,observer,observer_magnetometer,3970,15880,0,19461,229120,0.16622100019958452,0.18953909998344898,0.008200000138458563,88,2.0704,10.0,4.6933333333333333e-05
nymeria,cpu,late_fusion,nymeria__only_magnetometer__qwen3_4b,qwen3_4b,only_magnetometer,core,core,,0,0,0,0,0,0.03499000013107434,0.03759999995054386,0.011220000033063116,,,,
nymeria,cpu,late_fusion,nymeria__only_magnetometer__qwen3_4b,qwen3_4b,only_magnetometer,core,core_language,,4022468096,8044936192,256,,605731039488,1367.6060029997643,1369.0499828002885,0.22522099970956333,,,,
nymeria,cpu,local_only,nymeria__only_magnetometer__qwen3_4b,qwen3_4b,only_magnetometer,edge,head,head_magnetometer,3970,15880,0,19461,229120,0.2015599998230755,0.21884899992983264,0.011189999895577785,52,2.0416,10.0,2.7733333333333334e-05
nymeria,cpu,local_only,nymeria__only_magnetometer__qwen3_4b,qwen3_4b,only_magnetometer,edge,observer,observer_magnetometer,3970,15880,0,19461,229120,0.19770000017160783,0.2118119999067858,0.011210000138817122,52,2.0416,10.0,2.7733333333333334e-05
nymeria,cpu,local_only,nymeria__only_magnetometer__qwen3_4b,qwen3_4b,only_magnetometer,core,core,,0,0,0,0,0,0.05161000035514007,0.05889999979444838,0.015169999642239418,,,,
nymeria,cpu,local_only,nymeria__only_magnetometer__qwen3_4b,qwen3_4b,only_magnetometer,core,core_language,,4022468096,8044936192,256,,605731039488,1367.6060029997643,1369.0499828002885,0.2148799999304174,,,,
nymeria,cpu,bottleneck,nymeria__only_magnetometer__qwen3_4b,qwen3_4b,only_magnetometer,edge,head,head_magnetometer,3772,15088,0,18693,236672,0.20631999996112427,0.22187200002008467,0.01207999957841821,684,2.5472,10.0,0.0003648
nymeria,cpu,bottleneck,nymeria__only_magnetometer__qwen3_4b,qwen3_4b,only_magnetometer,edge,observer,observer_magnetometer,3772,15088,0,18693,236672,0.20113000027777161,0.21204789982220973,0.012310000329307513,684,2.5472,10.0,0.0003648
nymeria,cpu,bottleneck,nymeria__only_magnetometer__qwen3_4b,qwen3_4b,only_magnetometer,core,core,,27828,111312,0,124133,4477952,0.3779610001402034,0.4057701003148395,0.01126000006479444,,,,
nymeria,cpu,bottleneck,nymeria__only_magnetometer__qwen3_4b,qwen3_4b,only_magnetometer,core,core_language,,4029108736,8071498752,256,,953767313536,1456.824762999986,1456.8868270001076,1.3912909998907708,,,,
nymeria,cpu,tokenlearner,nymeria__only_magnetometer__qwen3_4b,qwen3_4b,only_magnetometer,edge,head,head_magnetometer,4960,19840,0,23935,327296,0.22570000010091462,0.24242290005531686,0.008429999979853164,1100,2.88,10.0,0.0005866666666666667
nymeria,cpu,tokenlearner,nymeria__only_magnetometer__qwen3_4b,qwen3_4b,only_magnetometer,edge,observer,observer_magnetometer,4960,19840,0,23935,327296,0.22348099992086645,0.23783509996064822,0.008189999789465219,1100,2.88,10.0,0.0005866666666666667
nymeria,cpu,tokenlearner,nymeria__only_magnetometer__qwen3_4b,qwen3_4b,only_magnetometer,core,core,,27508,110032,0,121649,956416,0.2986710001096071,0.31505909992119996,0.011500000255182385,,,,
nymeria,cpu,tokenlearner,nymeria__only_magnetometer__qwen3_4b,qwen3_4b,only_magnetometer,core,core_language,,4029108736,8071498752,256,,598584731776,1365.3680319998784,1392.2720164000566,0.9176700000352866,,,,
nymeria,cpu,posthoc_vq,nymeria__only_magnetometer__qwen3_4b,qwen3_4b,only_magnetometer,edge,head,head_magnetometer,5688,22752,0,26185,294016,0.3105500004494388,0.31621099992662494,0.018289999843545957,196,2.1568,10.0,0.00010453333333333333
nymeria,cpu,posthoc_vq,nymeria__only_magnetometer__qwen3_4b,qwen3_4b,only_magnetometer,edge,observer,observer_magnetometer,5688,22752,0,26185,294016,0.3015500001311011,0.3145288999803597,0.01782000026651076,196,2.1568,10.0,0.00010453333333333333
nymeria,cpu,posthoc_vq,nymeria__only_magnetometer__qwen3_4b,qwen3_4b,only_magnetometer,core,core,,29556,118224,0,130158,4461568,0.31669000009060255,0.3363639999406587,0.01874999998108251,,,,
nymeria,cpu,posthoc_vq,nymeria__only_magnetometer__qwen3_4b,qwen3_4b,only_magnetometer,core,core_language,,4029108736,8071498752,256,,953767313536,1456.824762999986,1456.8868270001076,1.3094410001031065,,,,
nymeria,cpu,joint_vq,nymeria__only_magnetometer__qwen3_4b,qwen3_4b,only_magnetometer,edge,head,head_magnetometer,8064,32256,0,37174,360064,0.32793999980640365,0.3448509998179361,0.012399999832268804,82,2.0656,10.0,4.373333333333333e-05
nymeria,cpu,joint_vq,nymeria__only_magnetometer__qwen3_4b,qwen3_4b,only_magnetometer,edge,observer,observer_magnetometer,8064,32256,0,37174,360064,0.32696099970053183,0.3406941001685482,0.012619999779417412,82,2.0656,10.0,4.373333333333333e-05
nymeria,cpu,joint_vq,nymeria__only_magnetometer__qwen3_4b,qwen3_4b,only_magnetometer,core,core,,29556,118224,0,130158,956416,0.337039999976696,0.35540000021683227,0.017610000213608146,,,,
nymeria,cpu,joint_vq,nymeria__only_magnetometer__qwen3_4b,qwen3_4b,only_magnetometer,core,core_language,,4029108736,8071498752,256,,598584731776,1365.3680319998784,1392.2720164000566,0.5243609998615284,,,,
nymeria,cpu,deepconvlstm,nymeria__only_magnetometer__qwen3_4b,qwen3_4b,only_magnetometer,edge,head,head_magnetometer,0,0,0,0,0,0.00047999992602854036,0.000813000087873661,0.008519999937561806,524,2.4192,10.0,0.00027946666666666667
nymeria,cpu,deepconvlstm,nymeria__only_magnetometer__qwen3_4b,qwen3_4b,only_magnetometer,edge,observer,observer_magnetometer,0,0,0,0,0,0.0005199999577598646,0.0005470000814966625,0.008129999969241908,524,2.4192,10.0,0.00027946666666666667
nymeria,cpu,deepconvlstm,nymeria__only_magnetometer__qwen3_4b,qwen3_4b,only_magnetometer,core,core,,33722,134888,0,143061,2096000,0.45910000017101993,0.4858129000695044,0.011789999916800298,,,,
nymeria,cpu,deepconvlstm,nymeria__only_magnetometer__qwen3_4b,qwen3_4b,only_magnetometer,core,core_language,,4029108736,8071498752,256,,716676935808,1399.8039619996234,1405.6795274001615,1.2047410000377567,,,,
nymeria,cpu,unrestricted_bank,nymeria__only_magnetometer__qwen3_4b,qwen3_4b,only_magnetometer,edge,head,head_magnetometer,8128,32512,0,37683,376448,0.25608099986129673,0.2657460999671457,0.012830000287067378,82,2.0656,10.0,4.373333333333333e-05
nymeria,cpu,unrestricted_bank,nymeria__only_magnetometer__qwen3_4b,qwen3_4b,only_magnetometer,edge,observer,observer_magnetometer,8128,32512,0,37683,376448,0.2445909999551077,0.2624101001856616,0.012580000202433439,82,2.0656,10.0,4.373333333333333e-05
nymeria,cpu,unrestricted_bank,nymeria__only_magnetometer__qwen3_4b,qwen3_4b,only_magnetometer,core,core,,29556,118224,0,130158,956416,0.3022900000360096,0.3333768999254971,0.01762100009727874,,,,
nymeria,cpu,unrestricted_bank,nymeria__only_magnetometer__qwen3_4b,qwen3_4b,only_magnetometer,core,core_language,,4029108736,8071498752,256,,598584731776,1365.3680319998784,1392.2720164000566,0.8280609999928856,,,,
nymeria,cpu,separate_banks,nymeria__only_magnetometer__qwen3_4b,qwen3_4b,only_magnetometer,edge,head,head_magnetometer,7072,28288,0,33459,360064,0.2587599997241341,0.2797390000978339,0.01750999990690616,82,2.0656,10.0,4.373333333333333e-05
nymeria,cpu,separate_banks,nymeria__only_magnetometer__qwen3_4b,qwen3_4b,only_magnetometer,edge,observer,observer_magnetometer,7072,28288,0,33459,360064,0.2554999996391416,0.2729779997935111,0.017910000224219402,82,2.0656,10.0,4.373333333333333e-05
nymeria,cpu,separate_banks,nymeria__only_magnetometer__qwen3_4b,qwen3_4b,only_magnetometer,core,core,,29556,118224,0,130475,956416,0.2860810000129277,0.5663760997322242,0.017419999949197518,,,,
nymeria,cpu,separate_banks,nymeria__only_magnetometer__qwen3_4b,qwen3_4b,only_magnetometer,core,core_language,,4029108736,8071498752,256,,598584731776,1365.3680319998784,1392.2720164000566,0.8483309998155164,,,,
nymeria,cpu,fixed_resampling,nymeria__only_magnetometer__qwen3_4b,qwen3_4b,only_magnetometer,edge,head,head_magnetometer,7072,28288,0,33459,358912,0.1660100001572573,0.18129200020666758,0.012909999895782676,82,2.0656,10.0,4.373333333333333e-05
nymeria,cpu,fixed_resampling,nymeria__only_magnetometer__qwen3_4b,qwen3_4b,only_magnetometer,edge,observer,observer_magnetometer,7072,28288,0,33459,358912,0.16567000011491473,0.1778110002305766,0.012619999779417412,82,2.0656,10.0,4.373333333333333e-05
nymeria,cpu,fixed_resampling,nymeria__only_magnetometer__qwen3_4b,qwen3_4b,only_magnetometer,core,core,,29556,118224,0,130158,956416,0.33329999996567494,0.36716789991260157,0.017719999959808774,,,,
nymeria,cpu,fixed_resampling,nymeria__only_magnetometer__qwen3_4b,qwen3_4b,only_magnetometer,core,core_language,,4029108736,8071498752,256,,598584731776,1365.3680319998784,1392.2720164000566,0.8313410003211175,,,,
nymeria,cpu,finetune_encoders,nymeria__only_magnetometer__qwen3_4b,qwen3_4b,only_magnetometer,edge,head,head_magnetometer,7072,28288,0,33459,360064,0.21087999994051643,0.21888999995098857,0.012559999959194101,82,2.0656,10.0,4.373333333333333e-05
nymeria,cpu,finetune_encoders,nymeria__only_magnetometer__qwen3_4b,qwen3_4b,only_magnetometer,edge,observer,observer_magnetometer,7072,28288,0,33459,360064,0.2052599998023652,0.22716600019521138,0.012590000096679432,82,2.0656,10.0,4.373333333333333e-05
nymeria,cpu,finetune_encoders,nymeria__only_magnetometer__qwen3_4b,qwen3_4b,only_magnetometer,core,core,,29556,118224,0,130158,956416,0.2666209998096747,0.28948009994564927,0.01740000016070553,,,,
nymeria,cpu,finetune_encoders,nymeria__only_magnetometer__qwen3_4b,qwen3_4b,only_magnetometer,core,core_language,,4029108736,8071498752,256,,598584731776,1365.3680319998784,1392.2720164000566,0.8184100001926709,,,,
nymeria,cpu,no_alignment,nymeria__only_magnetometer__qwen3_4b,qwen3_4b,only_magnetometer,edge,head,head_magnetometer,7072,28288,0,33459,360064,0.2520310004001658,0.2681310999832931,0.017589999970368808,82,2.0656,10.0,4.373333333333333e-05
nymeria,cpu,no_alignment,nymeria__only_magnetometer__qwen3_4b,qwen3_4b,only_magnetometer,edge,observer,observer_magnetometer,7072,28288,0,33459,360064,0.24972000028355978,0.26492999986658106,0.0175999998646148,82,2.0656,10.0,4.373333333333333e-05
nymeria,cpu,no_alignment,nymeria__only_magnetometer__qwen3_4b,qwen3_4b,only_magnetometer,core,core,,29556,118224,0,130158,956416,0.34273000028406386,0.3581118996862642,0.024850000045262277,,,,
nymeria,cpu,no_alignment,nymeria__only_magnetometer__qwen3_4b,qwen3_4b,only_magnetometer,core,core_language,,4029108736,8071498752,256,,598584731776,1365.3680319998784,1392.2720164000566,0.7624810000379512,,,,
nymeria,cpu,no_usage,nymeria__only_magnetometer__qwen3_4b,qwen3_4b,only_magnetometer,edge,head,head_magnetometer,7072,28288,0,33459,360064,0.2044799998657254,0.2181149997340981,0.012959999821759993,82,2.0656,10.0,4.373333333333333e-05
nymeria,cpu,no_usage,nymeria__only_magnetometer__qwen3_4b,qwen3_4b,only_magnetometer,edge,observer,observer_magnetometer,7072,28288,0,33459,360064,0.21701000014218153,0.21705589965677063,0.012680000054388074,82,2.0656,10.0,4.373333333333333e-05
nymeria,cpu,no_usage,nymeria__only_magnetometer__qwen3_4b,qwen3_4b,only_magnetometer,core,core,,29556,118224,0,130158,956416,0.2668299998731527,0.28952800007573387,0.017590999959793407,,,,
nymeria,cpu,no_usage,nymeria__only_magnetometer__qwen3_4b,qwen3_4b,only_magnetometer,core,core_language,,4029108736,8071498752,256,,598584731776,1365.3680319998784,1392.2720164000566,0.5132209998919279,,,,
nymeria,cpu,tcn,nymeria__only_magnetometer__qwen3_4b,qwen3_4b,only_magnetometer,edge,head,head_magnetometer,0,0,0,0,0,0.0004900002750218846,0.0007510003797506215,0.0085299998318078,524,2.4192,10.0,0.00027946666666666667
nymeria,cpu,tcn,nymeria__only_magnetometer__qwen3_4b,qwen3_4b,only_magnetometer,edge,observer,observer_magnetometer,0,0,0,0,0,0.000499999714520527,0.0007160002951422939,0.008059999800025253,524,2.4192,10.0,0.00027946666666666667
nymeria,cpu,tcn,nymeria__only_magnetometer__qwen3_4b,qwen3_4b,only_magnetometer,core,core,,13700,54800,0,64457,826368,0.5551210001613072,0.5771250999259792,0.01599000006535789,,,,
nymeria,cpu,tcn,nymeria__only_magnetometer__qwen3_4b,qwen3_4b,only_magnetometer,core,core_language,,4029108736,8071498752,256,,716676935808,1399.8039619996234,1405.6795274001615,1.1867009998240974,,,,
nymeria,cpu,ts_transformer,nymeria__only_magnetometer__qwen3_4b,qwen3_4b,only_magnetometer,edge,head,head_magnetometer,0,0,0,0,0,0.0004899998202745337,0.0008050001724768663,0.008369999704882503,524,2.4192,10.0,0.00027946666666666667
nymeria,cpu,ts_transformer,nymeria__only_magnetometer__qwen3_4b,qwen3_4b,only_magnetometer,edge,observer,observer_magnetometer,0,0,0,0,0,0.0005199999577598646,0.000655000167171238,0.008160000106727239,524,2.4192,10.0,0.00027946666666666667
nymeria,cpu,ts_transformer,nymeria__only_magnetometer__qwen3_4b,qwen3_4b,only_magnetometer,core,core,,26564,106256,0,119461,1874944,0.5845800001225143,0.6127148997165932,0.015999999959603883,,,,
nymeria,cpu,ts_transformer,nymeria__only_magnetometer__qwen3_4b,qwen3_4b,only_magnetometer,core,core_language,,4029108736,8071498752,256,,716676935808,1399.8039619996234,1405.6795274001615,1.133800999923551,,,,
nymeria,cpu,patchtst,nymeria__only_magnetometer__qwen3_4b,qwen3_4b,only_magnetometer,edge,head,head_magnetometer,0,0,0,0,0,0.00047999992602854036,0.0007320001259358833,0.008600000001024455,524,2.4192,10.0,0.00027946666666666667
nymeria,cpu,patchtst,nymeria__only_magnetometer__qwen3_4b,qwen3_4b,only_magnetometer,edge,observer,observer_magnetometer,0,0,0,0,0,0.00047999992602854036,0.0006329999450827017,0.008199999683711212,524,2.4192,10.0,0.00027946666666666667
nymeria,cpu,patchtst,nymeria__only_magnetometer__qwen3_4b,qwen3_4b,only_magnetometer,core,core,,26564,106256,0,119461,2168704,0.6529899997076427,0.6721518996528175,0.016850000065460335,,,,
nymeria,cpu,patchtst,nymeria__only_magnetometer__qwen3_4b,qwen3_4b,only_magnetometer,core,core_language,,4029108736,8071498752,256,,532290577408,1347.337074999814,1349.1339267999138,0.4520800002865144,,,,
nymeria,cpu,distrixsense,nymeria__only_pointcloud__qwen3_4b,qwen3_4b,only_pointcloud,edge,scene,pointcloud,8692,34768,0,39859,462592,0.22016999992047204,0.2386560000559257,0.013010000202484662,81,2.0648,10.0,4.32e-05
nymeria,cpu,distrixsense,nymeria__only_pointcloud__qwen3_4b,qwen3_4b,only_pointcloud,core,core,,28468,113872,0,125806,486848,0.29084000016155187,0.30652700002065103,0.010120999831997324,,,,
nymeria,cpu,distrixsense,nymeria__only_pointcloud__qwen3_4b,qwen3_4b,only_pointcloud,core,core_language,,4029108736,8071498752,256,,524957000576,1347.9546459998346,1350.2324046997728,0.6367099999806669,,,,
nymeria,cpu,dense,nymeria__only_pointcloud__qwen3_4b,qwen3_4b,only_pointcloud,edge,scene,pointcloud,5260,21040,0,24141,331008,0.15295999992304132,0.16250000012405508,0.012370000149530824,4324,5.4592,10.0,0.0023061333333333333
nymeria,cpu,dense,nymeria__only_pointcloud__qwen3_4b,qwen3_4b,only_pointcloud,core,core,,27444,109776,0,121393,1993664,0.26204999994661193,0.28501800015874323,0.008849999630911043,,,,
nymeria,cpu,dense,nymeria__only_pointcloud__qwen3_4b,qwen3_4b,only_pointcloud,core,core_language,,4029108736,8071498752,256,,701925437312,1385.2588899999319,1389.6424876003493,1.1763500001507055,,,,
nymeria,cpu,dense_tokens,nymeria__only_pointcloud__qwen3_4b,qwen3_4b,only_pointcloud,edge,scene,pointcloud,7636,30544,0,35129,446208,0.2106000001731445,0.22217400014596933,0.011829999948531622,1100,2.88,10.0,0.0005866666666666667
nymeria,cpu,dense_tokens,nymeria__only_pointcloud__qwen3_4b,qwen3_4b,only_pointcloud,core,core,,27444,109776,0,121393,486848,0.24639999992359662,0.26989990024048893,0.008789999810687732,,,,
nymeria,cpu,dense_tokens,nymeria__only_pointcloud__qwen3_4b,qwen3_4b,only_pointcloud,core,core_language,,4029108736,8071498752,256,,524957000576,1347.9546459998346,1350.2324046997728,0.8285009998871828,,,,
nymeria,cpu,raw,nymeria__only_pointcloud__qwen3_4b,qwen3_4b,only_pointcloud,edge,scene,pointcloud,0,0,0,0,0,0.00046000013753655367,0.0007839999852876645,0.00793999970483128,96,2.0768,10.0,5.12e-05
nymeria,cpu,raw,nymeria__only_pointcloud__qwen3_4b,qwen3_4b,only_pointcloud,core,core,,32704,130816,0,144985,2324672,0.4872810000051686,0.5060270998455962,0.00821999992695055,,,,
nymeria,cpu,raw,nymeria__only_pointcloud__qwen3_4b,qwen3_4b,only_pointcloud,core,core_language,,4029108736,8071498752,256,,701925437312,1385.2588899999319,1389.6424876003493,0.6975309997869772,,,,
nymeria,cpu,early_fusion,nymeria__only_pointcloud__qwen3_4b,qwen3_4b,only_pointcloud,edge,scene,pointcloud,0,0,0,0,0,0.0004599996827892028,0.0007299996923393337,0.008299999990413198,96,2.0768,10.0,5.12e-05
nymeria,cpu,early_fusion,nymeria__only_pointcloud__qwen3_4b,qwen3_4b,only_pointcloud,core,core,,28096,112384,0,125855,2031808,0.39602000015293015,0.41165390016431047,0.006069999926694436,,,,
nymeria,cpu,early_fusion,nymeria__only_pointcloud__qwen3_4b,qwen3_4b,only_pointcloud,core,core_language,,4029108736,8071498752,256,,701925437312,1385.2588899999319,1389.6424876003493,1.1071200001424586,,,,
nymeria,cpu,late_fusion,nymeria__only_pointcloud__qwen3_4b,qwen3_4b,only_pointcloud,edge,scene,pointcloud,5590,22360,0,25861,331648,0.17140999989351258,0.1787000001513661,0.011560000075405696,88,2.0704,10.0,4.6933333333333333e-05
nymeria,cpu,late_fusion,nymeria__only_pointcloud__qwen3_4b,qwen3_4b,only_pointcloud,core,core,,0,0,0,0,0,0.032049999845185084,0.03797199983637256,0.008139999863487901,,,,
nymeria,cpu,late_fusion,nymeria__only_pointcloud__qwen3_4b,qwen3_4b,only_pointcloud,core,core_language,,4022468096,8044936192,256,,591014930432,1376.2016709997624,1382.8183062999415,0.20731999984491267,,,,
nymeria,cpu,local_only,nymeria__only_pointcloud__qwen3_4b,qwen3_4b,only_pointcloud,edge,scene,pointcloud,5590,22360,0,25861,331648,0.17195999998875777,0.18793500007632247,0.011170000107085798,52,2.0416,10.0,2.7733333333333334e-05
nymeria,cpu,local_only,nymeria__only_pointcloud__qwen3_4b,qwen3_4b,only_pointcloud,core,core,,0,0,0,0,0,0.0390099999094673,0.05052099972999713,0.008029999662539922,,,,
nymeria,cpu,local_only,nymeria__only_pointcloud__qwen3_4b,qwen3_4b,only_pointcloud,core,core_language,,4022468096,8044936192,256,,591014930432,1376.2016709997624,1382.8183062999415,0.18972099996972247,,,,
nymeria,cpu,bottleneck,nymeria__only_pointcloud__qwen3_4b,qwen3_4b,only_pointcloud,edge,scene,pointcloud,5392,21568,0,25093,339200,0.15972000028341427,0.1743449999139557,0.008999999863590347,684,2.5472,10.0,0.0003648
nymeria,cpu,bottleneck,nymeria__only_pointcloud__qwen3_4b,qwen3_4b,only_pointcloud,core,core,,27604,110416,0,122603,2001856,0.28522000002340064,0.3013479997207469,0.006259999736357713,,,,
nymeria,cpu,bottleneck,nymeria__only_pointcloud__qwen3_4b,qwen3_4b,only_pointcloud,core,core_language,,4029108736,8071498752,256,,701925437312,1385.2588899999319,1389.6424876003493,1.1621909998211777,,,,
nymeria,cpu,tokenlearner,nymeria__only_pointcloud__qwen3_4b,qwen3_4b,only_pointcloud,edge,scene,pointcloud,6580,26320,0,30335,429824,0.20661999997173552,0.21980500009703974,0.013249999938125256,1100,2.88,10.0,0.0005866666666666667
nymeria,cpu,tokenlearner,nymeria__only_pointcloud__qwen3_4b,qwen3_4b,only_pointcloud,core,core,,27444,109776,0,121393,486848,0.24411999993390054,0.2643348997935391,0.00850000014906982,,,,
nymeria,cpu,tokenlearner,nymeria__only_pointcloud__qwen3_4b,qwen3_4b,only_pointcloud,core,core_language,,4029108736,8071498752,256,,524957000576,1347.9546459998346,1350.2324046997728,0.400429999899643,,,,
nymeria,cpu,posthoc_vq,nymeria__only_pointcloud__qwen3_4b,qwen3_4b,only_pointcloud,edge,scene,pointcloud,6284,25136,0,28489,396544,0.21042000025772722,0.22364100000231701,0.013330000001587905,192,2.1536,10.0,0.0001024
nymeria,cpu,posthoc_vq,nymeria__only_pointcloud__qwen3_4b,qwen3_4b,only_pointcloud,core,core,,28468,113872,0,125806,1993664,0.26304999983040034,0.26348289975430816,0.01036000003296067,,,,
nymeria,cpu,posthoc_vq,nymeria__only_pointcloud__qwen3_4b,qwen3_4b,only_pointcloud,core,core_language,,4029108736,8071498752,256,,701925437312,1385.2588899999319,1389.6424876003493,0.6935100000191596,,,,
nymeria,cpu,joint_vq,nymeria__only_pointcloud__qwen3_4b,qwen3_4b,only_pointcloud,edge,scene,pointcloud,8660,34640,0,39478,462592,0.2464500003043213,0.26216399987788463,0.01306000012846198,81,2.0648,10.0,4.32e-05
nymeria,cpu,joint_vq,nymeria__only_pointcloud__qwen3_4b,qwen3_4b,only_pointcloud,core,core,,28468,113872,0,125806,486848,0.23019000036583748,0.2557409998644289,0.01022000014927471,,,,
nymeria,cpu,joint_vq,nymeria__only_pointcloud__qwen3_4b,qwen3_4b,only_pointcloud,core,core_language,,4029108736,8071498752,256,,524957000576,1347.9546459998346,1350.2324046997728,0.4090699999323988,,,,
nymeria,cpu,deepconvlstm,nymeria__only_pointcloud__qwen3_4b,qwen3_4b,only_pointcloud,edge,scene,pointcloud,0,0,0,0,0,0.0005100000635138713,0.0008250000064435881,0.008229999821196543,96,2.0768,10.0,5.12e-05
nymeria,cpu,deepconvlstm,nymeria__only_pointcloud__qwen3_4b,qwen3_4b,only_pointcloud,core,core,,34838,139352,0,146081,2166656,0.3011899998455192,0.320747000114352,0.006190000021888409,,,,
nymeria,cpu,deepconvlstm,nymeria__only_pointcloud__qwen3_4b,qwen3_4b,only_pointcloud,core,core_language,,4029108736,8071498752,256,,701925437312,1385.2588899999319,1389.6424876003493,0.6856300001345517,,,,
nymeria,cpu,unrestricted_bank,nymeria__only_pointcloud__qwen3_4b,qwen3_4b,only_pointcloud,edge,scene,pointcloud,8692,34768,0,39859,462592,0.17892100004246458,0.19764910007324943,0.012400000287016155,81,2.0648,10.0,4.32e-05
nymeria,cpu,unrestricted_bank,nymeria__only_pointcloud__qwen3_4b,qwen3_4b,only_pointcloud,core,core,,28468,113872,0,125806,486848,0.20072000006621238,0.2250739999453799,0.00996999960989342,,,,
nymeria,cpu,unrestricted_bank,nymeria__only_pointcloud__qwen3_4b,qwen3_4b,only_pointcloud,core,core_language,,4029108736,8071498752,256,,524957000576,1347.9546459998346,1350.2324046997728,0.40469000032317126,,,,
nymeria,cpu,separate_banks,nymeria__only_pointcloud__qwen3_4b,qwen3_4b,only_pointcloud,edge,scene,pointcloud,8692,34768,0,39859,462592,0.1780299999154522,0.19122399994557782,0.012879999758297345,81,2.0648,10.0,4.32e-05
nymeria,cpu,separate_banks,nymeria__only_pointcloud__qwen3_4b,qwen3_4b,only_pointcloud,core,core,,28468,113872,0,125806,486848,0.23927999973238911,0.260421899611174,0.010010000096372096,,,,
nymeria,cpu,separate_banks,nymeria__only_pointcloud__qwen3_4b,qwen3_4b,only_pointcloud,core,core_language,,4029108736,8071498752,256,,524957000576,1347.9546459998346,1350.2324046997728,0.39988000025914516,,,,
nymeria,cpu,fixed_resampling,nymeria__only_pointcloud__qwen3_4b,qwen3_4b,only_pointcloud,edge,scene,pointcloud,8692,34768,0,39859,451072,0.10742000040409039,0.12319700012994872,0.012360000255284831,81,2.0648,10.0,4.32e-05
nymeria,cpu,fixed_resampling,nymeria__only_pointcloud__qwen3_4b,qwen3_4b,only_pointcloud,core,core,,28468,113872,0,125806,486848,0.2264499999000691,0.2493909999884636,0.009839999620453455,,,,
nymeria,cpu,fixed_resampling,nymeria__only_pointcloud__qwen3_4b,qwen3_4b,only_pointcloud,core,core_language,,4029108736,8071498752,256,,524957000576,1347.9546459998346,1350.2324046997728,0.4015300000901334,,,,
nymeria,cpu,finetune_encoders,nymeria__only_pointcloud__qwen3_4b,qwen3_4b,only_pointcloud,edge,scene,pointcloud,8692,34768,0,39859,462592,0.17466000008425908,0.19008600024790212,0.012659999811148737,81,2.0648,10.0,4.32e-05
nymeria,cpu,finetune_encoders,nymeria__only_pointcloud__qwen3_4b,qwen3_4b,only_pointcloud,core,core,,28468,113872,0,125806,486848,0.23118999979487853,0.2492710001206433,0.009979999958886765,,,,
nymeria,cpu,finetune_encoders,nymeria__only_pointcloud__qwen3_4b,qwen3_4b,only_pointcloud,core,core_language,,4029108736,8071498752,256,,524957000576,1347.9546459998346,1350.2324046997728,0.3980699998464843,,,,
nymeria,cpu,no_alignment,nymeria__only_pointcloud__qwen3_4b,qwen3_4b,only_pointcloud,edge,scene,pointcloud,8692,34768,0,39859,462592,0.17550100028529414,0.18877509987760277,0.01250000013897079,81,2.0648,10.0,4.32e-05
nymeria,cpu,no_alignment,nymeria__only_pointcloud__qwen3_4b,qwen3_4b,only_pointcloud,core,core,,28468,113872,0,125806,486848,0.22741099974155077,0.24913610000112385,0.00971000008576084,,,,
nymeria,cpu,no_alignment,nymeria__only_pointcloud__qwen3_4b,qwen3_4b,only_pointcloud,core,core_language,,4029108736,8071498752,256,,524957000576,1347.9546459998346,1350.2324046997728,0.41328999986944837,,,,
nymeria,cpu,no_usage,nymeria__only_pointcloud__qwen3_4b,qwen3_4b,only_pointcloud,edge,scene,pointcloud,8692,34768,0,39859,462592,0.17520000028525828,0.1905719997921551,0.012789999800588703,81,2.0648,10.0,4.32e-05
nymeria,cpu,no_usage,nymeria__only_pointcloud__qwen3_4b,qwen3_4b,only_pointcloud,core,core,,28468,113872,0,125806,486848,0.22583999998460058,0.2486999997017847,0.009919999683916103,,,,
nymeria,cpu,no_usage,nymeria__only_pointcloud__qwen3_4b,qwen3_4b,only_pointcloud,core,core_language,,4029108736,8071498752,256,,524957000576,1347.9546459998346,1350.2324046997728,0.4067200002282334,,,,
nymeria,cpu,tcn,nymeria__only_pointcloud__qwen3_4b,qwen3_4b,only_pointcloud,edge,scene,pointcloud,0,0,0,0,0,0.0005699998837371822,0.0008309999884659192,0.008199999683711212,96,2.0768,10.0,5.12e-05
nymeria,cpu,tcn,nymeria__only_pointcloud__qwen3_4b,qwen3_4b,only_pointcloud,core,core,,13984,55936,0,64149,845760,0.3144699999211298,0.3385089998573676,0.00610999995842576,,,,
nymeria,cpu,tcn,nymeria__only_pointcloud__qwen3_4b,qwen3_4b,only_pointcloud,core,core_language,,4029108736,8071498752,256,,701925437312,1385.2588899999319,1389.6424876003493,0.6856810000499536,,,,
nymeria,cpu,ts_transformer,nymeria__only_pointcloud__qwen3_4b,qwen3_4b,only_pointcloud,edge,scene,pointcloud,0,0,0,0,0,0.000529999852005858,0.0008900001375877764,0.00796999984231661,96,2.0768,10.0,5.12e-05
nymeria,cpu,ts_transformer,nymeria__only_pointcloud__qwen3_4b,qwen3_4b,only_pointcloud,core,core,,26848,107392,0,119089,1894336,0.35693999961949885,0.37113390012564196,0.00610999995842576,,,,
nymeria,cpu,ts_transformer,nymeria__only_pointcloud__qwen3_4b,qwen3_4b,only_pointcloud,core,core_language,,4029108736,8071498752,256,,701925437312,1385.2588899999319,1389.6424876003493,0.6884409999656782,,,,
nymeria,cpu,patchtst,nymeria__only_pointcloud__qwen3_4b,qwen3_4b,only_pointcloud,edge,scene,pointcloud,0,0,0,0,0,0.000470000031782547,0.0007939998795336578,0.00821999992695055,96,2.0768,10.0,5.12e-05
nymeria,cpu,patchtst,nymeria__only_pointcloud__qwen3_4b,qwen3_4b,only_pointcloud,core,core,,26688,106752,0,118449,4339008,0.4365409999991243,0.4597330998876714,0.006199999916134402,,,,
nymeria,cpu,patchtst,nymeria__only_pointcloud__qwen3_4b,qwen3_4b,only_pointcloud,core,core_language,,4029108736,8071498752,256,,517598061312,1346.553424999911,1346.8643029999384,0.40804999980537104,,,,
nymeria,cpu,distrixsense,nymeria__only_rgb__qwen3_4b,qwen3_4b,only_rgb,edge,head,head_rgb,75112,300448,0,305459,4690432,0.24183999994420446,0.25316200012639456,0.012699999842880061,83,2.0664,10.0,4.426666666666667e-05
nymeria,cpu,distrixsense,nymeria__only_rgb__qwen3_4b,qwen3_4b,only_rgb,edge,left_wrist,left_wrist_rgb,75112,300448,0,305459,4690432,0.23299000031329342,0.24280089969579421,0.012619999779417412,83,2.0664,10.0,4.426666666666667e-05
nymeria,cpu,distrixsense,nymeria__only_rgb__qwen3_4b,qwen3_4b,only_rgb,edge,observer,observer_rgb,75112,300448,0,305459,4690432,0.23726000017632032,0.24771800008238642,0.012579999747686088,83,2.0664,10.0,4.426666666666667e-05
nymeria,cpu,distrixsense,nymeria__only_rgb__qwen3_4b,qwen3_4b,only_rgb,edge,right_wrist,right_wrist_rgb,75112,300448,0,305459,4690432,0.2310700001544319,0.24182589977499447,0.012240000160090858,83,2.0664,10.0,4.426666666666667e-05
nymeria,cpu,distrixsense,nymeria__only_rgb__qwen3_4b,qwen3_4b,only_rgb,core,core,,31732,126928,0,138862,1993856,0.35356099988348433,0.3682120996472804,0.03491000006761169,,,,
nymeria,cpu,distrixsense,nymeria__only_rgb__qwen3_4b,qwen3_4b,only_rgb,core,core_language,,4029108736,8071498752,256,,746194088576,1471.5968470000007,1481.481690100236,0.7999099998414749,,,,
nymeria,cpu,dense,nymeria__only_rgb__qwen3_4b,qwen3_4b,only_rgb,edge,head,head_rgb,71680,286720,0,289741,4558848,0.23129000010158052,0.24791300029392005,0.012569999853440095,4324,5.4592,10.0,0.0023061333333333333
nymeria,cpu,dense,nymeria__only_rgb__qwen3_4b,qwen3_4b,only_rgb,edge,left_wrist,left_wrist_rgb,71680,286720,0,289741,4558848,0.23072000021784334,0.23529200016128016,0.01250000013897079,4324,5.4592,10.0,0.0023061333333333333
nymeria,cpu,dense,nymeria__only_rgb__qwen3_4b,qwen3_4b,only_rgb,edge,observer,observer_rgb,71680,286720,0,289741,4558848,0.21483000000444008,0.22526189977725153,0.01261000033991877,4324,5.4592,10.0,0.0023061333333333333
nymeria,cpu,dense,nymeria__only_rgb__qwen3_4b,qwen3_4b,only_rgb,edge,right_wrist,right_wrist_rgb,71680,286720,0,289741,4558848,0.21663000006810762,0.2303280000887753,0.012259999948582845,4324,5.4592,10.0,0.0023061333333333333
nymeria,cpu,dense,nymeria__only_rgb__qwen3_4b,qwen3_4b,only_rgb,core,core,,27636,110544,0,122161,10970240,0.5323300001691678,0.5452008999327518,0.0341999998454412,,,,
nymeria,cpu,dense,nymeria__only_rgb__qwen3_4b,qwen3_4b,only_rgb,core,core_language,,4029108736,8071498752,256,,1461542085248,1620.0472999998965,1624.5891625997047,1.9468720001896145,,,,
nymeria,cpu,dense_tokens,nymeria__only_rgb__qwen3_4b,qwen3_4b,only_rgb,edge,head,head_rgb,74056,296224,0,300729,4674048,0.239440999848739,0.25821409981290344,0.008649999927001772,1100,2.88,10.0,0.0005866666666666667
nymeria,cpu,dense_tokens,nymeria__only_rgb__qwen3_4b,qwen3_4b,only_rgb,edge,left_wrist,left_wrist_rgb,74056,296224,0,300729,4674048,0.2282299997204973,0.24561800000810763,0.010010000096372096,1100,2.88,10.0,0.0005866666666666667
nymeria,cpu,dense_tokens,nymeria__only_rgb__qwen3_4b,qwen3_4b,only_rgb,edge,observer,observer_rgb,74056,296224,0,300729,4674048,0.2264409999952477,0.24847209988365648,0.008349999916390516,1100,2.88,10.0,0.0005866666666666667
nymeria,cpu,dense_tokens,nymeria__only_rgb__qwen3_4b,qwen3_4b,only_rgb,edge,right_wrist,right_wrist_rgb,74056,296224,0,300729,4674048,0.2237799999420531,0.23963800003912183,0.008440000328846509,1100,2.88,10.0,0.0005866666666666667
nymeria,cpu,dense_tokens,nymeria__only_rgb__qwen3_4b,qwen3_4b,only_rgb,core,core,,27636,110544,0,122161,1993856,0.2895510001508228,0.31559610015392536,0.024130000383593142,,,,
nymeria,cpu,dense_tokens,nymeria__only_rgb__qwen3_4b,qwen3_4b,only_rgb,core,core_language,,4029108736,8071498752,256,,746194088576,1471.5968470000007,1481.481690100236,1.2486310001804668,,,,
nymeria,cpu,raw,nymeria__only_rgb__qwen3_4b,qwen3_4b,only_rgb,edge,head,head_rgb,0,0,0,0,0,0.0005000001692678779,0.0008059997981035849,0.013039999885222642,70840,58.672,10.0,0.03778133333333333
nymeria,cpu,raw,nymeria__only_rgb__qwen3_4b,qwen3_4b,only_rgb,edge,left_wrist,left_wrist_rgb,0,0,0,0,0,0.0005199999577598646,0.0006279996341618244,0.010409999958937988,23624,20.8992,10.0,0.012599466666666666
nymeria,cpu,raw,nymeria__only_rgb__qwen3_4b,qwen3_4b,only_rgb,edge,observer,observer_rgb,0,0,0,0,0,0.0004599996827892028,0.0005499999588209903,0.012309999874560162,70840,58.672,10.0,0.03778133333333333
nymeria,cpu,raw,nymeria__only_rgb__qwen3_4b,qwen3_4b,only_rgb,edge,right_wrist,right_wrist_rgb,0,0,0,0,0,0.0004599996827892028,0.0005499999588209903,0.010600000223348616,23624,20.8992,10.0,0.012599466666666666
nymeria,cpu,raw,nymeria__only_rgb__qwen3_4b,qwen3_4b,only_rgb,core,core,,314356,1257424,0,1278929,29205632,1.0821910000231583,1.1050960000829946,0.03023999988727155,,,,
nymeria,cpu,raw,nymeria__only_rgb__qwen3_4b,qwen3_4b,only_rgb,core,core_language,,4029108736,8071498752,256,,1461542085248,1620.0472999998965,1624.5891625997047,1.8691610002861125,,,,
nymeria,cpu,early_fusion,nymeria__only_rgb__qwen3_4b,qwen3_4b,only_rgb,edge,head,head_rgb,0,0,0,0,0,0.0005099996087665204,0.0007529999038524693,0.013330000001587905,70840,58.672,10.0,0.03778133333333333
nymeria,cpu,early_fusion,nymeria__only_rgb__qwen3_4b,qwen3_4b,only_rgb,edge,left_wrist,left_wrist_rgb,0,0,0,0,0,0.0005099996087665204,0.0005909999799769139,0.01036000003296067,23624,20.8992,10.0,0.012599466666666666
nymeria,cpu,early_fusion,nymeria__only_rgb__qwen3_4b,qwen3_4b,only_rgb,edge,observer,observer_rgb,0,0,0,0,0,0.000470000031782547,0.0006140001460153144,0.01281000004382804,70840,58.672,10.0,0.03778133333333333
nymeria,cpu,early_fusion,nymeria__only_rgb__qwen3_4b,qwen3_4b,only_rgb,edge,right_wrist,right_wrist_rgb,0,0,0,0,0,0.000470000031782547,0.0005870000222785166,0.010440000096423319,23624,20.8992,10.0,0.012599466666666666
nymeria,cpu,early_fusion,nymeria__only_rgb__qwen3_4b,qwen3_4b,only_rgb,core,core,,203668,814672,0,831803,13159552,0.8297110002786212,0.8583039999393804,0.030780000088270754,,,,
nymeria,cpu,early_fusion,nymeria__only_rgb__qwen3_4b,qwen3_4b,only_rgb,core,core_language,,4029108736,8071498752,256,,746194088576,1471.5968470000007,1481.481690100236,0.717960000201856,,,,
nymeria,cpu,late_fusion,nymeria__only_rgb__qwen3_4b,qwen3_4b,only_rgb,edge,head,head_rgb,72010,288040,0,291461,4559488,0.190520000160177,0.20551489997160388,0.008200000138458563,88,2.0704,10.0,4.6933333333333333e-05
nymeria,cpu,late_fusion,nymeria__only_rgb__qwen3_4b,qwen3_4b,only_rgb,edge,left_wrist,left_wrist_rgb,72010,288040,0,291461,4559488,0.18236999994769576,0.1936748999014526,0.007959999948070617,88,2.0704,10.0,4.6933333333333333e-05
nymeria,cpu,late_fusion,nymeria__only_rgb__qwen3_4b,qwen3_4b,only_rgb,edge,observer,observer_rgb,72010,288040,0,291461,4559488,0.18790000012813834,0.19944699997722637,0.007999999979801942,88,2.0704,10.0,4.6933333333333333e-05
nymeria,cpu,late_fusion,nymeria__only_rgb__qwen3_4b,qwen3_4b,only_rgb,edge,right_wrist,right_wrist_rgb,72010,288040,0,291461,4559488,0.18625999973664875,0.19492699975671712,0.007720000212430023,88,2.0704,10.0,4.6933333333333333e-05
nymeria,cpu,late_fusion,nymeria__only_rgb__qwen3_4b,qwen3_4b,only_rgb,core,core,,0,0,0,0,0,0.040809999973134836,0.04683099973590288,0.02294000023539411,,,,
nymeria,cpu,late_fusion,nymeria__only_rgb__qwen3_4b,qwen3_4b,only_rgb,core,core_language,,4022468096,8044936192,256,,635177413376,1415.5933170000026,1478.5708547999093,0.2148700000361714,,,,
nymeria,cpu,local_only,nymeria__only_rgb__qwen3_4b,qwen3_4b,only_rgb,edge,head,head_rgb,72010,288040,0,291461,4559488,0.2046399999926507,0.23092989986253087,0.007840000307623995,52,2.0416,10.0,2.7733333333333334e-05
nymeria,cpu,local_only,nymeria__only_rgb__qwen3_4b,qwen3_4b,only_rgb,edge,left_wrist,left_wrist_rgb,72010,288040,0,291461,4559488,0.20919000007779687,0.2887680003823334,0.007759999789413996,52,2.0416,10.0,2.7733333333333334e-05
nymeria,cpu,local_only,nymeria__only_rgb__qwen3_4b,qwen3_4b,only_rgb,edge,observer,observer_rgb,72010,288040,0,291461,4559488,0.20023000024593784,0.2038209999227547,0.007780000032653334,52,2.0416,10.0,2.7733333333333334e-05
nymeria,cpu,local_only,nymeria__only_rgb__qwen3_4b,qwen3_4b,only_rgb,edge,right_wrist,right_wrist_rgb,72010,288040,0,291461,4559488,0.18890000001192675,0.20704490007119603,0.007869999990361976,52,2.0416,10.0,2.7733333333333334e-05
nymeria,cpu,local_only,nymeria__only_rgb__qwen3_4b,qwen3_4b,only_rgb,core,core,,0,0,0,0,0,0.05581999994319631,0.06376699980137346,0.022849999822938116,,,,
nymeria,cpu,local_only,nymeria__only_rgb__qwen3_4b,qwen3_4b,only_rgb,core,core_language,,4022468096,8044936192,256,,635177413376,1415.5933170000026,1478.5708547999093,0.18395999995846068,,,,
nymeria,cpu,bottleneck,nymeria__only_rgb__qwen3_4b,qwen3_4b,only_rgb,edge,head,head_rgb,71812,287248,0,290693,4567040,0.19815099994957563,0.21026409995101858,0.00855999996929313,684,2.5472,10.0,0.0003648
nymeria,cpu,bottleneck,nymeria__only_rgb__qwen3_4b,qwen3_4b,only_rgb,edge,left_wrist,left_wrist_rgb,71812,287248,0,290693,4567040,0.19327100017108023,0.20251310024832492,0.008790000265435083,684,2.5472,10.0,0.0003648
nymeria,cpu,bottleneck,nymeria__only_rgb__qwen3_4b,qwen3_4b,only_rgb,edge,observer,observer_rgb,71812,287248,0,290693,4567040,0.20438000001377077,0.20870000016657286,0.008649999927001772,684,2.5472,10.0,0.0003648
nymeria,cpu,bottleneck,nymeria__only_rgb__qwen3_4b,qwen3_4b,only_rgb,edge,right_wrist,right_wrist_rgb,71812,287248,0,290693,4567040,0.19287999975858838,0.2115549999416544,0.008649999927001772,684,2.5472,10.0,0.0003648
nymeria,cpu,bottleneck,nymeria__only_rgb__qwen3_4b,qwen3_4b,only_rgb,core,core,,28276,113104,0,127129,11003008,0.3903410001839802,0.41983309974966687,0.0239599999076745,,,,
nymeria,cpu,bottleneck,nymeria__only_rgb__qwen3_4b,qwen3_4b,only_rgb,core,core_language,,4029108736,8071498752,256,,1461542085248,1620.0472999998965,1624.5891625997047,1.8784819999382307,,,,
nymeria,cpu,tokenlearner,nymeria__only_rgb__qwen3_4b,qwen3_4b,only_rgb,edge,head,head_rgb,73000,292000,0,295935,4657664,0.24121099977492122,0.24211010008912126,0.00825000006443588,1100,2.88,10.0,0.0005866666666666667
nymeria,cpu,tokenlearner,nymeria__only_rgb__qwen3_4b,qwen3_4b,only_rgb,edge,left_wrist,left_wrist_rgb,73000,292000,0,295935,4657664,0.22551999973075,0.2330088999315194,0.00821999992695055,1100,2.88,10.0,0.0005866666666666667
nymeria,cpu,tokenlearner,nymeria__only_rgb__qwen3_4b,qwen3_4b,only_rgb,edge,observer,observer_rgb,73000,292000,0,295935,4657664,0.22002000014254008,0.2404949997071526,0.008319999778905185,1100,2.88,10.0,0.0005866666666666667
nymeria,cpu,tokenlearner,nymeria__only_rgb__qwen3_4b,qwen3_4b,only_rgb,edge,right_wrist,right_wrist_rgb,73000,292000,0,295935,4657664,0.22906000003786176,0.23807799962014542,0.008319999778905185,1100,2.88,10.0,0.0005866666666666667
nymeria,cpu,tokenlearner,nymeria__only_rgb__qwen3_4b,qwen3_4b,only_rgb,core,core,,27636,110544,0,122161,1993856,0.3088410003329045,0.3763310999602254,0.023460999727831222,,,,
nymeria,cpu,tokenlearner,nymeria__only_rgb__qwen3_4b,qwen3_4b,only_rgb,core,core_language,,4029108736,8071498752,256,,746194088576,1471.5968470000007,1481.481690100236,0.7316609999179491,,,,
nymeria,cpu,posthoc_vq,nymeria__only_rgb__qwen3_4b,qwen3_4b,only_rgb,edge,head,head_rgb,75776,303104,0,306377,4624384,0.2897210001719941,0.29396809986792505,0.013360000139073236,200,2.16,10.0,0.00010666666666666667
nymeria,cpu,posthoc_vq,nymeria__only_rgb__qwen3_4b,qwen3_4b,only_rgb,edge,left_wrist,left_wrist_rgb,75776,303104,0,306377,4624384,0.28311999994912185,0.29133699981684913,0.01306000012846198,200,2.16,10.0,0.00010666666666666667
nymeria,cpu,posthoc_vq,nymeria__only_rgb__qwen3_4b,qwen3_4b,only_rgb,edge,observer,observer_rgb,75776,303104,0,306377,4624384,0.2855909997379058,0.2904411000145046,0.013220000255387276,200,2.16,10.0,0.00010666666666666667
nymeria,cpu,posthoc_vq,nymeria__only_rgb__qwen3_4b,qwen3_4b,only_rgb,edge,right_wrist,right_wrist_rgb,75776,303104,0,306377,4624384,0.2806900001814938,0.29005090023019875,0.012850000075559365,200,2.16,10.0,0.00010666666666666667
nymeria,cpu,posthoc_vq,nymeria__only_rgb__qwen3_4b,qwen3_4b,only_rgb,core,core,,31732,126928,0,138862,10970240,0.44742999989466625,0.4814139998416067,0.03626999978223466,,,,
nymeria,cpu,posthoc_vq,nymeria__only_rgb__qwen3_4b,qwen3_4b,only_rgb,core,core_language,,4029108736,8071498752,256,,1461542085248,1620.0472999998965,1624.5891625997047,3.1153330000961432,,,,
nymeria,cpu,joint_vq,nymeria__only_rgb__qwen3_4b,qwen3_4b,only_rgb,edge,head,head_rgb,78152,312608,0,317366,4690432,0.3410500003155903,0.38692390016876743,0.012689999948634068,83,2.0664,10.0,4.426666666666667e-05
nymeria,cpu,joint_vq,nymeria__only_rgb__qwen3_4b,qwen3_4b,only_rgb,edge,left_wrist,left_wrist_rgb,78152,312608,0,317366,4690432,0.3130309996777214,0.3304541000034078,0.01267000016014208,83,2.0664,10.0,4.426666666666667e-05
nymeria,cpu,joint_vq,nymeria__only_rgb__qwen3_4b,qwen3_4b,only_rgb,edge,observer,observer_rgb,78152,312608,0,317366,4690432,0.3217900002709939,0.32790189989100327,0.012510000033216784,83,2.0664,10.0,4.426666666666667e-05
nymeria,cpu,joint_vq,nymeria__only_rgb__qwen3_4b,qwen3_4b,only_rgb,edge,right_wrist,right_wrist_rgb,78152,312608,0,317366,4690432,0.3120299998045084,0.32750189989201317,0.012840000181313371,83,2.0664,10.0,4.426666666666667e-05
nymeria,cpu,joint_vq,nymeria__only_rgb__qwen3_4b,qwen3_4b,only_rgb,core,core,,31732,126928,0,138862,1993856,0.4000310000265017,0.42028009993373416,0.035909999951400096,,,,
nymeria,cpu,joint_vq,nymeria__only_rgb__qwen3_4b,qwen3_4b,only_rgb,core,core_language,,4029108736,8071498752,256,,746194088576,1471.5968470000007,1481.481690100236,0.7901710000624007,,,,
nymeria,cpu,deepconvlstm,nymeria__only_rgb__qwen3_4b,qwen3_4b,only_rgb,edge,head,head_rgb,0,0,0,0,0,0.00046000013753655367,0.0006579996806976851,0.015220000022964086,70840,58.672,10.0,0.03778133333333333
nymeria,cpu,deepconvlstm,nymeria__only_rgb__qwen3_4b,qwen3_4b,only_rgb,edge,left_wrist,left_wrist_rgb,0,0,0,0,0,0.00044999978854320943,0.0006569996457983507,0.011019999874406494,23624,20.8992,10.0,0.012599466666666666
nymeria,cpu,deepconvlstm,nymeria__only_rgb__qwen3_4b,qwen3_4b,only_rgb,edge,observer,observer_rgb,0,0,0,0,0,0.0004500002432905603,0.000549000014871126,0.014889999874867499,70840,58.672,10.0,0.03778133333333333
nymeria,cpu,deepconvlstm,nymeria__only_rgb__qwen3_4b,qwen3_4b,only_rgb,edge,right_wrist,right_wrist_rgb,0,0,0,0,0,0.00044999978854320943,0.0005310001597536029,0.012799999694834696,23624,20.8992,10.0,0.012599466666666666
nymeria,cpu,deepconvlstm,nymeria__only_rgb__qwen3_4b,qwen3_4b,only_rgb,core,core,,306890,1227560,0,1237693,19481216,0.7860209998398204,0.8554550997814658,0.029039999844826525,,,,
nymeria,cpu,deepconvlstm,nymeria__only_rgb__qwen3_4b,qwen3_4b,only_rgb,core,core_language,,4029108736,8071498752,256,,746194088576,1471.5968470000007,1481.481690100236,0.7081399999151472,,,,
nymeria,cpu,unrestricted_bank,nymeria__only_rgb__qwen3_4b,qwen3_4b,only_rgb,edge,head,head_rgb,78280,313120,0,318131,4739584,0.2424999997856503,0.2542368996728328,0.012479999895731453,83,2.0664,10.0,4.426666666666667e-05
nymeria,cpu,unrestricted_bank,nymeria__only_rgb__qwen3_4b,qwen3_4b,only_rgb,edge,left_wrist,left_wrist_rgb,78280,313120,0,318131,4739584,0.24505999999746564,0.2468150002641778,0.012719999631372048,83,2.0664,10.0,4.426666666666667e-05
nymeria,cpu,unrestricted_bank,nymeria__only_rgb__qwen3_4b,qwen3_4b,only_rgb,edge,observer,observer_rgb,78280,313120,0,318131,4739584,0.24066000014499878,0.24486389988851442,0.012380000043776818,83,2.0664,10.0,4.426666666666667e-05
nymeria,cpu,unrestricted_bank,nymeria__only_rgb__qwen3_4b,qwen3_4b,only_rgb,edge,right_wrist,right_wrist_rgb,78280,313120,0,318131,4739584,0.23934000000735978,0.24477599981764797,0.012519999927462777,83,2.0664,10.0,4.426666666666667e-05
nymeria,cpu,unrestricted_bank,nymeria__only_rgb__qwen3_4b,qwen3_4b,only_rgb,core,core,,31732,126928,0,138862,1993856,0.30231999971874757,0.3278439999121474,0.03483000000414904,,,,
nymeria,cpu,unrestricted_bank,nymeria__only_rgb__qwen3_4b,qwen3_4b,only_rgb,core,core_language,,4029108736,8071498752,256,,746194088576,1471.5968470000007,1481.481690100236,0.7202209999377374,,,,
nymeria,cpu,separate_banks,nymeria__only_rgb__qwen3_4b,qwen3_4b,only_rgb,edge,head,head_rgb,75112,300448,0,305459,4690432,0.23941999961607507,0.2561419999892678,0.01247000000148546,83,2.0664,10.0,4.426666666666667e-05
nymeria,cpu,separate_banks,nymeria__only_rgb__qwen3_4b,qwen3_4b,only_rgb,edge,left_wrist,left_wrist_rgb,75112,300448,0,305459,4690432,0.2388999996583152,0.34674790017561463,0.01275000022360473,83,2.0664,10.0,4.426666666666667e-05
nymeria,cpu,separate_banks,nymeria__only_rgb__qwen3_4b,qwen3_4b,only_rgb,edge,observer,observer_rgb,75112,300448,0,305459,4690432,0.2507399999558402,0.3036158998384053,0.012819999938074034,83,2.0664,10.0,4.426666666666667e-05
nymeria,cpu,separate_banks,nymeria__only_rgb__qwen3_4b,qwen3_4b,only_rgb,edge,right_wrist,right_wrist_rgb,75112,300448,0,305459,4690432,0.2323099997738609,0.24492800016560068,0.012690999938058667,83,2.0664,10.0,4.426666666666667e-05
nymeria,cpu,separate_banks,nymeria__only_rgb__qwen3_4b,qwen3_4b,only_rgb,core,core,,31732,126928,0,139749,1993856,0.36678999958894565,0.37940889997116756,0.03580999964469811,,,,
nymeria,cpu,separate_banks,nymeria__only_rgb__qwen3_4b,qwen3_4b,only_rgb,core,core_language,,4029108736,8071498752,256,,746194088576,1471.5968470000007,1481.481690100236,1.1454909999883967,,,,
nymeria,cpu,fixed_resampling,nymeria__only_rgb__qwen3_4b,qwen3_4b,only_rgb,edge,head,head_rgb,75112,300448,0,305459,2294272,0.15343999984906986,0.16824500003167486,0.01629999997021514,83,2.0664,10.0,4.426666666666667e-05
nymeria,cpu,fixed_resampling,nymeria__only_rgb__qwen3_4b,qwen3_4b,only_rgb,edge,left_wrist,left_wrist_rgb,75112,300448,0,305459,2294272,0.15205999989120755,0.1646960000925901,0.012870000318798702,83,2.0664,10.0,4.426666666666667e-05
nymeria,cpu,fixed_resampling,nymeria__only_rgb__qwen3_4b,qwen3_4b,only_rgb,edge,observer,observer_rgb,75112,300448,0,305459,2294272,0.15155000028244103,0.16284589992210385,0.012909999895782676,83,2.0664,10.0,4.426666666666667e-05
nymeria,cpu,fixed_resampling,nymeria__only_rgb__qwen3_4b,qwen3_4b,only_rgb,edge,right_wrist,right_wrist_rgb,75112,300448,0,305459,2294272,0.1493700001446996,0.16306800016536727,0.012959999821759993,83,2.0664,10.0,4.426666666666667e-05
nymeria,cpu,fixed_resampling,nymeria__only_rgb__qwen3_4b,qwen3_4b,only_rgb,core,core,,31732,126928,0,138862,1993856,0.3718299999491137,0.39738100026625034,0.035940000088885427,,,,
nymeria,cpu,fixed_resampling,nymeria__only_rgb__qwen3_4b,qwen3_4b,only_rgb,core,core_language,,4029108736,8071498752,256,,746194088576,1471.5968470000007,1481.481690100236,0.7055599999148399,,,,
nymeria,cpu,finetune_encoders,nymeria__only_rgb__qwen3_4b,qwen3_4b,only_rgb,edge,head,head_rgb,75112,300448,0,305459,4690432,0.23772000031385687,0.25547789996380743,0.012599999990925426,83,2.0664,10.0,4.426666666666667e-05
nymeria,cpu,finetune_encoders,nymeria__only_rgb__qwen3_4b,qwen3_4b,only_rgb,edge,left_wrist,left_wrist_rgb,75112,300448,0,305459,4690432,0.23129100009100512,0.24813809995976044,0.012689999948634068,83,2.0664,10.0,4.426666666666667e-05
nymeria,cpu,finetune_encoders,nymeria__only_rgb__qwen3_4b,qwen3_4b,only_rgb,edge,observer,observer_rgb,75112,300448,0,305459,4690432,0.23381999972116319,0.2474009997513349,0.013209999906393932,83,2.0664,10.0,4.426666666666667e-05
nymeria,cpu,finetune_encoders,nymeria__only_rgb__qwen3_4b,qwen3_4b,only_rgb,edge,right_wrist,right_wrist_rgb,75112,300448,0,305459,4690432,0.24559100029364345,0.28119409989812993,0.01283999972656602,83,2.0664,10.0,4.426666666666667e-05
nymeria,cpu,finetune_encoders,nymeria__only_rgb__qwen3_4b,qwen3_4b,only_rgb,core,core,,31732,126928,0,138862,1993856,0.35743099988394533,0.37191109981904447,0.03491000006761169,,,,
nymeria,cpu,finetune_encoders,nymeria__only_rgb__qwen3_4b,qwen3_4b,only_rgb,core,core_language,,4029108736,8071498752,256,,746194088576,1471.5968470000007,1481.481690100236,1.124360999710916,,,,
nymeria,cpu,no_alignment,nymeria__only_rgb__qwen3_4b,qwen3_4b,only_rgb,edge,head,head_rgb,75112,300448,0,305459,4690432,0.2874199999496341,0.30622100002801744,0.01767999992807745,83,2.0664,10.0,4.426666666666667e-05
nymeria,cpu,no_alignment,nymeria__only_rgb__qwen3_4b,qwen3_4b,only_rgb,edge,left_wrist,left_wrist_rgb,75112,300448,0,305459,4690432,0.28788100007659523,0.3076531001170224,0.017750000097294105,83,2.0664,10.0,4.426666666666667e-05
nymeria,cpu,no_alignment,nymeria__only_rgb__qwen3_4b,qwen3_4b,only_rgb,edge,observer,observer_rgb,75112,300448,0,305459,4690432,0.28736000012941076,0.30309290032164427,0.017630000002100132,83,2.0664,10.0,4.426666666666667e-05
nymeria,cpu,no_alignment,nymeria__only_rgb__qwen3_4b,qwen3_4b,only_rgb,edge,right_wrist,right_wrist_rgb,75112,300448,0,305459,4690432,0.2662899996721535,0.2831650000644004,0.012869999864051351,83,2.0664,10.0,4.426666666666667e-05
nymeria,cpu,no_alignment,nymeria__only_rgb__qwen3_4b,qwen3_4b,only_rgb,core,core,,31732,126928,0,138862,1993856,0.4083999997419596,0.42135189987675403,0.03624000009949668,,,,
nymeria,cpu,no_alignment,nymeria__only_rgb__qwen3_4b,qwen3_4b,only_rgb,core,core_language,,4029108736,8071498752,256,,746194088576,1471.5968470000007,1481.481690100236,1.2479309998525423,,,,
nymeria,cpu,no_usage,nymeria__only_rgb__qwen3_4b,qwen3_4b,only_rgb,edge,head,head_rgb,75112,300448,0,305459,4690432,0.2398299998276343,0.2602330001536757,0.012540000170702115,83,2.0664,10.0,4.426666666666667e-05
nymeria,cpu,no_usage,nymeria__only_rgb__qwen3_4b,qwen3_4b,only_rgb,edge,left_wrist,left_wrist_rgb,75112,300448,0,305459,4690432,0.23694999981671572,0.25036899992301187,0.012770000012096716,83,2.0664,10.0,4.426666666666667e-05
nymeria,cpu,no_usage,nymeria__only_rgb__qwen3_4b,qwen3_4b,only_rgb,edge,observer,observer_rgb,75112,300448,0,305459,4690432,0.2474500001881097,0.25359789983667724,0.012940000033268007,83,2.0664,10.0,4.426666666666667e-05
nymeria,cpu,no_usage,nymeria__only_rgb__qwen3_4b,qwen3_4b,only_rgb,edge,right_wrist,right_wrist_rgb,75112,300448,0,305459,4690432,0.2426400001240836,0.25140599991573254,0.012689999948634068,83,2.0664,10.0,4.426666666666667e-05
nymeria,cpu,no_usage,nymeria__only_rgb__qwen3_4b,qwen3_4b,only_rgb,core,core,,31732,126928,0,138862,1993856,0.34877999996751896,0.3762840000945289,0.03586999991966877,,,,
nymeria,cpu,no_usage,nymeria__only_rgb__qwen3_4b,qwen3_4b,only_rgb,core,core_language,,4029108736,8071498752,256,,746194088576,1471.5968470000007,1481.481690100236,1.0779709996313613,,,,
nymeria,cpu,tcn,nymeria__only_rgb__qwen3_4b,qwen3_4b,only_rgb,edge,head,head_rgb,0,0,0,0,0,0.0005200004125072155,0.0007989999176061247,0.015220000022964086,70840,58.672,10.0,0.03778133333333333
nymeria,cpu,tcn,nymeria__only_rgb__qwen3_4b,qwen3_4b,only_rgb,edge,left_wrist,left_wrist_rgb,0,0,0,0,0,0.00047999992602854036,0.0005880000117031159,0.01131999988501775,23624,20.8992,10.0,0.012599466666666666
nymeria,cpu,tcn,nymeria__only_rgb__qwen3_4b,qwen3_4b,only_rgb,edge,observer,observer_rgb,0,0,0,0,0,0.0005199999577598646,0.0005830001100548543,0.014549999832524918,70840,58.672,10.0,0.03778133333333333
nymeria,cpu,tcn,nymeria__only_rgb__qwen3_4b,qwen3_4b,only_rgb,edge,right_wrist,right_wrist_rgb,0,0,0,0,0,0.00043000000005122274,0.0005469999905471923,0.010300000212737359,23624,20.8992,10.0,0.012599466666666666
nymeria,cpu,tcn,nymeria__only_rgb__qwen3_4b,qwen3_4b,only_rgb,core,core,,189460,757840,0,769585,11973504,0.7534809997196135,0.787924000132989,0.030310000056488207,,,,
nymeria,cpu,tcn,nymeria__only_rgb__qwen3_4b,qwen3_4b,only_rgb,core,core_language,,4029108736,8071498752,256,,746194088576,1471.5968470000007,1481.481690100236,0.7965010004227224,,,,
nymeria,cpu,ts_transformer,nymeria__only_rgb__qwen3_4b,qwen3_4b,only_rgb,edge,head,head_rgb,0,0,0,0,0,0.00046000013753655367,0.0007750000804662704,0.01325999983237125,70840,58.672,10.0,0.03778133333333333
nymeria,cpu,ts_transformer,nymeria__only_rgb__qwen3_4b,qwen3_4b,only_rgb,edge,left_wrist,left_wrist_rgb,0,0,0,0,0,0.0004000003173132427,0.0005440000222733943,0.010900000233959872,23624,20.8992,10.0,0.012599466666666666
nymeria,cpu,ts_transformer,nymeria__only_rgb__qwen3_4b,qwen3_4b,only_rgb,edge,observer,observer_rgb,0,0,0,0,0,0.00043000000005122274,0.0005649998001899803,0.012760000117850723,70840,58.672,10.0,0.03778133333333333
nymeria,cpu,ts_transformer,nymeria__only_rgb__qwen3_4b,qwen3_4b,only_rgb,edge,right_wrist,right_wrist_rgb,0,0,0,0,0,0.00043000000005122274,0.0005469999905471923,0.010060000022349413,23624,20.8992,10.0,0.012599466666666666
nymeria,cpu,ts_transformer,nymeria__only_rgb__qwen3_4b,qwen3_4b,only_rgb,core,core,,202324,809296,0,824589,13022080,0.7849710000300547,0.8069300998613471,0.029849999918951653,,,,
nymeria,cpu,ts_transformer,nymeria__only_rgb__qwen3_4b,qwen3_4b,only_rgb,core,core_language,,4029108736,8071498752,256,,746194088576,1471.5968470000007,1481.481690100236,1.1925509998036432,,,,
nymeria,cpu,patchtst,nymeria__only_rgb__qwen3_4b,qwen3_4b,only_rgb,edge,head,head_rgb,0,0,0,0,0,0.0005799997779831756,0.000723999892215943,0.013389999821811216,70840,58.672,10.0,0.03778133333333333
nymeria,cpu,patchtst,nymeria__only_rgb__qwen3_4b,qwen3_4b,only_rgb,edge,left_wrist,left_wrist_rgb,0,0,0,0,0,0.00044999978854320943,0.000566999779039179,0.010940000265691197,23624,20.8992,10.0,0.012599466666666666
nymeria,cpu,patchtst,nymeria__only_rgb__qwen3_4b,qwen3_4b,only_rgb,edge,observer,observer_rgb,0,0,0,0,0,0.0004199996510578785,0.0005459999556478579,0.012789999800588703,70840,58.672,10.0,0.03778133333333333
nymeria,cpu,patchtst,nymeria__only_rgb__qwen3_4b,qwen3_4b,only_rgb,edge,right_wrist,right_wrist_rgb,0,0,0,0,0,0.00041000021155923605,0.0005270002020552056,0.010379999821452657,23624,20.8992,10.0,0.012599466666666666
nymeria,cpu,patchtst,nymeria__only_rgb__qwen3_4b,qwen3_4b,only_rgb,core,core,,177876,711504,0,726797,286217472,2.1494319998964784,2.3167509997165325,0.030579999929614132,,,,
nymeria,cpu,patchtst,nymeria__only_rgb__qwen3_4b,qwen3_4b,only_rgb,core,core_language,,4029108736,8071498752,256,,561689765376,1359.199905999958,1361.6130157001407,0.5339300000741787,,,,
nymeria,cpu,distrixsense,nymeria__only_slam__qwen3_4b,qwen3_4b,only_slam,edge,head,"head_slam_left,head_slam_right",42448,169792,0,179075,2515968,0.5129209998813167,0.5172850999770162,0.03272000003562425,168,2.1344,10.0,8.96e-05
nymeria,cpu,distrixsense,nymeria__only_slam__qwen3_4b,qwen3_4b,only_slam,edge,left_wrist,"left_wrist_slam_left,left_wrist_slam_right",42448,169792,0,179075,2515968,0.5361300000004121,0.5459219999920606,0.02269000015076017,168,2.1344,10.0,8.96e-05
nymeria,cpu,distrixsense,nymeria__only_slam__qwen3_4b,qwen3_4b,only_slam,edge,observer,"observer_slam_left,observer_slam_right",42448,169792,0,179075,2515968,0.4920500000480388,0.5130020002980018,0.023019999844109407,168,2.1344,10.0,8.96e-05
nymeria,cpu,distrixsense,nymeria__only_slam__qwen3_4b,qwen3_4b,only_slam,edge,right_wrist,"right_wrist_slam_left,right_wrist_slam_right",42448,169792,0,179075,2515968,0.488499999846681,0.507849999848986,0.022849999822938116,168,2.1344,10.0,8.96e-05
nymeria,cpu,distrixsense,nymeria__only_slam__qwen3_4b,qwen3_4b,only_slam,core,core,,36084,144336,0,156270,4461952,0.6234799998310336,0.657851900177775,0.06936999989193282,,,,
nymeria,cpu,distrixsense,nymeria__only_slam__qwen3_4b,qwen3_4b,only_slam,core,core_language,,4029108736,8071498752,256,,1042828379776,1485.6694889999744,1485.9385439998732,1.2057610001647845,,,,
nymeria,cpu,dense,nymeria__only_slam__qwen3_4b,qwen3_4b,only_slam,edge,head,"head_slam_left,head_slam_right",35584,142336,0,147443,2252800,0.2879199996641546,0.30362499974216917,0.01649999967412441,8648,8.9184,10.0,0.004612266666666667
nymeria,cpu,dense,nymeria__only_slam__qwen3_4b,qwen3_4b,only_slam,edge,left_wrist,"left_wrist_slam_left,left_wrist_slam_right",35584,142336,0,147443,2252800,0.27790000012828386,0.28964499992980564,0.016600000435573747,8648,8.9184,10.0,0.004612266666666667
nymeria,cpu,dense,nymeria__only_slam__qwen3_4b,qwen3_4b,only_slam,edge,observer,"observer_slam_left,observer_slam_right",35584,142336,0,147443,2252800,0.2857599997696525,0.2922849999322352,0.016789999790489674,8648,8.9184,10.0,0.004612266666666667
nymeria,cpu,dense,nymeria__only_slam__qwen3_4b,qwen3_4b,only_slam,edge,right_wrist,"right_wrist_slam_left,right_wrist_slam_right",35584,142336,0,147443,2252800,0.2872909999496187,0.29250110010252683,0.01641000017116312,8648,8.9184,10.0,0.004612266666666667
nymeria,cpu,dense,nymeria__only_slam__qwen3_4b,qwen3_4b,only_slam,core,core,,27892,111568,0,123185,30279040,0.6946610001250519,0.7211830999949598,0.04921999970974866,,,,
nymeria,cpu,dense,nymeria__only_slam__qwen3_4b,qwen3_4b,only_slam,core,core_language,,4029108736,8071498752,256,,2493455705728,2218.463024999892,2268.918284099982,3.428222999900754,,,,
nymeria,cpu,dense_tokens,nymeria__only_slam__qwen3_4b,qwen3_4b,only_slam,edge,head,"head_slam_left,head_slam_right",40336,161344,0,169551,2483200,0.561290000405279,0.7642048999059625,0.015670000266254647,2200,3.76,10.0,0.0011733333333333333
nymeria,cpu,dense_tokens,nymeria__only_slam__qwen3_4b,qwen3_4b,only_slam,edge,left_wrist,"left_wrist_slam_left,left_wrist_slam_right",40336,161344,0,169551,2483200,0.47347100007755216,0.49514210008965165,0.015830000393179944,2200,3.76,10.0,0.0011733333333333333
nymeria,cpu,dense_tokens,nymeria__only_slam__qwen3_4b,qwen3_4b,only_slam,edge,observer,"observer_slam_left,observer_slam_right",40336,161344,0,169551,2483200,0.47034099998199963,0.47674810016360425,0.015869999970163917,2200,3.76,10.0,0.0011733333333333333
nymeria,cpu,dense_tokens,nymeria__only_slam__qwen3_4b,qwen3_4b,only_slam,edge,right_wrist,"right_wrist_slam_left,right_wrist_slam_right",40336,161344,0,169551,2483200,0.4617800000232819,0.48486500022590917,0.015809999695193255,2200,3.76,10.0,0.0011733333333333333
nymeria,cpu,dense_tokens,nymeria__only_slam__qwen3_4b,qwen3_4b,only_slam,core,core,,27892,111568,0,123185,4461952,0.5458699997689109,0.5620249999992666,0.048269999751937576,,,,
nymeria,cpu,dense_tokens,nymeria__only_slam__qwen3_4b,qwen3_4b,only_slam,core,core_language,,4029108736,8071498752,256,,1042828379776,1485.6694889999744,1485.9385439998732,1.8357009998908325,,,,
nymeria,cpu,raw,nymeria__only_slam__qwen3_4b,qwen3_4b,only_slam,edge,head,"head_slam_left,head_slam_right",0,0,0,0,0,0.0006300001587078441,0.0009089996638067532,0.02235000010841759,47728,40.1824,10.0,0.025454933333333332
nymeria,cpu,raw,nymeria__only_slam__qwen3_4b,qwen3_4b,only_slam,edge,left_wrist,"left_wrist_slam_left,left_wrist_slam_right",0,0,0,0,0,0.0005599999894911889,0.0007040001037239563,0.020360000235086773,31848,27.4784,10.0,0.0169856
nymeria,cpu,raw,nymeria__only_slam__qwen3_4b,qwen3_4b,only_slam,edge,observer,"observer_slam_left,observer_slam_right",0,0,0,0,0,0.0005799997779831756,0.000714999987394549,0.021860000288143056,47728,40.1824,10.0,0.025454933333333332
nymeria,cpu,raw,nymeria__only_slam__qwen3_4b,qwen3_4b,only_slam,edge,right_wrist,"right_wrist_slam_left,right_wrist_slam_right",0,0,0,0,0,0.0005500000952451956,0.0006399999620043673,0.018980000277224462,31848,27.4784,10.0,0.0169856
nymeria,cpu,raw,nymeria__only_slam__qwen3_4b,qwen3_4b,only_slam,core,core,,170228,680912,0,712691,39290240,1.8795010000758339,1.9726158996490994,0.055869999869173625,,,,
nymeria,cpu,raw,nymeria__only_slam__qwen3_4b,qwen3_4b,only_slam,core,core_language,,4029108736,8071498752,256,,2493455705728,2218.463024999892,2268.918284099982,3.5302740002407518,,,,
nymeria,cpu,early_fusion,nymeria__only_slam__qwen3_4b,qwen3_4b,only_slam,edge,head,"head_slam_left,head_slam_right",0,0,0,0,0,0.0006000000212225132,0.0008250000973930582,0.020840000161115313,47728,40.1824,10.0,0.025454933333333332
nymeria,cpu,early_fusion,nymeria__only_slam__qwen3_4b,qwen3_4b,only_slam,edge,left_wrist,"left_wrist_slam_left,left_wrist_slam_right",0,0,0,0,0,0.0005599999894911889,0.0007130000085453503,0.019099999917671084,31848,27.4784,10.0,0.0169856
nymeria,cpu,early_fusion,nymeria__only_slam__qwen3_4b,qwen3_4b,only_slam,edge,observer,"observer_slam_left,observer_slam_right",0,0,0,0,0,0.0005199999577598646,0.0006910001957294298,0.020339999991847435,47728,40.1824,10.0,0.025454933333333332
nymeria,cpu,early_fusion,nymeria__only_slam__qwen3_4b,qwen3_4b,only_slam,edge,right_wrist,"right_wrist_slam_left,right_wrist_slam_right",0,0,0,0,0,0.0005500000952451956,0.000720999923942145,0.018850000287784496,31848,27.4784,10.0,0.0169856
nymeria,cpu,early_fusion,nymeria__only_slam__qwen3_4b,qwen3_4b,only_slam,core,core,,79892,319568,0,341899,5254528,1.2710220003100403,1.3104051000482286,0.05486000009113923,,,,
nymeria,cpu,early_fusion,nymeria__only_slam__qwen3_4b,qwen3_4b,only_slam,core,core_language,,4029108736,8071498752,256,,805285017216,1414.1451949999464,1426.2181117998807,1.1975309998888406,,,,
nymeria,cpu,late_fusion,nymeria__only_slam__qwen3_4b,qwen3_4b,only_slam,edge,head,"head_slam_left,head_slam_right",36244,144976,0,151015,2254080,0.4112600004191336,0.4334549002123822,0.02206999988629832,176,2.1408,10.0,9.386666666666667e-05
nymeria,cpu,late_fusion,nymeria__only_slam__qwen3_4b,qwen3_4b,only_slam,edge,left_wrist,"left_wrist_slam_left,left_wrist_slam_right",36244,144976,0,151015,2254080,0.40703000013309065,0.432085999955234,0.022470000203611562,176,2.1408,10.0,9.386666666666667e-05
nymeria,cpu,late_fusion,nymeria__only_slam__qwen3_4b,qwen3_4b,only_slam,edge,observer,"observer_slam_left,observer_slam_right",36244,144976,0,151015,2254080,0.4122109999116219,0.4133441002068139,0.021830000150657725,176,2.1408,10.0,9.386666666666667e-05
nymeria,cpu,late_fusion,nymeria__only_slam__qwen3_4b,qwen3_4b,only_slam,edge,right_wrist,"right_wrist_slam_left,right_wrist_slam_right",36244,144976,0,151015,2254080,0.5236500001046807,0.7822929000212753,0.014829999599896837,176,2.1408,10.0,9.386666666666667e-05
nymeria,cpu,late_fusion,nymeria__only_slam__qwen3_4b,qwen3_4b,only_slam,core,core,,0,0,0,0,0,0.06376999999702093,0.07040300024527824,0.048349999815400224,,,,
nymeria,cpu,late_fusion,nymeria__only_slam__qwen3_4b,qwen3_4b,only_slam,core,core_language,,4022468096,8044936192,256,,694126784256,1393.7711469998249,1403.171250099831,0.2242399996248423,,,,
nymeria,cpu,local_only,nymeria__only_slam__qwen3_4b,qwen3_4b,only_slam,edge,head,"head_slam_left,head_slam_right",36244,144976,0,151015,2254080,0.39215100014189375,0.4298600999845803,0.014660000033472897,104,2.0832,10.0,5.546666666666667e-05
nymeria,cpu,local_only,nymeria__only_slam__qwen3_4b,qwen3_4b,only_slam,edge,left_wrist,"left_wrist_slam_left,left_wrist_slam_right",36244,144976,0,151015,2254080,0.38751000010961434,0.3931350003767875,0.015029999758553458,104,2.0832,10.0,5.546666666666667e-05
nymeria,cpu,local_only,nymeria__only_slam__qwen3_4b,qwen3_4b,only_slam,edge,observer,"observer_slam_left,observer_slam_right",36244,144976,0,151015,2254080,0.37619999966409523,0.40104000013343466,0.014660000033472897,104,2.0832,10.0,5.546666666666667e-05
nymeria,cpu,local_only,nymeria__only_slam__qwen3_4b,qwen3_4b,only_slam,edge,right_wrist,"right_wrist_slam_left,right_wrist_slam_right",36244,144976,0,151015,2254080,0.3737199999704899,0.3840789996957028,0.0144999999065476,104,2.0832,10.0,5.546666666666667e-05
nymeria,cpu,local_only,nymeria__only_slam__qwen3_4b,qwen3_4b,only_slam,core,core,,0,0,0,0,0,0.0922700000955956,0.09974989998227102,0.04660000013245735,,,,
nymeria,cpu,local_only,nymeria__only_slam__qwen3_4b,qwen3_4b,only_slam,core,core_language,,4022468096,8044936192,256,,694126784256,1393.7711469998249,1403.171250099831,0.2067210002678621,,,,
nymeria,cpu,bottleneck,nymeria__only_slam__qwen3_4b,qwen3_4b,only_slam,edge,head,"head_slam_left,head_slam_right",35848,143392,0,149479,2269184,0.40267999975185376,0.7952699000270513,0.015279999843187397,1368,3.0944000000000003,10.0,0.0007296
nymeria,cpu,bottleneck,nymeria__only_slam__qwen3_4b,qwen3_4b,only_slam,edge,left_wrist,"left_wrist_slam_left,left_wrist_slam_right",35848,143392,0,149479,2269184,0.3276699999332777,0.3599439999561582,0.016280000181723153,1368,3.0944000000000003,10.0,0.0007296
nymeria,cpu,bottleneck,nymeria__only_slam__qwen3_4b,qwen3_4b,only_slam,edge,observer,"observer_slam_left,observer_slam_right",35848,143392,0,149479,2269184,0.32661999966876465,0.34394589979456214,0.015749999874969944,1368,3.0944000000000003,10.0,0.0007296
nymeria,cpu,bottleneck,nymeria__only_slam__qwen3_4b,qwen3_4b,only_slam,edge,right_wrist,"right_wrist_slam_left,right_wrist_slam_right",35848,143392,0,149479,2269184,0.3214999996998813,0.3287098999862792,0.015469999652850674,1368,3.0944000000000003,10.0,0.0007296
nymeria,cpu,bottleneck,nymeria__only_slam__qwen3_4b,qwen3_4b,only_slam,core,core,,29172,116688,0,133185,30344576,0.7299009998860129,0.7546060001459409,0.047730000005685724,,,,
nymeria,cpu,bottleneck,nymeria__only_slam__qwen3_4b,qwen3_4b,only_slam,core,core_language,,4029108736,8071498752,256,,2493455705728,2218.463024999892,2268.918284099982,4.093494000244391,,,,
nymeria,cpu,tokenlearner,nymeria__only_slam__qwen3_4b,qwen3_4b,only_slam,edge,head,"head_slam_left,head_slam_right",38224,152896,0,160091,2450432,0.4805200001101184,0.5469319000894757,0.01616000008652918,2200,3.76,10.0,0.0011733333333333333
nymeria,cpu,tokenlearner,nymeria__only_slam__qwen3_4b,qwen3_4b,only_slam,edge,left_wrist,"left_wrist_slam_left,left_wrist_slam_right",38224,152896,0,160091,2450432,0.45571999999083346,0.46880689992576663,0.0158200000441866,2200,3.76,10.0,0.0011733333333333333
nymeria,cpu,tokenlearner,nymeria__only_slam__qwen3_4b,qwen3_4b,only_slam,edge,observer,"observer_slam_left,observer_slam_right",38224,152896,0,160091,2450432,0.3802710002673848,0.39425610011676326,0.016149999737535836,2200,3.76,10.0,0.0011733333333333333
nymeria,cpu,tokenlearner,nymeria__only_slam__qwen3_4b,qwen3_4b,only_slam,edge,right_wrist,"right_wrist_slam_left,right_wrist_slam_right",38224,152896,0,160091,2450432,0.3733600001396553,0.39082989997041295,0.01649999967412441,2200,3.76,10.0,0.0011733333333333333
nymeria,cpu,tokenlearner,nymeria__only_slam__qwen3_4b,qwen3_4b,only_slam,core,core,,27892,111568,0,123185,4461952,0.40947000024971203,0.4356788997483818,0.04825999985769158,,,,
nymeria,cpu,tokenlearner,nymeria__only_slam__qwen3_4b,qwen3_4b,only_slam,core,core_language,,4029108736,8071498752,256,,1042828379776,1485.6694889999744,1485.9385439998732,1.232270999935281,,,,
nymeria,cpu,posthoc_vq,nymeria__only_slam__qwen3_4b,qwen3_4b,only_slam,edge,head,"head_slam_left,head_slam_right",43776,175104,0,180464,2383872,0.4545099995993951,0.5405868999332597,0.023380000129691325,408,2.3264,10.0,0.0002176
nymeria,cpu,posthoc_vq,nymeria__only_slam__qwen3_4b,qwen3_4b,only_slam,edge,left_wrist,"left_wrist_slam_left,left_wrist_slam_right",43776,175104,0,180464,2383872,0.44438099985200097,0.4695081001500512,0.023489999875891954,408,2.3264,10.0,0.0002176
nymeria,cpu,posthoc_vq,nymeria__only_slam__qwen3_4b,qwen3_4b,only_slam,edge,observer,"observer_slam_left,observer_slam_right",43776,175104,0,180464,2383872,0.5024000001867535,0.522199999932127,0.023329999748966657,408,2.3264,10.0,0.0002176
nymeria,cpu,posthoc_vq,nymeria__only_slam__qwen3_4b,qwen3_4b,only_slam,edge,right_wrist,"right_wrist_slam_left,right_wrist_slam_right",43776,175104,0,180464,2383872,0.4960899996149237,0.5040018998442974,0.023320000309468014,408,2.3264,10.0,0.0002176
nymeria,cpu,posthoc_vq,nymeria__only_slam__qwen3_4b,qwen3_4b,only_slam,core,core,,36084,144336,0,156270,30279040,0.9124110001721419,0.9330389997558086,0.07349999987127376,,,,
nymeria,cpu,posthoc_vq,nymeria__only_slam__qwen3_4b,qwen3_4b,only_slam,core,core_language,,4029108736,8071498752,256,,2493455705728,2218.463024999892,2268.918284099982,3.765203999591904,,,,
nymeria,cpu,joint_vq,nymeria__only_slam__qwen3_4b,qwen3_4b,only_slam,edge,head,"head_slam_left,head_slam_right",48528,194112,0,202636,2515968,0.6508410001515585,0.6685701001060806,0.02313999993930338,168,2.1344,10.0,8.96e-05
nymeria,cpu,joint_vq,nymeria__only_slam__qwen3_4b,qwen3_4b,only_slam,edge,left_wrist,"left_wrist_slam_left,left_wrist_slam_right",48528,194112,0,202636,2515968,0.6462000001192791,0.6504939001388266,0.022899999748915434,168,2.1344,10.0,8.96e-05
nymeria,cpu,joint_vq,nymeria__only_slam__qwen3_4b,qwen3_4b,only_slam,edge,observer,"observer_slam_left,observer_slam_right",48528,194112,0,202636,2515968,0.5369310001697158,0.6398811000963178,0.022939999780646758,168,2.1344,10.0,8.96e-05
nymeria,cpu,joint_vq,nymeria__only_slam__qwen3_4b,qwen3_4b,only_slam,edge,right_wrist,"right_wrist_slam_left,right_wrist_slam_right",48528,194112,0,202636,2515968,0.5264810001790465,0.5405650998000056,0.023210000108520035,168,2.1344,10.0,8.96e-05
nymeria,cpu,joint_vq,nymeria__only_slam__qwen3_4b,qwen3_4b,only_slam,core,core,,36084,144336,0,156270,4461952,0.506880000102683,0.5351498999061732,0.07205000019894214,,,,
nymeria,cpu,joint_vq,nymeria__only_slam__qwen3_4b,qwen3_4b,only_slam,core,core_language,,4029108736,8071498752,256,,1042828379776,1485.6694889999744,1485.9385439998732,1.903601999856619,,,,
nymeria,cpu,deepconvlstm,nymeria__only_slam__qwen3_4b,qwen3_4b,only_slam,edge,head,"head_slam_left,head_slam_right",0,0,0,0,0,0.0006300001587078441,0.0008640001396997832,0.029459999950631754,47728,40.1824,10.0,0.025454933333333332
nymeria,cpu,deepconvlstm,nymeria__only_slam__qwen3_4b,qwen3_4b,only_slam,edge,left_wrist,"left_wrist_slam_left,left_wrist_slam_right",0,0,0,0,0,0.0006999998731771484,0.0008529998922313098,0.02691000008780975,31848,27.4784,10.0,0.0169856
nymeria,cpu,deepconvlstm,nymeria__only_slam__qwen3_4b,qwen3_4b,only_slam,edge,observer,"observer_slam_left,observer_slam_right",0,0,0,0,0,0.0006999998731771484,0.0007809998351149261,0.028840000140917255,47728,40.1824,10.0,0.025454933333333332
nymeria,cpu,deepconvlstm,nymeria__only_slam__qwen3_4b,qwen3_4b,only_slam,edge,right_wrist,"right_wrist_slam_left,right_wrist_slam_right",0,0,0,0,0,0.0012599998626683373,0.0019079999674431747,0.018449999970471254,31848,27.4784,10.0,0.0169856
nymeria,cpu,deepconvlstm,nymeria__only_slam__qwen3_4b,qwen3_4b,only_slam,core,core,,149962,599848,0,615117,9470592,1.0985099997924408,1.1238198002047284,0.054629999794997275,,,,
nymeria,cpu,deepconvlstm,nymeria__only_slam__qwen3_4b,qwen3_4b,only_slam,core,core_language,,4029108736,8071498752,256,,805285017216,1414.1451949999464,1426.2181117998807,1.174891000118805,,,,
nymeria,cpu,unrestricted_bank,nymeria__only_slam__qwen3_4b,qwen3_4b,only_slam,edge,head,"head_slam_left,head_slam_right",57232,228928,0,238211,2745344,0.4932100000587525,0.5164570001852553,0.032360000204789685,168,2.1344,10.0,8.96e-05
nymeria,cpu,unrestricted_bank,nymeria__only_slam__qwen3_4b,qwen3_4b,only_slam,edge,left_wrist,"left_wrist_slam_left,left_wrist_slam_right",57232,228928,0,238211,2745344,0.4958500003340305,0.5058498997641436,0.032079999982670415,168,2.1344,10.0,8.96e-05
nymeria,cpu,unrestricted_bank,nymeria__only_slam__qwen3_4b,qwen3_4b,only_slam,edge,observer,"observer_slam_left,observer_slam_right",57232,228928,0,238211,2745344,0.402770999698987,0.4151720999288955,0.02319999975952669,168,2.1344,10.0,8.96e-05
nymeria,cpu,unrestricted_bank,nymeria__only_slam__qwen3_4b,qwen3_4b,only_slam,edge,right_wrist,"right_wrist_slam_left,right_wrist_slam_right",57232,228928,0,238211,2745344,0.406849999762926,0.4147618995830271,0.02300000005561742,168,2.1344,10.0,8.96e-05
nymeria,cpu,unrestricted_bank,nymeria__only_slam__qwen3_4b,qwen3_4b,only_slam,core,core,,36084,144336,0,156270,4461952,0.43841099977726117,0.4719800996099366,0.07190999986050883,,,,
nymeria,cpu,unrestricted_bank,nymeria__only_slam__qwen3_4b,qwen3_4b,only_slam,core,core_language,,4029108736,8071498752,256,,1042828379776,1485.6694889999744,1485.9385439998732,1.6010110002753208,,,,
nymeria,cpu,separate_banks,nymeria__only_slam__qwen3_4b,qwen3_4b,only_slam,edge,head,"head_slam_left,head_slam_right",42448,169792,0,179075,2515968,0.46611000016127946,0.4687749002187047,0.023240000246005366,168,2.1344,10.0,8.96e-05
nymeria,cpu,separate_banks,nymeria__only_slam__qwen3_4b,qwen3_4b,only_slam,edge,left_wrist,"left_wrist_slam_left,left_wrist_slam_right",42448,169792,0,179075,2515968,0.4562509998322639,0.46760809964325745,0.02325000014025136,168,2.1344,10.0,8.96e-05
nymeria,cpu,separate_banks,nymeria__only_slam__qwen3_4b,qwen3_4b,only_slam,edge,observer,"observer_slam_left,observer_slam_right",42448,169792,0,179075,2515968,0.44537000030686613,0.465295999947557,0.02399000004515983,168,2.1344,10.0,8.96e-05
nymeria,cpu,separate_banks,nymeria__only_slam__qwen3_4b,qwen3_4b,only_slam,edge,right_wrist,"right_wrist_slam_left,right_wrist_slam_right",42448,169792,0,179075,2515968,0.45510000018111896,0.45916889971522323,0.023240000246005366,168,2.1344,10.0,8.96e-05
nymeria,cpu,separate_banks,nymeria__only_slam__qwen3_4b,qwen3_4b,only_slam,core,core,,36084,144336,0,158361,4461952,0.6323309999061166,0.6585299999187555,0.07332999985010247,,,,
nymeria,cpu,separate_banks,nymeria__only_slam__qwen3_4b,qwen3_4b,only_slam,core,core_language,,4029108736,8071498752,256,,1042828379776,1485.6694889999744,1485.9385439998732,1.4166910000312782,,,,
nymeria,cpu,fixed_resampling,nymeria__only_slam__qwen3_4b,qwen3_4b,only_slam,edge,head,"head_slam_left,head_slam_right",42448,169792,0,179075,1967104,0.2648499998940679,0.3114160002041899,0.023260000034497352,168,2.1344,10.0,8.96e-05
nymeria,cpu,fixed_resampling,nymeria__only_slam__qwen3_4b,qwen3_4b,only_slam,edge,left_wrist,"left_wrist_slam_left,left_wrist_slam_right",42448,169792,0,179075,1967104,0.31132000003708526,0.32745790003900765,0.023889999738457846,168,2.1344,10.0,8.96e-05
nymeria,cpu,fixed_resampling,nymeria__only_slam__qwen3_4b,qwen3_4b,only_slam,edge,observer,"observer_slam_left,observer_slam_right",42448,169792,0,179075,1967104,0.2836200001183897,0.2887320000809268,0.023120000150811393,168,2.1344,10.0,8.96e-05
nymeria,cpu,fixed_resampling,nymeria__only_slam__qwen3_4b,qwen3_4b,only_slam,edge,right_wrist,"right_wrist_slam_left,right_wrist_slam_right",42448,169792,0,179075,1967104,0.281159999758529,0.28614600023502135,0.023741000404697843,168,2.1344,10.0,8.96e-05
nymeria,cpu,fixed_resampling,nymeria__only_slam__qwen3_4b,qwen3_4b,only_slam,core,core,,36084,144336,0,156270,4461952,0.5420800002866599,0.5431788997157128,0.07053999979689252,,,,
nymeria,cpu,fixed_resampling,nymeria__only_slam__qwen3_4b,qwen3_4b,only_slam,core,core_language,,4029108736,8071498752,256,,1042828379776,1485.6694889999744,1485.9385439998732,1.8004009998549009,,,,
nymeria,cpu,finetune_encoders,nymeria__only_slam__qwen3_4b,qwen3_4b,only_slam,edge,head,"head_slam_left,head_slam_right",42448,169792,0,179075,2515968,0.5058209999333485,0.5147121000391053,0.03310000010969816,168,2.1344,10.0,8.96e-05
nymeria,cpu,finetune_encoders,nymeria__only_slam__qwen3_4b,qwen3_4b,only_slam,edge,left_wrist,"left_wrist_slam_left,left_wrist_slam_right",42448,169792,0,179075,2515968,0.5336700000952987,0.8957139000813186,0.023009999949863413,168,2.1344,10.0,8.96e-05
nymeria,cpu,finetune_encoders,nymeria__only_slam__qwen3_4b,qwen3_4b,only_slam,edge,observer,"observer_slam_left,observer_slam_right",42448,169792,0,179075,2515968,0.5001309996259806,0.521604100094919,0.02317000007678871,168,2.1344,10.0,8.96e-05
nymeria,cpu,finetune_encoders,nymeria__only_slam__qwen3_4b,qwen3_4b,only_slam,edge,right_wrist,"right_wrist_slam_left,right_wrist_slam_right",42448,169792,0,179075,2515968,0.6115999999565247,0.7825918998150883,0.022709999939252157,168,2.1344,10.0,8.96e-05
nymeria,cpu,finetune_encoders,nymeria__only_slam__qwen3_4b,qwen3_4b,only_slam,core,core,,36084,144336,0,156270,4461952,0.6493509999927483,0.6777811001484224,0.07133000008252566,,,,
nymeria,cpu,finetune_encoders,nymeria__only_slam__qwen3_4b,qwen3_4b,only_slam,core,core_language,,4029108736,8071498752,256,,1042828379776,1485.6694889999744,1485.9385439998732,1.7666120002104435,,,,
nymeria,cpu,no_alignment,nymeria__only_slam__qwen3_4b,qwen3_4b,only_slam,edge,head,"head_slam_left,head_slam_right",42448,169792,0,179075,2515968,0.5048400003033748,0.5106999001327495,0.03436999986661249,168,2.1344,10.0,8.96e-05
nymeria,cpu,no_alignment,nymeria__only_slam__qwen3_4b,qwen3_4b,only_slam,edge,left_wrist,"left_wrist_slam_left,left_wrist_slam_right",42448,169792,0,179075,2515968,0.5150309998498415,0.8725200001208577,0.025920000098267337,168,2.1344,10.0,8.96e-05
nymeria,cpu,no_alignment,nymeria__only_slam__qwen3_4b,qwen3_4b,only_slam,edge,observer,"observer_slam_left,observer_slam_right",42448,169792,0,179075,2515968,0.49859000000651577,0.5174008999802027,0.023020000298856758,168,2.1344,10.0,8.96e-05
nymeria,cpu,no_alignment,nymeria__only_slam__qwen3_4b,qwen3_4b,only_slam,edge,right_wrist,"right_wrist_slam_left,right_wrist_slam_right",42448,169792,0,179075,2515968,0.49904999968930497,0.5219469002440746,0.023489999875891954,168,2.1344,10.0,8.96e-05
nymeria,cpu,no_alignment,nymeria__only_slam__qwen3_4b,qwen3_4b,only_slam,core,core,,36084,144336,0,156270,4461952,0.6806309997955395,0.898961099983353,0.07008000011410331,,,,
nymeria,cpu,no_alignment,nymeria__only_slam__qwen3_4b,qwen3_4b,only_slam,core,core_language,,4029108736,8071498752,256,,1042828379776,1485.6694889999744,1485.9385439998732,1.7405419998794969,,,,
nymeria,cpu,no_usage,nymeria__only_slam__qwen3_4b,qwen3_4b,only_slam,edge,head,"head_slam_left,head_slam_right",42448,169792,0,179075,2515968,0.39717100025882246,0.40866310027922736,0.022600000193051528,168,2.1344,10.0,8.96e-05
nymeria,cpu,no_usage,nymeria__only_slam__qwen3_4b,qwen3_4b,only_slam,edge,left_wrist,"left_wrist_slam_left,left_wrist_slam_right",42448,169792,0,179075,2515968,0.41705000012370874,0.4500989001371636,0.0227999998969608,168,2.1344,10.0,8.96e-05
nymeria,cpu,no_usage,nymeria__only_slam__qwen3_4b,qwen3_4b,only_slam,edge,observer,"observer_slam_left,observer_slam_right",42448,169792,0,179075,2515968,0.40809099982652697,0.4973431001417339,0.02303000019310275,168,2.1344,10.0,8.96e-05
nymeria,cpu,no_usage,nymeria__only_slam__qwen3_4b,qwen3_4b,only_slam,edge,right_wrist,"right_wrist_slam_left,right_wrist_slam_right",42448,169792,0,179075,2515968,0.38862999963384937,0.4105729000457359,0.022769999759475468,168,2.1344,10.0,8.96e-05
nymeria,cpu,no_usage,nymeria__only_slam__qwen3_4b,qwen3_4b,only_slam,core,core,,36084,144336,0,156270,4461952,0.5297699999573524,0.6072249002045282,0.1032800000757561,,,,
nymeria,cpu,no_usage,nymeria__only_slam__qwen3_4b,qwen3_4b,only_slam,core,core_language,,4029108736,8071498752,256,,1042828379776,1485.6694889999744,1485.9385439998732,1.8078509997394576,,,,
nymeria,cpu,tcn,nymeria__only_slam__qwen3_4b,qwen3_4b,only_slam,edge,head,"head_slam_left,head_slam_right",0,0,0,0,0,0.0005900001269765198,0.0008690000413480448,0.027690000024449546,47728,40.1824,10.0,0.025454933333333332
nymeria,cpu,tcn,nymeria__only_slam__qwen3_4b,qwen3_4b,only_slam,edge,left_wrist,"left_wrist_slam_left,left_wrist_slam_right",0,0,0,0,0,0.0005799997779831756,0.0006969997684791451,0.025459999960730784,31848,27.4784,10.0,0.0169856
nymeria,cpu,tcn,nymeria__only_slam__qwen3_4b,qwen3_4b,only_slam,edge,observer,"observer_slam_left,observer_slam_right",0,0,0,0,0,0.0007099997674231417,0.0007910001386335352,0.027779999982158188,47728,40.1824,10.0,0.025454933333333332
nymeria,cpu,tcn,nymeria__only_slam__qwen3_4b,qwen3_4b,only_slam,edge,right_wrist,"right_wrist_slam_left,right_wrist_slam_right",0,0,0,0,0,0.0005699998837371822,0.0006419999408535659,0.02548000020397012,31848,27.4784,10.0,0.0169856
nymeria,cpu,tcn,nymeria__only_slam__qwen3_4b,qwen3_4b,only_slam,core,core,,65556,262224,0,279105,4068480,1.4116110000941262,1.6732680000586697,0.05691999967893935,,,,
nymeria,cpu,tcn,nymeria__only_slam__qwen3_4b,qwen3_4b,only_slam,core,core_language,,4029108736,8071498752,256,,805285017216,1414.1451949999464,1426.2181117998807,1.1945510000259674,,,,
nymeria,cpu,ts_transformer,nymeria__only_slam__qwen3_4b,qwen3_4b,only_slam,edge,head,"head_slam_left,head_slam_right",0,0,0,0,0,0.0006400000529538374,0.0009370001862407662,0.030640000204584794,47728,40.1824,10.0,0.025454933333333332
nymeria,cpu,ts_transformer,nymeria__only_slam__qwen3_4b,qwen3_4b,only_slam,edge,left_wrist,"left_wrist_slam_left,left_wrist_slam_right",0,0,0,0,0,0.0007300000106624793,0.000819999877421651,0.028030000066792127,31848,27.4784,10.0,0.0169856
nymeria,cpu,ts_transformer,nymeria__only_slam__qwen3_4b,qwen3_4b,only_slam,edge,observer,"observer_slam_left,observer_slam_right",0,0,0,0,0,0.0007099997674231417,0.0008000000434549293,0.029069999982311856,47728,40.1824,10.0,0.025454933333333332
nymeria,cpu,ts_transformer,nymeria__only_slam__qwen3_4b,qwen3_4b,only_slam,edge,right_wrist,"right_wrist_slam_left,right_wrist_slam_right",0,0,0,0,0,0.000749999799154466,0.0008399996659136377,0.020940000013069948,31848,27.4784,10.0,0.0169856
nymeria,cpu,ts_transformer,nymeria__only_slam__qwen3_4b,qwen3_4b,only_slam,core,core,,78420,313680,0,334173,5117056,1.1586609998630593,1.210951000211935,0.05719999990105862,,,,
nymeria,cpu,ts_transformer,nymeria__only_slam__qwen3_4b,qwen3_4b,only_slam,core,core_language,,4029108736,8071498752,256,,805285017216,1414.1451949999464,1426.2181117998807,1.1473009999463102,,,,
nymeria,cpu,patchtst,nymeria__only_slam__qwen3_4b,qwen3_4b,only_slam,edge,head,"head_slam_left,head_slam_right",0,0,0,0,0,0.0006199998097144999,0.0008989997240860248,0.029210000320745166,47728,40.1824,10.0,0.025454933333333332
nymeria,cpu,patchtst,nymeria__only_slam__qwen3_4b,qwen3_4b,only_slam,edge,left_wrist,"left_wrist_slam_left,left_wrist_slam_right",0,0,0,0,0,0.000720000116416486,0.0009000002592074452,0.02717000006668968,31848,27.4784,10.0,0.0169856
nymeria,cpu,patchtst,nymeria__only_slam__qwen3_4b,qwen3_4b,only_slam,edge,observer,"observer_slam_left,observer_slam_right",0,0,0,0,0,0.0006899999789311551,0.0007799998456903268,0.02865999977075262,47728,40.1824,10.0,0.025454933333333332
nymeria,cpu,patchtst,nymeria__only_slam__qwen3_4b,qwen3_4b,only_slam,edge,right_wrist,"right_wrist_slam_left,right_wrist_slam_right",0,0,0,0,0,0.0006700001904391684,0.0007689999620197341,0.027030000183003722,31848,27.4784,10.0,0.0169856
nymeria,cpu,patchtst,nymeria__only_slam__qwen3_4b,qwen3_4b,only_slam,core,core,,62036,248144,0,268637,186619392,2.1123120000083873,2.25566399994932,0.055110000175773166,,,,
nymeria,cpu,patchtst,nymeria__only_slam__qwen3_4b,qwen3_4b,only_slam,core,core_language,,4029108736,8071498752,256,,620544764416,1378.409122999983,1382.4468686002547,0.44918999992660247,,,,
nymeria,cpu,distrixsense,nymeria__only_trajectory__qwen3_4b,qwen3_4b,only_trajectory,edge,head,head_trajectory,7772,31088,0,36275,404352,0.2537099999244674,0.2710088999265281,0.012580000202433439,83,2.0664,10.0,4.426666666666667e-05
nymeria,cpu,distrixsense,nymeria__only_trajectory__qwen3_4b,qwen3_4b,only_trajectory,edge,left_wrist,left_wrist_trajectory,7772,31088,0,36275,404352,0.24989999974422972,0.2671799999461655,0.012550000064948108,83,2.0664,10.0,4.426666666666667e-05
nymeria,cpu,distrixsense,nymeria__only_trajectory__qwen3_4b,qwen3_4b,only_trajectory,edge,observer,observer_trajectory,7772,31088,0,36275,404352,0.25328000037916354,0.26101100006599154,0.01235999980053748,83,2.0664,10.0,4.426666666666667e-05
nymeria,cpu,distrixsense,nymeria__only_trajectory__qwen3_4b,qwen3_4b,only_trajectory,edge,right_wrist,right_wrist_trajectory,7772,31088,0,36275,404352,0.26866100006373017,0.35440309984551277,0.012399999832268804,83,2.0664,10.0,4.426666666666667e-05
nymeria,cpu,distrixsense,nymeria__only_trajectory__qwen3_4b,qwen3_4b,only_trajectory,core,core,,31732,126928,0,138862,1993856,0.4070710001542466,0.4290481002044544,0.034640000194485765,,,,
nymeria,cpu,distrixsense,nymeria__only_trajectory__qwen3_4b,qwen3_4b,only_trajectory,core,core_language,,4029108736,8071498752,256,,746194088576,1471.5968470000007,1481.481690100236,1.2124310001127014,,,,
nymeria,cpu,dense,nymeria__only_trajectory__qwen3_4b,qwen3_4b,only_trajectory,edge,head,head_trajectory,4340,17360,0,20557,272768,0.24074999964796007,0.25925489999281126,0.012400000287016155,4324,5.4592,10.0,0.0023061333333333333
nymeria,cpu,dense,nymeria__only_trajectory__qwen3_4b,qwen3_4b,only_trajectory,edge,left_wrist,left_wrist_trajectory,4340,17360,0,20557,272768,0.23872099973232253,0.25787209979171166,0.01261000033991877,4324,5.4592,10.0,0.0023061333333333333
nymeria,cpu,dense,nymeria__only_trajectory__qwen3_4b,qwen3_4b,only_trajectory,edge,observer,observer_trajectory,4340,17360,0,20557,272768,0.20646999973905622,0.27330400016580825,0.008570000318286475,4324,5.4592,10.0,0.0023061333333333333
nymeria,cpu,dense,nymeria__only_trajectory__qwen3_4b,qwen3_4b,only_trajectory,edge,right_wrist,right_wrist_trajectory,4340,17360,0,20557,272768,0.19544999986464973,0.2105079002376442,0.009049999789567664,4324,5.4592,10.0,0.0023061333333333333
nymeria,cpu,dense,nymeria__only_trajectory__qwen3_4b,qwen3_4b,only_trajectory,core,core,,27636,110544,0,122161,10970240,0.4179000002295652,0.4265310002210754,0.024350999865419,,,,
nymeria,cpu,dense,nymeria__only_trajectory__qwen3_4b,qwen3_4b,only_trajectory,core,core_language,,4029108736,8071498752,256,,1461542085248,1620.0472999998965,1624.5891625997047,3.159832000164897,,,,
nymeria,cpu,dense_tokens,nymeria__only_trajectory__qwen3_4b,qwen3_4b,only_trajectory,edge,head,head_trajectory,6716,26864,0,31545,387968,0.2677200000107405,0.2840100000412349,0.008640000032755779,1100,2.88,10.0,0.0005866666666666667
nymeria,cpu,dense_tokens,nymeria__only_trajectory__qwen3_4b,qwen3_4b,only_trajectory,edge,left_wrist,left_wrist_trajectory,6716,26864,0,31545,387968,0.26800000023285975,0.26843200016628543,0.008620000244263792,1100,2.88,10.0,0.0005866666666666667
nymeria,cpu,dense_tokens,nymeria__only_trajectory__qwen3_4b,qwen3_4b,only_trajectory,edge,observer,observer_trajectory,6716,26864,0,31545,387968,0.26248999984090915,0.2810668998336041,0.00867000017024111,1100,2.88,10.0,0.0005866666666666667
nymeria,cpu,dense_tokens,nymeria__only_trajectory__qwen3_4b,qwen3_4b,only_trajectory,edge,right_wrist,right_wrist_trajectory,6716,26864,0,31545,387968,0.26552999997875304,0.26556600000731123,0.008750000233703759,1100,2.88,10.0,0.0005866666666666667
nymeria,cpu,dense_tokens,nymeria__only_trajectory__qwen3_4b,qwen3_4b,only_trajectory,core,core,,27636,110544,0,122161,1993856,0.3310799997962022,0.40632000013829384,0.02412999992884579,,,,
nymeria,cpu,dense_tokens,nymeria__only_trajectory__qwen3_4b,qwen3_4b,only_trajectory,core,core_language,,4029108736,8071498752,256,,746194088576,1471.5968470000007,1481.481690100236,0.7167610001488356,,,,
nymeria,cpu,raw,nymeria__only_trajectory__qwen3_4b,qwen3_4b,only_trajectory,edge,head,head_trajectory,0,0,0,0,0,0.0005400002009992022,0.0008100002105493331,0.03060000017285347,97864,80.2912,10.0,0.05219413333333333
nymeria,cpu,raw,nymeria__only_trajectory__qwen3_4b,qwen3_4b,only_trajectory,edge,left_wrist,left_wrist_trajectory,0,0,0,0,0,0.0005099996087665204,0.0005819996658829041,0.0276799996754562,97864,80.2912,10.0,0.05219413333333333
nymeria,cpu,raw,nymeria__only_trajectory__qwen3_4b,qwen3_4b,only_trajectory,edge,observer,observer_trajectory,0,0,0,0,0,0.0004900002750218846,0.0005619999228656525,0.027629999749478884,97864,80.2912,10.0,0.05219413333333333
nymeria,cpu,raw,nymeria__only_trajectory__qwen3_4b,qwen3_4b,only_trajectory,edge,right_wrist,right_wrist_trajectory,0,0,0,0,0,0.0005199999577598646,0.000646000262349844,0.02752999989752425,97864,80.2912,10.0,0.05219413333333333
nymeria,cpu,raw,nymeria__only_trajectory__qwen3_4b,qwen3_4b,only_trajectory,core,core,,44996,179984,0,201937,12061312,1.2039319999530562,1.3630510997245437,0.03879999985656468,,,,
nymeria,cpu,raw,nymeria__only_trajectory__qwen3_4b,qwen3_4b,only_trajectory,core,core_language,,4029108736,8071498752,256,,1461542085248,1620.0472999998965,1624.5891625997047,2.1829219999744964,,,,
nymeria,cpu,early_fusion,nymeria__only_trajectory__qwen3_4b,qwen3_4b,only_trajectory,edge,head,head_trajectory,0,0,0,0,0,0.0005799997779831756,0.0007510000159527408,0.04295999997339095,97864,80.2912,10.0,0.05219413333333333
nymeria,cpu,early_fusion,nymeria__only_trajectory__qwen3_4b,qwen3_4b,only_trajectory,edge,left_wrist,left_wrist_trajectory,0,0,0,0,0,0.000470000031782547,0.0005959999270999106,0.04106999995201477,97864,80.2912,10.0,0.05219413333333333
nymeria,cpu,early_fusion,nymeria__only_trajectory__qwen3_4b,qwen3_4b,only_trajectory,edge,observer,observer_trajectory,0,0,0,0,0,0.000470000031782547,0.0005239998699835269,0.051360000270506134,97864,80.2912,10.0,0.05219413333333333
nymeria,cpu,early_fusion,nymeria__only_trajectory__qwen3_4b,qwen3_4b,only_trajectory,edge,right_wrist,right_wrist_trajectory,0,0,0,0,0,0.0007300000106624793,0.000810999972600257,0.03803000026891823,97864,80.2912,10.0,0.05219413333333333
nymeria,cpu,early_fusion,nymeria__only_trajectory__qwen3_4b,qwen3_4b,only_trajectory,core,core,,29028,116112,0,133627,2077312,0.948340999912034,0.991882999869631,0.03898000022672932,,,,
nymeria,cpu,early_fusion,nymeria__only_trajectory__qwen3_4b,qwen3_4b,only_trajectory,core,core_language,,4029108736,8071498752,256,,746194088576,1471.5968470000007,1481.481690100236,1.1536809997778619,,,,
nymeria,cpu,late_fusion,nymeria__only_trajectory__qwen3_4b,qwen3_4b,only_trajectory,edge,head,head_trajectory,4670,18680,0,22277,273408,0.2599699996608251,0.2788160000818607,0.01176999967356096,88,2.0704,10.0,4.6933333333333333e-05
nymeria,cpu,late_fusion,nymeria__only_trajectory__qwen3_4b,qwen3_4b,only_trajectory,edge,left_wrist,left_wrist_trajectory,4670,18680,0,22277,273408,0.20669000014095218,0.22281889982878056,0.008200000138458563,88,2.0704,10.0,4.6933333333333333e-05
nymeria,cpu,late_fusion,nymeria__only_trajectory__qwen3_4b,qwen3_4b,only_trajectory,edge,observer,observer_trajectory,4670,18680,0,22277,273408,0.2077399999507179,0.225263000038467,0.008069999694271246,88,2.0704,10.0,4.6933333333333333e-05
nymeria,cpu,late_fusion,nymeria__only_trajectory__qwen3_4b,qwen3_4b,only_trajectory,edge,right_wrist,right_wrist_trajectory,4670,18680,0,22277,273408,0.2102809999087185,0.2167870998619037,0.008110000180749921,88,2.0704,10.0,4.6933333333333333e-05
nymeria,cpu,late_fusion,nymeria__only_trajectory__qwen3_4b,qwen3_4b,only_trajectory,core,core,,0,0,0,0,0,0.040160000025935005,0.04567700020743359,0.02350999966438394,,,,
nymeria,cpu,late_fusion,nymeria__only_trajectory__qwen3_4b,qwen3_4b,only_trajectory,core,core_language,,4022468096,8044936192,256,,635177413376,1415.5933170000026,1478.5708547999093,0.18275000002176967,,,,
nymeria,cpu,local_only,nymeria__only_trajectory__qwen3_4b,qwen3_4b,only_trajectory,edge,head,head_trajectory,4670,18680,0,22277,273408,0.2119999999194988,0.23605790006513416,0.007690000074944692,52,2.0416,10.0,2.7733333333333334e-05
nymeria,cpu,local_only,nymeria__only_trajectory__qwen3_4b,qwen3_4b,only_trajectory,edge,left_wrist,left_wrist_trajectory,4670,18680,0,22277,273408,0.2121799998349161,0.21893899997849076,0.007780000032653334,52,2.0416,10.0,2.7733333333333334e-05
nymeria,cpu,local_only,nymeria__only_trajectory__qwen3_4b,qwen3_4b,only_trajectory,edge,observer,observer_trajectory,4670,18680,0,22277,273408,0.21727100011048606,0.22690910009259824,0.007850000201869989,52,2.0416,10.0,2.7733333333333334e-05
nymeria,cpu,local_only,nymeria__only_trajectory__qwen3_4b,qwen3_4b,only_trajectory,edge,right_wrist,right_wrist_trajectory,4670,18680,0,22277,273408,0.20111000003453228,0.21439399993141706,0.007950000053824624,52,2.0416,10.0,2.7733333333333334e-05
nymeria,cpu,local_only,nymeria__only_trajectory__qwen3_4b,qwen3_4b,only_trajectory,core,core,,0,0,0,0,0,0.05426999996416271,0.061092000260032364,0.022790000002714805,,,,
nymeria,cpu,local_only,nymeria__only_trajectory__qwen3_4b,qwen3_4b,only_trajectory,core,core_language,,4022468096,8044936192,256,,635177413376,1415.5933170000026,1478.5708547999093,0.1857799998106202,,,,
nymeria,cpu,bottleneck,nymeria__only_trajectory__qwen3_4b,qwen3_4b,only_trajectory,edge,head,head_trajectory,4472,17888,0,21509,280960,0.2126199997292133,0.23970999973244034,0.008520000392309157,684,2.5472,10.0,0.0003648
nymeria,cpu,bottleneck,nymeria__only_trajectory__qwen3_4b,qwen3_4b,only_trajectory,edge,left_wrist,left_wrist_trajectory,4472,17888,0,21509,280960,0.21521000007851399,0.21764000016446516,0.008550000075047137,684,2.5472,10.0,0.0003648
nymeria,cpu,bottleneck,nymeria__only_trajectory__qwen3_4b,qwen3_4b,only_trajectory,edge,observer,observer_trajectory,4472,17888,0,21509,280960,0.20538100034173112,0.21766510017187102,0.008729999990464421,684,2.5472,10.0,0.0003648
nymeria,cpu,bottleneck,nymeria__only_trajectory__qwen3_4b,qwen3_4b,only_trajectory,edge,right_wrist,right_wrist_trajectory,4472,17888,0,21509,280960,0.2029199999924458,0.21564689964179706,0.008509999588568462,684,2.5472,10.0,0.0003648
nymeria,cpu,bottleneck,nymeria__only_trajectory__qwen3_4b,qwen3_4b,only_trajectory,core,core,,28276,113104,0,127193,11003008,0.39336999998340616,0.4081849000613147,0.02277000021422282,,,,
nymeria,cpu,bottleneck,nymeria__only_trajectory__qwen3_4b,qwen3_4b,only_trajectory,core,core_language,,4029108736,8071498752,256,,1461542085248,1620.0472999998965,1624.5891625997047,1.8562119998932758,,,,
nymeria,cpu,tokenlearner,nymeria__only_trajectory__qwen3_4b,qwen3_4b,only_trajectory,edge,head,head_trajectory,5660,22640,0,26751,371584,0.24549999989176285,0.2594770002360747,0.008210000032704556,1100,2.88,10.0,0.0005866666666666667
nymeria,cpu,tokenlearner,nymeria__only_trajectory__qwen3_4b,qwen3_4b,only_trajectory,edge,left_wrist,left_wrist_trajectory,5660,22640,0,26751,371584,0.2361299998483446,0.2571539997461514,0.008460000117338495,1100,2.88,10.0,0.0005866666666666667
nymeria,cpu,tokenlearner,nymeria__only_trajectory__qwen3_4b,qwen3_4b,only_trajectory,edge,observer,observer_trajectory,5660,22640,0,26751,371584,0.24505999999746564,0.2852000003258581,0.008040000011533266,1100,2.88,10.0,0.0005866666666666667
nymeria,cpu,tokenlearner,nymeria__only_trajectory__qwen3_4b,qwen3_4b,only_trajectory,edge,right_wrist,right_wrist_trajectory,5660,22640,0,26751,371584,0.23687999964749906,0.24518789978174027,0.007879999884607969,1100,2.88,10.0,0.0005866666666666667
nymeria,cpu,tokenlearner,nymeria__only_trajectory__qwen3_4b,qwen3_4b,only_trajectory,core,core,,27636,110544,0,122161,1993856,0.27902000010726624,0.30816200010121975,0.023329999748966657,,,,
nymeria,cpu,tokenlearner,nymeria__only_trajectory__qwen3_4b,qwen3_4b,only_trajectory,core,core_language,,4029108736,8071498752,256,,746194088576,1471.5968470000007,1481.481690100236,0.7366610002463858,,,,
nymeria,cpu,posthoc_vq,nymeria__only_trajectory__qwen3_4b,qwen3_4b,only_trajectory,edge,head,head_trajectory,8436,33744,0,37193,338304,0.2992200002154277,0.3043779001018265,0.01292000024477602,200,2.16,10.0,0.00010666666666666667
nymeria,cpu,posthoc_vq,nymeria__only_trajectory__qwen3_4b,qwen3_4b,only_trajectory,edge,left_wrist,left_wrist_trajectory,8436,33744,0,37193,338304,0.28234999990672804,0.2982178998991003,0.013180000223655952,200,2.16,10.0,0.00010666666666666667
nymeria,cpu,posthoc_vq,nymeria__only_trajectory__qwen3_4b,qwen3_4b,only_trajectory,edge,observer,observer_trajectory,8436,33744,0,37193,338304,0.2957400001832866,0.2987018999647262,0.013380999916989822,200,2.16,10.0,0.00010666666666666667
nymeria,cpu,posthoc_vq,nymeria__only_trajectory__qwen3_4b,qwen3_4b,only_trajectory,edge,right_wrist,right_wrist_trajectory,8436,33744,0,37193,338304,0.28073000021322514,0.29549899995799933,0.012869999864051351,200,2.16,10.0,0.00010666666666666667
nymeria,cpu,posthoc_vq,nymeria__only_trajectory__qwen3_4b,qwen3_4b,only_trajectory,core,core,,31732,126928,0,138862,10970240,0.43944000026385766,0.4707330000201182,0.035569999909057515,,,,
nymeria,cpu,posthoc_vq,nymeria__only_trajectory__qwen3_4b,qwen3_4b,only_trajectory,core,core_language,,4029108736,8071498752,256,,1461542085248,1620.0472999998965,1624.5891625997047,1.8792619998748705,,,,
nymeria,cpu,joint_vq,nymeria__only_trajectory__qwen3_4b,qwen3_4b,only_trajectory,edge,head,head_trajectory,10812,43248,0,48182,404352,0.3300500002296758,0.3485809998892364,0.012559999959194101,83,2.0664,10.0,4.426666666666667e-05
nymeria,cpu,joint_vq,nymeria__only_trajectory__qwen3_4b,qwen3_4b,only_trajectory,edge,left_wrist,left_wrist_trajectory,10812,43248,0,48182,404352,0.321420000091166,0.3437949000272056,0.01587999986440991,83,2.0664,10.0,4.426666666666667e-05
nymeria,cpu,joint_vq,nymeria__only_trajectory__qwen3_4b,qwen3_4b,only_trajectory,edge,observer,observer_trajectory,10812,43248,0,48182,404352,0.320090000059281,0.3352460002133739,0.012340000012045493,83,2.0664,10.0,4.426666666666667e-05
nymeria,cpu,joint_vq,nymeria__only_trajectory__qwen3_4b,qwen3_4b,only_trajectory,edge,right_wrist,right_wrist_trajectory,10812,43248,0,48182,404352,0.3318700000818353,0.34681000006457907,0.01261000033991877,83,2.0664,10.0,4.426666666666667e-05
nymeria,cpu,joint_vq,nymeria__only_trajectory__qwen3_4b,qwen3_4b,only_trajectory,core,core,,31732,126928,0,138862,1993856,0.3497099996820907,0.3649829998266796,0.0353599998561549,,,,
nymeria,cpu,joint_vq,nymeria__only_trajectory__qwen3_4b,qwen3_4b,only_trajectory,core,core_language,,4029108736,8071498752,256,,746194088576,1471.5968470000007,1481.481690100236,0.7481999996343802,,,,
nymeria,cpu,deepconvlstm,nymeria__only_trajectory__qwen3_4b,qwen3_4b,only_trajectory,edge,head,head_trajectory,0,0,0,0,0,0.00046000013753655367,0.0007750000804662704,0.028389999897626694,97864,80.2912,10.0,0.05219413333333333
nymeria,cpu,deepconvlstm,nymeria__only_trajectory__qwen3_4b,qwen3_4b,only_trajectory,edge,left_wrist,left_wrist_trajectory,0,0,0,0,0,0.000470000031782547,0.0006409998604794964,0.029880000056436984,97864,80.2912,10.0,0.05219413333333333
nymeria,cpu,deepconvlstm,nymeria__only_trajectory__qwen3_4b,qwen3_4b,only_trajectory,edge,observer,observer_trajectory,0,0,0,0,0,0.00043000000005122274,0.0005830000191053841,0.030229999993025558,97864,80.2912,10.0,0.05219413333333333
nymeria,cpu,deepconvlstm,nymeria__only_trajectory__qwen3_4b,qwen3_4b,only_trajectory,edge,right_wrist,right_wrist_trajectory,0,0,0,0,0,0.0004199996510578785,0.0005459999556478579,0.029799999992974335,97864,80.2912,10.0,0.05219413333333333
nymeria,cpu,deepconvlstm,nymeria__only_trajectory__qwen3_4b,qwen3_4b,only_trajectory,core,core,,37530,150120,0,160637,2336896,0.8294609997392399,0.8366420999209367,0.038810000205558026,,,,
nymeria,cpu,deepconvlstm,nymeria__only_trajectory__qwen3_4b,qwen3_4b,only_trajectory,core,core_language,,4029108736,8071498752,256,,746194088576,1471.5968470000007,1481.481690100236,0.7022109998615633,,,,
nymeria,cpu,unrestricted_bank,nymeria__only_trajectory__qwen3_4b,qwen3_4b,only_trajectory,edge,head,head_trajectory,10940,43760,0,48947,453504,0.25049999976545223,0.26922089987237996,0.012420000075508142,83,2.0664,10.0,4.426666666666667e-05
nymeria,cpu,unrestricted_bank,nymeria__only_trajectory__qwen3_4b,qwen3_4b,only_trajectory,edge,left_wrist,left_wrist_trajectory,10940,43760,0,48947,453504,0.24838999979692744,0.2594240001599246,0.012209999567858176,83,2.0664,10.0,4.426666666666667e-05
nymeria,cpu,unrestricted_bank,nymeria__only_trajectory__qwen3_4b,qwen3_4b,only_trajectory,edge,observer,observer_trajectory,10940,43760,0,48947,453504,0.24812000037854887,0.26551699975243537,0.012329999663052149,83,2.0664,10.0,4.426666666666667e-05
nymeria,cpu,unrestricted_bank,nymeria__only_trajectory__qwen3_4b,qwen3_4b,only_trajectory,edge,right_wrist,right_wrist_trajectory,10940,43760,0,48947,453504,0.24620000021968735,0.2579810000497673,0.012519999927462777,83,2.0664,10.0,4.426666666666667e-05
nymeria,cpu,unrestricted_bank,nymeria__only_trajectory__qwen3_4b,qwen3_4b,only_trajectory,core,core,,31732,126928,0,138862,1993856,0.29896099977122503,0.32764310012680653,0.035150000257999636,,,,
nymeria,cpu,unrestricted_bank,nymeria__only_trajectory__qwen3_4b,qwen3_4b,only_trajectory,core,core_language,,4029108736,8071498752,256,,746194088576,1471.5968470000007,1481.481690100236,0.7095800001479802,,,,
nymeria,cpu,separate_banks,nymeria__only_trajectory__qwen3_4b,qwen3_4b,only_trajectory,edge,head,head_trajectory,7772,31088,0,36275,404352,0.25086000005103415,0.27421500026321155,0.012439999864000129,83,2.0664,10.0,4.426666666666667e-05
nymeria,cpu,separate_banks,nymeria__only_trajectory__qwen3_4b,qwen3_4b,only_trajectory,edge,left_wrist,left_wrist_trajectory,7772,31088,0,36275,404352,0.25052099999811617,0.25788209991333133,0.012240000160090858,83,2.0664,10.0,4.426666666666667e-05
nymeria,cpu,separate_banks,nymeria__only_trajectory__qwen3_4b,qwen3_4b,only_trajectory,edge,observer,observer_trajectory,7772,31088,0,36275,404352,0.24660999997649924,0.26788600007421337,0.012179999885120196,83,2.0664,10.0,4.426666666666667e-05
nymeria,cpu,separate_banks,nymeria__only_trajectory__qwen3_4b,qwen3_4b,only_trajectory,edge,right_wrist,right_wrist_trajectory,7772,31088,0,36275,404352,0.2517499997338746,0.2590039999631699,0.012110000170650892,83,2.0664,10.0,4.426666666666667e-05
nymeria,cpu,separate_banks,nymeria__only_trajectory__qwen3_4b,qwen3_4b,only_trajectory,core,core,,31732,126928,0,139749,1993856,0.3532800001266878,0.376320899977145,0.03504999995129765,,,,
nymeria,cpu,separate_banks,nymeria__only_trajectory__qwen3_4b,qwen3_4b,only_trajectory,core,core_language,,4029108736,8071498752,256,,746194088576,1471.5968470000007,1481.481690100236,0.715071000286116,,,,
nymeria,cpu,fixed_resampling,nymeria__only_trajectory__qwen3_4b,qwen3_4b,only_trajectory,edge,head,head_trajectory,7772,31088,0,36275,399872,0.19203000010747928,0.19574700008888613,0.012850000075559365,83,2.0664,10.0,4.426666666666667e-05
nymeria,cpu,fixed_resampling,nymeria__only_trajectory__qwen3_4b,qwen3_4b,only_trajectory,edge,left_wrist,left_wrist_trajectory,7772,31088,0,36275,399872,0.185239999609621,0.1903700002003461,0.012739999874611385,83,2.0664,10.0,4.426666666666667e-05
nymeria,cpu,fixed_resampling,nymeria__only_trajectory__qwen3_4b,qwen3_4b,only_trajectory,edge,observer,observer_trajectory,7772,31088,0,36275,399872,0.18451100004313048,0.188866099824736,0.012609999885171419,83,2.0664,10.0,4.426666666666667e-05
nymeria,cpu,fixed_resampling,nymeria__only_trajectory__qwen3_4b,qwen3_4b,only_trajectory,edge,right_wrist,right_wrist_trajectory,7772,31088,0,36275,399872,0.1859399999375455,0.18859500009966723,0.012689999948634068,83,2.0664,10.0,4.426666666666667e-05
nymeria,cpu,fixed_resampling,nymeria__only_trajectory__qwen3_4b,qwen3_4b,only_trajectory,core,core,,31732,126928,0,138862,1993856,0.340789999881963,0.37342400019042543,0.03504000005705166,,,,
nymeria,cpu,fixed_resampling,nymeria__only_trajectory__qwen3_4b,qwen3_4b,only_trajectory,core,core_language,,4029108736,8071498752,256,,746194088576,1471.5968470000007,1481.481690100236,0.7111210002221924,,,,
nymeria,cpu,finetune_encoders,nymeria__only_trajectory__qwen3_4b,qwen3_4b,only_trajectory,edge,head,head_trajectory,7772,31088,0,36275,404352,0.2545900001678092,0.27483999965625117,0.012579999747686088,83,2.0664,10.0,4.426666666666667e-05
nymeria,cpu,finetune_encoders,nymeria__only_trajectory__qwen3_4b,qwen3_4b,only_trajectory,edge,left_wrist,left_wrist_trajectory,7772,31088,0,36275,404352,0.2515500000299653,0.2620710000883264,0.012619999779417412,83,2.0664,10.0,4.426666666666667e-05
nymeria,cpu,finetune_encoders,nymeria__only_trajectory__qwen3_4b,qwen3_4b,only_trajectory,edge,observer,observer_trajectory,7772,31088,0,36275,404352,0.26977000015904196,0.2909559999807243,0.012729999980365392,83,2.0664,10.0,4.426666666666667e-05
nymeria,cpu,finetune_encoders,nymeria__only_trajectory__qwen3_4b,qwen3_4b,only_trajectory,edge,right_wrist,right_wrist_trajectory,7772,31088,0,36275,404352,0.24863099997673999,0.2570091001871333,0.012749999768857379,83,2.0664,10.0,4.426666666666667e-05
nymeria,cpu,finetune_encoders,nymeria__only_trajectory__qwen3_4b,qwen3_4b,only_trajectory,core,core,,31732,126928,0,138862,1993856,0.3420799998821167,0.3653818998373026,0.03479999986666371,,,,
nymeria,cpu,finetune_encoders,nymeria__only_trajectory__qwen3_4b,qwen3_4b,only_trajectory,core,core_language,,4029108736,8071498752,256,,746194088576,1471.5968470000007,1481.481690100236,0.7056100002955645,,,,
nymeria,cpu,no_alignment,nymeria__only_trajectory__qwen3_4b,qwen3_4b,only_trajectory,edge,head,head_trajectory,7772,31088,0,36275,404352,0.2610399997138302,0.2663319998191582,0.012490000244724797,83,2.0664,10.0,4.426666666666667e-05
nymeria,cpu,no_alignment,nymeria__only_trajectory__qwen3_4b,qwen3_4b,only_trajectory,edge,left_wrist,left_wrist_trajectory,7772,31088,0,36275,404352,0.2434299999549694,0.2659119999862014,0.01297999961025198,83,2.0664,10.0,4.426666666666667e-05
nymeria,cpu,no_alignment,nymeria__only_trajectory__qwen3_4b,qwen3_4b,only_trajectory,edge,observer,observer_trajectory,7772,31088,0,36275,404352,0.24859999984983006,0.26493500022297667,0.012590000096679432,83,2.0664,10.0,4.426666666666667e-05
nymeria,cpu,no_alignment,nymeria__only_trajectory__qwen3_4b,qwen3_4b,only_trajectory,edge,right_wrist,right_wrist_trajectory,7772,31088,0,36275,404352,0.24294100012411945,0.2581410998118372,0.012519999927462777,83,2.0664,10.0,4.426666666666667e-05
nymeria,cpu,no_alignment,nymeria__only_trajectory__qwen3_4b,qwen3_4b,only_trajectory,core,core,,31732,126928,0,138862,1993856,0.3423299999667506,0.36884489991280134,0.03485000024738838,,,,
nymeria,cpu,no_alignment,nymeria__only_trajectory__qwen3_4b,qwen3_4b,only_trajectory,core,core_language,,4029108736,8071498752,256,,746194088576,1471.5968470000007,1481.481690100236,0.7130210001378146,,,,
nymeria,cpu,no_usage,nymeria__only_trajectory__qwen3_4b,qwen3_4b,only_trajectory,edge,head,head_trajectory,7772,31088,0,36275,404352,0.2588100001048588,0.26754900018204353,0.012720000086119398,83,2.0664,10.0,4.426666666666667e-05
nymeria,cpu,no_usage,nymeria__only_trajectory__qwen3_4b,qwen3_4b,only_trajectory,edge,left_wrist,left_wrist_trajectory,7772,31088,0,36275,404352,0.24375000020881998,0.25856399988697376,0.012850000075559365,83,2.0664,10.0,4.426666666666667e-05
nymeria,cpu,no_usage,nymeria__only_trajectory__qwen3_4b,qwen3_4b,only_trajectory,edge,observer,observer_trajectory,7772,31088,0,36275,404352,0.25815100025283755,0.26807710005414265,0.012789999800588703,83,2.0664,10.0,4.426666666666667e-05
nymeria,cpu,no_usage,nymeria__only_trajectory__qwen3_4b,qwen3_4b,only_trajectory,edge,right_wrist,right_wrist_trajectory,7772,31088,0,36275,404352,0.2435610003885813,0.25904909989549196,0.01267000016014208,83,2.0664,10.0,4.426666666666667e-05
nymeria,cpu,no_usage,nymeria__only_trajectory__qwen3_4b,qwen3_4b,only_trajectory,core,core,,31732,126928,0,138862,1993856,0.34231000017825863,0.41633590026322054,0.034669999877223745,,,,
nymeria,cpu,no_usage,nymeria__only_trajectory__qwen3_4b,qwen3_4b,only_trajectory,core,core_language,,4029108736,8071498752,256,,746194088576,1471.5968470000007,1481.481690100236,0.7282709998435166,,,,
nymeria,cpu,tcn,nymeria__only_trajectory__qwen3_4b,qwen3_4b,only_trajectory,edge,head,head_trajectory,0,0,0,0,0,0.0005000001692678779,0.0007249998361658072,0.03006999986610026,97864,80.2912,10.0,0.05219413333333333
nymeria,cpu,tcn,nymeria__only_trajectory__qwen3_4b,qwen3_4b,only_trajectory,edge,left_wrist,left_wrist_trajectory,0,0,0,0,0,0.0004399998942972161,0.0005929999133513775,0.02984000002470566,97864,80.2912,10.0,0.05219413333333333
nymeria,cpu,tcn,nymeria__only_trajectory__qwen3_4b,qwen3_4b,only_trajectory,edge,observer,observer_trajectory,0,0,0,0,0,0.0004200001058052294,0.000554999905943987,0.029990000257384963,97864,80.2912,10.0,0.05219413333333333
nymeria,cpu,tcn,nymeria__only_trajectory__qwen3_4b,qwen3_4b,only_trajectory,edge,right_wrist,right_wrist_trajectory,0,0,0,0,0,0.0004200001058052294,0.0004919997536489973,0.029650000215042382,97864,80.2912,10.0,0.05219413333333333
nymeria,cpu,tcn,nymeria__only_trajectory__qwen3_4b,qwen3_4b,only_trajectory,core,core,,14820,59280,0,71345,891264,0.8347610000782879,0.8564780000142491,0.039569999898958486,,,,
nymeria,cpu,tcn,nymeria__only_trajectory__qwen3_4b,qwen3_4b,only_trajectory,core,core_language,,4029108736,8071498752,256,,746194088576,1471.5968470000007,1481.481690100236,0.7236110000121698,,,,
nymeria,cpu,ts_transformer,nymeria__only_trajectory__qwen3_4b,qwen3_4b,only_trajectory,edge,head,head_trajectory,0,0,0,0,0,0.0004399998942972161,0.0006379998467309633,0.02980999988722033,97864,80.2912,10.0,0.05219413333333333
nymeria,cpu,ts_transformer,nymeria__only_trajectory__qwen3_4b,qwen3_4b,only_trajectory,edge,left_wrist,left_wrist_trajectory,0,0,0,0,0,0.0004899998202745337,0.0005710001914849272,0.029520000225602416,97864,80.2912,10.0,0.05219413333333333
nymeria,cpu,ts_transformer,nymeria__only_trajectory__qwen3_4b,qwen3_4b,only_trajectory,edge,observer,observer_trajectory,0,0,0,0,0,0.0004399998942972161,0.000557899875275325,0.027300000056129647,97864,80.2912,10.0,0.05219413333333333
nymeria,cpu,ts_transformer,nymeria__only_trajectory__qwen3_4b,qwen3_4b,only_trajectory,edge,right_wrist,right_wrist_trajectory,0,0,0,0,0,0.0004200001058052294,0.0005189998773857951,0.02739000001383829,97864,80.2912,10.0,0.05219413333333333
nymeria,cpu,ts_transformer,nymeria__only_trajectory__qwen3_4b,qwen3_4b,only_trajectory,core,core,,27684,110736,0,126413,1939840,0.867260000177339,0.8950798998284881,0.038930000300752,,,,
nymeria,cpu,ts_transformer,nymeria__only_trajectory__qwen3_4b,qwen3_4b,only_trajectory,core,core_language,,4029108736,8071498752,256,,746194088576,1471.5968470000007,1481.481690100236,0.7218399996418157,,,,
nymeria,cpu,patchtst,nymeria__only_trajectory__qwen3_4b,qwen3_4b,only_trajectory,edge,head,head_trajectory,0,0,0,0,0,0.0004699995770351961,0.0007669997103221249,0.030059999971854268,97864,80.2912,10.0,0.05219413333333333
nymeria,cpu,patchtst,nymeria__only_trajectory__qwen3_4b,qwen3_4b,only_trajectory,edge,left_wrist,left_wrist_trajectory,0,0,0,0,0,0.00043000000005122274,0.0005830000191053841,0.029269999686221126,97864,80.2912,10.0,0.05219413333333333
nymeria,cpu,patchtst,nymeria__only_trajectory__qwen3_4b,qwen3_4b,only_trajectory,edge,observer,observer_trajectory,0,0,0,0,0,0.00047999992602854036,0.0005339997642295202,0.027179999960935675,97864,80.2912,10.0,0.05219413333333333
nymeria,cpu,patchtst,nymeria__only_trajectory__qwen3_4b,qwen3_4b,only_trajectory,edge,right_wrist,right_wrist_trajectory,0,0,0,0,0,0.0004900002750218846,0.0005619999228656525,0.027990000035060802,97864,80.2912,10.0,0.05219413333333333
nymeria,cpu,patchtst,nymeria__only_trajectory__qwen3_4b,qwen3_4b,only_trajectory,core,core,,26916,107664,0,123341,10108672,1.0032109998974192,1.025396000204637,0.03856000012092409,,,,
nymeria,cpu,patchtst,nymeria__only_trajectory__qwen3_4b,qwen3_4b,only_trajectory,core,core_language,,4029108736,8071498752,256,,561689765376,1359.199905999958,1361.6130157001407,0.4252710000400839,,,,
