dataset,target,method,scenario_id,core_name,modality_set,parameters,weight_bytes,counted_flops,wire_bytes,core_parameters,edge_parameters,core_median_ms,parallel_estimate_ms,sequential_estimate_ms,full_parameters,full_weight_bytes,full_counted_flops,lm_parameters,lm_generation_ms,full_pipeline_estimate_ms
opportunity++,cpu,distrixsense,opportunity++__all__qwen3_4b,qwen3_4b,all,218128,872512,13895488,420,32820,185308,0.49240100088354666,3.16473300183597,10.198786002675421,4029326864,8072371264,820189609664,4029108736,1434.705108000344,1437.7288189989486
opportunity++,cpu,dense,opportunity++__all__qwen3_4b,qwen3_4b,all,195848,783392,25686848,21620,27700,168148,0.4691220001404872,9.741903001811332,26.66147400143172,4029304584,8072282144,1717500667584,4029108736,1650.023219999639,1653.9364349991956
opportunity++,cpu,dense_tokens,opportunity++__all__qwen3_4b,qwen3_4b,all,207728,830912,13813568,5500,27700,180028,0.3421810015424853,4.551632000982645,13.876494002417893,4029316464,8072329664,820189527744,4029108736,1434.705108000344,1437.211627000579
opportunity++,cpu,raw,opportunity++__all__qwen3_4b,qwen3_4b,all,195848,783392,25686848,122912,195848,0,1.2906540014228085,46.20410400070918,107.70872499667436,4029304584,8072282144,1717500667584,4029108736,1650.023219999639,1653.7242930007778
opportunity++,cpu,early_fusion,opportunity++__all__qwen3_4b,qwen3_4b,all,115208,460832,7527232,122912,115208,0,0.9493639990978409,45.864003997622916,107.36973399686664,4029223944,8071959584,760967270080,4029108736,1402.618464000625,1404.5443710019754
opportunity++,cpu,late_fusion,opportunity++__all__qwen3_4b,qwen3_4b,all,169798,679192,10679040,440,0,169798,0.04783000076713506,2.57065100117221,9.331893002295285,4022637894,8045615384,649918357248,4022468096,1396.6675529991335,1397.983237000517
opportunity++,cpu,local_only,opportunity++__all__qwen3_4b,qwen3_4b,all,169798,679192,10679040,260,0,169798,0.06739000127709005,2.5325420019571205,9.213505004286533,4022637894,8045615384,649918357248,4022468096,1396.6675529991335,1398.0274990008184
opportunity++,cpu,bottleneck,opportunity++__all__qwen3_4b,qwen3_4b,all,197308,789232,25768768,3420,28500,168808,0.46799200026725885,3.9392839998891347,12.143465999363922,4029306044,8072287984,1717500749504,4029108736,1650.023219999639,1653.9429240001482
opportunity++,cpu,tokenlearner,opportunity++__all__qwen3_4b,qwen3_4b,all,202448,809792,13731648,5500,27700,174748,0.32799099972180557,4.515962002585875,13.81448500107799,4029311184,8072308544,820189445824,4029108736,1434.705108000344,1437.1681470001931
opportunity++,cpu,posthoc_vq,opportunity++__all__qwen3_4b,qwen3_4b,all,221448,885792,26014528,1020,32820,188628,0.530941999386414,3.3900829993018182,10.704165001219021,4029330184,8072384544,1717500995264,4029108736,1650.023219999639,1654.5217860002595
opportunity++,cpu,joint_vq,opportunity++__all__qwen3_4b,qwen3_4b,all,233328,933312,13895488,420,32820,200508,0.40143199839803856,3.1407539975817547,10.253406996653881,4029342064,8072432064,820189609664,4029108736,1434.705108000344,1437.7674590014067
opportunity++,cpu,deepconvlstm,opportunity++__all__qwen3_4b,qwen3_4b,all,185182,740728,11725056,122912,185182,0,0.805832001788076,45.718621998959264,107.22308200162931,4029293918,8072239480,760971467904,4029108736,1402.618464000625,1404.2943589993229
opportunity++,cpu,unrestricted_bank,opportunity++__all__qwen3_4b,qwen3_4b,all,239248,956992,14223168,420,32820,206428,0.3434109985391842,2.9619119980680755,9.864533995951875,4029347984,8072455744,820189937344,4029108736,1434.705108000344,1437.3884670003463
opportunity++,cpu,separate_banks,opportunity++__all__qwen3_4b,qwen3_4b,all,218128,872512,13895488,420,32820,185308,0.4135120016144356,3.0256830016925,9.932575999428751,4029326864,8072371264,820189609664,4029108736,1434.705108000344,1437.4424279994855
opportunity++,cpu,fixed_resampling,opportunity++__all__qwen3_4b,qwen3_4b,all,218128,872512,9414848,420,32820,185308,0.39818200093577616,2.8727829997706924,9.551124995724182,4029326864,8072371264,820185129024,4029108736,1434.705108000344,1437.0435060009186
opportunity++,cpu,finetune_encoders,opportunity++__all__qwen3_4b,qwen3_4b,all,218128,872512,13895488,420,32820,185308,0.4054609999002423,3.0171329984342212,9.92209699792578,4029326864,8072371264,820189609664,4029108736,1434.705108000344,1437.4424280013045
opportunity++,cpu,no_alignment,opportunity++__all__qwen3_4b,qwen3_4b,all,218128,872512,13895488,420,32820,185308,0.40155100032279734,3.0270330010581294,9.926795000083745,4029326864,8072371264,820189609664,4029108736,1434.705108000344,1437.4403580004582
opportunity++,cpu,no_usage,opportunity++__all__qwen3_4b,qwen3_4b,all,218128,872512,13895488,420,32820,185308,0.40608199924463406,3.0152629991108317,9.917086000442156,4029326864,8072371264,820189609664,4029108736,1434.705108000344,1437.424378000287
opportunity++,cpu,tcn,opportunity++__all__qwen3_4b,qwen3_4b,all,100968,403872,6341184,122912,100968,0,0.8382830001210095,45.75253300004201,107.25641299793185,4029209704,8071902624,760966084032,4029108736,1402.618464000625,1404.3286799987982
opportunity++,cpu,ts_transformer,opportunity++__all__qwen3_4b,qwen3_4b,all,113832,455328,7389760,122912,113832,0,0.8629130006738706,45.77727299852208,107.28138300216503,4029222568,8071954080,760967132608,4029108736,1402.618464000625,1404.3493810004293
opportunity++,cpu,patchtst,opportunity++__all__qwen3_4b,qwen3_4b,all,97640,390560,187823808,122912,97640,0,1.7796270003600512,46.69379700112708,108.19995700218985,4029206376,8071889312,576584261056,4029108736,1371.211122999739,1373.7136720010312
opportunity++,cpu,distrixsense,opportunity++__only_ambient_sensors__qwen3_4b,qwen3_4b,only_ambient_sensors,42510,170040,1288640,81,28468,14042,0.24655100060044788,2.5532409991063876,2.5532409991063876,4029151246,8071668792,524958289216,4029108736,1350.7986749991687,1351.943758998459
opportunity++,cpu,dense,opportunity++__only_ambient_sensors__qwen3_4b,qwen3_4b,only_ambient_sensors,38054,152216,2663872,4324,27444,10610,0.2229510009783553,5.855842000850989,5.855842000850989,4029146790,8071650968,701928101184,4029108736,1383.517098000084,1384.8502749988256
opportunity++,cpu,dense_tokens,opportunity++__only_ambient_sensors__qwen3_4b,qwen3_4b,only_ambient_sensors,40430,161720,1272256,1100,27444,12986,0.2102409998769872,3.323222001194954,3.323222001194954,4029149166,8071660472,524958272832,4029108736,1350.7986749991687,1351.8103989990777
opportunity++,cpu,raw,opportunity++__only_ambient_sensors__qwen3_4b,qwen3_4b,only_ambient_sensors,38054,152216,2663872,13976,38054,0,0.462322001112625,13.661341999422712,13.661341999422712,4029146790,8071650968,701928101184,4029108736,1383.517098000084,1384.7812330004672
opportunity++,cpu,early_fusion,opportunity++__only_ambient_sensors__qwen3_4b,qwen3_4b,only_ambient_sensors,30246,120984,2166208,13976,30246,0,0.455632000011974,13.654671998110553,13.654671998110553,4029138982,8071619736,701927603520,4029108736,1383.517098000084,1384.758813001099
opportunity++,cpu,late_fusion,opportunity++__only_ambient_sensors__qwen3_4b,qwen3_4b,only_ambient_sensors,10940,43760,670848,88,0,10940,0.024750001102802344,2.2962900021843144,2.2962900021843144,4022479036,8044979952,591015601280,4022468096,1363.9552559998265,1364.4347680019564
opportunity++,cpu,local_only,opportunity++__only_ambient_sensors__qwen3_4b,qwen3_4b,only_ambient_sensors,10940,43760,670848,52,0,10940,0.02882999979192391,2.2614709989897905,2.2614709989897905,4022479036,8044979952,591015601280,4022468096,1363.9552559998265,1364.428078999481
opportunity++,cpu,bottleneck,opportunity++__only_ambient_sensors__qwen3_4b,qwen3_4b,only_ambient_sensors,38346,153384,2680256,684,27604,10742,0.23169099949882366,2.9688520010231763,2.9688520010231763,4029147082,8071652136,701928117568,4029108736,1383.517098000084,1384.7672940009943
opportunity++,cpu,tokenlearner,opportunity++__only_ambient_sensors__qwen3_4b,qwen3_4b,only_ambient_sensors,39374,157496,1255872,1100,27444,11930,0.23935100034577772,3.3364920018310658,3.3364920018310658,4029148110,8071656248,524958256448,4029108736,1350.7986749991687,1351.759098999537
opportunity++,cpu,posthoc_vq,opportunity++__only_ambient_sensors__qwen3_4b,qwen3_4b,only_ambient_sensors,40102,160408,2729408,192,28468,11634,0.2503809992049355,2.687761998075433,2.687761998075433,4029148838,8071659160,701928166720,4029108736,1383.517098000084,1384.909554000842
opportunity++,cpu,joint_vq,opportunity++__only_ambient_sensors__qwen3_4b,qwen3_4b,only_ambient_sensors,42478,169912,1288640,81,28468,14010,0.23840100038796663,2.6162220010809367,2.6162220010809367,4029151214,8071668664,524958289216,4029108736,1350.7986749991687,1351.9138889969327
opportunity++,cpu,deepconvlstm,opportunity++__only_ambient_sensors__qwen3_4b,qwen3_4b,only_ambient_sensors,40188,160752,2505856,13976,40188,0,0.33941199944820255,13.538161997885164,13.538161997885164,4029148924,8071659504,701927943168,4029108736,1383.517098000084,1384.61036300032
opportunity++,cpu,unrestricted_bank,opportunity++__only_ambient_sensors__qwen3_4b,qwen3_4b,only_ambient_sensors,42510,170040,1288640,81,28468,14042,0.2145710004697321,2.516392999525019,2.516392999525019,4029151246,8071668792,524958289216,4029108736,1350.7986749991687,1351.8198789988674
opportunity++,cpu,separate_banks,opportunity++__only_ambient_sensors__qwen3_4b,qwen3_4b,only_ambient_sensors,42510,170040,1288640,81,28468,14042,0.2411010009382153,2.558502002131613,2.558502002131613,4029151246,8071668792,524958289216,4029108736,1350.7986749991687,1351.9262699992396
opportunity++,cpu,fixed_resampling,opportunity++__only_ambient_sensors__qwen3_4b,qwen3_4b,only_ambient_sensors,42510,170040,1193920,81,28468,14042,0.23527099983766675,2.4935010015104897,2.4935010015104897,4029151246,8071668792,524958194496,4029108736,1350.7986749991687,1351.7527189997054
opportunity++,cpu,finetune_encoders,opportunity++__only_ambient_sensors__qwen3_4b,qwen3_4b,only_ambient_sensors,42510,170040,1288640,81,28468,14042,0.23865099865361117,2.5431719959959853,2.5431719959959853,4029151246,8071668792,524958289216,4029108736,1350.7986749991687,1351.8791689966747
opportunity++,cpu,no_alignment,opportunity++__only_ambient_sensors__qwen3_4b,qwen3_4b,only_ambient_sensors,42510,170040,1288640,81,28468,14042,0.23935100034577772,2.540992002679454,2.540992002679454,4029151246,8071668792,524958289216,4029108736,1350.7986749991687,1351.832069000011
opportunity++,cpu,no_usage,opportunity++__only_ambient_sensors__qwen3_4b,qwen3_4b,only_ambient_sensors,42510,170040,1288640,81,28468,14042,0.2356709992454853,2.5387919986604945,2.5387919986604945,4029151246,8071668792,524958289216,4029108736,1350.7986749991687,1351.8350499998633
opportunity++,cpu,tcn,opportunity++__only_ambient_sensors__qwen3_4b,qwen3_4b,only_ambient_sensors,16134,64536,980160,13976,16134,0,0.3535410014592344,13.552331001292169,13.552331001292169,4029124870,8071563288,701926417472,4029108736,1383.517098000084,1384.6246020002582
opportunity++,cpu,ts_transformer,opportunity++__only_ambient_sensors__qwen3_4b,qwen3_4b,only_ambient_sensors,28998,115992,2028736,13976,28998,0,0.3909419992851326,13.589581999794882,13.589581999794882,4029137734,8071614744,701927466048,4029108736,1383.517098000084,1384.6866429994407
opportunity++,cpu,patchtst,opportunity++__only_ambient_sensors__qwen3_4b,qwen3_4b,only_ambient_sensors,28038,112152,13427008,13976,28038,0,0.5566519994317787,13.755351999307004,13.755351999307004,4029136774,8071610904,517611488320,4029108736,1352.7679889994033,1353.9146240000264
opportunity++,cpu,distrixsense,opportunity++__only_body25__qwen3_4b,qwen3_4b,only_body25,53036,212144,1957440,81,28468,24568,0.25032099983945955,2.5643620001864154,2.5643620001864154,4029161772,8071710896,524958958016,4029108736,1350.7986749991687,1351.8571099994006
opportunity++,cpu,dense,opportunity++__only_body25__qwen3_4b,qwen3_4b,only_body25,48580,194320,3332672,4324,27444,21136,0.22489100047096144,5.862141999709583,5.862141999709583,4029157316,8071693072,701928769984,4029108736,1383.517098000084,1384.751153000252
opportunity++,cpu,dense_tokens,opportunity++__only_body25__qwen3_4b,qwen3_4b,only_body25,50956,203824,1941056,1100,27444,23512,0.22158100000524428,3.325091998699354,3.325091998699354,4029159692,8071702576,524958941632,4029108736,1350.7986749991687,1351.7754689983121
opportunity++,cpu,raw,opportunity++__only_body25__qwen3_4b,qwen3_4b,only_body25,48580,194320,3332672,9332,48580,0,0.4501120001805248,9.932432001620787,9.932432001620787,4029157316,8071693072,701928769984,4029108736,1383.517098000084,1384.7419329995319
opportunity++,cpu,early_fusion,opportunity++__only_body25__qwen3_4b,qwen3_4b,only_body25,35908,143632,2523712,9332,35908,0,0.43757200000982266,9.920202000900195,9.920202000900195,4029144644,8071642384,701927961024,4029108736,1383.517098000084,1384.7309230004612
opportunity++,cpu,late_fusion,opportunity++__only_body25__qwen3_4b,qwen3_4b,only_body25,21466,85864,1339648,88,0,21466,0.024570999812567607,2.2817919999828793,2.2817919999828793,4022489562,8045022056,591016270080,4022468096,1363.9552559998265,1364.3984890004504
opportunity++,cpu,local_only,opportunity++__only_body25__qwen3_4b,qwen3_4b,only_body25,21466,85864,1339648,52,0,21466,0.02843999936885666,2.2631899985458235,2.2631899985458235,4022489562,8045022056,591016270080,4022468096,1363.9552559998265,1364.411647999077
opportunity++,cpu,bottleneck,opportunity++__only_body25__qwen3_4b,qwen3_4b,only_body25,48872,195488,3349056,684,27604,21268,0.23281100038730074,2.9996819996731823,2.9996819996731823,4029157608,8071694240,701928786368,4029108736,1383.517098000084,1384.7537229994487
opportunity++,cpu,tokenlearner,opportunity++__only_body25__qwen3_4b,qwen3_4b,only_body25,49900,199600,1924672,1100,27444,22456,0.2062010007648496,3.316552001701784,3.316552001701784,4029158636,8071698352,524958925248,4029108736,1350.7986749991687,1351.7738600003213
opportunity++,cpu,posthoc_vq,opportunity++__only_body25__qwen3_4b,qwen3_4b,only_body25,50628,202512,3398208,192,28468,22160,0.248701000600704,2.697581999726384,2.697581999726384,4029159364,8071701264,701928835520,4029108736,1383.517098000084,1384.9153529990872
opportunity++,cpu,joint_vq,opportunity++__only_body25__qwen3_4b,qwen3_4b,only_body25,53004,212016,1957440,81,28468,24536,0.23849100034567527,2.617743000002415,2.617743000002415,4029161740,8071710768,524958958016,4029108736,1350.7986749991687,1351.9110499983071
opportunity++,cpu,deepconvlstm,opportunity++__only_body25__qwen3_4b,qwen3_4b,only_body25,50714,202856,3174656,9332,50714,0,0.3382220002094982,9.820241997546423,9.820241997546423,4029159450,8071701608,701928611968,4029108736,1383.517098000084,1384.6477429997321
opportunity++,cpu,unrestricted_bank,opportunity++__only_body25__qwen3_4b,qwen3_4b,only_body25,53036,212144,1957440,81,28468,24568,0.21800099966640119,2.521362000181293,2.521362000181293,4029161772,8071710896,524958958016,4029108736,1350.7986749991687,1351.837259999229
opportunity++,cpu,separate_banks,opportunity++__only_body25__qwen3_4b,qwen3_4b,only_body25,53036,212144,1957440,81,28468,24568,0.2410710003459826,2.555591999254725,2.555591999254725,4029161772,8071710896,524958958016,4029108736,1350.7986749991687,1351.881038997817
opportunity++,cpu,fixed_resampling,opportunity++__only_body25__qwen3_4b,qwen3_4b,only_body25,53036,212144,1583040,81,28468,24568,0.2376810007262975,2.476622000387474,2.476622000387474,4029161772,8071710896,524958583616,4029108736,1350.7986749991687,1351.7696389972116
opportunity++,cpu,finetune_encoders,opportunity++__only_body25__qwen3_4b,qwen3_4b,only_body25,53036,212144,1957440,81,28468,24568,0.23463099932996556,2.5463329994016792,2.5463329994016792,4029161772,8071710896,524958958016,4029108736,1350.7986749991687,1351.8492479997803
opportunity++,cpu,no_alignment,opportunity++__only_body25__qwen3_4b,qwen3_4b,only_body25,53036,212144,1957440,81,28468,24568,0.23251099992194213,2.5434420013260794,2.5434420013260794,4029161772,8071710896,524958958016,4029108736,1350.7986749991687,1351.838559998214
opportunity++,cpu,no_usage,opportunity++__only_body25__qwen3_4b,qwen3_4b,only_body25,53036,212144,1957440,81,28468,24568,0.23525100004917476,2.5433419987456407,2.5433419987456407,4029161772,8071710896,524958958016,4029108736,1350.7986749991687,1351.8489089983632
opportunity++,cpu,tcn,opportunity++__only_body25__qwen3_4b,qwen3_4b,only_body25,21796,87184,1337664,9332,21796,0,0.3668120007205289,9.848751998903486,9.848751998903486,4029130532,8071585936,701926774976,4029108736,1383.517098000084,1384.660822999649
opportunity++,cpu,ts_transformer,opportunity++__only_body25__qwen3_4b,qwen3_4b,only_body25,34660,138640,2386240,9332,34660,0,0.39325199941231403,9.875112000260293,9.875112000260293,4029143396,8071637392,701927823552,4029108736,1383.517098000084,1384.6744420006871
opportunity++,cpu,patchtst,opportunity++__only_body25__qwen3_4b,qwen3_4b,only_body25,32484,129936,27393984,9332,32484,0,0.6224230000952957,10.107183003016422,10.107183003016422,4029141220,8071628688,517625455296,4029108736,1352.7679889994033,1353.8578240004426
opportunity++,cpu,distrixsense,opportunity++__only_body_sensors__qwen3_4b,qwen3_4b,only_body_sensors,79986,319944,3673280,81,28468,51518,0.23702100043010432,2.559661998959095,2.559661998959095,4029188722,8071818696,524960673856,4029108736,1350.7986749991687,1351.8419190004352
opportunity++,cpu,dense,opportunity++__only_body_sensors__qwen3_4b,qwen3_4b,only_body_sensors,75530,302120,5048512,4324,27444,48086,0.22524099949805532,5.8740919997533085,5.8740919997533085,4029184266,8071800872,701930485824,4029108736,1383.517098000084,1384.7558629986452
opportunity++,cpu,dense_tokens,opportunity++__only_body_sensors__qwen3_4b,qwen3_4b,only_body_sensors,77906,311624,3656896,1100,27444,50462,0.2015509999182541,3.3156419995019677,3.3156419995019677,4029186642,8071810376,524960657472,4029108736,1350.7986749991687,1351.7722799988405
opportunity++,cpu,raw,opportunity++__only_body_sensors__qwen3_4b,qwen3_4b,only_body_sensors,75530,302120,5048512,53584,75530,0,0.4649620004784083,45.35318200010019,45.35318200010019,4029184266,8071800872,701930485824,4029108736,1383.517098000084,1384.7452130012243
opportunity++,cpu,early_fusion,opportunity++__only_body_sensors__qwen3_4b,qwen3_4b,only_body_sensors,53898,215592,3666112,53584,53898,0,0.45079200026520994,45.33861200047917,45.33861200047917,4029162634,8071714344,701929103424,4029108736,1383.517098000084,1384.8834549989988
opportunity++,cpu,late_fusion,opportunity++__only_body_sensors__qwen3_4b,qwen3_4b,only_body_sensors,48416,193664,3055488,88,0,48416,0.0234199997066753,2.2979599999848053,2.2979599999848053,4022516512,8045129856,591017985920,4022468096,1363.9552559998265,1364.4052669988014
opportunity++,cpu,local_only,opportunity++__only_body_sensors__qwen3_4b,qwen3_4b,only_body_sensors,48416,193664,3055488,52,0,48416,0.028000000384054147,2.272301001783018,2.272301001783018,4022516512,8045129856,591017985920,4022468096,1363.9552559998265,1364.424968000094
opportunity++,cpu,bottleneck,opportunity++__only_body_sensors__qwen3_4b,qwen3_4b,only_body_sensors,75822,303288,5064896,684,27604,48218,0.21761099924333394,2.967401999077108,2.967401999077108,4029184558,8071802040,701930502208,4029108736,1383.517098000084,1384.7876839990931
opportunity++,cpu,tokenlearner,opportunity++__only_body_sensors__qwen3_4b,qwen3_4b,only_body_sensors,76850,307400,3640512,1100,27444,49406,0.20536100055323914,3.32443200022215,3.32443200022215,4029185586,8071806152,524960641088,4029108736,1350.7986749991687,1351.7816089988628
opportunity++,cpu,posthoc_vq,opportunity++__only_body_sensors__qwen3_4b,qwen3_4b,only_body_sensors,77578,310312,5114048,192,28468,49110,0.2517709999665385,2.695181999641494,2.695181999641494,4029186314,8071809064,701930551360,4029108736,1383.517098000084,1384.907944000588
opportunity++,cpu,joint_vq,opportunity++__only_body_sensors__qwen3_4b,qwen3_4b,only_body_sensors,79954,319816,3673280,81,28468,51486,0.23572099962620996,2.636952997847297,2.636952997847297,4029188690,8071818568,524960673856,4029108736,1350.7986749991687,1351.9250490007835
opportunity++,cpu,deepconvlstm,opportunity++__only_body_sensors__qwen3_4b,qwen3_4b,only_body_sensors,77664,310656,4890496,53584,77664,0,0.34314199911023024,45.23100199708219,45.23100199708219,4029186400,8071809408,701930327808,4029108736,1383.517098000084,1384.6479229996476
opportunity++,cpu,unrestricted_bank,opportunity++__only_body_sensors__qwen3_4b,qwen3_4b,only_body_sensors,79986,319944,3673280,81,28468,51518,0.21764100165455602,2.5425920021297177,2.5425920021297177,4029188722,8071818696,524960673856,4029108736,1350.7986749991687,1351.8249680000736
opportunity++,cpu,separate_banks,opportunity++__only_body_sensors__qwen3_4b,qwen3_4b,only_body_sensors,79986,319944,3673280,81,28468,51518,0.2438809988234425,2.5636220007362542,2.5636220007362542,4029188722,8071818696,524960673856,4029108736,1350.7986749991687,1351.869648999127
opportunity++,cpu,fixed_resampling,opportunity++__only_body_sensors__qwen3_4b,qwen3_4b,only_body_sensors,79986,319944,2299840,81,28468,51518,0.24302100064232945,2.480651998695871,2.480651998695871,4029188722,8071818696,524959300416,4029108736,1350.7986749991687,1351.7606900004466
opportunity++,cpu,finetune_encoders,opportunity++__only_body_sensors__qwen3_4b,qwen3_4b,only_body_sensors,79986,319944,3673280,81,28468,51518,0.23879100081103388,2.5679130003771977,2.5679130003771977,4029188722,8071818696,524960673856,4029108736,1350.7986749991687,1351.8629989994224
opportunity++,cpu,no_alignment,opportunity++__only_body_sensors__qwen3_4b,qwen3_4b,only_body_sensors,79986,319944,3673280,81,28468,51518,0.23268100085260812,2.5467219993805745,2.5467219993805745,4029188722,8071818696,524960673856,4029108736,1350.7986749991687,1351.861879000353
opportunity++,cpu,no_usage,opportunity++__only_body_sensors__qwen3_4b,qwen3_4b,only_body_sensors,79986,319944,3673280,81,28468,51518,0.23822100047254935,2.56336199802889,2.56336199802889,4029188722,8071818696,524960673856,4029108736,1350.7986749991687,1351.8446899997798
opportunity++,cpu,tcn,opportunity++__only_body_sensors__qwen3_4b,qwen3_4b,only_body_sensors,39786,159144,2480064,53584,39786,0,0.36185099997965153,45.249980999643725,45.249980999643725,4029148522,8071657896,701927917376,4029108736,1383.517098000084,1384.6544430016365
opportunity++,cpu,ts_transformer,opportunity++__only_body_sensors__qwen3_4b,qwen3_4b,only_body_sensors,52650,210600,3528640,53584,52650,0,0.40610200085211545,45.293881999670106,45.293881999670106,4029161386,8071709352,701928965952,4029108736,1383.517098000084,1384.7106929988513
opportunity++,cpu,patchtst,opportunity++__only_body_sensors__qwen3_4b,qwen3_4b,only_body_sensors,48234,192936,53606464,53584,48234,0,0.7500230003643082,45.63794299952073,45.63794299952073,4029156970,8071691688,517651667776,4029108736,1352.7679889994033,1354.01251499934
opportunity++,cpu,distrixsense,opportunity++__only_object_sensors__qwen3_4b,qwen3_4b,only_object_sensors,48536,194144,1671360,81,28468,20068,0.23742099983792286,2.542301998830121,2.542301998830121,4029157272,8071692896,524958671936,4029108736,1350.7986749991687,1351.8434090019582
opportunity++,cpu,dense,opportunity++__only_object_sensors__qwen3_4b,qwen3_4b,only_object_sensors,44080,176320,3046592,4324,27444,16636,0.22367100064002443,5.855150997699401,5.855150997699401,4029152816,8071675072,701928483904,4029108736,1383.517098000084,1384.7487029997865
opportunity++,cpu,dense_tokens,opportunity++__only_object_sensors__qwen3_4b,qwen3_4b,only_object_sensors,46456,185824,1654976,1100,27444,19012,0.20099099856452085,3.299051997596398,3.299051997596398,4029155192,8071684576,524958655552,4029108736,1350.7986749991687,1351.7803600025218
opportunity++,cpu,raw,opportunity++__only_object_sensors__qwen3_4b,qwen3_4b,only_object_sensors,44080,176320,3046592,22396,44080,0,0.4415319999679923,20.37657199988556,20.37657199988556,4029152816,8071675072,701928483904,4029108736,1383.517098000084,1384.7418830009701
opportunity++,cpu,early_fusion,opportunity++__only_object_sensors__qwen3_4b,qwen3_4b,only_object_sensors,33328,133312,2360512,22396,33328,0,0.44330200034892187,20.378801999039784,20.378801999039784,4029142064,8071632064,701927797824,4029108736,1383.517098000084,1384.7196030001214
opportunity++,cpu,late_fusion,opportunity++__only_object_sensors__qwen3_4b,qwen3_4b,only_object_sensors,16966,67864,1053568,88,0,16966,0.02375999974901788,2.278391000934271,2.278391000934271,4022485062,8045004056,591015984000,4022468096,1363.9552559998265,1364.3952580005134
opportunity++,cpu,local_only,opportunity++__only_object_sensors__qwen3_4b,qwen3_4b,only_object_sensors,16966,67864,1053568,52,0,16966,0.028440001187846065,2.264790001634066,2.264790001634066,4022485062,8045004056,591015984000,4022468096,1363.9552559998265,1364.4133689995215
opportunity++,cpu,bottleneck,opportunity++__only_object_sensors__qwen3_4b,qwen3_4b,only_object_sensors,44372,177488,3062976,684,27604,16768,0.21434100017359015,2.9501720003018157,2.9501720003018157,4029153108,8071676240,701928500288,4029108736,1383.517098000084,1384.7835429987754
opportunity++,cpu,tokenlearner,opportunity++__only_object_sensors__qwen3_4b,qwen3_4b,only_object_sensors,45400,181600,1638592,1100,27444,17956,0.20358099936856888,3.3080519988242303,3.3080519988242303,4029154136,8071680352,524958639168,4029108736,1350.7986749991687,1351.7623889983952
opportunity++,cpu,posthoc_vq,opportunity++__only_object_sensors__qwen3_4b,qwen3_4b,only_object_sensors,46128,184512,3112128,192,28468,17660,0.2469609989930177,2.6765519974818686,2.6765519974818686,4029154864,8071683264,701928549440,4029108736,1383.517098000084,1384.9065140020684
opportunity++,cpu,joint_vq,opportunity++__only_object_sensors__qwen3_4b,qwen3_4b,only_object_sensors,48504,194016,1671360,81,28468,20036,0.23988100110727828,2.6192920022657606,2.6192920022657606,4029157240,8071692768,524958671936,4029108736,1350.7986749991687,1351.917570000296
opportunity++,cpu,deepconvlstm,opportunity++__only_object_sensors__qwen3_4b,qwen3_4b,only_object_sensors,46214,184856,2888576,22396,46214,0,0.333941999997478,20.268951999322812,20.268951999322812,4029154950,8071683608,701928325888,4029108736,1383.517098000084,1384.6192830005748
opportunity++,cpu,unrestricted_bank,opportunity++__only_object_sensors__qwen3_4b,qwen3_4b,only_object_sensors,48536,194144,1671360,81,28468,20068,0.21680099962395616,2.5201319995466154,2.5201319995466154,4029157272,8071692896,524958671936,4029108736,1350.7986749991687,1351.8217879991425
opportunity++,cpu,separate_banks,opportunity++__only_object_sensors__qwen3_4b,qwen3_4b,only_object_sensors,48536,194144,1671360,81,28468,20068,0.23935100034577772,2.5491520018766867,2.5491520018766867,4029157272,8071692896,524958671936,4029108736,1350.7986749991687,1351.8538399985118
opportunity++,cpu,fixed_resampling,opportunity++__only_object_sensors__qwen3_4b,qwen3_4b,only_object_sensors,48536,194144,1429440,81,28468,20068,0.23284100097953342,2.462742001654883,2.462742001654883,4029157272,8071692896,524958430016,4029108736,1350.7986749991687,1351.763298998776
opportunity++,cpu,finetune_encoders,opportunity++__only_object_sensors__qwen3_4b,qwen3_4b,only_object_sensors,48536,194144,1671360,81,28468,20068,0.23600100030307658,2.53896200141015,2.53896200141015,4029157272,8071692896,524958671936,4029108736,1350.7986749991687,1351.8397889965854
opportunity++,cpu,no_alignment,opportunity++__only_object_sensors__qwen3_4b,qwen3_4b,only_object_sensors,48536,194144,1671360,81,28468,20068,0.23486099962610751,2.541061999210692,2.541061999210692,4029157272,8071692896,524958671936,4029108736,1350.7986749991687,1351.850368999294
opportunity++,cpu,no_usage,opportunity++__only_object_sensors__qwen3_4b,qwen3_4b,only_object_sensors,48536,194144,1671360,81,28468,20068,0.23402100123348646,2.5389730026580626,2.5389730026580626,4029157272,8071692896,524958671936,4029108736,1350.7986749991687,1351.8547389994637
opportunity++,cpu,tcn,opportunity++__only_object_sensors__qwen3_4b,qwen3_4b,only_object_sensors,19216,76864,1174464,22396,19216,0,0.3608520000852877,20.295891998183865,20.295891998183865,4029127952,8071575616,701926611776,4029108736,1383.517098000084,1384.651672999098
opportunity++,cpu,ts_transformer,opportunity++__only_object_sensors__qwen3_4b,qwen3_4b,only_object_sensors,32080,128320,2223040,22396,32080,0,0.3875919992424315,20.323001999794574,20.323001999794574,4029140816,8071627072,701927660352,4029108736,1383.517098000084,1384.6747629995662
opportunity++,cpu,patchtst,opportunity++__only_object_sensors__qwen3_4b,qwen3_4b,only_object_sensors,30384,121536,21858624,22396,30384,0,0.5950120012130355,20.530292004049475,20.530292004049475,4029139120,8071620288,517619919936,4029108736,1352.7679889994033,1353.854543000125
opportunity++,cpu,distrixsense,opportunity++__only_rgb__qwen3_4b,qwen3_4b,only_rgb,103580,414320,5177280,81,28468,75112,0.23322099877987057,2.550792000903934,2.550792000903934,4029212316,8071913072,524962177856,4029108736,1350.7986749991687,1351.862898998661
opportunity++,cpu,dense,opportunity++__only_rgb__qwen3_4b,qwen3_4b,only_rgb,99124,396496,6552512,4324,27444,71680,0.22657099907519296,5.875250997955608,5.875250997955608,4029207860,8071895248,701931989824,4029108736,1383.517098000084,1384.7507429982215
opportunity++,cpu,dense_tokens,opportunity++__only_rgb__qwen3_4b,qwen3_4b,only_rgb,101500,406000,5160896,1100,27444,74056,0.21558100161200855,3.335942001281073,3.335942001281073,4029210236,8071904752,524962161472,4029108736,1350.7986749991687,1351.784439999392
opportunity++,cpu,raw,opportunity++__only_rgb__qwen3_4b,qwen3_4b,only_rgb,99124,396496,6552512,23624,99124,0,0.45664200115425047,21.37473200238326,21.37473200238326,4029207860,8071895248,701931989824,4029108736,1383.517098000084,1384.7527440011618
opportunity++,cpu,early_fusion,opportunity++__only_rgb__qwen3_4b,qwen3_4b,only_rgb,71476,285904,4785088,23624,71476,0,0.45435199899657164,21.372121999971732,21.372121999971732,4029180212,8071784656,701930222400,4029108736,1383.517098000084,1384.7434529998282
opportunity++,cpu,late_fusion,opportunity++__only_rgb__qwen3_4b,qwen3_4b,only_rgb,72010,288040,4559488,88,0,72010,0.023779999537509866,2.299360998356342,2.299360998356342,4022540106,8045224232,591019489920,4022468096,1363.9552559998265,1364.409527999669
opportunity++,cpu,local_only,opportunity++__only_rgb__qwen3_4b,qwen3_4b,only_rgb,72010,288040,4559488,52,0,72010,0.028550000934046693,2.2758010011489036,2.2758010011489036,4022540106,8045224232,591019489920,4022468096,1363.9552559998265,1364.4246690018917
opportunity++,cpu,bottleneck,opportunity++__only_rgb__qwen3_4b,qwen3_4b,only_rgb,99416,397664,6568896,684,27604,71812,0.21804099924338516,2.969491999711888,2.969491999711888,4029208152,8071896416,701932006208,4029108736,1383.517098000084,1384.8007039996446
opportunity++,cpu,tokenlearner,opportunity++__only_rgb__qwen3_4b,qwen3_4b,only_rgb,100444,401776,5144512,1100,27444,73000,0.20925100034219213,3.322901999122114,3.322901999122114,4029209180,8071900528,524962145088,4029108736,1350.7986749991687,1351.7910589998792
opportunity++,cpu,posthoc_vq,opportunity++__only_rgb__qwen3_4b,qwen3_4b,only_rgb,101172,404688,6618048,192,28468,72704,0.26473100115254056,2.7113129995799623,2.7113129995799623,4029209908,8071903440,701932055360,4029108736,1383.517098000084,1384.9346040005912
opportunity++,cpu,joint_vq,opportunity++__only_rgb__qwen3_4b,qwen3_4b,only_rgb,103548,414192,5177280,81,28468,75080,0.23444099861080758,2.6286919974444434,2.6286919974444434,4029212284,8071912944,524962177856,4029108736,1350.7986749991687,1351.9374989991775
opportunity++,cpu,deepconvlstm,opportunity++__only_rgb__qwen3_4b,qwen3_4b,only_rgb,101258,405032,6394496,23624,101258,0,0.3545620002114447,21.272412000340573,21.272412000340573,4029209994,8071903784,701931831808,4029108736,1383.517098000084,1384.6434730003239
opportunity++,cpu,unrestricted_bank,opportunity++__only_rgb__qwen3_4b,qwen3_4b,only_rgb,103580,414320,5177280,81,28468,75112,0.20857099843851756,2.5295120003937743,2.5295120003937743,4029212316,8071913072,524962177856,4029108736,1350.7986749991687,1351.8407690007734
opportunity++,cpu,separate_banks,opportunity++__only_rgb__qwen3_4b,qwen3_4b,only_rgb,103580,414320,5177280,81,28468,75112,0.24165099966921844,2.561012000143714,2.561012000143714,4029212316,8071913072,524962177856,4029108736,1350.7986749991687,1351.864119998936
opportunity++,cpu,fixed_resampling,opportunity++__only_rgb__qwen3_4b,qwen3_4b,only_rgb,103580,414320,2781120,81,28468,75112,0.2390609988651704,2.4914419946361566,2.4914419946361566,4029212316,8071913072,524959781696,4029108736,1350.7986749991687,1351.7638000012084
opportunity++,cpu,finetune_encoders,opportunity++__only_rgb__qwen3_4b,qwen3_4b,only_rgb,103580,414320,5177280,81,28468,75112,0.23914099983812775,2.561941998494044,2.561941998494044,4029212316,8071913072,524962177856,4029108736,1350.7986749991687,1351.8570999985968
opportunity++,cpu,no_alignment,opportunity++__only_rgb__qwen3_4b,qwen3_4b,only_rgb,103580,414320,5177280,81,28468,75112,0.23357099962595385,2.553161998577602,2.553161998577602,4029212316,8071913072,524962177856,4029108736,1350.7986749991687,1351.852007999696
opportunity++,cpu,no_usage,opportunity++__only_rgb__qwen3_4b,qwen3_4b,only_rgb,103580,414320,5177280,81,28468,75112,0.2350310005567735,2.5529020013272063,2.5529020013272063,4029212316,8071913072,524962177856,4029108736,1350.7986749991687,1351.872438999635
opportunity++,cpu,tcn,opportunity++__only_rgb__qwen3_4b,qwen3_4b,only_rgb,57364,229456,3599040,23624,57364,0,0.3673709998111008,21.28524100154771,21.28524100154771,4029166100,8071728208,701929036352,4029108736,1383.517098000084,1384.7140240013687
opportunity++,cpu,ts_transformer,opportunity++__only_rgb__qwen3_4b,qwen3_4b,only_rgb,70228,280912,4647616,23624,70228,0,0.41043199962587096,21.328021998866625,21.328021998866625,4029178964,8071779664,701930084928,4029108736,1383.517098000084,1384.7067529986816
opportunity++,cpu,patchtst,opportunity++__only_rgb__qwen3_4b,qwen3_4b,only_rgb,64308,257232,71558208,23624,64308,0,0.8045430004131049,21.724712999654166,21.724712999654166,4029173044,8071755984,517669619520,4029108736,1352.7679889994033,1354.0638249996846
openmarcie_bicycle,cpu,distrixsense,openmarcie_bicycle__all__qwen3_4b,qwen3_4b,all,774166,3096664,53792192,1105,41656,732510,0.7279630008270033,3.4154459998985987,24.649233006561175,4029882902,8074595416,1416329243968,4029108736,1572.10163200034,1578.28477700059
openmarcie_bicycle,cpu,dense,openmarcie_bicycle__all__qwen3_4b,qwen3_4b,all,716238,2864952,110048704,56212,28344,687894,1.2805850001313956,10.603627000052692,68.49507399415926,4029824974,8074363704,3814140424512,4029108736,2368.9550529998087,2378.325961999508
openmarcie_bicycle,cpu,dense_tokens,openmarcie_bicycle__all__qwen3_4b,qwen3_4b,all,747126,2988504,53579200,14300,28344,718782,0.5812629988213303,4.83348399797047,34.92637400020379,4029855862,8074487256,1416329030976,4029108736,1572.10163200034,1577.5867859993014
openmarcie_bicycle,cpu,raw,openmarcie_bicycle__all__qwen3_4b,qwen3_4b,all,716238,2864952,110048704,503756,716238,0,3.2311030008713715,317.76033400086715,426.4946140002042,4029824974,8074363704,3814140424512,4029108736,2368.9550529998087,2377.8801810003642
openmarcie_bicycle,cpu,early_fusion,openmarcie_bicycle__all__qwen3_4b,qwen3_4b,all,487758,1951032,31210944,503756,487758,0,1.8370269990555244,316.3617880017581,425.09481800612895,4029596494,8073449784,879286057280,4029108736,1428.7239590012177,1431.754342002023
openmarcie_bicycle,cpu,late_fusion,openmarcie_bicycle__all__qwen3_4b,qwen3_4b,all,693042,2772168,43793792,1248,0,693042,0.0881709984241752,2.664501998495683,23.54286100188943,4023161138,8047708360,767963459968,4022468096,1404.7929179996572,1407.9518620001181
openmarcie_bicycle,cpu,local_only,openmarcie_bicycle__all__qwen3_4b,qwen3_4b,all,693042,2772168,43793792,676,0,693042,0.1379309996991651,2.649773002288351,23.137512003651192,4023161138,8047708360,767963459968,4022468096,1404.7929179996572,1407.9073230004724
openmarcie_bicycle,cpu,bottleneck,openmarcie_bicycle__all__qwen3_4b,qwen3_4b,all,720034,2880136,110261696,8892,30424,689610,1.3218160001997603,4.848608000420477,30.90544699704638,4029828770,8074378888,3814140637504,4029108736,2368.9550529998087,2378.4893179981736
openmarcie_bicycle,cpu,tokenlearner,openmarcie_bicycle__all__qwen3_4b,qwen3_4b,all,733398,2933592,53366208,14300,28344,705054,0.5617629994958406,4.7903350009053245,34.79381600052642,4029842134,8074432344,1416328817984,4029108736,1572.10163200034,1577.4817670007906
openmarcie_bicycle,cpu,posthoc_vq,openmarcie_bicycle__all__qwen3_4b,qwen3_4b,all,862670,3450680,110900672,2704,41656,821014,1.394977000018116,4.333658999963384,27.036045996942487,4029971406,8074949432,3814141276480,4029108736,2368.9550529998087,2380.003244999898
openmarcie_bicycle,cpu,joint_vq,openmarcie_bicycle__all__qwen3_4b,qwen3_4b,all,893558,3574232,53792192,1105,41656,851902,0.7166230006987462,3.5775370005735896,25.63993300507171,4030002294,8075072984,1416329243968,4029108736,1572.10163200034,1579.1713839989825
openmarcie_bicycle,cpu,deepconvlstm,openmarcie_bicycle__all__qwen3_4b,qwen3_4b,all,679906,2719624,43260288,503756,679906,0,1.835477998611168,316.36226899894507,425.0931489978587,4029788642,8074218376,879298106624,4029108736,1428.7239590012177,1431.6746020031133
openmarcie_bicycle,cpu,unrestricted_bank,openmarcie_bicycle__all__qwen3_4b,qwen3_4b,all,938902,3755608,56348096,1105,41656,897246,0.7103429998096544,3.409525997021352,24.705816993877292,4030047638,8075254360,1416331799872,4029108736,1572.10163200034,1578.7840630000574
openmarcie_bicycle,cpu,separate_banks,openmarcie_bicycle__all__qwen3_4b,qwen3_4b,all,774166,3096664,53792192,1105,41656,732510,0.7602839996252442,3.4578259991845117,24.812520000044955,4029882902,8074595416,1416329243968,4029108736,1572.10163200034,1578.3018710008037
openmarcie_bicycle,cpu,fixed_resampling,openmarcie_bicycle__all__qwen3_4b,qwen3_4b,all,774166,3096664,27617088,1105,41656,732510,0.7244230000651442,3.2673949999021135,23.700900003381307,4029882902,8074595416,1416303068864,4029108736,1572.10163200034,1577.1287349998602
openmarcie_bicycle,cpu,finetune_encoders,openmarcie_bicycle__all__qwen3_4b,qwen3_4b,all,774166,3096664,53792192,1105,41656,732510,0.722044000212918,3.4169660001948943,24.694645999692497,4029882902,8074595416,1416329243968,4029108736,1572.10163200034,1578.2506100003957
openmarcie_bicycle,cpu,no_alignment,openmarcie_bicycle__all__qwen3_4b,qwen3_4b,all,774166,3096664,53792192,1105,41656,732510,0.7403629988402827,3.422394999624463,24.687805995630683,4029882902,8074595416,1416329243968,4029108736,1572.10163200034,1578.1760810004926
openmarcie_bicycle,cpu,no_usage,openmarcie_bicycle__all__qwen3_4b,qwen3_4b,all,774166,3096664,53792192,1105,41656,732510,0.7179830008681165,3.4608759987618543,24.875347999544815,4029882902,8074595416,1416329243968,4029108736,1572.10163200034,1578.3105710015661
openmarcie_bicycle,cpu,tcn,openmarcie_bicycle__all__qwen3_4b,qwen3_4b,all,473262,1893048,30024896,503756,473262,0,1.7598189988348167,316.2880599974768,425.02116000383586,4029581998,8073391800,879284871232,4029108736,1428.7239590012177,1431.5362320012355
openmarcie_bicycle,cpu,ts_transformer,openmarcie_bicycle__all__qwen3_4b,qwen3_4b,all,486126,1944504,31073472,503756,486126,0,1.789128000382334,316.3133980014562,425.04463899700687,4029594862,8073443256,879285919808,4029108736,1428.7239590012177,1431.5962420005235
openmarcie_bicycle,cpu,patchtst,openmarcie_bicycle__all__qwen3_4b,qwen3_4b,all,438926,1755704,555664320,503756,438926,0,4.303710000385763,318.82776000014826,427.5580410022133,4029547662,8073254456,694775345856,4029108736,1386.5001419999317,1391.6824749994703
openmarcie_bicycle,cpu,distrixsense,openmarcie_bicycle__only_audio__qwen3_4b,qwen3_4b,only_audio,384174,1536696,23086784,81,28600,355574,0.24012100038817152,2.642562997636455,2.642562997636455,4029492910,8073035448,524980087360,4029108736,1350.7986749991687,1351.9337800007634
openmarcie_bicycle,cpu,dense,openmarcie_bicycle__only_audio__qwen3_4b,qwen3_4b,only_audio,379718,1518872,24465088,4324,27576,352142,0.22007099869369995,5.947931997393188,5.947931997393188,4029488454,8073017624,701949902400,4029108736,1383.517098000084,1384.829153001192
openmarcie_bicycle,cpu,dense_tokens,openmarcie_bicycle__only_audio__qwen3_4b,qwen3_4b,only_audio,382094,1528376,23070400,1100,27576,354518,0.19872099983331282,3.397753000167431,3.397753000167431,4029490830,8073027128,524980070976,4029108736,1350.7986749991687,1351.8509899986384
openmarcie_bicycle,cpu,raw,openmarcie_bicycle__only_audio__qwen3_4b,qwen3_4b,only_audio,379718,1518872,24465088,390484,379718,0,0.5323330005921889,314.97290400142344,314.97290400142344,4029488454,8073017624,701949902400,4029108736,1383.517098000084,1384.854373998678
openmarcie_bicycle,cpu,early_fusion,openmarcie_bicycle__only_audio__qwen3_4b,qwen3_4b,only_audio,310854,1243416,20059840,390484,310854,0,0.5207829999562819,314.96320299987826,314.96320299987826,4029419590,8072742168,701945497152,4029108736,1383.517098000084,1384.8552149993338
openmarcie_bicycle,cpu,late_fusion,openmarcie_bicycle__only_audio__qwen3_4b,qwen3_4b,only_audio,352538,1410152,22467968,96,0,352538,0.02291000055265613,2.388661000227509,2.388661000227509,4022820634,8046346344,591037398400,4022468096,1363.9552559998265,1364.4924789987272
openmarcie_bicycle,cpu,local_only,openmarcie_bicycle__only_audio__qwen3_4b,qwen3_4b,only_audio,352538,1410152,22467968,52,0,352538,0.028000000384054147,2.3521010000581386,2.3521010000581386,4022820634,8046346344,591037398400,4022468096,1363.9552559998265,1364.513178999914
openmarcie_bicycle,cpu,bottleneck,openmarcie_bicycle__only_audio__qwen3_4b,qwen3_4b,only_audio,380010,1520040,24481472,684,27736,352274,0.22087100114731584,3.0496840011174093,3.0496840011174093,4029488746,8073018792,701949918784,4029108736,1383.517098000084,1384.8399149992474
openmarcie_bicycle,cpu,tokenlearner,openmarcie_bicycle__only_audio__qwen3_4b,qwen3_4b,only_audio,381038,1524152,23054016,1100,27576,353462,0.20155000129307155,3.3984510027902433,3.3984510027902433,4029489774,8073022904,524980054592,4029108736,1350.7986749991687,1351.8463399996108
openmarcie_bicycle,cpu,posthoc_vq,openmarcie_bicycle__only_audio__qwen3_4b,qwen3_4b,only_audio,381766,1527064,24530624,192,28600,353166,0.25078099861275405,2.764774000368919,2.764774000368919,4029490502,8073025816,701949967936,4029108736,1383.517098000084,1384.9764149999828
openmarcie_bicycle,cpu,joint_vq,openmarcie_bicycle__only_audio__qwen3_4b,qwen3_4b,only_audio,384142,1536568,23086784,81,28600,355542,0.22879099924466573,2.696781996775721,2.696781996775721,4029492878,8073035320,524980087360,4029108736,1350.7986749991687,1351.9943010014686
openmarcie_bicycle,cpu,deepconvlstm,openmarcie_bicycle__only_audio__qwen3_4b,qwen3_4b,only_audio,381786,1527144,24302976,390484,381786,0,0.42674200085457414,314.8674520015801,314.8674520015801,4029490522,8073025896,701949740288,4029108736,1383.517098000084,1384.735104000356
openmarcie_bicycle,cpu,unrestricted_bank,openmarcie_bicycle__only_audio__qwen3_4b,qwen3_4b,only_audio,384174,1536696,23086784,81,28600,355574,0.2183010001317598,2.6187619996852707,2.6187619996852707,4029492910,8073035448,524980087360,4029108736,1350.7986749991687,1351.893969998855
openmarcie_bicycle,cpu,separate_banks,openmarcie_bicycle__only_audio__qwen3_4b,qwen3_4b,only_audio,384174,1536696,23086784,81,28600,355574,0.24010100059967954,2.634133000385086,2.634133000385086,4029492910,8073035448,524980087360,4029108736,1350.7986749991687,1351.9209699989005
openmarcie_bicycle,cpu,fixed_resampling,openmarcie_bicycle__only_audio__qwen3_4b,qwen3_4b,only_audio,384174,1536696,6079552,81,28600,355574,0.23665099979552906,2.508841999799083,2.508841999799083,4029492910,8073035448,524963080128,4029108736,1350.7986749991687,1351.7831889985246
openmarcie_bicycle,cpu,finetune_encoders,openmarcie_bicycle__only_audio__qwen3_4b,qwen3_4b,only_audio,384174,1536696,23086784,81,28600,355574,0.23249100013345014,2.633453000300401,2.633453000300401,4029492910,8073035448,524980087360,4029108736,1350.7986749991687,1351.90276999856
openmarcie_bicycle,cpu,no_alignment,openmarcie_bicycle__only_audio__qwen3_4b,qwen3_4b,only_audio,384174,1536696,23086784,81,28600,355574,0.2366110002185451,2.633912000448513,2.633912000448513,4029492910,8073035448,524980087360,4029108736,1350.7986749991687,1351.923109998097
openmarcie_bicycle,cpu,no_usage,openmarcie_bicycle__only_audio__qwen3_4b,qwen3_4b,only_audio,384174,1536696,23086784,81,28600,355574,0.23684100051468704,2.6275630016533658,2.6275630016533658,4029492910,8073035448,524980087360,4029108736,1350.7986749991687,1351.9187399997463
openmarcie_bicycle,cpu,tcn,openmarcie_bicycle__only_audio__qwen3_4b,qwen3_4b,only_audio,296742,1186968,18873792,390484,296742,0,0.4370120004750788,314.8788520010738,314.8788520010738,4029405478,8072685720,701944311104,4029108736,1383.517098000084,1384.728033999636
openmarcie_bicycle,cpu,ts_transformer,openmarcie_bicycle__only_audio__qwen3_4b,qwen3_4b,only_audio,309606,1238424,19922368,390484,309606,0,0.48959299965645187,314.9315030004244,314.9315030004244,4029418342,8072737176,701945359680,4029108736,1383.517098000084,1384.774173000551
openmarcie_bicycle,cpu,patchtst,openmarcie_bicycle__only_audio__qwen3_4b,qwen3_4b,only_audio,293382,1173528,202152128,390484,293382,0,1.3882359999115579,315.83065599983354,315.83065599983354,4029402118,8072672280,517800213440,4029108736,1352.7679889994033,1354.696177999358
openmarcie_bicycle,cpu,distrixsense,openmarcie_bicycle__only_barometer__qwen3_4b,qwen3_4b,only_barometer,35672,142688,848064,81,28600,7072,0.2398509986960562,2.5352119983216514,2.5352119983216514,4029144408,8071641440,524957848640,4029108736,1350.7986749991687,1351.8187499994383
openmarcie_bicycle,cpu,dense,openmarcie_bicycle__only_barometer__qwen3_4b,qwen3_4b,only_barometer,31216,124864,2226368,4324,27576,3640,0.21685100000468083,5.83594099803553,5.83594099803553,4029139952,8071623616,701927663680,4029108736,1383.517098000084,1384.7272139992128
openmarcie_bicycle,cpu,dense_tokens,openmarcie_bicycle__only_barometer__qwen3_4b,qwen3_4b,only_barometer,33592,134368,831680,1100,27576,6016,0.20547100029943977,3.301882001319318,3.301882001319318,4029142328,8071633120,524957832256,4029108736,1350.7986749991687,1351.7432500011637
openmarcie_bicycle,cpu,raw,openmarcie_bicycle__only_barometer__qwen3_4b,qwen3_4b,only_barometer,31216,124864,2226368,524,31216,0,0.42891200064332224,2.8632220018295804,2.8632220018295804,4029139952,8071623616,701927663680,4029108736,1383.517098000084,1384.6977529992728
openmarcie_bicycle,cpu,early_fusion,openmarcie_bicycle__only_barometer__qwen3_4b,qwen3_4b,only_barometer,27760,111040,2007232,524,27760,0,0.4318020000937395,2.8663919983188855,2.8663919983188855,4029136496,8071609792,701927444544,4029108736,1383.517098000084,1384.7102150011779
openmarcie_bicycle,cpu,late_fusion,openmarcie_bicycle__only_barometer__qwen3_4b,qwen3_4b,only_barometer,4036,16144,229248,96,0,4036,0.023610000425833277,2.2768810018216725,2.2768810018216725,4022472132,8044952336,598372624384,4022468096,1365.2376339996408,1365.700165999442
openmarcie_bicycle,cpu,local_only,openmarcie_bicycle__only_barometer__qwen3_4b,qwen3_4b,only_barometer,4036,16144,229248,52,0,4036,0.02826999843819067,2.2628899962614755,2.2628899962614755,4022472132,8044952336,598372624384,4022468096,1365.2376339996408,1365.6959849995474
openmarcie_bicycle,cpu,bottleneck,openmarcie_bicycle__only_barometer__qwen3_4b,qwen3_4b,only_barometer,31508,126032,2242752,684,27736,3772,0.22687099954055157,2.963542001699377,2.963542001699377,4029140244,8071624784,701927680064,4029108736,1383.517098000084,1384.7727550000855
openmarcie_bicycle,cpu,tokenlearner,openmarcie_bicycle__only_barometer__qwen3_4b,qwen3_4b,only_barometer,32536,130144,815296,1100,27576,4960,0.2105509993270971,3.3092519988666753,3.3092519988666753,4029141272,8071628896,524957815872,4029108736,1350.7986749991687,1351.7809089989896
openmarcie_bicycle,cpu,posthoc_vq,openmarcie_bicycle__only_barometer__qwen3_4b,qwen3_4b,only_barometer,33264,133056,2291904,192,28600,4664,0.26832099865714554,2.7036919978658203,2.7036919978658203,4029142000,8071631808,701927729216,4029108736,1383.517098000084,1384.937203998561
openmarcie_bicycle,cpu,joint_vq,openmarcie_bicycle__only_barometer__qwen3_4b,qwen3_4b,only_barometer,35640,142560,848064,81,28600,7040,0.24769100127741694,2.630393001738307,2.630393001738307,4029144376,8071641312,524957848640,4029108736,1350.7986749991687,1352.1495219993085
openmarcie_bicycle,cpu,deepconvlstm,openmarcie_bicycle__only_barometer__qwen3_4b,qwen3_4b,only_barometer,33284,133136,2064256,524,33284,0,0.4810919999727048,2.9164119986632606,2.9164119986632606,4029142020,8071631888,701927501568,4029108736,1383.517098000084,1384.6115329997701
openmarcie_bicycle,cpu,unrestricted_bank,openmarcie_bicycle__only_barometer__qwen3_4b,qwen3_4b,only_barometer,35672,142688,848064,81,28600,7072,0.20952100021531805,2.503032000306016,2.503032000306016,4029144408,8071641440,524957848640,4029108736,1350.7986749991687,1351.8159600007493
openmarcie_bicycle,cpu,separate_banks,openmarcie_bicycle__only_barometer__qwen3_4b,qwen3_4b,only_barometer,35672,142688,848064,81,28600,7072,0.24099099937302526,2.5347720011558383,2.5347720011558383,4029144408,8071641440,524957848640,4029108736,1350.7986749991687,1351.8452189982781
openmarcie_bicycle,cpu,fixed_resampling,openmarcie_bicycle__only_barometer__qwen3_4b,qwen3_4b,only_barometer,35672,142688,846912,81,28600,7072,0.2366110002185451,2.461200999306934,2.461200999306934,4029144408,8071641440,524957847488,4029108736,1350.7986749991687,1351.761888998226
openmarcie_bicycle,cpu,finetune_encoders,openmarcie_bicycle__only_barometer__qwen3_4b,qwen3_4b,only_barometer,35672,142688,848064,81,28600,7072,0.23577100000693463,2.5299729977922514,2.5299729977922514,4029144408,8071641440,524957848640,4029108736,1350.7986749991687,1351.8273899990163
openmarcie_bicycle,cpu,no_alignment,openmarcie_bicycle__only_barometer__qwen3_4b,qwen3_4b,only_barometer,35672,142688,848064,81,28600,7072,0.23372100076812785,2.534112000859645,2.534112000859645,4029144408,8071641440,524957848640,4029108736,1350.7986749991687,1351.8344399981288
openmarcie_bicycle,cpu,no_usage,openmarcie_bicycle__only_barometer__qwen3_4b,qwen3_4b,only_barometer,35672,142688,848064,81,28600,7072,0.23663100000703707,2.539823000035435,2.539823000035435,4029144408,8071641440,524957848640,4029108736,1350.7986749991687,1351.830620000328
openmarcie_bicycle,cpu,tcn,openmarcie_bicycle__only_barometer__qwen3_4b,qwen3_4b,only_barometer,13648,54592,821184,524,13648,0,0.3400109999347478,2.7745610022208886,2.7745610022208886,4029122384,8071553344,701926258496,4029108736,1383.517098000084,1384.6124739993684
openmarcie_bicycle,cpu,ts_transformer,openmarcie_bicycle__only_barometer__qwen3_4b,qwen3_4b,only_barometer,26512,106048,1869760,524,26512,0,0.3861109998979373,2.8207920003439533,2.8207920003439533,4029135248,8071604800,701927307072,4029108736,1383.517098000084,1384.6656230016379
openmarcie_bicycle,cpu,patchtst,openmarcie_bicycle__only_barometer__qwen3_4b,qwen3_4b,only_barometer,26640,106560,1087936,524,26640,0,0.43007100066461135,2.8647610032891855,2.8647610032891855,4029135376,8071605312,517599149248,4029108736,1352.7679889994033,1353.6643629995524
openmarcie_bicycle,cpu,distrixsense,openmarcie_bicycle__only_depth__qwen3_4b,qwen3_4b,only_depth,94448,377792,5235904,249,30776,63672,0.31542100077786017,2.644362000534171,7.228225001116678,4029203184,8071876544,672335663680,4029108736,1387.5869269995746,1389.568466000128
openmarcie_bicycle,cpu,dense,openmarcie_bicycle__only_depth__qwen3_4b,qwen3_4b,only_depth,81080,324320,10845376,12972,27704,53376,0.32916199961618986,5.979682997671934,17.216873998280988,4029189816,8071823072,1206983708224,4029108736,1510.1884969990351,1512.7549399985583
openmarcie_bicycle,cpu,dense_tokens,openmarcie_bicycle__only_depth__qwen3_4b,qwen3_4b,only_depth,88208,352832,5186752,3300,27704,60504,0.2694120012165513,3.3907130018586757,9.583444001677563,4029196944,8071851584,672335614528,4029108736,1387.5869269995746,1389.8190180007077
openmarcie_bicycle,cpu,raw,openmarcie_bicycle__only_depth__qwen3_4b,qwen3_4b,only_depth,81080,324320,10845376,19188,81080,0,1.287625998884323,8.431845999945141,22.684007000560733,4029189816,8071823072,1206983708224,4029108736,1510.1884969990351,1512.5949180001044
openmarcie_bicycle,cpu,early_fusion,openmarcie_bicycle__only_depth__qwen3_4b,qwen3_4b,only_depth,47224,188896,3220672,19188,47224,0,0.6657230005657766,7.810283001668937,22.062292998879194,4029155960,8071687648,731436373568,4029108736,1392.476330000136,1394.045876999371
openmarcie_bicycle,cpu,late_fusion,openmarcie_bicycle__only_depth__qwen3_4b,qwen3_4b,only_depth,54564,218256,3381504,288,0,54564,0.03522000042721629,2.306942002692446,6.802974004763737,4022522660,8045154448,620455248640,4022468096,1399.2853519994242,1400.1954959985596
openmarcie_bicycle,cpu,local_only,openmarcie_bicycle__only_depth__qwen3_4b,qwen3_4b,only_depth,54564,218256,3381504,156,0,54564,0.049840000428957865,2.2923620029064127,6.732733003266225,4022522660,8045154448,620455248640,4022468096,1399.2853519994242,1400.1844970007369
openmarcie_bicycle,cpu,bottleneck,openmarcie_bicycle__only_depth__qwen3_4b,qwen3_4b,only_depth,81956,327824,10894528,2052,28184,53772,0.34115199923689943,3.089812999197445,8.541023997907434,4029190692,8071826576,1206983757376,4029108736,1510.1884969990351,1512.7455389992974
openmarcie_bicycle,cpu,tokenlearner,openmarcie_bicycle__only_depth__qwen3_4b,qwen3_4b,only_depth,85040,340160,5137600,3300,27704,57336,0.2621019993966911,3.3709839990432373,9.549405998754665,4029193776,8071838912,672335565376,4029108736,1387.5869269995746,1389.2907250010467
openmarcie_bicycle,cpu,posthoc_vq,openmarcie_bicycle__only_depth__qwen3_4b,qwen3_4b,only_depth,93368,373472,11041984,600,30776,62592,0.3874319991155062,2.840492999890703,7.683184998303187,4029202104,8071872224,1206983904832,4029108736,1510.1884969990351,1513.1468210001913
openmarcie_bicycle,cpu,joint_vq,openmarcie_bicycle__only_depth__qwen3_4b,qwen3_4b,only_depth,100496,401984,5235904,249,30776,69720,0.314420998620335,2.707422001218516,7.4319640033618075,4029209232,8071900736,672335663680,4029108736,1387.5869269995746,1389.7194159999344
openmarcie_bicycle,cpu,deepconvlstm,openmarcie_bicycle__only_depth__qwen3_4b,qwen3_4b,only_depth,76748,306992,4821760,19188,76748,0,0.5505620010808343,7.6945820006187535,21.946642000028724,4029185484,8071805744,731437974656,4029108736,1392.476330000136,1393.8278860005084
openmarcie_bicycle,cpu,unrestricted_bank,openmarcie_bicycle__only_depth__qwen3_4b,qwen3_4b,only_depth,100784,403136,5334208,249,30776,70008,0.27933099954680074,2.6141719987538874,7.198383999738306,4029209520,8071901888,672335761984,4029108736,1387.5869269995746,1389.4412659992668
openmarcie_bicycle,cpu,separate_banks,openmarcie_bicycle__only_depth__qwen3_4b,qwen3_4b,only_depth,94448,377792,5235904,249,30776,63672,0.3215710003132699,2.6510420008310813,7.230934000207506,4029203184,8071876544,672335663680,4029108736,1387.5869269995746,1389.4760359999054
openmarcie_bicycle,cpu,fixed_resampling,openmarcie_bicycle__only_depth__qwen3_4b,qwen3_4b,only_depth,94448,377792,4412608,249,30776,63672,0.3142610003123991,2.5635220023435306,6.998064002717891,4029203184,8071876544,672334840384,4029108736,1387.5869269995746,1389.251434999096
openmarcie_bicycle,cpu,finetune_encoders,openmarcie_bicycle__only_depth__qwen3_4b,qwen3_4b,only_depth,94448,377792,5235904,249,30776,63672,0.317202000587713,2.6384030021620912,7.219515001369453,4029203184,8071876544,672335663680,4029108736,1387.5869269995746,1389.4872250002663
openmarcie_bicycle,cpu,no_alignment,openmarcie_bicycle__only_depth__qwen3_4b,qwen3_4b,only_depth,94448,377792,5235904,249,30776,63672,0.3231609989597928,2.643581997869047,7.219633994199265,4029203184,8071876544,672335663680,4029108736,1387.5869269995746,1389.4833760004985
openmarcie_bicycle,cpu,no_usage,openmarcie_bicycle__only_depth__qwen3_4b,qwen3_4b,only_depth,94448,377792,5235904,249,30776,63672,0.31707199923403095,2.635122998650628,7.213224999676621,4029203184,8071876544,672335663680,4029108736,1387.5869269995746,1389.4902060001186
openmarcie_bicycle,cpu,tcn,openmarcie_bicycle__only_depth__qwen3_4b,qwen3_4b,only_depth,33048,132192,2034624,19188,33048,0,0.5658530008076923,7.710033000472537,21.962043001320772,4029141784,8071630944,731435187520,4029108736,1392.476330000136,1393.8463359991147
openmarcie_bicycle,cpu,ts_transformer,openmarcie_bicycle__only_depth__qwen3_4b,qwen3_4b,only_depth,45912,183648,3083200,19188,45912,0,0.633032999758143,7.776973000142094,22.028952998579108,4029154648,8071682400,731436236096,4029108736,1392.476330000136,1393.8919469983375
openmarcie_bicycle,cpu,patchtst,openmarcie_bicycle__only_depth__qwen3_4b,qwen3_4b,only_depth,39928,159712,69986496,19188,39928,0,1.0207539999100845,8.164774001266993,22.416503997800383,4029148664,8071658464,547057798592,4029108736,1354.2728129996249,1355.932420998215
openmarcie_bicycle,cpu,distrixsense,openmarcie_bicycle__only_imu__qwen3_4b,qwen3_4b,only_imu,39074,156296,1063488,81,28600,10474,0.24354099878109992,2.5569419986203545,2.5569419986203545,4029147810,8071655048,524958064064,4029108736,1350.7986749991687,1351.8676109997614
openmarcie_bicycle,cpu,dense,openmarcie_bicycle__only_imu__qwen3_4b,qwen3_4b,only_imu,34618,138472,2441792,4324,27576,7042,0.22142099987831898,5.855302001104737,5.855302001104737,4029143354,8071637224,701927879104,4029108736,1383.517098000084,1384.754984999745
openmarcie_bicycle,cpu,dense_tokens,openmarcie_bicycle__only_imu__qwen3_4b,qwen3_4b,only_imu,36994,147976,1047104,1100,27576,9418,0.20657100139942486,3.3105620022932998,3.3105620022932998,4029145730,8071646728,524958047680,4029108736,1350.7986749991687,1351.7766990007658
openmarcie_bicycle,cpu,raw,openmarcie_bicycle__only_imu__qwen3_4b,qwen3_4b,only_imu,34618,138472,2441792,16164,34618,0,0.4568820004351437,15.409052001495194,15.409052001495194,4029143354,8071637224,701927879104,4029108736,1383.517098000084,1384.7393830001238
openmarcie_bicycle,cpu,early_fusion,openmarcie_bicycle__only_imu__qwen3_4b,qwen3_4b,only_imu,28858,115432,2075200,16164,28858,0,0.44800199975725263,15.398222000520956,15.398222000520956,4029137594,8071614184,701927512512,4029108736,1383.517098000084,1384.7301629994035
openmarcie_bicycle,cpu,late_fusion,openmarcie_bicycle__only_imu__qwen3_4b,qwen3_4b,only_imu,7438,29752,444672,96,0,7438,0.023689999579801224,2.285211001949571,2.285211001949571,4022475534,8044965944,591015375104,4022468096,1363.9552559998265,1364.405338999859
openmarcie_bicycle,cpu,local_only,openmarcie_bicycle__only_imu__qwen3_4b,qwen3_4b,only_imu,7438,29752,444672,52,0,7438,0.028820999432355165,2.2598609987357863,2.2598609987357863,4022475534,8044965944,591015375104,4022468096,1363.9552559998265,1364.4193169984646
openmarcie_bicycle,cpu,bottleneck,openmarcie_bicycle__only_imu__qwen3_4b,qwen3_4b,only_imu,34910,139640,2458176,684,27736,7174,0.22576099945581518,2.9660520015304677,2.9660520015304677,4029143646,8071638392,701927895488,4029108736,1383.517098000084,1384.80045399956
openmarcie_bicycle,cpu,tokenlearner,openmarcie_bicycle__only_imu__qwen3_4b,qwen3_4b,only_imu,35938,143752,1030720,1100,27576,8362,0.20668099932663608,3.3135919984441715,3.3135919984441715,4029144674,8071642504,524958031296,4029108736,1350.7986749991687,1351.8089989993314
openmarcie_bicycle,cpu,posthoc_vq,openmarcie_bicycle__only_imu__qwen3_4b,qwen3_4b,only_imu,36666,146664,2507328,192,28600,8066,0.2728909985307837,2.7190119995597284,2.7190119995597284,4029145402,8071645416,701927944640,4029108736,1383.517098000084,1384.9307149994274
openmarcie_bicycle,cpu,joint_vq,openmarcie_bicycle__only_imu__qwen3_4b,qwen3_4b,only_imu,39042,156168,1063488,81,28600,10442,0.23844100178394,2.6194020020119613,2.6194020020119613,4029147778,8071654920,524958064064,4029108736,1350.7986749991687,1351.944170999559
openmarcie_bicycle,cpu,deepconvlstm,openmarcie_bicycle__only_imu__qwen3_4b,qwen3_4b,only_imu,36686,146744,2279680,16164,36686,0,0.3493509993859334,15.299650997484616,15.299650997484616,4029145422,8071645496,701927716992,4029108736,1383.517098000084,1384.6365230001538
openmarcie_bicycle,cpu,unrestricted_bank,openmarcie_bicycle__only_imu__qwen3_4b,qwen3_4b,only_imu,39074,156296,1063488,81,28600,10474,0.2217110013589263,2.522183002867573,2.522183002867573,4029147810,8071655048,524958064064,4029108736,1350.7986749991687,1351.837059997706
openmarcie_bicycle,cpu,separate_banks,openmarcie_bicycle__only_imu__qwen3_4b,qwen3_4b,only_imu,39074,156296,1063488,81,28600,10474,0.24545099950046279,2.550243002617103,2.550243002617103,4029147810,8071655048,524958064064,4029108736,1350.7986749991687,1351.8850399996154
openmarcie_bicycle,cpu,fixed_resampling,openmarcie_bicycle__only_imu__qwen3_4b,qwen3_4b,only_imu,39074,156296,1031232,81,28600,10474,0.23848100136092398,2.468642002924648,2.468642002924648,4029147810,8071655048,524958031808,4029108736,1350.7986749991687,1351.7676489991572
openmarcie_bicycle,cpu,finetune_encoders,openmarcie_bicycle__only_imu__qwen3_4b,qwen3_4b,only_imu,39074,156296,1063488,81,28600,10474,0.239681001403369,2.54198200039526,2.54198200039526,4029147810,8071655048,524958064064,4029108736,1350.7986749991687,1351.849658998617
openmarcie_bicycle,cpu,no_alignment,openmarcie_bicycle__only_imu__qwen3_4b,qwen3_4b,only_imu,39074,156296,1063488,81,28600,10474,0.24474099882354494,2.545472999401577,2.545472999401577,4029147810,8071655048,524958064064,4029108736,1350.7986749991687,1351.8414699992718
openmarcie_bicycle,cpu,no_usage,openmarcie_bicycle__only_imu__qwen3_4b,qwen3_4b,only_imu,39074,156296,1063488,81,28600,10474,0.2331609994143946,2.5360819991254946,2.5360819991254946,4029147810,8071655048,524958064064,4029108736,1350.7986749991687,1351.836619000096
openmarcie_bicycle,cpu,tcn,openmarcie_bicycle__only_imu__qwen3_4b,qwen3_4b,only_imu,14746,58984,889152,16164,14746,0,0.3545220006344607,15.30459200025599,15.30459200025599,4029123482,8071557736,701926326464,4029108736,1383.517098000084,1384.63852300265
openmarcie_bicycle,cpu,ts_transformer,openmarcie_bicycle__only_imu__qwen3_4b,qwen3_4b,only_imu,27610,110440,1937728,16164,27610,0,0.3868220010190271,15.33671200072514,15.33671200072514,4029136346,8071609192,701927375040,4029108736,1383.517098000084,1384.6986230000766
openmarcie_bicycle,cpu,patchtst,openmarcie_bicycle__only_imu__qwen3_4b,qwen3_4b,only_imu,27162,108648,7602496,16164,27162,0,0.49308199959341437,15.44281200099159,15.44281200099159,4029135898,8071607400,517605663808,4029108736,1352.7679889994033,1353.7504930009163
openmarcie_bicycle,cpu,distrixsense,openmarcie_bicycle__only_magnetometer__qwen3_4b,qwen3_4b,only_magnetometer,36734,146936,915264,81,28600,8134,0.23305099966819398,2.5366019990832545,2.5366019990832545,4029145470,8071645688,524957915840,4029108736,1350.7986749991687,1351.8369190005615
openmarcie_bicycle,cpu,dense,openmarcie_bicycle__only_magnetometer__qwen3_4b,qwen3_4b,only_magnetometer,32278,129112,2293568,4324,27576,4702,0.21621099949697964,5.835361000531283,5.835361000531283,4029141014,8071627864,701927730880,4029108736,1383.517098000084,1384.7243930013065
openmarcie_bicycle,cpu,dense_tokens,openmarcie_bicycle__only_magnetometer__qwen3_4b,qwen3_4b,only_magnetometer,34654,138616,898880,1100,27576,7078,0.20878099894616753,3.2983019991614855,3.2983019991614855,4029143390,8071637368,524957899456,4029108736,1350.7986749991687,1351.7645299998549
openmarcie_bicycle,cpu,raw,openmarcie_bicycle__only_magnetometer__qwen3_4b,qwen3_4b,only_magnetometer,32278,129112,2293568,1244,32278,0,0.4377819986984832,3.4486419986157446,3.4486419986157446,4029141014,8071627864,701927730880,4029108736,1383.517098000084,1384.7205430010945
openmarcie_bicycle,cpu,early_fusion,openmarcie_bicycle__only_magnetometer__qwen3_4b,qwen3_4b,only_magnetometer,28054,112216,2025280,1244,28054,0,0.4310020012781024,3.442022001322289,3.442022001322289,4029136790,8071610968,701927462592,4029108736,1383.517098000084,1384.7343150009692
openmarcie_bicycle,cpu,late_fusion,openmarcie_bicycle__only_magnetometer__qwen3_4b,qwen3_4b,only_magnetometer,5098,20392,296448,96,0,5098,0.023489999875891954,2.2727609980985988,2.2727609980985988,4022473194,8044956584,591015226880,4022468096,1363.9552559998265,1364.3917280005553
openmarcie_bicycle,cpu,local_only,openmarcie_bicycle__only_magnetometer__qwen3_4b,qwen3_4b,only_magnetometer,5098,20392,296448,52,0,5098,0.028610000299522653,2.2457400020971194,2.2457400020971194,4022473194,8044956584,591015226880,4022468096,1363.9552559998265,1364.40391799988
openmarcie_bicycle,cpu,bottleneck,openmarcie_bicycle__only_magnetometer__qwen3_4b,qwen3_4b,only_magnetometer,32570,130280,2309952,684,27736,4834,0.22212099975149613,2.9502920026707464,2.9502920026707464,4029141306,8071629032,701927747264,4029108736,1383.517098000084,1384.7707030017773
openmarcie_bicycle,cpu,tokenlearner,openmarcie_bicycle__only_magnetometer__qwen3_4b,qwen3_4b,only_magnetometer,33598,134392,882496,1100,27576,6022,0.21218099936959334,3.3048720015311845,3.3048720015311845,4029142334,8071633144,524957883072,4029108736,1350.7986749991687,1351.77504999956
openmarcie_bicycle,cpu,posthoc_vq,openmarcie_bicycle__only_magnetometer__qwen3_4b,qwen3_4b,only_magnetometer,34326,137304,2359104,192,28600,5726,0.25263099996664096,2.680552000655001,2.680552000655001,4029143062,8071636056,701927796416,4029108736,1383.517098000084,1384.911243998431
openmarcie_bicycle,cpu,joint_vq,openmarcie_bicycle__only_magnetometer__qwen3_4b,qwen3_4b,only_magnetometer,36702,146808,915264,81,28600,8102,0.24286099869641475,2.616001999769546,2.616001999769546,4029145438,8071645560,524957915840,4029108736,1350.7986749991687,1351.9062399991526
openmarcie_bicycle,cpu,deepconvlstm,openmarcie_bicycle__only_magnetometer__qwen3_4b,qwen3_4b,only_magnetometer,34346,137384,2131456,1244,34346,0,0.33338200046273414,3.3446320008030628,3.3446320008030628,4029143082,8071636136,701927568768,4029108736,1383.517098000084,1384.6084129982046
openmarcie_bicycle,cpu,unrestricted_bank,openmarcie_bicycle__only_magnetometer__qwen3_4b,qwen3_4b,only_magnetometer,36734,146936,915264,81,28600,8134,0.21079100042697974,2.515581999461469,2.515581999461469,4029145470,8071645688,524957915840,4029108736,1350.7986749991687,1351.8161889987823
openmarcie_bicycle,cpu,separate_banks,openmarcie_bicycle__only_magnetometer__qwen3_4b,qwen3_4b,only_magnetometer,36734,146936,915264,81,28600,8134,0.24876099996617995,2.5409729996971553,2.5409729996971553,4029145470,8071645688,524957915840,4029108736,1350.7986749991687,1351.8269099968165
openmarcie_bicycle,cpu,fixed_resampling,openmarcie_bicycle__only_magnetometer__qwen3_4b,qwen3_4b,only_magnetometer,36734,146936,908352,81,28600,8134,0.23841099937271792,2.4750519997104536,2.4750519997104536,4029145470,8071645688,524957908928,4029108736,1350.7986749991687,1351.7601799994736
openmarcie_bicycle,cpu,finetune_encoders,openmarcie_bicycle__only_magnetometer__qwen3_4b,qwen3_4b,only_magnetometer,36734,146936,915264,81,28600,8134,0.23479099945689086,2.5305520021282835,2.5305520021282835,4029145470,8071645688,524957915840,4029108736,1350.7986749991687,1351.8509599980462
openmarcie_bicycle,cpu,no_alignment,openmarcie_bicycle__only_magnetometer__qwen3_4b,qwen3_4b,only_magnetometer,36734,146936,915264,81,28600,8134,0.2378310000494821,2.540561999041424,2.540561999041424,4029145470,8071645688,524957915840,4029108736,1350.7986749991687,1351.8454099994415
openmarcie_bicycle,cpu,no_usage,openmarcie_bicycle__only_magnetometer__qwen3_4b,qwen3_4b,only_magnetometer,36734,146936,915264,81,28600,8134,0.23668099856877234,2.531172999653686,2.531172999653686,4029145470,8071645688,524957915840,4029108736,1350.7986749991687,1351.840719999018
openmarcie_bicycle,cpu,tcn,openmarcie_bicycle__only_magnetometer__qwen3_4b,qwen3_4b,only_magnetometer,13942,55768,839232,1244,13942,0,0.3442409997660434,3.3551609972297913,3.3551609972297913,4029122678,8071554520,701926276544,4029108736,1383.517098000084,1384.6377819991176
openmarcie_bicycle,cpu,ts_transformer,openmarcie_bicycle__only_magnetometer__qwen3_4b,qwen3_4b,only_magnetometer,26806,107224,1887808,1244,26806,0,0.3841519992420217,3.3950419997515158,3.3950419997515158,4029135542,8071605976,701927325120,4029108736,1383.517098000084,1384.6692930019344
openmarcie_bicycle,cpu,patchtst,openmarcie_bicycle__only_magnetometer__qwen3_4b,qwen3_4b,only_magnetometer,26742,106968,3254848,1244,26742,0,0.4628830010915408,3.4735930016856176,3.4735930016856176,4029135478,8071605720,517601316160,4029108736,1352.7679889994033,1353.710132998458
openmarcie_bicycle,cpu,distrixsense,openmarcie_bicycle__only_rgb__qwen3_4b,qwen3_4b,only_rgb,256112,1024448,15533248,249,30776,225336,0.3241520007577492,2.6670730000081004,7.2947449979519465,4029364848,8072523200,672345961024,4029108736,1387.5869269995746,1389.5246659994882
openmarcie_bicycle,cpu,dense,openmarcie_bicycle__only_rgb__qwen3_4b,qwen3_4b,only_rgb,242744,970976,21142720,12972,27704,215040,0.33240199991269037,5.987352999322629,17.252614999110136,4029351480,8072469728,1206994005568,4029108736,1510.1884969990351,1512.7138380012184
openmarcie_bicycle,cpu,dense_tokens,openmarcie_bicycle__only_rgb__qwen3_4b,qwen3_4b,only_rgb,249872,999488,15484096,3300,27704,222168,0.2631820007081842,3.3885430002509382,9.602924999839743,4029358608,8072498240,672345911872,4029108736,1387.5869269995746,1389.3365149997408
openmarcie_bicycle,cpu,raw,openmarcie_bicycle__only_rgb__qwen3_4b,qwen3_4b,only_rgb,242744,970976,21142720,56724,242744,0,0.8783149987721117,18.03442499835263,52.3082449997934,4029351480,8072469728,1206994005568,4029108736,1510.1884969990351,1512.6365789983538
openmarcie_bicycle,cpu,early_fusion,openmarcie_bicycle__only_rgb__qwen3_4b,qwen3_4b,only_rgb,159736,638944,10372288,56724,159736,0,0.7048429997666972,17.86161299964341,52.13555300163412,4029268472,8072137696,731443525184,4029108736,1392.476330000136,1393.9991570005077
openmarcie_bicycle,cpu,late_fusion,openmarcie_bicycle__only_rgb__qwen3_4b,qwen3_4b,only_rgb,216228,864912,13678848,288,0,216228,0.034871000025304966,2.322901997618098,6.859662998700141,4022684324,8045801104,620465545984,4022468096,1399.2853519994242,1400.1966169980733
openmarcie_bicycle,cpu,local_only,openmarcie_bicycle__only_rgb__qwen3_4b,qwen3_4b,only_rgb,216228,864912,13678848,156,0,216228,0.046099999963189475,2.3037010007715084,6.7726830018750155,4022684324,8045801104,620465545984,4022468096,1399.2853519994242,1400.2327870002773
openmarcie_bicycle,cpu,bottleneck,openmarcie_bicycle__only_rgb__qwen3_4b,qwen3_4b,only_rgb,243620,974480,21191872,2052,28184,215436,0.3347510009916732,3.0978420002348024,8.587233999435814,4029352356,8072473232,1206994054720,4029108736,1510.1884969990351,1512.7925889992184
openmarcie_bicycle,cpu,tokenlearner,openmarcie_bicycle__only_rgb__qwen3_4b,qwen3_4b,only_rgb,246704,986816,15434944,3300,27704,219000,0.2627810008561937,3.3934030016051837,9.60893499903672,4029355440,8072485568,672345862720,4029108736,1387.5869269995746,1389.3397049978375
openmarcie_bicycle,cpu,posthoc_vq,openmarcie_bicycle__only_rgb__qwen3_4b,qwen3_4b,only_rgb,255032,1020128,21339328,600,30776,224256,0.39136199848144315,2.8627729971014197,7.740184995771852,4029363768,8072518880,1206994202176,4029108736,1510.1884969990351,1514.1922160000831
openmarcie_bicycle,cpu,joint_vq,openmarcie_bicycle__only_rgb__qwen3_4b,qwen3_4b,only_rgb,262160,1048640,15533248,249,30776,231384,0.33692199940560386,2.77743300069808,7.564125998132093,4029370896,8072547392,672345961024,4029108736,1387.5869269995746,1389.827007000349
openmarcie_bicycle,cpu,deepconvlstm,openmarcie_bicycle__only_rgb__qwen3_4b,qwen3_4b,only_rgb,238412,953648,15119104,56724,238412,0,0.6464430007326882,17.802832999171084,52.076083998898554,4029347148,8072452400,731448272000,4029108736,1392.476330000136,1393.9236069982144
openmarcie_bicycle,cpu,unrestricted_bank,openmarcie_bicycle__only_rgb__qwen3_4b,qwen3_4b,only_rgb,262448,1049792,15631552,249,30776,231672,0.300101999528124,2.6377129976356866,7.257214995578559,4029371184,8072548544,672346059328,4029108736,1387.5869269995746,1389.5417060011823
openmarcie_bicycle,cpu,separate_banks,openmarcie_bicycle__only_rgb__qwen3_4b,qwen3_4b,only_rgb,256112,1024448,15533248,249,30776,225336,0.3310310003143968,2.6992119998215696,7.349044998508342,4029364848,8072523200,672345961024,4029108736,1387.5869269995746,1390.0056290003704
openmarcie_bicycle,cpu,fixed_resampling,openmarcie_bicycle__only_rgb__qwen3_4b,qwen3_4b,only_rgb,256112,1024448,8344768,249,30776,225336,0.33027199970092624,2.640964000999089,7.201676001303875,4029364848,8072523200,672338772544,4029108736,1387.5869269995746,1389.3323550018977
openmarcie_bicycle,cpu,finetune_encoders,openmarcie_bicycle__only_rgb__qwen3_4b,qwen3_4b,only_rgb,256112,1024448,15533248,249,30776,225336,0.33602199982851744,2.688833000899036,7.310995001634163,4029364848,8072523200,672345961024,4029108736,1387.5869269995746,1389.5857259976765
openmarcie_bicycle,cpu,no_alignment,openmarcie_bicycle__only_rgb__qwen3_4b,qwen3_4b,only_rgb,256112,1024448,15533248,249,30776,225336,0.31654099984734785,2.6553929998375008,7.274014999810769,4029364848,8072523200,672345961024,4029108736,1387.5869269995746,1389.585544997317
openmarcie_bicycle,cpu,no_usage,openmarcie_bicycle__only_rgb__qwen3_4b,qwen3_4b,only_rgb,256112,1024448,15533248,249,30776,225336,0.321072000588174,2.674213002716284,7.32680499905562,4029364848,8072523200,672345961024,4029108736,1387.5869269995746,1389.5765059987752
openmarcie_bicycle,cpu,tcn,openmarcie_bicycle__only_rgb__qwen3_4b,qwen3_4b,only_rgb,145560,582240,9186240,56724,145560,0,0.6186129994603107,17.77472299904083,52.048142997435804,4029254296,8072080992,731442339136,4029108736,1392.476330000136,1393.9191559984465
openmarcie_bicycle,cpu,ts_transformer,openmarcie_bicycle__only_rgb__qwen3_4b,qwen3_4b,only_rgb,158424,633696,10234816,56724,158424,0,0.6562030011991737,17.812454001562298,52.086314000761064,4029267160,8072132448,731443387712,4029108736,1392.476330000136,1393.9447259999724
openmarcie_bicycle,cpu,patchtst,openmarcie_bicycle__only_rgb__qwen3_4b,qwen3_4b,only_rgb,140152,560608,214665408,56724,140152,0,1.7355190011585364,18.891858999216208,53.165309000022404,4029248888,8072059360,547202477504,4029108736,1354.2728129996249,1356.5314930001477
openmarcie_bicycle,cpu,distrixsense,openmarcie_bicycle__only_spectrometer__qwen3_4b,qwen3_4b,only_spectrometer,39704,158816,1103424,81,28600,11104,0.2378110002609901,2.536221999463928,2.536221999463928,4029148440,8071657568,524958104000,4029108736,1350.7986749991687,1351.8587700000353
openmarcie_bicycle,cpu,dense,openmarcie_bicycle__only_spectrometer__qwen3_4b,qwen3_4b,only_spectrometer,35248,140992,2481728,4324,27576,7672,0.21841099987796042,5.8487120025845245,5.8487120025845245,4029143984,8071639744,701927919040,4029108736,1383.517098000084,1384.739854000145
openmarcie_bicycle,cpu,dense_tokens,openmarcie_bicycle__only_spectrometer__qwen3_4b,qwen3_4b,only_spectrometer,37624,150496,1087040,1100,27576,10048,0.20505100110312924,3.302041999627254,3.302041999627254,4029146360,8071649248,524958087616,4029108736,1350.7986749991687,1351.7487499975687
openmarcie_bicycle,cpu,raw,openmarcie_bicycle__only_spectrometer__qwen3_4b,qwen3_4b,only_spectrometer,35248,140992,2481728,3100,35248,0,0.4375119988253573,4.933371998446528,4.933371998446528,4029143984,8071639744,701927919040,4029108736,1383.517098000084,1384.7067429996969
openmarcie_bicycle,cpu,early_fusion,openmarcie_bicycle__only_spectrometer__qwen3_4b,qwen3_4b,only_spectrometer,29104,116416,2090560,3100,29104,0,0.43432200072857086,4.930613002612954,4.930613002612954,4029137840,8071615168,701927527872,4029108736,1383.517098000084,1384.6926330006681
openmarcie_bicycle,cpu,late_fusion,openmarcie_bicycle__only_spectrometer__qwen3_4b,qwen3_4b,only_spectrometer,8068,32272,484608,96,0,8068,0.023941000108607113,2.2782719993894687,2.2782719993894687,4022476164,8044968464,591015415040,4022468096,1363.9552559998265,1364.3918970010418
openmarcie_bicycle,cpu,local_only,openmarcie_bicycle__only_spectrometer__qwen3_4b,qwen3_4b,only_spectrometer,8068,32272,484608,52,0,8068,0.028460999601520598,2.2488419993055517,2.2488419993055517,4022476164,8044968464,591015415040,4022468096,1363.9552559998265,1364.4140689993947
openmarcie_bicycle,cpu,bottleneck,openmarcie_bicycle__only_spectrometer__qwen3_4b,qwen3_4b,only_spectrometer,35540,142160,2498112,684,27736,7804,0.2257209998788312,2.956181999498792,2.956181999498792,4029144276,8071640912,701927935424,4029108736,1383.517098000084,1384.7267440014548
openmarcie_bicycle,cpu,tokenlearner,openmarcie_bicycle__only_spectrometer__qwen3_4b,qwen3_4b,only_spectrometer,36568,146272,1070656,1100,27576,8992,0.20579100055329036,3.2967520037299254,3.2967520037299254,4029145304,8071645024,524958071232,4029108736,1350.7986749991687,1351.7438489998312
openmarcie_bicycle,cpu,posthoc_vq,openmarcie_bicycle__only_spectrometer__qwen3_4b,qwen3_4b,only_spectrometer,37296,149184,2547264,192,28600,8696,0.2516310014470946,2.673392001796304,2.673392001796304,4029146032,8071647936,701927984576,4029108736,1383.517098000084,1384.881365000183
openmarcie_bicycle,cpu,joint_vq,openmarcie_bicycle__only_spectrometer__qwen3_4b,qwen3_4b,only_spectrometer,39672,158688,1103424,81,28600,11072,0.23405100000672974,2.6124320002344437,2.6124320002344437,4029148408,8071657440,524958104000,4029108736,1350.7986749991687,1351.8912099989393
openmarcie_bicycle,cpu,deepconvlstm,openmarcie_bicycle__only_spectrometer__qwen3_4b,qwen3_4b,only_spectrometer,37316,149264,2319616,3100,37316,0,0.3329819992359262,4.82897199839179,4.82897199839179,4029146052,8071648016,701927756928,4029108736,1383.517098000084,1384.5925629993872
openmarcie_bicycle,cpu,unrestricted_bank,openmarcie_bicycle__only_spectrometer__qwen3_4b,qwen3_4b,only_spectrometer,39704,158816,1103424,81,28600,11104,0.20880100055364892,2.5116320021260297,2.5116320021260297,4029148440,8071657568,524958104000,4029108736,1350.7986749991687,1351.826849997451
openmarcie_bicycle,cpu,separate_banks,openmarcie_bicycle__only_spectrometer__qwen3_4b,qwen3_4b,only_spectrometer,39704,158816,1103424,81,28600,11104,0.2579909996711649,2.5516019987043226,2.5516019987043226,4029148440,8071657568,524958104000,4029108736,1350.7986749991687,1351.8447699989338
openmarcie_bicycle,cpu,fixed_resampling,openmarcie_bicycle__only_spectrometer__qwen3_4b,qwen3_4b,only_spectrometer,39704,158816,1061952,81,28600,11104,0.23151099958340637,2.4609629972764058,2.4609629972764058,4029148440,8071657568,524958062528,4029108736,1350.7986749991687,1351.7541290002555
openmarcie_bicycle,cpu,finetune_encoders,openmarcie_bicycle__only_spectrometer__qwen3_4b,qwen3_4b,only_spectrometer,39704,158816,1103424,81,28600,11104,0.23865100047260057,2.5627219993401784,2.5627219993401784,4029148440,8071657568,524958104000,4029108736,1350.7986749991687,1351.8137399987609
openmarcie_bicycle,cpu,no_alignment,openmarcie_bicycle__only_spectrometer__qwen3_4b,qwen3_4b,only_spectrometer,39704,158816,1103424,81,28600,11104,0.23625100038771052,2.5553130008410196,2.5553130008410196,4029148440,8071657568,524958104000,4029108736,1350.7986749991687,1351.8192199990153
openmarcie_bicycle,cpu,no_usage,openmarcie_bicycle__only_spectrometer__qwen3_4b,qwen3_4b,only_spectrometer,39704,158816,1103424,81,28600,11104,0.23358100042969454,2.5397020026793005,2.5397020026793005,4029148440,8071657568,524958104000,4029108736,1350.7986749991687,1351.8207680008345
openmarcie_bicycle,cpu,tcn,openmarcie_bicycle__only_spectrometer__qwen3_4b,qwen3_4b,only_spectrometer,14992,59968,904512,3100,14992,0,0.3633209998952225,4.859260998670361,4.859260998670361,4029123728,8071558720,701926341824,4029108736,1383.517098000084,1384.6132839989878
openmarcie_bicycle,cpu,ts_transformer,openmarcie_bicycle__only_spectrometer__qwen3_4b,qwen3_4b,only_spectrometer,27856,111424,1953088,3100,27856,0,0.3808109995588893,4.876750998334028,4.876750998334028,4029136592,8071610176,701927390400,4029108736,1383.517098000084,1384.644132998801
openmarcie_bicycle,cpu,patchtst,openmarcie_bicycle__only_spectrometer__qwen3_4b,qwen3_4b,only_spectrometer,27312,109248,8692288,3100,27312,0,0.499633000799804,4.995923002240016,4.995923002240016,4029136048,8071608000,517606753600,4029108736,1352.7679889994033,1353.7492429986742
openmarcie_bicycle,cpu,distrixsense,openmarcie_bicycle__only_temperature__qwen3_4b,qwen3_4b,only_temperature,35672,142688,848064,81,28600,7072,0.23579099979542661,2.5332319992520613,2.5332319992520613,4029144408,8071641440,524957848640,4029108736,1350.7986749991687,1351.827089998551
openmarcie_bicycle,cpu,dense,openmarcie_bicycle__only_temperature__qwen3_4b,qwen3_4b,only_temperature,31216,124864,2226368,4324,27576,3640,0.21779099915875122,5.850922000131267,5.850922000131267,4029139952,8071623616,701927663680,4029108736,1383.517098000084,1384.7614630012686
openmarcie_bicycle,cpu,dense_tokens,openmarcie_bicycle__only_temperature__qwen3_4b,qwen3_4b,only_temperature,33592,134368,831680,1100,27576,6016,0.2528410004742909,3.3944719998497748,3.3944719998497748,4029142328,8071633120,524957832256,4029108736,1350.7986749991687,1351.7541899982461
openmarcie_bicycle,cpu,raw,openmarcie_bicycle__only_temperature__qwen3_4b,qwen3_4b,only_temperature,31216,124864,2226368,524,31216,0,0.4757019996759482,2.9100519968012115,2.9100519968012115,4029139952,8071623616,701927663680,4029108736,1383.517098000084,1384.7537440015003
openmarcie_bicycle,cpu,early_fusion,openmarcie_bicycle__only_temperature__qwen3_4b,qwen3_4b,only_temperature,27760,111040,2007232,524,27760,0,0.4337720001785783,2.8688519977692515,2.8688519977692515,4029136496,8071609792,701927444544,4029108736,1383.517098000084,1384.7048329989775
openmarcie_bicycle,cpu,late_fusion,openmarcie_bicycle__only_temperature__qwen3_4b,qwen3_4b,only_temperature,4036,16144,229248,96,0,4036,0.023520000468124636,2.274301000002376,2.274301000002376,4022472132,8044952336,598372624384,4022468096,1365.2376339996408,1365.6698359991424
openmarcie_bicycle,cpu,local_only,openmarcie_bicycle__only_temperature__qwen3_4b,qwen3_4b,only_temperature,4036,16144,229248,52,0,4036,0.0283800000033807,2.2478809999188174,2.2478809999188174,4022472132,8044952336,598372624384,4022468096,1365.2376339996408,1365.6853749998845
openmarcie_bicycle,cpu,bottleneck,openmarcie_bicycle__only_temperature__qwen3_4b,qwen3_4b,only_temperature,31508,126032,2242752,684,27736,3772,0.2201510014856467,2.9446010014644592,2.9446010014644592,4029140244,8071624784,701927680064,4029108736,1383.517098000084,1384.7504739987926
openmarcie_bicycle,cpu,tokenlearner,openmarcie_bicycle__only_temperature__qwen3_4b,qwen3_4b,only_temperature,32536,130144,815296,1100,27576,4960,0.20321100055298302,3.2914620005566393,3.2914620005566393,4029141272,8071628896,524957815872,4029108736,1350.7986749991687,1351.7503289986053
openmarcie_bicycle,cpu,posthoc_vq,openmarcie_bicycle__only_temperature__qwen3_4b,qwen3_4b,only_temperature,33264,133056,2291904,192,28600,4664,0.24968100115074776,2.6678320005688816,2.6678320005688816,4029142000,8071631808,701927729216,4029108736,1383.517098000084,1384.8921349999728
openmarcie_bicycle,cpu,joint_vq,openmarcie_bicycle__only_temperature__qwen3_4b,qwen3_4b,only_temperature,35640,142560,848064,81,28600,7040,0.24521099840058014,2.606922996193939,2.606922996193939,4029144376,8071641312,524957848640,4029108736,1350.7986749991687,1351.904260000083
openmarcie_bicycle,cpu,deepconvlstm,openmarcie_bicycle__only_temperature__qwen3_4b,qwen3_4b,only_temperature,33284,133136,2064256,524,33284,0,0.32977199953165837,2.764162001690874,2.764162001690874,4029142020,8071631888,701927501568,4029108736,1383.517098000084,1384.5982530001493
openmarcie_bicycle,cpu,unrestricted_bank,openmarcie_bicycle__only_temperature__qwen3_4b,qwen3_4b,only_temperature,35672,142688,848064,81,28600,7072,0.21701100013160612,2.5138319988690316,2.5138319988690316,4029144408,8071641440,524957848640,4029108736,1350.7986749991687,1351.8030889990769
openmarcie_bicycle,cpu,separate_banks,openmarcie_bicycle__only_temperature__qwen3_4b,qwen3_4b,only_temperature,35672,142688,848064,81,28600,7072,0.24013099937292282,2.5346519987869076,2.5346519987869076,4029144408,8071641440,524957848640,4029108736,1350.7986749991687,1351.8451399995683
openmarcie_bicycle,cpu,fixed_resampling,openmarcie_bicycle__only_temperature__qwen3_4b,qwen3_4b,only_temperature,35672,142688,846912,81,28600,7072,0.24587100051576272,2.4762830007893033,2.4762830007893033,4029144408,8071641440,524957847488,4029108736,1350.7986749991687,1351.739229998202
openmarcie_bicycle,cpu,finetune_encoders,openmarcie_bicycle__only_temperature__qwen3_4b,qwen3_4b,only_temperature,35672,142688,848064,81,28600,7072,0.23745100043015555,2.543632000226248,2.543632000226248,4029144408,8071641440,524957848640,4029108736,1350.7986749991687,1351.8516899985116
openmarcie_bicycle,cpu,no_alignment,openmarcie_bicycle__only_temperature__qwen3_4b,qwen3_4b,only_temperature,35672,142688,848064,81,28600,7072,0.2482310010236688,2.5388920030599227,2.5388920030599227,4029144408,8071641440,524957848640,4029108736,1350.7986749991687,1351.871820001179
openmarcie_bicycle,cpu,no_usage,openmarcie_bicycle__only_temperature__qwen3_4b,qwen3_4b,only_temperature,35672,142688,848064,81,28600,7072,0.23653099924558774,2.5269319985744776,2.5269319985744776,4029144408,8071641440,524957848640,4029108736,1350.7986749991687,1351.8309599967324
openmarcie_bicycle,cpu,tcn,openmarcie_bicycle__only_temperature__qwen3_4b,qwen3_4b,only_temperature,13648,54592,821184,524,13648,0,0.3984119994129287,2.833152000599238,2.833152000599238,4029122384,8071553344,701926258496,4029108736,1383.517098000084,1384.6349530012958
openmarcie_bicycle,cpu,ts_transformer,openmarcie_bicycle__only_temperature__qwen3_4b,qwen3_4b,only_temperature,26512,106048,1869760,524,26512,0,0.38253200000326615,2.8170420008934336,2.8170420008934336,4029135248,8071604800,701927307072,4029108736,1383.517098000084,1384.6666130011727
openmarcie_bicycle,cpu,patchtst,openmarcie_bicycle__only_temperature__qwen3_4b,qwen3_4b,only_temperature,26640,106560,1087936,524,26640,0,0.42598199979693163,2.860533000708255,2.860533000708255,4029135376,8071605312,517599149248,4029108736,1352.7679889994033,1353.6709540021548
openmarcie_bicycle,cpu,distrixsense,openmarcie_bicycle__only_thermal__qwen3_4b,qwen3_4b,only_thermal,72672,290688,3200064,81,28600,44072,0.23569099903397728,2.5479619990000035,2.5479619990000035,4029181408,8071789440,524960200640,4029108736,1350.7986749991687,1351.854339998681
openmarcie_bicycle,cpu,dense,openmarcie_bicycle__only_thermal__qwen3_4b,qwen3_4b,only_thermal,68216,272864,4578368,4324,27576,40640,0.21493100030056667,5.850972000511992,5.850972000511992,4029176952,8071771616,701930015680,4029108736,1383.517098000084,1384.7407150005893
openmarcie_bicycle,cpu,dense_tokens,openmarcie_bicycle__only_thermal__qwen3_4b,qwen3_4b,only_thermal,70592,282368,3183680,1100,27576,43016,0.2041610005107941,3.316111999079003,3.316111999079003,4029179328,8071781120,524960184256,4029108736,1350.7986749991687,1351.773508999031
openmarcie_bicycle,cpu,raw,openmarcie_bicycle__only_thermal__qwen3_4b,qwen3_4b,only_thermal,68216,272864,4578368,15804,68216,0,0.4508029996941332,15.11169299906171,15.11169299906171,4029176952,8071771616,701930015680,4029108736,1383.517098000084,1384.7357730010117
openmarcie_bicycle,cpu,early_fusion,openmarcie_bicycle__only_thermal__qwen3_4b,qwen3_4b,only_thermal,48760,195040,3335232,15804,48760,0,0.4466219997993903,15.107582001155173,15.107582001155173,4029157496,8071693792,701928772544,4029108736,1383.517098000084,1384.7206340014964
openmarcie_bicycle,cpu,late_fusion,openmarcie_bicycle__only_thermal__qwen3_4b,qwen3_4b,only_thermal,41036,164144,2581248,96,0,41036,0.023499998860643245,2.2990209968749666,2.2990209968749666,4022509132,8045100336,591017511680,4022468096,1363.9552559998265,1364.4069980000495
openmarcie_bicycle,cpu,local_only,openmarcie_bicycle__only_thermal__qwen3_4b,qwen3_4b,only_thermal,41036,164144,2581248,52,0,41036,0.03485999877739232,2.2755509992452803,2.2755509992452803,4022509132,8045100336,591017511680,4022468096,1363.9552559998265,1364.4193279997126
openmarcie_bicycle,cpu,bottleneck,openmarcie_bicycle__only_thermal__qwen3_4b,qwen3_4b,only_thermal,68508,274032,4594752,684,27736,40772,0.2302310003869934,2.9756419992472978,2.9756419992472978,4029177244,8071772784,701930032064,4029108736,1383.517098000084,1384.7819450002135
openmarcie_bicycle,cpu,tokenlearner,openmarcie_bicycle__only_thermal__qwen3_4b,qwen3_4b,only_thermal,69536,278144,3167296,1100,27576,41960,0.20521100123005453,3.3167720011941855,3.3167720011941855,4029178272,8071776896,524960167872,4029108736,1350.7986749991687,1351.7847089988209
openmarcie_bicycle,cpu,posthoc_vq,openmarcie_bicycle__only_thermal__qwen3_4b,qwen3_4b,only_thermal,70264,281056,4643904,192,28600,41664,0.24971099992399104,2.6835919976096134,2.6835919976096134,4029179000,8071779808,701930081216,4029108736,1383.517098000084,1384.9078039984306
openmarcie_bicycle,cpu,joint_vq,openmarcie_bicycle__only_thermal__qwen3_4b,qwen3_4b,only_thermal,72640,290560,3200064,81,28600,44040,0.23354100085271057,2.613902001969004,2.613902001969004,4029181376,8071789312,524960200640,4029108736,1350.7986749991687,1351.9176699992386
openmarcie_bicycle,cpu,deepconvlstm,openmarcie_bicycle__only_thermal__qwen3_4b,qwen3_4b,only_thermal,70284,281136,4416256,15804,70284,0,0.3408520005905302,15.00158200165017,15.00158200165017,4029179020,8071779888,701929853568,4029108736,1383.517098000084,1384.641782997278
openmarcie_bicycle,cpu,unrestricted_bank,openmarcie_bicycle__only_thermal__qwen3_4b,qwen3_4b,only_thermal,72672,290688,3200064,81,28600,44072,0.21416100025817286,2.523152002169704,2.523152002169704,4029181408,8071789440,524960200640,4029108736,1350.7986749991687,1351.8306900004973
openmarcie_bicycle,cpu,separate_banks,openmarcie_bicycle__only_thermal__qwen3_4b,qwen3_4b,only_thermal,72672,290688,3200064,81,28600,44072,0.23977099954208825,2.550801998069696,2.550801998069696,4029181408,8071789440,524960200640,4029108736,1350.7986749991687,1351.8579499996122
openmarcie_bicycle,cpu,fixed_resampling,openmarcie_bicycle__only_thermal__qwen3_4b,qwen3_4b,only_thermal,72672,290688,2126912,81,28600,44072,0.23547099954157602,2.469410998884891,2.469410998884891,4029181408,8071789440,524959127488,4029108736,1350.7986749991687,1351.7618189998757
openmarcie_bicycle,cpu,finetune_encoders,openmarcie_bicycle__only_thermal__qwen3_4b,qwen3_4b,only_thermal,72672,290688,3200064,81,28600,44072,0.2390509998804191,2.5498129971600836,2.5498129971600836,4029181408,8071789440,524960200640,4029108736,1350.7986749991687,1351.851348999844
openmarcie_bicycle,cpu,no_alignment,openmarcie_bicycle__only_thermal__qwen3_4b,qwen3_4b,only_thermal,72672,290688,3200064,81,28600,44072,0.24286100051540416,2.55378200293479,2.55378200293479,4029181408,8071789440,524960200640,4029108736,1350.7986749991687,1351.852889998554
openmarcie_bicycle,cpu,no_usage,openmarcie_bicycle__only_thermal__qwen3_4b,qwen3_4b,only_thermal,72672,290688,3200064,81,28600,44072,0.2365709988225717,2.544801997857471,2.544801997857471,4029181408,8071789440,524960200640,4029108736,1350.7986749991687,1351.8551899978775
openmarcie_bicycle,cpu,tcn,openmarcie_bicycle__only_thermal__qwen3_4b,qwen3_4b,only_thermal,34648,138592,2149184,15804,34648,0,0.3667820001282962,15.02775199864984,15.02775199864984,4029143384,8071637344,701927586496,4029108736,1383.517098000084,1384.6323630023107
openmarcie_bicycle,cpu,ts_transformer,openmarcie_bicycle__only_thermal__qwen3_4b,qwen3_4b,only_thermal,47512,190048,3197760,15804,47512,0,0.3995320003014058,15.060252002376295,15.060252002376295,4029156248,8071688800,701928635072,4029108736,1383.517098000084,1384.6846040014498
openmarcie_bicycle,cpu,patchtst,openmarcie_bicycle__only_thermal__qwen3_4b,qwen3_4b,only_thermal,43640,174560,47183936,15804,43640,0,0.711902999682934,15.372972998965928,15.372972998965928,4029152376,8071673312,517645245248,4029108736,1352.7679889994033,1353.9687949996733
openmarcie_printer,cpu,distrixsense,openmarcie_printer__all__qwen3_4b,qwen3_4b,all,1379624,5518496,97098432,1634,48184,1331440,0.9955240002454957,3.736987000169372,32.78290400340191,4030488360,8077017248,1868401875008,4029108736,1718.2784950000496,1727.0423949994438
openmarcie_printer,cpu,dense,openmarcie_printer__all__qwen3_4b,qwen3_4b,all,1294960,5179840,207336128,82156,28728,1266232,2.229609999631066,11.59154200027613,97.32116500292982,4030403696,8076678592,5443928527936,4029108736,3009.8966610003117,3023.780846999216
openmarcie_printer,cpu,dense_tokens,openmarcie_printer__all__qwen3_4b,qwen3_4b,all,1340104,5360416,96787136,20900,28728,1311376,0.7664340009796433,5.0611160008318254,47.71034300810308,4030448840,8076859168,1868401563712,4029108736,1718.2784950000496,1725.9490930009633
openmarcie_printer,cpu,raw,openmarcie_printer__all__qwen3_4b,qwen3_4b,all,1294960,5179840,207336128,965612,1294960,0,5.109015000925865,319.6980260017325,803.9994589946283,4030403696,8076678592,5443928527936,4029108736,3009.8966610003117,3023.1660040008137
openmarcie_printer,cpu,early_fusion,openmarcie_printer__all__qwen3_4b,qwen3_4b,all,901168,3604672,57498304,965612,901168,0,2.5730430006660754,317.1567440021489,801.4585650036744,4030009904,8075103424,968231853120,4029108736,1449.9410099997476,1453.8393189995986
openmarcie_printer,cpu,late_fusion,openmarcie_printer__all__qwen3_4b,qwen3_4b,all,1273756,5095024,80640768,1824,0,1273756,0.12161100130470004,2.7321520006611477,31.189148000909643,4023741852,8050031216,856707478784,4022468096,1450.3727819992491,1454.63368199853
openmarcie_printer,cpu,local_only,openmarcie_printer__all__qwen3_4b,qwen3_4b,all,1273756,5095024,80640768,988,0,1273756,0.18940100017061923,2.7479530008194737,30.64151800096638,4023741852,8050031216,856707478784,4022468096,1450.3727819992491,1454.7899629997119
openmarcie_printer,cpu,bottleneck,openmarcie_printer__all__qwen3_4b,qwen3_4b,all,1300508,5202032,207647424,12996,31768,1268740,2.315621000889223,5.88007299938004,42.36734700665467,4030409244,8076700784,5443928839232,4029108736,3009.8966610003117,3024.0407580004103
openmarcie_printer,cpu,tokenlearner,openmarcie_printer__all__qwen3_4b,qwen3_4b,all,1320040,5280160,96475840,20900,28728,1291312,0.7827130011719419,5.059165001910296,47.633112004942376,4030428776,8076778912,1868401252416,4029108736,1718.2784950000496,1725.7996609987458
openmarcie_printer,cpu,posthoc_vq,openmarcie_printer__all__qwen3_4b,qwen3_4b,all,1567344,6269376,208581312,4028,48184,1519160,2.431120999972336,5.494054999593226,36.95609600210572,4030676080,8077768128,5443929773120,4029108736,3009.8966610003117,3026.100719001988
openmarcie_printer,cpu,joint_vq,openmarcie_printer__all__qwen3_4b,qwen3_4b,all,1612488,6449952,97098432,1634,48184,1564304,0.964303999353433,3.823598000539257,33.993385000944535,4030721224,8077948704,1868401875008,4029108736,1718.2784950000496,1728.0255210007454
openmarcie_printer,cpu,deepconvlstm,openmarcie_printer__all__qwen3_4b,qwen3_4b,all,1239428,4957712,78923008,965612,1239428,0,2.4931709995144047,317.07802199884,801.3765150028186,4030348164,8076456464,968253277824,4029108736,1449.9410099997476,1453.717479000261
openmarcie_printer,cpu,unrestricted_bank,openmarcie_printer__all__qwen3_4b,qwen3_4b,all,1740776,6963104,102701760,1634,48184,1692592,0.8094240001810249,3.5844879999185446,32.68318799928673,4030849512,8078461856,1868407478336,4029108736,1718.2784950000496,1726.6798459986603
openmarcie_printer,cpu,separate_banks,openmarcie_printer__all__qwen3_4b,qwen3_4b,all,1379624,5518496,97098432,1634,48184,1331440,0.993684998320532,3.7354070005076006,32.76134700536639,4030488360,8077017248,1868401875008,4029108736,1718.2784950000496,1726.8342959996517
openmarcie_printer,cpu,fixed_resampling,openmarcie_printer__all__qwen3_4b,qwen3_4b,all,1379624,5518496,46995648,1634,48184,1331440,0.9631649991206359,3.582517999833706,31.374050997332947,4030488360,8077017248,1868351772224,4029108736,1718.2784950000496,1725.1783990013791
openmarcie_printer,cpu,finetune_encoders,openmarcie_printer__all__qwen3_4b,qwen3_4b,all,1379624,5518496,97098432,1634,48184,1331440,0.9881249989120988,3.733067998413369,32.75943799599625,4030488360,8077017248,1868401875008,4029108736,1718.2784950000496,1726.779456001168
openmarcie_printer,cpu,no_alignment,openmarcie_printer__all__qwen3_4b,qwen3_4b,all,1379624,5518496,97098432,1634,48184,1331440,0.9586750002199551,3.6992889995726523,32.764598001453834,4030488360,8077017248,1868401875008,4029108736,1718.2784950000496,1726.718787000209
openmarcie_printer,cpu,no_usage,openmarcie_printer__all__qwen3_4b,qwen3_4b,all,1379624,5518496,97098432,1634,48184,1331440,0.9719640002003871,3.7196970002096146,32.87980499954281,4030488360,8077017248,1868401875008,4029108736,1718.2784950000496,1727.3234779986524
openmarcie_printer,cpu,tcn,openmarcie_printer__all__qwen3_4b,qwen3_4b,all,886480,3545920,56312256,965612,886480,0,2.4866530002327636,317.09663400028046,801.446215997391,4029995216,8075044672,968230667072,4029108736,1449.9410099997476,1454.2638109996915
openmarcie_printer,cpu,ts_transformer,openmarcie_printer__all__qwen3_4b,qwen3_4b,all,899344,3597376,57360832,965612,899344,0,3.009433999977773,317.5997849975273,801.9654950059768,4030008080,8075096128,968231715648,4029108736,1449.9410099997476,1453.7201769981039
openmarcie_printer,cpu,patchtst,openmarcie_printer__all__qwen3_4b,qwen3_4b,all,815280,3261120,992372416,965612,815280,0,8.746002000407316,323.3684130008795,807.7141539981377,4029924016,8074759872,783777668032,4029108736,1446.598273998461,1454.6007119970454
openmarcie_printer,cpu,distrixsense,openmarcie_printer__only_audio__qwen3_4b,qwen3_4b,only_audio,740836,2963344,46156160,164,29688,711148,0.27551199855224695,2.692892998615303,5.08126499941519,4029849572,8074462096,598630887936,4029108736,1365.2376339996408,1367.3843840006157
openmarcie_printer,cpu,dense,openmarcie_printer__only_audio__qwen3_4b,qwen3_4b,only_audio,731924,2927696,49404288,8648,27640,704284,0.2699920005397871,6.10303400058432,11.920425999696343,4029840660,8074426448,953816717824,4029108736,1456.701102999432,1458.9130739987013
openmarcie_printer,cpu,dense_tokens,openmarcie_printer__only_audio__qwen3_4b,qwen3_4b,only_audio,736676,2946704,46123392,2200,27640,709036,0.23559100009151734,3.458172001041821,6.652633001058129,4029845412,8074445456,598630855168,4029108736,1365.2376339996408,1366.9920719985384
openmarcie_printer,cpu,raw,openmarcie_printer__only_audio__qwen3_4b,qwen3_4b,only_audio,731924,2927696,49404288,780968,731924,0,0.8249040001828689,315.2875750019474,629.704096001549,4029840660,8074426448,953816717824,4029108736,1456.701102999432,1458.7851129981573
openmarcie_printer,cpu,early_fusion,openmarcie_printer__only_audio__qwen3_4b,qwen3_4b,only_audio,594164,2376656,38121856,780968,594164,0,0.717013999746996,315.1832839975567,629.6020539974759,4029702900,8073875408,716715057664,4029108736,1388.5497650007892,1390.2288930021314
openmarcie_printer,cpu,late_fusion,openmarcie_printer__only_audio__qwen3_4b,qwen3_4b,only_audio,705076,2820304,44935936,192,0,705076,0.029731001632171683,2.4059930006525945,4.763094001764688,4023173172,8047756496,605775975424,4022468096,1365.359563000311,1366.2546170016867
openmarcie_printer,cpu,local_only,openmarcie_printer__only_audio__qwen3_4b,qwen3_4b,only_audio,705076,2820304,44935936,104,0,705076,0.03801000093517359,2.3792810000190743,4.701851998593122,4023173172,8047756496,605775975424,4022468096,1365.359563000311,1366.2577770010103
openmarcie_printer,cpu,bottleneck,openmarcie_printer__only_audio__qwen3_4b,qwen3_4b,only_audio,732508,2930032,49437056,1368,27960,704548,0.28166100128146354,3.1253029994977872,5.950863997479296,4029841244,8074428784,953816750592,4029108736,1456.701102999432,1458.8193719973788
openmarcie_printer,cpu,tokenlearner,openmarcie_printer__only_audio__qwen3_4b,qwen3_4b,only_audio,734564,2938256,46090624,2200,27640,706924,0.2339710008527618,3.4370040011662057,6.627025999468751,4029843300,8074437008,598630822400,4029108736,1365.2376339996408,1366.7835109990847
openmarcie_printer,cpu,posthoc_vq,openmarcie_printer__only_audio__qwen3_4b,qwen3_4b,only_audio,738068,2952272,49535360,392,29688,708380,0.31756200041854754,2.8612340018182993,5.376455000782292,4029846804,8074451024,953816848896,4029108736,1456.701102999432,1459.0757739988476
openmarcie_printer,cpu,joint_vq,openmarcie_printer__only_audio__qwen3_4b,qwen3_4b,only_audio,742820,2971280,46156160,164,29688,713132,0.29032100064796396,2.769883000231953,5.230575998819596,4029851556,8074470032,598630887936,4029108736,1365.2376339996408,1367.0827330006432
openmarcie_printer,cpu,deepconvlstm,openmarcie_printer__only_audio__qwen3_4b,qwen3_4b,only_audio,730792,2923168,46573568,780968,730792,0,0.6803230007790262,315.1437230007458,629.5609329989727,4029839528,8074421920,716723509376,4029108736,1388.5497650007892,1390.1008820012066
openmarcie_printer,cpu,unrestricted_bank,openmarcie_printer__only_audio__qwen3_4b,qwen3_4b,only_audio,742948,2971792,46188928,164,29688,713260,0.2442010008962825,2.6599020005361176,5.043353000172111,4029851684,8074470544,598630920704,4029108736,1365.2376339996408,1366.8908919989917
openmarcie_printer,cpu,separate_banks,openmarcie_printer__only_audio__qwen3_4b,qwen3_4b,only_audio,740836,2963344,46156160,164,29688,711148,0.2830119992722757,2.6993729973893146,5.089363996983785,4029849572,8074462096,598630887936,4029108736,1365.2376339996408,1366.9275019983615
openmarcie_printer,cpu,fixed_resampling,openmarcie_printer__only_audio__qwen3_4b,qwen3_4b,only_audio,740836,2963344,12141696,164,29688,711148,0.2815309999277815,2.5601509990648132,4.816961999193346,4029849572,8074462096,598596873472,4029108736,1365.2376339996408,1366.6352499985805
openmarcie_printer,cpu,finetune_encoders,openmarcie_printer__only_audio__qwen3_4b,qwen3_4b,only_audio,740836,2963344,46156160,164,29688,711148,0.2824910006893333,2.6914630000957054,5.076754002100834,4029849572,8074462096,598630887936,4029108736,1365.2376339996408,1366.918722000264
openmarcie_printer,cpu,no_alignment,openmarcie_printer__only_audio__qwen3_4b,qwen3_4b,only_audio,740836,2963344,46156160,164,29688,711148,0.2806110005622031,2.6900729993341024,5.079245000768616,4029849572,8074462096,598630887936,4029108736,1365.2376339996408,1366.9166919989948
openmarcie_printer,cpu,no_usage,openmarcie_printer__only_audio__qwen3_4b,qwen3_4b,only_audio,740836,2963344,46156160,164,29688,711148,0.2764410000963835,2.690983001533919,5.078185002883593,4029849572,8074462096,598630887936,4029108736,1365.2376339996408,1366.9221719992493
openmarcie_printer,cpu,tcn,openmarcie_printer__only_audio__qwen3_4b,qwen3_4b,only_audio,580020,2320080,36935808,780968,580020,0,0.643252998997923,315.1116129992614,629.5297329978691,4029688756,8073818832,716713871616,4029108736,1388.5497650007892,1390.0547020020895
openmarcie_printer,cpu,ts_transformer,openmarcie_printer__only_audio__qwen3_4b,qwen3_4b,only_audio,592884,2371536,37984384,780968,592884,0,0.6809339993196772,315.1484139979756,629.569373997472,4029701620,8073870288,716714920192,4029108736,1388.5497650007892,1390.0989329995355
openmarcie_printer,cpu,patchtst,openmarcie_printer__only_audio__qwen3_4b,qwen3_4b,only_audio,560180,2240720,404298112,780968,560180,0,2.4199719991884194,316.88981199835223,631.3115719984833,4029668916,8073739472,532694875520,4029108736,1379.5613720012625,1382.644657000128
openmarcie_printer,cpu,distrixsense,openmarcie_printer__only_barometer__qwen3_4b,qwen3_4b,only_barometer,35502,142008,837312,81,28600,6902,0.24007100000744686,2.5584620007356396,2.5584620007356396,4029144238,8071640760,524957837888,4029108736,1350.7986749991687,1351.8748999995296
openmarcie_printer,cpu,dense,openmarcie_printer__only_barometer__qwen3_4b,qwen3_4b,only_barometer,31046,124184,2215616,4324,27576,3470,0.23056200006976724,5.862492997361859,5.862492997361859,4029139782,8071622936,701927652928,4029108736,1383.517098000084,1385.329387998354
openmarcie_printer,cpu,dense_tokens,openmarcie_printer__only_barometer__qwen3_4b,qwen3_4b,only_barometer,33422,133688,820928,1100,27576,5846,0.20335099907242693,3.300051999753923,3.300051999753923,4029142158,8071632440,524957821504,4029108736,1350.7986749991687,1352.0203009993566
openmarcie_printer,cpu,raw,openmarcie_printer__only_barometer__qwen3_4b,qwen3_4b,only_barometer,31046,124184,2215616,404,31046,0,0.45902199963165913,2.8022619987034005,2.8022619987034005,4029139782,8071622936,701927652928,4029108736,1383.517098000084,1384.808193997742
openmarcie_printer,cpu,early_fusion,openmarcie_printer__only_barometer__qwen3_4b,qwen3_4b,only_barometer,27718,110872,2004672,404,27718,0,0.4669919999287231,2.8059719985769362,2.8059719985769362,4029136454,8071609624,701927441984,4029108736,1383.517098000084,1384.6976139993785
openmarcie_printer,cpu,late_fusion,openmarcie_printer__only_barometer__qwen3_4b,qwen3_4b,only_barometer,3866,15464,218496,96,0,3866,0.02361999941058457,2.2751199999813223,2.2751199999813223,4022471962,8044951656,591015148928,4022468096,1363.9552559998265,1364.3926479999209
openmarcie_printer,cpu,local_only,openmarcie_printer__only_barometer__qwen3_4b,qwen3_4b,only_barometer,3866,15464,218496,52,0,3866,0.031689998650108464,2.2563599989257286,2.2563599989257286,4022471962,8044951656,591015148928,4022468096,1363.9552559998265,1364.4114779999654
openmarcie_printer,cpu,bottleneck,openmarcie_printer__only_barometer__qwen3_4b,qwen3_4b,only_barometer,31338,125352,2232000,684,27736,3602,0.2206209992436925,2.9733219983163757,2.9733219983163757,4029140074,8071624104,701927669312,4029108736,1383.517098000084,1384.7665950015653
openmarcie_printer,cpu,tokenlearner,openmarcie_printer__only_barometer__qwen3_4b,qwen3_4b,only_barometer,32366,129464,804544,1100,27576,4790,0.2027810005529318,3.2965520022070267,3.2965520022070267,4029141102,8071628216,524957805120,4029108736,1350.7986749991687,1352.0482699987042
openmarcie_printer,cpu,posthoc_vq,openmarcie_printer__only_barometer__qwen3_4b,qwen3_4b,only_barometer,33094,132376,2281152,192,28600,4494,0.32376099989051,2.7764219990589423,2.7764219990589423,4029141830,8071631128,701927718464,4029108736,1383.517098000084,1384.9769049993483
openmarcie_printer,cpu,joint_vq,openmarcie_printer__only_barometer__qwen3_4b,qwen3_4b,only_barometer,35470,141880,837312,81,28600,6870,0.24592099907749798,2.6146919999809004,2.6146919999809004,4029144206,8071640632,524957837888,4029108736,1350.7986749991687,1351.912549998815
openmarcie_printer,cpu,deepconvlstm,openmarcie_printer__only_barometer__qwen3_4b,qwen3_4b,only_barometer,33114,132456,2053504,404,33114,0,0.3326209989609197,2.6711609986243303,2.6711609986243303,4029141850,8071631208,701927490816,4029108736,1383.517098000084,1384.6867730026133
openmarcie_printer,cpu,unrestricted_bank,openmarcie_printer__only_barometer__qwen3_4b,qwen3_4b,only_barometer,35502,142008,837312,81,28600,6902,0.24644100085424725,2.5563619992971187,2.5563619992971187,4029144238,8071640760,524957837888,4029108736,1350.7986749991687,1351.8411399982142
openmarcie_printer,cpu,separate_banks,openmarcie_printer__only_barometer__qwen3_4b,qwen3_4b,only_barometer,35502,142008,837312,81,28600,6902,0.23789100123394746,2.5269020016202237,2.5269020016202237,4029144238,8071640760,524957837888,4029108736,1350.7986749991687,1351.8342600000324
openmarcie_printer,cpu,fixed_resampling,openmarcie_printer__only_barometer__qwen3_4b,qwen3_4b,only_barometer,35502,142008,836672,81,28600,6902,0.23470100131817162,2.471102002375014,2.471102002375014,4029144238,8071640760,524957837248,4029108736,1350.7986749991687,1351.7440089981392
openmarcie_printer,cpu,finetune_encoders,openmarcie_printer__only_barometer__qwen3_4b,qwen3_4b,only_barometer,35502,142008,837312,81,28600,6902,0.2612709995446494,2.5556219998469576,2.5556219998469576,4029144238,8071640760,524957837888,4029108736,1350.7986749991687,1351.815699998042
openmarcie_printer,cpu,no_alignment,openmarcie_printer__only_barometer__qwen3_4b,qwen3_4b,only_barometer,35502,142008,837312,81,28600,6902,0.23554099971079268,2.5245020015353337,2.5245020015353337,4029144238,8071640760,524957837888,4029108736,1350.7986749991687,1351.8140799988032
openmarcie_printer,cpu,no_usage,openmarcie_printer__only_barometer__qwen3_4b,qwen3_4b,only_barometer,35502,142008,837312,81,28600,6902,0.23464100013370626,2.5272820012395503,2.5272820012395503,4029144238,8071640760,524957837888,4029108736,1350.7986749991687,1351.8764799991914
openmarcie_printer,cpu,tcn,openmarcie_printer__only_barometer__qwen3_4b,qwen3_4b,only_barometer,13606,54424,818624,404,13606,0,0.4668520014092792,2.8056030020245117,2.8056030020245117,4029122342,8071553176,701926255936,4029108736,1383.517098000084,1384.69826400069
openmarcie_printer,cpu,ts_transformer,openmarcie_printer__only_barometer__qwen3_4b,qwen3_4b,only_barometer,26470,105880,1867200,404,26470,0,0.410562000979553,2.7490020017005037,2.7490020017005037,4029135206,8071604632,701927304512,4029108736,1383.517098000084,1384.7671939984139
openmarcie_printer,cpu,patchtst,openmarcie_printer__only_barometer__qwen3_4b,qwen3_4b,only_barometer,26630,106520,727232,404,26630,0,0.44365200119500514,2.7823020006046164,2.7823020006046164,4029135366,8071605272,517598788544,4029108736,1352.7679889994033,1353.8358149999112
openmarcie_printer,cpu,distrixsense,openmarcie_printer__only_depth__qwen3_4b,qwen3_4b,only_depth,161384,645536,10716544,504,34040,127344,0.559402000362752,2.943184000231256,14.504610000250327,4029270120,8072144288,894286021120,4029108736,1445.507288999579,1449.0307670002949
openmarcie_printer,cpu,dense,openmarcie_printer__only_depth__qwen3_4b,qwen3_4b,only_depth,134648,538592,26359168,25944,27896,106752,0.5304820006131195,6.197903000024543,34.30301700075546,4029243384,8072037344,1974797908480,4029108736,1756.698127999698,1761.1859589997039
openmarcie_printer,cpu,dense_tokens,openmarcie_printer__only_depth__qwen3_4b,qwen3_4b,only_depth,148904,595616,10618240,6600,27896,121008,0.35520200071914587,3.508093001068919,18.980617000096828,4029257640,8072094368,894285922816,4029108736,1445.507288999579,1449.1642159991898
openmarcie_printer,cpu,raw,openmarcie_printer__only_depth__qwen3_4b,qwen3_4b,only_depth,134648,538592,26359168,38376,134648,0,1.8892100015364122,9.065220002008788,44.69448100038555,4029243384,8072037344,1974797908480,4029108736,1756.698127999698,1761.5513510008896
openmarcie_printer,cpu,early_fusion,openmarcie_printer__only_depth__qwen3_4b,qwen3_4b,only_depth,66904,267616,4443520,38376,66904,0,1.246886000444647,8.410097002121107,44.039957004622394,4029175640,8071766368,775734559232,4029108736,1415.8101609991718,1417.9095199997391
openmarcie_printer,cpu,late_fusion,openmarcie_printer__only_depth__qwen3_4b,qwen3_4b,only_depth,109128,436512,6763008,576,0,109128,0.05293000003803172,2.4085819996482285,13.751770999889395,4022577224,8045372704,664649424640,4022468096,1506.3538260001224,1508.011328000066
openmarcie_printer,cpu,local_only,openmarcie_printer__only_depth__qwen3_4b,qwen3_4b,only_depth,109128,436512,6763008,312,0,109128,0.07424000023092958,2.3324920005211256,13.4161670003822,4022577224,8045372704,664649424640,4022468096,1506.3538260001224,1507.892618000369
openmarcie_printer,cpu,bottleneck,openmarcie_printer__only_depth__qwen3_4b,qwen3_4b,only_depth,136400,545600,26457472,4104,28856,107544,0.6136639999567706,3.4222350002628694,17.157152999631002,4029245136,8072044352,1974798006784,4029108736,1909.007604999715,1913.7038609997035
openmarcie_printer,cpu,tokenlearner,openmarcie_printer__only_depth__qwen3_4b,qwen3_4b,only_depth,142568,570272,10519936,6600,27896,114672,0.3469409998615447,3.4793909999233437,18.91353199923222,4029251304,8072069024,894285824512,4029108736,1439.85020800028,1442.6865210002688
openmarcie_printer,cpu,posthoc_vq,openmarcie_printer__only_depth__qwen3_4b,qwen3_4b,only_depth,177656,710624,26752384,1224,34040,143616,0.7124000003386755,3.1917299999850393,15.278930000231647,4029286392,8072209376,1974798301696,4029108736,1909.007604999715,1914.287649999551
openmarcie_printer,cpu,joint_vq,openmarcie_printer__only_depth__qwen3_4b,qwen3_4b,only_depth,191912,767648,10716544,504,34040,157872,0.42690000009315554,2.85246100014642,14.644482999420948,4029300648,8072266400,894286021120,4029108736,1439.85020800028,1443.4565020001173
openmarcie_printer,cpu,deepconvlstm,openmarcie_printer__only_depth__qwen3_4b,qwen3_4b,only_depth,120716,482864,7611136,38376,120716,0,0.8335409997926035,7.9956009999989295,43.62527099996207,4029229452,8071981616,775737726848,4029108736,1403.4529549999206,1405.2358369999638
openmarcie_printer,cpu,unrestricted_bank,openmarcie_printer__only_depth__qwen3_4b,qwen3_4b,only_depth,193064,772256,11208064,504,34040,159024,0.4209199996694224,2.79056999937761,14.274063000021929,4029301800,8072271008,894286512640,4029108736,1439.85020800028,1443.3948010000677
openmarcie_printer,cpu,separate_banks,openmarcie_printer__only_depth__qwen3_4b,qwen3_4b,only_depth,161384,645536,10716544,504,34040,127344,0.4438509999999951,2.790050999864022,14.237064999298386,4029270120,8072144288,894286021120,4029108736,1439.85020800028,1443.6145720005698
openmarcie_printer,cpu,fixed_resampling,openmarcie_printer__only_depth__qwen3_4b,qwen3_4b,only_depth,161384,645536,9069952,504,34040,127344,0.5245100001047831,2.9280709999862187,14.17195199940696,4029270120,8072144288,894284374528,4029108736,1439.85020800028,1443.406552000397
openmarcie_printer,cpu,finetune_encoders,openmarcie_printer__only_depth__qwen3_4b,qwen3_4b,only_depth,161384,645536,10716544,504,34040,127344,0.48106099984579487,2.953561999619112,14.4142129985369,4029270120,8072144288,894286021120,4029108736,1439.85020800028,1443.310441000449
openmarcie_printer,cpu,no_alignment,openmarcie_printer__only_depth__qwen3_4b,qwen3_4b,only_depth,161384,645536,10716544,504,34040,127344,0.4980909998266725,2.87546099974729,14.452451000244114,4029270120,8072144288,894286021120,4029108736,1439.85020800028,1443.2834510007524
openmarcie_printer,cpu,no_usage,openmarcie_printer__only_depth__qwen3_4b,qwen3_4b,only_depth,161384,645536,10716544,504,34040,127344,0.4808710000361316,3.0656010002881406,14.665923000967528,4029270120,8072144288,894286021120,4029108736,1439.85020800028,1443.2497920001879
openmarcie_printer,cpu,tcn,openmarcie_printer__only_depth__qwen3_4b,qwen3_4b,only_depth,52632,210528,3257472,38376,52632,0,0.9687709998615901,8.131291000205453,43.75955100052799,4029161368,8071709280,775733373184,4029108736,1403.4529549999206,1405.6531869996434
openmarcie_printer,cpu,ts_transformer,openmarcie_printer__only_depth__qwen3_4b,qwen3_4b,only_depth,65496,261984,4306048,38376,65496,0,0.8911210002224834,8.053371000238473,43.681491000677326,4029174232,8071760736,775734421760,4029108736,1403.4529549999206,1405.910287000097
openmarcie_printer,cpu,patchtst,openmarcie_printer__only_depth__qwen3_4b,qwen3_4b,only_depth,53272,213088,139966848,38376,53272,0,2.6145520000682154,9.777472000274644,45.40677200096745,4029162008,8071711840,591247794560,4029108736,1376.2016709997624,1379.1533739999977
openmarcie_printer,cpu,distrixsense,openmarcie_printer__only_imu__qwen3_4b,qwen3_4b,only_imu,50224,200896,2083456,164,29688,20536,0.28982000003452413,2.6001809995560556,4.892021999392647,4029158960,8071699648,598586815232,4029108736,1365.3680319998784,1366.938243000277
openmarcie_printer,cpu,dense,openmarcie_printer__only_imu__qwen3_4b,qwen3_4b,only_imu,41312,165248,5331584,8648,27640,13672,0.2661700000317069,5.912709999715607,11.531450999618281,4029150048,8071664000,953772645120,4029108736,1456.824762999986,1458.7630850001005
openmarcie_printer,cpu,dense_tokens,openmarcie_printer__only_imu__qwen3_4b,qwen3_4b,only_imu,46064,184256,2050688,2200,27640,18424,0.25358999982927344,3.382980999954161,6.474870999672712,4029154800,8071683008,598586782464,4029108736,1365.3680319998784,1367.03552400013
openmarcie_printer,cpu,raw,openmarcie_printer__only_imu__qwen3_4b,qwen3_4b,only_imu,41312,165248,5331584,30888,41312,0,0.6442809999498422,15.024140999275946,29.390640998917725,4029150048,8071664000,953772645120,4029108736,1456.824762999986,1458.8624849998268
openmarcie_printer,cpu,early_fusion,openmarcie_printer__only_imu__qwen3_4b,qwen3_4b,only_imu,30016,120064,2142848,30888,30016,0,0.6175799999255105,15.000639999516384,29.370749999179743,4029138752,8071618816,716679078656,4029108736,1399.8039619996234,1401.2927829994624
openmarcie_printer,cpu,late_fusion,openmarcie_printer__only_imu__qwen3_4b,qwen3_4b,only_imu,14464,57856,863232,192,0,14464,0.032390000342275016,2.300181000068912,4.553411000079353,4022482560,8044994048,605731902720,4022468096,1367.6060029997643,1368.2984140000372
openmarcie_printer,cpu,local_only,openmarcie_printer__only_imu__qwen3_4b,qwen3_4b,only_imu,14464,57856,863232,104,0,14464,0.03741000000445638,2.2763400004509835,4.499940000673599,4022482560,8044994048,605731902720,4022468096,1367.6060029997643,1368.3068450000064
openmarcie_printer,cpu,bottleneck,openmarcie_printer__only_imu__qwen3_4b,qwen3_4b,only_imu,41896,167584,5364352,1368,27960,13936,0.2735409998422256,3.015141000351857,5.740331000690325,4029150632,8071666336,953772677888,4029108736,1456.824762999986,1458.7107849997665
openmarcie_printer,cpu,tokenlearner,openmarcie_printer__only_imu__qwen3_4b,qwen3_4b,only_imu,43952,175808,2017920,2200,27640,16312,0.22203000025911024,3.321350000528473,6.404060000013269,4029152688,8071674560,598586749696,4029108736,1365.3680319998784,1366.6969339997195
openmarcie_printer,cpu,posthoc_vq,openmarcie_printer__only_imu__qwen3_4b,qwen3_4b,only_imu,47456,189824,5462656,392,29688,17768,0.31304000003729016,2.757509999616811,5.173829999489093,4029156192,8071688576,953772776192,4029108736,1456.824762999986,1458.9764449997347
openmarcie_printer,cpu,joint_vq,openmarcie_printer__only_imu__qwen3_4b,qwen3_4b,only_imu,52208,208832,2083456,164,29688,22520,0.2778200000648212,2.6686200001987395,5.040180000076553,4029160944,8071707584,598586815232,4029108736,1365.3680319998784,1366.9967330001782
openmarcie_printer,cpu,deepconvlstm,openmarcie_printer__only_imu__qwen3_4b,qwen3_4b,only_imu,40180,160720,2500864,30888,40180,0,0.444459999926039,14.82397000022505,29.190231000120612,4029148916,8071659472,716679436672,4029108736,1399.8039619996234,1401.0496229998353
openmarcie_printer,cpu,unrestricted_bank,openmarcie_printer__only_imu__qwen3_4b,qwen3_4b,only_imu,52336,209344,2116224,164,29688,22648,0.23306999992200872,2.5502099996029806,4.840051000126742,4029161072,8071708096,598586848000,4029108736,1365.3680319998784,1366.8162330000087
openmarcie_printer,cpu,separate_banks,openmarcie_printer__only_imu__qwen3_4b,qwen3_4b,only_imu,50224,200896,2083456,164,29688,20536,0.2806600000440085,2.5924610007078677,4.8849210003647485,4029158960,8071699648,598586815232,4029108736,1365.3680319998784,1366.8266929998936
openmarcie_printer,cpu,fixed_resampling,openmarcie_printer__only_imu__qwen3_4b,qwen3_4b,only_imu,50224,200896,2024576,164,29688,20536,0.2679700000953744,2.5072900001160683,4.72682000024016,4029158960,8071699648,598586756352,4029108736,1365.3680319998784,1366.6807730000983
openmarcie_printer,cpu,finetune_encoders,openmarcie_printer__only_imu__qwen3_4b,qwen3_4b,only_imu,50224,200896,2083456,164,29688,20536,0.2719600001910294,2.580470000188239,4.87119000051117,4029158960,8071699648,598586815232,4029108736,1365.3680319998784,1366.8537019993892
openmarcie_printer,cpu,no_alignment,openmarcie_printer__only_imu__qwen3_4b,qwen3_4b,only_imu,50224,200896,2083456,164,29688,20536,0.27365999994799495,2.588320999924786,4.875961000078142,4029158960,8071699648,598586815232,4029108736,1365.3680319998784,1366.8324629998096
openmarcie_printer,cpu,no_usage,openmarcie_printer__only_imu__qwen3_4b,qwen3_4b,only_imu,50224,200896,2083456,164,29688,20536,0.26823999996850034,2.5773599998811783,4.867231000087678,4029158960,8071699648,598586815232,4029108736,1365.3680319998784,1366.834573000233
openmarcie_printer,cpu,tcn,openmarcie_printer__only_imu__qwen3_4b,qwen3_4b,only_imu,15872,63488,956800,30888,15872,0,0.49278000005870126,14.872110000442294,29.238319999967707,4029124608,8071562240,716677892608,4029108736,1399.8039619996234,1401.070162999531
openmarcie_printer,cpu,ts_transformer,openmarcie_printer__only_imu__qwen3_4b,qwen3_4b,only_imu,28736,114944,2005376,30888,28736,0,0.5013909999433963,14.8816809997243,29.248501000074675,4029137472,8071613696,716678941184,4029108736,1399.8039619996234,1401.0975739997775
openmarcie_printer,cpu,patchtst,openmarcie_printer__only_imu__qwen3_4b,qwen3_4b,only_imu,27648,110592,14472832,30888,27648,0,0.6611110002268106,15.040550999901857,29.40675099998777,4029136384,8071609344,532305050240,4029108736,1347.337074999814,1348.612925999987
openmarcie_printer,cpu,distrixsense,openmarcie_printer__only_magnetometer__qwen3_4b,qwen3_4b,only_magnetometer,36194,144776,881088,81,28600,7594,0.2394499997535604,2.5414100005326734,2.5414100005326734,4029144930,8071643528,524957881664,4029108736,1347.9546459998346,1349.0582670001459
openmarcie_printer,cpu,dense,openmarcie_printer__only_magnetometer__qwen3_4b,qwen3_4b,only_magnetometer,31738,126952,2259392,4324,27576,4162,0.20989999984522,5.830060000202811,5.830060000202811,4029140474,8071625704,701927696704,4029108736,1385.2588899999319,1386.5768199993909
openmarcie_printer,cpu,dense_tokens,openmarcie_printer__only_magnetometer__qwen3_4b,qwen3_4b,only_magnetometer,34114,136456,864704,1100,27576,6538,0.1978800000870251,3.292629999573255,3.292629999573255,4029142850,8071635208,524957865280,4029108736,1347.9546459998346,1348.899096999503
openmarcie_printer,cpu,raw,openmarcie_printer__only_magnetometer__qwen3_4b,qwen3_4b,only_magnetometer,31738,126952,2259392,884,31738,0,0.42949099997713347,3.1549809998206797,3.1549809998206797,4029140474,8071625704,701927696704,4029108736,1385.2588899999319,1386.4312700002301
openmarcie_printer,cpu,early_fusion,openmarcie_printer__only_magnetometer__qwen3_4b,qwen3_4b,only_magnetometer,27898,111592,2015680,884,27898,0,0.4135999997743056,3.1359500000828007,3.1359500000828007,4029136634,8071610344,701927452992,4029108736,1385.2588899999319,1386.4397409997764
openmarcie_printer,cpu,late_fusion,openmarcie_printer__only_magnetometer__qwen3_4b,qwen3_4b,only_magnetometer,4558,18232,262272,96,0,4558,0.02327999982298934,2.272739999230177,2.272739999230177,4022472654,8044954424,591015192704,4022468096,1376.2016709997624,1376.6292010000143
openmarcie_printer,cpu,local_only,openmarcie_printer__only_magnetometer__qwen3_4b,qwen3_4b,only_magnetometer,4558,18232,262272,52,0,4558,0.027399999908084283,2.2518599996760544,2.2518599996760544,4022472654,8044954424,591015192704,4022468096,1376.2016709997624,1376.647810999657
openmarcie_printer,cpu,bottleneck,openmarcie_printer__only_magnetometer__qwen3_4b,qwen3_4b,only_magnetometer,32030,128120,2275776,684,27736,4294,0.21169999990888755,2.9351500000039117,2.9351500000039117,4029140766,8071626872,701927713088,4029108736,1385.2588899999319,1386.464282000361
openmarcie_printer,cpu,tokenlearner,openmarcie_printer__only_magnetometer__qwen3_4b,qwen3_4b,only_magnetometer,33058,132232,848320,1100,27576,5482,0.19609999981184956,3.2880600001543643,3.2880600001543643,4029141794,8071630984,524957848896,4029108736,1347.9546459998346,1348.889047999819
openmarcie_printer,cpu,posthoc_vq,openmarcie_printer__only_magnetometer__qwen3_4b,qwen3_4b,only_magnetometer,33786,135144,2324928,192,28600,5186,0.24815000006128685,2.660669999912346,2.660669999912346,4029142522,8071633896,701927762240,4029108736,1385.2588899999319,1386.6066820000924
openmarcie_printer,cpu,joint_vq,openmarcie_printer__only_magnetometer__qwen3_4b,qwen3_4b,only_magnetometer,36162,144648,881088,81,28600,7562,0.23491100000683218,2.5971210002643463,2.5971210002643463,4029144898,8071643400,524957881664,4029108736,1347.9546459998346,1349.0247260001524
openmarcie_printer,cpu,deepconvlstm,openmarcie_printer__only_magnetometer__qwen3_4b,qwen3_4b,only_magnetometer,33806,135224,2097280,884,33806,0,0.31974000012269244,3.0422500001033654,3.0422500001033654,4029142542,8071633976,701927534592,4029108736,1385.2588899999319,1386.320140999942
openmarcie_printer,cpu,unrestricted_bank,openmarcie_printer__only_magnetometer__qwen3_4b,qwen3_4b,only_magnetometer,36194,144776,881088,81,28600,7594,0.20047999987582443,2.4894400003466988,2.4894400003466988,4029144930,8071643528,524957881664,4029108736,1347.9546459998346,1348.9468960001432
openmarcie_printer,cpu,separate_banks,openmarcie_printer__only_magnetometer__qwen3_4b,qwen3_4b,only_magnetometer,36194,144776,881088,81,28600,7594,0.23349999992205994,2.5212099999697646,2.5212099999697646,4029144930,8071643528,524957881664,4029108736,1347.9546459998346,1348.957397000504
openmarcie_printer,cpu,fixed_resampling,openmarcie_printer__only_magnetometer__qwen3_4b,qwen3_4b,only_magnetometer,36194,144776,877632,81,28600,7594,0.2250510001431394,2.4462210003838525,2.4462210003838525,4029144930,8071643528,524957878208,4029108736,1347.9546459998346,1348.8751760000923
openmarcie_printer,cpu,finetune_encoders,openmarcie_printer__only_magnetometer__qwen3_4b,qwen3_4b,only_magnetometer,36194,144776,881088,81,28600,7594,0.22371999966708245,2.516479999969201,2.516479999969201,4029144930,8071643528,524957881664,4029108736,1347.9546459998346,1348.9449560001958
openmarcie_printer,cpu,no_alignment,openmarcie_printer__only_magnetometer__qwen3_4b,qwen3_4b,only_magnetometer,36194,144776,881088,81,28600,7594,0.23201999965749565,2.5194700001810677,2.5194700001810677,4029144930,8071643528,524957881664,4029108736,1347.9546459998346,1348.9506859996254
openmarcie_printer,cpu,no_usage,openmarcie_printer__only_magnetometer__qwen3_4b,qwen3_4b,only_magnetometer,36194,144776,881088,81,28600,7594,0.22463999994215555,2.521259999895742,2.521259999895742,4029144930,8071643528,524957881664,4029108736,1347.9546459998346,1348.9552159994673
openmarcie_printer,cpu,tcn,openmarcie_printer__only_magnetometer__qwen3_4b,qwen3_4b,only_magnetometer,13786,55144,829632,884,13786,0,0.34697099999903,3.069341000096017,3.069341000096017,4029122522,8071553896,701926266944,4029108736,1385.2588899999319,1386.3432510001985
openmarcie_printer,cpu,ts_transformer,openmarcie_printer__only_magnetometer__qwen3_4b,qwen3_4b,only_magnetometer,26650,106600,1878208,884,26650,0,0.3683009999804199,3.090980999527517,3.090980999527517,4029135386,8071605352,701927315520,4029108736,1385.2588899999319,1386.3789310003085
openmarcie_printer,cpu,patchtst,openmarcie_printer__only_magnetometer__qwen3_4b,qwen3_4b,only_magnetometer,26682,106728,2170816,884,26682,0,0.4422800002430449,3.1648100004669573,3.1648100004669573,4029135418,8071605480,517600232128,4029108736,1346.553424999911,1347.5583049998932
openmarcie_printer,cpu,distrixsense,openmarcie_printer__only_rgb__qwen3_4b,qwen3_4b,only_rgb,484712,1938848,31311232,504,34040,450672,0.42761000031532603,2.8019910000135018,14.367411000540674,4029593448,8073437600,894306615808,4029108736,1439.85020800028,1443.1334310002057
openmarcie_printer,cpu,dense,openmarcie_printer__only_rgb__qwen3_4b,qwen3_4b,only_rgb,457976,1831904,46953856,25944,27896,430080,0.5248699999356177,6.2024899997183995,34.38801100049062,4029566712,8073330656,1974818503168,4029108736,1909.007604999715,1913.5304479996194
openmarcie_printer,cpu,dense_tokens,openmarcie_printer__only_rgb__qwen3_4b,qwen3_4b,only_rgb,472232,1888928,31212928,6600,27896,444336,0.3673700002764235,3.5196500011760508,19.067230000445562,4029580968,8073387680,894306517504,4029108736,1439.85020800028,1442.7621509998971
openmarcie_printer,cpu,raw,openmarcie_printer__only_rgb__qwen3_4b,qwen3_4b,only_rgb,457976,1831904,46953856,113448,457976,0,1.5168909999374591,18.694061000535736,104.37969100135643,4029566712,8073330656,1974818503168,4029108736,1909.007604999715,1913.3052990000579
openmarcie_printer,cpu,early_fusion,openmarcie_printer__only_rgb__qwen3_4b,qwen3_4b,only_rgb,291928,1167712,18746752,113448,291928,0,1.055861000168079,18.23323099956077,103.91804099995835,4029400664,8072666464,775748862464,4029108736,1403.4529549999206,1405.3800759993464
openmarcie_printer,cpu,late_fusion,openmarcie_printer__only_rgb__qwen3_4b,qwen3_4b,only_rgb,432456,1729824,27357696,576,0,432456,0.05054000030213501,2.3627700002773024,13.700101000623526,4022900552,8046666016,664670019328,4022468096,1506.3538260001224,1507.9134679999697
openmarcie_printer,cpu,local_only,openmarcie_printer__only_rgb__qwen3_4b,qwen3_4b,only_rgb,432456,1729824,27357696,312,0,432456,0.07187000028352486,2.347270000216196,13.515330999421066,4022900552,8046666016,664670019328,4022468096,1506.3538260001224,1507.9671070002405
openmarcie_printer,cpu,bottleneck,openmarcie_printer__only_rgb__qwen3_4b,qwen3_4b,only_rgb,459728,1838912,47052160,4104,28856,430872,0.5414809998001147,3.327440999574744,17.044050999289688,4029568464,8073337664,1974818601472,4029108736,1909.007604999715,1913.6547879998034
openmarcie_printer,cpu,tokenlearner,openmarcie_printer__only_rgb__qwen3_4b,qwen3_4b,only_rgb,465896,1863584,31114624,6600,27896,438000,0.34623100009412155,3.495961000221432,19.016612000058814,4029574632,8073362336,894306419200,4029108736,1439.85020800028,1442.729951000274
openmarcie_printer,cpu,posthoc_vq,openmarcie_printer__only_rgb__qwen3_4b,qwen3_4b,only_rgb,500984,2003936,47347072,1224,34040,466944,0.5955199999334582,3.099271000069205,15.312602999738608,4029609720,8073502688,1974818896384,4029108736,1909.007604999715,1914.4035089998397
openmarcie_printer,cpu,joint_vq,openmarcie_printer__only_rgb__qwen3_4b,qwen3_4b,only_rgb,515240,2060960,31311232,504,34040,481200,0.42287099995519384,2.8579809999778694,14.754360999296555,4029623976,8073559712,894306615808,4029108736,1439.85020800028,1443.5475010000118
openmarcie_printer,cpu,deepconvlstm,openmarcie_printer__only_rgb__qwen3_4b,qwen3_4b,only_rgb,444044,1776176,28205824,113448,444044,0,0.9589010001036513,18.134841000521998,103.82032099974577,4029552780,8073274928,775758321536,4029108736,1403.4529549999206,1405.2951470002881
openmarcie_printer,cpu,unrestricted_bank,openmarcie_printer__only_rgb__qwen3_4b,qwen3_4b,only_rgb,516392,2065568,31802752,504,34040,482352,0.35696100030691014,2.722471000141511,14.24768100071677,4029625128,8073564320,894307107328,4029108736,1439.85020800028,1443.0480800001533
openmarcie_printer,cpu,separate_banks,openmarcie_printer__only_rgb__qwen3_4b,qwen3_4b,only_rgb,484712,1938848,31311232,504,34040,450672,0.4353599997557467,2.800699999569176,14.342843000241633,4029593448,8073437600,894306615808,4029108736,1439.85020800028,1443.0947510004444
openmarcie_printer,cpu,fixed_resampling,openmarcie_printer__only_rgb__qwen3_4b,qwen3_4b,only_rgb,484712,1938848,16934272,504,34040,450672,0.4240910002408782,2.72484200007834,13.860332000268759,4029593448,8073437600,894292238848,4029108736,1439.85020800028,1442.5745610001286
openmarcie_printer,cpu,finetune_encoders,openmarcie_printer__only_rgb__qwen3_4b,qwen3_4b,only_rgb,484712,1938848,31311232,504,34040,450672,0.4207700003462378,2.7886500005829906,14.330422000631447,4029593448,8073437600,894306615808,4029108736,1439.85020800028,1443.0926110003384
openmarcie_printer,cpu,no_alignment,openmarcie_printer__only_rgb__qwen3_4b,qwen3_4b,only_rgb,484712,1938848,31311232,504,34040,450672,0.4255900003045099,2.792489999991219,14.333721000758747,4029593448,8073437600,894306615808,4029108736,1439.85020800028,1443.0894910005918
openmarcie_printer,cpu,no_usage,openmarcie_printer__only_rgb__qwen3_4b,qwen3_4b,only_rgb,484712,1938848,31311232,504,34040,450672,0.4249099997650774,2.792899999748031,14.325650999700233,4029593448,8073437600,894306615808,4029108736,1439.85020800028,1443.1115110000974
openmarcie_printer,cpu,tcn,openmarcie_printer__only_rgb__qwen3_4b,qwen3_4b,only_rgb,277656,1110624,17560704,113448,277656,0,0.9560309999869787,18.13277099967571,103.81917099917456,4029386392,8072609376,775747676416,4029108736,1403.4529549999206,1405.2888179999172
openmarcie_printer,cpu,ts_transformer,openmarcie_printer__only_rgb__qwen3_4b,qwen3_4b,only_rgb,290520,1162080,18609280,113448,290520,0,0.9916409999277676,18.168960999394482,103.85649099967605,4029399256,8072660832,775748724992,4029108736,1403.4529549999206,1405.3255659996466
openmarcie_printer,cpu,patchtst,openmarcie_printer__only_rgb__qwen3_4b,qwen3_4b,only_rgb,253720,1014880,429324672,113448,253720,0,2.947823000340577,20.1244630006321,105.80841300148433,4029362456,8072513632,591537152384,4029108736,1376.2016709997624,1379.7578130001966
openmarcie_printer,cpu,distrixsense,openmarcie_printer__only_temperature__qwen3_4b,qwen3_4b,only_temperature,35844,143376,858944,81,28600,7244,0.2318699998795637,2.524479999949003,2.524479999949003,4029144580,8071642128,524957859520,4029108736,1347.9546459998346,1348.9685669997016
openmarcie_printer,cpu,dense,openmarcie_printer__only_temperature__qwen3_4b,qwen3_4b,only_temperature,31388,125552,2237248,4324,27576,3812,0.20668999968620483,5.822139999376977,5.822139999376977,4029140124,8071624304,701927674560,4029108736,1385.2588899999319,1386.4548609999474
openmarcie_printer,cpu,dense_tokens,openmarcie_printer__only_temperature__qwen3_4b,qwen3_4b,only_temperature,33764,135056,842560,1100,27576,6188,0.19405000011829543,3.2881210004187595,3.2881210004187595,4029142500,8071633808,524957843136,4029108736,1347.9546459998346,1348.8877959998717
openmarcie_printer,cpu,raw,openmarcie_printer__only_temperature__qwen3_4b,qwen3_4b,only_temperature,31388,125552,2237248,644,31388,0,0.41418000000703614,2.9447499998079323,2.9447499998079323,4029140124,8071624304,701927674560,4029108736,1385.2588899999319,1386.427220999849
openmarcie_printer,cpu,early_fusion,openmarcie_printer__only_temperature__qwen3_4b,qwen3_4b,only_temperature,27804,111216,2009920,644,27804,0,0.421030999859795,2.9535309997137986,2.9535309997137986,4029136540,8071609968,701927447232,4029108736,1385.2588899999319,1386.4406409998082
openmarcie_printer,cpu,late_fusion,openmarcie_printer__only_temperature__qwen3_4b,qwen3_4b,only_temperature,4208,16832,240128,96,0,4208,0.023409999812429305,2.275320999674656,2.275320999674656,4022472304,8044953024,591015170560,4022468096,1376.2016709997624,1376.6331709998667
openmarcie_printer,cpu,local_only,openmarcie_printer__only_temperature__qwen3_4b,qwen3_4b,only_temperature,4208,16832,240128,52,0,4208,0.0317199996970885,2.24635999917835,2.24635999917835,4022472304,8044953024,591015170560,4022468096,1376.2016709997624,1376.649160999932
openmarcie_printer,cpu,bottleneck,openmarcie_printer__only_temperature__qwen3_4b,qwen3_4b,only_temperature,31680,126720,2253632,684,27736,3944,0.21247999984552735,2.93335999983449,2.93335999983449,4029140416,8071625472,701927690944,4029108736,1385.2588899999319,1386.4712609997696
openmarcie_printer,cpu,tokenlearner,openmarcie_printer__only_temperature__qwen3_4b,qwen3_4b,only_temperature,32708,130832,826176,1100,27576,5132,0.1927599996633944,3.2763200001635413,3.2763200001635413,4029141444,8071629584,524957826752,4029108736,1347.9546459998346,1348.8819180001883
openmarcie_printer,cpu,posthoc_vq,openmarcie_printer__only_temperature__qwen3_4b,qwen3_4b,only_temperature,33436,133744,2302784,192,28600,4836,0.24612099969090195,2.6640120000396506,2.6640120000396506,4029142172,8071632496,701927740096,4029108736,1385.2588899999319,1386.6168919998927
openmarcie_printer,cpu,joint_vq,openmarcie_printer__only_temperature__qwen3_4b,qwen3_4b,only_temperature,35812,143248,858944,81,28600,7212,0.22785999999541673,2.5836599998291465,2.5836599998291465,4029144548,8071642000,524957859520,4029108736,1347.9546459998346,1349.0313659999629
openmarcie_printer,cpu,deepconvlstm,openmarcie_printer__only_temperature__qwen3_4b,qwen3_4b,only_temperature,33456,133824,2075136,644,33456,0,0.32517099998585763,2.8556310004953005,2.8556310004953005,4029142192,8071632576,701927512448,4029108736,1385.2588899999319,1386.327460999837
openmarcie_printer,cpu,unrestricted_bank,openmarcie_printer__only_temperature__qwen3_4b,qwen3_4b,only_temperature,35844,143376,858944,81,28600,7244,0.19762000010814518,2.484120000673906,2.484120000673906,4029144580,8071642128,524957859520,4029108736,1347.9546459998346,1348.9433159998043
openmarcie_printer,cpu,separate_banks,openmarcie_printer__only_temperature__qwen3_4b,qwen3_4b,only_temperature,35844,143376,858944,81,28600,7244,0.23740999995425227,2.5246200002874364,2.5246200002874364,4029144580,8071642128,524957859520,4029108736,1347.9546459998346,1348.9577470004406
openmarcie_printer,cpu,fixed_resampling,openmarcie_printer__only_temperature__qwen3_4b,qwen3_4b,only_temperature,35844,143376,857152,81,28600,7244,0.2273800000693882,2.4487000005427806,2.4487000005427806,4029144580,8071642128,524957857728,4029108736,1347.9546459998346,1348.8943560000735
openmarcie_printer,cpu,finetune_encoders,openmarcie_printer__only_temperature__qwen3_4b,qwen3_4b,only_temperature,35844,143376,858944,81,28600,7244,0.22703000013279961,2.512209999651427,2.512209999651427,4029144580,8071642128,524957859520,4029108736,1347.9546459998346,1348.962566999944
openmarcie_printer,cpu,no_alignment,openmarcie_printer__only_temperature__qwen3_4b,qwen3_4b,only_temperature,35844,143376,858944,81,28600,7244,0.22641999976258376,2.518679999440687,2.518679999440687,4029144580,8071642128,524957859520,4029108736,1347.9546459998346,1348.9577370000916
openmarcie_printer,cpu,no_usage,openmarcie_printer__only_temperature__qwen3_4b,qwen3_4b,only_temperature,35844,143376,858944,81,28600,7244,0.22597999986828654,2.523130000128626,2.523130000128626,4029144580,8071642128,524957859520,4029108736,1347.9546459998346,1348.9782970000306
openmarcie_printer,cpu,tcn,openmarcie_printer__only_temperature__qwen3_4b,qwen3_4b,only_temperature,13692,54768,823872,644,13692,0,0.3444300000410294,2.8768599997258164,2.8768599997258164,4029122428,8071553520,701926261184,4029108736,1385.2588899999319,1386.3408510001136
openmarcie_printer,cpu,ts_transformer,openmarcie_printer__only_temperature__qwen3_4b,qwen3_4b,only_temperature,26556,106224,1872448,644,26556,0,0.3811799997492926,2.911639999349241,2.911639999349241,4029135292,8071604976,701927309760,4029108736,1385.2588899999319,1386.3800409994838
openmarcie_printer,cpu,patchtst,openmarcie_printer__only_temperature__qwen3_4b,qwen3_4b,only_temperature,26652,106608,1448768,644,26652,0,0.4164899996794702,2.947109999861091,2.947109999861091,4029135388,8071605360,517599510080,4029108736,1346.553424999911,1347.4409149998792
nymeria,cpu,distrixsense,nymeria__all__qwen3_4b,qwen3_4b,all,7934884,31739536,543573952,3567,71988,7862896,2.016351999827748,7.776853999327892,26.399649999651587,4037043620,8103238288,3562622366528,4029108736,2253.0045860003156,2269.9889110003824
nymeria,cpu,dense,nymeria__all__qwen3_4b,qwen3_4b,all,7752188,31008752,1003004864,177284,30004,7722184,8.181098000022757,50.6484789997395,169.61746299987163,4036860924,8102507504,11840268499776,4029108736,5250.546386999758,5285.121236999657
nymeria,cpu,dense_tokens,nymeria__all__qwen3_4b,qwen3_4b,all,7849604,31398416,542902208,45100,30004,7819600,1.6337309998561977,16.045674000837316,58.62948900127784,4036958340,8102897168,3562621694784,4029108736,2253.0045860003156,2268.5585300005187
nymeria,cpu,raw,nymeria__all__qwen3_4b,qwen3_4b,all,7752188,31008752,1003004864,10718368,7752188,0,15.961744999913208,3616.6820749997255,8604.557696000542,4036860924,8102507504,11840268499776,4029108736,5250.546386999758,5285.462238999571
nymeria,cpu,early_fusion,nymeria__all__qwen3_4b,qwen3_4b,all,6923516,27694064,442477504,10718368,6923516,0,5.882615000246005,3606.5222960003025,8594.38419600025,4036032252,8099192816,1296108356416,4029108736,1607.4425179999707,1616.3889259996722
nymeria,cpu,late_fusion,nymeria__all__qwen3_4b,qwen3_4b,all,7735714,30942856,493376640,3608,0,7735714,0.2420800001345924,5.48220199980436,23.092337000639098,4030203810,8075879048,1183833171072,4022468096,1516.301015999943,1525.2218749997155
nymeria,cpu,local_only,nymeria__all__qwen3_4b,qwen3_4b,all,7735714,30942856,493376640,2132,0,7735714,0.37977000010869233,5.340272999930947,22.11395699955278,4030203810,8075879048,1183833171072,4022468096,1516.301015999943,1525.3994540003077
nymeria,cpu,bottleneck,nymeria__all__qwen3_4b,qwen3_4b,all,7764160,31056640,1003676608,28044,36564,7727596,8.322127000155888,18.83537999989248,50.72601500004759,4036872896,8102555392,11840269171520,4029108736,5250.546386999758,5285.855118999734
nymeria,cpu,tokenlearner,nymeria__all__qwen3_4b,qwen3_4b,all,7806308,31225232,542230464,45100,30004,7776304,1.6047109997998632,15.952632999800407,58.42720899951936,4036915044,8102723984,3562621023040,4029108736,2253.0045860003156,2268.5047899999518
nymeria,cpu,posthoc_vq,nymeria__all__qwen3_4b,qwen3_4b,all,8046076,32184304,1005691840,8856,71988,7974088,8.620717999747285,15.706150999566145,37.94872800042813,4037154812,8103683056,11840271186752,4029108736,5250.546386999758,5288.687960000061
nymeria,cpu,joint_vq,nymeria__all__qwen3_4b,qwen3_4b,all,8143492,32573968,543573952,3567,71988,8071504,2.0386920000419195,8.277906000127864,28.269604000191606,4037252228,8104072720,3562622366528,4029108736,2253.0045860003156,2271.5548930004843
nymeria,cpu,deepconvlstm,nymeria__all__qwen3_4b,qwen3_4b,all,7626322,30505288,487321728,10718368,7626322,0,5.950836000010895,3606.5758370002454,8594.450868000935,4036735058,8102004040,1296153200640,4029108736,1607.4425179999707,1616.1903360002725
nymeria,cpu,unrestricted_bank,nymeria__all__qwen3_4b,qwen3_4b,all,9666724,38666896,570443712,3567,71988,9594736,1.7466009999225207,8.024033999642874,27.36012199905744,4038775460,8110165648,3562649236288,4029108736,2253.0045860003156,2270.157312000265
nymeria,cpu,separate_banks,nymeria__all__qwen3_4b,qwen3_4b,all,7934884,31739536,543573952,3567,71988,7862896,2.0615220000763657,7.798915000218863,26.405172000826127,4037043620,8103238288,3562622366528,4029108736,2253.0045860003156,2269.858699999986
nymeria,cpu,fixed_resampling,nymeria__all__qwen3_4b,qwen3_4b,all,7934884,31739536,114399680,3567,71988,7862896,2.008161000048858,7.415093000215443,24.017916998976574,4037043620,8103238288,3562193192256,4029108736,2253.0045860003156,2266.756918000283
nymeria,cpu,finetune_encoders,nymeria__all__qwen3_4b,qwen3_4b,all,7934884,31739536,543573952,3567,71988,7862896,2.0008609999422333,7.7396839999685705,26.332159999432037,4037043620,8103238288,3562622366528,4029108736,2253.0045860003156,2269.8248820001936
nymeria,cpu,no_alignment,nymeria__all__qwen3_4b,qwen3_4b,all,7934884,31739536,543573952,3567,71988,7862896,2.0110420000492013,7.73201500012629,26.324219999727205,4037043620,8103238288,3562622366528,4029108736,2253.0045860003156,2269.801811000434
nymeria,cpu,no_usage,nymeria__all__qwen3_4b,qwen3_4b,all,7934884,31739536,543573952,3567,71988,7862896,2.0300119999774324,7.779454000480933,26.38444000088711,4037043620,8103238288,3562622366528,4029108736,2253.0045860003156,2269.7245510003086
nymeria,cpu,tcn,nymeria__all__qwen3_4b,qwen3_4b,all,6908124,27632496,441291456,10718368,6908124,0,6.0880249998263025,3606.7672349997606,8594.644956000197,4036016860,8099131248,1296107170368,4029108736,1607.4425179999707,1616.7144869996264
nymeria,cpu,ts_transformer,nymeria__all__qwen3_4b,qwen3_4b,all,6920988,27683952,442340032,10718368,6920988,0,6.399805000000924,3607.1333669999417,8595.264937999731,4036029724,8099182704,1296108218944,4029108736,1607.4425179999707,1616.2871259994063
nymeria,cpu,patchtst,nymeria__all__qwen3_4b,qwen3_4b,all,6744572,26978288,2403034176,10718368,6744572,0,15.881044000252587,3616.589126000444,8604.46775800125,4035853308,8098477040,1111382241088,4029108736,1493.1723859999693,1512.203323999529
nymeria,cpu,distrixsense,nymeria__only_audio__qwen3_4b,qwen3_4b,only_audio,7109164,28436656,453406464,164,29556,7079608,0.28044999999110587,3.0624210001716214,5.8244320004343635,4036217900,8099935408,599038138240,4029108736,1365.3680319998784,1367.8544949998468
nymeria,cpu,dense,nymeria__only_audio__qwen3_4b,qwen3_4b,only_audio,7100252,28401008,456648448,8648,27508,7072744,0.2719899998737674,6.365829999917641,12.443539999557723,4036208988,8099899760,954223961984,4029108736,1456.824762999986,1459.655426000154
nymeria,cpu,dense_tokens,nymeria__only_audio__qwen3_4b,qwen3_4b,only_audio,7105004,28420016,453373696,2200,27508,7077496,0.2289200001541758,3.7765910005827026,7.310132000375015,4036213740,8099918768,599038105472,4029108736,1365.3680319998784,1367.6426949996312
nymeria,cpu,raw,nymeria__only_audio__qwen3_4b,qwen3_4b,only_audio,7100252,28401008,456648448,8232152,7100252,0,1.5567209998152975,3297.0529120001024,6592.132542000097,4036208988,8099899760,954223961984,4029108736,1456.824762999986,1460.4350770000565
nymeria,cpu,early_fusion,nymeria__only_audio__qwen3_4b,qwen3_4b,only_audio,6633532,26534128,424316672,8232152,6633532,0,1.3088309997328906,3296.7196120001367,6591.771951999969,4035742268,8098032880,717101252480,4029108736,1399.8039619996234,1402.6338249996115
nymeria,cpu,late_fusion,nymeria__only_audio__qwen3_4b,qwen3_4b,only_audio,7073404,28293616,452188160,176,0,7073404,0.03048999997190549,2.9562900000632273,5.688789999380661,4029541500,8073229808,606183227648,4022468096,1367.6060029997643,1369.1476739995778
nymeria,cpu,local_only,nymeria__only_audio__qwen3_4b,qwen3_4b,only_audio,7073404,28293616,452188160,104,0,7073404,0.03804000016316422,2.75379099982045,5.427051999990875,4029541500,8073229808,606183227648,4022468096,1367.6060029997643,1369.208135000008
nymeria,cpu,bottleneck,nymeria__only_audio__qwen3_4b,qwen3_4b,only_audio,7100836,28403344,456681216,1368,27828,7073008,0.2676009999049711,3.6491409998880293,6.8156109996762595,4036209572,8099902096,954223994752,4029108736,1456.824762999986,1459.6195049998641
nymeria,cpu,tokenlearner,nymeria__only_audio__qwen3_4b,qwen3_4b,only_audio,7102892,28411568,453340928,2200,27508,7075384,0.2264499999000691,3.8449510002418537,7.415112000207737,4036211628,8099910320,599038072704,4029108736,1365.3680319998784,1367.647702999875
nymeria,cpu,posthoc_vq,nymeria__only_audio__qwen3_4b,qwen3_4b,only_audio,7106396,28425584,456779520,392,29556,7076840,0.3145699997730844,3.2067009999875853,6.072760999881715,4036215132,8099924336,954224093056,4029108736,1456.824762999986,1459.8891059999914
nymeria,cpu,joint_vq,nymeria__only_audio__qwen3_4b,qwen3_4b,only_audio,7111148,28444592,453406464,164,29556,7081592,0.27471999965200666,3.10122999947826,5.897060999057622,4036219884,8099943344,599038138240,4029108736,1365.3680319998784,1367.874973999733
nymeria,cpu,deepconvlstm,nymeria__only_audio__qwen3_4b,qwen3_4b,only_audio,7099186,28396744,453825920,8232152,7099186,0,1.309761000356957,3296.743182000531,6591.792652000701,4036207922,8099895496,717130761728,4029108736,1399.8039619996234,1402.641914999549
nymeria,cpu,unrestricted_bank,nymeria__only_audio__qwen3_4b,qwen3_4b,only_audio,7111276,28445104,453439232,164,29556,7081720,0.24166000002878718,2.98571100059608,5.704552000832528,4036220012,8099943856,599038171008,4029108736,1365.3680319998784,1367.709773000115
nymeria,cpu,separate_banks,nymeria__only_audio__qwen3_4b,qwen3_4b,only_audio,7109164,28436656,453406464,164,29556,7079608,0.2778599996418052,3.0357199996925424,5.755970000034914,4036217900,8099935408,599038138240,4029108736,1365.3680319998784,1367.7470130000984
nymeria,cpu,fixed_resampling,nymeria__only_audio__qwen3_4b,qwen3_4b,only_audio,7109164,28436656,38456320,164,29556,7079608,0.26624100019034813,2.6927420002121885,5.101672000517475,4036217900,8099935408,598623188096,4029108736,1365.3680319998784,1367.0740729994577
nymeria,cpu,finetune_encoders,nymeria__only_audio__qwen3_4b,qwen3_4b,only_audio,7109164,28436656,453406464,164,29556,7079608,0.2694300001166994,3.0239010000824287,5.740332000339741,4036217900,8099935408,599038138240,4029108736,1365.3680319998784,1367.750483999771
nymeria,cpu,no_alignment,nymeria__only_audio__qwen3_4b,qwen3_4b,only_audio,7109164,28436656,453406464,164,29556,7079608,0.2648509998834925,3.06298199969579,5.8356429996531105,4036217900,8099935408,599038138240,4029108736,1365.3680319998784,1367.7737839998372
nymeria,cpu,no_usage,nymeria__only_audio__qwen3_4b,qwen3_4b,only_audio,7109164,28436656,453406464,164,29556,7079608,0.27475000024423935,3.030341000188951,5.758551000024646,4036217900,8099935408,599038138240,4029108736,1365.3680319998784,1367.722794999736
nymeria,cpu,tcn,nymeria__only_audio__qwen3_4b,qwen3_4b,only_audio,6619388,26477552,423130624,8232152,6619388,0,1.2271010000404203,3296.6371320001904,6591.688622999906,4035728124,8097976304,717100066432,4029108736,1399.8039619996234,1402.5593439996555
nymeria,cpu,ts_transformer,nymeria__only_audio__qwen3_4b,qwen3_4b,only_audio,6632252,26529008,424179200,8232152,6632252,0,1.2715609996121202,3296.6813709998255,6591.7329010000385,4035740988,8098027760,717101115008,4029108736,1399.8039619996234,1402.6177949995144
nymeria,cpu,patchtst,nymeria__only_audio__qwen3_4b,qwen3_4b,only_audio,6517308,26069232,1710926208,8232152,6517308,0,7.395286000246415,3302.819736000705,6597.872196000632,4035626044,8097567984,534001503616,4029108736,1347.337074999814,1356.1960629995156
nymeria,cpu,distrixsense,nymeria__only_barometer__qwen3_4b,qwen3_4b,only_barometer,43024,172096,1633792,164,29556,13468,0.2856600003724452,2.54001000060644,4.774030000742833,4029151760,8071670848,598586365568,4029108736,1365.3680319998784,1366.7361640000308
nymeria,cpu,dense,nymeria__only_barometer__qwen3_4b,qwen3_4b,only_barometer,34112,136448,4875776,8648,27508,6604,0.2620599998408579,5.843990000225621,11.411380000217358,4029142848,8071635200,953772189312,4029108736,1456.824762999986,1458.5612750001928
nymeria,cpu,dense_tokens,nymeria__only_barometer__qwen3_4b,qwen3_4b,only_barometer,38864,155456,1601024,2200,27508,11356,0.23056000009091804,3.2806300000582995,6.3183699999078815,4029147600,8071654208,598586332800,4029108736,1365.3680319998784,1366.58945399995
nymeria,cpu,raw,nymeria__only_barometer__qwen3_4b,qwen3_4b,only_barometer,34112,136448,4875776,2488,34112,0,0.5095609999443695,3.526060999788274,6.5305109997364985,4029142848,8071635200,953772189312,4029108736,1456.824762999986,1458.5055049997209
nymeria,cpu,early_fusion,nymeria__only_barometer__qwen3_4b,qwen3_4b,only_barometer,27680,110720,2002432,2488,27680,0,0.4328999998506333,3.449799999557104,6.454509999484208,4029136416,8071609472,716678938240,4029108736,1399.8039619996234,1401.024263999716
nymeria,cpu,late_fusion,nymeria__only_barometer__qwen3_4b,qwen3_4b,only_barometer,7264,29056,415488,176,0,7264,0.029660000109288376,2.237279999596858,4.430469999801844,4022475360,8044965248,605731454976,4022468096,1367.6060029997643,1368.144003999987
nymeria,cpu,local_only,nymeria__only_barometer__qwen3_4b,qwen3_4b,only_barometer,7264,29056,415488,104,0,7264,0.0369099998351885,2.215379999840917,4.379159999675688,4022475360,8044965248,605731454976,4022468096,1367.6060029997643,1368.172523999874
nymeria,cpu,bottleneck,nymeria__only_barometer__qwen3_4b,qwen3_4b,only_barometer,34696,138784,4908544,1368,27828,6868,0.2618509997773799,2.946071000015788,5.618721000284545,4029143432,8071637536,953772222080,4029108736,1456.824762999986,1458.6065539997435
nymeria,cpu,tokenlearner,nymeria__only_barometer__qwen3_4b,qwen3_4b,only_barometer,36752,147008,1568256,2200,27508,9244,0.22775999968871474,3.271429999126558,6.300729999102041,4029145488,8071645760,598586300032,4029108736,1365.3680319998784,1366.5632829997776
nymeria,cpu,posthoc_vq,nymeria__only_barometer__qwen3_4b,qwen3_4b,only_barometer,40256,161024,5006848,392,29556,10700,0.30763999984628754,2.6895200001374877,5.047190000436379,4029148992,8071659776,953772320384,4029108736,1456.824762999986,1458.8544150001326
nymeria,cpu,joint_vq,nymeria__only_barometer__qwen3_4b,qwen3_4b,only_barometer,45008,180032,1633792,164,29556,15452,0.2741200000855315,2.589400000792107,4.887221000597684,4029153744,8071678784,598586365568,4029108736,1365.3680319998784,1366.8565829998442
nymeria,cpu,deepconvlstm,nymeria__only_barometer__qwen3_4b,qwen3_4b,only_barometer,33046,132184,2053248,2488,33046,0,0.345891000051779,3.3624009997899296,6.366880999875639,4029141782,8071630936,716678989056,4029108736,1399.8039619996234,1400.9371029997055
nymeria,cpu,unrestricted_bank,nymeria__only_barometer__qwen3_4b,qwen3_4b,only_barometer,45136,180544,1666560,164,29556,15580,0.24274999987028423,2.496580000146519,4.729731000377988,4029153872,8071679296,598586398336,4029108736,1365.3680319998784,1366.6926319997401
nymeria,cpu,separate_banks,nymeria__only_barometer__qwen3_4b,qwen3_4b,only_barometer,43024,172096,1633792,164,29556,13468,0.27944000021307147,2.5304500007533584,4.762670000371337,4029151760,8071670848,598586365568,4029108736,1365.3680319998784,1366.706712999985
nymeria,cpu,fixed_resampling,nymeria__only_barometer__qwen3_4b,qwen3_4b,only_barometer,43024,172096,1633280,164,29556,13468,0.26547000015852973,2.4963600001993704,4.710000000766932,4029151760,8071670848,598586365056,4029108736,1365.3680319998784,1366.6697339995153
nymeria,cpu,finetune_encoders,nymeria__only_barometer__qwen3_4b,qwen3_4b,only_barometer,43024,172096,1633792,164,29556,13468,0.2654300001267984,2.521480000572506,4.757250000391842,4029151760,8071670848,598586365568,4029108736,1365.3680319998784,1366.710542999499
nymeria,cpu,no_alignment,nymeria__only_barometer__qwen3_4b,qwen3_4b,only_barometer,43024,172096,1633792,164,29556,13468,0.2648899999257992,2.516870000212389,4.750220000158343,4029151760,8071670848,598586365568,4029108736,1365.3680319998784,1366.7116730002817
nymeria,cpu,no_usage,nymeria__only_barometer__qwen3_4b,qwen3_4b,only_barometer,43024,172096,1633792,164,29556,13468,0.2737499999057036,2.523949999917118,4.753659999704006,4029151760,8071670848,598586365568,4029108736,1365.3680319998784,1366.7135919999964
nymeria,cpu,tcn,nymeria__only_barometer__qwen3_4b,qwen3_4b,only_barometer,13536,54144,816384,2488,13536,0,0.3550299998096307,3.3719699995478325,6.376959999697056,4029122272,8071552896,716677752192,4029108736,1399.8039619996234,1400.9409519994733
nymeria,cpu,ts_transformer,nymeria__only_barometer__qwen3_4b,qwen3_4b,only_barometer,26400,105600,1864960,2488,26400,0,0.39956999989954056,3.4162399997646165,6.420830000051274,4029135136,8071604352,716678800768,4029108736,1399.8039619996234,1400.9901839999657
nymeria,cpu,patchtst,nymeria__only_barometer__qwen3_4b,qwen3_4b,only_barometer,26528,106112,726144,2488,26528,0,0.4394210000100429,3.456151000604837,6.461161000542552,4029135264,8071604864,532291303552,4029108736,1347.337074999814,1348.2648849994803
nymeria,cpu,distrixsense,nymeria__only_body_acceleration__qwen3_4b,qwen3_4b,only_body_acceleration,51182,204728,1839552,81,28468,22714,0.22618999992118916,2.548260999930685,2.548260999930685,4029159918,8071703480,524958840128,4029108736,1347.9546459998346,1349.0175980000458
nymeria,cpu,dense,nymeria__only_body_acceleration__qwen3_4b,qwen3_4b,only_body_acceleration,46726,186904,3214784,4324,27444,19282,0.2069699999083241,5.855249999835668,5.855249999835668,4029155462,8071685656,701928652096,4029108736,1385.2588899999319,1386.4959810002802
nymeria,cpu,dense_tokens,nymeria__only_body_acceleration__qwen3_4b,qwen3_4b,only_body_acceleration,49102,196408,1823168,1100,27444,21658,0.19178100001226994,3.3099810002521552,3.3099810002521552,4029157838,8071695160,524958823744,4029108736,1347.9546459998346,1348.9354769994861
nymeria,cpu,raw,nymeria__only_body_acceleration__qwen3_4b,qwen3_4b,only_body_acceleration,46726,186904,3214784,205452,46726,0,0.4545910001070297,166.85396100039708,166.85396100039708,4029155462,8071685656,701928652096,4029108736,1385.2588899999319,1386.5038819999427
nymeria,cpu,early_fusion,nymeria__only_body_acceleration__qwen3_4b,qwen3_4b,only_body_acceleration,34822,139288,2454976,205452,34822,0,0.4564099999697646,166.8557800002598,166.8557800002598,4029143558,8071638040,701927892288,4029108736,1385.2588899999319,1386.5055619999112
nymeria,cpu,late_fusion,nymeria__only_body_acceleration__qwen3_4b,qwen3_4b,only_body_acceleration,19612,78448,1221760,88,0,19612,0.024140000277839135,2.298730000027199,2.298730000027199,4022487708,8045014640,591016152192,4022468096,1376.2016709997624,1376.673571000083
nymeria,cpu,local_only,nymeria__only_body_acceleration__qwen3_4b,qwen3_4b,only_body_acceleration,19612,78448,1221760,52,0,19612,0.027600000066740904,2.2782000007896217,2.2782000007896217,4022487708,8045014640,591016152192,4022468096,1376.2016709997624,1376.674520999586
nymeria,cpu,bottleneck,nymeria__only_body_acceleration__qwen3_4b,qwen3_4b,only_body_acceleration,47018,188072,3231168,684,27604,19414,0.21757000013167271,2.973091000304546,2.973091000304546,4029155754,8071686824,701928668480,4029108736,1385.2588899999319,1386.5096810000068
nymeria,cpu,tokenlearner,nymeria__only_body_acceleration__qwen3_4b,qwen3_4b,only_body_acceleration,48046,192184,1806784,1100,27444,20602,0.19700999973792932,3.3062300003574636,3.3062300003574636,4029156782,8071690936,524958807360,4029108736,1347.9546459998346,1348.9338879994648
nymeria,cpu,posthoc_vq,nymeria__only_body_acceleration__qwen3_4b,qwen3_4b,only_body_acceleration,48774,195096,3280320,192,28468,20306,0.2434200000607234,2.7000400001073954,2.7000400001073954,4029157510,8071693848,701928717632,4029108736,1385.2588899999319,1386.6544610000346
nymeria,cpu,joint_vq,nymeria__only_body_acceleration__qwen3_4b,qwen3_4b,only_body_acceleration,51150,204600,1839552,81,28468,22682,0.23310000005949405,2.6312100003741623,2.6312100003741623,4029159886,8071703352,524958840128,4029108736,1347.9546459998346,1349.0814569995564
nymeria,cpu,deepconvlstm,nymeria__only_body_acceleration__qwen3_4b,qwen3_4b,only_body_acceleration,48860,195440,3056768,205452,48860,0,0.34919999961857684,166.7488400002365,166.7488400002365,4029157596,8071694192,701928494080,4029108736,1385.2588899999319,1386.3984609997715
nymeria,cpu,unrestricted_bank,nymeria__only_body_acceleration__qwen3_4b,qwen3_4b,only_body_acceleration,51182,204728,1839552,81,28468,22714,0.2032500001405424,2.529270000224537,2.529270000224537,4029159918,8071703480,524958840128,4029108736,1347.9546459998346,1348.99275799944
nymeria,cpu,separate_banks,nymeria__only_body_acceleration__qwen3_4b,qwen3_4b,only_body_acceleration,51182,204728,1839552,81,28468,22714,0.24063099999693804,2.566570999562723,2.566570999562723,4029159918,8071703480,524958840128,4029108736,1347.9546459998346,1349.017516999993
nymeria,cpu,fixed_resampling,nymeria__only_body_acceleration__qwen3_4b,qwen3_4b,only_body_acceleration,51182,204728,1521600,81,28468,22714,0.22747100001652143,2.4713610000907327,2.4713610000907327,4029159918,8071703480,524958522176,4029108736,1347.9546459998346,1348.9234279995799
nymeria,cpu,finetune_encoders,nymeria__only_body_acceleration__qwen3_4b,qwen3_4b,only_body_acceleration,51182,204728,1839552,81,28468,22714,0.22751000005882815,2.5475799989470804,2.5475799989470804,4029159918,8071703480,524958840128,4029108736,1347.9546459998346,1349.0034359992933
nymeria,cpu,no_alignment,nymeria__only_body_acceleration__qwen3_4b,qwen3_4b,only_body_acceleration,51182,204728,1839552,81,28468,22714,0.22593999983655522,2.554280999931402,2.554280999931402,4029159918,8071703480,524958840128,4029108736,1347.9546459998346,1349.0144959996542
nymeria,cpu,no_usage,nymeria__only_body_acceleration__qwen3_4b,qwen3_4b,only_body_acceleration,51182,204728,1839552,81,28468,22714,0.23288100010177004,2.557431000270194,2.557431000270194,4029159918,8071703480,524958840128,4029108736,1347.9546459998346,1349.0070170000763
nymeria,cpu,tcn,nymeria__only_body_acceleration__qwen3_4b,qwen3_4b,only_body_acceleration,20710,82840,1268928,205452,20710,0,0.366780000149447,166.76578999969917,166.76578999969917,4029129446,8071581592,701926706240,4029108736,1385.2588899999319,1386.4196299996365
nymeria,cpu,ts_transformer,nymeria__only_body_acceleration__qwen3_4b,qwen3_4b,only_body_acceleration,33574,134296,2317504,205452,33574,0,0.403099999857659,166.80275000036983,166.80275000036983,4029142310,8071633048,701927754816,4029108736,1385.2588899999319,1386.449230999915
nymeria,cpu,patchtst,nymeria__only_body_acceleration__qwen3_4b,qwen3_4b,only_body_acceleration,31590,126360,25176384,205452,31590,0,0.6287609999162669,167.02830100068223,167.02830100068223,4029140326,8071625112,517623237696,4029108736,1346.553424999911,1347.6700260002872
nymeria,cpu,distrixsense,nymeria__only_body_orientation__qwen3_4b,qwen3_4b,only_body_orientation,58680,234720,2316480,81,28468,30212,0.23301099963646266,2.55955099922347,2.55955099922347,4029167416,8071733472,524959317056,4029108736,1347.9546459998346,1349.0094969993152
nymeria,cpu,dense,nymeria__only_body_orientation__qwen3_4b,qwen3_4b,only_body_orientation,54224,216896,3691712,4324,27444,26780,0.21207100007814006,5.86185100005854,5.86185100005854,4029162960,8071715648,701929129024,4029108736,1385.2588899999319,1386.4823799999613
nymeria,cpu,dense_tokens,nymeria__only_body_orientation__qwen3_4b,qwen3_4b,only_body_orientation,56600,226400,2300096,1100,27444,29156,0.19453999993856996,3.3231900001691246,3.3231900001691246,4029165336,8071725152,524959300672,4029108736,1347.9546459998346,1348.9344059994437
nymeria,cpu,raw,nymeria__only_body_orientation__qwen3_4b,qwen3_4b,only_body_orientation,54224,216896,3691712,272952,54224,0,0.4598499999701744,220.8667200005255,220.8667200005255,4029162960,8071715648,701929129024,4029108736,1385.2588899999319,1386.5142099998593
nymeria,cpu,early_fusion,nymeria__only_body_orientation__qwen3_4b,qwen3_4b,only_body_orientation,39376,157504,2743488,272952,39376,0,0.45561999968413147,220.86242000007024,220.86242000007024,4029148112,8071656256,701928180800,4029108736,1385.2588899999319,1386.4986710000267
nymeria,cpu,late_fusion,nymeria__only_body_orientation__qwen3_4b,qwen3_4b,only_body_orientation,27110,108440,1698688,88,0,27110,0.02433099962217966,2.301460999794863,2.301460999794863,4022495206,8045044632,591016629120,4022468096,1376.2016709997624,1376.666360999934
nymeria,cpu,local_only,nymeria__only_body_orientation__qwen3_4b,qwen3_4b,only_body_orientation,27110,108440,1698688,52,0,27110,0.02851999988706666,2.2757409999644382,2.2757409999644382,4022495206,8045044632,591016629120,4022468096,1376.2016709997624,1376.6870819999895
nymeria,cpu,bottleneck,nymeria__only_body_orientation__qwen3_4b,qwen3_4b,only_body_orientation,54516,218064,3708096,684,27604,26912,0.22315000023809262,2.9818300001998317,2.9818300001998317,4029163252,8071716816,701929145408,4029108736,1385.2588899999319,1386.5104420001444
nymeria,cpu,tokenlearner,nymeria__only_body_orientation__qwen3_4b,qwen3_4b,only_body_orientation,55544,222176,2283712,1100,27444,28100,0.19582000004447764,3.313110000358283,3.313110000358283,4029164280,8071720928,524959284288,4029108736,1347.9546459998346,1348.930456999824
nymeria,cpu,posthoc_vq,nymeria__only_body_orientation__qwen3_4b,qwen3_4b,only_body_orientation,56272,225088,3757248,192,28468,27804,0.24913000015658326,2.698400000170653,2.698400000170653,4029165008,8071723840,701929194560,4029108736,1385.2588899999319,1386.658161000014
nymeria,cpu,joint_vq,nymeria__only_body_orientation__qwen3_4b,qwen3_4b,only_body_orientation,58648,234592,2316480,81,28468,30180,0.2277700000377081,2.632120000300242,2.632120000300242,4029167384,8071733344,524959317056,4029108736,1347.9546459998346,1349.0851469996414
nymeria,cpu,deepconvlstm,nymeria__only_body_orientation__qwen3_4b,qwen3_4b,only_body_orientation,56358,225432,3533696,272952,56358,0,0.37146000022403314,220.77817000065244,220.77817000065244,4029165094,8071724184,701928971008,4029108736,1385.2588899999319,1386.4073909994659
nymeria,cpu,unrestricted_bank,nymeria__only_body_orientation__qwen3_4b,qwen3_4b,only_body_orientation,58680,234720,2316480,81,28468,30212,0.20150999989709817,2.527070999832981,2.527070999832981,4029167416,8071733472,524959317056,4029108736,1347.9546459998346,1348.9931260005505
nymeria,cpu,separate_banks,nymeria__only_body_orientation__qwen3_4b,qwen3_4b,only_body_orientation,58680,234720,2316480,81,28468,30212,0.24450999990222044,2.572190000166197,2.572190000166197,4029167416,8071733472,524959317056,4029108736,1347.9546459998346,1349.018456000067
nymeria,cpu,fixed_resampling,nymeria__only_body_orientation__qwen3_4b,qwen3_4b,only_body_orientation,58680,234720,1757120,81,28468,30212,0.22523000006913207,2.4698899997309898,2.4698899997309898,4029167416,8071733472,524958757696,4029108736,1347.9546459998346,1348.931015999824
nymeria,cpu,finetune_encoders,nymeria__only_body_orientation__qwen3_4b,qwen3_4b,only_body_orientation,58680,234720,2316480,81,28468,30212,0.23343000020759064,2.5672410002079094,2.5672410002079094,4029167416,8071733472,524959317056,4029108736,1347.9546459998346,1349.0091259996007
nymeria,cpu,no_alignment,nymeria__only_body_orientation__qwen3_4b,qwen3_4b,only_body_orientation,58680,234720,2316480,81,28468,30212,0.2328000000488828,2.556720000058599,2.556720000058599,4029167416,8071733472,524959317056,4029108736,1347.9546459998346,1349.0212370002155
nymeria,cpu,no_usage,nymeria__only_body_orientation__qwen3_4b,qwen3_4b,only_body_orientation,58680,234720,2316480,81,28468,30212,0.2289999997628911,2.561790000101505,2.561790000101505,4029167416,8071733472,524959317056,4029108736,1347.9546459998346,1349.0100469994104
nymeria,cpu,tcn,nymeria__only_body_orientation__qwen3_4b,qwen3_4b,only_body_orientation,25264,101056,1557440,272952,25264,0,0.3747809996639262,220.78349099940516,220.78349099940516,4029134000,8071599808,701926994752,4029108736,1385.2588899999319,1386.431461000484
nymeria,cpu,ts_transformer,nymeria__only_body_orientation__qwen3_4b,qwen3_4b,only_body_orientation,38128,152512,2606016,272952,38128,0,0.4081199999745877,220.81704000022347,220.81704000022347,4029146864,8071651264,701928043328,4029108736,1385.2588899999319,1386.4632920003714
nymeria,cpu,patchtst,nymeria__only_body_orientation__qwen3_4b,qwen3_4b,only_body_orientation,35408,141632,33702208,272952,35408,0,0.6689510000796872,221.0765009998102,221.0765009998102,4029144144,8071640384,517631763520,4029108736,1346.553424999911,1347.7290169998923
nymeria,cpu,distrixsense,nymeria__only_body_position__qwen3_4b,qwen3_4b,only_body_position,51182,204728,1839552,81,28468,22714,0.2272699998684402,2.555520000470901,2.555520000470901,4029159918,8071703480,524958840128,4029108736,1347.9546459998346,1349.013107999781
nymeria,cpu,dense,nymeria__only_body_position__qwen3_4b,qwen3_4b,only_body_position,46726,186904,3214784,4324,27444,19282,0.21655999989889096,5.869060999752709,5.869060999752709,4029155462,8071685656,701928652096,4029108736,1385.2588899999319,1386.4877609998985
nymeria,cpu,dense_tokens,nymeria__only_body_position__qwen3_4b,qwen3_4b,only_body_position,49102,196408,1823168,1100,27444,21658,0.2017510000769107,3.3208919999150384,3.3208919999150384,4029157838,8071695160,524958823744,4029108736,1347.9546459998346,1348.9441679994343
nymeria,cpu,raw,nymeria__only_body_position__qwen3_4b,qwen3_4b,only_body_position,46726,186904,3214784,205452,46726,0,0.46276099965325557,166.8633819994464,166.8633819994464,4029155462,8071685656,701928652096,4029108736,1385.2588899999319,1386.5026919993397
nymeria,cpu,early_fusion,nymeria__only_body_position__qwen3_4b,qwen3_4b,only_body_position,34822,139288,2454976,205452,34822,0,0.4476510002859868,166.8486110005868,166.8486110005868,4029143558,8071638040,701927892288,4029108736,1385.2588899999319,1386.5047319995938
nymeria,cpu,late_fusion,nymeria__only_body_position__qwen3_4b,qwen3_4b,only_body_position,19612,78448,1221760,88,0,19612,0.023609999971085927,2.2994600000378616,2.2994600000378616,4022487708,8045014640,591016152192,4022468096,1376.2016709997624,1376.669230999596
nymeria,cpu,local_only,nymeria__only_body_position__qwen3_4b,qwen3_4b,only_body_position,19612,78448,1221760,52,0,19612,0.027999999929306796,2.2703509996676816,2.2703509996676816,4022487708,8045014640,591016152192,4022468096,1376.2016709997624,1376.6907219996938
nymeria,cpu,bottleneck,nymeria__only_body_position__qwen3_4b,qwen3_4b,only_body_position,47018,188072,3231168,684,27604,19414,0.2106110000568151,2.958980999911571,2.958980999911571,4029155754,8071686824,701928668480,4029108736,1385.2588899999319,1386.503380999784
nymeria,cpu,tokenlearner,nymeria__only_body_position__qwen3_4b,qwen3_4b,only_body_position,48046,192184,1806784,1100,27444,20602,0.19625999993877485,3.3089000003154796,3.3089000003154796,4029156782,8071690936,524958807360,4029108736,1347.9546459998346,1348.9253569991888
nymeria,cpu,posthoc_vq,nymeria__only_body_position__qwen3_4b,qwen3_4b,only_body_position,48774,195096,3280320,192,28468,20306,0.24211000027207774,2.6987510000966664,2.6987510000966664,4029157510,8071693848,701928717632,4029108736,1385.2588899999319,1386.6613119998874
nymeria,cpu,joint_vq,nymeria__only_body_position__qwen3_4b,qwen3_4b,only_body_position,51150,204600,1839552,81,28468,22682,0.22750000016458216,2.6222310002884885,2.6222310002884885,4029159886,8071703352,524958840128,4029108736,1347.9546459998346,1349.076605999926
nymeria,cpu,deepconvlstm,nymeria__only_body_position__qwen3_4b,qwen3_4b,only_body_position,48860,195440,3056768,205452,48860,0,0.3596000001380162,166.75888999990985,166.75888999990985,4029157596,8071694192,701928494080,4029108736,1385.2588899999319,1386.4008400000785
nymeria,cpu,unrestricted_bank,nymeria__only_body_position__qwen3_4b,qwen3_4b,only_body_position,51182,204728,1839552,81,28468,22714,0.2012199997807329,2.52128999957848,2.52128999957848,4029159918,8071703480,524958840128,4029108736,1347.9546459998346,1348.9968379999482
nymeria,cpu,separate_banks,nymeria__only_body_position__qwen3_4b,qwen3_4b,only_body_position,51182,204728,1839552,81,28468,22714,0.23630999976376188,2.5595199995513074,2.5595199995513074,4029159918,8071703480,524958840128,4029108736,1347.9546459998346,1349.0154759997495
nymeria,cpu,fixed_resampling,nymeria__only_body_position__qwen3_4b,qwen3_4b,only_body_position,51182,204728,1521600,81,28468,22714,0.23019099990051473,2.478282000112708,2.478282000112708,4029159918,8071703480,524958522176,4029108736,1347.9546459998346,1348.9217169999392
nymeria,cpu,finetune_encoders,nymeria__only_body_position__qwen3_4b,qwen3_4b,only_body_position,51182,204728,1839552,81,28468,22714,0.23183000030257972,2.5521100001532293,2.5521100001532293,4029159918,8071703480,524958840128,4029108736,1347.9546459998346,1349.0218259998983
nymeria,cpu,no_alignment,nymeria__only_body_position__qwen3_4b,qwen3_4b,only_body_position,51182,204728,1839552,81,28468,22714,0.22655100019619567,2.551721000174334,2.551721000174334,4029159918,8071703480,524958840128,4029108736,1347.9546459998346,1349.0098669999497
nymeria,cpu,no_usage,nymeria__only_body_position__qwen3_4b,qwen3_4b,only_body_position,51182,204728,1839552,81,28468,22714,0.2347899999222136,2.5587299997204216,2.5587299997204216,4029159918,8071703480,524958840128,4029108736,1347.9546459998346,1349.0143469998657
nymeria,cpu,tcn,nymeria__only_body_position__qwen3_4b,qwen3_4b,only_body_position,20710,82840,1268928,205452,20710,0,0.3785999997489853,166.778599999743,166.778599999743,4029129446,8071581592,701926706240,4029108736,1385.2588899999319,1386.4168410000275
nymeria,cpu,ts_transformer,nymeria__only_body_position__qwen3_4b,qwen3_4b,only_body_position,33574,134296,2317504,205452,33574,0,0.4149800001869153,166.81443000008568,166.81443000008568,4029142310,8071633048,701927754816,4029108736,1385.2588899999319,1386.4481109994813
nymeria,cpu,patchtst,nymeria__only_body_position__qwen3_4b,qwen3_4b,only_body_position,31590,126360,25176384,205452,31590,0,0.6170510000629292,167.02114100000455,167.02114100000455,4029140326,8071625112,517623237696,4029108736,1346.553424999911,1347.6788859998123
nymeria,cpu,distrixsense,nymeria__only_body_velocity__qwen3_4b,qwen3_4b,only_body_velocity,51182,204728,1839552,81,28468,22714,0.22946999979467364,2.552489999772556,2.552489999772556,4029159918,8071703480,524958840128,4029108736,1347.9546459998346,1349.0223269996022
nymeria,cpu,dense,nymeria__only_body_velocity__qwen3_4b,qwen3_4b,only_body_velocity,46726,186904,3214784,4324,27444,19282,0.2094609999403474,5.8537609996662825,5.8537609996662825,4029155462,8071685656,701928652096,4029108736,1385.2588899999319,1386.4943899998252
nymeria,cpu,dense_tokens,nymeria__only_body_velocity__qwen3_4b,qwen3_4b,only_body_velocity,49102,196408,1823168,1100,27444,21658,0.19709999969563796,3.3243599991645896,3.3243599991645896,4029157838,8071695160,524958823744,4029108736,1347.9546459998346,1348.936076999962
nymeria,cpu,raw,nymeria__only_body_velocity__qwen3_4b,qwen3_4b,only_body_velocity,46726,186904,3214784,205452,46726,0,0.4530500000328175,166.85162999958249,166.85162999958249,4029155462,8071685656,701928652096,4029108736,1385.2588899999319,1386.510840000028
nymeria,cpu,early_fusion,nymeria__only_body_velocity__qwen3_4b,qwen3_4b,only_body_velocity,34822,139288,2454976,205452,34822,0,0.45609100016008597,166.85519100012226,166.85519100012226,4029143558,8071638040,701927892288,4029108736,1385.2588899999319,1386.4923109999836
nymeria,cpu,late_fusion,nymeria__only_body_velocity__qwen3_4b,qwen3_4b,only_body_velocity,19612,78448,1221760,88,0,19612,0.024089999897114467,2.295689999889355,2.295689999889355,4022487708,8045014640,591016152192,4022468096,1376.2016709997624,1376.6685909999978
nymeria,cpu,local_only,nymeria__only_body_velocity__qwen3_4b,qwen3_4b,only_body_velocity,19612,78448,1221760,52,0,19612,0.027950000003329478,2.271010999963875,2.271010999963875,4022487708,8045014640,591016152192,4022468096,1376.2016709997624,1376.6868629991222
nymeria,cpu,bottleneck,nymeria__only_body_velocity__qwen3_4b,qwen3_4b,only_body_velocity,47018,188072,3231168,684,27604,19414,0.20990100028939196,2.9598310004721746,2.9598310004721746,4029155754,8071686824,701928668480,4029108736,1385.2588899999319,1386.5019210002174
nymeria,cpu,tokenlearner,nymeria__only_body_velocity__qwen3_4b,qwen3_4b,only_body_velocity,48046,192184,1806784,1100,27444,20602,0.19315999998070765,3.308269999247277,3.308269999247277,4029156782,8071690936,524958807360,4029108736,1347.9546459998346,1348.9177079995898
nymeria,cpu,posthoc_vq,nymeria__only_body_velocity__qwen3_4b,qwen3_4b,only_body_velocity,48774,195096,3280320,192,28468,20306,0.24991999998746905,2.6962510001598217,2.6962510001598217,4029157510,8071693848,701928717632,4029108736,1385.2588899999319,1386.6501910001716
nymeria,cpu,joint_vq,nymeria__only_body_velocity__qwen3_4b,qwen3_4b,only_body_velocity,51150,204600,1839552,81,28468,22682,0.2399899999545596,2.6422210003437474,2.6422210003437474,4029159886,8071703352,524958840128,4029108736,1347.9546459998346,1349.0788369995244
nymeria,cpu,deepconvlstm,nymeria__only_body_velocity__qwen3_4b,qwen3_4b,only_body_velocity,48860,195440,3056768,205452,48860,0,0.3544510000210721,166.75335100027934,166.75335100027934,4029157596,8071694192,701928494080,4029108736,1385.2588899999319,1386.4074220000475
nymeria,cpu,unrestricted_bank,nymeria__only_body_velocity__qwen3_4b,qwen3_4b,only_body_velocity,51182,204728,1839552,81,28468,22714,0.20398000015120488,2.53432999991845,2.53432999991845,4029159918,8071703480,524958840128,4029108736,1347.9546459998346,1348.9869879999787
nymeria,cpu,separate_banks,nymeria__only_body_velocity__qwen3_4b,qwen3_4b,only_body_velocity,51182,204728,1839552,81,28468,22714,0.24763999999777297,2.5727800002931733,2.5727800002931733,4029159918,8071703480,524958840128,4029108736,1347.9546459998346,1349.0055569996002
nymeria,cpu,fixed_resampling,nymeria__only_body_velocity__qwen3_4b,qwen3_4b,only_body_velocity,51182,204728,1521600,81,28468,22714,0.22999000020718086,2.4769900005884526,2.4769900005884526,4029159918,8071703480,524958522176,4029108736,1347.9546459998346,1348.923375999675
nymeria,cpu,finetune_encoders,nymeria__only_body_velocity__qwen3_4b,qwen3_4b,only_body_velocity,51182,204728,1839552,81,28468,22714,0.23339099971053656,2.5537009996986715,2.5537009996986715,4029159918,8071703480,524958840128,4029108736,1347.9546459998346,1349.0149169992947
nymeria,cpu,no_alignment,nymeria__only_body_velocity__qwen3_4b,qwen3_4b,only_body_velocity,51182,204728,1839552,81,28468,22714,0.22917000023880973,2.5563800004710036,2.5563800004710036,4029159918,8071703480,524958840128,4029108736,1347.9546459998346,1349.0140169997176
nymeria,cpu,no_usage,nymeria__only_body_velocity__qwen3_4b,qwen3_4b,only_body_velocity,51182,204728,1839552,81,28468,22714,0.24308000001838082,2.562320000408258,2.562320000408258,4029159918,8071703480,524958840128,4029108736,1347.9546459998346,1349.0134180001405
nymeria,cpu,tcn,nymeria__only_body_velocity__qwen3_4b,qwen3_4b,only_body_velocity,20710,82840,1268928,205452,20710,0,0.38022999979148153,166.7795499997008,166.7795499997008,4029129446,8071581592,701926706240,4029108736,1385.2588899999319,1386.4171810000698
nymeria,cpu,ts_transformer,nymeria__only_body_velocity__qwen3_4b,qwen3_4b,only_body_velocity,33574,134296,2317504,205452,33574,0,0.40334100003747153,166.80250100027462,166.80250100027462,4029142310,8071633048,701927754816,4029108736,1385.2588899999319,1386.4443610000308
nymeria,cpu,patchtst,nymeria__only_body_velocity__qwen3_4b,qwen3_4b,only_body_velocity,31590,126360,25176384,205452,31590,0,0.6177909999678377,167.0173410001733,167.0173410001733,4029140326,8071625112,517623237696,4029108736,1346.553424999911,1347.6720849998856
nymeria,cpu,distrixsense,nymeria__only_eye_images__qwen3_4b,qwen3_4b,only_eye_images,72004,288016,3472384,164,29556,42448,0.2777100003186206,2.595391001099511,4.885671001073398,4029180740,8071786768,598588204160,4029108736,1365.3680319998784,1366.8443229998957
nymeria,cpu,dense,nymeria__only_eye_images__qwen3_4b,qwen3_4b,only_eye_images,63092,252368,6714368,8648,27508,35584,0.2645499998834566,5.89392000015754,11.51123000018695,4029171828,8071751120,953774027904,4029108736,1456.824762999986,1458.6687149999307
nymeria,cpu,dense_tokens,nymeria__only_eye_images__qwen3_4b,qwen3_4b,only_eye_images,67844,271376,3439616,2200,27508,40336,0.22657099998468766,3.33194199992693,6.424481999592681,4029176580,8071770128,598588171392,4029108736,1365.3680319998784,1366.7081029998371
nymeria,cpu,raw,nymeria__only_eye_images__qwen3_4b,qwen3_4b,only_eye_images,63092,252368,6714368,15968,63092,0,0.6318410000858421,9.040840999644267,17.437520999433886,4029171828,8071751120,953774027904,4029108736,1456.824762999986,1458.6081550000927
nymeria,cpu,early_fusion,nymeria__only_eye_images__qwen3_4b,qwen3_4b,only_eye_images,40532,162128,2808832,15968,40532,0,0.5472299999382813,8.956520000067819,17.352920000090066,4029149268,8071660880,716679744640,4029108736,1399.8039619996234,1401.1453229995823
nymeria,cpu,late_fusion,nymeria__only_eye_images__qwen3_4b,qwen3_4b,only_eye_images,36244,144976,2254080,176,0,36244,0.029610000183311058,2.2912099999734257,4.539689999814855,4022504340,8045081168,605733293568,4022468096,1367.6060029997643,1368.2682539997586
nymeria,cpu,local_only,nymeria__only_eye_images__qwen3_4b,qwen3_4b,only_eye_images,36244,144976,2254080,104,0,36244,0.04406000016388134,2.2834100002614663,4.503020000388426,4022504340,8045081168,605733293568,4022468096,1367.6060029997643,1368.288793999909
nymeria,cpu,bottleneck,nymeria__only_eye_images__qwen3_4b,qwen3_4b,only_eye_images,63676,254704,6747136,1368,27828,35848,0.26769999976750114,3.0075799998221804,5.732579999896238,4029172412,8071753456,953774060672,4029108736,1456.824762999986,1458.7158950002959
nymeria,cpu,tokenlearner,nymeria__only_eye_images__qwen3_4b,qwen3_4b,only_eye_images,65732,262928,3406848,2200,27508,38224,0.22283999987848802,3.327520000307122,6.4180610001947205,4029174468,8071761680,598588138624,4029108736,1365.3680319998784,1366.6920829996343
nymeria,cpu,posthoc_vq,nymeria__only_eye_images__qwen3_4b,qwen3_4b,only_eye_images,69236,276944,6845440,392,29556,39680,0.3060599997297686,2.747809999425296,5.1609699995192875,4029177972,8071775696,953774158976,4029108736,1456.824762999986,1458.9922149998529
nymeria,cpu,joint_vq,nymeria__only_eye_images__qwen3_4b,qwen3_4b,only_eye_images,73988,295952,3472384,164,29556,44432,0.27780000027632923,2.6673609998707484,5.035111000477819,4029182724,8071794704,598588204160,4029108736,1365.3680319998784,1366.9866740001453
nymeria,cpu,deepconvlstm,nymeria__only_eye_images__qwen3_4b,qwen3_4b,only_eye_images,62026,248104,3891840,15968,62026,0,0.4543699997157091,8.863709999771224,17.259989999698277,4029170762,8071746856,716680827648,4029108736,1399.8039619996234,1401.0302139995474
nymeria,cpu,unrestricted_bank,nymeria__only_eye_images__qwen3_4b,qwen3_4b,only_eye_images,74116,296464,3505152,164,29556,44560,0.23788000044078217,2.550631000607705,4.841551000634546,4029182852,8071795216,598588236928,4029108736,1365.3680319998784,1366.8104629996378
nymeria,cpu,separate_banks,nymeria__only_eye_images__qwen3_4b,qwen3_4b,only_eye_images,72004,288016,3472384,164,29556,42448,0.2841810000973055,2.6037710006986394,4.8916610009366295,4029180740,8071786768,598588204160,4029108736,1365.3680319998784,1366.855253000267
nymeria,cpu,fixed_resampling,nymeria__only_eye_images__qwen3_4b,qwen3_4b,only_eye_images,72004,288016,2923520,164,29556,42448,0.270749999799591,2.5096599996087257,4.7285000002086335,4029180740,8071786768,598587655296,4029108736,1365.3680319998784,1366.6757719997804
nymeria,cpu,finetune_encoders,nymeria__only_eye_images__qwen3_4b,qwen3_4b,only_eye_images,72004,288016,3472384,164,29556,42448,0.2781500002129178,2.5913500001789593,4.8789900003323154,4029180740,8071786768,598588204160,4029108736,1365.3680319998784,1366.846212999917
nymeria,cpu,no_alignment,nymeria__only_eye_images__qwen3_4b,qwen3_4b,only_eye_images,72004,288016,3472384,164,29556,42448,0.27288999990560114,2.5916999996608006,4.8826699996136185,4029180740,8071786768,598588204160,4029108736,1365.3680319998784,1366.8435129998215
nymeria,cpu,no_usage,nymeria__only_eye_images__qwen3_4b,qwen3_4b,only_eye_images,72004,288016,3472384,164,29556,42448,0.272190000032424,2.591981000781839,4.879661000057432,4029180740,8071786768,598588204160,4029108736,1365.3680319998784,1366.8454640001073
nymeria,cpu,tcn,nymeria__only_eye_images__qwen3_4b,qwen3_4b,only_eye_images,26388,105552,1622784,15968,26388,0,0.46991000044727116,8.879180000788317,17.27552000099034,4029135124,8071604304,716678558592,4029108736,1399.8039619996234,1401.0478729996976
nymeria,cpu,ts_transformer,nymeria__only_eye_images__qwen3_4b,qwen3_4b,only_eye_images,39252,157008,2671360,15968,39252,0,0.5021000001761422,8.911190001056518,17.30739000092011,4029147988,8071655760,716679607168,4029108736,1399.8039619996234,1401.0887129993534
nymeria,cpu,patchtst,nymeria__only_eye_images__qwen3_4b,qwen3_4b,only_eye_images,35348,141392,46658688,15968,35348,0,0.819240000055288,9.22843999977237,17.625139999805228,4029144084,8071640144,532337236096,4029108736,1347.337074999814,1348.649165999177
nymeria,cpu,distrixsense,nymeria__only_foot_contacts__qwen3_4b,qwen3_4b,only_foot_contacts,35712,142848,857792,81,28468,7244,0.2266599999529717,2.547120000173786,2.547120000173786,4029144448,8071641600,524957858368,4029108736,1347.9546459998346,1349.0052760002982
nymeria,cpu,dense,nymeria__only_foot_contacts__qwen3_4b,qwen3_4b,only_foot_contacts,31256,125024,2233024,4324,27444,3812,0.20988000005672802,5.848079999718483,5.848079999718483,4029139992,8071623776,701927670336,4029108736,1385.2588899999319,1386.4710809993994
nymeria,cpu,dense_tokens,nymeria__only_foot_contacts__qwen3_4b,qwen3_4b,only_foot_contacts,33632,134528,841408,1100,27444,6188,0.19871099993906682,3.305931999416207,3.305931999416207,4029142368,8071633280,524957841984,4029108736,1347.9546459998346,1348.921256000267
nymeria,cpu,raw,nymeria__only_foot_contacts__qwen3_4b,qwen3_4b,only_foot_contacts,31256,125024,2233024,14696,31256,0,0.4523709999375569,14.231400999496033,14.231400999496033,4029139992,8071623776,701927670336,4029108736,1385.2588899999319,1386.477620000278
nymeria,cpu,early_fusion,nymeria__only_foot_contacts__qwen3_4b,qwen3_4b,only_foot_contacts,27672,110688,2005696,14696,27672,0,0.44095100020058453,14.220530999854306,14.220530999854306,4029136408,8071609440,701927443008,4029108736,1385.2588899999319,1386.4761220002038
nymeria,cpu,late_fusion,nymeria__only_foot_contacts__qwen3_4b,qwen3_4b,only_foot_contacts,4142,16568,240000,88,0,4142,0.024440000288450392,2.2905100001002485,2.2905100001002485,4022472238,8044952760,591015170432,4022468096,1376.2016709997624,1376.6533219995836
nymeria,cpu,local_only,nymeria__only_foot_contacts__qwen3_4b,qwen3_4b,only_foot_contacts,4142,16568,240000,52,0,4142,0.028259999908186728,2.263230000396544,2.263230000396544,4022472238,8044952760,591015170432,4022468096,1376.2016709997624,1376.676540999597
nymeria,cpu,bottleneck,nymeria__only_foot_contacts__qwen3_4b,qwen3_4b,only_foot_contacts,31548,126192,2249408,684,27604,3944,0.2175999998144107,2.9662609997749563,2.9662609997749563,4029140284,8071624944,701927686720,4029108736,1385.2588899999319,1386.495900999762
nymeria,cpu,tokenlearner,nymeria__only_foot_contacts__qwen3_4b,qwen3_4b,only_foot_contacts,32576,130304,825024,1100,27444,5132,0.1923299996633432,3.292719999985711,3.292719999985711,4029141312,8071629056,524957825600,4029108736,1347.9546459998346,1348.9086869999483
nymeria,cpu,posthoc_vq,nymeria__only_foot_contacts__qwen3_4b,qwen3_4b,only_foot_contacts,33304,133216,2298560,192,28468,4836,0.2433199997540214,2.681790000295581,2.681790000295581,4029142040,8071631968,701927735872,4029108736,1385.2588899999319,1386.6386909999164
nymeria,cpu,joint_vq,nymeria__only_foot_contacts__qwen3_4b,qwen3_4b,only_foot_contacts,35680,142720,857792,81,28468,7212,0.22747000002709683,2.612569999684533,2.612569999684533,4029144416,8071641472,524957858368,4029108736,1347.9546459998346,1349.0743570000632
nymeria,cpu,deepconvlstm,nymeria__only_foot_contacts__qwen3_4b,qwen3_4b,only_foot_contacts,33390,133560,2075008,14696,33390,0,0.34585999992486904,14.125120000234235,14.125120000234235,4029142126,8071632312,701927512320,4029108736,1385.2588899999319,1386.3711809999586
nymeria,cpu,unrestricted_bank,nymeria__only_foot_contacts__qwen3_4b,qwen3_4b,only_foot_contacts,35712,142848,857792,81,28468,7244,0.20948000019416213,2.520730000043736,2.520730000043736,4029144448,8071641600,524957858368,4029108736,1347.9546459998346,1348.972976999903
nymeria,cpu,separate_banks,nymeria__only_foot_contacts__qwen3_4b,qwen3_4b,only_foot_contacts,35712,142848,857792,81,28468,7244,0.23763099989082548,2.551331000206014,2.551331000206014,4029144448,8071641600,524957858368,4029108736,1347.9546459998346,1348.999177999758
nymeria,cpu,fixed_resampling,nymeria__only_foot_contacts__qwen3_4b,qwen3_4b,only_foot_contacts,35712,142848,856000,81,28468,7244,0.23088999978426727,2.483620999584568,2.483620999584568,4029144448,8071641600,524957856576,4029108736,1347.9546459998346,1348.9107770001283
nymeria,cpu,finetune_encoders,nymeria__only_foot_contacts__qwen3_4b,qwen3_4b,only_foot_contacts,35712,142848,857792,81,28468,7244,0.2302099996995821,2.5454699998880503,2.5454699998880503,4029144448,8071641600,524957858368,4029108736,1347.9546459998346,1349.0030579996528
nymeria,cpu,no_alignment,nymeria__only_foot_contacts__qwen3_4b,qwen3_4b,only_foot_contacts,35712,142848,857792,81,28468,7244,0.22699999999531428,2.5448310002792685,2.5448310002792685,4029144448,8071641600,524957858368,4029108736,1347.9546459998346,1348.9965359999587
nymeria,cpu,no_usage,nymeria__only_foot_contacts__qwen3_4b,qwen3_4b,only_foot_contacts,35712,142848,857792,81,28468,7244,0.22846000001663924,2.541120000416308,2.541120000416308,4029144448,8071641600,524957858368,4029108736,1347.9546459998346,1349.005307999505
nymeria,cpu,tcn,nymeria__only_foot_contacts__qwen3_4b,qwen3_4b,only_foot_contacts,13560,54240,819648,14696,13560,0,0.3734910001185199,14.152571000057721,14.152571000057721,4029122296,8071552992,701926256960,4029108736,1385.2588899999319,1386.391089999961
nymeria,cpu,ts_transformer,nymeria__only_foot_contacts__qwen3_4b,qwen3_4b,only_foot_contacts,26424,105696,1868224,14696,26424,0,0.4034809999211575,14.182480999796896,14.182480999796896,4029135160,8071604448,701927305536,4029108736,1385.2588899999319,1386.4267609997114
nymeria,cpu,patchtst,nymeria__only_foot_contacts__qwen3_4b,qwen3_4b,only_foot_contacts,26520,106080,1447744,14696,26520,0,0.44709099984174827,14.226120999854972,14.226120999854972,4029135256,8071604832,517599509056,4029108736,1346.553424999911,1347.4817559999792
nymeria,cpu,distrixsense,nymeria__only_gaze__qwen3_4b,qwen3_4b,only_gaze,43700,174800,1676544,164,29556,14144,0.26673100001062267,2.5665910000808303,4.847711000518949,4029152436,8071673552,598586408320,4029108736,1365.3680319998784,1366.8166429997655
nymeria,cpu,dense,nymeria__only_gaze__qwen3_4b,qwen3_4b,only_gaze,34788,139152,4918528,8648,27508,7280,0.26281000009475974,5.89132999980824,11.501939999752247,4029143524,8071637904,953772232064,4029108736,1456.824762999986,1458.651935999569
nymeria,cpu,dense_tokens,nymeria__only_gaze__qwen3_4b,qwen3_4b,only_gaze,39540,158160,1643776,2200,27508,12032,0.23160000000643777,3.329149999894871,6.4103409999822905,4029148276,8071656912,598586375552,4029108736,1365.3680319998784,1366.7023019997941
nymeria,cpu,raw,nymeria__only_gaze__qwen3_4b,qwen3_4b,only_gaze,34788,139152,4918528,1048,34788,0,0.624611000148434,3.064591000489326,5.492571000405768,4029143524,8071637904,953772232064,4029108736,1456.824762999986,1458.6040150006738
nymeria,cpu,early_fusion,nymeria__only_gaze__qwen3_4b,qwen3_4b,only_gaze,27844,111376,2012416,1048,27844,0,0.5395799998950679,2.979199999950378,5.40711000015235,4029136580,8071610128,716678948224,4029108736,1399.8039619996234,1401.1267629994109
nymeria,cpu,late_fusion,nymeria__only_gaze__qwen3_4b,qwen3_4b,only_gaze,7940,31760,458240,176,0,7940,0.0300900001093396,2.2807200004057724,4.517660000415035,4022476036,8044967952,605731497728,4022468096,1367.6060029997643,1368.2486729999255
nymeria,cpu,local_only,nymeria__only_gaze__qwen3_4b,qwen3_4b,only_gaze,7940,31760,458240,104,0,7940,0.03753000009965035,2.2614610004597866,4.469881000691169,4022476036,8044967952,605731497728,4022468096,1367.6060029997643,1368.2687829996212
nymeria,cpu,bottleneck,nymeria__only_gaze__qwen3_4b,qwen3_4b,only_gaze,35372,141488,4951296,1368,27828,7544,0.2654499999152904,2.9932709997147207,5.707351999755751,4029144108,8071640240,953772264832,4029108736,1456.824762999986,1458.6788239998896
nymeria,cpu,tokenlearner,nymeria__only_gaze__qwen3_4b,qwen3_4b,only_gaze,37428,149712,1611008,2200,27508,9920,0.22364999995261314,3.316099999660655,6.396540999494173,4029146164,8071648464,598586342784,4029108736,1365.3680319998784,1366.674253999463
nymeria,cpu,posthoc_vq,nymeria__only_gaze__qwen3_4b,qwen3_4b,only_gaze,40932,163728,5049600,392,29556,11376,0.3062099999624479,2.7424999996467494,5.151829999772011,4029149668,8071662480,953772363136,4029108736,1456.824762999986,1458.9549749998696
nymeria,cpu,joint_vq,nymeria__only_gaze__qwen3_4b,qwen3_4b,only_gaze,45684,182736,1676544,164,29556,16128,0.2675800001270545,2.6400210002376348,4.991531000239966,4029154420,8071681488,598586408320,4029108736,1365.3680319998784,1366.959773999497
nymeria,cpu,deepconvlstm,nymeria__only_gaze__qwen3_4b,qwen3_4b,only_gaze,33722,134888,2096000,1048,33722,0,0.41926999983843416,2.859090000052401,5.286909999841917,4029142458,8071633640,716679031808,4029108736,1399.8039619996234,1401.0118629994395
nymeria,cpu,unrestricted_bank,nymeria__only_gaze__qwen3_4b,qwen3_4b,only_gaze,45812,183248,1709312,164,29556,16256,0.2455799999552255,2.548631000385381,4.8289020007070675,4029154548,8071682000,598586441088,4029108736,1365.3680319998784,1366.7912129999422
nymeria,cpu,separate_banks,nymeria__only_gaze__qwen3_4b,qwen3_4b,only_gaze,43700,174800,1676544,164,29556,14144,0.2812709999489016,2.5827019997760594,4.865971999759687,4029152436,8071673552,598586408320,4029108736,1365.3680319998784,1366.8324039999789
nymeria,cpu,fixed_resampling,nymeria__only_gaze__qwen3_4b,qwen3_4b,only_gaze,43700,174800,1674240,164,29556,14144,0.27266999995845254,2.5050899997350875,4.718609999752708,4029152436,8071673552,598586406016,4029108736,1365.3680319998784,1366.667812000287
nymeria,cpu,finetune_encoders,nymeria__only_gaze__qwen3_4b,qwen3_4b,only_gaze,43700,174800,1676544,164,29556,14144,0.2717810002650367,2.57486200037793,4.858722000488534,4029152436,8071673552,598586408320,4029108736,1365.3680319998784,1366.8242339999779
nymeria,cpu,no_alignment,nymeria__only_gaze__qwen3_4b,qwen3_4b,only_gaze,43700,174800,1676544,164,29556,14144,0.2693199999157514,2.5752100003356695,4.858780999864585,4029152436,8071673552,598586408320,4029108736,1365.3680319998784,1366.8244840000625
nymeria,cpu,no_usage,nymeria__only_gaze__qwen3_4b,qwen3_4b,only_gaze,43700,174800,1676544,164,29556,14144,0.2795899999910034,2.5828400001356435,4.860830000023462,4029152436,8071673552,598586408320,4029108736,1365.3680319998784,1366.8258239999886
nymeria,cpu,tcn,nymeria__only_gaze__qwen3_4b,qwen3_4b,only_gaze,13700,54800,826368,1048,13700,0,0.45145000012780656,2.8913100003735046,5.31893999989861,4029122436,8071553552,716677762176,4029108736,1399.8039619996234,1401.0374529993896
nymeria,cpu,ts_transformer,nymeria__only_gaze__qwen3_4b,qwen3_4b,only_gaze,26564,106256,1874944,1048,26564,0,0.4896609998468193,2.9294809996060387,5.357240999575332,4029135300,8071605008,716678810752,4029108736,1399.8039619996234,1401.0701929992138
nymeria,cpu,patchtst,nymeria__only_gaze__qwen3_4b,qwen3_4b,only_gaze,26564,106256,2168704,1048,26564,0,0.5569600002672814,2.997030000565882,5.424740000154451,4029135300,8071605008,532292746112,4029108736,1347.337074999814,1348.3885959999498
nymeria,cpu,distrixsense,nymeria__only_imu__qwen3_4b,qwen3_4b,only_imu,96836,387344,7606656,672,36084,60752,0.49895099982677493,3.1877209997447555,11.024300999725144,4029205572,8071886096,1042835986432,4029108736,1485.6694889999744,1489.7282229999291
nymeria,cpu,dense,nymeria__only_imu__qwen3_4b,qwen3_4b,only_imu,61188,244752,32371072,34592,27892,33296,0.6995809999352787,10.046520999965177,37.9201219994956,4029169924,8071743504,2493488076800,4029108736,2218.463024999892,2224.4491509995896
nymeria,cpu,dense_tokens,nymeria__only_imu__qwen3_4b,qwen3_4b,only_imu,80196,320784,7475584,8800,27892,52304,0.40936000004876405,4.697779999730992,17.3655819996848,4029188932,8071819536,1042835855360,4029108736,1485.6694889999744,1489.3522319998738
nymeria,cpu,raw,nymeria__only_imu__qwen3_4b,qwen3_4b,only_imu,61188,244752,32371072,616576,61188,0,2.146402000107628,127.59788200044113,503.7020120001216,4029169924,8071743504,2493488076800,4029108736,2218.463024999892,2224.366501000077
nymeria,cpu,early_fusion,nymeria__only_imu__qwen3_4b,qwen3_4b,only_imu,30244,120976,2136448,616576,30244,0,1.452200999665365,126.90097100000912,503.00513200027126,4029138980,8071619728,805287153664,4029108736,1414.1451949999464,1416.7754470004184
nymeria,cpu,late_fusion,nymeria__only_imu__qwen3_4b,qwen3_4b,only_imu,35936,143744,2097152,704,0,35936,0.06217999998625601,2.668529999703297,10.319469998622884,4022504032,8045079936,694128881408,4022468096,1393.7711469998249,1395.8891490001406
nymeria,cpu,local_only,nymeria__only_imu__qwen3_4b,qwen3_4b,only_imu,35936,143744,2097152,416,0,35936,0.09153000019068713,2.6673609995513865,10.195152999069117,4022504032,8045079936,694128881408,4022468096,1393.7711469998249,1396.0527879999063
nymeria,cpu,bottleneck,nymeria__only_imu__qwen3_4b,qwen3_4b,only_imu,63524,254096,32502144,5472,29172,34352,0.8407310001530277,4.492291000124219,15.26644299925485,4029172260,8071752848,2493488207872,4029108736,2218.463024999892,2224.8948819997167
nymeria,cpu,tokenlearner,nymeria__only_imu__qwen3_4b,qwen3_4b,only_imu,71748,286992,7344512,8800,27892,43856,0.4905599998892285,4.803791000029159,17.54434200006566,4029180484,8071785744,1042835724288,4029108736,1485.6694889999744,1489.3046920001325
nymeria,cpu,posthoc_vq,nymeria__only_imu__qwen3_4b,qwen3_4b,only_imu,102148,408592,32895360,1632,36084,66064,0.7991409997885057,3.7382020003479615,12.305423999743967,4029210884,8071907344,2493488601088,4029108736,2218.463024999892,2225.306170999829
nymeria,cpu,joint_vq,nymeria__only_imu__qwen3_4b,qwen3_4b,only_imu,121156,484624,7606656,672,36084,85072,0.5760700000791985,3.396111999632098,11.599583999486983,4029229892,8071983376,1042835986432,4029108736,1485.6694889999744,1490.9722040001725
nymeria,cpu,deepconvlstm,nymeria__only_imu__qwen3_4b,qwen3_4b,only_imu,40922,163688,2551424,616576,40922,0,1.360361000024568,126.82806100026482,502.98972099999446,4029149658,8071662440,805287568640,4029108736,1414.1451949999464,1417.0765469998514
nymeria,cpu,unrestricted_bank,nymeria__only_imu__qwen3_4b,qwen3_4b,only_imu,155972,623888,8524160,672,36084,119888,0.4415799999151204,3.2577700001866963,11.152631000004819,4029264708,8072122640,1042836903936,4029108736,1485.6694889999744,1490.383422999912
nymeria,cpu,separate_banks,nymeria__only_imu__qwen3_4b,qwen3_4b,only_imu,96836,387344,7606656,672,36084,60752,0.585550999858242,3.404401999728265,11.449141999310429,4029205572,8071886096,1042835986432,4029108736,1485.6694889999744,1490.398013000231
nymeria,cpu,fixed_resampling,nymeria__only_imu__qwen3_4b,qwen3_4b,only_imu,96836,387344,7579008,672,36084,60752,0.6298299999798473,3.3016010000438603,11.053331999210402,4029205572,8071886096,1042835958784,4029108736,1485.6694889999744,1490.3354120001495
nymeria,cpu,finetune_encoders,nymeria__only_imu__qwen3_4b,qwen3_4b,only_imu,96836,387344,7606656,672,36084,60752,0.6408199997167685,3.4695299994610598,11.668840999209694,4029205572,8071886096,1042835986432,4029108736,1485.6694889999744,1490.2103529998385
nymeria,cpu,no_alignment,nymeria__only_imu__qwen3_4b,qwen3_4b,only_imu,96836,387344,7606656,672,36084,60752,0.5095599999549449,3.2426499995609395,11.182390999966062,4029205572,8071886096,1042835986432,4029108736,1485.6694889999744,1490.0781330002246
nymeria,cpu,no_usage,nymeria__only_imu__qwen3_4b,qwen3_4b,only_imu,96836,387344,7606656,672,36084,60752,0.5645700002787635,3.3660210004428284,11.330572001316229,4029205572,8071886096,1042835986432,4029108736,1485.6694889999744,1489.8468730002605
nymeria,cpu,tcn,nymeria__only_imu__qwen3_4b,qwen3_4b,only_imu,15908,63632,950400,616576,15908,0,1.4231709997147846,126.88615099939398,503.04950099898633,4029124644,8071562384,805285967616,4029108736,1414.1451949999464,1416.6610470001615
nymeria,cpu,ts_transformer,nymeria__only_imu__qwen3_4b,qwen3_4b,only_imu,28772,115088,1998976,616576,28772,0,1.3730210002904641,126.82517099990491,502.9333109999243,4029137508,8071613840,805287016192,4029108736,1414.1451949999464,1416.5994770000907
nymeria,cpu,patchtst,nymeria__only_imu__qwen3_4b,qwen3_4b,only_imu,27236,108944,17322496,616576,27236,0,1.5894719999778317,127.03786199933802,503.1406929986588,4029135972,8071607696,620562086912,4029108736,1378.409122999983,1380.9382649997133
nymeria,cpu,distrixsense,nymeria__only_joint_angles__qwen3_4b,qwen3_4b,only_joint_angles,51182,204728,1839552,81,28468,22714,0.2465809998284385,2.5909709993646945,2.5909709993646945,4029159918,8071703480,524958840128,4029108736,1347.9546459998346,1349.115855999571
nymeria,cpu,dense,nymeria__only_joint_angles__qwen3_4b,qwen3_4b,only_joint_angles,46726,186904,3214784,4324,27444,19282,0.21104100005686632,5.8562410002693825,5.8562410002693825,4029155462,8071685656,701928652096,4029108736,1385.2588899999319,1386.550721000276
nymeria,cpu,dense_tokens,nymeria__only_joint_angles__qwen3_4b,qwen3_4b,only_joint_angles,49102,196408,1823168,1100,27444,21658,0.2362200002608006,3.3600300002898438,3.3600300002898438,4029157838,8071695160,524958823744,4029108736,1347.9546459998346,1348.9782470001046
nymeria,cpu,raw,nymeria__only_joint_angles__qwen3_4b,qwen3_4b,only_joint_angles,46726,186904,3214784,205452,46726,0,0.46806999989712494,166.86914999983838,166.86914999983838,4029155462,8071685656,701928652096,4029108736,1385.2588899999319,1386.5654619999077
nymeria,cpu,early_fusion,nymeria__only_joint_angles__qwen3_4b,qwen3_4b,only_joint_angles,34822,139288,2454976,205452,34822,0,0.46867999981259345,166.86948999942598,166.86948999942598,4029143558,8071638040,701927892288,4029108736,1385.2588899999319,1386.9196910000028
nymeria,cpu,late_fusion,nymeria__only_joint_angles__qwen3_4b,qwen3_4b,only_joint_angles,19612,78448,1221760,88,0,19612,0.03305000018372084,2.3601700001085466,2.3601700001085466,4022487708,8045014640,591016152192,4022468096,1376.2016709997624,1376.7625209998187
nymeria,cpu,local_only,nymeria__only_joint_angles__qwen3_4b,qwen3_4b,only_joint_angles,19612,78448,1221760,52,0,19612,0.028139999812992755,2.313700000074715,2.313700000074715,4022487708,8045014640,591016152192,4022468096,1376.2016709997624,1376.7521220001981
nymeria,cpu,bottleneck,nymeria__only_joint_angles__qwen3_4b,qwen3_4b,only_joint_angles,47018,188072,3231168,684,27604,19414,0.30723999998372165,3.1091599996862236,3.1091599996862236,4029155754,8071686824,701928668480,4029108736,1385.2588899999319,1387.08791199997
nymeria,cpu,tokenlearner,nymeria__only_joint_angles__qwen3_4b,qwen3_4b,only_joint_angles,48046,192184,1806784,1100,27444,20602,0.24951000023065717,3.4175100004130217,3.4175100004130217,4029156782,8071690936,524958807360,4029108736,1347.9546459998346,1349.3123779999223
nymeria,cpu,posthoc_vq,nymeria__only_joint_angles__qwen3_4b,qwen3_4b,only_joint_angles,48774,195096,3280320,192,28468,20306,0.3047199998036376,2.8383609997748804,2.8383609997748804,4029157510,8071693848,701928717632,4029108736,1385.2588899999319,1387.1854320000239
nymeria,cpu,joint_vq,nymeria__only_joint_angles__qwen3_4b,qwen3_4b,only_joint_angles,51150,204600,1839552,81,28468,22682,0.26231999981973786,2.6825410000418604,2.6825410000418604,4029159886,8071703352,524958840128,4029108736,1347.9546459998346,1349.1334169993934
nymeria,cpu,deepconvlstm,nymeria__only_joint_angles__qwen3_4b,qwen3_4b,only_joint_angles,48860,195440,3056768,205452,48860,0,0.36979000014980556,166.78045999962688,166.78045999962688,4029157596,8071694192,701928494080,4029108736,1385.2588899999319,1386.8859809999776
nymeria,cpu,unrestricted_bank,nymeria__only_joint_angles__qwen3_4b,qwen3_4b,only_joint_angles,51182,204728,1839552,81,28468,22714,0.257919999967271,2.647180000196281,2.647180000196281,4029159918,8071703480,524958840128,4029108736,1347.9546459998346,1349.3342969995865
nymeria,cpu,separate_banks,nymeria__only_joint_angles__qwen3_4b,qwen3_4b,only_joint_angles,51182,204728,1839552,81,28468,22714,0.289981000150874,2.6745310006225598,2.6745310006225598,4029159918,8071703480,524958840128,4029108736,1347.9546459998346,1349.398618000123
nymeria,cpu,fixed_resampling,nymeria__only_joint_angles__qwen3_4b,qwen3_4b,only_joint_angles,51182,204728,1521600,81,28468,22714,0.2798710002025473,2.591660999798373,2.591660999798373,4029159918,8071703480,524958522176,4029108736,1347.9546459998346,1349.2638570000963
nymeria,cpu,finetune_encoders,nymeria__only_joint_angles__qwen3_4b,qwen3_4b,only_joint_angles,51182,204728,1839552,81,28468,22714,0.2760410002338176,2.675032000326505,2.675032000326505,4029159918,8071703480,524958840128,4029108736,1347.9546459998346,1349.614537999969
nymeria,cpu,no_alignment,nymeria__only_joint_angles__qwen3_4b,qwen3_4b,only_joint_angles,51182,204728,1839552,81,28468,22714,0.23156999986895244,2.5819100001462036,2.5819100001462036,4029159918,8071703480,524958840128,4029108736,1347.9546459998346,1349.1073879995383
nymeria,cpu,no_usage,nymeria__only_joint_angles__qwen3_4b,qwen3_4b,only_joint_angles,51182,204728,1839552,81,28468,22714,0.32715099996494246,2.663570999658882,2.663570999658882,4029159918,8071703480,524958840128,4029108736,1347.9546459998346,1349.714017999304
nymeria,cpu,tcn,nymeria__only_joint_angles__qwen3_4b,qwen3_4b,only_joint_angles,20710,82840,1268928,205452,20710,0,0.471581000056176,166.88503100014697,166.88503100014697,4029129446,8071581592,701926706240,4029108736,1385.2588899999319,1387.014550999993
nymeria,cpu,ts_transformer,nymeria__only_joint_angles__qwen3_4b,qwen3_4b,only_joint_angles,33574,134296,2317504,205452,33574,0,0.5025109999223787,166.914720999939,166.914720999939,4029142310,8071633048,701927754816,4029108736,1385.2588899999319,1387.019940999835
nymeria,cpu,patchtst,nymeria__only_joint_angles__qwen3_4b,qwen3_4b,only_joint_angles,31590,126360,25176384,205452,31590,0,0.7618610002282367,167.17488100031898,167.17488100031898,4029140326,8071625112,517623237696,4029108736,1346.553424999911,1348.1026069998734
nymeria,cpu,distrixsense,nymeria__only_magnetometer__qwen3_4b,qwen3_4b,only_magnetometer,43700,174800,1676544,164,29556,14144,0.3339899999446061,2.712870000172284,5.064079999709257,4029152436,8071673552,598586408320,4029108736,1365.3680319998784,1367.1942239993768
nymeria,cpu,dense,nymeria__only_magnetometer__qwen3_4b,qwen3_4b,only_magnetometer,34788,139152,4918528,8648,27508,7280,0.36921999981132103,6.0251499997818785,11.657609999665036,4029143524,8071637904,953772232064,4029108736,1456.824762999986,1459.5445360000667
nymeria,cpu,dense_tokens,nymeria__only_magnetometer__qwen3_4b,qwen3_4b,only_magnetometer,39540,158160,1643776,2200,27508,12032,0.23594000003868132,3.3542900000564986,6.458140000167768,4029148276,8071656912,598586375552,4029108736,1365.3680319998784,1367.0935439999994
nymeria,cpu,raw,nymeria__only_magnetometer__qwen3_4b,qwen3_4b,only_magnetometer,34788,139152,4918528,1048,34788,0,0.817340999674343,3.2611209998464794,5.689100999762921,4029143524,8071637904,953772232064,4029108736,1456.824762999986,1459.3863059999421
nymeria,cpu,early_fusion,nymeria__only_magnetometer__qwen3_4b,qwen3_4b,only_magnetometer,27844,111376,2012416,1048,27844,0,0.6706200001644902,3.115329999596451,5.543239999343676,4029136580,8071610128,716678948224,4029108736,1399.8039619996234,1401.354951999565
nymeria,cpu,late_fusion,nymeria__only_magnetometer__qwen3_4b,qwen3_4b,only_magnetometer,7940,31760,458240,176,0,7940,0.03499000013107434,2.292030000396544,4.536851000734587,4022476036,8044967952,605731497728,4022468096,1367.6060029997643,1368.3223749994795
nymeria,cpu,local_only,nymeria__only_magnetometer__qwen3_4b,qwen3_4b,only_magnetometer,7940,31760,458240,104,0,7940,0.05161000035514007,2.3211299997160326,4.571640000026457,4022476036,8044967952,605731497728,4022468096,1367.6060029997643,1368.3905139996568
nymeria,cpu,bottleneck,nymeria__only_magnetometer__qwen3_4b,qwen3_4b,only_magnetometer,35372,141488,4951296,1368,27828,7544,0.3779610001402034,3.1548209997445404,5.91546100035162,4029144108,8071640240,953772264832,4029108736,1456.824762999986,1459.1605549999258
nymeria,cpu,tokenlearner,nymeria__only_magnetometer__qwen3_4b,qwen3_4b,only_magnetometer,37428,149712,1611008,2200,27508,9920,0.2986710001096071,3.424301000445557,6.535972000155889,4029146164,8071648464,598586342784,4029108736,1365.3680319998784,1367.205962999833
nymeria,cpu,posthoc_vq,nymeria__only_magnetometer__qwen3_4b,qwen3_4b,only_magnetometer,40932,163728,5049600,392,29556,11376,0.31669000009060255,2.82108000036467,5.297250000762282,4029149668,8071662480,953772363136,4029108736,1456.824762999986,1459.2301850002514
nymeria,cpu,joint_vq,nymeria__only_magnetometer__qwen3_4b,qwen3_4b,only_magnetometer,45684,182736,1676544,164,29556,16128,0.337039999976696,2.7605899998289765,5.165770999308926,4029154420,8071681488,598586408320,4029108736,1365.3680319998784,1367.0023139998193
nymeria,cpu,deepconvlstm,nymeria__only_magnetometer__qwen3_4b,qwen3_4b,only_magnetometer,33722,134888,2096000,1048,33722,0,0.45910000017101993,2.8990899999514106,5.326939999878412,4029142458,8071633640,716679031808,4029108736,1399.8039619996234,1401.5676539997912
nymeria,cpu,unrestricted_bank,nymeria__only_magnetometer__qwen3_4b,qwen3_4b,only_magnetometer,45812,183248,1709312,164,29556,16256,0.3022900000360096,2.6544220002816523,4.977193000439193,4029154548,8071682000,598586441088,4029108736,1365.3680319998784,1367.1538039998268
nymeria,cpu,separate_banks,nymeria__only_magnetometer__qwen3_4b,qwen3_4b,only_magnetometer,43700,174800,1676544,164,29556,14144,0.2860810000129277,2.6453709995931654,4.984380999456526,4029152436,8071673552,598586408320,4029108736,1365.3680319998784,1367.1743339996283
nymeria,cpu,fixed_resampling,nymeria__only_magnetometer__qwen3_4b,qwen3_4b,only_magnetometer,43700,174800,1674240,164,29556,14144,0.33329999996567494,2.5955399999785236,4.839429999872856,4029152436,8071673552,598586406016,4029108736,1365.3680319998784,1366.9820340005572
nymeria,cpu,finetune_encoders,nymeria__only_magnetometer__qwen3_4b,qwen3_4b,only_magnetometer,43700,174800,1676544,164,29556,14144,0.2666209998096747,2.5730609998700906,4.856510999769135,4029152436,8071673552,598586408320,4029108736,1365.3680319998784,1367.1185130001504
nymeria,cpu,no_alignment,nymeria__only_magnetometer__qwen3_4b,qwen3_4b,only_magnetometer,43700,174800,1676544,164,29556,14144,0.34273000028406386,2.7028010006998606,5.035721000848035,4029152436,8071673552,598586408320,4029108736,1365.3680319998784,1367.2958139995899
nymeria,cpu,no_usage,nymeria__only_magnetometer__qwen3_4b,qwen3_4b,only_magnetometer,43700,174800,1676544,164,29556,14144,0.2668299998731527,2.5797110000295156,4.862750999717001,4029152436,8071673552,598586408320,4029108736,1365.3680319998784,1366.8165539997972
nymeria,cpu,tcn,nymeria__only_magnetometer__qwen3_4b,qwen3_4b,only_magnetometer,13700,54800,826368,1048,13700,0,0.5551210001613072,2.9993310003334948,5.4270909998480406,4029122436,8071553552,716677762176,4029108736,1399.8039619996234,1401.623892999396
nymeria,cpu,ts_transformer,nymeria__only_magnetometer__qwen3_4b,qwen3_4b,only_magnetometer,26564,106256,1874944,1048,26564,0,0.5845800001225143,3.0286399996072753,5.456519999671762,4029135300,8071605008,716678810752,4029108736,1399.8039619996234,1401.628303999587
nymeria,cpu,patchtst,nymeria__only_magnetometer__qwen3_4b,qwen3_4b,only_magnetometer,26564,106256,2168704,1048,26564,0,0.6529899997076427,3.098119999700156,5.525999999309896,4029135300,8071605008,532292746112,4029108736,1347.337074999814,1348.5227960004522
nymeria,cpu,distrixsense,nymeria__only_pointcloud__qwen3_4b,qwen3_4b,only_pointcloud,37160,148640,949440,81,28468,8692,0.29084000016155187,2.598941000116506,2.598941000116506,4029145896,8071647392,524957950016,4029108736,1347.9546459998346,1349.381856999571
nymeria,cpu,dense,nymeria__only_pointcloud__qwen3_4b,qwen3_4b,only_pointcloud,32704,130816,2324672,4324,27444,5260,0.26204999994661193,5.895429999650095,5.895429999650095,4029141440,8071629568,701927761984,4029108736,1385.2588899999319,1386.9818410003063
nymeria,cpu,dense_tokens,nymeria__only_pointcloud__qwen3_4b,qwen3_4b,only_pointcloud,35080,140320,933056,1100,27444,7636,0.24639999992359662,3.3576199998559604,3.3576199998559604,4029143816,8071639072,524957933632,4029108736,1347.9546459998346,1349.383007999677
nymeria,cpu,raw,nymeria__only_pointcloud__qwen3_4b,qwen3_4b,only_pointcloud,32704,130816,2324672,96,32704,0,0.4872810000051686,2.580700999774487,2.580700999774487,4029141440,8071629568,701927761984,4029108736,1385.2588899999319,1386.4973109998573
nymeria,cpu,early_fusion,nymeria__only_pointcloud__qwen3_4b,qwen3_4b,only_pointcloud,28096,112384,2031808,96,28096,0,0.39602000015293015,2.487649999752827,2.487649999752827,4029136832,8071611136,701927469120,4029108736,1385.2588899999319,1386.8118800000957
nymeria,cpu,late_fusion,nymeria__only_pointcloud__qwen3_4b,qwen3_4b,only_pointcloud,5590,22360,331648,88,0,5590,0.032049999845185084,2.293559999677591,2.293559999677591,4022473686,8044958552,591015262080,4022468096,1376.2016709997624,1376.6815109997879
nymeria,cpu,local_only,nymeria__only_pointcloud__qwen3_4b,qwen3_4b,only_pointcloud,5590,22360,331648,52,0,5590,0.0390099999094673,2.2717699996678506,2.2717699996678506,4022473686,8044958552,591015262080,4022468096,1376.2016709997624,1376.6902619995562
nymeria,cpu,bottleneck,nymeria__only_pointcloud__qwen3_4b,qwen3_4b,only_pointcloud,32996,131984,2341056,684,27604,5392,0.28522000002340064,3.007399999906763,3.007399999906763,4029141732,8071630736,701927778368,4029108736,1385.2588899999319,1387.0435809994888
nymeria,cpu,tokenlearner,nymeria__only_pointcloud__qwen3_4b,qwen3_4b,only_pointcloud,34024,136096,916672,1100,27444,6580,0.24411999993390054,3.352489999992831,3.352489999992831,4029142760,8071634848,524957917248,4029108736,1347.9546459998346,1349.0700369998194
nymeria,cpu,posthoc_vq,nymeria__only_pointcloud__qwen3_4b,qwen3_4b,only_pointcloud,34752,139008,2390208,192,28468,6284,0.26304999983040034,2.650760000122676,2.650760000122676,4029143488,8071637760,701927827520,4029108736,1385.2588899999319,1386.5697199998976
nymeria,cpu,joint_vq,nymeria__only_pointcloud__qwen3_4b,qwen3_4b,only_pointcloud,37128,148512,949440,81,28468,8660,0.23019000036583748,2.5647200009478954,2.5647200009478954,4029145864,8071647264,524957950016,4029108736,1347.9546459998346,1349.0091069998016
nymeria,cpu,deepconvlstm,nymeria__only_pointcloud__qwen3_4b,qwen3_4b,only_pointcloud,34838,139352,2166656,96,34838,0,0.3011899998455192,2.392919999752118,2.392919999752118,4029143574,8071638104,701927603968,4029108736,1385.2588899999319,1386.283580000054
nymeria,cpu,unrestricted_bank,nymeria__only_pointcloud__qwen3_4b,qwen3_4b,only_pointcloud,37160,148640,949440,81,28468,8692,0.20072000006621238,2.4668110000055865,2.4668110000055865,4029145896,8071647392,524957950016,4029108736,1347.9546459998346,1348.9065170001595
nymeria,cpu,separate_banks,nymeria__only_pointcloud__qwen3_4b,qwen3_4b,only_pointcloud,37160,148640,949440,81,28468,8692,0.23927999973238911,2.5049999995025107,2.5049999995025107,4029145896,8071647392,524957950016,4029108736,1347.9546459998346,1348.9316770001096
nymeria,cpu,fixed_resampling,nymeria__only_pointcloud__qwen3_4b,qwen3_4b,only_pointcloud,37160,148640,937920,81,28468,8692,0.2264499999000691,2.4208700001798977,2.4208700001798977,4029145896,8071647392,524957938496,4029108736,1347.9546459998346,1348.8457859998562
nymeria,cpu,finetune_encoders,nymeria__only_pointcloud__qwen3_4b,qwen3_4b,only_pointcloud,37160,148640,949440,81,28468,8692,0.23118999979487853,2.493289999649173,2.493289999649173,4029145896,8071647392,524957950016,4029108736,1347.9546459998346,1348.9194559997486
nymeria,cpu,no_alignment,nymeria__only_pointcloud__qwen3_4b,qwen3_4b,only_pointcloud,37160,148640,949440,81,28468,8692,0.22741099974155077,2.4899220002515765,2.4899220002515765,4029145896,8071647392,524957950016,4029108736,1347.9546459998346,1348.946486999921
nymeria,cpu,no_usage,nymeria__only_pointcloud__qwen3_4b,qwen3_4b,only_pointcloud,37160,148640,949440,81,28468,8692,0.22583999998460058,2.4885499997543636,2.4885499997543636,4029145896,8071647392,524957950016,4029108736,1347.9546459998346,1348.9371560003747
nymeria,cpu,tcn,nymeria__only_pointcloud__qwen3_4b,qwen3_4b,only_pointcloud,13984,55936,845760,96,13984,0,0.3144699999211298,2.406149999447004,2.406149999447004,4029122720,8071554688,701926283072,4029108736,1385.2588899999319,1386.308881000332
nymeria,cpu,ts_transformer,nymeria__only_pointcloud__qwen3_4b,qwen3_4b,only_pointcloud,26848,107392,1894336,96,26848,0,0.35693999961949885,2.448349999272247,2.448349999272247,4029135584,8071606144,701927331648,4029108736,1385.2588899999319,1386.3426419998177
nymeria,cpu,patchtst,nymeria__only_pointcloud__qwen3_4b,qwen3_4b,only_pointcloud,26688,106752,4339008,96,26688,0,0.4365409999991243,2.528230999873992,2.528230999873992,4029135424,8071605504,517602400320,4029108736,1346.553424999911,1347.4532850000287
nymeria,cpu,distrixsense,nymeria__only_rgb__qwen3_4b,qwen3_4b,only_rgb,332180,1328720,20755584,332,31732,300448,0.35356099988348433,2.7094109997381803,9.64737100006942,4029440916,8072827472,746214844160,4029108736,1471.5968470000007,1474.0876589999061
nymeria,cpu,dense,nymeria__only_rgb__qwen3_4b,qwen3_4b,only_rgb,314356,1257424,29205632,17296,27636,286720,0.5323300001691678,6.26958999996963,23.346740000687493,4029423092,8072756176,1461571290880,4029108736,1620.0472999998965,1623.7133439999525
nymeria,cpu,dense_tokens,nymeria__only_rgb__qwen3_4b,qwen3_4b,only_rgb,323860,1295440,20690048,4400,27636,296224,0.2895510001508228,3.4417720003101566,12.787023000309564,4029432596,8072794192,746214778624,4029108736,1471.5968470000007,1474.3101290005143
nymeria,cpu,raw,nymeria__only_rgb__qwen3_4b,qwen3_4b,only_rgb,314356,1257424,29205632,188928,314356,0,1.0821910000231583,59.79797099996492,160.30313099934511,4029423092,8072756176,1461571290880,4029108736,1620.0472999998965,1623.1434420001278
nymeria,cpu,early_fusion,nymeria__only_rgb__qwen3_4b,qwen3_4b,only_rgb,203668,814672,13159552,188928,203668,0,0.8297110002786212,59.54633099997724,160.0517909998228,4029312404,8072313424,746207248128,4029108736,1471.5968470000007,1473.27722800037
nymeria,cpu,late_fusion,nymeria__only_rgb__qwen3_4b,qwen3_4b,only_rgb,288040,1152160,18237952,352,0,288040,0.040809999973134836,2.3328700005071643,9.12428000045995,4022756136,8046088352,635195651328,4022468096,1415.5933170000026,1416.7809480004507
nymeria,cpu,local_only,nymeria__only_rgb__qwen3_4b,qwen3_4b,only_rgb,288040,1152160,18237952,208,0,288040,0.05581999994319631,2.337219999633345,9.0792800002145,4022756136,8046088352,635195651328,4022468096,1415.5933170000026,1416.7970079997758
nymeria,cpu,bottleneck,nymeria__only_rgb__qwen3_4b,qwen3_4b,only_rgb,315524,1262096,29271168,2736,28276,287248,0.3903410001839802,3.1745310000324274,11.426433000073402,4029424260,8072760848,1461571356416,4029108736,1620.0472999998965,1623.357052999836
nymeria,cpu,tokenlearner,nymeria__only_rgb__qwen3_4b,qwen3_4b,only_rgb,319636,1278544,20624512,4400,27636,292000,0.3088410003329045,3.4617629999000927,12.801222999296005,4029428372,8072777296,746214713088,4029108736,1471.5968470000007,1473.800269000094
nymeria,cpu,posthoc_vq,nymeria__only_rgb__qwen3_4b,qwen3_4b,only_rgb,334836,1339344,29467776,800,31732,303104,0.44742999989466625,2.9467809999879684,10.315312000315899,4029443572,8072838096,1461571553024,4029108736,1620.0472999998965,1625.1627649999136
nymeria,cpu,joint_vq,nymeria__only_rgb__qwen3_4b,qwen3_4b,only_rgb,344340,1377360,20755584,332,31732,312608,0.4000310000265017,2.856081000242126,10.040152000370021,4029453076,8072876112,746214844160,4029108736,1471.5968470000007,1474.3985099999009
nymeria,cpu,deepconvlstm,nymeria__only_rgb__qwen3_4b,qwen3_4b,only_rgb,306890,1227560,19481216,188928,306890,0,0.7860209998398204,59.502740999845145,160.01320099910964,4029415626,8072726312,746213569792,4029108736,1471.5968470000007,1473.3410080002614
nymeria,cpu,unrestricted_bank,nymeria__only_rgb__qwen3_4b,qwen3_4b,only_rgb,344852,1379408,20952192,332,31732,313120,0.30231999971874757,2.661329999351734,9.620409999156713,4029453588,8072878160,746215040768,4029108736,1471.5968470000007,1473.9817689996926
nymeria,cpu,separate_banks,nymeria__only_rgb__qwen3_4b,qwen3_4b,only_rgb,332180,1328720,20755584,332,31732,300448,0.36678999958894565,2.7325599991275578,9.680300998338957,4029440916,8072827472,746214844160,4029108736,1471.5968470000007,1474.4797489997836
nymeria,cpu,fixed_resampling,nymeria__only_rgb__qwen3_4b,qwen3_4b,only_rgb,332180,1328720,11170944,332,31732,300448,0.3718299999491137,2.643909999857284,9.334830000211973,4029440916,8072827472,746205259520,4029108736,1471.5968470000007,1473.6310580001373
nymeria,cpu,finetune_encoders,nymeria__only_rgb__qwen3_4b,qwen3_4b,only_rgb,332180,1328720,20755584,332,31732,300448,0.35743099988394533,2.7171719999717663,9.657702999943744,4029440916,8072827472,746214844160,4029108736,1471.5968470000007,1474.4634690000566
nymeria,cpu,no_alignment,nymeria__only_rgb__qwen3_4b,qwen3_4b,only_rgb,332180,1328720,20755584,332,31732,300448,0.4083999997419596,2.8166710000153454,9.905120999560772,4029440916,8072827472,746214844160,4029108736,1471.5968470000007,1474.9182000000474
nymeria,cpu,no_usage,nymeria__only_rgb__qwen3_4b,qwen3_4b,only_rgb,332180,1328720,20755584,332,31732,300448,0.34877999996751896,2.7114400001085652,9.668060000008431,4029440916,8072827472,746214844160,4029108736,1471.5968470000007,1474.421269999766
nymeria,cpu,tcn,nymeria__only_rgb__qwen3_4b,qwen3_4b,only_rgb,189460,757840,11973504,188928,189460,0,0.7534809997196135,59.47153100021157,159.9795310000257,4029298196,8072256592,746206062080,4029108736,1471.5968470000007,1473.306899000363
nymeria,cpu,ts_transformer,nymeria__only_rgb__qwen3_4b,qwen3_4b,only_rgb,202324,809296,13022080,188928,202324,0,0.7849710000300547,59.50054099991891,160.0059210006105,4029311060,8072308048,746207110656,4029108736,1471.5968470000007,1473.7289889999374
nymeria,cpu,patchtst,nymeria__only_rgb__qwen3_4b,qwen3_4b,only_rgb,177876,711504,286217472,188928,177876,0,2.1494319998964784,60.865981999425884,161.3717719989648,4029286612,8072210256,561975982848,4029108736,1359.199905999958,1362.0151670002087
nymeria,cpu,distrixsense,nymeria__only_slam__qwen3_4b,qwen3_4b,only_slam,205876,823504,14525824,672,36084,169792,0.6234799998310336,3.3860699998741386,11.361330999352846,4029314612,8072322256,1042842905600,4029108736,1485.6694889999744,1489.5487520002462
nymeria,cpu,dense,nymeria__only_slam__qwen3_4b,qwen3_4b,only_slam,170228,680912,39290240,34592,27892,142336,0.6946610001250519,9.96670099917308,37.62265199941786,4029278964,8072179664,2493494995968,4029108736,2218.463024999892,2224.1314399998373
nymeria,cpu,dense_tokens,nymeria__only_slam__qwen3_4b,qwen3_4b,only_slam,189236,756944,14394752,8800,27892,161344,0.5458699997689109,4.931100000192382,17.664202000333752,4029297972,8072255696,1042842774528,4029108736,1485.6694889999744,1490.2914629997213
nymeria,cpu,raw,nymeria__only_slam__qwen3_4b,qwen3_4b,only_slam,170228,680912,39290240,159152,170228,0,1.8795010000758339,42.140751000212134,137.3428410008753,4029278964,8072179664,2493494995968,4029108736,2218.463024999892,2224.129380999784
nymeria,cpu,early_fusion,nymeria__only_slam__qwen3_4b,qwen3_4b,only_slam,79892,319568,5254528,159152,79892,0,1.2710220003100403,41.52972200058352,136.7288420008233,4029188628,8071818320,805290271744,4029108736,1414.1451949999464,1416.7286569995667
nymeria,cpu,late_fusion,nymeria__only_slam__qwen3_4b,qwen3_4b,only_slam,144976,579904,9016320,704,0,144976,0.06376999999702093,2.7913999995169987,10.510671000221413,4022613072,8045516096,694135800576,4022468096,1393.7711469998249,1395.6174579998333
nymeria,cpu,local_only,nymeria__only_slam__qwen3_4b,qwen3_4b,only_slam,144976,579904,9016320,416,0,144976,0.0922700000955956,2.6288810004034198,10.060100999846194,4022613072,8045516096,694135800576,4022468096,1393.7711469998249,1395.8856900003411
nymeria,cpu,bottleneck,nymeria__only_slam__qwen3_4b,qwen3_4b,only_slam,172564,690256,39421312,5472,29172,143392,0.7299009998860129,4.28999099948674,14.596480998498208,4029281300,8072189008,2493495127040,4029108736,2218.463024999892,2224.951331000284
nymeria,cpu,tokenlearner,nymeria__only_slam__qwen3_4b,qwen3_4b,only_slam,180788,723152,14263680,8800,27892,152896,0.40947000024971203,4.714410000304051,17.25223100015777,4029289524,8072221904,1042842643456,4029108736,1485.6694889999744,1489.1927319999922
nymeria,cpu,posthoc_vq,nymeria__only_slam__qwen3_4b,qwen3_4b,only_slam,211188,844752,39814528,1632,36084,175104,0.9124110001721419,3.838040999979136,12.282411999360507,4029319924,8072343504,2493495520256,4029108736,2218.463024999892,2225.4129319994718
nymeria,cpu,joint_vq,nymeria__only_slam__qwen3_4b,qwen3_4b,only_slam,230196,920784,14525824,672,36084,194112,0.506880000102683,3.387311000392487,11.56917300049861,4029338932,8072419536,1042842905600,4029108736,1485.6694889999744,1490.719863999857
nymeria,cpu,deepconvlstm,nymeria__only_slam__qwen3_4b,qwen3_4b,only_slam,149962,599848,9470592,159152,149962,0,1.0985099997924408,41.36562999969678,136.581689999505,4029258698,8072098600,805294487808,4029108736,1414.1451949999464,1416.660638000394
nymeria,cpu,unrestricted_bank,nymeria__only_slam__qwen3_4b,qwen3_4b,only_slam,265012,1060048,15443328,672,36084,228928,0.43841099977726117,3.1726509999544708,10.95724199949507,4029373748,8072558800,1042843823104,4029108736,1485.6694889999744,1489.89160300016
nymeria,cpu,separate_banks,nymeria__only_slam__qwen3_4b,qwen3_4b,only_slam,205876,823504,14525824,672,36084,169792,0.6323309999061166,3.3294110001635038,11.159812000915169,4029314612,8072322256,1042842905600,4029108736,1485.6694889999744,1489.8106530004043
nymeria,cpu,fixed_resampling,nymeria__only_slam__qwen3_4b,qwen3_4b,only_slam,205876,823504,12330368,672,36084,169792,0.5420800002866599,3.0822299998590954,10.385181000220088,4029314612,8072322256,1042840710144,4029108736,1485.6694889999744,1489.6540719996665
nymeria,cpu,finetune_encoders,nymeria__only_slam__qwen3_4b,qwen3_4b,only_slam,205876,823504,14525824,672,36084,169792,0.6493509999927483,3.4893909999710506,11.511492999762028,4029314612,8072322256,1042842905600,4029108736,1485.6694889999744,1490.6954940001924
nymeria,cpu,no_alignment,nymeria__only_slam__qwen3_4b,qwen3_4b,only_slam,205876,823504,14525824,672,36084,169792,0.6806309997955395,3.4260619998577515,11.412621999898308,4029314612,8072322256,1042842905600,4029108736,1485.6694889999744,1490.6377439997414
nymeria,cpu,no_usage,nymeria__only_slam__qwen3_4b,qwen3_4b,only_slam,205876,823504,14525824,672,36084,169792,0.5297699999573524,3.207300000053778,10.872791999918606,4029314612,8072322256,1042842905600,4029108736,1485.6694889999744,1490.2895129998797
nymeria,cpu,tcn,nymeria__only_slam__qwen3_4b,qwen3_4b,only_slam,65556,262224,4068480,159152,65556,0,1.4116110000941262,41.67942099952265,136.89899099950048,4029174292,8071760976,805289085696,4029108736,1414.1451949999464,1416.8546969999625
nymeria,cpu,ts_transformer,nymeria__only_slam__qwen3_4b,qwen3_4b,only_slam,78420,313680,5117056,159152,78420,0,1.1586609998630593,41.42954100002166,136.64897099966106,4029187156,8071812432,805290134272,4029108736,1414.1451949999464,1416.6477570001916
nymeria,cpu,patchtst,nymeria__only_slam__qwen3_4b,qwen3_4b,only_slam,62036,248144,186619392,159152,62036,0,2.1123120000083873,42.37965200031462,137.60379200062084,4029170772,8071746896,620731383808,4029108736,1378.409122999983,1381.2029749997237
nymeria,cpu,distrixsense,nymeria__only_trajectory__qwen3_4b,qwen3_4b,only_trajectory,62820,251280,3611264,332,31732,31088,0.4070710001542466,2.789172000244731,9.78275200036051,4029171556,8071750032,746197699840,4029108736,1471.5968470000007,1474.5874990003358
nymeria,cpu,dense,nymeria__only_trajectory__qwen3_4b,qwen3_4b,only_trajectory,44996,179984,12061312,17296,27636,17360,0.4179000002295652,6.1546010000299605,23.203071999813762,4029153732,8071678736,1461554146560,4029108736,1620.0472999998965,1624.6841540000787
nymeria,cpu,dense_tokens,nymeria__only_trajectory__qwen3_4b,qwen3_4b,only_trajectory,54500,218000,3545728,4400,27636,26864,0.3310799997962022,3.5118300002021714,12.973630000469274,4029163236,8071716752,746197634304,4029108736,1471.5968470000007,1473.8807690000613
nymeria,cpu,raw,nymeria__only_trajectory__qwen3_4b,qwen3_4b,only_trajectory,44996,179984,12061312,391456,44996,0,1.2039319999530562,81.56507200018348,322.5230319993475,4029153732,8071678736,1461554146560,4029108736,1620.0472999998965,1623.6314729999322
nymeria,cpu,early_fusion,nymeria__only_trajectory__qwen3_4b,qwen3_4b,only_trajectory,29028,116112,2077312,391456,29028,0,0.948340999912034,81.33035100044106,322.3277910004558,4029137764,8071614864,746196165888,4029108736,1471.5968470000007,1473.9297389996864
nymeria,cpu,late_fusion,nymeria__only_trajectory__qwen3_4b,qwen3_4b,only_trajectory,18680,74720,1093632,352,0,18680,0.040160000025935005,2.405809999024705,9.266100999038573,4022486776,8045010912,635178507008,4022468096,1415.5933170000026,1416.82820799997
nymeria,cpu,local_only,nymeria__only_trajectory__qwen3_4b,qwen3_4b,only_trajectory,18680,74720,1093632,208,0,18680,0.05426999996416271,2.3437810002792334,9.117291000229603,4022486776,8045010912,635178507008,4022468096,1415.5933170000026,1416.857887999413
nymeria,cpu,bottleneck,nymeria__only_trajectory__qwen3_4b,qwen3_4b,only_trajectory,46164,184656,12126848,2736,28276,17888,0.39336999998340616,3.1871000003511902,11.475381000385923,4029154900,8071683408,1461554212096,4029108736,1620.0472999998965,1623.3867539995117
nymeria,cpu,tokenlearner,nymeria__only_trajectory__qwen3_4b,qwen3_4b,only_trajectory,50276,201104,3480192,4400,27636,22640,0.27902000010726624,3.4360599997807,12.818509999287489,4029159012,8071699856,746197568768,4029108736,1471.5968470000007,1473.8198700001703
nymeria,cpu,posthoc_vq,nymeria__only_trajectory__qwen3_4b,qwen3_4b,only_trajectory,65476,261904,12323456,800,31732,33744,0.43944000026385766,2.947150000633119,10.325401000941056,4029174212,8071760656,1461554408704,4029108736,1620.0472999998965,1623.9332339996508
nymeria,cpu,joint_vq,nymeria__only_trajectory__qwen3_4b,qwen3_4b,only_trajectory,74980,299920,3611264,332,31732,43248,0.3497099996820907,2.7959499999599995,10.007490000175771,4029183716,8071798672,746197699840,4029108736,1471.5968470000007,1474.4099589997859
nymeria,cpu,deepconvlstm,nymeria__only_trajectory__qwen3_4b,qwen3_4b,only_trajectory,37530,150120,2336896,391456,37530,0,0.8294609997392399,81.19013099993788,322.1531509997053,4029146266,8071648872,746196425472,4029108736,1471.5968470000007,1473.317789000248
nymeria,cpu,unrestricted_bank,nymeria__only_trajectory__qwen3_4b,qwen3_4b,only_trajectory,75492,301968,3807872,332,31732,43760,0.29896099977122503,2.663430999870185,9.642400999423721,4029184228,8071800720,746197896448,4029108736,1471.5968470000007,1474.0118790000452
nymeria,cpu,separate_banks,nymeria__only_trajectory__qwen3_4b,qwen3_4b,only_trajectory,62820,251280,3611264,332,31732,31088,0.3532800001266878,2.7185899999825107,9.70264099991737,4029171556,8071750032,746197699840,4029108736,1471.5968470000007,1474.0651890001573
nymeria,cpu,fixed_resampling,nymeria__only_trajectory__qwen3_4b,qwen3_4b,only_trajectory,62820,251280,3593344,332,31732,31088,0.340789999881963,2.647110000122053,9.440040999420766,4029171556,8071750032,746197681920,4029108736,1471.5968470000007,1473.7517090002257
nymeria,cpu,finetune_encoders,nymeria__only_trajectory__qwen3_4b,qwen3_4b,only_trajectory,62820,251280,3611264,332,31732,31088,0.3420799998821167,2.7257799998881875,9.717700999358662,4029171556,8071750032,746197699840,4029108736,1471.5968470000007,1474.070049000602
nymeria,cpu,no_alignment,nymeria__only_trajectory__qwen3_4b,qwen3_4b,only_trajectory,62820,251280,3611264,332,31732,31088,0.3423299999667506,2.7171100001726938,9.689370999736006,4029171556,8071750032,746197699840,4029108736,1471.5968470000007,1474.0549890002512
nymeria,cpu,no_usage,nymeria__only_trajectory__qwen3_4b,qwen3_4b,only_trajectory,62820,251280,3611264,332,31732,31088,0.34231000017825863,2.7149100002464603,9.697882001132989,4029171556,8071750032,746197699840,4029108736,1471.5968470000007,1474.0603499999452
nymeria,cpu,tcn,nymeria__only_trajectory__qwen3_4b,qwen3_4b,only_trajectory,14820,59280,891264,391456,14820,0,0.8347610000782879,81.19610100001262,322.16046100061567,4029123556,8071558032,746194979840,4029108736,1471.5968470000007,1473.3660189999682
nymeria,cpu,ts_transformer,nymeria__only_trajectory__qwen3_4b,qwen3_4b,only_trajectory,27684,110736,1939840,391456,27684,0,0.867260000177339,81.22764000025961,322.18680000037557,4029136420,8071609488,746196028416,4029108736,1471.5968470000007,1473.4007479992215
nymeria,cpu,patchtst,nymeria__only_trajectory__qwen3_4b,qwen3_4b,only_trajectory,26916,107664,10108672,391456,26916,0,1.0032109998974192,81.36350099956724,322.32294099945057,4029135652,8071606416,561699874048,4029108736,1359.199905999958,1360.8434779998788
